Command line invocation:
    /Applications/Xcode_26.5.app/Contents/Developer/usr/bin/xcodebuild -project MyRAM.xcodeproj -scheme MyRAMMac -destination platform=macOS -parallel-testing-enabled NO -derivedDataPath /tmp/MYR175-Clean-Mac-DD -resultBundlePath /tmp/MYR175-Clean-Mac.xcresult DEVELOPMENT_TEAM= CODE_SIGN_STYLE=Manual CODE_SIGN_IDENTITY=- AD_HOC_CODE_SIGNING_ALLOWED=YES PROVISIONING_PROFILE= PROVISIONING_PROFILE_SPECIFIER= test

Build settings from command line:
    AD_HOC_CODE_SIGNING_ALLOWED = YES
    CODE_SIGN_IDENTITY = -
    CODE_SIGN_STYLE = Manual
    DEVELOPMENT_TEAM = 
    PROVISIONING_PROFILE = 
    PROVISIONING_PROFILE_SPECIFIER = 

Resolve Package Graph


Resolved source packages:
  AnchoredSequenceCore: /Users/runner/work/MyRAM-iOS/MyRAM-iOS/MyRAM-iOS/Packages/AnchoredSequenceCore @ local
  NearbySyncCore: /Users/runner/work/MyRAM-iOS/MyRAM-iOS/NearbySyncCore @ local

Writing result bundle at path:
	/tmp/MYR175-Clean-Mac.xcresult

--- xcodebuild: WARNING: Using the first of multiple matching destinations:
{ platform:macOS, arch:arm64, id:ad36c1360f0103c784d35511d925356fa3f69b03, name:My Mac }
{ platform:macOS, arch:x86_64, id:ad36c1360f0103c784d35511d925356fa3f69b03, name:My Mac }
note: Using codesigning identity override: -
ComputePackagePrebuildTargetDependencyGraph

Prepare packages

CreateBuildRequest

SendProjectDescription

CreateBuildOperation

ComputeTargetDependencyGraph
note: Building targets in dependency order
note: Target dependency graph (7 targets)
    Target 'MyRAMMacTests' in project 'MyRAM'
        ➜ Explicit dependency on target 'MyRAMMac' in project 'MyRAM'
        ➜ Explicit dependency on target 'AnchoredSequenceCore' in project 'AnchoredSequenceCore'
    Target 'MyRAMMac' in project 'MyRAM'
        ➜ Explicit dependency on target 'MyRAMMacWidgetExtension' in project 'MyRAM'
        ➜ Explicit dependency on target 'NearbySyncCore' in project 'NearbySyncCore'
        ➜ Explicit dependency on target 'AnchoredSequenceCore' in project 'AnchoredSequenceCore'
    Target 'AnchoredSequenceCore' in project 'AnchoredSequenceCore'
        ➜ Explicit dependency on target 'AnchoredSequenceCore' in project 'AnchoredSequenceCore'
    Target 'AnchoredSequenceCore' in project 'AnchoredSequenceCore' (no dependencies)
    Target 'NearbySyncCore' in project 'NearbySyncCore'
        ➜ Explicit dependency on target 'NearbySyncCore' in project 'NearbySyncCore'
    Target 'NearbySyncCore' in project 'NearbySyncCore' (no dependencies)
    Target 'MyRAMMacWidgetExtension' in project 'MyRAM' (no dependencies)

GatherProvisioningInputs

CreateBuildDescription

ExecuteExternalTool /Applications/Xcode_26.5.app/Contents/Developer/Toolchains/XcodeDefault.xctoolchain/usr/bin/swiftc --version

ExecuteExternalTool /Applications/Xcode_26.5.app/Contents/Developer/usr/bin/actool --version --output-format xml1

ExecuteExternalTool /Applications/Xcode_26.5.app/Contents/Developer/Toolchains/XcodeDefault.xctoolchain/usr/bin/ld -version_details

ExecuteExternalTool /Applications/Xcode_26.5.app/Contents/Developer/Toolchains/XcodeDefault.xctoolchain/usr/bin/clang -v -E -dM -isysroot /Applications/Xcode_26.5.app/Contents/Developer/Platforms/MacOSX.platform/Developer/SDKs/MacOSX26.5.sdk -x c -c /dev/null

Build description signature: 09b0f239661eb2570d15573817a86034
Build description path: /tmp/MYR175-Clean-Mac-DD/Build/Intermediates.noindex/XCBuildData/09b0f239661eb2570d15573817a86034.xcbuilddata
ClangStatCache /Applications/Xcode_26.5.app/Contents/Developer/Toolchains/XcodeDefault.xctoolchain/usr/bin/clang-stat-cache /Applications/Xcode_26.5.app/Contents/Developer/Platforms/MacOSX.platform/Developer/SDKs/MacOSX26.5.sdk /tmp/MYR175-Clean-Mac-DD/SDKStatCaches.noindex/macosx26.5-25F70-688ef53f1462e2c8f657fdc38a81448f3599ee76dc2a8020dfcb4b41ead48a8c.sdkstatcache
    cd /Users/runner/work/MyRAM-iOS/MyRAM-iOS/MyRAM-iOS/MyRAM.xcodeproj
    /Applications/Xcode_26.5.app/Contents/Developer/Toolchains/XcodeDefault.xctoolchain/usr/bin/clang-stat-cache /Applications/Xcode_26.5.app/Contents/Developer/Platforms/MacOSX.platform/Developer/SDKs/MacOSX26.5.sdk -o /tmp/MYR175-Clean-Mac-DD/SDKStatCaches.noindex/macosx26.5-25F70-688ef53f1462e2c8f657fdc38a81448f3599ee76dc2a8020dfcb4b41ead48a8c.sdkstatcache

CreateBuildDirectory /tmp/MYR175-Clean-Mac-DD/Build/Products
    cd /Users/runner/work/MyRAM-iOS/MyRAM-iOS/MyRAM-iOS/MyRAM.xcodeproj
    builtin-create-build-directory /tmp/MYR175-Clean-Mac-DD/Build/Products

CreateBuildDirectory /tmp/MYR175-Clean-Mac-DD/Build/Intermediates.noindex
    cd /Users/runner/work/MyRAM-iOS/MyRAM-iOS/MyRAM-iOS/MyRAM.xcodeproj
    builtin-create-build-directory /tmp/MYR175-Clean-Mac-DD/Build/Intermediates.noindex

WriteAuxiliaryFile /tmp/MYR175-Clean-Mac-DD/Build/Intermediates.noindex/MyRAM.build/Debug/MyRAM-98a9cbde253e8e955bc92731eb290203-VFS/all-product-headers.yaml
    cd /Users/runner/work/MyRAM-iOS/MyRAM-iOS/MyRAM-iOS/MyRAM.xcodeproj
    write-file /tmp/MYR175-Clean-Mac-DD/Build/Intermediates.noindex/MyRAM.build/Debug/MyRAM-98a9cbde253e8e955bc92731eb290203-VFS/all-product-headers.yaml

CreateBuildDirectory /tmp/MYR175-Clean-Mac-DD/Build/Products/Debug
    cd /Users/runner/work/MyRAM-iOS/MyRAM-iOS/MyRAM-iOS/MyRAM.xcodeproj
    builtin-create-build-directory /tmp/MYR175-Clean-Mac-DD/Build/Products/Debug

CreateBuildDirectory /tmp/MYR175-Clean-Mac-DD/Build/Intermediates.noindex/SwiftExplicitPrecompiledModules
    cd /Users/runner/work/MyRAM-iOS/MyRAM-iOS/MyRAM-iOS/MyRAM.xcodeproj
    builtin-create-build-directory /tmp/MYR175-Clean-Mac-DD/Build/Intermediates.noindex/SwiftExplicitPrecompiledModules

CreateBuildDirectory /tmp/MYR175-Clean-Mac-DD/Build/Intermediates.noindex/ExplicitPrecompiledModules
    cd /Users/runner/work/MyRAM-iOS/MyRAM-iOS/MyRAM-iOS/MyRAM.xcodeproj
    builtin-create-build-directory /tmp/MYR175-Clean-Mac-DD/Build/Intermediates.noindex/ExplicitPrecompiledModules

CreateBuildDirectory /tmp/MYR175-Clean-Mac-DD/Build/Intermediates.noindex/EagerLinkingTBDs/Debug
    cd /Users/runner/work/MyRAM-iOS/MyRAM-iOS/MyRAM-iOS/MyRAM.xcodeproj
    builtin-create-build-directory /tmp/MYR175-Clean-Mac-DD/Build/Intermediates.noindex/EagerLinkingTBDs/Debug

CreateBuildDirectory /tmp/MYR175-Clean-Mac-DD/Build/Products/Debug/PackageFrameworks
    cd /Users/runner/work/MyRAM-iOS/MyRAM-iOS/MyRAM-iOS/MyRAM.xcodeproj
    builtin-create-build-directory /tmp/MYR175-Clean-Mac-DD/Build/Products/Debug/PackageFrameworks

WriteAuxiliaryFile /tmp/MYR175-Clean-Mac-DD/Build/Intermediates.noindex/AnchoredSequenceCore.build/Debug/AnchoredSequenceCore.build/Objects-normal/arm64/AnchoredSequenceCore_const_extract_protocols.json (in target 'AnchoredSequenceCore' from project 'AnchoredSequenceCore')
    cd /Users/runner/work/MyRAM-iOS/MyRAM-iOS/MyRAM-iOS/Packages/AnchoredSequenceCore
    write-file /tmp/MYR175-Clean-Mac-DD/Build/Intermediates.noindex/AnchoredSequenceCore.build/Debug/AnchoredSequenceCore.build/Objects-normal/arm64/AnchoredSequenceCore_const_extract_protocols.json

WriteAuxiliaryFile /tmp/MYR175-Clean-Mac-DD/Build/Intermediates.noindex/NearbySyncCore.build/Debug/NearbySyncCore.build/Objects-normal/arm64/NearbySyncCore_const_extract_protocols.json (in target 'NearbySyncCore' from project 'NearbySyncCore')
    cd /Users/runner/work/MyRAM-iOS/MyRAM-iOS/NearbySyncCore
    write-file /tmp/MYR175-Clean-Mac-DD/Build/Intermediates.noindex/NearbySyncCore.build/Debug/NearbySyncCore.build/Objects-normal/arm64/NearbySyncCore_const_extract_protocols.json

WriteAuxiliaryFile /tmp/MYR175-Clean-Mac-DD/Build/Intermediates.noindex/NearbySyncCore.build/Debug/NearbySyncCore.build/Objects-normal/arm64/NearbySyncCore.SwiftFileList (in target 'NearbySyncCore' from project 'NearbySyncCore')
    cd /Users/runner/work/MyRAM-iOS/MyRAM-iOS/NearbySyncCore
    write-file /tmp/MYR175-Clean-Mac-DD/Build/Intermediates.noindex/NearbySyncCore.build/Debug/NearbySyncCore.build/Objects-normal/arm64/NearbySyncCore.SwiftFileList

WriteAuxiliaryFile /tmp/MYR175-Clean-Mac-DD/Build/Intermediates.noindex/NearbySyncCore.build/Debug/NearbySyncCore.build/Objects-normal/arm64/NearbySyncCore.SwiftConstValuesFileList (in target 'NearbySyncCore' from project 'NearbySyncCore')
    cd /Users/runner/work/MyRAM-iOS/MyRAM-iOS/NearbySyncCore
    write-file /tmp/MYR175-Clean-Mac-DD/Build/Intermediates.noindex/NearbySyncCore.build/Debug/NearbySyncCore.build/Objects-normal/arm64/NearbySyncCore.SwiftConstValuesFileList

WriteAuxiliaryFile /tmp/MYR175-Clean-Mac-DD/Build/Intermediates.noindex/NearbySyncCore.build/Debug/NearbySyncCore.build/Objects-normal/arm64/NearbySyncCore.LinkFileList (in target 'NearbySyncCore' from project 'NearbySyncCore')
    cd /Users/runner/work/MyRAM-iOS/MyRAM-iOS/NearbySyncCore
    write-file /tmp/MYR175-Clean-Mac-DD/Build/Intermediates.noindex/NearbySyncCore.build/Debug/NearbySyncCore.build/Objects-normal/arm64/NearbySyncCore.LinkFileList

WriteAuxiliaryFile /tmp/MYR175-Clean-Mac-DD/Build/Intermediates.noindex/NearbySyncCore.build/Debug/NearbySyncCore.build/Objects-normal/arm64/NearbySyncCore-OutputFileMap.json (in target 'NearbySyncCore' from project 'NearbySyncCore')
    cd /Users/runner/work/MyRAM-iOS/MyRAM-iOS/NearbySyncCore
    write-file /tmp/MYR175-Clean-Mac-DD/Build/Intermediates.noindex/NearbySyncCore.build/Debug/NearbySyncCore.build/Objects-normal/arm64/NearbySyncCore-OutputFileMap.json

WriteAuxiliaryFile /tmp/MYR175-Clean-Mac-DD/Build/Intermediates.noindex/NearbySyncCore.build/Debug/NearbySyncCore.build/NearbySyncCore.modulemap (in target 'NearbySyncCore' from project 'NearbySyncCore')
    cd /Users/runner/work/MyRAM-iOS/MyRAM-iOS/NearbySyncCore
    write-file /tmp/MYR175-Clean-Mac-DD/Build/Intermediates.noindex/NearbySyncCore.build/Debug/NearbySyncCore.build/NearbySyncCore.modulemap

WriteAuxiliaryFile /tmp/MYR175-Clean-Mac-DD/Build/Intermediates.noindex/NearbySyncCore.build/Debug/NearbySyncCore.build/NearbySyncCore.DependencyStaticMetadataFileList (in target 'NearbySyncCore' from project 'NearbySyncCore')
    cd /Users/runner/work/MyRAM-iOS/MyRAM-iOS/NearbySyncCore
    write-file /tmp/MYR175-Clean-Mac-DD/Build/Intermediates.noindex/NearbySyncCore.build/Debug/NearbySyncCore.build/NearbySyncCore.DependencyStaticMetadataFileList

WriteAuxiliaryFile /tmp/MYR175-Clean-Mac-DD/Build/Intermediates.noindex/NearbySyncCore.build/Debug/NearbySyncCore.build/NearbySyncCore.DependencyMetadataFileList (in target 'NearbySyncCore' from project 'NearbySyncCore')
    cd /Users/runner/work/MyRAM-iOS/MyRAM-iOS/NearbySyncCore
    write-file /tmp/MYR175-Clean-Mac-DD/Build/Intermediates.noindex/NearbySyncCore.build/Debug/NearbySyncCore.build/NearbySyncCore.DependencyMetadataFileList

WriteAuxiliaryFile /tmp/MYR175-Clean-Mac-DD/Build/Intermediates.noindex/MyRAM.build/Debug/MyRAMMacWidgetExtension.build/Objects-normal/arm64/MyRAMMacWidgetExtension_const_extract_protocols.json (in target 'MyRAMMacWidgetExtension' from project 'MyRAM')
    cd /Users/runner/work/MyRAM-iOS/MyRAM-iOS/MyRAM-iOS
    write-file /tmp/MYR175-Clean-Mac-DD/Build/Intermediates.noindex/MyRAM.build/Debug/MyRAMMacWidgetExtension.build/Objects-normal/arm64/MyRAMMacWidgetExtension_const_extract_protocols.json

WriteAuxiliaryFile /tmp/MYR175-Clean-Mac-DD/Build/Intermediates.noindex/MyRAM.build/Debug/MyRAMMacWidgetExtension.build/Objects-normal/arm64/MyRAMMacWidgetExtension.SwiftFileList (in target 'MyRAMMacWidgetExtension' from project 'MyRAM')
    cd /Users/runner/work/MyRAM-iOS/MyRAM-iOS/MyRAM-iOS
    write-file /tmp/MYR175-Clean-Mac-DD/Build/Intermediates.noindex/MyRAM.build/Debug/MyRAMMacWidgetExtension.build/Objects-normal/arm64/MyRAMMacWidgetExtension.SwiftFileList

WriteAuxiliaryFile /tmp/MYR175-Clean-Mac-DD/Build/Intermediates.noindex/MyRAM.build/Debug/MyRAMMacWidgetExtension.build/Objects-normal/arm64/MyRAMMacWidgetExtension.SwiftConstValuesFileList (in target 'MyRAMMacWidgetExtension' from project 'MyRAM')
    cd /Users/runner/work/MyRAM-iOS/MyRAM-iOS/MyRAM-iOS
    write-file /tmp/MYR175-Clean-Mac-DD/Build/Intermediates.noindex/MyRAM.build/Debug/MyRAMMacWidgetExtension.build/Objects-normal/arm64/MyRAMMacWidgetExtension.SwiftConstValuesFileList

WriteAuxiliaryFile /tmp/MYR175-Clean-Mac-DD/Build/Intermediates.noindex/MyRAM.build/Debug/MyRAMMacWidgetExtension.build/Objects-normal/arm64/MyRAMMacWidgetExtension.LinkFileList (in target 'MyRAMMacWidgetExtension' from project 'MyRAM')
    cd /Users/runner/work/MyRAM-iOS/MyRAM-iOS/MyRAM-iOS
    write-file /tmp/MYR175-Clean-Mac-DD/Build/Intermediates.noindex/MyRAM.build/Debug/MyRAMMacWidgetExtension.build/Objects-normal/arm64/MyRAMMacWidgetExtension.LinkFileList

WriteAuxiliaryFile /tmp/MYR175-Clean-Mac-DD/Build/Intermediates.noindex/MyRAM.build/Debug/MyRAMMacWidgetExtension.build/Objects-normal/arm64/MyRAMMacWidgetExtension-OutputFileMap.json (in target 'MyRAMMacWidgetExtension' from project 'MyRAM')
    cd /Users/runner/work/MyRAM-iOS/MyRAM-iOS/MyRAM-iOS
    write-file /tmp/MYR175-Clean-Mac-DD/Build/Intermediates.noindex/MyRAM.build/Debug/MyRAMMacWidgetExtension.build/Objects-normal/arm64/MyRAMMacWidgetExtension-OutputFileMap.json

WriteAuxiliaryFile /tmp/MYR175-Clean-Mac-DD/Build/Intermediates.noindex/MyRAM.build/Debug/MyRAMMacWidgetExtension.build/MyRAMMacWidgetExtension.hmap (in target 'MyRAMMacWidgetExtension' from project 'MyRAM')
    cd /Users/runner/work/MyRAM-iOS/MyRAM-iOS/MyRAM-iOS
    write-file /tmp/MYR175-Clean-Mac-DD/Build/Intermediates.noindex/MyRAM.build/Debug/MyRAMMacWidgetExtension.build/MyRAMMacWidgetExtension.hmap

WriteAuxiliaryFile /tmp/MYR175-Clean-Mac-DD/Build/Intermediates.noindex/MyRAM.build/Debug/MyRAMMacWidgetExtension.build/MyRAMMacWidgetExtension.DependencyStaticMetadataFileList (in target 'MyRAMMacWidgetExtension' from project 'MyRAM')
    cd /Users/runner/work/MyRAM-iOS/MyRAM-iOS/MyRAM-iOS
    write-file /tmp/MYR175-Clean-Mac-DD/Build/Intermediates.noindex/MyRAM.build/Debug/MyRAMMacWidgetExtension.build/MyRAMMacWidgetExtension.DependencyStaticMetadataFileList

WriteAuxiliaryFile /tmp/MYR175-Clean-Mac-DD/Build/Intermediates.noindex/MyRAM.build/Debug/MyRAMMacWidgetExtension.build/MyRAMMacWidgetExtension.DependencyMetadataFileList (in target 'MyRAMMacWidgetExtension' from project 'MyRAM')
    cd /Users/runner/work/MyRAM-iOS/MyRAM-iOS/MyRAM-iOS
    write-file /tmp/MYR175-Clean-Mac-DD/Build/Intermediates.noindex/MyRAM.build/Debug/MyRAMMacWidgetExtension.build/MyRAMMacWidgetExtension.DependencyMetadataFileList

WriteAuxiliaryFile /tmp/MYR175-Clean-Mac-DD/Build/Intermediates.noindex/MyRAM.build/Debug/MyRAMMacWidgetExtension.build/MyRAMMacWidgetExtension-project-headers.hmap (in target 'MyRAMMacWidgetExtension' from project 'MyRAM')
    cd /Users/runner/work/MyRAM-iOS/MyRAM-iOS/MyRAM-iOS
    write-file /tmp/MYR175-Clean-Mac-DD/Build/Intermediates.noindex/MyRAM.build/Debug/MyRAMMacWidgetExtension.build/MyRAMMacWidgetExtension-project-headers.hmap

WriteAuxiliaryFile /tmp/MYR175-Clean-Mac-DD/Build/Intermediates.noindex/MyRAM.build/Debug/MyRAMMacWidgetExtension.build/MyRAMMacWidgetExtension-own-target-headers.hmap (in target 'MyRAMMacWidgetExtension' from project 'MyRAM')
    cd /Users/runner/work/MyRAM-iOS/MyRAM-iOS/MyRAM-iOS
    write-file /tmp/MYR175-Clean-Mac-DD/Build/Intermediates.noindex/MyRAM.build/Debug/MyRAMMacWidgetExtension.build/MyRAMMacWidgetExtension-own-target-headers.hmap

WriteAuxiliaryFile /tmp/MYR175-Clean-Mac-DD/Build/Intermediates.noindex/MyRAM.build/Debug/MyRAMMacWidgetExtension.build/MyRAMMacWidgetExtension-generated-files.hmap (in target 'MyRAMMacWidgetExtension' from project 'MyRAM')
    cd /Users/runner/work/MyRAM-iOS/MyRAM-iOS/MyRAM-iOS
    write-file /tmp/MYR175-Clean-Mac-DD/Build/Intermediates.noindex/MyRAM.build/Debug/MyRAMMacWidgetExtension.build/MyRAMMacWidgetExtension-generated-files.hmap

WriteAuxiliaryFile /tmp/MYR175-Clean-Mac-DD/Build/Intermediates.noindex/MyRAM.build/Debug/MyRAMMacWidgetExtension.build/MyRAMMacWidgetExtension-all-target-headers.hmap (in target 'MyRAMMacWidgetExtension' from project 'MyRAM')
    cd /Users/runner/work/MyRAM-iOS/MyRAM-iOS/MyRAM-iOS
    write-file /tmp/MYR175-Clean-Mac-DD/Build/Intermediates.noindex/MyRAM.build/Debug/MyRAMMacWidgetExtension.build/MyRAMMacWidgetExtension-all-target-headers.hmap

Copy /tmp/MYR175-Clean-Mac-DD/Build/Intermediates.noindex/GeneratedModuleMaps/NearbySyncCore.modulemap /tmp/MYR175-Clean-Mac-DD/Build/Intermediates.noindex/NearbySyncCore.build/Debug/NearbySyncCore.build/NearbySyncCore.modulemap (in target 'NearbySyncCore' from project 'NearbySyncCore')
    cd /Users/runner/work/MyRAM-iOS/MyRAM-iOS/NearbySyncCore
    builtin-copy -exclude .DS_Store -exclude CVS -exclude .svn -exclude .git -exclude .hg -resolve-src-symlinks /tmp/MYR175-Clean-Mac-DD/Build/Intermediates.noindex/NearbySyncCore.build/Debug/NearbySyncCore.build/NearbySyncCore.modulemap /tmp/MYR175-Clean-Mac-DD/Build/Intermediates.noindex/GeneratedModuleMaps

WriteAuxiliaryFile /tmp/MYR175-Clean-Mac-DD/Build/Intermediates.noindex/MyRAM.build/Debug/MyRAMMacWidgetExtension.build/MyRAMMacWidgetExtension-all-non-framework-target-headers.hmap (in target 'MyRAMMacWidgetExtension' from project 'MyRAM')
    cd /Users/runner/work/MyRAM-iOS/MyRAM-iOS/MyRAM-iOS
    write-file /tmp/MYR175-Clean-Mac-DD/Build/Intermediates.noindex/MyRAM.build/Debug/MyRAMMacWidgetExtension.build/MyRAMMacWidgetExtension-all-non-framework-target-headers.hmap

WriteAuxiliaryFile /tmp/MYR175-Clean-Mac-DD/Build/Intermediates.noindex/MyRAM.build/Debug/MyRAMMacWidgetExtension.build/MyRAMMacWidgetExtension-DebugEntryPoint-normal-arm64.txt (in target 'MyRAMMacWidgetExtension' from project 'MyRAM')
    cd /Users/runner/work/MyRAM-iOS/MyRAM-iOS/MyRAM-iOS
    write-file /tmp/MYR175-Clean-Mac-DD/Build/Intermediates.noindex/MyRAM.build/Debug/MyRAMMacWidgetExtension.build/MyRAMMacWidgetExtension-DebugEntryPoint-normal-arm64.txt

WriteAuxiliaryFile /tmp/MYR175-Clean-Mac-DD/Build/Intermediates.noindex/MyRAM.build/Debug/MyRAMMacWidgetExtension.build/MyRAMMacWidgetExtension-DebugDylibPath-normal-arm64.txt (in target 'MyRAMMacWidgetExtension' from project 'MyRAM')
    cd /Users/runner/work/MyRAM-iOS/MyRAM-iOS/MyRAM-iOS
    write-file /tmp/MYR175-Clean-Mac-DD/Build/Intermediates.noindex/MyRAM.build/Debug/MyRAMMacWidgetExtension.build/MyRAMMacWidgetExtension-DebugDylibPath-normal-arm64.txt

WriteAuxiliaryFile /tmp/MYR175-Clean-Mac-DD/Build/Intermediates.noindex/MyRAM.build/Debug/MyRAMMacWidgetExtension.build/MyRAMMacWidgetExtension-DebugDylibInstallName-normal-arm64.txt (in target 'MyRAMMacWidgetExtension' from project 'MyRAM')
    cd /Users/runner/work/MyRAM-iOS/MyRAM-iOS/MyRAM-iOS
    write-file /tmp/MYR175-Clean-Mac-DD/Build/Intermediates.noindex/MyRAM.build/Debug/MyRAMMacWidgetExtension.build/MyRAMMacWidgetExtension-DebugDylibInstallName-normal-arm64.txt

WriteAuxiliaryFile /tmp/MYR175-Clean-Mac-DD/Build/Intermediates.noindex/MyRAM.build/Debug/MyRAMMacWidgetExtension.build/DerivedSources/Entitlements.plist (in target 'MyRAMMacWidgetExtension' from project 'MyRAM')
    cd /Users/runner/work/MyRAM-iOS/MyRAM-iOS/MyRAM-iOS
    write-file /tmp/MYR175-Clean-Mac-DD/Build/Intermediates.noindex/MyRAM.build/Debug/MyRAMMacWidgetExtension.build/DerivedSources/Entitlements.plist

WriteAuxiliaryFile /tmp/MYR175-Clean-Mac-DD/Build/Intermediates.noindex/MyRAM.build/Debug/MyRAMMacTests.build/empty-MyRAMMacTests.plist (in target 'MyRAMMacTests' from project 'MyRAM')
    cd /Users/runner/work/MyRAM-iOS/MyRAM-iOS/MyRAM-iOS
    write-file /tmp/MYR175-Clean-Mac-DD/Build/Intermediates.noindex/MyRAM.build/Debug/MyRAMMacTests.build/empty-MyRAMMacTests.plist

WriteAuxiliaryFile /tmp/MYR175-Clean-Mac-DD/Build/Intermediates.noindex/MyRAM.build/Debug/MyRAMMacTests.build/Objects-normal/arm64/MyRAMMacTests_const_extract_protocols.json (in target 'MyRAMMacTests' from project 'MyRAM')
    cd /Users/runner/work/MyRAM-iOS/MyRAM-iOS/MyRAM-iOS
    write-file /tmp/MYR175-Clean-Mac-DD/Build/Intermediates.noindex/MyRAM.build/Debug/MyRAMMacTests.build/Objects-normal/arm64/MyRAMMacTests_const_extract_protocols.json

WriteAuxiliaryFile /tmp/MYR175-Clean-Mac-DD/Build/Intermediates.noindex/MyRAM.build/Debug/MyRAMMacTests.build/Objects-normal/arm64/MyRAMMacTests.SwiftFileList (in target 'MyRAMMacTests' from project 'MyRAM')
    cd /Users/runner/work/MyRAM-iOS/MyRAM-iOS/MyRAM-iOS
    write-file /tmp/MYR175-Clean-Mac-DD/Build/Intermediates.noindex/MyRAM.build/Debug/MyRAMMacTests.build/Objects-normal/arm64/MyRAMMacTests.SwiftFileList

WriteAuxiliaryFile /tmp/MYR175-Clean-Mac-DD/Build/Intermediates.noindex/MyRAM.build/Debug/MyRAMMacTests.build/Objects-normal/arm64/MyRAMMacTests.SwiftConstValuesFileList (in target 'MyRAMMacTests' from project 'MyRAM')
    cd /Users/runner/work/MyRAM-iOS/MyRAM-iOS/MyRAM-iOS
    write-file /tmp/MYR175-Clean-Mac-DD/Build/Intermediates.noindex/MyRAM.build/Debug/MyRAMMacTests.build/Objects-normal/arm64/MyRAMMacTests.SwiftConstValuesFileList

WriteAuxiliaryFile /tmp/MYR175-Clean-Mac-DD/Build/Intermediates.noindex/MyRAM.build/Debug/MyRAMMacTests.build/Objects-normal/arm64/MyRAMMacTests.LinkFileList (in target 'MyRAMMacTests' from project 'MyRAM')
    cd /Users/runner/work/MyRAM-iOS/MyRAM-iOS/MyRAM-iOS
    write-file /tmp/MYR175-Clean-Mac-DD/Build/Intermediates.noindex/MyRAM.build/Debug/MyRAMMacTests.build/Objects-normal/arm64/MyRAMMacTests.LinkFileList

WriteAuxiliaryFile /tmp/MYR175-Clean-Mac-DD/Build/Intermediates.noindex/MyRAM.build/Debug/MyRAMMacTests.build/Objects-normal/arm64/MyRAMMacTests-OutputFileMap.json (in target 'MyRAMMacTests' from project 'MyRAM')
    cd /Users/runner/work/MyRAM-iOS/MyRAM-iOS/MyRAM-iOS
    write-file /tmp/MYR175-Clean-Mac-DD/Build/Intermediates.noindex/MyRAM.build/Debug/MyRAMMacTests.build/Objects-normal/arm64/MyRAMMacTests-OutputFileMap.json

WriteAuxiliaryFile /tmp/MYR175-Clean-Mac-DD/Build/Intermediates.noindex/MyRAM.build/Debug/MyRAMMacTests.build/MyRAMMacTests.hmap (in target 'MyRAMMacTests' from project 'MyRAM')
    cd /Users/runner/work/MyRAM-iOS/MyRAM-iOS/MyRAM-iOS
    write-file /tmp/MYR175-Clean-Mac-DD/Build/Intermediates.noindex/MyRAM.build/Debug/MyRAMMacTests.build/MyRAMMacTests.hmap

WriteAuxiliaryFile /tmp/MYR175-Clean-Mac-DD/Build/Intermediates.noindex/MyRAM.build/Debug/MyRAMMacTests.build/MyRAMMacTests.DependencyStaticMetadataFileList (in target 'MyRAMMacTests' from project 'MyRAM')
    cd /Users/runner/work/MyRAM-iOS/MyRAM-iOS/MyRAM-iOS
    write-file /tmp/MYR175-Clean-Mac-DD/Build/Intermediates.noindex/MyRAM.build/Debug/MyRAMMacTests.build/MyRAMMacTests.DependencyStaticMetadataFileList

WriteAuxiliaryFile /tmp/MYR175-Clean-Mac-DD/Build/Intermediates.noindex/MyRAM.build/Debug/MyRAMMacTests.build/MyRAMMacTests.DependencyMetadataFileList (in target 'MyRAMMacTests' from project 'MyRAM')
    cd /Users/runner/work/MyRAM-iOS/MyRAM-iOS/MyRAM-iOS
    write-file /tmp/MYR175-Clean-Mac-DD/Build/Intermediates.noindex/MyRAM.build/Debug/MyRAMMacTests.build/MyRAMMacTests.DependencyMetadataFileList

WriteAuxiliaryFile /tmp/MYR175-Clean-Mac-DD/Build/Intermediates.noindex/MyRAM.build/Debug/MyRAMMacTests.build/MyRAMMacTests-project-headers.hmap (in target 'MyRAMMacTests' from project 'MyRAM')
    cd /Users/runner/work/MyRAM-iOS/MyRAM-iOS/MyRAM-iOS
    write-file /tmp/MYR175-Clean-Mac-DD/Build/Intermediates.noindex/MyRAM.build/Debug/MyRAMMacTests.build/MyRAMMacTests-project-headers.hmap

WriteAuxiliaryFile /tmp/MYR175-Clean-Mac-DD/Build/Intermediates.noindex/MyRAM.build/Debug/MyRAMMacTests.build/MyRAMMacTests-own-target-headers.hmap (in target 'MyRAMMacTests' from project 'MyRAM')
    cd /Users/runner/work/MyRAM-iOS/MyRAM-iOS/MyRAM-iOS
    write-file /tmp/MYR175-Clean-Mac-DD/Build/Intermediates.noindex/MyRAM.build/Debug/MyRAMMacTests.build/MyRAMMacTests-own-target-headers.hmap

WriteAuxiliaryFile /tmp/MYR175-Clean-Mac-DD/Build/Intermediates.noindex/MyRAM.build/Debug/MyRAMMacTests.build/MyRAMMacTests-generated-files.hmap (in target 'MyRAMMacTests' from project 'MyRAM')
    cd /Users/runner/work/MyRAM-iOS/MyRAM-iOS/MyRAM-iOS
    write-file /tmp/MYR175-Clean-Mac-DD/Build/Intermediates.noindex/MyRAM.build/Debug/MyRAMMacTests.build/MyRAMMacTests-generated-files.hmap

WriteAuxiliaryFile /tmp/MYR175-Clean-Mac-DD/Build/Intermediates.noindex/MyRAM.build/Debug/MyRAMMacTests.build/MyRAMMacTests-all-target-headers.hmap (in target 'MyRAMMacTests' from project 'MyRAM')
    cd /Users/runner/work/MyRAM-iOS/MyRAM-iOS/MyRAM-iOS
    write-file /tmp/MYR175-Clean-Mac-DD/Build/Intermediates.noindex/MyRAM.build/Debug/MyRAMMacTests.build/MyRAMMacTests-all-target-headers.hmap

WriteAuxiliaryFile /tmp/MYR175-Clean-Mac-DD/Build/Intermediates.noindex/MyRAM.build/Debug/MyRAMMacTests.build/MyRAMMacTests-all-non-framework-target-headers.hmap (in target 'MyRAMMacTests' from project 'MyRAM')
    cd /Users/runner/work/MyRAM-iOS/MyRAM-iOS/MyRAM-iOS
    write-file /tmp/MYR175-Clean-Mac-DD/Build/Intermediates.noindex/MyRAM.build/Debug/MyRAMMacTests.build/MyRAMMacTests-all-non-framework-target-headers.hmap

WriteAuxiliaryFile /tmp/MYR175-Clean-Mac-DD/Build/Intermediates.noindex/MyRAM.build/Debug/MyRAMMac.build/Objects-normal/arm64/MyRAMMac_const_extract_protocols.json (in target 'MyRAMMac' from project 'MyRAM')
    cd /Users/runner/work/MyRAM-iOS/MyRAM-iOS/MyRAM-iOS
    write-file /tmp/MYR175-Clean-Mac-DD/Build/Intermediates.noindex/MyRAM.build/Debug/MyRAMMac.build/Objects-normal/arm64/MyRAMMac_const_extract_protocols.json

WriteAuxiliaryFile /tmp/MYR175-Clean-Mac-DD/Build/Intermediates.noindex/MyRAM.build/Debug/MyRAMMac.build/Objects-normal/arm64/MyRAMMac.SwiftFileList (in target 'MyRAMMac' from project 'MyRAM')
    cd /Users/runner/work/MyRAM-iOS/MyRAM-iOS/MyRAM-iOS
    write-file /tmp/MYR175-Clean-Mac-DD/Build/Intermediates.noindex/MyRAM.build/Debug/MyRAMMac.build/Objects-normal/arm64/MyRAMMac.SwiftFileList

WriteAuxiliaryFile /tmp/MYR175-Clean-Mac-DD/Build/Intermediates.noindex/MyRAM.build/Debug/MyRAMMac.build/Objects-normal/arm64/MyRAMMac.SwiftConstValuesFileList (in target 'MyRAMMac' from project 'MyRAM')
    cd /Users/runner/work/MyRAM-iOS/MyRAM-iOS/MyRAM-iOS
    write-file /tmp/MYR175-Clean-Mac-DD/Build/Intermediates.noindex/MyRAM.build/Debug/MyRAMMac.build/Objects-normal/arm64/MyRAMMac.SwiftConstValuesFileList

WriteAuxiliaryFile /tmp/MYR175-Clean-Mac-DD/Build/Intermediates.noindex/MyRAM.build/Debug/MyRAMMac.build/Objects-normal/arm64/MyRAMMac.LinkFileList (in target 'MyRAMMac' from project 'MyRAM')
    cd /Users/runner/work/MyRAM-iOS/MyRAM-iOS/MyRAM-iOS
    write-file /tmp/MYR175-Clean-Mac-DD/Build/Intermediates.noindex/MyRAM.build/Debug/MyRAMMac.build/Objects-normal/arm64/MyRAMMac.LinkFileList

WriteAuxiliaryFile /tmp/MYR175-Clean-Mac-DD/Build/Intermediates.noindex/MyRAM.build/Debug/MyRAMMac.build/Objects-normal/arm64/MyRAMMac-OutputFileMap.json (in target 'MyRAMMac' from project 'MyRAM')
    cd /Users/runner/work/MyRAM-iOS/MyRAM-iOS/MyRAM-iOS
    write-file /tmp/MYR175-Clean-Mac-DD/Build/Intermediates.noindex/MyRAM.build/Debug/MyRAMMac.build/Objects-normal/arm64/MyRAMMac-OutputFileMap.json

WriteAuxiliaryFile /tmp/MYR175-Clean-Mac-DD/Build/Intermediates.noindex/MyRAM.build/Debug/MyRAMMac.build/MyRAMMac.hmap (in target 'MyRAMMac' from project 'MyRAM')
    cd /Users/runner/work/MyRAM-iOS/MyRAM-iOS/MyRAM-iOS
    write-file /tmp/MYR175-Clean-Mac-DD/Build/Intermediates.noindex/MyRAM.build/Debug/MyRAMMac.build/MyRAMMac.hmap

WriteAuxiliaryFile /tmp/MYR175-Clean-Mac-DD/Build/Intermediates.noindex/MyRAM.build/Debug/MyRAMMac.build/MyRAMMac.DependencyStaticMetadataFileList (in target 'MyRAMMac' from project 'MyRAM')
    cd /Users/runner/work/MyRAM-iOS/MyRAM-iOS/MyRAM-iOS
    write-file /tmp/MYR175-Clean-Mac-DD/Build/Intermediates.noindex/MyRAM.build/Debug/MyRAMMac.build/MyRAMMac.DependencyStaticMetadataFileList

WriteAuxiliaryFile /tmp/MYR175-Clean-Mac-DD/Build/Intermediates.noindex/MyRAM.build/Debug/MyRAMMac.build/MyRAMMac.DependencyMetadataFileList (in target 'MyRAMMac' from project 'MyRAM')
    cd /Users/runner/work/MyRAM-iOS/MyRAM-iOS/MyRAM-iOS
    write-file /tmp/MYR175-Clean-Mac-DD/Build/Intermediates.noindex/MyRAM.build/Debug/MyRAMMac.build/MyRAMMac.DependencyMetadataFileList

WriteAuxiliaryFile /tmp/MYR175-Clean-Mac-DD/Build/Intermediates.noindex/MyRAM.build/Debug/MyRAMMac.build/MyRAMMac-project-headers.hmap (in target 'MyRAMMac' from project 'MyRAM')
    cd /Users/runner/work/MyRAM-iOS/MyRAM-iOS/MyRAM-iOS
    write-file /tmp/MYR175-Clean-Mac-DD/Build/Intermediates.noindex/MyRAM.build/Debug/MyRAMMac.build/MyRAMMac-project-headers.hmap

WriteAuxiliaryFile /tmp/MYR175-Clean-Mac-DD/Build/Intermediates.noindex/MyRAM.build/Debug/MyRAMMac.build/MyRAMMac-own-target-headers.hmap (in target 'MyRAMMac' from project 'MyRAM')
    cd /Users/runner/work/MyRAM-iOS/MyRAM-iOS/MyRAM-iOS
    write-file /tmp/MYR175-Clean-Mac-DD/Build/Intermediates.noindex/MyRAM.build/Debug/MyRAMMac.build/MyRAMMac-own-target-headers.hmap

WriteAuxiliaryFile /tmp/MYR175-Clean-Mac-DD/Build/Intermediates.noindex/MyRAM.build/Debug/MyRAMMac.build/MyRAMMac-generated-files.hmap (in target 'MyRAMMac' from project 'MyRAM')
    cd /Users/runner/work/MyRAM-iOS/MyRAM-iOS/MyRAM-iOS
    write-file /tmp/MYR175-Clean-Mac-DD/Build/Intermediates.noindex/MyRAM.build/Debug/MyRAMMac.build/MyRAMMac-generated-files.hmap

WriteAuxiliaryFile /tmp/MYR175-Clean-Mac-DD/Build/Intermediates.noindex/MyRAM.build/Debug/MyRAMMac.build/MyRAMMac-all-target-headers.hmap (in target 'MyRAMMac' from project 'MyRAM')
    cd /Users/runner/work/MyRAM-iOS/MyRAM-iOS/MyRAM-iOS
    write-file /tmp/MYR175-Clean-Mac-DD/Build/Intermediates.noindex/MyRAM.build/Debug/MyRAMMac.build/MyRAMMac-all-target-headers.hmap

WriteAuxiliaryFile /tmp/MYR175-Clean-Mac-DD/Build/Intermediates.noindex/MyRAM.build/Debug/MyRAMMac.build/MyRAMMac-all-non-framework-target-headers.hmap (in target 'MyRAMMac' from project 'MyRAM')
    cd /Users/runner/work/MyRAM-iOS/MyRAM-iOS/MyRAM-iOS
    write-file /tmp/MYR175-Clean-Mac-DD/Build/Intermediates.noindex/MyRAM.build/Debug/MyRAMMac.build/MyRAMMac-all-non-framework-target-headers.hmap

WriteAuxiliaryFile /tmp/MYR175-Clean-Mac-DD/Build/Intermediates.noindex/MyRAM.build/Debug/MyRAMMac.build/MyRAMMac-DebugDylibPath-normal-arm64.txt (in target 'MyRAMMac' from project 'MyRAM')
    cd /Users/runner/work/MyRAM-iOS/MyRAM-iOS/MyRAM-iOS
    write-file /tmp/MYR175-Clean-Mac-DD/Build/Intermediates.noindex/MyRAM.build/Debug/MyRAMMac.build/MyRAMMac-DebugDylibPath-normal-arm64.txt

WriteAuxiliaryFile /tmp/MYR175-Clean-Mac-DD/Build/Intermediates.noindex/MyRAM.build/Debug/MyRAMMac.build/MyRAMMac-DebugDylibInstallName-normal-arm64.txt (in target 'MyRAMMac' from project 'MyRAM')
    cd /Users/runner/work/MyRAM-iOS/MyRAM-iOS/MyRAM-iOS
    write-file /tmp/MYR175-Clean-Mac-DD/Build/Intermediates.noindex/MyRAM.build/Debug/MyRAMMac.build/MyRAMMac-DebugDylibInstallName-normal-arm64.txt

WriteAuxiliaryFile /tmp/MYR175-Clean-Mac-DD/Build/Intermediates.noindex/MyRAM.build/Debug/MyRAMMac.build/DerivedSources/Entitlements.plist (in target 'MyRAMMac' from project 'MyRAM')
    cd /Users/runner/work/MyRAM-iOS/MyRAM-iOS/MyRAM-iOS
    write-file /tmp/MYR175-Clean-Mac-DD/Build/Intermediates.noindex/MyRAM.build/Debug/MyRAMMac.build/DerivedSources/Entitlements.plist

WriteAuxiliaryFile /tmp/MYR175-Clean-Mac-DD/Build/Intermediates.noindex/AnchoredSequenceCore.build/Debug/AnchoredSequenceCore.build/Objects-normal/arm64/AnchoredSequenceCore.SwiftFileList (in target 'AnchoredSequenceCore' from project 'AnchoredSequenceCore')
    cd /Users/runner/work/MyRAM-iOS/MyRAM-iOS/MyRAM-iOS/Packages/AnchoredSequenceCore
    write-file /tmp/MYR175-Clean-Mac-DD/Build/Intermediates.noindex/AnchoredSequenceCore.build/Debug/AnchoredSequenceCore.build/Objects-normal/arm64/AnchoredSequenceCore.SwiftFileList

WriteAuxiliaryFile /tmp/MYR175-Clean-Mac-DD/Build/Intermediates.noindex/AnchoredSequenceCore.build/Debug/AnchoredSequenceCore.build/Objects-normal/arm64/AnchoredSequenceCore.SwiftConstValuesFileList (in target 'AnchoredSequenceCore' from project 'AnchoredSequenceCore')
    cd /Users/runner/work/MyRAM-iOS/MyRAM-iOS/MyRAM-iOS/Packages/AnchoredSequenceCore
    write-file /tmp/MYR175-Clean-Mac-DD/Build/Intermediates.noindex/AnchoredSequenceCore.build/Debug/AnchoredSequenceCore.build/Objects-normal/arm64/AnchoredSequenceCore.SwiftConstValuesFileList

WriteAuxiliaryFile /tmp/MYR175-Clean-Mac-DD/Build/Intermediates.noindex/AnchoredSequenceCore.build/Debug/AnchoredSequenceCore.build/Objects-normal/arm64/AnchoredSequenceCore.LinkFileList (in target 'AnchoredSequenceCore' from project 'AnchoredSequenceCore')
    cd /Users/runner/work/MyRAM-iOS/MyRAM-iOS/MyRAM-iOS/Packages/AnchoredSequenceCore
    write-file /tmp/MYR175-Clean-Mac-DD/Build/Intermediates.noindex/AnchoredSequenceCore.build/Debug/AnchoredSequenceCore.build/Objects-normal/arm64/AnchoredSequenceCore.LinkFileList

WriteAuxiliaryFile /tmp/MYR175-Clean-Mac-DD/Build/Intermediates.noindex/AnchoredSequenceCore.build/Debug/AnchoredSequenceCore.build/Objects-normal/arm64/AnchoredSequenceCore-OutputFileMap.json (in target 'AnchoredSequenceCore' from project 'AnchoredSequenceCore')
    cd /Users/runner/work/MyRAM-iOS/MyRAM-iOS/MyRAM-iOS/Packages/AnchoredSequenceCore
    write-file /tmp/MYR175-Clean-Mac-DD/Build/Intermediates.noindex/AnchoredSequenceCore.build/Debug/AnchoredSequenceCore.build/Objects-normal/arm64/AnchoredSequenceCore-OutputFileMap.json

WriteAuxiliaryFile /tmp/MYR175-Clean-Mac-DD/Build/Intermediates.noindex/AnchoredSequenceCore.build/Debug/AnchoredSequenceCore.build/AnchoredSequenceCore.modulemap (in target 'AnchoredSequenceCore' from project 'AnchoredSequenceCore')
    cd /Users/runner/work/MyRAM-iOS/MyRAM-iOS/MyRAM-iOS/Packages/AnchoredSequenceCore
    write-file /tmp/MYR175-Clean-Mac-DD/Build/Intermediates.noindex/AnchoredSequenceCore.build/Debug/AnchoredSequenceCore.build/AnchoredSequenceCore.modulemap

WriteAuxiliaryFile /tmp/MYR175-Clean-Mac-DD/Build/Intermediates.noindex/AnchoredSequenceCore.build/Debug/AnchoredSequenceCore.build/AnchoredSequenceCore.DependencyStaticMetadataFileList (in target 'AnchoredSequenceCore' from project 'AnchoredSequenceCore')
    cd /Users/runner/work/MyRAM-iOS/MyRAM-iOS/MyRAM-iOS/Packages/AnchoredSequenceCore
    write-file /tmp/MYR175-Clean-Mac-DD/Build/Intermediates.noindex/AnchoredSequenceCore.build/Debug/AnchoredSequenceCore.build/AnchoredSequenceCore.DependencyStaticMetadataFileList

WriteAuxiliaryFile /tmp/MYR175-Clean-Mac-DD/Build/Intermediates.noindex/AnchoredSequenceCore.build/Debug/AnchoredSequenceCore.build/AnchoredSequenceCore.DependencyMetadataFileList (in target 'AnchoredSequenceCore' from project 'AnchoredSequenceCore')
    cd /Users/runner/work/MyRAM-iOS/MyRAM-iOS/MyRAM-iOS/Packages/AnchoredSequenceCore
    write-file /tmp/MYR175-Clean-Mac-DD/Build/Intermediates.noindex/AnchoredSequenceCore.build/Debug/AnchoredSequenceCore.build/AnchoredSequenceCore.DependencyMetadataFileList

WriteAuxiliaryFile /tmp/MYR175-Clean-Mac-DD/Build/Intermediates.noindex/AnchoredSequenceCore.build/Debug/AnchoredSequenceCore\ product.build/empty-AnchoredSequenceCore_-65B9EEE52AB2106_PackageProduct.plist (in target 'AnchoredSequenceCore' from project 'AnchoredSequenceCore')
    cd /Users/runner/work/MyRAM-iOS/MyRAM-iOS/MyRAM-iOS/Packages/AnchoredSequenceCore
    write-file /tmp/MYR175-Clean-Mac-DD/Build/Intermediates.noindex/AnchoredSequenceCore.build/Debug/AnchoredSequenceCore\ product.build/empty-AnchoredSequenceCore_-65B9EEE52AB2106_PackageProduct.plist

Copy /tmp/MYR175-Clean-Mac-DD/Build/Intermediates.noindex/GeneratedModuleMaps/AnchoredSequenceCore.modulemap /tmp/MYR175-Clean-Mac-DD/Build/Intermediates.noindex/AnchoredSequenceCore.build/Debug/AnchoredSequenceCore.build/AnchoredSequenceCore.modulemap (in target 'AnchoredSequenceCore' from project 'AnchoredSequenceCore')
    cd /Users/runner/work/MyRAM-iOS/MyRAM-iOS/MyRAM-iOS/Packages/AnchoredSequenceCore
    builtin-copy -exclude .DS_Store -exclude CVS -exclude .svn -exclude .git -exclude .hg -resolve-src-symlinks /tmp/MYR175-Clean-Mac-DD/Build/Intermediates.noindex/AnchoredSequenceCore.build/Debug/AnchoredSequenceCore.build/AnchoredSequenceCore.modulemap /tmp/MYR175-Clean-Mac-DD/Build/Intermediates.noindex/GeneratedModuleMaps

WriteAuxiliaryFile /tmp/MYR175-Clean-Mac-DD/Build/Intermediates.noindex/AnchoredSequenceCore.build/Debug/AnchoredSequenceCore\ product.build/Objects-normal/arm64/AnchoredSequenceCore_-65B9EEE52AB2106_PackageProduct.LinkFileList (in target 'AnchoredSequenceCore' from project 'AnchoredSequenceCore')
    cd /Users/runner/work/MyRAM-iOS/MyRAM-iOS/MyRAM-iOS/Packages/AnchoredSequenceCore
    write-file /tmp/MYR175-Clean-Mac-DD/Build/Intermediates.noindex/AnchoredSequenceCore.build/Debug/AnchoredSequenceCore\ product.build/Objects-normal/arm64/AnchoredSequenceCore_-65B9EEE52AB2106_PackageProduct.LinkFileList

WriteAuxiliaryFile /tmp/MYR175-Clean-Mac-DD/Build/Intermediates.noindex/AnchoredSequenceCore.build/Debug/AnchoredSequenceCore\ product.build/AnchoredSequenceCore_-65B9EEE52AB2106_PackageProduct.DependencyStaticMetadataFileList (in target 'AnchoredSequenceCore' from project 'AnchoredSequenceCore')
    cd /Users/runner/work/MyRAM-iOS/MyRAM-iOS/MyRAM-iOS/Packages/AnchoredSequenceCore
    write-file /tmp/MYR175-Clean-Mac-DD/Build/Intermediates.noindex/AnchoredSequenceCore.build/Debug/AnchoredSequenceCore\ product.build/AnchoredSequenceCore_-65B9EEE52AB2106_PackageProduct.DependencyStaticMetadataFileList

WriteAuxiliaryFile /tmp/MYR175-Clean-Mac-DD/Build/Intermediates.noindex/AnchoredSequenceCore.build/Debug/AnchoredSequenceCore\ product.build/AnchoredSequenceCore_-65B9EEE52AB2106_PackageProduct.DependencyMetadataFileList (in target 'AnchoredSequenceCore' from project 'AnchoredSequenceCore')
    cd /Users/runner/work/MyRAM-iOS/MyRAM-iOS/MyRAM-iOS/Packages/AnchoredSequenceCore
    write-file /tmp/MYR175-Clean-Mac-DD/Build/Intermediates.noindex/AnchoredSequenceCore.build/Debug/AnchoredSequenceCore\ product.build/AnchoredSequenceCore_-65B9EEE52AB2106_PackageProduct.DependencyMetadataFileList

MkDir /tmp/MYR175-Clean-Mac-DD/Build/Products/Debug/MyRAMMacWidgetExtension.appex/Contents/Resources (in target 'MyRAMMacWidgetExtension' from project 'MyRAM')
    cd /Users/runner/work/MyRAM-iOS/MyRAM-iOS/MyRAM-iOS
    /bin/mkdir -p /tmp/MYR175-Clean-Mac-DD/Build/Products/Debug/MyRAMMacWidgetExtension.appex/Contents/Resources

MkDir /tmp/MYR175-Clean-Mac-DD/Build/Products/Debug/MyRAMMacWidgetExtension.appex/Contents/MacOS (in target 'MyRAMMacWidgetExtension' from project 'MyRAM')
    cd /Users/runner/work/MyRAM-iOS/MyRAM-iOS/MyRAM-iOS
    /bin/mkdir -p /tmp/MYR175-Clean-Mac-DD/Build/Products/Debug/MyRAMMacWidgetExtension.appex/Contents/MacOS

MkDir /tmp/MYR175-Clean-Mac-DD/Build/Products/Debug/MyRAMMacWidgetExtension.appex/Contents (in target 'MyRAMMacWidgetExtension' from project 'MyRAM')
    cd /Users/runner/work/MyRAM-iOS/MyRAM-iOS/MyRAM-iOS
    /bin/mkdir -p /tmp/MYR175-Clean-Mac-DD/Build/Products/Debug/MyRAMMacWidgetExtension.appex/Contents

MkDir /tmp/MYR175-Clean-Mac-DD/Build/Products/Debug/MyRAMMacWidgetExtension.appex (in target 'MyRAMMacWidgetExtension' from project 'MyRAM')
    cd /Users/runner/work/MyRAM-iOS/MyRAM-iOS/MyRAM-iOS
    /bin/mkdir -p /tmp/MYR175-Clean-Mac-DD/Build/Products/Debug/MyRAMMacWidgetExtension.appex

MkDir /tmp/MYR175-Clean-Mac-DD/Build/Products/Debug/MyRAMMac.app/Contents/PlugIns/MyRAMMacTests.xctest/Contents/MacOS (in target 'MyRAMMacTests' from project 'MyRAM')
    cd /Users/runner/work/MyRAM-iOS/MyRAM-iOS/MyRAM-iOS
    /bin/mkdir -p /tmp/MYR175-Clean-Mac-DD/Build/Products/Debug/MyRAMMac.app/Contents/PlugIns/MyRAMMacTests.xctest/Contents/MacOS

MkDir /tmp/MYR175-Clean-Mac-DD/Build/Products/Debug/MyRAMMac.app/Contents/PlugIns/MyRAMMacTests.xctest/Contents/Frameworks (in target 'MyRAMMacTests' from project 'MyRAM')
    cd /Users/runner/work/MyRAM-iOS/MyRAM-iOS/MyRAM-iOS
    /bin/mkdir -p /tmp/MYR175-Clean-Mac-DD/Build/Products/Debug/MyRAMMac.app/Contents/PlugIns/MyRAMMacTests.xctest/Contents/Frameworks

MkDir /tmp/MYR175-Clean-Mac-DD/Build/Products/Debug/MyRAMMac.app/Contents/PlugIns/MyRAMMacTests.xctest/Contents (in target 'MyRAMMacTests' from project 'MyRAM')
    cd /Users/runner/work/MyRAM-iOS/MyRAM-iOS/MyRAM-iOS
    /bin/mkdir -p /tmp/MYR175-Clean-Mac-DD/Build/Products/Debug/MyRAMMac.app/Contents/PlugIns/MyRAMMacTests.xctest/Contents

MkDir /tmp/MYR175-Clean-Mac-DD/Build/Products/Debug/MyRAMMac.app/Contents/PlugIns/MyRAMMacTests.xctest (in target 'MyRAMMacTests' from project 'MyRAM')
    cd /Users/runner/work/MyRAM-iOS/MyRAM-iOS/MyRAM-iOS
    /bin/mkdir -p /tmp/MYR175-Clean-Mac-DD/Build/Products/Debug/MyRAMMac.app/Contents/PlugIns/MyRAMMacTests.xctest

MkDir /tmp/MYR175-Clean-Mac-DD/Build/Products/Debug/MyRAMMac.app/Contents/Resources (in target 'MyRAMMac' from project 'MyRAM')
    cd /Users/runner/work/MyRAM-iOS/MyRAM-iOS/MyRAM-iOS
    /bin/mkdir -p /tmp/MYR175-Clean-Mac-DD/Build/Products/Debug/MyRAMMac.app/Contents/Resources

MkDir /tmp/MYR175-Clean-Mac-DD/Build/Products/Debug/MyRAMMac.app/Contents/PlugIns (in target 'MyRAMMac' from project 'MyRAM')
    cd /Users/runner/work/MyRAM-iOS/MyRAM-iOS/MyRAM-iOS
    /bin/mkdir -p /tmp/MYR175-Clean-Mac-DD/Build/Products/Debug/MyRAMMac.app/Contents/PlugIns

MkDir /tmp/MYR175-Clean-Mac-DD/Build/Products/Debug/MyRAMMac.app/Contents/MacOS (in target 'MyRAMMac' from project 'MyRAM')
    cd /Users/runner/work/MyRAM-iOS/MyRAM-iOS/MyRAM-iOS
    /bin/mkdir -p /tmp/MYR175-Clean-Mac-DD/Build/Products/Debug/MyRAMMac.app/Contents/MacOS

MkDir /tmp/MYR175-Clean-Mac-DD/Build/Products/Debug/MyRAMMac.app/Contents/Frameworks (in target 'MyRAMMac' from project 'MyRAM')
    cd /Users/runner/work/MyRAM-iOS/MyRAM-iOS/MyRAM-iOS
    /bin/mkdir -p /tmp/MYR175-Clean-Mac-DD/Build/Products/Debug/MyRAMMac.app/Contents/Frameworks

MkDir /tmp/MYR175-Clean-Mac-DD/Build/Products/Debug/MyRAMMac.app/Contents (in target 'MyRAMMac' from project 'MyRAM')
    cd /Users/runner/work/MyRAM-iOS/MyRAM-iOS/MyRAM-iOS
    /bin/mkdir -p /tmp/MYR175-Clean-Mac-DD/Build/Products/Debug/MyRAMMac.app/Contents

MkDir /tmp/MYR175-Clean-Mac-DD/Build/Products/Debug/MyRAMMac.app (in target 'MyRAMMac' from project 'MyRAM')
    cd /Users/runner/work/MyRAM-iOS/MyRAM-iOS/MyRAM-iOS
    /bin/mkdir -p /tmp/MYR175-Clean-Mac-DD/Build/Products/Debug/MyRAMMac.app

SymLink /tmp/MYR175-Clean-Mac-DD/Build/Products/Debug/PackageFrameworks/AnchoredSequenceCore_-65B9EEE52AB2106_PackageProduct.framework/Versions/Current A (in target 'AnchoredSequenceCore' from project 'AnchoredSequenceCore')
    cd /Users/runner/work/MyRAM-iOS/MyRAM-iOS/MyRAM-iOS/Packages/AnchoredSequenceCore
    /bin/ln -sfh A /tmp/MYR175-Clean-Mac-DD/Build/Products/Debug/PackageFrameworks/AnchoredSequenceCore_-65B9EEE52AB2106_PackageProduct.framework/Versions/Current

SymLink /tmp/MYR175-Clean-Mac-DD/Build/Products/Debug/PackageFrameworks/AnchoredSequenceCore_-65B9EEE52AB2106_PackageProduct.framework/Resources Versions/Current/Resources (in target 'AnchoredSequenceCore' from project 'AnchoredSequenceCore')
    cd /Users/runner/work/MyRAM-iOS/MyRAM-iOS/MyRAM-iOS/Packages/AnchoredSequenceCore
    /bin/ln -sfh Versions/Current/Resources /tmp/MYR175-Clean-Mac-DD/Build/Products/Debug/PackageFrameworks/AnchoredSequenceCore_-65B9EEE52AB2106_PackageProduct.framework/Resources

SymLink /tmp/MYR175-Clean-Mac-DD/Build/Products/Debug/PackageFrameworks/AnchoredSequenceCore_-65B9EEE52AB2106_PackageProduct.framework/AnchoredSequenceCore_-65B9EEE52AB2106_PackageProduct Versions/Current/AnchoredSequenceCore_-65B9EEE52AB2106_PackageProduct (in target 'AnchoredSequenceCore' from project 'AnchoredSequenceCore')
    cd /Users/runner/work/MyRAM-iOS/MyRAM-iOS/MyRAM-iOS/Packages/AnchoredSequenceCore
    /bin/ln -sfh Versions/Current/AnchoredSequenceCore_-65B9EEE52AB2106_PackageProduct /tmp/MYR175-Clean-Mac-DD/Build/Products/Debug/PackageFrameworks/AnchoredSequenceCore_-65B9EEE52AB2106_PackageProduct.framework/AnchoredSequenceCore_-65B9EEE52AB2106_PackageProduct

MkDir /tmp/MYR175-Clean-Mac-DD/Build/Products/Debug/PackageFrameworks/AnchoredSequenceCore_-65B9EEE52AB2106_PackageProduct.framework/Versions/A/Resources (in target 'AnchoredSequenceCore' from project 'AnchoredSequenceCore')
    cd /Users/runner/work/MyRAM-iOS/MyRAM-iOS/MyRAM-iOS/Packages/AnchoredSequenceCore
    /bin/mkdir -p /tmp/MYR175-Clean-Mac-DD/Build/Products/Debug/PackageFrameworks/AnchoredSequenceCore_-65B9EEE52AB2106_PackageProduct.framework/Versions/A/Resources

MkDir /tmp/MYR175-Clean-Mac-DD/Build/Products/Debug/PackageFrameworks/AnchoredSequenceCore_-65B9EEE52AB2106_PackageProduct.framework/Versions/A (in target 'AnchoredSequenceCore' from project 'AnchoredSequenceCore')
    cd /Users/runner/work/MyRAM-iOS/MyRAM-iOS/MyRAM-iOS/Packages/AnchoredSequenceCore
    /bin/mkdir -p /tmp/MYR175-Clean-Mac-DD/Build/Products/Debug/PackageFrameworks/AnchoredSequenceCore_-65B9EEE52AB2106_PackageProduct.framework/Versions/A

MkDir /tmp/MYR175-Clean-Mac-DD/Build/Products/Debug/PackageFrameworks/AnchoredSequenceCore_-65B9EEE52AB2106_PackageProduct.framework/Versions (in target 'AnchoredSequenceCore' from project 'AnchoredSequenceCore')
    cd /Users/runner/work/MyRAM-iOS/MyRAM-iOS/MyRAM-iOS/Packages/AnchoredSequenceCore
    /bin/mkdir -p /tmp/MYR175-Clean-Mac-DD/Build/Products/Debug/PackageFrameworks/AnchoredSequenceCore_-65B9EEE52AB2106_PackageProduct.framework/Versions

MkDir /tmp/MYR175-Clean-Mac-DD/Build/Products/Debug/PackageFrameworks/AnchoredSequenceCore_-65B9EEE52AB2106_PackageProduct.framework (in target 'AnchoredSequenceCore' from project 'AnchoredSequenceCore')
    cd /Users/runner/work/MyRAM-iOS/MyRAM-iOS/MyRAM-iOS/Packages/AnchoredSequenceCore
    /bin/mkdir -p /tmp/MYR175-Clean-Mac-DD/Build/Products/Debug/PackageFrameworks/AnchoredSequenceCore_-65B9EEE52AB2106_PackageProduct.framework

ProcessProductPackaging /Users/runner/work/MyRAM-iOS/MyRAM-iOS/MyRAM-iOS/MyRAMMacWidgetExtension.entitlements /tmp/MYR175-Clean-Mac-DD/Build/Intermediates.noindex/MyRAM.build/Debug/MyRAMMacWidgetExtension.build/MyRAMMacWidgetExtension.appex.xcent (in target 'MyRAMMacWidgetExtension' from project 'MyRAM')
    cd /Users/runner/work/MyRAM-iOS/MyRAM-iOS/MyRAM-iOS
    
    Entitlements:
    
    {
    "com.apple.security.app-sandbox" = 1;
    "com.apple.security.application-groups" =     (
        "group.com.northsignalstudio.myram.mac.dev.widget"
    );
    "com.apple.security.get-task-allow" = 1;
}
    
    builtin-productPackagingUtility /Users/runner/work/MyRAM-iOS/MyRAM-iOS/MyRAM-iOS/MyRAMMacWidgetExtension.entitlements -entitlements -format xml -o /tmp/MYR175-Clean-Mac-DD/Build/Intermediates.noindex/MyRAM.build/Debug/MyRAMMacWidgetExtension.build/MyRAMMacWidgetExtension.appex.xcent

ProcessProductPackagingDER /tmp/MYR175-Clean-Mac-DD/Build/Intermediates.noindex/MyRAM.build/Debug/MyRAMMacWidgetExtension.build/MyRAMMacWidgetExtension.appex.xcent /tmp/MYR175-Clean-Mac-DD/Build/Intermediates.noindex/MyRAM.build/Debug/MyRAMMacWidgetExtension.build/MyRAMMacWidgetExtension.appex.xcent.der (in target 'MyRAMMacWidgetExtension' from project 'MyRAM')
    cd /Users/runner/work/MyRAM-iOS/MyRAM-iOS/MyRAM-iOS
    /usr/bin/derq query -f xml -i /tmp/MYR175-Clean-Mac-DD/Build/Intermediates.noindex/MyRAM.build/Debug/MyRAMMacWidgetExtension.build/MyRAMMacWidgetExtension.appex.xcent -o /tmp/MYR175-Clean-Mac-DD/Build/Intermediates.noindex/MyRAM.build/Debug/MyRAMMacWidgetExtension.build/MyRAMMacWidgetExtension.appex.xcent.der --raw

Ld /tmp/MYR175-Clean-Mac-DD/Build/Products/Debug/MyRAMMacWidgetExtension.appex/Contents/MacOS/__preview.dylib normal (in target 'MyRAMMacWidgetExtension' from project 'MyRAM')
    cd /Users/runner/work/MyRAM-iOS/MyRAM-iOS/MyRAM-iOS
    /Applications/Xcode_26.5.app/Contents/Developer/Toolchains/XcodeDefault.xctoolchain/usr/bin/clang -Xlinker -reproducible -target arm64-apple-macos14.0 -dynamiclib -isysroot /Applications/Xcode_26.5.app/Contents/Developer/Platforms/MacOSX.platform/Developer/SDKs/MacOSX26.5.sdk -O0 -L/tmp/MYR175-Clean-Mac-DD/Build/Products/Debug -F/tmp/MYR175-Clean-Mac-DD/Build/Products/Debug -install_name @rpath/MyRAMMacWidgetExtension.debug.dylib -rdynamic -Xlinker -no_deduplicate -Xlinker -dependency_info -Xlinker /tmp/MYR175-Clean-Mac-DD/Build/Intermediates.noindex/MyRAM.build/Debug/MyRAMMacWidgetExtension.build/Objects-normal/arm64/MyRAMMacWidgetExtension_dependency_info.dat -Xlinker -no_adhoc_codesign -o /tmp/MYR175-Clean-Mac-DD/Build/Products/Debug/MyRAMMacWidgetExtension.appex/Contents/MacOS/__preview.dylib

MkDir /tmp/MYR175-Clean-Mac-DD/Build/Intermediates.noindex/MyRAM.build/Debug/MyRAMMacWidgetExtension.build/assetcatalog_output/unthinned (in target 'MyRAMMacWidgetExtension' from project 'MyRAM')
    cd /Users/runner/work/MyRAM-iOS/MyRAM-iOS/MyRAM-iOS
    /bin/mkdir -p /tmp/MYR175-Clean-Mac-DD/Build/Intermediates.noindex/MyRAM.build/Debug/MyRAMMacWidgetExtension.build/assetcatalog_output/unthinned

MkDir /tmp/MYR175-Clean-Mac-DD/Build/Intermediates.noindex/MyRAM.build/Debug/MyRAMMacWidgetExtension.build/assetcatalog_output/thinned (in target 'MyRAMMacWidgetExtension' from project 'MyRAM')
    cd /Users/runner/work/MyRAM-iOS/MyRAM-iOS/MyRAM-iOS
    /bin/mkdir -p /tmp/MYR175-Clean-Mac-DD/Build/Intermediates.noindex/MyRAM.build/Debug/MyRAMMacWidgetExtension.build/assetcatalog_output/thinned

GenerateAssetSymbols /Users/runner/work/MyRAM-iOS/MyRAM-iOS/MyRAM-iOS/MyRAMMacWidget/Assets.xcassets (in target 'MyRAMMacWidgetExtension' from project 'MyRAM')
    cd /Users/runner/work/MyRAM-iOS/MyRAM-iOS/MyRAM-iOS
    /Applications/Xcode_26.5.app/Contents/Developer/usr/bin/actool /Users/runner/work/MyRAM-iOS/MyRAM-iOS/MyRAM-iOS/MyRAMMacWidget/Assets.xcassets --compile /tmp/MYR175-Clean-Mac-DD/Build/Products/Debug/MyRAMMacWidgetExtension.appex/Contents/Resources --output-format human-readable-text --notices --warnings --export-dependency-info /tmp/MYR175-Clean-Mac-DD/Build/Intermediates.noindex/MyRAM.build/Debug/MyRAMMacWidgetExtension.build/assetcatalog_dependencies --output-partial-info-plist /tmp/MYR175-Clean-Mac-DD/Build/Intermediates.noindex/MyRAM.build/Debug/MyRAMMacWidgetExtension.build/assetcatalog_generated_info.plist --accent-color AccentColor --widget-background-color WidgetBackground --enable-on-demand-resources NO --standalone-icon-behavior all --development-region en --target-device mac --minimum-deployment-target 14.0 --platform macosx --bundle-identifier com.northsignalstudio.myram.mac.dev.widget --generate-swift-asset-symbols /tmp/MYR175-Clean-Mac-DD/Build/Intermediates.noindex/MyRAM.build/Debug/MyRAMMacWidgetExtension.build/DerivedSources/GeneratedAssetSymbols.swift --generate-objc-asset-symbols /tmp/MYR175-Clean-Mac-DD/Build/Intermediates.noindex/MyRAM.build/Debug/MyRAMMacWidgetExtension.build/DerivedSources/GeneratedAssetSymbols.h --generate-asset-symbol-index /tmp/MYR175-Clean-Mac-DD/Build/Intermediates.noindex/MyRAM.build/Debug/MyRAMMacWidgetExtension.build/DerivedSources/GeneratedAssetSymbols-Index.plist
/* com.apple.actool.compilation-results */
/tmp/MYR175-Clean-Mac-DD/Build/Intermediates.noindex/MyRAM.build/Debug/MyRAMMacWidgetExtension.build/DerivedSources/GeneratedAssetSymbols-Index.plist
/tmp/MYR175-Clean-Mac-DD/Build/Intermediates.noindex/MyRAM.build/Debug/MyRAMMacWidgetExtension.build/DerivedSources/GeneratedAssetSymbols.h
/tmp/MYR175-Clean-Mac-DD/Build/Intermediates.noindex/MyRAM.build/Debug/MyRAMMacWidgetExtension.build/DerivedSources/GeneratedAssetSymbols.swift


CompileAssetCatalogVariant thinned /tmp/MYR175-Clean-Mac-DD/Build/Products/Debug/MyRAMMacWidgetExtension.appex/Contents/Resources /Users/runner/work/MyRAM-iOS/MyRAM-iOS/MyRAM-iOS/MyRAMMacWidget/Assets.xcassets (in target 'MyRAMMacWidgetExtension' from project 'MyRAM')
    cd /Users/runner/work/MyRAM-iOS/MyRAM-iOS/MyRAM-iOS
    /Applications/Xcode_26.5.app/Contents/Developer/usr/bin/actool /Users/runner/work/MyRAM-iOS/MyRAM-iOS/MyRAM-iOS/MyRAMMacWidget/Assets.xcassets --compile /tmp/MYR175-Clean-Mac-DD/Build/Intermediates.noindex/MyRAM.build/Debug/MyRAMMacWidgetExtension.build/assetcatalog_output/thinned --output-format human-readable-text --notices --warnings --export-dependency-info /tmp/MYR175-Clean-Mac-DD/Build/Intermediates.noindex/MyRAM.build/Debug/MyRAMMacWidgetExtension.build/assetcatalog_dependencies_thinned --output-partial-info-plist /tmp/MYR175-Clean-Mac-DD/Build/Intermediates.noindex/MyRAM.build/Debug/MyRAMMacWidgetExtension.build/assetcatalog_generated_info.plist_thinned --accent-color AccentColor --widget-background-color WidgetBackground --enable-on-demand-resources NO --standalone-icon-behavior all --development-region en --target-device mac --minimum-deployment-target 14.0 --platform macosx
/* com.apple.actool.compilation-results */
/tmp/MYR175-Clean-Mac-DD/Build/Intermediates.noindex/MyRAM.build/Debug/MyRAMMacWidgetExtension.build/assetcatalog_generated_info.plist_thinned


LinkAssetCatalog /Users/runner/work/MyRAM-iOS/MyRAM-iOS/MyRAM-iOS/MyRAMMacWidget/Assets.xcassets (in target 'MyRAMMacWidgetExtension' from project 'MyRAM')
    cd /Users/runner/work/MyRAM-iOS/MyRAM-iOS/MyRAM-iOS
    builtin-linkAssetCatalog --thinned /tmp/MYR175-Clean-Mac-DD/Build/Intermediates.noindex/MyRAM.build/Debug/MyRAMMacWidgetExtension.build/assetcatalog_output/thinned --thinned-dependencies /tmp/MYR175-Clean-Mac-DD/Build/Intermediates.noindex/MyRAM.build/Debug/MyRAMMacWidgetExtension.build/assetcatalog_dependencies_thinned --thinned-info-plist-content /tmp/MYR175-Clean-Mac-DD/Build/Intermediates.noindex/MyRAM.build/Debug/MyRAMMacWidgetExtension.build/assetcatalog_generated_info.plist_thinned --unthinned /tmp/MYR175-Clean-Mac-DD/Build/Intermediates.noindex/MyRAM.build/Debug/MyRAMMacWidgetExtension.build/assetcatalog_output/unthinned --unthinned-dependencies /tmp/MYR175-Clean-Mac-DD/Build/Intermediates.noindex/MyRAM.build/Debug/MyRAMMacWidgetExtension.build/assetcatalog_dependencies_unthinned --unthinned-info-plist-content /tmp/MYR175-Clean-Mac-DD/Build/Intermediates.noindex/MyRAM.build/Debug/MyRAMMacWidgetExtension.build/assetcatalog_generated_info.plist_unthinned --output /tmp/MYR175-Clean-Mac-DD/Build/Products/Debug/MyRAMMacWidgetExtension.appex/Contents/Resources --plist-output /tmp/MYR175-Clean-Mac-DD/Build/Intermediates.noindex/MyRAM.build/Debug/MyRAMMacWidgetExtension.build/assetcatalog_generated_info.plist

ProcessInfoPlistFile /tmp/MYR175-Clean-Mac-DD/Build/Products/Debug/MyRAMMacWidgetExtension.appex/Contents/Info.plist /Users/runner/work/MyRAM-iOS/MyRAM-iOS/MyRAM-iOS/MyRAMMacWidget/Info.plist (in target 'MyRAMMacWidgetExtension' from project 'MyRAM')
    cd /Users/runner/work/MyRAM-iOS/MyRAM-iOS/MyRAM-iOS
    builtin-infoPlistUtility /Users/runner/work/MyRAM-iOS/MyRAM-iOS/MyRAM-iOS/MyRAMMacWidget/Info.plist -producttype com.apple.product-type.app-extension -expandbuildsettings -platform macosx -additionalcontentfile /tmp/MYR175-Clean-Mac-DD/Build/Intermediates.noindex/MyRAM.build/Debug/MyRAMMacWidgetExtension.build/assetcatalog_generated_info.plist -o /tmp/MYR175-Clean-Mac-DD/Build/Products/Debug/MyRAMMacWidgetExtension.appex/Contents/Info.plist

SwiftDriver NearbySyncCore normal arm64 com.apple.xcode.tools.swift.compiler (in target 'NearbySyncCore' from project 'NearbySyncCore')
    cd /Users/runner/work/MyRAM-iOS/MyRAM-iOS/MyRAM-iOS/MyRAM.xcodeproj
    builtin-SwiftDriver -- /Applications/Xcode_26.5.app/Contents/Developer/Toolchains/XcodeDefault.xctoolchain/usr/bin/swiftc -module-name NearbySyncCore -Onone @/tmp/MYR175-Clean-Mac-DD/Build/Intermediates.noindex/NearbySyncCore.build/Debug/NearbySyncCore.build/Objects-normal/arm64/NearbySyncCore.SwiftFileList -DSWIFT_PACKAGE -DDEBUG -DSWIFT_MODULE_RESOURCE_BUNDLE_UNAVAILABLE -DXcode -plugin-path /Applications/Xcode_26.5.app/Contents/Developer/Toolchains/XcodeDefault.xctoolchain/usr/lib/swift/host/plugins/testing -enable-experimental-feature DebugDescriptionMacro -sdk /Applications/Xcode_26.5.app/Contents/Developer/Platforms/MacOSX.platform/Developer/SDKs/MacOSX26.5.sdk -target arm64-apple-macos13.0 -g -module-cache-path /tmp/MYR175-Clean-Mac-DD/ModuleCache.noindex -Xfrontend -serialize-debugging-options -enable-testing -suppress-warnings -index-store-path /tmp/MYR175-Clean-Mac-DD/Index.noindex/DataStore -Xcc -D_LIBCPP_HARDENING_MODE\=_LIBCPP_HARDENING_MODE_DEBUG -swift-version 5 -I /tmp/MYR175-Clean-Mac-DD/Build/Products/Debug -Isystem /Applications/Xcode_26.5.app/Contents/Developer/Platforms/MacOSX.platform/Developer/usr/lib -F /tmp/MYR175-Clean-Mac-DD/Build/Products/Debug -F /Applications/Xcode_26.5.app/Contents/Developer/Platforms/MacOSX.platform/Developer/Library/Frameworks -c -j3 -enable-batch-mode -incremental -Xcc -ivfsstatcache -Xcc /tmp/MYR175-Clean-Mac-DD/SDKStatCaches.noindex/macosx26.5-25F70-688ef53f1462e2c8f657fdc38a81448f3599ee76dc2a8020dfcb4b41ead48a8c.sdkstatcache -output-file-map /tmp/MYR175-Clean-Mac-DD/Build/Intermediates.noindex/NearbySyncCore.build/Debug/NearbySyncCore.build/Objects-normal/arm64/NearbySyncCore-OutputFileMap.json -use-frontend-parseable-output -save-temps -no-color-diagnostics -explicit-module-build -module-cache-path /tmp/MYR175-Clean-Mac-DD/Build/Intermediates.noindex/SwiftExplicitPrecompiledModules -clang-scanner-module-cache-path /tmp/MYR175-Clean-Mac-DD/ModuleCache.noindex -sdk-module-cache-path /tmp/MYR175-Clean-Mac-DD/ModuleCache.noindex -serialize-diagnostics -emit-dependencies -emit-module -emit-module-path /tmp/MYR175-Clean-Mac-DD/Build/Intermediates.noindex/NearbySyncCore.build/Debug/NearbySyncCore.build/Objects-normal/arm64/NearbySyncCore.swiftmodule -validate-clang-modules-once -clang-build-session-file /tmp/MYR175-Clean-Mac-DD/ModuleCache.noindex/Session.modulevalidation -package-name nearbysynccore -Xcc -I/tmp/MYR175-Clean-Mac-DD/Build/Intermediates.noindex/NearbySyncCore.build/Debug/NearbySyncCore.build/swift-overrides.hmap -emit-const-values -Xfrontend -const-gather-protocols-file -Xfrontend /tmp/MYR175-Clean-Mac-DD/Build/Intermediates.noindex/NearbySyncCore.build/Debug/NearbySyncCore.build/Objects-normal/arm64/NearbySyncCore_const_extract_protocols.json -Xcc -I/tmp/MYR175-Clean-Mac-DD/Build/Products/Debug/include -Xcc -I/tmp/MYR175-Clean-Mac-DD/Build/Intermediates.noindex/NearbySyncCore.build/Debug/NearbySyncCore.build/DerivedSources-normal/arm64 -Xcc -I/tmp/MYR175-Clean-Mac-DD/Build/Intermediates.noindex/NearbySyncCore.build/Debug/NearbySyncCore.build/DerivedSources/arm64 -Xcc -I/tmp/MYR175-Clean-Mac-DD/Build/Intermediates.noindex/NearbySyncCore.build/Debug/NearbySyncCore.build/DerivedSources -Xcc -DSWIFT_PACKAGE -Xcc -DDEBUG\=1 -emit-objc-header -emit-objc-header-path /tmp/MYR175-Clean-Mac-DD/Build/Intermediates.noindex/NearbySyncCore.build/Debug/NearbySyncCore.build/Objects-normal/arm64/NearbySyncCore-Swift.h -working-directory /Users/runner/work/MyRAM-iOS/MyRAM-iOS/MyRAM-iOS/MyRAM.xcodeproj -experimental-emit-module-separately -disable-cmo

SwiftDriver MyRAMMacWidgetExtension normal arm64 com.apple.xcode.tools.swift.compiler (in target 'MyRAMMacWidgetExtension' from project 'MyRAM')
    cd /Users/runner/work/MyRAM-iOS/MyRAM-iOS/MyRAM-iOS
    builtin-SwiftDriver -- /Applications/Xcode_26.5.app/Contents/Developer/Toolchains/XcodeDefault.xctoolchain/usr/bin/swiftc -module-name MyRAMMacWidgetExtension -Onone @/tmp/MYR175-Clean-Mac-DD/Build/Intermediates.noindex/MyRAM.build/Debug/MyRAMMacWidgetExtension.build/Objects-normal/arm64/MyRAMMacWidgetExtension.SwiftFileList -DDEBUG -enable-bare-slash-regex -enable-upcoming-feature DisableOutwardActorInference -enable-upcoming-feature InferSendableFromCaptures -enable-upcoming-feature GlobalActorIsolatedTypesUsability -enable-upcoming-feature MemberImportVisibility -enable-upcoming-feature InferIsolatedConformances -enable-upcoming-feature NonisolatedNonsendingByDefault -enable-experimental-feature DebugDescriptionMacro -sdk /Applications/Xcode_26.5.app/Contents/Developer/Platforms/MacOSX.platform/Developer/SDKs/MacOSX26.5.sdk -target arm64-apple-macos14.0 -g -module-cache-path /tmp/MYR175-Clean-Mac-DD/ModuleCache.noindex -Xfrontend -serialize-debugging-options -application-extension -enable-testing -index-store-path /tmp/MYR175-Clean-Mac-DD/Index.noindex/DataStore -Xcc -D_LIBCPP_HARDENING_MODE\=_LIBCPP_HARDENING_MODE_DEBUG -swift-version 5 -I /tmp/MYR175-Clean-Mac-DD/Build/Products/Debug -F /tmp/MYR175-Clean-Mac-DD/Build/Products/Debug -emit-localized-strings -emit-localized-strings-path /tmp/MYR175-Clean-Mac-DD/Build/Intermediates.noindex/MyRAM.build/Debug/MyRAMMacWidgetExtension.build/Objects-normal/arm64 -c -j3 -enable-batch-mode -incremental -Xcc -ivfsstatcache -Xcc /tmp/MYR175-Clean-Mac-DD/SDKStatCaches.noindex/macosx26.5-25F70-688ef53f1462e2c8f657fdc38a81448f3599ee76dc2a8020dfcb4b41ead48a8c.sdkstatcache -output-file-map /tmp/MYR175-Clean-Mac-DD/Build/Intermediates.noindex/MyRAM.build/Debug/MyRAMMacWidgetExtension.build/Objects-normal/arm64/MyRAMMacWidgetExtension-OutputFileMap.json -use-frontend-parseable-output -save-temps -no-color-diagnostics -explicit-module-build -module-cache-path /tmp/MYR175-Clean-Mac-DD/Build/Intermediates.noindex/SwiftExplicitPrecompiledModules -clang-scanner-module-cache-path /tmp/MYR175-Clean-Mac-DD/ModuleCache.noindex -sdk-module-cache-path /tmp/MYR175-Clean-Mac-DD/ModuleCache.noindex -serialize-diagnostics -emit-dependencies -emit-module -emit-module-path /tmp/MYR175-Clean-Mac-DD/Build/Intermediates.noindex/MyRAM.build/Debug/MyRAMMacWidgetExtension.build/Objects-normal/arm64/MyRAMMacWidgetExtension.swiftmodule -validate-clang-modules-once -clang-build-session-file /tmp/MYR175-Clean-Mac-DD/ModuleCache.noindex/Session.modulevalidation -Xcc -I/tmp/MYR175-Clean-Mac-DD/Build/Intermediates.noindex/MyRAM.build/Debug/MyRAMMacWidgetExtension.build/swift-overrides.hmap -emit-const-values -Xfrontend -const-gather-protocols-file -Xfrontend /tmp/MYR175-Clean-Mac-DD/Build/Intermediates.noindex/MyRAM.build/Debug/MyRAMMacWidgetExtension.build/Objects-normal/arm64/MyRAMMacWidgetExtension_const_extract_protocols.json -Xcc -iquote -Xcc /tmp/MYR175-Clean-Mac-DD/Build/Intermediates.noindex/MyRAM.build/Debug/MyRAMMacWidgetExtension.build/MyRAMMacWidgetExtension-generated-files.hmap -Xcc -I/tmp/MYR175-Clean-Mac-DD/Build/Intermediates.noindex/MyRAM.build/Debug/MyRAMMacWidgetExtension.build/MyRAMMacWidgetExtension-own-target-headers.hmap -Xcc -I/tmp/MYR175-Clean-Mac-DD/Build/Intermediates.noindex/MyRAM.build/Debug/MyRAMMacWidgetExtension.build/MyRAMMacWidgetExtension-all-non-framework-target-headers.hmap -Xcc -ivfsoverlay -Xcc /tmp/MYR175-Clean-Mac-DD/Build/Intermediates.noindex/MyRAM.build/Debug/MyRAM-98a9cbde253e8e955bc92731eb290203-VFS/all-product-headers.yaml -Xcc -iquote -Xcc /tmp/MYR175-Clean-Mac-DD/Build/Intermediates.noindex/MyRAM.build/Debug/MyRAMMacWidgetExtension.build/MyRAMMacWidgetExtension-project-headers.hmap -Xcc -I/tmp/MYR175-Clean-Mac-DD/Build/Products/Debug/include -Xcc -I/tmp/MYR175-Clean-Mac-DD/Build/Intermediates.noindex/MyRAM.build/Debug/MyRAMMacWidgetExtension.build/DerivedSources-normal/arm64 -Xcc -I/tmp/MYR175-Clean-Mac-DD/Build/Intermediates.noindex/MyRAM.build/Debug/MyRAMMacWidgetExtension.build/DerivedSources/arm64 -Xcc -I/tmp/MYR175-Clean-Mac-DD/Build/Intermediates.noindex/MyRAM.build/Debug/MyRAMMacWidgetExtension.build/DerivedSources -Xcc -DDEBUG\=1 -emit-objc-header -emit-objc-header-path /tmp/MYR175-Clean-Mac-DD/Build/Intermediates.noindex/MyRAM.build/Debug/MyRAMMacWidgetExtension.build/Objects-normal/arm64/MyRAMMacWidgetExtension-Swift.h -working-directory /Users/runner/work/MyRAM-iOS/MyRAM-iOS/MyRAM-iOS -experimental-emit-module-separately -disable-cmo

SwiftDriver AnchoredSequenceCore normal arm64 com.apple.xcode.tools.swift.compiler (in target 'AnchoredSequenceCore' from project 'AnchoredSequenceCore')
    cd /Users/runner/work/MyRAM-iOS/MyRAM-iOS/MyRAM-iOS/MyRAM.xcodeproj
    builtin-SwiftDriver -- /Applications/Xcode_26.5.app/Contents/Developer/Toolchains/XcodeDefault.xctoolchain/usr/bin/swiftc -module-name AnchoredSequenceCore -Onone @/tmp/MYR175-Clean-Mac-DD/Build/Intermediates.noindex/AnchoredSequenceCore.build/Debug/AnchoredSequenceCore.build/Objects-normal/arm64/AnchoredSequenceCore.SwiftFileList -DSWIFT_PACKAGE -DDEBUG -DSWIFT_MODULE_RESOURCE_BUNDLE_UNAVAILABLE -DXcode -plugin-path /Applications/Xcode_26.5.app/Contents/Developer/Toolchains/XcodeDefault.xctoolchain/usr/lib/swift/host/plugins/testing -enable-experimental-feature DebugDescriptionMacro -sdk /Applications/Xcode_26.5.app/Contents/Developer/Platforms/MacOSX.platform/Developer/SDKs/MacOSX26.5.sdk -target arm64-apple-macos13.0 -g -module-cache-path /tmp/MYR175-Clean-Mac-DD/ModuleCache.noindex -Xfrontend -serialize-debugging-options -enable-testing -suppress-warnings -index-store-path /tmp/MYR175-Clean-Mac-DD/Index.noindex/DataStore -Xcc -D_LIBCPP_HARDENING_MODE\=_LIBCPP_HARDENING_MODE_DEBUG -swift-version 5 -I /tmp/MYR175-Clean-Mac-DD/Build/Products/Debug -Isystem /Applications/Xcode_26.5.app/Contents/Developer/Platforms/MacOSX.platform/Developer/usr/lib -F /tmp/MYR175-Clean-Mac-DD/Build/Products/Debug -F /Applications/Xcode_26.5.app/Contents/Developer/Platforms/MacOSX.platform/Developer/Library/Frameworks -c -j3 -enable-batch-mode -incremental -Xcc -ivfsstatcache -Xcc /tmp/MYR175-Clean-Mac-DD/SDKStatCaches.noindex/macosx26.5-25F70-688ef53f1462e2c8f657fdc38a81448f3599ee76dc2a8020dfcb4b41ead48a8c.sdkstatcache -output-file-map /tmp/MYR175-Clean-Mac-DD/Build/Intermediates.noindex/AnchoredSequenceCore.build/Debug/AnchoredSequenceCore.build/Objects-normal/arm64/AnchoredSequenceCore-OutputFileMap.json -use-frontend-parseable-output -save-temps -no-color-diagnostics -explicit-module-build -module-cache-path /tmp/MYR175-Clean-Mac-DD/Build/Intermediates.noindex/SwiftExplicitPrecompiledModules -clang-scanner-module-cache-path /tmp/MYR175-Clean-Mac-DD/ModuleCache.noindex -sdk-module-cache-path /tmp/MYR175-Clean-Mac-DD/ModuleCache.noindex -serialize-diagnostics -emit-dependencies -emit-module -emit-module-path /tmp/MYR175-Clean-Mac-DD/Build/Intermediates.noindex/AnchoredSequenceCore.build/Debug/AnchoredSequenceCore.build/Objects-normal/arm64/AnchoredSequenceCore.swiftmodule -validate-clang-modules-once -clang-build-session-file /tmp/MYR175-Clean-Mac-DD/ModuleCache.noindex/Session.modulevalidation -package-name anchoredsequencecore -Xcc -I/tmp/MYR175-Clean-Mac-DD/Build/Intermediates.noindex/AnchoredSequenceCore.build/Debug/AnchoredSequenceCore.build/swift-overrides.hmap -emit-const-values -Xfrontend -const-gather-protocols-file -Xfrontend /tmp/MYR175-Clean-Mac-DD/Build/Intermediates.noindex/AnchoredSequenceCore.build/Debug/AnchoredSequenceCore.build/Objects-normal/arm64/AnchoredSequenceCore_const_extract_protocols.json -Xcc -I/tmp/MYR175-Clean-Mac-DD/Build/Products/Debug/include -Xcc -I/tmp/MYR175-Clean-Mac-DD/Build/Intermediates.noindex/AnchoredSequenceCore.build/Debug/AnchoredSequenceCore.build/DerivedSources-normal/arm64 -Xcc -I/tmp/MYR175-Clean-Mac-DD/Build/Intermediates.noindex/AnchoredSequenceCore.build/Debug/AnchoredSequenceCore.build/DerivedSources/arm64 -Xcc -I/tmp/MYR175-Clean-Mac-DD/Build/Intermediates.noindex/AnchoredSequenceCore.build/Debug/AnchoredSequenceCore.build/DerivedSources -Xcc -DSWIFT_PACKAGE -Xcc -DDEBUG\=1 -emit-objc-header -emit-objc-header-path /tmp/MYR175-Clean-Mac-DD/Build/Intermediates.noindex/AnchoredSequenceCore.build/Debug/AnchoredSequenceCore.build/Objects-normal/arm64/AnchoredSequenceCore-Swift.h -working-directory /Users/runner/work/MyRAM-iOS/MyRAM-iOS/MyRAM-iOS/MyRAM.xcodeproj -experimental-emit-module-separately -disable-cmo

SwiftExplicitDependencyGeneratePcm arm64 /tmp/MYR175-Clean-Mac-DD/ModuleCache.noindex/_Builtin_stdarg-DBPZCNX5QK97OI3DIYC2VZHPT.pcm

SwiftExplicitDependencyGeneratePcm arm64 /tmp/MYR175-Clean-Mac-DD/ModuleCache.noindex/ptrauth-A369BN7YBLC2L7P2Y9FO7H7ML.pcm

SwiftExplicitDependencyGeneratePcm arm64 /tmp/MYR175-Clean-Mac-DD/ModuleCache.noindex/_Builtin_stdbool-CGP2FVPE8WLL2125942P4MRI7.pcm

SwiftExplicitDependencyGeneratePcm arm64 /tmp/MYR175-Clean-Mac-DD/ModuleCache.noindex/SwiftShims-3LE28KFA169IIQQ2PE05O83QO.pcm

SwiftExplicitDependencyGeneratePcm arm64 /tmp/MYR175-Clean-Mac-DD/ModuleCache.noindex/_AvailabilityInternal-631VATBW6O55HHSABWW493OIM.pcm

SwiftExplicitDependencyGeneratePcm arm64 /tmp/MYR175-Clean-Mac-DD/ModuleCache.noindex/_Builtin_stddef-9NQHB025F5HWYLTGFVSH9ODGE.pcm

SwiftExplicitDependencyGeneratePcm arm64 /tmp/MYR175-Clean-Mac-DD/ModuleCache.noindex/_Builtin_float-9EZJ75EFSHP6W92V1HGFBWZRN.pcm

SwiftExplicitDependencyGeneratePcm arm64 /tmp/MYR175-Clean-Mac-DD/ModuleCache.noindex/_SwiftConcurrencyShims-853VDI76PXF9FFTVS66XX3F9H.pcm

SwiftExplicitDependencyGeneratePcm arm64 /tmp/MYR175-Clean-Mac-DD/ModuleCache.noindex/ptrcheck-C5IVXGYUZZVOV4MGCWS3OC8VK.pcm

SwiftExplicitDependencyGeneratePcm arm64 /tmp/MYR175-Clean-Mac-DD/ModuleCache.noindex/_DarwinFoundation1-9DYL2HQRUDV5CQM69FW05MQI6.pcm

SwiftExplicitDependencyGeneratePcm arm64 /tmp/MYR175-Clean-Mac-DD/ModuleCache.noindex/_DarwinFoundation2-6Z4IFP3AUDV03LGDNETFKUMPD.pcm

SwiftExplicitDependencyGeneratePcm arm64 /tmp/MYR175-Clean-Mac-DD/ModuleCache.noindex/_Builtin_limits-BUU2O8S447JW8IIKGOE5UR776.pcm

SwiftExplicitDependencyGeneratePcm arm64 /tmp/MYR175-Clean-Mac-DD/ModuleCache.noindex/_Builtin_stdint-776X5KJG8QHZILZSHC57HBITC.pcm

SwiftExplicitDependencyGeneratePcm arm64 /tmp/MYR175-Clean-Mac-DD/ModuleCache.noindex/sys_types-F58WBSM9OKV2GGWAFJ2PAYNW.pcm

SwiftExplicitDependencyGeneratePcm arm64 /tmp/MYR175-Clean-Mac-DD/ModuleCache.noindex/libDER-6CY9T6PBEEDATK9EXYJ501NEL.pcm

SwiftExplicitDependencyGeneratePcm arm64 /tmp/MYR175-Clean-Mac-DD/ModuleCache.noindex/_DarwinFoundation3-103SX3AINYGTFCHJVBLWJN4PS.pcm

SwiftExplicitDependencyGeneratePcm arm64 /tmp/MYR175-Clean-Mac-DD/ModuleCache.noindex/_Builtin_inttypes-3498WQZR5E00QPF982R55JI37.pcm

SwiftExplicitDependencyGeneratePcm arm64 /tmp/MYR175-Clean-Mac-DD/ModuleCache.noindex/Darwin-8QTM4BPFLMZY7IRR19SH1F8H2.pcm

SwiftExplicitDependencyGeneratePcm arm64 /tmp/MYR175-Clean-Mac-DD/ModuleCache.noindex/SwiftShims-6MRTI2SSTZGXH1CMY7MD4N4MN.pcm

SwiftExplicitDependencyGeneratePcm arm64 /tmp/MYR175-Clean-Mac-DD/ModuleCache.noindex/_Builtin_float-10SR1ODXNHJ71GGFWWIZ8448Y.pcm

SwiftExplicitDependencyGeneratePcm arm64 /tmp/MYR175-Clean-Mac-DD/ModuleCache.noindex/DeveloperToolsSupport-APG5FXR7QGT2TY4Q4706XU1V.pcm

SwiftExplicitDependencyGeneratePcm arm64 /tmp/MYR175-Clean-Mac-DD/ModuleCache.noindex/ActivityKit-AJ26CNHJHULSOSG8RUN05QI6R.pcm

SwiftExplicitDependencyGeneratePcm arm64 /tmp/MYR175-Clean-Mac-DD/ModuleCache.noindex/ptrauth-VJDR23WKFF6H86H020F6AA0I.pcm

SwiftExplicitDependencyGeneratePcm arm64 /tmp/MYR175-Clean-Mac-DD/ModuleCache.noindex/ptrcheck-15SN98EGRTMYHD7V63F12JK63.pcm

SwiftExplicitDependencyGeneratePcm arm64 /tmp/MYR175-Clean-Mac-DD/ModuleCache.noindex/_SwiftConcurrencyShims-2MO65Q1G2F5FAPYZ1VK5PHSE3.pcm

SwiftExplicitDependencyGeneratePcm arm64 /tmp/MYR175-Clean-Mac-DD/ModuleCache.noindex/_Builtin_stdbool-1XX572ZUFO7FP6YEDOQDO8VOZ.pcm

SwiftExplicitDependencyGeneratePcm arm64 /tmp/MYR175-Clean-Mac-DD/ModuleCache.noindex/_Builtin_stdarg-COYSNTIGPOCQ85YVDB1T62JLX.pcm

SwiftExplicitDependencyGeneratePcm arm64 /tmp/MYR175-Clean-Mac-DD/ModuleCache.noindex/_Builtin_stddef-6M0KBTGDO5BL7LOCXF0HRGYES.pcm

SwiftExplicitDependencyGeneratePcm arm64 /tmp/MYR175-Clean-Mac-DD/ModuleCache.noindex/_AvailabilityInternal-2L53GYWILFABMMTPWSX01ZTLA.pcm

SwiftExplicitDependencyGeneratePcm arm64 /tmp/MYR175-Clean-Mac-DD/ModuleCache.noindex/MachO-D1M4HUMSV9CBHXXGO1H48OAS3.pcm

SwiftExplicitDependencyGeneratePcm arm64 /tmp/MYR175-Clean-Mac-DD/ModuleCache.noindex/libkern-DDLVW1W0Q87ZPNIED3M7WNTR7.pcm

SwiftExplicitDependencyGeneratePcm arm64 /tmp/MYR175-Clean-Mac-DD/ModuleCache.noindex/launch-4RHBNP7VFFGRNVACH3DHSCZAN.pcm

SwiftExplicitDependencyGeneratePcm arm64 /tmp/MYR175-Clean-Mac-DD/ModuleCache.noindex/_DarwinFoundation1-YC807212ZFT65ZNJPB78IRR3.pcm

SwiftExplicitDependencyGeneratePcm arm64 /tmp/MYR175-Clean-Mac-DD/ModuleCache.noindex/ObjectiveC-43ZB2RTJCRB8L1A9DFIU313N7.pcm

SwiftExplicitDependencyGeneratePcm arm64 /tmp/MYR175-Clean-Mac-DD/ModuleCache.noindex/ExtensionFoundation-MQ9G3PUJEZ5WU9QW806F0M1S.pcm

SwiftExplicitDependencyGeneratePcm arm64 /tmp/MYR175-Clean-Mac-DD/ModuleCache.noindex/_Builtin_limits-83O43IO3M58QZOENWWNB7NMF6.pcm

SwiftExplicitDependencyGeneratePcm arm64 /tmp/MYR175-Clean-Mac-DD/ModuleCache.noindex/_DarwinFoundation2-3VJDWDN28RLQ5JL81TF8C4S2M.pcm

SwiftExplicitDependencyGeneratePcm arm64 /tmp/MYR175-Clean-Mac-DD/ModuleCache.noindex/os_object-B7BMKADA5GTUVDE73LKYK3C8O.pcm

SwiftExplicitDependencyGeneratePcm arm64 /tmp/MYR175-Clean-Mac-DD/ModuleCache.noindex/os_workgroup-ENXPN9LAIP0623FRI2Z33OCLK.pcm

SwiftExplicitDependencyGeneratePcm arm64 /tmp/MYR175-Clean-Mac-DD/ModuleCache.noindex/_Builtin_stdint-23UIA2MVA0XSTFTRM7U8VZBGU.pcm

SwiftExplicitDependencyGeneratePcm arm64 /tmp/MYR175-Clean-Mac-DD/ModuleCache.noindex/sys_types-A9HOM7EGJFVBH36BSGZOGKAIA.pcm

SwiftExplicitDependencyGeneratePcm arm64 /tmp/MYR175-Clean-Mac-DD/ModuleCache.noindex/_Builtin_tgmath-5D51896GUPBN1UWP605S9P5EY.pcm

SwiftExplicitDependencyGeneratePcm arm64 /tmp/MYR175-Clean-Mac-DD/ModuleCache.noindex/OpenGL-14TRVMQIBWVNYU95LH8J2JFDY.pcm

SwiftExplicitDependencyGeneratePcm arm64 /tmp/MYR175-Clean-Mac-DD/ModuleCache.noindex/libDER-9OQW7GABMI7LNTYYPYN8VOZQ2.pcm

SwiftExplicitDependencyGeneratePcm arm64 /tmp/MYR175-Clean-Mac-DD/ModuleCache.noindex/_DarwinFoundation3-EYG1STG9Q8ZV1F2D5H2CB625L.pcm

SwiftExplicitDependencyGeneratePcm arm64 /tmp/MYR175-Clean-Mac-DD/ModuleCache.noindex/_Builtin_intrinsics-3NRBPGZANGXM6LNFGIDP6N9VN.pcm

SwiftExplicitDependencyGeneratePcm arm64 /tmp/MYR175-Clean-Mac-DD/ModuleCache.noindex/_Builtin_stdatomic-5587ZTUCHN5RX6SYN98MFTA15.pcm

SwiftExplicitDependencyGeneratePcm arm64 /tmp/MYR175-Clean-Mac-DD/ModuleCache.noindex/_Builtin_inttypes-5MTWREQ4XU8QR1JQWLY88RVGT.pcm

SwiftExplicitDependencyGeneratePcm arm64 /tmp/MYR175-Clean-Mac-DD/ModuleCache.noindex/Dispatch-39Y1R2BCMAH3EO0GV4C6YAEMB.pcm

SwiftExplicitDependencyGeneratePcm arm64 /tmp/MYR175-Clean-Mac-DD/ModuleCache.noindex/Darwin-6AG0OB6IQ94ZJAZQAKAI90CRL.pcm

SwiftExplicitDependencyGeneratePcm arm64 /tmp/MYR175-Clean-Mac-DD/ModuleCache.noindex/simd-B8OD79X2ED5CBP8LQU8NZP8EA.pcm

SwiftExplicitDependencyGeneratePcm arm64 /tmp/MYR175-Clean-Mac-DD/ModuleCache.noindex/CoreFoundation-99FH2IF9K7EWS3GB9ZUCYZXSY.pcm

SwiftExplicitDependencyGeneratePcm arm64 /tmp/MYR175-Clean-Mac-DD/ModuleCache.noindex/XPC-3URVV3KIG971PP187RQHPQKFS.pcm

SwiftExplicitDependencyGeneratePcm arm64 /tmp/MYR175-Clean-Mac-DD/ModuleCache.noindex/CFNetwork-9YDZO8SMBDAXLX29JW2O6EQXN.pcm

SwiftExplicitDependencyGeneratePcm arm64 /tmp/MYR175-Clean-Mac-DD/ModuleCache.noindex/Security-BSQ1BRGPI2J892UOXOR78K08T.pcm

SwiftExplicitDependencyGeneratePcm arm64 /tmp/MYR175-Clean-Mac-DD/ModuleCache.noindex/IOKit-8079ZLZJQWTVPIV8F0OE5RQW6.pcm

SwiftExplicitDependencyGeneratePcm arm64 /tmp/MYR175-Clean-Mac-DD/ModuleCache.noindex/CUPS-U6HCTV1P227SXQOM3R1RPMQD.pcm

SwiftExplicitDependencyGeneratePcm arm64 /tmp/MYR175-Clean-Mac-DD/ModuleCache.noindex/Spatial-HSW9OTQ4WAGQ4B9RMQ1OZD3L.pcm

SwiftExplicitDependencyGeneratePcm arm64 /tmp/MYR175-Clean-Mac-DD/ModuleCache.noindex/libkern-65SJ1LM4BARJKSZCJYJUH5H51.pcm

SwiftExplicitDependencyGeneratePcm arm64 /tmp/MYR175-Clean-Mac-DD/ModuleCache.noindex/MachO-11GWKP5XW75MX2Y6ZK2AFXOHO.pcm

SwiftExplicitDependencyGeneratePcm arm64 /tmp/MYR175-Clean-Mac-DD/ModuleCache.noindex/launch-BFZVXOI7L6PUNL7Q0JYNDGBRV.pcm

SwiftExplicitDependencyGeneratePcm arm64 /tmp/MYR175-Clean-Mac-DD/ModuleCache.noindex/ObjectiveC-DM1KBV7744RFMDPWDFNNAWEUR.pcm

SwiftExplicitDependencyGeneratePcm arm64 /tmp/MYR175-Clean-Mac-DD/ModuleCache.noindex/DiskArbitration-9R3E72IIKP7QHEHSK5HVXGE39.pcm

SwiftExplicitDependencyGeneratePcm arm64 /tmp/MYR175-Clean-Mac-DD/ModuleCache.noindex/CoreServices-471HK8SCA1OCD2VNT8DFZ7C2O.pcm

SwiftExplicitDependencyGeneratePcm arm64 /tmp/MYR175-Clean-Mac-DD/ModuleCache.noindex/os_object-8Q0R84K7M8U383JI0XJXQY627.pcm

SwiftExplicitDependencyGeneratePcm arm64 /tmp/MYR175-Clean-Mac-DD/ModuleCache.noindex/os_workgroup-C8HWJELA8RAOQ3RFMRI73LAVV.pcm

SwiftExplicitDependencyGeneratePcm arm64 /tmp/MYR175-Clean-Mac-DD/ModuleCache.noindex/Dispatch-CI52R2U23MXAEIUVCFULAHRSM.pcm

SwiftExplicitDependencyGeneratePcm arm64 /tmp/MYR175-Clean-Mac-DD/ModuleCache.noindex/dnssd-2R3NIKC85DN3D96OL8RDBV7U5.pcm

SwiftExplicitDependencyGeneratePcm arm64 /tmp/MYR175-Clean-Mac-DD/ModuleCache.noindex/XPC-C7D9P7TO4EO8Y8YP1DMAEITNJ.pcm

SwiftExplicitDependencyGeneratePcm arm64 /tmp/MYR175-Clean-Mac-DD/ModuleCache.noindex/CoreFoundation-5C4M9ATQ9REGPRSAFZM0CHN2R.pcm

SwiftExplicitDependencyGeneratePcm arm64 /tmp/MYR175-Clean-Mac-DD/ModuleCache.noindex/os-4VZYILCQXVICWK0WVEJLJP04M.pcm

SwiftExplicitDependencyGeneratePcm arm64 /tmp/MYR175-Clean-Mac-DD/ModuleCache.noindex/Foundation-46TH3UB3Z8FCC0EOPZ20B2Z95.pcm

SwiftExplicitDependencyGeneratePcm arm64 /tmp/MYR175-Clean-Mac-DD/ModuleCache.noindex/ColorSync-PR8AA1BSXL2HOZRR080RKEDT.pcm

SwiftExplicitDependencyGeneratePcm arm64 /tmp/MYR175-Clean-Mac-DD/ModuleCache.noindex/IOKit-7CEQEV06BEX7Y7F2UVLIMBD7Z.pcm

SwiftExplicitDependencyGeneratePcm arm64 /tmp/MYR175-Clean-Mac-DD/ModuleCache.noindex/CFNetwork-2N5UE1OQZIZFDSIFYV71LLED2.pcm

SwiftExplicitDependencyGeneratePcm arm64 /tmp/MYR175-Clean-Mac-DD/ModuleCache.noindex/Security-BB2UAUJD907YS52NQSM4XF66I.pcm

SwiftExplicitDependencyGeneratePcm arm64 /tmp/MYR175-Clean-Mac-DD/ModuleCache.noindex/CoreGraphics-BYTM1K33XB3TD2OVCK74MA6ZW.pcm

SwiftExplicitDependencyGeneratePcm arm64 /tmp/MYR175-Clean-Mac-DD/ModuleCache.noindex/DiskArbitration-9CE9B6WS2Z57FCVQTCA1I4HN6.pcm

SwiftExplicitDependencyGeneratePcm arm64 /tmp/MYR175-Clean-Mac-DD/ModuleCache.noindex/ImageIO-3BJ3EA0H4C50ATOW37LW5OK8L.pcm

SwiftExplicitDependencyGeneratePcm arm64 /tmp/MYR175-Clean-Mac-DD/ModuleCache.noindex/CoreText-46UV7XZQ4IAL1ZZ2M0M6CTY7D.pcm

SwiftExplicitDependencyGeneratePcm arm64 /tmp/MYR175-Clean-Mac-DD/ModuleCache.noindex/CoreServices-1N302HN6KXDKO8UBN2M5A3OSE.pcm

SwiftEmitModule normal arm64 Emitting\ module\ for\ NearbySyncCore (in target 'NearbySyncCore' from project 'NearbySyncCore')
EmitSwiftModule normal arm64 (in target 'NearbySyncCore' from project 'NearbySyncCore')
    cd /Users/runner/work/MyRAM-iOS/MyRAM-iOS/MyRAM-iOS/MyRAM.xcodeproj
    

SwiftExplicitDependencyGeneratePcm arm64 /tmp/MYR175-Clean-Mac-DD/ModuleCache.noindex/LocalAuthentication-DFTQ84SM4R6V8LPICAVPU9CIE.pcm

SwiftCompile normal arm64 Compiling\ SyncStore.swift,\ TrustedPeerStore.swift /Users/runner/work/MyRAM-iOS/MyRAM-iOS/NearbySyncCore/Sources/NearbySyncCore/SyncStore.swift /Users/runner/work/MyRAM-iOS/MyRAM-iOS/NearbySyncCore/Sources/NearbySyncCore/TrustedPeerStore.swift (in target 'NearbySyncCore' from project 'NearbySyncCore')
SwiftCompile normal arm64 /Users/runner/work/MyRAM-iOS/MyRAM-iOS/NearbySyncCore/Sources/NearbySyncCore/SyncStore.swift (in target 'NearbySyncCore' from project 'NearbySyncCore')
    cd /Users/runner/work/MyRAM-iOS/MyRAM-iOS/MyRAM-iOS/MyRAM.xcodeproj
    

SwiftCompile normal arm64 /Users/runner/work/MyRAM-iOS/MyRAM-iOS/NearbySyncCore/Sources/NearbySyncCore/TrustedPeerStore.swift (in target 'NearbySyncCore' from project 'NearbySyncCore')
    cd /Users/runner/work/MyRAM-iOS/MyRAM-iOS/MyRAM-iOS/MyRAM.xcodeproj
    

SwiftEmitModule normal arm64 Emitting\ module\ for\ AnchoredSequenceCore (in target 'AnchoredSequenceCore' from project 'AnchoredSequenceCore')

EmitSwiftModule normal arm64 (in target 'AnchoredSequenceCore' from project 'AnchoredSequenceCore')
    cd /Users/runner/work/MyRAM-iOS/MyRAM-iOS/MyRAM-iOS/MyRAM.xcodeproj
    

SwiftExplicitDependencyGeneratePcm arm64 /tmp/MYR175-Clean-Mac-DD/ModuleCache.noindex/Foundation-3JWQMFYWSSY8THORQLXCVB0RQ.pcm

SwiftDriverJobDiscovery normal arm64 Emitting module for NearbySyncCore (in target 'NearbySyncCore' from project 'NearbySyncCore')

SwiftDriver\ Compilation\ Requirements NearbySyncCore normal arm64 com.apple.xcode.tools.swift.compiler (in target 'NearbySyncCore' from project 'NearbySyncCore')
    cd /Users/runner/work/MyRAM-iOS/MyRAM-iOS/MyRAM-iOS/MyRAM.xcodeproj
    builtin-Swift-Compilation-Requirements -- /Applications/Xcode_26.5.app/Contents/Developer/Toolchains/XcodeDefault.xctoolchain/usr/bin/swiftc -module-name NearbySyncCore -Onone @/tmp/MYR175-Clean-Mac-DD/Build/Intermediates.noindex/NearbySyncCore.build/Debug/NearbySyncCore.build/Objects-normal/arm64/NearbySyncCore.SwiftFileList -DSWIFT_PACKAGE -DDEBUG -DSWIFT_MODULE_RESOURCE_BUNDLE_UNAVAILABLE -DXcode -plugin-path /Applications/Xcode_26.5.app/Contents/Developer/Toolchains/XcodeDefault.xctoolchain/usr/lib/swift/host/plugins/testing -enable-experimental-feature DebugDescriptionMacro -sdk /Applications/Xcode_26.5.app/Contents/Developer/Platforms/MacOSX.platform/Developer/SDKs/MacOSX26.5.sdk -target arm64-apple-macos13.0 -g -module-cache-path /tmp/MYR175-Clean-Mac-DD/ModuleCache.noindex -Xfrontend -serialize-debugging-options -enable-testing -suppress-warnings -index-store-path /tmp/MYR175-Clean-Mac-DD/Index.noindex/DataStore -Xcc -D_LIBCPP_HARDENING_MODE\=_LIBCPP_HARDENING_MODE_DEBUG -swift-version 5 -I /tmp/MYR175-Clean-Mac-DD/Build/Products/Debug -Isystem /Applications/Xcode_26.5.app/Contents/Developer/Platforms/MacOSX.platform/Developer/usr/lib -F /tmp/MYR175-Clean-Mac-DD/Build/Products/Debug -F /Applications/Xcode_26.5.app/Contents/Developer/Platforms/MacOSX.platform/Developer/Library/Frameworks -c -j3 -enable-batch-mode -incremental -Xcc -ivfsstatcache -Xcc /tmp/MYR175-Clean-Mac-DD/SDKStatCaches.noindex/macosx26.5-25F70-688ef53f1462e2c8f657fdc38a81448f3599ee76dc2a8020dfcb4b41ead48a8c.sdkstatcache -output-file-map /tmp/MYR175-Clean-Mac-DD/Build/Intermediates.noindex/NearbySyncCore.build/Debug/NearbySyncCore.build/Objects-normal/arm64/NearbySyncCore-OutputFileMap.json -use-frontend-parseable-output -save-temps -no-color-diagnostics -explicit-module-build -module-cache-path /tmp/MYR175-Clean-Mac-DD/Build/Intermediates.noindex/SwiftExplicitPrecompiledModules -clang-scanner-module-cache-path /tmp/MYR175-Clean-Mac-DD/ModuleCache.noindex -sdk-module-cache-path /tmp/MYR175-Clean-Mac-DD/ModuleCache.noindex -serialize-diagnostics -emit-dependencies -emit-module -emit-module-path /tmp/MYR175-Clean-Mac-DD/Build/Intermediates.noindex/NearbySyncCore.build/Debug/NearbySyncCore.build/Objects-normal/arm64/NearbySyncCore.swiftmodule -validate-clang-modules-once -clang-build-session-file /tmp/MYR175-Clean-Mac-DD/ModuleCache.noindex/Session.modulevalidation -package-name nearbysynccore -Xcc -I/tmp/MYR175-Clean-Mac-DD/Build/Intermediates.noindex/NearbySyncCore.build/Debug/NearbySyncCore.build/swift-overrides.hmap -emit-const-values -Xfrontend -const-gather-protocols-file -Xfrontend /tmp/MYR175-Clean-Mac-DD/Build/Intermediates.noindex/NearbySyncCore.build/Debug/NearbySyncCore.build/Objects-normal/arm64/NearbySyncCore_const_extract_protocols.json -Xcc -I/tmp/MYR175-Clean-Mac-DD/Build/Products/Debug/include -Xcc -I/tmp/MYR175-Clean-Mac-DD/Build/Intermediates.noindex/NearbySyncCore.build/Debug/NearbySyncCore.build/DerivedSources-normal/arm64 -Xcc -I/tmp/MYR175-Clean-Mac-DD/Build/Intermediates.noindex/NearbySyncCore.build/Debug/NearbySyncCore.build/DerivedSources/arm64 -Xcc -I/tmp/MYR175-Clean-Mac-DD/Build/Intermediates.noindex/NearbySyncCore.build/Debug/NearbySyncCore.build/DerivedSources -Xcc -DSWIFT_PACKAGE -Xcc -DDEBUG\=1 -emit-objc-header -emit-objc-header-path /tmp/MYR175-Clean-Mac-DD/Build/Intermediates.noindex/NearbySyncCore.build/Debug/NearbySyncCore.build/Objects-normal/arm64/NearbySyncCore-Swift.h -working-directory /Users/runner/work/MyRAM-iOS/MyRAM-iOS/MyRAM-iOS/MyRAM.xcodeproj -experimental-emit-module-separately -disable-cmo

SwiftDriverJobDiscovery normal arm64 Emitting module for AnchoredSequenceCore (in target 'AnchoredSequenceCore' from project 'AnchoredSequenceCore')

SwiftCompile normal arm64 Compiling\ SyncModels.swift,\ SyncQueue.swift /Users/runner/work/MyRAM-iOS/MyRAM-iOS/NearbySyncCore/Sources/NearbySyncCore/SyncModels.swift /Users/runner/work/MyRAM-iOS/MyRAM-iOS/NearbySyncCore/Sources/NearbySyncCore/SyncQueue.swift (in target 'NearbySyncCore' from project 'NearbySyncCore')
SwiftCompile normal arm64 /Users/runner/work/MyRAM-iOS/MyRAM-iOS/NearbySyncCore/Sources/NearbySyncCore/SyncModels.swift (in target 'NearbySyncCore' from project 'NearbySyncCore')
    cd /Users/runner/work/MyRAM-iOS/MyRAM-iOS/MyRAM-iOS/MyRAM.xcodeproj
    

SwiftCompile normal arm64 /Users/runner/work/MyRAM-iOS/MyRAM-iOS/NearbySyncCore/Sources/NearbySyncCore/SyncQueue.swift (in target 'NearbySyncCore' from project 'NearbySyncCore')
    cd /Users/runner/work/MyRAM-iOS/MyRAM-iOS/MyRAM-iOS/MyRAM.xcodeproj
    

SwiftMergeGeneratedHeaders /tmp/MYR175-Clean-Mac-DD/Build/Intermediates.noindex/GeneratedModuleMaps/NearbySyncCore-Swift.h /tmp/MYR175-Clean-Mac-DD/Build/Intermediates.noindex/NearbySyncCore.build/Debug/NearbySyncCore.build/Objects-normal/arm64/NearbySyncCore-Swift.h (in target 'NearbySyncCore' from project 'NearbySyncCore')
    cd /Users/runner/work/MyRAM-iOS/MyRAM-iOS/NearbySyncCore
    builtin-swiftHeaderTool -arch arm64 /tmp/MYR175-Clean-Mac-DD/Build/Intermediates.noindex/NearbySyncCore.build/Debug/NearbySyncCore.build/Objects-normal/arm64/NearbySyncCore-Swift.h -o /tmp/MYR175-Clean-Mac-DD/Build/Intermediates.noindex/GeneratedModuleMaps/NearbySyncCore-Swift.h

Copy /tmp/MYR175-Clean-Mac-DD/Build/Products/Debug/NearbySyncCore.swiftmodule/arm64-apple-macos.swiftmodule /tmp/MYR175-Clean-Mac-DD/Build/Intermediates.noindex/NearbySyncCore.build/Debug/NearbySyncCore.build/Objects-normal/arm64/NearbySyncCore.swiftmodule (in target 'NearbySyncCore' from project 'NearbySyncCore')
    cd /Users/runner/work/MyRAM-iOS/MyRAM-iOS/NearbySyncCore
    builtin-copy -exclude .DS_Store -exclude CVS -exclude .svn -exclude .git -exclude .hg -resolve-src-symlinks -rename /tmp/MYR175-Clean-Mac-DD/Build/Intermediates.noindex/NearbySyncCore.build/Debug/NearbySyncCore.build/Objects-normal/arm64/NearbySyncCore.swiftmodule /tmp/MYR175-Clean-Mac-DD/Build/Products/Debug/NearbySyncCore.swiftmodule/arm64-apple-macos.swiftmodule

Copy /tmp/MYR175-Clean-Mac-DD/Build/Products/Debug/NearbySyncCore.swiftmodule/arm64-apple-macos.swiftdoc /tmp/MYR175-Clean-Mac-DD/Build/Intermediates.noindex/NearbySyncCore.build/Debug/NearbySyncCore.build/Objects-normal/arm64/NearbySyncCore.swiftdoc (in target 'NearbySyncCore' from project 'NearbySyncCore')
    cd /Users/runner/work/MyRAM-iOS/MyRAM-iOS/NearbySyncCore
    builtin-copy -exclude .DS_Store -exclude CVS -exclude .svn -exclude .git -exclude .hg -resolve-src-symlinks -rename /tmp/MYR175-Clean-Mac-DD/Build/Intermediates.noindex/NearbySyncCore.build/Debug/NearbySyncCore.build/Objects-normal/arm64/NearbySyncCore.swiftdoc /tmp/MYR175-Clean-Mac-DD/Build/Products/Debug/NearbySyncCore.swiftmodule/arm64-apple-macos.swiftdoc

Copy /tmp/MYR175-Clean-Mac-DD/Build/Products/Debug/NearbySyncCore.swiftmodule/arm64-apple-macos.abi.json /tmp/MYR175-Clean-Mac-DD/Build/Intermediates.noindex/NearbySyncCore.build/Debug/NearbySyncCore.build/Objects-normal/arm64/NearbySyncCore.abi.json (in target 'NearbySyncCore' from project 'NearbySyncCore')
    cd /Users/runner/work/MyRAM-iOS/MyRAM-iOS/NearbySyncCore
    builtin-copy -exclude .DS_Store -exclude CVS -exclude .svn -exclude .git -exclude .hg -resolve-src-symlinks -rename /tmp/MYR175-Clean-Mac-DD/Build/Intermediates.noindex/NearbySyncCore.build/Debug/NearbySyncCore.build/Objects-normal/arm64/NearbySyncCore.abi.json /tmp/MYR175-Clean-Mac-DD/Build/Products/Debug/NearbySyncCore.swiftmodule/arm64-apple-macos.abi.json

Copy /tmp/MYR175-Clean-Mac-DD/Build/Products/Debug/NearbySyncCore.swiftmodule/Project/arm64-apple-macos.swiftsourceinfo /tmp/MYR175-Clean-Mac-DD/Build/Intermediates.noindex/NearbySyncCore.build/Debug/NearbySyncCore.build/Objects-normal/arm64/NearbySyncCore.swiftsourceinfo (in target 'NearbySyncCore' from project 'NearbySyncCore')
    cd /Users/runner/work/MyRAM-iOS/MyRAM-iOS/NearbySyncCore
    builtin-copy -exclude .DS_Store -exclude CVS -exclude .svn -exclude .git -exclude .hg -resolve-src-symlinks -rename /tmp/MYR175-Clean-Mac-DD/Build/Intermediates.noindex/NearbySyncCore.build/Debug/NearbySyncCore.build/Objects-normal/arm64/NearbySyncCore.swiftsourceinfo /tmp/MYR175-Clean-Mac-DD/Build/Products/Debug/NearbySyncCore.swiftmodule/Project/arm64-apple-macos.swiftsourceinfo

SwiftDriver\ Compilation\ Requirements AnchoredSequenceCore normal arm64 com.apple.xcode.tools.swift.compiler (in target 'AnchoredSequenceCore' from project 'AnchoredSequenceCore')
    cd /Users/runner/work/MyRAM-iOS/MyRAM-iOS/MyRAM-iOS/MyRAM.xcodeproj
    builtin-Swift-Compilation-Requirements -- /Applications/Xcode_26.5.app/Contents/Developer/Toolchains/XcodeDefault.xctoolchain/usr/bin/swiftc -module-name AnchoredSequenceCore -Onone @/tmp/MYR175-Clean-Mac-DD/Build/Intermediates.noindex/AnchoredSequenceCore.build/Debug/AnchoredSequenceCore.build/Objects-normal/arm64/AnchoredSequenceCore.SwiftFileList -DSWIFT_PACKAGE -DDEBUG -DSWIFT_MODULE_RESOURCE_BUNDLE_UNAVAILABLE -DXcode -plugin-path /Applications/Xcode_26.5.app/Contents/Developer/Toolchains/XcodeDefault.xctoolchain/usr/lib/swift/host/plugins/testing -enable-experimental-feature DebugDescriptionMacro -sdk /Applications/Xcode_26.5.app/Contents/Developer/Platforms/MacOSX.platform/Developer/SDKs/MacOSX26.5.sdk -target arm64-apple-macos13.0 -g -module-cache-path /tmp/MYR175-Clean-Mac-DD/ModuleCache.noindex -Xfrontend -serialize-debugging-options -enable-testing -suppress-warnings -index-store-path /tmp/MYR175-Clean-Mac-DD/Index.noindex/DataStore -Xcc -D_LIBCPP_HARDENING_MODE\=_LIBCPP_HARDENING_MODE_DEBUG -swift-version 5 -I /tmp/MYR175-Clean-Mac-DD/Build/Products/Debug -Isystem /Applications/Xcode_26.5.app/Contents/Developer/Platforms/MacOSX.platform/Developer/usr/lib -F /tmp/MYR175-Clean-Mac-DD/Build/Products/Debug -F /Applications/Xcode_26.5.app/Contents/Developer/Platforms/MacOSX.platform/Developer/Library/Frameworks -c -j3 -enable-batch-mode -incremental -Xcc -ivfsstatcache -Xcc /tmp/MYR175-Clean-Mac-DD/SDKStatCaches.noindex/macosx26.5-25F70-688ef53f1462e2c8f657fdc38a81448f3599ee76dc2a8020dfcb4b41ead48a8c.sdkstatcache -output-file-map /tmp/MYR175-Clean-Mac-DD/Build/Intermediates.noindex/AnchoredSequenceCore.build/Debug/AnchoredSequenceCore.build/Objects-normal/arm64/AnchoredSequenceCore-OutputFileMap.json -use-frontend-parseable-output -save-temps -no-color-diagnostics -explicit-module-build -module-cache-path /tmp/MYR175-Clean-Mac-DD/Build/Intermediates.noindex/SwiftExplicitPrecompiledModules -clang-scanner-module-cache-path /tmp/MYR175-Clean-Mac-DD/ModuleCache.noindex -sdk-module-cache-path /tmp/MYR175-Clean-Mac-DD/ModuleCache.noindex -serialize-diagnostics -emit-dependencies -emit-module -emit-module-path /tmp/MYR175-Clean-Mac-DD/Build/Intermediates.noindex/AnchoredSequenceCore.build/Debug/AnchoredSequenceCore.build/Objects-normal/arm64/AnchoredSequenceCore.swiftmodule -validate-clang-modules-once -clang-build-session-file /tmp/MYR175-Clean-Mac-DD/ModuleCache.noindex/Session.modulevalidation -package-name anchoredsequencecore -Xcc -I/tmp/MYR175-Clean-Mac-DD/Build/Intermediates.noindex/AnchoredSequenceCore.build/Debug/AnchoredSequenceCore.build/swift-overrides.hmap -emit-const-values -Xfrontend -const-gather-protocols-file -Xfrontend /tmp/MYR175-Clean-Mac-DD/Build/Intermediates.noindex/AnchoredSequenceCore.build/Debug/AnchoredSequenceCore.build/Objects-normal/arm64/AnchoredSequenceCore_const_extract_protocols.json -Xcc -I/tmp/MYR175-Clean-Mac-DD/Build/Products/Debug/include -Xcc -I/tmp/MYR175-Clean-Mac-DD/Build/Intermediates.noindex/AnchoredSequenceCore.build/Debug/AnchoredSequenceCore.build/DerivedSources-normal/arm64 -Xcc -I/tmp/MYR175-Clean-Mac-DD/Build/Intermediates.noindex/AnchoredSequenceCore.build/Debug/AnchoredSequenceCore.build/DerivedSources/arm64 -Xcc -I/tmp/MYR175-Clean-Mac-DD/Build/Intermediates.noindex/AnchoredSequenceCore.build/Debug/AnchoredSequenceCore.build/DerivedSources -Xcc -DSWIFT_PACKAGE -Xcc -DDEBUG\=1 -emit-objc-header -emit-objc-header-path /tmp/MYR175-Clean-Mac-DD/Build/Intermediates.noindex/AnchoredSequenceCore.build/Debug/AnchoredSequenceCore.build/Objects-normal/arm64/AnchoredSequenceCore-Swift.h -working-directory /Users/runner/work/MyRAM-iOS/MyRAM-iOS/MyRAM-iOS/MyRAM.xcodeproj -experimental-emit-module-separately -disable-cmo

SwiftExplicitDependencyGeneratePcm arm64 /tmp/MYR175-Clean-Mac-DD/ModuleCache.noindex/UserNotifications-EUNZPI7BBX43SDYFLPPX59SEO.pcm

SwiftMergeGeneratedHeaders /tmp/MYR175-Clean-Mac-DD/Build/Intermediates.noindex/GeneratedModuleMaps/AnchoredSequenceCore-Swift.h /tmp/MYR175-Clean-Mac-DD/Build/Intermediates.noindex/AnchoredSequenceCore.build/Debug/AnchoredSequenceCore.build/Objects-normal/arm64/AnchoredSequenceCore-Swift.h (in target 'AnchoredSequenceCore' from project 'AnchoredSequenceCore')
    cd /Users/runner/work/MyRAM-iOS/MyRAM-iOS/MyRAM-iOS/Packages/AnchoredSequenceCore
    builtin-swiftHeaderTool -arch arm64 /tmp/MYR175-Clean-Mac-DD/Build/Intermediates.noindex/AnchoredSequenceCore.build/Debug/AnchoredSequenceCore.build/Objects-normal/arm64/AnchoredSequenceCore-Swift.h -o /tmp/MYR175-Clean-Mac-DD/Build/Intermediates.noindex/GeneratedModuleMaps/AnchoredSequenceCore-Swift.h

Copy /tmp/MYR175-Clean-Mac-DD/Build/Products/Debug/AnchoredSequenceCore.swiftmodule/arm64-apple-macos.swiftmodule /tmp/MYR175-Clean-Mac-DD/Build/Intermediates.noindex/AnchoredSequenceCore.build/Debug/AnchoredSequenceCore.build/Objects-normal/arm64/AnchoredSequenceCore.swiftmodule (in target 'AnchoredSequenceCore' from project 'AnchoredSequenceCore')
    cd /Users/runner/work/MyRAM-iOS/MyRAM-iOS/MyRAM-iOS/Packages/AnchoredSequenceCore
    builtin-copy -exclude .DS_Store -exclude CVS -exclude .svn -exclude .git -exclude .hg -resolve-src-symlinks -rename /tmp/MYR175-Clean-Mac-DD/Build/Intermediates.noindex/AnchoredSequenceCore.build/Debug/AnchoredSequenceCore.build/Objects-normal/arm64/AnchoredSequenceCore.swiftmodule /tmp/MYR175-Clean-Mac-DD/Build/Products/Debug/AnchoredSequenceCore.swiftmodule/arm64-apple-macos.swiftmodule

Copy /tmp/MYR175-Clean-Mac-DD/Build/Products/Debug/AnchoredSequenceCore.swiftmodule/arm64-apple-macos.swiftdoc /tmp/MYR175-Clean-Mac-DD/Build/Intermediates.noindex/AnchoredSequenceCore.build/Debug/AnchoredSequenceCore.build/Objects-normal/arm64/AnchoredSequenceCore.swiftdoc (in target 'AnchoredSequenceCore' from project 'AnchoredSequenceCore')
    cd /Users/runner/work/MyRAM-iOS/MyRAM-iOS/MyRAM-iOS/Packages/AnchoredSequenceCore
    builtin-copy -exclude .DS_Store -exclude CVS -exclude .svn -exclude .git -exclude .hg -resolve-src-symlinks -rename /tmp/MYR175-Clean-Mac-DD/Build/Intermediates.noindex/AnchoredSequenceCore.build/Debug/AnchoredSequenceCore.build/Objects-normal/arm64/AnchoredSequenceCore.swiftdoc /tmp/MYR175-Clean-Mac-DD/Build/Products/Debug/AnchoredSequenceCore.swiftmodule/arm64-apple-macos.swiftdoc

Copy /tmp/MYR175-Clean-Mac-DD/Build/Products/Debug/AnchoredSequenceCore.swiftmodule/arm64-apple-macos.abi.json /tmp/MYR175-Clean-Mac-DD/Build/Intermediates.noindex/AnchoredSequenceCore.build/Debug/AnchoredSequenceCore.build/Objects-normal/arm64/AnchoredSequenceCore.abi.json (in target 'AnchoredSequenceCore' from project 'AnchoredSequenceCore')
    cd /Users/runner/work/MyRAM-iOS/MyRAM-iOS/MyRAM-iOS/Packages/AnchoredSequenceCore
    builtin-copy -exclude .DS_Store -exclude CVS -exclude .svn -exclude .git -exclude .hg -resolve-src-symlinks -rename /tmp/MYR175-Clean-Mac-DD/Build/Intermediates.noindex/AnchoredSequenceCore.build/Debug/AnchoredSequenceCore.build/Objects-normal/arm64/AnchoredSequenceCore.abi.json /tmp/MYR175-Clean-Mac-DD/Build/Products/Debug/AnchoredSequenceCore.swiftmodule/arm64-apple-macos.abi.json

Copy /tmp/MYR175-Clean-Mac-DD/Build/Products/Debug/AnchoredSequenceCore.swiftmodule/Project/arm64-apple-macos.swiftsourceinfo /tmp/MYR175-Clean-Mac-DD/Build/Intermediates.noindex/AnchoredSequenceCore.build/Debug/AnchoredSequenceCore.build/Objects-normal/arm64/AnchoredSequenceCore.swiftsourceinfo (in target 'AnchoredSequenceCore' from project 'AnchoredSequenceCore')
    cd /Users/runner/work/MyRAM-iOS/MyRAM-iOS/MyRAM-iOS/Packages/AnchoredSequenceCore
    builtin-copy -exclude .DS_Store -exclude CVS -exclude .svn -exclude .git -exclude .hg -resolve-src-symlinks -rename /tmp/MYR175-Clean-Mac-DD/Build/Intermediates.noindex/AnchoredSequenceCore.build/Debug/AnchoredSequenceCore.build/Objects-normal/arm64/AnchoredSequenceCore.swiftsourceinfo /tmp/MYR175-Clean-Mac-DD/Build/Products/Debug/AnchoredSequenceCore.swiftmodule/Project/arm64-apple-macos.swiftsourceinfo

SwiftExplicitDependencyGeneratePcm arm64 /tmp/MYR175-Clean-Mac-DD/ModuleCache.noindex/CoreData-ENTXRF8A51GQ2GX949H83FQ0Q.pcm

SwiftExplicitDependencyGeneratePcm arm64 /tmp/MYR175-Clean-Mac-DD/ModuleCache.noindex/ApplicationServices-2Z23DKXJ19YCU9PORU9XWFQV9.pcm

SwiftExplicitDependencyGeneratePcm arm64 /tmp/MYR175-Clean-Mac-DD/ModuleCache.noindex/IOSurface-A2G8H6CUIPUS4W5S6Y0SI1NLJ.pcm

SwiftExplicitDependencyGeneratePcm arm64 /tmp/MYR175-Clean-Mac-DD/ModuleCache.noindex/RelevanceKit-6VWC4K8FRJITCWYSDJMCA5TAB.pcm

SwiftExplicitDependencyGeneratePcm arm64 /tmp/MYR175-Clean-Mac-DD/ModuleCache.noindex/Metal-7AQAZTC6GV40IMPOIJ7V31JJD.pcm

SwiftExplicitDependencyGeneratePcm arm64 /tmp/MYR175-Clean-Mac-DD/ModuleCache.noindex/AppIntents-5CYCHMB20YGU554JYQT32PTON.pcm

SwiftExplicitDependencyGeneratePcm arm64 /tmp/MYR175-Clean-Mac-DD/ModuleCache.noindex/_LocationEssentials-41GAA1WJFTAGCO9YR0769TG2B.pcm

SwiftExplicitDependencyGeneratePcm arm64 /tmp/MYR175-Clean-Mac-DD/ModuleCache.noindex/OSLog-8812S5WBQGLAMC380R43PX7FG.pcm

SwiftExplicitDependencyGeneratePcm arm64 /tmp/MYR175-Clean-Mac-DD/ModuleCache.noindex/CoreLocation-8OSF3YWZLT7R8XC4T9VGTGSFR.pcm

SwiftExplicitDependencyGeneratePcm arm64 /tmp/MYR175-Clean-Mac-DD/ModuleCache.noindex/Accessibility-9VRPY52GDW3GSDMFTWJWON7D5.pcm

SwiftExplicitDependencyGeneratePcm arm64 /tmp/MYR175-Clean-Mac-DD/ModuleCache.noindex/CoreVideo-5H914OH80CTTZBEM5ZNLYBJRC.pcm

SwiftExplicitDependencyGeneratePcm arm64 /tmp/MYR175-Clean-Mac-DD/ModuleCache.noindex/WidgetKit-5ACGHY68RVZ6TVJTFQJ5INZTM.pcm

SwiftExplicitDependencyGeneratePcm arm64 /tmp/MYR175-Clean-Mac-DD/ModuleCache.noindex/QuartzCore-F1G843LHRAV56BNYUYNB1RMQN.pcm

SwiftDriverJobDiscovery normal arm64 Compiling SyncStore.swift, TrustedPeerStore.swift (in target 'NearbySyncCore' from project 'NearbySyncCore')

SwiftExplicitDependencyGeneratePcm arm64 /tmp/MYR175-Clean-Mac-DD/ModuleCache.noindex/CoreImage-BF52V81445YP5LPB5E2UTZGNJ.pcm

SwiftExplicitDependencyGeneratePcm arm64 /tmp/MYR175-Clean-Mac-DD/ModuleCache.noindex/UniformTypeIdentifiers-2KKF7CXUDJCZD7D7Q9ZGOO86F.pcm

SwiftDriverJobDiscovery normal arm64 Compiling SyncModels.swift, SyncQueue.swift (in target 'NearbySyncCore' from project 'NearbySyncCore')

SwiftExplicitDependencyGeneratePcm arm64 /tmp/MYR175-Clean-Mac-DD/ModuleCache.noindex/Symbols-EMY8L04C7GH22DY9MVI2UF111.pcm

SwiftExplicitDependencyGeneratePcm arm64 /tmp/MYR175-Clean-Mac-DD/ModuleCache.noindex/SwiftUICore-4ATOB7G9S0UEQSV9QX7HTHAEA.pcm

SwiftExplicitDependencyGeneratePcm arm64 /tmp/MYR175-Clean-Mac-DD/ModuleCache.noindex/CoreSpotlight-9LEBSYG0YT87XKEZBJ4DVXW3G.pcm

SwiftExplicitDependencyGeneratePcm arm64 /tmp/MYR175-Clean-Mac-DD/ModuleCache.noindex/Intents-BMWHLVCU9QYOFC2F1EY47J3LD.pcm

SwiftExplicitDependencyGeneratePcm arm64 /tmp/MYR175-Clean-Mac-DD/ModuleCache.noindex/Network-A5RFWKQWP9OF4QY4V0NXGAVMO.pcm

SwiftExplicitDependencyGeneratePcm arm64 /tmp/MYR175-Clean-Mac-DD/ModuleCache.noindex/AppKit-2SZN5AMORWQILF2W3U1EMZ9VL.pcm

SwiftExplicitDependencyGeneratePcm arm64 /tmp/MYR175-Clean-Mac-DD/ModuleCache.noindex/CoreTransferable-2RNL9CV5IG9VQG5W9HNBYHRS4.pcm

SwiftExplicitDependencyGeneratePcm arm64 /tmp/MYR175-Clean-Mac-DD/ModuleCache.noindex/DataDetection-E0RP0TAQAG36HF19K733GHCFT.pcm

SwiftCompile normal arm64 Compiling\ DebouncedChangeSender.swift,\ SyncEngine.swift /Users/runner/work/MyRAM-iOS/MyRAM-iOS/NearbySyncCore/Sources/NearbySyncCore/DebouncedChangeSender.swift /Users/runner/work/MyRAM-iOS/MyRAM-iOS/NearbySyncCore/Sources/NearbySyncCore/SyncEngine.swift (in target 'NearbySyncCore' from project 'NearbySyncCore')

SwiftCompile normal arm64 /Users/runner/work/MyRAM-iOS/MyRAM-iOS/NearbySyncCore/Sources/NearbySyncCore/DebouncedChangeSender.swift (in target 'NearbySyncCore' from project 'NearbySyncCore')
    cd /Users/runner/work/MyRAM-iOS/MyRAM-iOS/MyRAM-iOS/MyRAM.xcodeproj
    

SwiftCompile normal arm64 /Users/runner/work/MyRAM-iOS/MyRAM-iOS/NearbySyncCore/Sources/NearbySyncCore/SyncEngine.swift (in target 'NearbySyncCore' from project 'NearbySyncCore')
    cd /Users/runner/work/MyRAM-iOS/MyRAM-iOS/MyRAM-iOS/MyRAM.xcodeproj
    

SwiftCompile normal arm64 Compiling\ SyncTextOperationPayload.swift,\ SyncTextSequenceState.swift /Users/runner/work/MyRAM-iOS/MyRAM-iOS/MyRAM-iOS/Packages/AnchoredSequenceCore/Sources/AnchoredSequenceCore/SyncTextOperationPayload.swift /Users/runner/work/MyRAM-iOS/MyRAM-iOS/MyRAM-iOS/Packages/AnchoredSequenceCore/Sources/AnchoredSequenceCore/SyncTextSequenceState.swift (in target 'AnchoredSequenceCore' from project 'AnchoredSequenceCore')
SwiftCompile normal arm64 /Users/runner/work/MyRAM-iOS/MyRAM-iOS/MyRAM-iOS/Packages/AnchoredSequenceCore/Sources/AnchoredSequenceCore/SyncTextOperationPayload.swift (in target 'AnchoredSequenceCore' from project 'AnchoredSequenceCore')
    cd /Users/runner/work/MyRAM-iOS/MyRAM-iOS/MyRAM-iOS/MyRAM.xcodeproj
    

SwiftCompile normal arm64 /Users/runner/work/MyRAM-iOS/MyRAM-iOS/MyRAM-iOS/Packages/AnchoredSequenceCore/Sources/AnchoredSequenceCore/SyncTextSequenceState.swift (in target 'AnchoredSequenceCore' from project 'AnchoredSequenceCore')
    cd /Users/runner/work/MyRAM-iOS/MyRAM-iOS/MyRAM-iOS/MyRAM.xcodeproj
    

SwiftDriverJobDiscovery normal arm64 Compiling DebouncedChangeSender.swift, SyncEngine.swift (in target 'NearbySyncCore' from project 'NearbySyncCore')

SwiftDriver\ Compilation NearbySyncCore normal arm64 com.apple.xcode.tools.swift.compiler (in target 'NearbySyncCore' from project 'NearbySyncCore')
    cd /Users/runner/work/MyRAM-iOS/MyRAM-iOS/MyRAM-iOS/MyRAM.xcodeproj
    builtin-Swift-Compilation -- /Applications/Xcode_26.5.app/Contents/Developer/Toolchains/XcodeDefault.xctoolchain/usr/bin/swiftc -module-name NearbySyncCore -Onone @/tmp/MYR175-Clean-Mac-DD/Build/Intermediates.noindex/NearbySyncCore.build/Debug/NearbySyncCore.build/Objects-normal/arm64/NearbySyncCore.SwiftFileList -DSWIFT_PACKAGE -DDEBUG -DSWIFT_MODULE_RESOURCE_BUNDLE_UNAVAILABLE -DXcode -plugin-path /Applications/Xcode_26.5.app/Contents/Developer/Toolchains/XcodeDefault.xctoolchain/usr/lib/swift/host/plugins/testing -enable-experimental-feature DebugDescriptionMacro -sdk /Applications/Xcode_26.5.app/Contents/Developer/Platforms/MacOSX.platform/Developer/SDKs/MacOSX26.5.sdk -target arm64-apple-macos13.0 -g -module-cache-path /tmp/MYR175-Clean-Mac-DD/ModuleCache.noindex -Xfrontend -serialize-debugging-options -enable-testing -suppress-warnings -index-store-path /tmp/MYR175-Clean-Mac-DD/Index.noindex/DataStore -Xcc -D_LIBCPP_HARDENING_MODE\=_LIBCPP_HARDENING_MODE_DEBUG -swift-version 5 -I /tmp/MYR175-Clean-Mac-DD/Build/Products/Debug -Isystem /Applications/Xcode_26.5.app/Contents/Developer/Platforms/MacOSX.platform/Developer/usr/lib -F /tmp/MYR175-Clean-Mac-DD/Build/Products/Debug -F /Applications/Xcode_26.5.app/Contents/Developer/Platforms/MacOSX.platform/Developer/Library/Frameworks -c -j3 -enable-batch-mode -incremental -Xcc -ivfsstatcache -Xcc /tmp/MYR175-Clean-Mac-DD/SDKStatCaches.noindex/macosx26.5-25F70-688ef53f1462e2c8f657fdc38a81448f3599ee76dc2a8020dfcb4b41ead48a8c.sdkstatcache -output-file-map /tmp/MYR175-Clean-Mac-DD/Build/Intermediates.noindex/NearbySyncCore.build/Debug/NearbySyncCore.build/Objects-normal/arm64/NearbySyncCore-OutputFileMap.json -use-frontend-parseable-output -save-temps -no-color-diagnostics -explicit-module-build -module-cache-path /tmp/MYR175-Clean-Mac-DD/Build/Intermediates.noindex/SwiftExplicitPrecompiledModules -clang-scanner-module-cache-path /tmp/MYR175-Clean-Mac-DD/ModuleCache.noindex -sdk-module-cache-path /tmp/MYR175-Clean-Mac-DD/ModuleCache.noindex -serialize-diagnostics -emit-dependencies -emit-module -emit-module-path /tmp/MYR175-Clean-Mac-DD/Build/Intermediates.noindex/NearbySyncCore.build/Debug/NearbySyncCore.build/Objects-normal/arm64/NearbySyncCore.swiftmodule -validate-clang-modules-once -clang-build-session-file /tmp/MYR175-Clean-Mac-DD/ModuleCache.noindex/Session.modulevalidation -package-name nearbysynccore -Xcc -I/tmp/MYR175-Clean-Mac-DD/Build/Intermediates.noindex/NearbySyncCore.build/Debug/NearbySyncCore.build/swift-overrides.hmap -emit-const-values -Xfrontend -const-gather-protocols-file -Xfrontend /tmp/MYR175-Clean-Mac-DD/Build/Intermediates.noindex/NearbySyncCore.build/Debug/NearbySyncCore.build/Objects-normal/arm64/NearbySyncCore_const_extract_protocols.json -Xcc -I/tmp/MYR175-Clean-Mac-DD/Build/Products/Debug/include -Xcc -I/tmp/MYR175-Clean-Mac-DD/Build/Intermediates.noindex/NearbySyncCore.build/Debug/NearbySyncCore.build/DerivedSources-normal/arm64 -Xcc -I/tmp/MYR175-Clean-Mac-DD/Build/Intermediates.noindex/NearbySyncCore.build/Debug/NearbySyncCore.build/DerivedSources/arm64 -Xcc -I/tmp/MYR175-Clean-Mac-DD/Build/Intermediates.noindex/NearbySyncCore.build/Debug/NearbySyncCore.build/DerivedSources -Xcc -DSWIFT_PACKAGE -Xcc -DDEBUG\=1 -emit-objc-header -emit-objc-header-path /tmp/MYR175-Clean-Mac-DD/Build/Intermediates.noindex/NearbySyncCore.build/Debug/NearbySyncCore.build/Objects-normal/arm64/NearbySyncCore-Swift.h -working-directory /Users/runner/work/MyRAM-iOS/MyRAM-iOS/MyRAM-iOS/MyRAM.xcodeproj -experimental-emit-module-separately -disable-cmo

SwiftCompile normal arm64 Compiling\ SyncSequenceIdentity.swift,\ SyncTextLegacyBootstrap.swift /Users/runner/work/MyRAM-iOS/MyRAM-iOS/MyRAM-iOS/Packages/AnchoredSequenceCore/Sources/AnchoredSequenceCore/SyncSequenceIdentity.swift /Users/runner/work/MyRAM-iOS/MyRAM-iOS/MyRAM-iOS/Packages/AnchoredSequenceCore/Sources/AnchoredSequenceCore/SyncTextLegacyBootstrap.swift (in target 'AnchoredSequenceCore' from project 'AnchoredSequenceCore')

SwiftCompile normal arm64 /Users/runner/work/MyRAM-iOS/MyRAM-iOS/MyRAM-iOS/Packages/AnchoredSequenceCore/Sources/AnchoredSequenceCore/SyncSequenceIdentity.swift (in target 'AnchoredSequenceCore' from project 'AnchoredSequenceCore')
    cd /Users/runner/work/MyRAM-iOS/MyRAM-iOS/MyRAM-iOS/MyRAM.xcodeproj
    

SwiftCompile normal arm64 /Users/runner/work/MyRAM-iOS/MyRAM-iOS/MyRAM-iOS/Packages/AnchoredSequenceCore/Sources/AnchoredSequenceCore/SyncTextLegacyBootstrap.swift (in target 'AnchoredSequenceCore' from project 'AnchoredSequenceCore')
    cd /Users/runner/work/MyRAM-iOS/MyRAM-iOS/MyRAM-iOS/MyRAM.xcodeproj
    

SwiftCompile normal arm64 Compiling\ SyncActorSequenceReservation.swift,\ SyncOperationIDOrder.swift /Users/runner/work/MyRAM-iOS/MyRAM-iOS/MyRAM-iOS/Packages/AnchoredSequenceCore/Sources/AnchoredSequenceCore/SyncActorSequenceReservation.swift /Users/runner/work/MyRAM-iOS/MyRAM-iOS/MyRAM-iOS/Packages/AnchoredSequenceCore/Sources/AnchoredSequenceCore/SyncOperationIDOrder.swift (in target 'AnchoredSequenceCore' from project 'AnchoredSequenceCore')

SwiftCompile normal arm64 /Users/runner/work/MyRAM-iOS/MyRAM-iOS/MyRAM-iOS/Packages/AnchoredSequenceCore/Sources/AnchoredSequenceCore/SyncActorSequenceReservation.swift (in target 'AnchoredSequenceCore' from project 'AnchoredSequenceCore')
    cd /Users/runner/work/MyRAM-iOS/MyRAM-iOS/MyRAM-iOS/MyRAM.xcodeproj
    

SwiftCompile normal arm64 /Users/runner/work/MyRAM-iOS/MyRAM-iOS/MyRAM-iOS/Packages/AnchoredSequenceCore/Sources/AnchoredSequenceCore/SyncOperationIDOrder.swift (in target 'AnchoredSequenceCore' from project 'AnchoredSequenceCore')
    cd /Users/runner/work/MyRAM-iOS/MyRAM-iOS/MyRAM-iOS/MyRAM.xcodeproj
    

SwiftExplicitDependencyGeneratePcm arm64 /tmp/MYR175-Clean-Mac-DD/ModuleCache.noindex/SwiftUI-5N43LOWVBST2G40ALI00JCUL0.pcm

SwiftDriverJobDiscovery normal arm64 Compiling SyncActorSequenceReservation.swift, SyncOperationIDOrder.swift (in target 'AnchoredSequenceCore' from project 'AnchoredSequenceCore')

SwiftDriverJobDiscovery normal arm64 Compiling SyncSequenceIdentity.swift, SyncTextLegacyBootstrap.swift (in target 'AnchoredSequenceCore' from project 'AnchoredSequenceCore')

Ld /tmp/MYR175-Clean-Mac-DD/Build/Products/Debug/NearbySyncCore.o normal (in target 'NearbySyncCore' from project 'NearbySyncCore')
    cd /Users/runner/work/MyRAM-iOS/MyRAM-iOS/NearbySyncCore
    /Applications/Xcode_26.5.app/Contents/Developer/Toolchains/XcodeDefault.xctoolchain/usr/bin/clang -Xlinker -reproducible -target arm64-apple-macos13.0 -r -isysroot /Applications/Xcode_26.5.app/Contents/Developer/Platforms/MacOSX.platform/Developer/SDKs/MacOSX26.5.sdk -O0 -w -F/tmp/MYR175-Clean-Mac-DD/Build/Intermediates.noindex/EagerLinkingTBDs/Debug -F/tmp/MYR175-Clean-Mac-DD/Build/Products/Debug -iframework /Applications/Xcode_26.5.app/Contents/Developer/Platforms/MacOSX.platform/Developer/Library/Frameworks -filelist /tmp/MYR175-Clean-Mac-DD/Build/Intermediates.noindex/NearbySyncCore.build/Debug/NearbySyncCore.build/Objects-normal/arm64/NearbySyncCore.LinkFileList -nostdlib -Xlinker -object_path_lto -Xlinker /tmp/MYR175-Clean-Mac-DD/Build/Intermediates.noindex/NearbySyncCore.build/Debug/NearbySyncCore.build/Objects-normal/arm64/NearbySyncCore_lto.o -Xlinker -no_deduplicate -Xlinker -dependency_info -Xlinker /tmp/MYR175-Clean-Mac-DD/Build/Intermediates.noindex/NearbySyncCore.build/Debug/NearbySyncCore.build/Objects-normal/arm64/NearbySyncCore_dependency_info.dat -fobjc-link-runtime -L/Applications/Xcode_26.5.app/Contents/Developer/Toolchains/XcodeDefault.xctoolchain/usr/lib/swift/macosx -L/usr/lib/swift -Xlinker -add_ast_path -Xlinker /tmp/MYR175-Clean-Mac-DD/Build/Intermediates.noindex/NearbySyncCore.build/Debug/NearbySyncCore.build/Objects-normal/arm64/NearbySyncCore.swiftmodule @/tmp/MYR175-Clean-Mac-DD/Build/Intermediates.noindex/NearbySyncCore.build/Debug/NearbySyncCore.build/Objects-normal/arm64/NearbySyncCore-linker-args.resp -o /tmp/MYR175-Clean-Mac-DD/Build/Products/Debug/NearbySyncCore.o

SwiftEmitModule normal arm64 Emitting\ module\ for\ MyRAMMacWidgetExtension (in target 'MyRAMMacWidgetExtension' from project 'MyRAM')
EmitSwiftModule normal arm64 (in target 'MyRAMMacWidgetExtension' from project 'MyRAM')
    cd /Users/runner/work/MyRAM-iOS/MyRAM-iOS/MyRAM-iOS
    

SwiftCompile normal arm64 Compiling\ MyRAMWidgetSnapshotStore.swift,\ MyRAMWidgetSnapshotCodec.swift,\ GeneratedAssetSymbols.swift /Users/runner/work/MyRAM-iOS/MyRAM-iOS/MyRAM-iOS/MyRAM/WidgetShared/MyRAMWidgetSnapshotStore.swift /Users/runner/work/MyRAM-iOS/MyRAM-iOS/MyRAM-iOS/MyRAM/WidgetShared/MyRAMWidgetSnapshotCodec.swift /tmp/MYR175-Clean-Mac-DD/Build/Intermediates.noindex/MyRAM.build/Debug/MyRAMMacWidgetExtension.build/DerivedSources/GeneratedAssetSymbols.swift (in target 'MyRAMMacWidgetExtension' from project 'MyRAM')
SwiftCompile normal arm64 /Users/runner/work/MyRAM-iOS/MyRAM-iOS/MyRAM-iOS/MyRAM/WidgetShared/MyRAMWidgetSnapshotStore.swift (in target 'MyRAMMacWidgetExtension' from project 'MyRAM')
    cd /Users/runner/work/MyRAM-iOS/MyRAM-iOS/MyRAM-iOS
    

SwiftCompile normal arm64 /Users/runner/work/MyRAM-iOS/MyRAM-iOS/MyRAM-iOS/MyRAM/WidgetShared/MyRAMWidgetSnapshotCodec.swift (in target 'MyRAMMacWidgetExtension' from project 'MyRAM')
    cd /Users/runner/work/MyRAM-iOS/MyRAM-iOS/MyRAM-iOS
    

SwiftCompile normal arm64 /tmp/MYR175-Clean-Mac-DD/Build/Intermediates.noindex/MyRAM.build/Debug/MyRAMMacWidgetExtension.build/DerivedSources/GeneratedAssetSymbols.swift (in target 'MyRAMMacWidgetExtension' from project 'MyRAM')
    cd /Users/runner/work/MyRAM-iOS/MyRAM-iOS/MyRAM-iOS
    

SwiftDriverJobDiscovery normal arm64 Compiling SyncTextOperationPayload.swift, SyncTextSequenceState.swift (in target 'AnchoredSequenceCore' from project 'AnchoredSequenceCore')

SwiftCompile normal arm64 Compiling\ MyRAMMacWidgetBundle.swift,\ MyRAMWidgetRuntimeConfiguration.swift,\ MyRAMWidgetContentSelectionPolicy.swift /Users/runner/work/MyRAM-iOS/MyRAM-iOS/MyRAM-iOS/MyRAMMacWidget/MyRAMMacWidgetBundle.swift /Users/runner/work/MyRAM-iOS/MyRAM-iOS/MyRAM-iOS/MyRAM/WidgetShared/MyRAMWidgetRuntimeConfiguration.swift /Users/runner/work/MyRAM-iOS/MyRAM-iOS/MyRAM-iOS/MyRAM/WidgetShared/MyRAMWidgetContentSelectionPolicy.swift (in target 'MyRAMMacWidgetExtension' from project 'MyRAM')
SwiftCompile normal arm64 /Users/runner/work/MyRAM-iOS/MyRAM-iOS/MyRAM-iOS/MyRAMMacWidget/MyRAMMacWidgetBundle.swift (in target 'MyRAMMacWidgetExtension' from project 'MyRAM')
    cd /Users/runner/work/MyRAM-iOS/MyRAM-iOS/MyRAM-iOS
    

SwiftCompile normal arm64 /Users/runner/work/MyRAM-iOS/MyRAM-iOS/MyRAM-iOS/MyRAM/WidgetShared/MyRAMWidgetRuntimeConfiguration.swift (in target 'MyRAMMacWidgetExtension' from project 'MyRAM')
    cd /Users/runner/work/MyRAM-iOS/MyRAM-iOS/MyRAM-iOS
    

SwiftCompile normal arm64 /Users/runner/work/MyRAM-iOS/MyRAM-iOS/MyRAM-iOS/MyRAM/WidgetShared/MyRAMWidgetContentSelectionPolicy.swift (in target 'MyRAMMacWidgetExtension' from project 'MyRAM')
    cd /Users/runner/work/MyRAM-iOS/MyRAM-iOS/MyRAM-iOS
    

SwiftCompile normal arm64 Compiling\ MyRAMWidgetSnapshot.swift,\ MyRAMWidgetDeepLink.swift,\ MyRAMMacWidget.swift /Users/runner/work/MyRAM-iOS/MyRAM-iOS/MyRAM-iOS/MyRAM/WidgetShared/MyRAMWidgetSnapshot.swift /Users/runner/work/MyRAM-iOS/MyRAM-iOS/MyRAM-iOS/MyRAM/WidgetShared/MyRAMWidgetDeepLink.swift /Users/runner/work/MyRAM-iOS/MyRAM-iOS/MyRAM-iOS/MyRAMMacWidget/MyRAMMacWidget.swift (in target 'MyRAMMacWidgetExtension' from project 'MyRAM')

SwiftCompile normal arm64 /Users/runner/work/MyRAM-iOS/MyRAM-iOS/MyRAM-iOS/MyRAM/WidgetShared/MyRAMWidgetSnapshot.swift (in target 'MyRAMMacWidgetExtension' from project 'MyRAM')
    cd /Users/runner/work/MyRAM-iOS/MyRAM-iOS/MyRAM-iOS
    

SwiftCompile normal arm64 /Users/runner/work/MyRAM-iOS/MyRAM-iOS/MyRAM-iOS/MyRAM/WidgetShared/MyRAMWidgetDeepLink.swift (in target 'MyRAMMacWidgetExtension' from project 'MyRAM')
    cd /Users/runner/work/MyRAM-iOS/MyRAM-iOS/MyRAM-iOS
    

SwiftCompile normal arm64 /Users/runner/work/MyRAM-iOS/MyRAM-iOS/MyRAM-iOS/MyRAMMacWidget/MyRAMMacWidget.swift (in target 'MyRAMMacWidgetExtension' from project 'MyRAM')
    cd /Users/runner/work/MyRAM-iOS/MyRAM-iOS/MyRAM-iOS
    

SwiftDriverJobDiscovery normal arm64 Emitting module for MyRAMMacWidgetExtension (in target 'MyRAMMacWidgetExtension' from project 'MyRAM')

SwiftDriver\ Compilation\ Requirements MyRAMMacWidgetExtension normal arm64 com.apple.xcode.tools.swift.compiler (in target 'MyRAMMacWidgetExtension' from project 'MyRAM')
    cd /Users/runner/work/MyRAM-iOS/MyRAM-iOS/MyRAM-iOS
    builtin-Swift-Compilation-Requirements -- /Applications/Xcode_26.5.app/Contents/Developer/Toolchains/XcodeDefault.xctoolchain/usr/bin/swiftc -module-name MyRAMMacWidgetExtension -Onone @/tmp/MYR175-Clean-Mac-DD/Build/Intermediates.noindex/MyRAM.build/Debug/MyRAMMacWidgetExtension.build/Objects-normal/arm64/MyRAMMacWidgetExtension.SwiftFileList -DDEBUG -enable-bare-slash-regex -enable-upcoming-feature DisableOutwardActorInference -enable-upcoming-feature InferSendableFromCaptures -enable-upcoming-feature GlobalActorIsolatedTypesUsability -enable-upcoming-feature MemberImportVisibility -enable-upcoming-feature InferIsolatedConformances -enable-upcoming-feature NonisolatedNonsendingByDefault -enable-experimental-feature DebugDescriptionMacro -sdk /Applications/Xcode_26.5.app/Contents/Developer/Platforms/MacOSX.platform/Developer/SDKs/MacOSX26.5.sdk -target arm64-apple-macos14.0 -g -module-cache-path /tmp/MYR175-Clean-Mac-DD/ModuleCache.noindex -Xfrontend -serialize-debugging-options -application-extension -enable-testing -index-store-path /tmp/MYR175-Clean-Mac-DD/Index.noindex/DataStore -Xcc -D_LIBCPP_HARDENING_MODE\=_LIBCPP_HARDENING_MODE_DEBUG -swift-version 5 -I /tmp/MYR175-Clean-Mac-DD/Build/Products/Debug -F /tmp/MYR175-Clean-Mac-DD/Build/Products/Debug -emit-localized-strings -emit-localized-strings-path /tmp/MYR175-Clean-Mac-DD/Build/Intermediates.noindex/MyRAM.build/Debug/MyRAMMacWidgetExtension.build/Objects-normal/arm64 -c -j3 -enable-batch-mode -incremental -Xcc -ivfsstatcache -Xcc /tmp/MYR175-Clean-Mac-DD/SDKStatCaches.noindex/macosx26.5-25F70-688ef53f1462e2c8f657fdc38a81448f3599ee76dc2a8020dfcb4b41ead48a8c.sdkstatcache -output-file-map /tmp/MYR175-Clean-Mac-DD/Build/Intermediates.noindex/MyRAM.build/Debug/MyRAMMacWidgetExtension.build/Objects-normal/arm64/MyRAMMacWidgetExtension-OutputFileMap.json -use-frontend-parseable-output -save-temps -no-color-diagnostics -explicit-module-build -module-cache-path /tmp/MYR175-Clean-Mac-DD/Build/Intermediates.noindex/SwiftExplicitPrecompiledModules -clang-scanner-module-cache-path /tmp/MYR175-Clean-Mac-DD/ModuleCache.noindex -sdk-module-cache-path /tmp/MYR175-Clean-Mac-DD/ModuleCache.noindex -serialize-diagnostics -emit-dependencies -emit-module -emit-module-path /tmp/MYR175-Clean-Mac-DD/Build/Intermediates.noindex/MyRAM.build/Debug/MyRAMMacWidgetExtension.build/Objects-normal/arm64/MyRAMMacWidgetExtension.swiftmodule -validate-clang-modules-once -clang-build-session-file /tmp/MYR175-Clean-Mac-DD/ModuleCache.noindex/Session.modulevalidation -Xcc -I/tmp/MYR175-Clean-Mac-DD/Build/Intermediates.noindex/MyRAM.build/Debug/MyRAMMacWidgetExtension.build/swift-overrides.hmap -emit-const-values -Xfrontend -const-gather-protocols-file -Xfrontend /tmp/MYR175-Clean-Mac-DD/Build/Intermediates.noindex/MyRAM.build/Debug/MyRAMMacWidgetExtension.build/Objects-normal/arm64/MyRAMMacWidgetExtension_const_extract_protocols.json -Xcc -iquote -Xcc /tmp/MYR175-Clean-Mac-DD/Build/Intermediates.noindex/MyRAM.build/Debug/MyRAMMacWidgetExtension.build/MyRAMMacWidgetExtension-generated-files.hmap -Xcc -I/tmp/MYR175-Clean-Mac-DD/Build/Intermediates.noindex/MyRAM.build/Debug/MyRAMMacWidgetExtension.build/MyRAMMacWidgetExtension-own-target-headers.hmap -Xcc -I/tmp/MYR175-Clean-Mac-DD/Build/Intermediates.noindex/MyRAM.build/Debug/MyRAMMacWidgetExtension.build/MyRAMMacWidgetExtension-all-non-framework-target-headers.hmap -Xcc -ivfsoverlay -Xcc /tmp/MYR175-Clean-Mac-DD/Build/Intermediates.noindex/MyRAM.build/Debug/MyRAM-98a9cbde253e8e955bc92731eb290203-VFS/all-product-headers.yaml -Xcc -iquote -Xcc /tmp/MYR175-Clean-Mac-DD/Build/Intermediates.noindex/MyRAM.build/Debug/MyRAMMacWidgetExtension.build/MyRAMMacWidgetExtension-project-headers.hmap -Xcc -I/tmp/MYR175-Clean-Mac-DD/Build/Products/Debug/include -Xcc -I/tmp/MYR175-Clean-Mac-DD/Build/Intermediates.noindex/MyRAM.build/Debug/MyRAMMacWidgetExtension.build/DerivedSources-normal/arm64 -Xcc -I/tmp/MYR175-Clean-Mac-DD/Build/Intermediates.noindex/MyRAM.build/Debug/MyRAMMacWidgetExtension.build/DerivedSources/arm64 -Xcc -I/tmp/MYR175-Clean-Mac-DD/Build/Intermediates.noindex/MyRAM.build/Debug/MyRAMMacWidgetExtension.build/DerivedSources -Xcc -DDEBUG\=1 -emit-objc-header -emit-objc-header-path /tmp/MYR175-Clean-Mac-DD/Build/Intermediates.noindex/MyRAM.build/Debug/MyRAMMacWidgetExtension.build/Objects-normal/arm64/MyRAMMacWidgetExtension-Swift.h -working-directory /Users/runner/work/MyRAM-iOS/MyRAM-iOS/MyRAM-iOS -experimental-emit-module-separately -disable-cmo

SwiftDriverJobDiscovery normal arm64 Compiling MyRAMWidgetSnapshotStore.swift, MyRAMWidgetSnapshotCodec.swift, GeneratedAssetSymbols.swift (in target 'MyRAMMacWidgetExtension' from project 'MyRAM')

SwiftDriver\ Compilation AnchoredSequenceCore normal arm64 com.apple.xcode.tools.swift.compiler (in target 'AnchoredSequenceCore' from project 'AnchoredSequenceCore')
    cd /Users/runner/work/MyRAM-iOS/MyRAM-iOS/MyRAM-iOS/MyRAM.xcodeproj
    builtin-Swift-Compilation -- /Applications/Xcode_26.5.app/Contents/Developer/Toolchains/XcodeDefault.xctoolchain/usr/bin/swiftc -module-name AnchoredSequenceCore -Onone @/tmp/MYR175-Clean-Mac-DD/Build/Intermediates.noindex/AnchoredSequenceCore.build/Debug/AnchoredSequenceCore.build/Objects-normal/arm64/AnchoredSequenceCore.SwiftFileList -DSWIFT_PACKAGE -DDEBUG -DSWIFT_MODULE_RESOURCE_BUNDLE_UNAVAILABLE -DXcode -plugin-path /Applications/Xcode_26.5.app/Contents/Developer/Toolchains/XcodeDefault.xctoolchain/usr/lib/swift/host/plugins/testing -enable-experimental-feature DebugDescriptionMacro -sdk /Applications/Xcode_26.5.app/Contents/Developer/Platforms/MacOSX.platform/Developer/SDKs/MacOSX26.5.sdk -target arm64-apple-macos13.0 -g -module-cache-path /tmp/MYR175-Clean-Mac-DD/ModuleCache.noindex -Xfrontend -serialize-debugging-options -enable-testing -suppress-warnings -index-store-path /tmp/MYR175-Clean-Mac-DD/Index.noindex/DataStore -Xcc -D_LIBCPP_HARDENING_MODE\=_LIBCPP_HARDENING_MODE_DEBUG -swift-version 5 -I /tmp/MYR175-Clean-Mac-DD/Build/Products/Debug -Isystem /Applications/Xcode_26.5.app/Contents/Developer/Platforms/MacOSX.platform/Developer/usr/lib -F /tmp/MYR175-Clean-Mac-DD/Build/Products/Debug -F /Applications/Xcode_26.5.app/Contents/Developer/Platforms/MacOSX.platform/Developer/Library/Frameworks -c -j3 -enable-batch-mode -incremental -Xcc -ivfsstatcache -Xcc /tmp/MYR175-Clean-Mac-DD/SDKStatCaches.noindex/macosx26.5-25F70-688ef53f1462e2c8f657fdc38a81448f3599ee76dc2a8020dfcb4b41ead48a8c.sdkstatcache -output-file-map /tmp/MYR175-Clean-Mac-DD/Build/Intermediates.noindex/AnchoredSequenceCore.build/Debug/AnchoredSequenceCore.build/Objects-normal/arm64/AnchoredSequenceCore-OutputFileMap.json -use-frontend-parseable-output -save-temps -no-color-diagnostics -explicit-module-build -module-cache-path /tmp/MYR175-Clean-Mac-DD/Build/Intermediates.noindex/SwiftExplicitPrecompiledModules -clang-scanner-module-cache-path /tmp/MYR175-Clean-Mac-DD/ModuleCache.noindex -sdk-module-cache-path /tmp/MYR175-Clean-Mac-DD/ModuleCache.noindex -serialize-diagnostics -emit-dependencies -emit-module -emit-module-path /tmp/MYR175-Clean-Mac-DD/Build/Intermediates.noindex/AnchoredSequenceCore.build/Debug/AnchoredSequenceCore.build/Objects-normal/arm64/AnchoredSequenceCore.swiftmodule -validate-clang-modules-once -clang-build-session-file /tmp/MYR175-Clean-Mac-DD/ModuleCache.noindex/Session.modulevalidation -package-name anchoredsequencecore -Xcc -I/tmp/MYR175-Clean-Mac-DD/Build/Intermediates.noindex/AnchoredSequenceCore.build/Debug/AnchoredSequenceCore.build/swift-overrides.hmap -emit-const-values -Xfrontend -const-gather-protocols-file -Xfrontend /tmp/MYR175-Clean-Mac-DD/Build/Intermediates.noindex/AnchoredSequenceCore.build/Debug/AnchoredSequenceCore.build/Objects-normal/arm64/AnchoredSequenceCore_const_extract_protocols.json -Xcc -I/tmp/MYR175-Clean-Mac-DD/Build/Products/Debug/include -Xcc -I/tmp/MYR175-Clean-Mac-DD/Build/Intermediates.noindex/AnchoredSequenceCore.build/Debug/AnchoredSequenceCore.build/DerivedSources-normal/arm64 -Xcc -I/tmp/MYR175-Clean-Mac-DD/Build/Intermediates.noindex/AnchoredSequenceCore.build/Debug/AnchoredSequenceCore.build/DerivedSources/arm64 -Xcc -I/tmp/MYR175-Clean-Mac-DD/Build/Intermediates.noindex/AnchoredSequenceCore.build/Debug/AnchoredSequenceCore.build/DerivedSources -Xcc -DSWIFT_PACKAGE -Xcc -DDEBUG\=1 -emit-objc-header -emit-objc-header-path /tmp/MYR175-Clean-Mac-DD/Build/Intermediates.noindex/AnchoredSequenceCore.build/Debug/AnchoredSequenceCore.build/Objects-normal/arm64/AnchoredSequenceCore-Swift.h -working-directory /Users/runner/work/MyRAM-iOS/MyRAM-iOS/MyRAM-iOS/MyRAM.xcodeproj -experimental-emit-module-separately -disable-cmo

SwiftMergeGeneratedHeaders /tmp/MYR175-Clean-Mac-DD/Build/Intermediates.noindex/MyRAM.build/Debug/MyRAMMacWidgetExtension.build/DerivedSources/MyRAMMacWidgetExtension-Swift.h /tmp/MYR175-Clean-Mac-DD/Build/Intermediates.noindex/MyRAM.build/Debug/MyRAMMacWidgetExtension.build/Objects-normal/arm64/MyRAMMacWidgetExtension-Swift.h (in target 'MyRAMMacWidgetExtension' from project 'MyRAM')
    cd /Users/runner/work/MyRAM-iOS/MyRAM-iOS/MyRAM-iOS
    builtin-swiftHeaderTool -arch arm64 /tmp/MYR175-Clean-Mac-DD/Build/Intermediates.noindex/MyRAM.build/Debug/MyRAMMacWidgetExtension.build/Objects-normal/arm64/MyRAMMacWidgetExtension-Swift.h -o /tmp/MYR175-Clean-Mac-DD/Build/Intermediates.noindex/MyRAM.build/Debug/MyRAMMacWidgetExtension.build/DerivedSources/MyRAMMacWidgetExtension-Swift.h

Copy /tmp/MYR175-Clean-Mac-DD/Build/Products/Debug/MyRAMMacWidgetExtension.swiftmodule/arm64-apple-macos.swiftmodule /tmp/MYR175-Clean-Mac-DD/Build/Intermediates.noindex/MyRAM.build/Debug/MyRAMMacWidgetExtension.build/Objects-normal/arm64/MyRAMMacWidgetExtension.swiftmodule (in target 'MyRAMMacWidgetExtension' from project 'MyRAM')
    cd /Users/runner/work/MyRAM-iOS/MyRAM-iOS/MyRAM-iOS
    builtin-copy -exclude .DS_Store -exclude CVS -exclude .svn -exclude .git -exclude .hg -resolve-src-symlinks -rename /tmp/MYR175-Clean-Mac-DD/Build/Intermediates.noindex/MyRAM.build/Debug/MyRAMMacWidgetExtension.build/Objects-normal/arm64/MyRAMMacWidgetExtension.swiftmodule /tmp/MYR175-Clean-Mac-DD/Build/Products/Debug/MyRAMMacWidgetExtension.swiftmodule/arm64-apple-macos.swiftmodule

Copy /tmp/MYR175-Clean-Mac-DD/Build/Products/Debug/MyRAMMacWidgetExtension.swiftmodule/arm64-apple-macos.swiftdoc /tmp/MYR175-Clean-Mac-DD/Build/Intermediates.noindex/MyRAM.build/Debug/MyRAMMacWidgetExtension.build/Objects-normal/arm64/MyRAMMacWidgetExtension.swiftdoc (in target 'MyRAMMacWidgetExtension' from project 'MyRAM')
    cd /Users/runner/work/MyRAM-iOS/MyRAM-iOS/MyRAM-iOS
    builtin-copy -exclude .DS_Store -exclude CVS -exclude .svn -exclude .git -exclude .hg -resolve-src-symlinks -rename /tmp/MYR175-Clean-Mac-DD/Build/Intermediates.noindex/MyRAM.build/Debug/MyRAMMacWidgetExtension.build/Objects-normal/arm64/MyRAMMacWidgetExtension.swiftdoc /tmp/MYR175-Clean-Mac-DD/Build/Products/Debug/MyRAMMacWidgetExtension.swiftmodule/arm64-apple-macos.swiftdoc

Copy /tmp/MYR175-Clean-Mac-DD/Build/Products/Debug/MyRAMMacWidgetExtension.swiftmodule/arm64-apple-macos.abi.json /tmp/MYR175-Clean-Mac-DD/Build/Intermediates.noindex/MyRAM.build/Debug/MyRAMMacWidgetExtension.build/Objects-normal/arm64/MyRAMMacWidgetExtension.abi.json (in target 'MyRAMMacWidgetExtension' from project 'MyRAM')
    cd /Users/runner/work/MyRAM-iOS/MyRAM-iOS/MyRAM-iOS
    builtin-copy -exclude .DS_Store -exclude CVS -exclude .svn -exclude .git -exclude .hg -resolve-src-symlinks -rename /tmp/MYR175-Clean-Mac-DD/Build/Intermediates.noindex/MyRAM.build/Debug/MyRAMMacWidgetExtension.build/Objects-normal/arm64/MyRAMMacWidgetExtension.abi.json /tmp/MYR175-Clean-Mac-DD/Build/Products/Debug/MyRAMMacWidgetExtension.swiftmodule/arm64-apple-macos.abi.json

Copy /tmp/MYR175-Clean-Mac-DD/Build/Products/Debug/MyRAMMacWidgetExtension.swiftmodule/Project/arm64-apple-macos.swiftsourceinfo /tmp/MYR175-Clean-Mac-DD/Build/Intermediates.noindex/MyRAM.build/Debug/MyRAMMacWidgetExtension.build/Objects-normal/arm64/MyRAMMacWidgetExtension.swiftsourceinfo (in target 'MyRAMMacWidgetExtension' from project 'MyRAM')
    cd /Users/runner/work/MyRAM-iOS/MyRAM-iOS/MyRAM-iOS
    builtin-copy -exclude .DS_Store -exclude CVS -exclude .svn -exclude .git -exclude .hg -resolve-src-symlinks -rename /tmp/MYR175-Clean-Mac-DD/Build/Intermediates.noindex/MyRAM.build/Debug/MyRAMMacWidgetExtension.build/Objects-normal/arm64/MyRAMMacWidgetExtension.swiftsourceinfo /tmp/MYR175-Clean-Mac-DD/Build/Products/Debug/MyRAMMacWidgetExtension.swiftmodule/Project/arm64-apple-macos.swiftsourceinfo

Ld /tmp/MYR175-Clean-Mac-DD/Build/Products/Debug/AnchoredSequenceCore.o normal (in target 'AnchoredSequenceCore' from project 'AnchoredSequenceCore')
    cd /Users/runner/work/MyRAM-iOS/MyRAM-iOS/MyRAM-iOS/Packages/AnchoredSequenceCore
    /Applications/Xcode_26.5.app/Contents/Developer/Toolchains/XcodeDefault.xctoolchain/usr/bin/clang -Xlinker -reproducible -target arm64-apple-macos13.0 -r -isysroot /Applications/Xcode_26.5.app/Contents/Developer/Platforms/MacOSX.platform/Developer/SDKs/MacOSX26.5.sdk -O0 -w -F/tmp/MYR175-Clean-Mac-DD/Build/Intermediates.noindex/EagerLinkingTBDs/Debug -F/tmp/MYR175-Clean-Mac-DD/Build/Products/Debug -iframework /Applications/Xcode_26.5.app/Contents/Developer/Platforms/MacOSX.platform/Developer/Library/Frameworks -filelist /tmp/MYR175-Clean-Mac-DD/Build/Intermediates.noindex/AnchoredSequenceCore.build/Debug/AnchoredSequenceCore.build/Objects-normal/arm64/AnchoredSequenceCore.LinkFileList -nostdlib -Xlinker -object_path_lto -Xlinker /tmp/MYR175-Clean-Mac-DD/Build/Intermediates.noindex/AnchoredSequenceCore.build/Debug/AnchoredSequenceCore.build/Objects-normal/arm64/AnchoredSequenceCore_lto.o -Xlinker -no_deduplicate -Xlinker -dependency_info -Xlinker /tmp/MYR175-Clean-Mac-DD/Build/Intermediates.noindex/AnchoredSequenceCore.build/Debug/AnchoredSequenceCore.build/Objects-normal/arm64/AnchoredSequenceCore_dependency_info.dat -fobjc-link-runtime -L/Applications/Xcode_26.5.app/Contents/Developer/Toolchains/XcodeDefault.xctoolchain/usr/lib/swift/macosx -L/usr/lib/swift -Xlinker -add_ast_path -Xlinker /tmp/MYR175-Clean-Mac-DD/Build/Intermediates.noindex/AnchoredSequenceCore.build/Debug/AnchoredSequenceCore.build/Objects-normal/arm64/AnchoredSequenceCore.swiftmodule @/tmp/MYR175-Clean-Mac-DD/Build/Intermediates.noindex/AnchoredSequenceCore.build/Debug/AnchoredSequenceCore.build/Objects-normal/arm64/AnchoredSequenceCore-linker-args.resp -o /tmp/MYR175-Clean-Mac-DD/Build/Products/Debug/AnchoredSequenceCore.o

ExtractAppIntentsMetadata (in target 'NearbySyncCore' from project 'NearbySyncCore')
    cd /Users/runner/work/MyRAM-iOS/MyRAM-iOS/NearbySyncCore
    /Applications/Xcode_26.5.app/Contents/Developer/Toolchains/XcodeDefault.xctoolchain/usr/bin/appintentsmetadataprocessor --toolchain-dir /var/run/com.apple.security.cryptexd/mnt/com.apple.MobileAsset.MetalToolchain-v17.6.42.0.97yE86/Metal.xctoolchain --module-name NearbySyncCore --sdk-root /Applications/Xcode_26.5.app/Contents/Developer/Platforms/MacOSX.platform/Developer/SDKs/MacOSX26.5.sdk --xcode-version 17F42 --platform-family macOS --deployment-target 13.0 --bundle-identifier nearbysynccore.NearbySyncCore --output /tmp/MYR175-Clean-Mac-DD/Build/Products/Debug/NearbySyncCore.appintents --target-triple arm64-apple-macos13.0 --binary-file /tmp/MYR175-Clean-Mac-DD/Build/Products/Debug/NearbySyncCore.o --dependency-file /tmp/MYR175-Clean-Mac-DD/Build/Intermediates.noindex/NearbySyncCore.build/Debug/NearbySyncCore.build/Objects-normal/arm64/NearbySyncCore_dependency_info.dat --stringsdata-file /tmp/MYR175-Clean-Mac-DD/Build/Intermediates.noindex/NearbySyncCore.build/Debug/NearbySyncCore.build/Objects-normal/arm64/ExtractedAppShortcutsMetadata.stringsdata --source-file-list /tmp/MYR175-Clean-Mac-DD/Build/Intermediates.noindex/NearbySyncCore.build/Debug/NearbySyncCore.build/Objects-normal/arm64/NearbySyncCore.SwiftFileList --metadata-file-list /tmp/MYR175-Clean-Mac-DD/Build/Intermediates.noindex/NearbySyncCore.build/Debug/NearbySyncCore.build/NearbySyncCore.DependencyMetadataFileList --static-metadata-file-list /tmp/MYR175-Clean-Mac-DD/Build/Intermediates.noindex/NearbySyncCore.build/Debug/NearbySyncCore.build/NearbySyncCore.DependencyStaticMetadataFileList --swift-const-vals-list /tmp/MYR175-Clean-Mac-DD/Build/Intermediates.noindex/NearbySyncCore.build/Debug/NearbySyncCore.build/Objects-normal/arm64/NearbySyncCore.SwiftConstValuesFileList --force --compile-time-extraction --deployment-aware-processing --validate-assistant-intents --no-app-shortcuts-localization
2026-08-04 16:49:37.742 appintentsmetadataprocessor[12087:35907] Starting appintentsmetadataprocessor export
2026-08-04 16:49:37.809 appintentsmetadataprocessor[12087:35907] Extracted no relevant App Intents symbols, skipping writing output

SwiftDriverJobDiscovery normal arm64 Compiling MyRAMWidgetSnapshot.swift, MyRAMWidgetDeepLink.swift, MyRAMMacWidget.swift (in target 'MyRAMMacWidgetExtension' from project 'MyRAM')

ProcessProductPackaging /Users/runner/work/MyRAM-iOS/MyRAM-iOS/MyRAM-iOS/MyRAMMac.entitlements /tmp/MYR175-Clean-Mac-DD/Build/Intermediates.noindex/MyRAM.build/Debug/MyRAMMac.build/MyRAMMac.app.xcent (in target 'MyRAMMac' from project 'MyRAM')
    cd /Users/runner/work/MyRAM-iOS/MyRAM-iOS/MyRAM-iOS
    
    Entitlements:
    
    {
    "com.apple.security.application-groups" =     (
        "group.com.northsignalstudio.myram.mac.dev.widget"
    );
    "com.apple.security.get-task-allow" = 1;
}
    
    builtin-productPackagingUtility /Users/runner/work/MyRAM-iOS/MyRAM-iOS/MyRAM-iOS/MyRAMMac.entitlements -entitlements -format xml -o /tmp/MYR175-Clean-Mac-DD/Build/Intermediates.noindex/MyRAM.build/Debug/MyRAMMac.build/MyRAMMac.app.xcent

ExtractAppIntentsMetadata (in target 'AnchoredSequenceCore' from project 'AnchoredSequenceCore')
    cd /Users/runner/work/MyRAM-iOS/MyRAM-iOS/MyRAM-iOS/Packages/AnchoredSequenceCore
    /Applications/Xcode_26.5.app/Contents/Developer/Toolchains/XcodeDefault.xctoolchain/usr/bin/appintentsmetadataprocessor --toolchain-dir /var/run/com.apple.security.cryptexd/mnt/com.apple.MobileAsset.MetalToolchain-v17.6.42.0.97yE86/Metal.xctoolchain --module-name AnchoredSequenceCore --sdk-root /Applications/Xcode_26.5.app/Contents/Developer/Platforms/MacOSX.platform/Developer/SDKs/MacOSX26.5.sdk --xcode-version 17F42 --platform-family macOS --deployment-target 13.0 --bundle-identifier anchoredsequencecore.AnchoredSequenceCore --output /tmp/MYR175-Clean-Mac-DD/Build/Products/Debug/AnchoredSequenceCore.appintents --target-triple arm64-apple-macos13.0 --binary-file /tmp/MYR175-Clean-Mac-DD/Build/Products/Debug/AnchoredSequenceCore.o --dependency-file /tmp/MYR175-Clean-Mac-DD/Build/Intermediates.noindex/AnchoredSequenceCore.build/Debug/AnchoredSequenceCore.build/Objects-normal/arm64/AnchoredSequenceCore_dependency_info.dat --stringsdata-file /tmp/MYR175-Clean-Mac-DD/Build/Intermediates.noindex/AnchoredSequenceCore.build/Debug/AnchoredSequenceCore.build/Objects-normal/arm64/ExtractedAppShortcutsMetadata.stringsdata --source-file-list /tmp/MYR175-Clean-Mac-DD/Build/Intermediates.noindex/AnchoredSequenceCore.build/Debug/AnchoredSequenceCore.build/Objects-normal/arm64/AnchoredSequenceCore.SwiftFileList --metadata-file-list /tmp/MYR175-Clean-Mac-DD/Build/Intermediates.noindex/AnchoredSequenceCore.build/Debug/AnchoredSequenceCore.build/AnchoredSequenceCore.DependencyMetadataFileList --static-metadata-file-list /tmp/MYR175-Clean-Mac-DD/Build/Intermediates.noindex/AnchoredSequenceCore.build/Debug/AnchoredSequenceCore.build/AnchoredSequenceCore.DependencyStaticMetadataFileList --swift-const-vals-list /tmp/MYR175-Clean-Mac-DD/Build/Intermediates.noindex/AnchoredSequenceCore.build/Debug/AnchoredSequenceCore.build/Objects-normal/arm64/AnchoredSequenceCore.SwiftConstValuesFileList --force --compile-time-extraction --deployment-aware-processing --validate-assistant-intents --no-app-shortcuts-localization
2026-08-04 16:49:37.742 appintentsmetadataprocessor[12088:35912] Starting appintentsmetadataprocessor export
2026-08-04 16:49:37.810 appintentsmetadataprocessor[12088:35912] Extracted no relevant App Intents symbols, skipping writing output

ProcessProductPackagingDER /tmp/MYR175-Clean-Mac-DD/Build/Intermediates.noindex/MyRAM.build/Debug/MyRAMMac.build/MyRAMMac.app.xcent /tmp/MYR175-Clean-Mac-DD/Build/Intermediates.noindex/MyRAM.build/Debug/MyRAMMac.build/MyRAMMac.app.xcent.der (in target 'MyRAMMac' from project 'MyRAM')
    cd /Users/runner/work/MyRAM-iOS/MyRAM-iOS/MyRAM-iOS
    /usr/bin/derq query -f xml -i /tmp/MYR175-Clean-Mac-DD/Build/Intermediates.noindex/MyRAM.build/Debug/MyRAMMac.build/MyRAMMac.app.xcent -o /tmp/MYR175-Clean-Mac-DD/Build/Intermediates.noindex/MyRAM.build/Debug/MyRAMMac.build/MyRAMMac.app.xcent.der --raw

SwiftDriverJobDiscovery normal arm64 Compiling MyRAMMacWidgetBundle.swift, MyRAMWidgetRuntimeConfiguration.swift, MyRAMWidgetContentSelectionPolicy.swift (in target 'MyRAMMacWidgetExtension' from project 'MyRAM')

SwiftDriver\ Compilation MyRAMMacWidgetExtension normal arm64 com.apple.xcode.tools.swift.compiler (in target 'MyRAMMacWidgetExtension' from project 'MyRAM')
    cd /Users/runner/work/MyRAM-iOS/MyRAM-iOS/MyRAM-iOS
    builtin-Swift-Compilation -- /Applications/Xcode_26.5.app/Contents/Developer/Toolchains/XcodeDefault.xctoolchain/usr/bin/swiftc -module-name MyRAMMacWidgetExtension -Onone @/tmp/MYR175-Clean-Mac-DD/Build/Intermediates.noindex/MyRAM.build/Debug/MyRAMMacWidgetExtension.build/Objects-normal/arm64/MyRAMMacWidgetExtension.SwiftFileList -DDEBUG -enable-bare-slash-regex -enable-upcoming-feature DisableOutwardActorInference -enable-upcoming-feature InferSendableFromCaptures -enable-upcoming-feature GlobalActorIsolatedTypesUsability -enable-upcoming-feature MemberImportVisibility -enable-upcoming-feature InferIsolatedConformances -enable-upcoming-feature NonisolatedNonsendingByDefault -enable-experimental-feature DebugDescriptionMacro -sdk /Applications/Xcode_26.5.app/Contents/Developer/Platforms/MacOSX.platform/Developer/SDKs/MacOSX26.5.sdk -target arm64-apple-macos14.0 -g -module-cache-path /tmp/MYR175-Clean-Mac-DD/ModuleCache.noindex -Xfrontend -serialize-debugging-options -application-extension -enable-testing -index-store-path /tmp/MYR175-Clean-Mac-DD/Index.noindex/DataStore -Xcc -D_LIBCPP_HARDENING_MODE\=_LIBCPP_HARDENING_MODE_DEBUG -swift-version 5 -I /tmp/MYR175-Clean-Mac-DD/Build/Products/Debug -F /tmp/MYR175-Clean-Mac-DD/Build/Products/Debug -emit-localized-strings -emit-localized-strings-path /tmp/MYR175-Clean-Mac-DD/Build/Intermediates.noindex/MyRAM.build/Debug/MyRAMMacWidgetExtension.build/Objects-normal/arm64 -c -j3 -enable-batch-mode -incremental -Xcc -ivfsstatcache -Xcc /tmp/MYR175-Clean-Mac-DD/SDKStatCaches.noindex/macosx26.5-25F70-688ef53f1462e2c8f657fdc38a81448f3599ee76dc2a8020dfcb4b41ead48a8c.sdkstatcache -output-file-map /tmp/MYR175-Clean-Mac-DD/Build/Intermediates.noindex/MyRAM.build/Debug/MyRAMMacWidgetExtension.build/Objects-normal/arm64/MyRAMMacWidgetExtension-OutputFileMap.json -use-frontend-parseable-output -save-temps -no-color-diagnostics -explicit-module-build -module-cache-path /tmp/MYR175-Clean-Mac-DD/Build/Intermediates.noindex/SwiftExplicitPrecompiledModules -clang-scanner-module-cache-path /tmp/MYR175-Clean-Mac-DD/ModuleCache.noindex -sdk-module-cache-path /tmp/MYR175-Clean-Mac-DD/ModuleCache.noindex -serialize-diagnostics -emit-dependencies -emit-module -emit-module-path /tmp/MYR175-Clean-Mac-DD/Build/Intermediates.noindex/MyRAM.build/Debug/MyRAMMacWidgetExtension.build/Objects-normal/arm64/MyRAMMacWidgetExtension.swiftmodule -validate-clang-modules-once -clang-build-session-file /tmp/MYR175-Clean-Mac-DD/ModuleCache.noindex/Session.modulevalidation -Xcc -I/tmp/MYR175-Clean-Mac-DD/Build/Intermediates.noindex/MyRAM.build/Debug/MyRAMMacWidgetExtension.build/swift-overrides.hmap -emit-const-values -Xfrontend -const-gather-protocols-file -Xfrontend /tmp/MYR175-Clean-Mac-DD/Build/Intermediates.noindex/MyRAM.build/Debug/MyRAMMacWidgetExtension.build/Objects-normal/arm64/MyRAMMacWidgetExtension_const_extract_protocols.json -Xcc -iquote -Xcc /tmp/MYR175-Clean-Mac-DD/Build/Intermediates.noindex/MyRAM.build/Debug/MyRAMMacWidgetExtension.build/MyRAMMacWidgetExtension-generated-files.hmap -Xcc -I/tmp/MYR175-Clean-Mac-DD/Build/Intermediates.noindex/MyRAM.build/Debug/MyRAMMacWidgetExtension.build/MyRAMMacWidgetExtension-own-target-headers.hmap -Xcc -I/tmp/MYR175-Clean-Mac-DD/Build/Intermediates.noindex/MyRAM.build/Debug/MyRAMMacWidgetExtension.build/MyRAMMacWidgetExtension-all-non-framework-target-headers.hmap -Xcc -ivfsoverlay -Xcc /tmp/MYR175-Clean-Mac-DD/Build/Intermediates.noindex/MyRAM.build/Debug/MyRAM-98a9cbde253e8e955bc92731eb290203-VFS/all-product-headers.yaml -Xcc -iquote -Xcc /tmp/MYR175-Clean-Mac-DD/Build/Intermediates.noindex/MyRAM.build/Debug/MyRAMMacWidgetExtension.build/MyRAMMacWidgetExtension-project-headers.hmap -Xcc -I/tmp/MYR175-Clean-Mac-DD/Build/Products/Debug/include -Xcc -I/tmp/MYR175-Clean-Mac-DD/Build/Intermediates.noindex/MyRAM.build/Debug/MyRAMMacWidgetExtension.build/DerivedSources-normal/arm64 -Xcc -I/tmp/MYR175-Clean-Mac-DD/Build/Intermediates.noindex/MyRAM.build/Debug/MyRAMMacWidgetExtension.build/DerivedSources/arm64 -Xcc -I/tmp/MYR175-Clean-Mac-DD/Build/Intermediates.noindex/MyRAM.build/Debug/MyRAMMacWidgetExtension.build/DerivedSources -Xcc -DDEBUG\=1 -emit-objc-header -emit-objc-header-path /tmp/MYR175-Clean-Mac-DD/Build/Intermediates.noindex/MyRAM.build/Debug/MyRAMMacWidgetExtension.build/Objects-normal/arm64/MyRAMMacWidgetExtension-Swift.h -working-directory /Users/runner/work/MyRAM-iOS/MyRAM-iOS/MyRAM-iOS -experimental-emit-module-separately -disable-cmo

RegisterExecutionPolicyException /tmp/MYR175-Clean-Mac-DD/Build/Products/Debug/NearbySyncCore.o (in target 'NearbySyncCore' from project 'NearbySyncCore')
    cd /Users/runner/work/MyRAM-iOS/MyRAM-iOS/NearbySyncCore
    builtin-RegisterExecutionPolicyException /tmp/MYR175-Clean-Mac-DD/Build/Products/Debug/NearbySyncCore.o

RegisterExecutionPolicyException /tmp/MYR175-Clean-Mac-DD/Build/Products/Debug/AnchoredSequenceCore.o (in target 'AnchoredSequenceCore' from project 'AnchoredSequenceCore')
    cd /Users/runner/work/MyRAM-iOS/MyRAM-iOS/MyRAM-iOS/Packages/AnchoredSequenceCore
    builtin-RegisterExecutionPolicyException /tmp/MYR175-Clean-Mac-DD/Build/Products/Debug/AnchoredSequenceCore.o

Ld /tmp/MYR175-Clean-Mac-DD/Build/Products/Debug/MyRAMMacWidgetExtension.appex/Contents/MacOS/MyRAMMacWidgetExtension.debug.dylib normal (in target 'MyRAMMacWidgetExtension' from project 'MyRAM')
    cd /Users/runner/work/MyRAM-iOS/MyRAM-iOS/MyRAM-iOS
    /Applications/Xcode_26.5.app/Contents/Developer/Toolchains/XcodeDefault.xctoolchain/usr/bin/clang -Xlinker -reproducible -target arm64-apple-macos14.0 -dynamiclib -isysroot /Applications/Xcode_26.5.app/Contents/Developer/Platforms/MacOSX.platform/Developer/SDKs/MacOSX26.5.sdk -O0 -L/tmp/MYR175-Clean-Mac-DD/Build/Intermediates.noindex/EagerLinkingTBDs/Debug -L/tmp/MYR175-Clean-Mac-DD/Build/Products/Debug -F/tmp/MYR175-Clean-Mac-DD/Build/Intermediates.noindex/EagerLinkingTBDs/Debug -F/tmp/MYR175-Clean-Mac-DD/Build/Products/Debug -filelist /tmp/MYR175-Clean-Mac-DD/Build/Intermediates.noindex/MyRAM.build/Debug/MyRAMMacWidgetExtension.build/Objects-normal/arm64/MyRAMMacWidgetExtension.LinkFileList -install_name @rpath/MyRAMMacWidgetExtension.debug.dylib -Xlinker -rpath -Xlinker /usr/lib/swift -Xlinker -rpath -Xlinker @executable_path/../Frameworks -Xlinker -rpath -Xlinker @executable_path/../../../../Frameworks -Xlinker -object_path_lto -Xlinker /tmp/MYR175-Clean-Mac-DD/Build/Intermediates.noindex/MyRAM.build/Debug/MyRAMMacWidgetExtension.build/Objects-normal/arm64/MyRAMMacWidgetExtension_lto.o -rdynamic -Xlinker -no_deduplicate -Xlinker -dependency_info -Xlinker /tmp/MYR175-Clean-Mac-DD/Build/Intermediates.noindex/MyRAM.build/Debug/MyRAMMacWidgetExtension.build/Objects-normal/arm64/MyRAMMacWidgetExtension_dependency_info.dat -fapplication-extension -fobjc-link-runtime -L/Applications/Xcode_26.5.app/Contents/Developer/Toolchains/XcodeDefault.xctoolchain/usr/lib/swift/macosx -L/usr/lib/swift -Xlinker -add_ast_path -Xlinker /tmp/MYR175-Clean-Mac-DD/Build/Intermediates.noindex/MyRAM.build/Debug/MyRAMMacWidgetExtension.build/Objects-normal/arm64/MyRAMMacWidgetExtension.swiftmodule @/tmp/MYR175-Clean-Mac-DD/Build/Intermediates.noindex/MyRAM.build/Debug/MyRAMMacWidgetExtension.build/Objects-normal/arm64/MyRAMMacWidgetExtension-linker-args.resp -Xlinker -alias -Xlinker _NSExtensionMain -Xlinker ___debug_main_executable_dylib_entry_point -framework SwiftUI -framework WidgetKit -Xlinker -no_adhoc_codesign -o /tmp/MYR175-Clean-Mac-DD/Build/Products/Debug/MyRAMMacWidgetExtension.appex/Contents/MacOS/MyRAMMacWidgetExtension.debug.dylib

MkDir /tmp/MYR175-Clean-Mac-DD/Build/Intermediates.noindex/MyRAM.build/Debug/MyRAMMac.build/assetcatalog_output/unthinned (in target 'MyRAMMac' from project 'MyRAM')
    cd /Users/runner/work/MyRAM-iOS/MyRAM-iOS/MyRAM-iOS
    /bin/mkdir -p /tmp/MYR175-Clean-Mac-DD/Build/Intermediates.noindex/MyRAM.build/Debug/MyRAMMac.build/assetcatalog_output/unthinned

MkDir /tmp/MYR175-Clean-Mac-DD/Build/Intermediates.noindex/MyRAM.build/Debug/MyRAMMac.build/assetcatalog_output/thinned (in target 'MyRAMMac' from project 'MyRAM')
    cd /Users/runner/work/MyRAM-iOS/MyRAM-iOS/MyRAM-iOS
    /bin/mkdir -p /tmp/MYR175-Clean-Mac-DD/Build/Intermediates.noindex/MyRAM.build/Debug/MyRAMMac.build/assetcatalog_output/thinned

GenerateAssetSymbols /Users/runner/work/MyRAM-iOS/MyRAM-iOS/MyRAM-iOS/MyRAM/Assets.xcassets (in target 'MyRAMMac' from project 'MyRAM')
    cd /Users/runner/work/MyRAM-iOS/MyRAM-iOS/MyRAM-iOS
    /Applications/Xcode_26.5.app/Contents/Developer/usr/bin/actool /Users/runner/work/MyRAM-iOS/MyRAM-iOS/MyRAM-iOS/MyRAM/Assets.xcassets --compile /tmp/MYR175-Clean-Mac-DD/Build/Products/Debug/MyRAMMac.app/Contents/Resources --output-format human-readable-text --notices --warnings --export-dependency-info /tmp/MYR175-Clean-Mac-DD/Build/Intermediates.noindex/MyRAM.build/Debug/MyRAMMac.build/assetcatalog_dependencies --output-partial-info-plist /tmp/MYR175-Clean-Mac-DD/Build/Intermediates.noindex/MyRAM.build/Debug/MyRAMMac.build/assetcatalog_generated_info.plist --app-icon AppIcon --enable-on-demand-resources NO --development-region en --target-device mac --minimum-deployment-target 14.0 --platform macosx --bundle-identifier com.northsignalstudio.myram.mac.dev --generate-swift-asset-symbols /tmp/MYR175-Clean-Mac-DD/Build/Intermediates.noindex/MyRAM.build/Debug/MyRAMMac.build/DerivedSources/GeneratedAssetSymbols.swift --generate-objc-asset-symbols /tmp/MYR175-Clean-Mac-DD/Build/Intermediates.noindex/MyRAM.build/Debug/MyRAMMac.build/DerivedSources/GeneratedAssetSymbols.h --generate-asset-symbol-index /tmp/MYR175-Clean-Mac-DD/Build/Intermediates.noindex/MyRAM.build/Debug/MyRAMMac.build/DerivedSources/GeneratedAssetSymbols-Index.plist
/* com.apple.actool.compilation-results */
/tmp/MYR175-Clean-Mac-DD/Build/Intermediates.noindex/MyRAM.build/Debug/MyRAMMac.build/DerivedSources/GeneratedAssetSymbols-Index.plist
/tmp/MYR175-Clean-Mac-DD/Build/Intermediates.noindex/MyRAM.build/Debug/MyRAMMac.build/DerivedSources/GeneratedAssetSymbols.h
/tmp/MYR175-Clean-Mac-DD/Build/Intermediates.noindex/MyRAM.build/Debug/MyRAMMac.build/DerivedSources/GeneratedAssetSymbols.swift


CompileAssetCatalogVariant thinned /tmp/MYR175-Clean-Mac-DD/Build/Products/Debug/MyRAMMac.app/Contents/Resources /Users/runner/work/MyRAM-iOS/MyRAM-iOS/MyRAM-iOS/MyRAM/Assets.xcassets (in target 'MyRAMMac' from project 'MyRAM')
    cd /Users/runner/work/MyRAM-iOS/MyRAM-iOS/MyRAM-iOS
    /Applications/Xcode_26.5.app/Contents/Developer/usr/bin/actool /Users/runner/work/MyRAM-iOS/MyRAM-iOS/MyRAM-iOS/MyRAM/Assets.xcassets --compile /tmp/MYR175-Clean-Mac-DD/Build/Intermediates.noindex/MyRAM.build/Debug/MyRAMMac.build/assetcatalog_output/thinned --output-format human-readable-text --notices --warnings --export-dependency-info /tmp/MYR175-Clean-Mac-DD/Build/Intermediates.noindex/MyRAM.build/Debug/MyRAMMac.build/assetcatalog_dependencies_thinned --output-partial-info-plist /tmp/MYR175-Clean-Mac-DD/Build/Intermediates.noindex/MyRAM.build/Debug/MyRAMMac.build/assetcatalog_generated_info.plist_thinned --app-icon AppIcon --enable-on-demand-resources NO --development-region en --target-device mac --minimum-deployment-target 14.0 --platform macosx
/* com.apple.actool.compilation-results */
/tmp/MYR175-Clean-Mac-DD/Build/Intermediates.noindex/MyRAM.build/Debug/MyRAMMac.build/assetcatalog_generated_info.plist_thinned
/tmp/MYR175-Clean-Mac-DD/Build/Intermediates.noindex/MyRAM.build/Debug/MyRAMMac.build/assetcatalog_output/thinned/AppIcon.icns
/tmp/MYR175-Clean-Mac-DD/Build/Intermediates.noindex/MyRAM.build/Debug/MyRAMMac.build/assetcatalog_output/thinned/Assets.car


SwiftDriver MyRAMMac normal arm64 com.apple.xcode.tools.swift.compiler (in target 'MyRAMMac' from project 'MyRAM')
    cd /Users/runner/work/MyRAM-iOS/MyRAM-iOS/MyRAM-iOS
    builtin-SwiftDriver -- /Applications/Xcode_26.5.app/Contents/Developer/Toolchains/XcodeDefault.xctoolchain/usr/bin/swiftc -module-name MyRAMMac -Onone @/tmp/MYR175-Clean-Mac-DD/Build/Intermediates.noindex/MyRAM.build/Debug/MyRAMMac.build/Objects-normal/arm64/MyRAMMac.SwiftFileList -DDEBUG -enable-bare-slash-regex -enable-experimental-feature DebugDescriptionMacro -sdk /Applications/Xcode_26.5.app/Contents/Developer/Platforms/MacOSX.platform/Developer/SDKs/MacOSX26.5.sdk -target arm64-apple-macos14.0 -g -module-cache-path /tmp/MYR175-Clean-Mac-DD/ModuleCache.noindex -Xfrontend -serialize-debugging-options -enable-testing -index-store-path /tmp/MYR175-Clean-Mac-DD/Index.noindex/DataStore -Xcc -D_LIBCPP_HARDENING_MODE\=_LIBCPP_HARDENING_MODE_DEBUG -swift-version 5 -I /tmp/MYR175-Clean-Mac-DD/Build/Products/Debug -F /tmp/MYR175-Clean-Mac-DD/Build/Products/Debug/PackageFrameworks -F /tmp/MYR175-Clean-Mac-DD/Build/Products/Debug/PackageFrameworks -F /tmp/MYR175-Clean-Mac-DD/Build/Products/Debug -emit-localized-strings -emit-localized-strings-path /tmp/MYR175-Clean-Mac-DD/Build/Intermediates.noindex/MyRAM.build/Debug/MyRAMMac.build/Objects-normal/arm64 -c -j3 -enable-batch-mode -incremental -Xcc -ivfsstatcache -Xcc /tmp/MYR175-Clean-Mac-DD/SDKStatCaches.noindex/macosx26.5-25F70-688ef53f1462e2c8f657fdc38a81448f3599ee76dc2a8020dfcb4b41ead48a8c.sdkstatcache -output-file-map /tmp/MYR175-Clean-Mac-DD/Build/Intermediates.noindex/MyRAM.build/Debug/MyRAMMac.build/Objects-normal/arm64/MyRAMMac-OutputFileMap.json -use-frontend-parseable-output -save-temps -no-color-diagnostics -explicit-module-build -module-cache-path /tmp/MYR175-Clean-Mac-DD/Build/Intermediates.noindex/SwiftExplicitPrecompiledModules -clang-scanner-module-cache-path /tmp/MYR175-Clean-Mac-DD/ModuleCache.noindex -sdk-module-cache-path /tmp/MYR175-Clean-Mac-DD/ModuleCache.noindex -serialize-diagnostics -emit-dependencies -emit-module -emit-module-path /tmp/MYR175-Clean-Mac-DD/Build/Intermediates.noindex/MyRAM.build/Debug/MyRAMMac.build/Objects-normal/arm64/MyRAMMac.swiftmodule -validate-clang-modules-once -clang-build-session-file /tmp/MYR175-Clean-Mac-DD/ModuleCache.noindex/Session.modulevalidation -Xcc -I/tmp/MYR175-Clean-Mac-DD/Build/Intermediates.noindex/MyRAM.build/Debug/MyRAMMac.build/swift-overrides.hmap -emit-const-values -Xfrontend -const-gather-protocols-file -Xfrontend /tmp/MYR175-Clean-Mac-DD/Build/Intermediates.noindex/MyRAM.build/Debug/MyRAMMac.build/Objects-normal/arm64/MyRAMMac_const_extract_protocols.json -Xcc -iquote -Xcc /tmp/MYR175-Clean-Mac-DD/Build/Intermediates.noindex/MyRAM.build/Debug/MyRAMMac.build/MyRAMMac-generated-files.hmap -Xcc -I/tmp/MYR175-Clean-Mac-DD/Build/Intermediates.noindex/MyRAM.build/Debug/MyRAMMac.build/MyRAMMac-own-target-headers.hmap -Xcc -I/tmp/MYR175-Clean-Mac-DD/Build/Intermediates.noindex/MyRAM.build/Debug/MyRAMMac.build/MyRAMMac-all-non-framework-target-headers.hmap -Xcc -ivfsoverlay -Xcc /tmp/MYR175-Clean-Mac-DD/Build/Intermediates.noindex/MyRAM.build/Debug/MyRAM-98a9cbde253e8e955bc92731eb290203-VFS/all-product-headers.yaml -Xcc -iquote -Xcc /tmp/MYR175-Clean-Mac-DD/Build/Intermediates.noindex/MyRAM.build/Debug/MyRAMMac.build/MyRAMMac-project-headers.hmap -Xcc -I/tmp/MYR175-Clean-Mac-DD/Build/Products/Debug/include -Xcc -I/tmp/MYR175-Clean-Mac-DD/Build/Intermediates.noindex/MyRAM.build/Debug/MyRAMMac.build/DerivedSources-normal/arm64 -Xcc -I/tmp/MYR175-Clean-Mac-DD/Build/Intermediates.noindex/MyRAM.build/Debug/MyRAMMac.build/DerivedSources/arm64 -Xcc -I/tmp/MYR175-Clean-Mac-DD/Build/Intermediates.noindex/MyRAM.build/Debug/MyRAMMac.build/DerivedSources -Xcc -DDEBUG\=1 -emit-objc-header -emit-objc-header-path /tmp/MYR175-Clean-Mac-DD/Build/Intermediates.noindex/MyRAM.build/Debug/MyRAMMac.build/Objects-normal/arm64/MyRAMMac-Swift.h -working-directory /Users/runner/work/MyRAM-iOS/MyRAM-iOS/MyRAM-iOS -experimental-emit-module-separately -disable-cmo

ConstructStubExecutorLinkFileList /tmp/MYR175-Clean-Mac-DD/Build/Intermediates.noindex/MyRAM.build/Debug/MyRAMMacWidgetExtension.build/MyRAMMacWidgetExtension-ExecutorLinkFileList-normal-arm64.txt (in target 'MyRAMMacWidgetExtension' from project 'MyRAM')
    cd /Users/runner/work/MyRAM-iOS/MyRAM-iOS/MyRAM-iOS
    construct-stub-executor-link-file-list /tmp/MYR175-Clean-Mac-DD/Build/Products/Debug/MyRAMMacWidgetExtension.appex/Contents/MacOS/MyRAMMacWidgetExtension.debug.dylib /Applications/Xcode_26.5.app/Contents/Developer/Platforms/MacOSX.platform/Developer/usr/lib/libPreviewsJITStubExecutor_no_swift_entry_point.a /Applications/Xcode_26.5.app/Contents/Developer/Platforms/MacOSX.platform/Developer/usr/lib/libPreviewsJITStubExecutor.a --output /tmp/MYR175-Clean-Mac-DD/Build/Intermediates.noindex/MyRAM.build/Debug/MyRAMMacWidgetExtension.build/MyRAMMacWidgetExtension-ExecutorLinkFileList-normal-arm64.txt
note: Using stub executor library with Swift entry point. (in target 'MyRAMMacWidgetExtension' from project 'MyRAM')

Ld /tmp/MYR175-Clean-Mac-DD/Build/Products/Debug/MyRAMMacWidgetExtension.appex/Contents/MacOS/MyRAMMacWidgetExtension normal (in target 'MyRAMMacWidgetExtension' from project 'MyRAM')
    cd /Users/runner/work/MyRAM-iOS/MyRAM-iOS/MyRAM-iOS
    /Applications/Xcode_26.5.app/Contents/Developer/Toolchains/XcodeDefault.xctoolchain/usr/bin/clang -Xlinker -reproducible -target arm64-apple-macos14.0 -isysroot /Applications/Xcode_26.5.app/Contents/Developer/Platforms/MacOSX.platform/Developer/SDKs/MacOSX26.5.sdk -O0 -L/tmp/MYR175-Clean-Mac-DD/Build/Products/Debug -F/tmp/MYR175-Clean-Mac-DD/Build/Products/Debug -Xlinker -rpath -Xlinker @executable_path -Xlinker -rpath -Xlinker @executable_path/../Frameworks -Xlinker -rpath -Xlinker @executable_path/../../../../Frameworks -rdynamic -Xlinker -no_deduplicate -e ___debug_blank_executor_main -Xlinker -sectcreate -Xlinker __TEXT -Xlinker __debug_dylib -Xlinker /tmp/MYR175-Clean-Mac-DD/Build/Intermediates.noindex/MyRAM.build/Debug/MyRAMMacWidgetExtension.build/MyRAMMacWidgetExtension-DebugDylibPath-normal-arm64.txt -Xlinker -sectcreate -Xlinker __TEXT -Xlinker __debug_entry -Xlinker /tmp/MYR175-Clean-Mac-DD/Build/Intermediates.noindex/MyRAM.build/Debug/MyRAMMacWidgetExtension.build/MyRAMMacWidgetExtension-DebugEntryPoint-normal-arm64.txt -Xlinker -sectcreate -Xlinker __TEXT -Xlinker __debug_instlnm -Xlinker /tmp/MYR175-Clean-Mac-DD/Build/Intermediates.noindex/MyRAM.build/Debug/MyRAMMacWidgetExtension.build/MyRAMMacWidgetExtension-DebugDylibInstallName-normal-arm64.txt -Xlinker -filelist -Xlinker /tmp/MYR175-Clean-Mac-DD/Build/Intermediates.noindex/MyRAM.build/Debug/MyRAMMacWidgetExtension.build/MyRAMMacWidgetExtension-ExecutorLinkFileList-normal-arm64.txt /tmp/MYR175-Clean-Mac-DD/Build/Products/Debug/MyRAMMacWidgetExtension.appex/Contents/MacOS/MyRAMMacWidgetExtension.debug.dylib -Xlinker -no_adhoc_codesign -o /tmp/MYR175-Clean-Mac-DD/Build/Products/Debug/MyRAMMacWidgetExtension.appex/Contents/MacOS/MyRAMMacWidgetExtension

Ld /tmp/MYR175-Clean-Mac-DD/Build/Products/Debug/PackageFrameworks/AnchoredSequenceCore_-65B9EEE52AB2106_PackageProduct.framework/Versions/A/AnchoredSequenceCore_-65B9EEE52AB2106_PackageProduct normal (in target 'AnchoredSequenceCore' from project 'AnchoredSequenceCore')
    cd /Users/runner/work/MyRAM-iOS/MyRAM-iOS/MyRAM-iOS/Packages/AnchoredSequenceCore
    /Applications/Xcode_26.5.app/Contents/Developer/Toolchains/XcodeDefault.xctoolchain/usr/bin/clang -Xlinker -reproducible -target arm64-apple-macos13.0 -dynamiclib -isysroot /Applications/Xcode_26.5.app/Contents/Developer/Platforms/MacOSX.platform/Developer/SDKs/MacOSX26.5.sdk -O0 -w -L/tmp/MYR175-Clean-Mac-DD/Build/Intermediates.noindex/EagerLinkingTBDs/Debug -L/tmp/MYR175-Clean-Mac-DD/Build/Products/Debug -L/Applications/Xcode_26.5.app/Contents/Developer/Platforms/MacOSX.platform/Developer/usr/lib -F/tmp/MYR175-Clean-Mac-DD/Build/Intermediates.noindex/EagerLinkingTBDs/Debug -F/tmp/MYR175-Clean-Mac-DD/Build/Products/Debug/PackageFrameworks -F/tmp/MYR175-Clean-Mac-DD/Build/Products/Debug -iframework /Applications/Xcode_26.5.app/Contents/Developer/Platforms/MacOSX.platform/Developer/Library/Frameworks -filelist /tmp/MYR175-Clean-Mac-DD/Build/Intermediates.noindex/AnchoredSequenceCore.build/Debug/AnchoredSequenceCore\ product.build/Objects-normal/arm64/AnchoredSequenceCore_-65B9EEE52AB2106_PackageProduct.LinkFileList -install_name @rpath/AnchoredSequenceCore_-65B9EEE52AB2106_PackageProduct.framework/Versions/A/AnchoredSequenceCore_-65B9EEE52AB2106_PackageProduct -Xlinker -rpath -Xlinker /usr/lib/swift -Xlinker -rpath -Xlinker /tmp/MYR175-Clean-Mac-DD/Build/Products/Debug/PackageFrameworks -Xlinker -object_path_lto -Xlinker /tmp/MYR175-Clean-Mac-DD/Build/Intermediates.noindex/AnchoredSequenceCore.build/Debug/AnchoredSequenceCore\ product.build/Objects-normal/arm64/AnchoredSequenceCore_-65B9EEE52AB2106_PackageProduct_lto.o -rdynamic -Xlinker -no_deduplicate -Xlinker -dependency_info -Xlinker /tmp/MYR175-Clean-Mac-DD/Build/Intermediates.noindex/AnchoredSequenceCore.build/Debug/AnchoredSequenceCore\ product.build/Objects-normal/arm64/AnchoredSequenceCore_-65B9EEE52AB2106_PackageProduct_dependency_info.dat -fobjc-link-runtime -L/Applications/Xcode_26.5.app/Contents/Developer/Toolchains/XcodeDefault.xctoolchain/usr/lib/swift/macosx -L/usr/lib/swift -Wl,-no_warn_duplicate_libraries -o /tmp/MYR175-Clean-Mac-DD/Build/Products/Debug/PackageFrameworks/AnchoredSequenceCore_-65B9EEE52AB2106_PackageProduct.framework/Versions/A/AnchoredSequenceCore_-65B9EEE52AB2106_PackageProduct -Xlinker -add_ast_path -Xlinker /tmp/MYR175-Clean-Mac-DD/Build/Intermediates.noindex/AnchoredSequenceCore.build/Debug/AnchoredSequenceCore.build/Objects-normal/arm64/AnchoredSequenceCore.swiftmodule @/tmp/MYR175-Clean-Mac-DD/Build/Intermediates.noindex/AnchoredSequenceCore.build/Debug/AnchoredSequenceCore.build/Objects-normal/arm64/AnchoredSequenceCore-linker-args.resp

ProcessInfoPlistFile /tmp/MYR175-Clean-Mac-DD/Build/Products/Debug/PackageFrameworks/AnchoredSequenceCore_-65B9EEE52AB2106_PackageProduct.framework/Versions/A/Resources/Info.plist /tmp/MYR175-Clean-Mac-DD/Build/Intermediates.noindex/AnchoredSequenceCore.build/Debug/AnchoredSequenceCore\ product.build/empty-AnchoredSequenceCore_-65B9EEE52AB2106_PackageProduct.plist (in target 'AnchoredSequenceCore' from project 'AnchoredSequenceCore')
    cd /Users/runner/work/MyRAM-iOS/MyRAM-iOS/MyRAM-iOS/Packages/AnchoredSequenceCore
    builtin-infoPlistUtility /tmp/MYR175-Clean-Mac-DD/Build/Intermediates.noindex/AnchoredSequenceCore.build/Debug/AnchoredSequenceCore\ product.build/empty-AnchoredSequenceCore_-65B9EEE52AB2106_PackageProduct.plist -producttype com.apple.product-type.framework -expandbuildsettings -platform macosx -o /tmp/MYR175-Clean-Mac-DD/Build/Products/Debug/PackageFrameworks/AnchoredSequenceCore_-65B9EEE52AB2106_PackageProduct.framework/Versions/A/Resources/Info.plist

ExtractAppIntentsMetadata (in target 'MyRAMMacWidgetExtension' from project 'MyRAM')
    cd /Users/runner/work/MyRAM-iOS/MyRAM-iOS/MyRAM-iOS
    /Applications/Xcode_26.5.app/Contents/Developer/Toolchains/XcodeDefault.xctoolchain/usr/bin/appintentsmetadataprocessor --toolchain-dir /var/run/com.apple.security.cryptexd/mnt/com.apple.MobileAsset.MetalToolchain-v17.6.42.0.97yE86/Metal.xctoolchain --module-name MyRAMMacWidgetExtension --sdk-root /Applications/Xcode_26.5.app/Contents/Developer/Platforms/MacOSX.platform/Developer/SDKs/MacOSX26.5.sdk --xcode-version 17F42 --platform-family macOS --deployment-target 14.0 --bundle-identifier com.northsignalstudio.myram.mac.dev.widget --output /tmp/MYR175-Clean-Mac-DD/Build/Products/Debug/MyRAMMacWidgetExtension.appex/Contents/Resources --target-triple arm64-apple-macos14.0 --binary-file /tmp/MYR175-Clean-Mac-DD/Build/Products/Debug/MyRAMMacWidgetExtension.appex/Contents/MacOS/MyRAMMacWidgetExtension --dependency-file /tmp/MYR175-Clean-Mac-DD/Build/Intermediates.noindex/MyRAM.build/Debug/MyRAMMacWidgetExtension.build/Objects-normal/arm64/MyRAMMacWidgetExtension_dependency_info.dat --stringsdata-file /tmp/MYR175-Clean-Mac-DD/Build/Intermediates.noindex/MyRAM.build/Debug/MyRAMMacWidgetExtension.build/Objects-normal/arm64/ExtractedAppShortcutsMetadata.stringsdata --source-file-list /tmp/MYR175-Clean-Mac-DD/Build/Intermediates.noindex/MyRAM.build/Debug/MyRAMMacWidgetExtension.build/Objects-normal/arm64/MyRAMMacWidgetExtension.SwiftFileList --metadata-file-list /tmp/MYR175-Clean-Mac-DD/Build/Intermediates.noindex/MyRAM.build/Debug/MyRAMMacWidgetExtension.build/MyRAMMacWidgetExtension.DependencyMetadataFileList --static-metadata-file-list /tmp/MYR175-Clean-Mac-DD/Build/Intermediates.noindex/MyRAM.build/Debug/MyRAMMacWidgetExtension.build/MyRAMMacWidgetExtension.DependencyStaticMetadataFileList --swift-const-vals-list /tmp/MYR175-Clean-Mac-DD/Build/Intermediates.noindex/MyRAM.build/Debug/MyRAMMacWidgetExtension.build/Objects-normal/arm64/MyRAMMacWidgetExtension.SwiftConstValuesFileList --compile-time-extraction --deployment-aware-processing --validate-assistant-intents --no-app-shortcuts-localization
2026-08-04 16:49:38.902 appintentsmetadataprocessor[12100:36030] Starting appintentsmetadataprocessor export
2026-08-04 16:49:38.910 appintentsmetadataprocessor[12100:36030] Extracted no relevant App Intents symbols, skipping writing output

CodeSign /tmp/MYR175-Clean-Mac-DD/Build/Products/Debug/MyRAMMacWidgetExtension.appex/Contents/MacOS/MyRAMMacWidgetExtension.debug.dylib (in target 'MyRAMMacWidgetExtension' from project 'MyRAM')
    cd /Users/runner/work/MyRAM-iOS/MyRAM-iOS/MyRAM-iOS
    
    Signing Identity:     "Sign to Run Locally"
    
    /usr/bin/codesign --force --sign - --timestamp\=none --generate-entitlement-der /tmp/MYR175-Clean-Mac-DD/Build/Products/Debug/MyRAMMacWidgetExtension.appex/Contents/MacOS/MyRAMMacWidgetExtension.debug.dylib

CodeSign /tmp/MYR175-Clean-Mac-DD/Build/Products/Debug/MyRAMMacWidgetExtension.appex/Contents/MacOS/__preview.dylib (in target 'MyRAMMacWidgetExtension' from project 'MyRAM')
    cd /Users/runner/work/MyRAM-iOS/MyRAM-iOS/MyRAM-iOS
    
    Signing Identity:     "Sign to Run Locally"
    
    /usr/bin/codesign --force --sign - --timestamp\=none --generate-entitlement-der /tmp/MYR175-Clean-Mac-DD/Build/Products/Debug/MyRAMMacWidgetExtension.appex/Contents/MacOS/__preview.dylib

CodeSign /tmp/MYR175-Clean-Mac-DD/Build/Products/Debug/MyRAMMacWidgetExtension.appex (in target 'MyRAMMacWidgetExtension' from project 'MyRAM')
    cd /Users/runner/work/MyRAM-iOS/MyRAM-iOS/MyRAM-iOS
    
    Signing Identity:     "Sign to Run Locally"
    
    /usr/bin/codesign --force --sign - --entitlements /tmp/MYR175-Clean-Mac-DD/Build/Intermediates.noindex/MyRAM.build/Debug/MyRAMMacWidgetExtension.build/MyRAMMacWidgetExtension.appex.xcent --timestamp\=none --generate-entitlement-der /tmp/MYR175-Clean-Mac-DD/Build/Products/Debug/MyRAMMacWidgetExtension.appex

GenerateTAPI /tmp/MYR175-Clean-Mac-DD/Build/Intermediates.noindex/EagerLinkingTBDs/Debug/AnchoredSequenceCore_-65B9EEE52AB2106_PackageProduct.framework/Versions/A/AnchoredSequenceCore_-65B9EEE52AB2106_PackageProduct.tbd (in target 'AnchoredSequenceCore' from project 'AnchoredSequenceCore')
    cd /Users/runner/work/MyRAM-iOS/MyRAM-iOS/MyRAM-iOS/Packages/AnchoredSequenceCore
    /Applications/Xcode_26.5.app/Contents/Developer/Toolchains/XcodeDefault.xctoolchain/usr/bin/tapi stubify -isysroot /Applications/Xcode_26.5.app/Contents/Developer/Platforms/MacOSX.platform/Developer/SDKs/MacOSX26.5.sdk -F/tmp/MYR175-Clean-Mac-DD/Build/Products/Debug/PackageFrameworks -F/tmp/MYR175-Clean-Mac-DD/Build/Products/Debug -iframework /Applications/Xcode_26.5.app/Contents/Developer/Platforms/MacOSX.platform/Developer/Library/Frameworks -L/tmp/MYR175-Clean-Mac-DD/Build/Products/Debug -L/Applications/Xcode_26.5.app/Contents/Developer/Platforms/MacOSX.platform/Developer/usr/lib /tmp/MYR175-Clean-Mac-DD/Build/Products/Debug/PackageFrameworks/AnchoredSequenceCore_-65B9EEE52AB2106_PackageProduct.framework/Versions/A/AnchoredSequenceCore_-65B9EEE52AB2106_PackageProduct -o /tmp/MYR175-Clean-Mac-DD/Build/Intermediates.noindex/EagerLinkingTBDs/Debug/AnchoredSequenceCore_-65B9EEE52AB2106_PackageProduct.framework/Versions/A/AnchoredSequenceCore_-65B9EEE52AB2106_PackageProduct.tbd

RegisterExecutionPolicyException /tmp/MYR175-Clean-Mac-DD/Build/Products/Debug/MyRAMMacWidgetExtension.appex (in target 'MyRAMMacWidgetExtension' from project 'MyRAM')
    cd /Users/runner/work/MyRAM-iOS/MyRAM-iOS/MyRAM-iOS
    builtin-RegisterExecutionPolicyException /tmp/MYR175-Clean-Mac-DD/Build/Products/Debug/MyRAMMacWidgetExtension.appex

Touch /tmp/MYR175-Clean-Mac-DD/Build/Products/Debug/MyRAMMacWidgetExtension.appex (in target 'MyRAMMacWidgetExtension' from project 'MyRAM')
    cd /Users/runner/work/MyRAM-iOS/MyRAM-iOS/MyRAM-iOS
    /usr/bin/touch -c /tmp/MYR175-Clean-Mac-DD/Build/Products/Debug/MyRAMMacWidgetExtension.appex

RegisterExecutionPolicyException /tmp/MYR175-Clean-Mac-DD/Build/Products/Debug/PackageFrameworks/AnchoredSequenceCore_-65B9EEE52AB2106_PackageProduct.framework (in target 'AnchoredSequenceCore' from project 'AnchoredSequenceCore')
    cd /Users/runner/work/MyRAM-iOS/MyRAM-iOS/MyRAM-iOS/Packages/AnchoredSequenceCore
    builtin-RegisterExecutionPolicyException /tmp/MYR175-Clean-Mac-DD/Build/Products/Debug/PackageFrameworks/AnchoredSequenceCore_-65B9EEE52AB2106_PackageProduct.framework

SymLink /tmp/MYR175-Clean-Mac-DD/Build/Intermediates.noindex/EagerLinkingTBDs/Debug/AnchoredSequenceCore_-65B9EEE52AB2106_PackageProduct.framework/AnchoredSequenceCore_-65B9EEE52AB2106_PackageProduct.tbd /tmp/MYR175-Clean-Mac-DD/Build/Intermediates.noindex/EagerLinkingTBDs/Debug/AnchoredSequenceCore_-65B9EEE52AB2106_PackageProduct.framework/Versions/A/AnchoredSequenceCore_-65B9EEE52AB2106_PackageProduct.tbd (in target 'AnchoredSequenceCore' from project 'AnchoredSequenceCore')
    cd /Users/runner/work/MyRAM-iOS/MyRAM-iOS/MyRAM-iOS/Packages/AnchoredSequenceCore
    /bin/ln -sfh /tmp/MYR175-Clean-Mac-DD/Build/Intermediates.noindex/EagerLinkingTBDs/Debug/AnchoredSequenceCore_-65B9EEE52AB2106_PackageProduct.framework/Versions/A/AnchoredSequenceCore_-65B9EEE52AB2106_PackageProduct.tbd /tmp/MYR175-Clean-Mac-DD/Build/Intermediates.noindex/EagerLinkingTBDs/Debug/AnchoredSequenceCore_-65B9EEE52AB2106_PackageProduct.framework/AnchoredSequenceCore_-65B9EEE52AB2106_PackageProduct.tbd

Touch /tmp/MYR175-Clean-Mac-DD/Build/Products/Debug/PackageFrameworks/AnchoredSequenceCore_-65B9EEE52AB2106_PackageProduct.framework (in target 'AnchoredSequenceCore' from project 'AnchoredSequenceCore')
    cd /Users/runner/work/MyRAM-iOS/MyRAM-iOS/MyRAM-iOS/Packages/AnchoredSequenceCore
    /usr/bin/touch -c /tmp/MYR175-Clean-Mac-DD/Build/Products/Debug/PackageFrameworks/AnchoredSequenceCore_-65B9EEE52AB2106_PackageProduct.framework

Copy /tmp/MYR175-Clean-Mac-DD/Build/Products/Debug/MyRAMMac.app/Contents/Frameworks/libXCTestSwiftSupport.dylib /Applications/Xcode_26.5.app/Contents/Developer/Platforms/MacOSX.platform/Developer/usr/lib/libXCTestSwiftSupport.dylib (in target 'MyRAMMac' from project 'MyRAM')
    cd /Users/runner/work/MyRAM-iOS/MyRAM-iOS/MyRAM-iOS
    builtin-copy -exclude .DS_Store -exclude CVS -exclude .svn -exclude .git -exclude .hg -exclude Headers -exclude PrivateHeaders -exclude Modules -exclude \*.tbd -resolve-src-symlinks /Applications/Xcode_26.5.app/Contents/Developer/Platforms/MacOSX.platform/Developer/usr/lib/libXCTestSwiftSupport.dylib /tmp/MYR175-Clean-Mac-DD/Build/Products/Debug/MyRAMMac.app/Contents/Frameworks

Ld /tmp/MYR175-Clean-Mac-DD/Build/Products/Debug/MyRAMMac.app/Contents/MacOS/__preview.dylib normal (in target 'MyRAMMac' from project 'MyRAM')
    cd /Users/runner/work/MyRAM-iOS/MyRAM-iOS/MyRAM-iOS
    /Applications/Xcode_26.5.app/Contents/Developer/Toolchains/XcodeDefault.xctoolchain/usr/bin/clang -Xlinker -reproducible -target arm64-apple-macos14.0 -dynamiclib -isysroot /Applications/Xcode_26.5.app/Contents/Developer/Platforms/MacOSX.platform/Developer/SDKs/MacOSX26.5.sdk -O0 -L/tmp/MYR175-Clean-Mac-DD/Build/Products/Debug -F/tmp/MYR175-Clean-Mac-DD/Build/Products/Debug/PackageFrameworks -F/tmp/MYR175-Clean-Mac-DD/Build/Products/Debug/PackageFrameworks -F/tmp/MYR175-Clean-Mac-DD/Build/Products/Debug -install_name @rpath/MyRAMMac.debug.dylib -rdynamic -Xlinker -no_deduplicate -Xlinker -dependency_info -Xlinker /tmp/MYR175-Clean-Mac-DD/Build/Intermediates.noindex/MyRAM.build/Debug/MyRAMMac.build/Objects-normal/arm64/MyRAMMac_dependency_info.dat -Xlinker -no_adhoc_codesign -o /tmp/MYR175-Clean-Mac-DD/Build/Products/Debug/MyRAMMac.app/Contents/MacOS/__preview.dylib

Copy /tmp/MYR175-Clean-Mac-DD/Build/Products/Debug/MyRAMMac.app/Contents/Frameworks/libXCTestBundleInject.dylib /Applications/Xcode_26.5.app/Contents/Developer/Platforms/MacOSX.platform/Developer/usr/lib/libXCTestBundleInject.dylib (in target 'MyRAMMac' from project 'MyRAM')
    cd /Users/runner/work/MyRAM-iOS/MyRAM-iOS/MyRAM-iOS
    builtin-copy -exclude .DS_Store -exclude CVS -exclude .svn -exclude .git -exclude .hg -exclude Headers -exclude PrivateHeaders -exclude Modules -exclude \*.tbd -resolve-src-symlinks /Applications/Xcode_26.5.app/Contents/Developer/Platforms/MacOSX.platform/Developer/usr/lib/libXCTestBundleInject.dylib /tmp/MYR175-Clean-Mac-DD/Build/Products/Debug/MyRAMMac.app/Contents/Frameworks

Copy /tmp/MYR175-Clean-Mac-DD/Build/Products/Debug/MyRAMMac.app/Contents/Frameworks/XCUnit.framework /Applications/Xcode_26.5.app/Contents/Developer/Platforms/MacOSX.platform/Developer/Library/PrivateFrameworks/XCUnit.framework (in target 'MyRAMMac' from project 'MyRAM')
    cd /Users/runner/work/MyRAM-iOS/MyRAM-iOS/MyRAM-iOS
    builtin-copy -exclude .DS_Store -exclude CVS -exclude .svn -exclude .git -exclude .hg -exclude Headers -exclude PrivateHeaders -exclude Modules -exclude \*.tbd -resolve-src-symlinks /Applications/Xcode_26.5.app/Contents/Developer/Platforms/MacOSX.platform/Developer/Library/PrivateFrameworks/XCUnit.framework /tmp/MYR175-Clean-Mac-DD/Build/Products/Debug/MyRAMMac.app/Contents/Frameworks

Copy /tmp/MYR175-Clean-Mac-DD/Build/Products/Debug/MyRAMMac.app/Contents/Frameworks/XCUIAutomation.framework /Applications/Xcode_26.5.app/Contents/Developer/Platforms/MacOSX.platform/Developer/Library/Frameworks/XCUIAutomation.framework (in target 'MyRAMMac' from project 'MyRAM')
    cd /Users/runner/work/MyRAM-iOS/MyRAM-iOS/MyRAM-iOS
    builtin-copy -exclude .DS_Store -exclude CVS -exclude .svn -exclude .git -exclude .hg -exclude Headers -exclude PrivateHeaders -exclude Modules -exclude \*.tbd -resolve-src-symlinks /Applications/Xcode_26.5.app/Contents/Developer/Platforms/MacOSX.platform/Developer/Library/Frameworks/XCUIAutomation.framework /tmp/MYR175-Clean-Mac-DD/Build/Products/Debug/MyRAMMac.app/Contents/Frameworks

Copy /tmp/MYR175-Clean-Mac-DD/Build/Products/Debug/MyRAMMac.app/Contents/Frameworks/XCTestSupport.framework /Applications/Xcode_26.5.app/Contents/Developer/Platforms/MacOSX.platform/Developer/Library/PrivateFrameworks/XCTestSupport.framework (in target 'MyRAMMac' from project 'MyRAM')
    cd /Users/runner/work/MyRAM-iOS/MyRAM-iOS/MyRAM-iOS
    builtin-copy -exclude .DS_Store -exclude CVS -exclude .svn -exclude .git -exclude .hg -exclude Headers -exclude PrivateHeaders -exclude Modules -exclude \*.tbd -resolve-src-symlinks /Applications/Xcode_26.5.app/Contents/Developer/Platforms/MacOSX.platform/Developer/Library/PrivateFrameworks/XCTestSupport.framework /tmp/MYR175-Clean-Mac-DD/Build/Products/Debug/MyRAMMac.app/Contents/Frameworks

Copy /tmp/MYR175-Clean-Mac-DD/Build/Products/Debug/MyRAMMac.app/Contents/Frameworks/XCTestCore.framework /Applications/Xcode_26.5.app/Contents/Developer/Platforms/MacOSX.platform/Developer/Library/PrivateFrameworks/XCTestCore.framework (in target 'MyRAMMac' from project 'MyRAM')
    cd /Users/runner/work/MyRAM-iOS/MyRAM-iOS/MyRAM-iOS
    builtin-copy -exclude .DS_Store -exclude CVS -exclude .svn -exclude .git -exclude .hg -exclude Headers -exclude PrivateHeaders -exclude Modules -exclude \*.tbd -resolve-src-symlinks /Applications/Xcode_26.5.app/Contents/Developer/Platforms/MacOSX.platform/Developer/Library/PrivateFrameworks/XCTestCore.framework /tmp/MYR175-Clean-Mac-DD/Build/Products/Debug/MyRAMMac.app/Contents/Frameworks

Copy /tmp/MYR175-Clean-Mac-DD/Build/Products/Debug/MyRAMMac.app/Contents/Frameworks/XCTest.framework /Applications/Xcode_26.5.app/Contents/Developer/Platforms/MacOSX.platform/Developer/Library/Frameworks/XCTest.framework (in target 'MyRAMMac' from project 'MyRAM')
    cd /Users/runner/work/MyRAM-iOS/MyRAM-iOS/MyRAM-iOS
    builtin-copy -exclude .DS_Store -exclude CVS -exclude .svn -exclude .git -exclude .hg -exclude Headers -exclude PrivateHeaders -exclude Modules -exclude \*.tbd -resolve-src-symlinks /Applications/Xcode_26.5.app/Contents/Developer/Platforms/MacOSX.platform/Developer/Library/Frameworks/XCTest.framework /tmp/MYR175-Clean-Mac-DD/Build/Products/Debug/MyRAMMac.app/Contents/Frameworks

Copy /tmp/MYR175-Clean-Mac-DD/Build/Products/Debug/MyRAMMac.app/Contents/Frameworks/XCTAutomationSupport.framework /Applications/Xcode_26.5.app/Contents/Developer/Platforms/MacOSX.platform/Developer/Library/PrivateFrameworks/XCTAutomationSupport.framework (in target 'MyRAMMac' from project 'MyRAM')
    cd /Users/runner/work/MyRAM-iOS/MyRAM-iOS/MyRAM-iOS
    builtin-copy -exclude .DS_Store -exclude CVS -exclude .svn -exclude .git -exclude .hg -exclude Headers -exclude PrivateHeaders -exclude Modules -exclude \*.tbd -resolve-src-symlinks /Applications/Xcode_26.5.app/Contents/Developer/Platforms/MacOSX.platform/Developer/Library/PrivateFrameworks/XCTAutomationSupport.framework /tmp/MYR175-Clean-Mac-DD/Build/Products/Debug/MyRAMMac.app/Contents/Frameworks

Copy /tmp/MYR175-Clean-Mac-DD/Build/Products/Debug/MyRAMMac.app/Contents/Frameworks/Testing.framework /Applications/Xcode_26.5.app/Contents/Developer/Platforms/MacOSX.platform/Developer/Library/Frameworks/Testing.framework (in target 'MyRAMMac' from project 'MyRAM')
    cd /Users/runner/work/MyRAM-iOS/MyRAM-iOS/MyRAM-iOS
    builtin-copy -exclude .DS_Store -exclude CVS -exclude .svn -exclude .git -exclude .hg -exclude Headers -exclude PrivateHeaders -exclude Modules -exclude \*.tbd -resolve-src-symlinks /Applications/Xcode_26.5.app/Contents/Developer/Platforms/MacOSX.platform/Developer/Library/Frameworks/Testing.framework /tmp/MYR175-Clean-Mac-DD/Build/Products/Debug/MyRAMMac.app/Contents/Frameworks

Copy /tmp/MYR175-Clean-Mac-DD/Build/Products/Debug/MyRAMMac.app/Contents/Frameworks/AnchoredSequenceCore_-65B9EEE52AB2106_PackageProduct.framework /tmp/MYR175-Clean-Mac-DD/Build/Products/Debug/PackageFrameworks/AnchoredSequenceCore_-65B9EEE52AB2106_PackageProduct.framework (in target 'MyRAMMac' from project 'MyRAM')
    cd /Users/runner/work/MyRAM-iOS/MyRAM-iOS/MyRAM-iOS
    builtin-copy -exclude .DS_Store -exclude CVS -exclude .svn -exclude .git -exclude .hg -resolve-src-symlinks -remove-static-executable /tmp/MYR175-Clean-Mac-DD/Build/Products/Debug/PackageFrameworks/AnchoredSequenceCore_-65B9EEE52AB2106_PackageProduct.framework /tmp/MYR175-Clean-Mac-DD/Build/Products/Debug/MyRAMMac.app/Contents/Frameworks

CodeSign /tmp/MYR175-Clean-Mac-DD/Build/Products/Debug/MyRAMMac.app/Contents/Frameworks/libXCTestSwiftSupport.dylib (in target 'MyRAMMac' from project 'MyRAM')
    cd /Users/runner/work/MyRAM-iOS/MyRAM-iOS/MyRAM-iOS
    
    Signing Identity:     "Sign to Run Locally"
    
    /usr/bin/codesign --force --sign - --timestamp\=none --preserve-metadata\=identifier,entitlements,flags --generate-entitlement-der /tmp/MYR175-Clean-Mac-DD/Build/Products/Debug/MyRAMMac.app/Contents/Frameworks/libXCTestSwiftSupport.dylib
/tmp/MYR175-Clean-Mac-DD/Build/Products/Debug/MyRAMMac.app/Contents/Frameworks/libXCTestSwiftSupport.dylib: replacing existing signature

CodeSign /tmp/MYR175-Clean-Mac-DD/Build/Products/Debug/MyRAMMac.app/Contents/Frameworks/libXCTestBundleInject.dylib (in target 'MyRAMMac' from project 'MyRAM')
    cd /Users/runner/work/MyRAM-iOS/MyRAM-iOS/MyRAM-iOS
    
    Signing Identity:     "Sign to Run Locally"
    
    /usr/bin/codesign --force --sign - --timestamp\=none --preserve-metadata\=identifier,entitlements,flags --generate-entitlement-der /tmp/MYR175-Clean-Mac-DD/Build/Products/Debug/MyRAMMac.app/Contents/Frameworks/libXCTestBundleInject.dylib
/tmp/MYR175-Clean-Mac-DD/Build/Products/Debug/MyRAMMac.app/Contents/Frameworks/libXCTestBundleInject.dylib: replacing existing signature

CodeSign /tmp/MYR175-Clean-Mac-DD/Build/Products/Debug/MyRAMMac.app/Contents/Frameworks/XCUnit.framework (in target 'MyRAMMac' from project 'MyRAM')
    cd /Users/runner/work/MyRAM-iOS/MyRAM-iOS/MyRAM-iOS
    
    Signing Identity:     "Sign to Run Locally"
    
    /usr/bin/codesign --force --sign - --timestamp\=none --preserve-metadata\=identifier,entitlements,flags --generate-entitlement-der /tmp/MYR175-Clean-Mac-DD/Build/Products/Debug/MyRAMMac.app/Contents/Frameworks/XCUnit.framework
/tmp/MYR175-Clean-Mac-DD/Build/Products/Debug/MyRAMMac.app/Contents/Frameworks/XCUnit.framework: replacing existing signature

CodeSign /tmp/MYR175-Clean-Mac-DD/Build/Products/Debug/MyRAMMac.app/Contents/Frameworks/XCUIAutomation.framework (in target 'MyRAMMac' from project 'MyRAM')
    cd /Users/runner/work/MyRAM-iOS/MyRAM-iOS/MyRAM-iOS
    
    Signing Identity:     "Sign to Run Locally"
    
    /usr/bin/codesign --force --sign - --timestamp\=none --preserve-metadata\=identifier,entitlements,flags --generate-entitlement-der /tmp/MYR175-Clean-Mac-DD/Build/Products/Debug/MyRAMMac.app/Contents/Frameworks/XCUIAutomation.framework
/tmp/MYR175-Clean-Mac-DD/Build/Products/Debug/MyRAMMac.app/Contents/Frameworks/XCUIAutomation.framework: replacing existing signature

CodeSign /tmp/MYR175-Clean-Mac-DD/Build/Products/Debug/MyRAMMac.app/Contents/Frameworks/XCTestSupport.framework (in target 'MyRAMMac' from project 'MyRAM')
    cd /Users/runner/work/MyRAM-iOS/MyRAM-iOS/MyRAM-iOS
    
    Signing Identity:     "Sign to Run Locally"
    
    /usr/bin/codesign --force --sign - --timestamp\=none --preserve-metadata\=identifier,entitlements,flags --generate-entitlement-der /tmp/MYR175-Clean-Mac-DD/Build/Products/Debug/MyRAMMac.app/Contents/Frameworks/XCTestSupport.framework
/tmp/MYR175-Clean-Mac-DD/Build/Products/Debug/MyRAMMac.app/Contents/Frameworks/XCTestSupport.framework: replacing existing signature

CodeSign /tmp/MYR175-Clean-Mac-DD/Build/Products/Debug/MyRAMMac.app/Contents/Frameworks/XCTestCore.framework (in target 'MyRAMMac' from project 'MyRAM')
    cd /Users/runner/work/MyRAM-iOS/MyRAM-iOS/MyRAM-iOS
    
    Signing Identity:     "Sign to Run Locally"
    
    /usr/bin/codesign --force --sign - --timestamp\=none --preserve-metadata\=identifier,entitlements,flags --generate-entitlement-der /tmp/MYR175-Clean-Mac-DD/Build/Products/Debug/MyRAMMac.app/Contents/Frameworks/XCTestCore.framework
/tmp/MYR175-Clean-Mac-DD/Build/Products/Debug/MyRAMMac.app/Contents/Frameworks/XCTestCore.framework: replacing existing signature

CodeSign /tmp/MYR175-Clean-Mac-DD/Build/Products/Debug/MyRAMMac.app/Contents/Frameworks/XCTest.framework (in target 'MyRAMMac' from project 'MyRAM')
    cd /Users/runner/work/MyRAM-iOS/MyRAM-iOS/MyRAM-iOS
    
    Signing Identity:     "Sign to Run Locally"
    
    /usr/bin/codesign --force --sign - --timestamp\=none --preserve-metadata\=identifier,entitlements,flags --generate-entitlement-der /tmp/MYR175-Clean-Mac-DD/Build/Products/Debug/MyRAMMac.app/Contents/Frameworks/XCTest.framework
/tmp/MYR175-Clean-Mac-DD/Build/Products/Debug/MyRAMMac.app/Contents/Frameworks/XCTest.framework: replacing existing signature

CodeSign /tmp/MYR175-Clean-Mac-DD/Build/Products/Debug/MyRAMMac.app/Contents/Frameworks/XCTAutomationSupport.framework (in target 'MyRAMMac' from project 'MyRAM')
    cd /Users/runner/work/MyRAM-iOS/MyRAM-iOS/MyRAM-iOS
    
    Signing Identity:     "Sign to Run Locally"
    
    /usr/bin/codesign --force --sign - --timestamp\=none --preserve-metadata\=identifier,entitlements,flags --generate-entitlement-der /tmp/MYR175-Clean-Mac-DD/Build/Products/Debug/MyRAMMac.app/Contents/Frameworks/XCTAutomationSupport.framework
/tmp/MYR175-Clean-Mac-DD/Build/Products/Debug/MyRAMMac.app/Contents/Frameworks/XCTAutomationSupport.framework: replacing existing signature

CodeSign /tmp/MYR175-Clean-Mac-DD/Build/Products/Debug/MyRAMMac.app/Contents/Frameworks/Testing.framework (in target 'MyRAMMac' from project 'MyRAM')
    cd /Users/runner/work/MyRAM-iOS/MyRAM-iOS/MyRAM-iOS
    
    Signing Identity:     "Sign to Run Locally"
    
    /usr/bin/codesign --force --sign - --timestamp\=none --preserve-metadata\=identifier,entitlements,flags --generate-entitlement-der /tmp/MYR175-Clean-Mac-DD/Build/Products/Debug/MyRAMMac.app/Contents/Frameworks/Testing.framework
/tmp/MYR175-Clean-Mac-DD/Build/Products/Debug/MyRAMMac.app/Contents/Frameworks/Testing.framework: replacing existing signature

CodeSign /tmp/MYR175-Clean-Mac-DD/Build/Products/Debug/MyRAMMac.app/Contents/Frameworks/AnchoredSequenceCore_-65B9EEE52AB2106_PackageProduct.framework/Versions/A (in target 'MyRAMMac' from project 'MyRAM')
    cd /Users/runner/work/MyRAM-iOS/MyRAM-iOS/MyRAM-iOS
    
    Signing Identity:     "Sign to Run Locally"
    
    /usr/bin/codesign --force --sign - --timestamp\=none --preserve-metadata\=identifier,entitlements,flags --generate-entitlement-der /tmp/MYR175-Clean-Mac-DD/Build/Products/Debug/MyRAMMac.app/Contents/Frameworks/AnchoredSequenceCore_-65B9EEE52AB2106_PackageProduct.framework/Versions/A
/tmp/MYR175-Clean-Mac-DD/Build/Products/Debug/MyRAMMac.app/Contents/Frameworks/AnchoredSequenceCore_-65B9EEE52AB2106_PackageProduct.framework/Versions/A: replacing existing signature

SwiftExplicitDependencyGeneratePcm arm64 /tmp/MYR175-Clean-Mac-DD/ModuleCache.noindex/ActivityKit-E7VCZQ8W7V0JNBM8RBTBYR5ZV.pcm

SwiftExplicitDependencyGeneratePcm arm64 /tmp/MYR175-Clean-Mac-DD/ModuleCache.noindex/_Builtin_stdbool-6XGC0PB2L9FNWAB0L0LF2C29N.pcm

SwiftExplicitDependencyGeneratePcm arm64 /tmp/MYR175-Clean-Mac-DD/ModuleCache.noindex/ptrcheck-EVSQ24AJ2PYPIDHJO93K3NFIS.pcm

SwiftExplicitDependencyGeneratePcm arm64 /tmp/MYR175-Clean-Mac-DD/ModuleCache.noindex/_Builtin_float-D1YMDCUW9SS7VTL7IGEHO4OSQ.pcm

SwiftExplicitDependencyGeneratePcm arm64 /tmp/MYR175-Clean-Mac-DD/ModuleCache.noindex/ptrauth-D710KIGJO25NPW5D1TQILJ0XG.pcm

SwiftExplicitDependencyGeneratePcm arm64 /tmp/MYR175-Clean-Mac-DD/ModuleCache.noindex/DeveloperToolsSupport-N7WC9A78QGQ30IK9MDO7JS44.pcm

SwiftExplicitDependencyGeneratePcm arm64 /tmp/MYR175-Clean-Mac-DD/ModuleCache.noindex/SwiftShims-CZZ3G6G7SVDX7CBO8RAYGAV2Y.pcm

SwiftExplicitDependencyGeneratePcm arm64 /tmp/MYR175-Clean-Mac-DD/ModuleCache.noindex/_Builtin_stdarg-E4KWY5S8RLGP258Z80SUN25GC.pcm

SwiftExplicitDependencyGeneratePcm arm64 /tmp/MYR175-Clean-Mac-DD/ModuleCache.noindex/_Builtin_stddef-BH0KNX93F175QVK37I9KR7AUW.pcm

SwiftExplicitDependencyGeneratePcm arm64 /tmp/MYR175-Clean-Mac-DD/ModuleCache.noindex/_SwiftConcurrencyShims-6H5EXLPUGINHIFUZMEOHUFL77.pcm

SwiftExplicitDependencyGeneratePcm arm64 /tmp/MYR175-Clean-Mac-DD/ModuleCache.noindex/_AvailabilityInternal-7L3XXB9YSYJRT4W0MWDDCXG6U.pcm

SwiftExplicitDependencyGeneratePcm arm64 /tmp/MYR175-Clean-Mac-DD/ModuleCache.noindex/_DarwinFoundation1-3H1PD7UW64EYOE8TJ03OOQ1CE.pcm

SwiftExplicitDependencyGeneratePcm arm64 /tmp/MYR175-Clean-Mac-DD/ModuleCache.noindex/_Builtin_limits-42S0C67XYSNUHI7WES83V70RJ.pcm

SwiftExplicitDependencyGeneratePcm arm64 /tmp/MYR175-Clean-Mac-DD/ModuleCache.noindex/ExtensionFoundation-2N0YPJBQL6LLQVA997AJQVFS5.pcm

SwiftExplicitDependencyGeneratePcm arm64 /tmp/MYR175-Clean-Mac-DD/ModuleCache.noindex/_DarwinFoundation2-23SWR77MY30P610UDFH9YZI5Y.pcm

SwiftExplicitDependencyGeneratePcm arm64 /tmp/MYR175-Clean-Mac-DD/ModuleCache.noindex/_Builtin_tgmath-70U2JNEST5HHQSXZL7VZ1LEVP.pcm

SwiftExplicitDependencyGeneratePcm arm64 /tmp/MYR175-Clean-Mac-DD/ModuleCache.noindex/_Builtin_stdint-2IE9O0DDEX0DIV1ILV8Q2E4XY.pcm

SwiftExplicitDependencyGeneratePcm arm64 /tmp/MYR175-Clean-Mac-DD/ModuleCache.noindex/sys_types-AB2IGBWK4HTGGBTH07ZYR9ULH.pcm

SwiftExplicitDependencyGeneratePcm arm64 /tmp/MYR175-Clean-Mac-DD/ModuleCache.noindex/libDER-D4GDRHKSX5GGZG1BKTMKWF5BK.pcm

SwiftExplicitDependencyGeneratePcm arm64 /tmp/MYR175-Clean-Mac-DD/ModuleCache.noindex/_Builtin_stdatomic-AJLL42HF62YNMHH1PMXMK2H19.pcm

SwiftExplicitDependencyGeneratePcm arm64 /tmp/MYR175-Clean-Mac-DD/ModuleCache.noindex/OpenGL-8MIFRDQ3JAN58UF03B7M0DGNP.pcm

SwiftExplicitDependencyGeneratePcm arm64 /tmp/MYR175-Clean-Mac-DD/ModuleCache.noindex/_Builtin_intrinsics-2C9GUNUY0II1QV1LZNPCWTNUT.pcm

SwiftExplicitDependencyGeneratePcm arm64 /tmp/MYR175-Clean-Mac-DD/ModuleCache.noindex/_DarwinFoundation3-163INWVASGYZ0ILCI4VTB3VN4.pcm

SwiftExplicitDependencyGeneratePcm arm64 /tmp/MYR175-Clean-Mac-DD/ModuleCache.noindex/_Builtin_inttypes-1V2LJGUC88QJ81G6KZKU4G3S8.pcm

SwiftExplicitDependencyGeneratePcm arm64 /tmp/MYR175-Clean-Mac-DD/ModuleCache.noindex/simd-EVALA2H6B54HBVI28UR96AMGY.pcm

SwiftExplicitDependencyGeneratePcm arm64 /tmp/MYR175-Clean-Mac-DD/ModuleCache.noindex/Darwin-478AAA3MJJJG5VZAWW57PJA33.pcm

SwiftExplicitDependencyGeneratePcm arm64 /tmp/MYR175-Clean-Mac-DD/ModuleCache.noindex/Spatial-3EWC3MNRGBM6QCZLFOM4AXSI6.pcm

SwiftExplicitDependencyGeneratePcm arm64 /tmp/MYR175-Clean-Mac-DD/ModuleCache.noindex/MachO-6KWO3Z2MWZB4NRYEFC9NJ6EUO.pcm

SwiftExplicitDependencyGeneratePcm arm64 /tmp/MYR175-Clean-Mac-DD/ModuleCache.noindex/launch-51BTQDYG78QRVU85Q5IGWGYOR.pcm

SwiftExplicitDependencyGeneratePcm arm64 /tmp/MYR175-Clean-Mac-DD/ModuleCache.noindex/ObjectiveC-9QZD8H9M6ZYZJWLY242SM6BJC.pcm

SwiftExplicitDependencyGeneratePcm arm64 /tmp/MYR175-Clean-Mac-DD/ModuleCache.noindex/libkern-1RVIHMQBVP5CTF9IMYV3CYGXO.pcm

SwiftExplicitDependencyGeneratePcm arm64 /tmp/MYR175-Clean-Mac-DD/ModuleCache.noindex/CUPS-9G57GNNN663ZF95JUPMZ0KMMI.pcm

SwiftExplicitDependencyGeneratePcm arm64 /tmp/MYR175-Clean-Mac-DD/ModuleCache.noindex/os_object-29BJYG3OUT6NK7BKIGG91DBE5.pcm

SwiftExplicitDependencyGeneratePcm arm64 /tmp/MYR175-Clean-Mac-DD/ModuleCache.noindex/os_workgroup-9YOM7IYO48F73YBUK0K4RHF2V.pcm

SwiftExplicitDependencyGeneratePcm arm64 /tmp/MYR175-Clean-Mac-DD/ModuleCache.noindex/Dispatch-730G832XK1VBEVT57Z3CC0EXK.pcm

SwiftExplicitDependencyGeneratePcm arm64 /tmp/MYR175-Clean-Mac-DD/ModuleCache.noindex/dnssd-2ELMUNA4SBLH7UOGCB6H7E570.pcm

SwiftExplicitDependencyGeneratePcm arm64 /tmp/MYR175-Clean-Mac-DD/ModuleCache.noindex/CoreFoundation-88DI9PDMU5HVJ5BKITINO1MYW.pcm

SwiftExplicitDependencyGeneratePcm arm64 /tmp/MYR175-Clean-Mac-DD/ModuleCache.noindex/XPC-D0B798RHN50J27MIB06N7LNBJ.pcm

SwiftExplicitDependencyGeneratePcm arm64 /tmp/MYR175-Clean-Mac-DD/ModuleCache.noindex/os-3YUNE3TWNQGSE645LJSD1AFD5.pcm

SwiftExplicitDependencyGeneratePcm arm64 /tmp/MYR175-Clean-Mac-DD/ModuleCache.noindex/ColorSync-EGBZQA3G6Y4JULE5ZJ82ZW8C8.pcm

SwiftExplicitDependencyGeneratePcm arm64 /tmp/MYR175-Clean-Mac-DD/ModuleCache.noindex/CFNetwork-3K8T9G85I6O6UOY4K1LCUU9K3.pcm

SwiftExplicitDependencyGeneratePcm arm64 /tmp/MYR175-Clean-Mac-DD/ModuleCache.noindex/Security-F256VFCUFUJSGAFQ2SKOGODHD.pcm

SwiftExplicitDependencyGeneratePcm arm64 /tmp/MYR175-Clean-Mac-DD/ModuleCache.noindex/IOKit-6I07N8UG8IOP7XSUUQC4D5N85.pcm

LinkAssetCatalog /Users/runner/work/MyRAM-iOS/MyRAM-iOS/MyRAM-iOS/MyRAM/Assets.xcassets (in target 'MyRAMMac' from project 'MyRAM')
    cd /Users/runner/work/MyRAM-iOS/MyRAM-iOS/MyRAM-iOS
    builtin-linkAssetCatalog --thinned /tmp/MYR175-Clean-Mac-DD/Build/Intermediates.noindex/MyRAM.build/Debug/MyRAMMac.build/assetcatalog_output/thinned --thinned-dependencies /tmp/MYR175-Clean-Mac-DD/Build/Intermediates.noindex/MyRAM.build/Debug/MyRAMMac.build/assetcatalog_dependencies_thinned --thinned-info-plist-content /tmp/MYR175-Clean-Mac-DD/Build/Intermediates.noindex/MyRAM.build/Debug/MyRAMMac.build/assetcatalog_generated_info.plist_thinned --unthinned /tmp/MYR175-Clean-Mac-DD/Build/Intermediates.noindex/MyRAM.build/Debug/MyRAMMac.build/assetcatalog_output/unthinned --unthinned-dependencies /tmp/MYR175-Clean-Mac-DD/Build/Intermediates.noindex/MyRAM.build/Debug/MyRAMMac.build/assetcatalog_dependencies_unthinned --unthinned-info-plist-content /tmp/MYR175-Clean-Mac-DD/Build/Intermediates.noindex/MyRAM.build/Debug/MyRAMMac.build/assetcatalog_generated_info.plist_unthinned --output /tmp/MYR175-Clean-Mac-DD/Build/Products/Debug/MyRAMMac.app/Contents/Resources --plist-output /tmp/MYR175-Clean-Mac-DD/Build/Intermediates.noindex/MyRAM.build/Debug/MyRAMMac.build/assetcatalog_generated_info.plist
note: Emplaced /tmp/MYR175-Clean-Mac-DD/Build/Products/Debug/MyRAMMac.app/Contents/Resources/AppIcon.icns (in target 'MyRAMMac' from project 'MyRAM')
note: Emplaced /tmp/MYR175-Clean-Mac-DD/Build/Products/Debug/MyRAMMac.app/Contents/Resources/Assets.car (in target 'MyRAMMac' from project 'MyRAM')

SwiftExplicitDependencyGeneratePcm arm64 /tmp/MYR175-Clean-Mac-DD/ModuleCache.noindex/DiskArbitration-BQ9Q2XN9KMB6S8O3WVV12P93L.pcm

SwiftExplicitDependencyGeneratePcm arm64 /tmp/MYR175-Clean-Mac-DD/ModuleCache.noindex/CoreGraphics-DQRSQW66W2NDQFFTEBS7FYJAM.pcm

SwiftExplicitDependencyGeneratePcm arm64 /tmp/MYR175-Clean-Mac-DD/ModuleCache.noindex/CoreServices-7V74RKT8NPLM4XXT21V2165VB.pcm

SwiftExplicitDependencyGeneratePcm arm64 /tmp/MYR175-Clean-Mac-DD/ModuleCache.noindex/ImageIO-E7P2LB85MQBIBUPFDDTHXPYTL.pcm

SwiftExplicitDependencyGeneratePcm arm64 /tmp/MYR175-Clean-Mac-DD/ModuleCache.noindex/CoreText-DUX5NL1MSYQFYWU2KNDXJCFJB.pcm

SwiftExplicitDependencyGeneratePcm arm64 /tmp/MYR175-Clean-Mac-DD/ModuleCache.noindex/Foundation-8L87NKVYUHL1HPQ31RV357O4G.pcm

SwiftExplicitDependencyGeneratePcm arm64 /tmp/MYR175-Clean-Mac-DD/ModuleCache.noindex/LocalAuthentication-2XJZZU4RX2WPSOSRPM4M4W2Y.pcm

SwiftExplicitDependencyGeneratePcm arm64 /tmp/MYR175-Clean-Mac-DD/ModuleCache.noindex/DataDetection-4CS1PKAUD2E4X3ZUC4NJSVALG.pcm

SwiftExplicitDependencyGeneratePcm arm64 /tmp/MYR175-Clean-Mac-DD/ModuleCache.noindex/Network-70YM5FS36W12WUXVGEOTVMUYZ.pcm

SwiftExplicitDependencyGeneratePcm arm64 /tmp/MYR175-Clean-Mac-DD/ModuleCache.noindex/ApplicationServices-AL0364ZIE1G5K7ZURLZYKN7MK.pcm

SwiftExplicitDependencyGeneratePcm arm64 /tmp/MYR175-Clean-Mac-DD/ModuleCache.noindex/Accessibility-C68VJX8OZ5JW7J3U5CH2F12EI.pcm

SwiftExplicitDependencyGeneratePcm arm64 /tmp/MYR175-Clean-Mac-DD/ModuleCache.noindex/_LocationEssentials-86U1D38PVQ1L5X1CJD081ZN27.pcm

SwiftExplicitDependencyGeneratePcm arm64 /tmp/MYR175-Clean-Mac-DD/ModuleCache.noindex/WidgetKit-2PEYGGBO9UVGOPSQFY05LZF4A.pcm

SwiftExplicitDependencyGeneratePcm arm64 /tmp/MYR175-Clean-Mac-DD/ModuleCache.noindex/CoreLocation-8EB1G9TGMKYBT9RN8UIKY34DT.pcm

SwiftExplicitDependencyGeneratePcm arm64 /tmp/MYR175-Clean-Mac-DD/ModuleCache.noindex/CoreTransferable-1RGZFJS1WRW6XLKPVHZCQ61FL.pcm

SwiftExplicitDependencyGeneratePcm arm64 /tmp/MYR175-Clean-Mac-DD/ModuleCache.noindex/UserNotifications-2P8ITEL83A39OFIGGR87A2XOP.pcm

SwiftExplicitDependencyGeneratePcm arm64 /tmp/MYR175-Clean-Mac-DD/ModuleCache.noindex/UniformTypeIdentifiers-2I1410U8548LEIXHP8HFNMXWI.pcm

SwiftExplicitDependencyGeneratePcm arm64 /tmp/MYR175-Clean-Mac-DD/ModuleCache.noindex/IOSurface-98OBK3JA93ZOA4WPZQHKTYZKM.pcm

SwiftExplicitDependencyGeneratePcm arm64 /tmp/MYR175-Clean-Mac-DD/ModuleCache.noindex/Symbols-F4OACB81VRC5I0GMCIB67QWJW.pcm

SwiftExplicitDependencyGeneratePcm arm64 /tmp/MYR175-Clean-Mac-DD/ModuleCache.noindex/Intents-DMUVSH9UXHMDGGMV2SBXN5S3D.pcm

SwiftExplicitDependencyGeneratePcm arm64 /tmp/MYR175-Clean-Mac-DD/ModuleCache.noindex/AppIntents-2FVSKXO8SLST65G0BKP1YC3FO.pcm

SwiftExplicitDependencyGeneratePcm arm64 /tmp/MYR175-Clean-Mac-DD/ModuleCache.noindex/RelevanceKit-2ZK1240IXJLNFGVRQLB7CUCP0.pcm

SwiftExplicitDependencyGeneratePcm arm64 /tmp/MYR175-Clean-Mac-DD/ModuleCache.noindex/Metal-9BRI8S2WATIMJS0J17XVXW3CG.pcm

SwiftExplicitDependencyGeneratePcm arm64 /tmp/MYR175-Clean-Mac-DD/ModuleCache.noindex/CoreData-4T8ODN9WGLDBQK9YL9RWK116R.pcm

SwiftExplicitDependencyGeneratePcm arm64 /tmp/MYR175-Clean-Mac-DD/ModuleCache.noindex/CoreSpotlight-E43O8VM2BIR8EQC99OOMPIIFU.pcm

SwiftExplicitDependencyGeneratePcm arm64 /tmp/MYR175-Clean-Mac-DD/ModuleCache.noindex/OSLog-8ELIDBRYVP20I40GUMK28TTOW.pcm

SwiftExplicitDependencyGeneratePcm arm64 /tmp/MYR175-Clean-Mac-DD/ModuleCache.noindex/CoreVideo-ECIWYF5ROO9S7Z7QJXKH6EB0W.pcm

SwiftExplicitDependencyGeneratePcm arm64 /tmp/MYR175-Clean-Mac-DD/ModuleCache.noindex/QuartzCore-5IC3WTD3EN7UPRL1MJM5OLEPR.pcm

SwiftExplicitDependencyGeneratePcm arm64 /tmp/MYR175-Clean-Mac-DD/ModuleCache.noindex/CoreImage-ECDQEMTVDMNUSFAFP9OM43E9C.pcm

SwiftExplicitDependencyGeneratePcm arm64 /tmp/MYR175-Clean-Mac-DD/ModuleCache.noindex/SwiftUICore-CDLVAJ3YYIMGPQLYX2ABLKFZD.pcm

SwiftExplicitDependencyGeneratePcm arm64 /tmp/MYR175-Clean-Mac-DD/ModuleCache.noindex/AppKit-5HRTMXRJSFPL7GV3IPH9FUZX2.pcm

SwiftExplicitDependencyGeneratePcm arm64 /tmp/MYR175-Clean-Mac-DD/ModuleCache.noindex/Cocoa-KK4RUB7NRNG8J0NZAKUIFHD9.pcm

SwiftExplicitDependencyGeneratePcm arm64 /tmp/MYR175-Clean-Mac-DD/ModuleCache.noindex/SwiftUI-CV24ZMZD9CLDG2OPBAPMX4MU3.pcm

SwiftExplicitDependencyGeneratePcm arm64 /tmp/MYR175-Clean-Mac-DD/ModuleCache.noindex/MultipeerConnectivity-NHDX85IMQB3NU88JTE0VHD4S.pcm

SwiftEmitModule normal arm64 Emitting\ module\ for\ MyRAMMac (in target 'MyRAMMac' from project 'MyRAM')

EmitSwiftModule normal arm64 (in target 'MyRAMMac' from project 'MyRAM')
    cd /Users/runner/work/MyRAM-iOS/MyRAM-iOS/MyRAM-iOS
    

SwiftCompile normal arm64 Compiling\ MyRAMWidgetDeepLink.swift,\ MyRAMWidgetRuntimeConfiguration.swift,\ MyRAMWidgetSnapshotCodec.swift,\ MyRAMSyncChangeApplier.swift,\ MyRAMLegacySyncChangeValidator.swift,\ AppliedEditorMutation.swift,\ ActiveEditorApplicationPolicy.swift,\ ActiveEditorSyncUpdateHandler.swift,\ EditorSelectionMapper.swift,\ EditorRemoteApplyResult.swift,\ MacSyncModels.swift,\ MacSyncDeviceIdentity.swift,\ MacSyncSeenBatchStore.swift,\ MacSyncBatchAccumulator.swift,\ MacAppliedSyncBatch.swift,\ MacSyncBatchController.swift,\ MacSyncConvergenceCoordinator.swift,\ MacSyncConvergencePresentationAdapter.swift,\ MacLegacySyncReceiver.swift,\ GeneratedAssetSymbols.swift /Users/runner/work/MyRAM-iOS/MyRAM-iOS/MyRAM-iOS/MyRAM/WidgetShared/MyRAMWidgetDeepLink.swift /Users/runner/work/MyRAM-iOS/MyRAM-iOS/MyRAM-iOS/MyRAM/WidgetShared/MyRAMWidgetRuntimeConfiguration.swift /Users/runner/work/MyRAM-iOS/MyRAM-iOS/MyRAM-iOS/MyRAM/WidgetShared/MyRAMWidgetSnapshotCodec.swift /Users/runner/work/MyRAM-iOS/MyRAM-iOS/MyRAM-iOS/MyRAM/Sync/MyRAMSyncChangeApplier.swift /Users/runner/work/MyRAM-iOS/MyRAM-iOS/MyRAM-iOS/MyRAM/Sync/Legacy/MyRAMLegacySyncChangeValidator.swift /Users/runner/work/MyRAM-iOS/MyRAM-iOS/MyRAM-iOS/MyRAM/Sync/EditorApplication/AppliedEditorMutation.swift /Users/runner/work/MyRAM-iOS/MyRAM-iOS/MyRAM-iOS/MyRAM/Sync/EditorApplication/ActiveEditorApplicationPolicy.swift /Users/runner/work/MyRAM-iOS/MyRAM-iOS/MyRAM-iOS/MyRAM/Sync/EditorApplication/ActiveEditorSyncUpdateHandler.swift /Users/runner/work/MyRAM-iOS/MyRAM-iOS/MyRAM-iOS/MyRAM/Sync/EditorApplication/EditorSelectionMapper.swift /Users/runner/work/MyRAM-iOS/MyRAM-iOS/MyRAM-iOS/MyRAM/Sync/EditorApplication/EditorRemoteApplyResult.swift /Users/runner/work/MyRAM-iOS/MyRAM-iOS/MyRAM-iOS/MyRAM/Mac/Sync/MacSyncModels.swift /Users/runner/work/MyRAM-iOS/MyRAM-iOS/MyRAM-iOS/MyRAM/Mac/Sync/MacSyncDeviceIdentity.swift /Users/runner/work/MyRAM-iOS/MyRAM-iOS/MyRAM-iOS/MyRAM/Mac/Sync/MacSyncSeenBatchStore.swift /Users/runner/work/MyRAM-iOS/MyRAM-iOS/MyRAM-iOS/MyRAM/Mac/Sync/MacSyncBatchAccumulator.swift /Users/runner/work/MyRAM-iOS/MyRAM-iOS/MyRAM-iOS/MyRAM/Mac/Sync/MacAppliedSyncBatch.swift /Users/runner/work/MyRAM-iOS/MyRAM-iOS/MyRAM-iOS/MyRAM/Mac/Sync/MacSyncBatchController.swift /Users/runner/work/MyRAM-iOS/MyRAM-iOS/MyRAM-iOS/MyRAM/Mac/Sync/MacSyncConvergenceCoordinator.swift /Users/runner/work/MyRAM-iOS/MyRAM-iOS/MyRAM-iOS/MyRAM/Mac/Sync/MacSyncConvergencePresentationAdapter.swift /Users/runner/work/MyRAM-iOS/MyRAM-iOS/MyRAM-iOS/MyRAM/Mac/Sync/MacLegacySyncReceiver.swift /tmp/MYR175-Clean-Mac-DD/Build/Intermediates.noindex/MyRAM.build/Debug/MyRAMMac.build/DerivedSources/GeneratedAssetSymbols.swift (in target 'MyRAMMac' from project 'MyRAM')
SwiftCompile normal arm64 /Users/runner/work/MyRAM-iOS/MyRAM-iOS/MyRAM-iOS/MyRAM/WidgetShared/MyRAMWidgetDeepLink.swift (in target 'MyRAMMac' from project 'MyRAM')
    cd /Users/runner/work/MyRAM-iOS/MyRAM-iOS/MyRAM-iOS
    

SwiftCompile normal arm64 /Users/runner/work/MyRAM-iOS/MyRAM-iOS/MyRAM-iOS/MyRAM/WidgetShared/MyRAMWidgetRuntimeConfiguration.swift (in target 'MyRAMMac' from project 'MyRAM')
    cd /Users/runner/work/MyRAM-iOS/MyRAM-iOS/MyRAM-iOS
    

SwiftCompile normal arm64 /Users/runner/work/MyRAM-iOS/MyRAM-iOS/MyRAM-iOS/MyRAM/WidgetShared/MyRAMWidgetSnapshotCodec.swift (in target 'MyRAMMac' from project 'MyRAM')
    cd /Users/runner/work/MyRAM-iOS/MyRAM-iOS/MyRAM-iOS
    

SwiftCompile normal arm64 /Users/runner/work/MyRAM-iOS/MyRAM-iOS/MyRAM-iOS/MyRAM/Sync/MyRAMSyncChangeApplier.swift (in target 'MyRAMMac' from project 'MyRAM')
    cd /Users/runner/work/MyRAM-iOS/MyRAM-iOS/MyRAM-iOS
    

SwiftCompile normal arm64 /Users/runner/work/MyRAM-iOS/MyRAM-iOS/MyRAM-iOS/MyRAM/Sync/Legacy/MyRAMLegacySyncChangeValidator.swift (in target 'MyRAMMac' from project 'MyRAM')
    cd /Users/runner/work/MyRAM-iOS/MyRAM-iOS/MyRAM-iOS
    

SwiftCompile normal arm64 /Users/runner/work/MyRAM-iOS/MyRAM-iOS/MyRAM-iOS/MyRAM/Sync/EditorApplication/AppliedEditorMutation.swift (in target 'MyRAMMac' from project 'MyRAM')
    cd /Users/runner/work/MyRAM-iOS/MyRAM-iOS/MyRAM-iOS
    

SwiftCompile normal arm64 /Users/runner/work/MyRAM-iOS/MyRAM-iOS/MyRAM-iOS/MyRAM/Sync/EditorApplication/ActiveEditorApplicationPolicy.swift (in target 'MyRAMMac' from project 'MyRAM')
    cd /Users/runner/work/MyRAM-iOS/MyRAM-iOS/MyRAM-iOS
    

SwiftCompile normal arm64 /Users/runner/work/MyRAM-iOS/MyRAM-iOS/MyRAM-iOS/MyRAM/Sync/EditorApplication/ActiveEditorSyncUpdateHandler.swift (in target 'MyRAMMac' from project 'MyRAM')
    cd /Users/runner/work/MyRAM-iOS/MyRAM-iOS/MyRAM-iOS
    

SwiftCompile normal arm64 /Users/runner/work/MyRAM-iOS/MyRAM-iOS/MyRAM-iOS/MyRAM/Sync/EditorApplication/EditorSelectionMapper.swift (in target 'MyRAMMac' from project 'MyRAM')
    cd /Users/runner/work/MyRAM-iOS/MyRAM-iOS/MyRAM-iOS
    

SwiftCompile normal arm64 /Users/runner/work/MyRAM-iOS/MyRAM-iOS/MyRAM-iOS/MyRAM/Sync/EditorApplication/EditorRemoteApplyResult.swift (in target 'MyRAMMac' from project 'MyRAM')
    cd /Users/runner/work/MyRAM-iOS/MyRAM-iOS/MyRAM-iOS
    

SwiftCompile normal arm64 /Users/runner/work/MyRAM-iOS/MyRAM-iOS/MyRAM-iOS/MyRAM/Mac/Sync/MacSyncModels.swift (in target 'MyRAMMac' from project 'MyRAM')
    cd /Users/runner/work/MyRAM-iOS/MyRAM-iOS/MyRAM-iOS
    

SwiftCompile normal arm64 /Users/runner/work/MyRAM-iOS/MyRAM-iOS/MyRAM-iOS/MyRAM/Mac/Sync/MacSyncDeviceIdentity.swift (in target 'MyRAMMac' from project 'MyRAM')
    cd /Users/runner/work/MyRAM-iOS/MyRAM-iOS/MyRAM-iOS
    

SwiftCompile normal arm64 /Users/runner/work/MyRAM-iOS/MyRAM-iOS/MyRAM-iOS/MyRAM/Mac/Sync/MacSyncSeenBatchStore.swift (in target 'MyRAMMac' from project 'MyRAM')
    cd /Users/runner/work/MyRAM-iOS/MyRAM-iOS/MyRAM-iOS
    

SwiftCompile normal arm64 /Users/runner/work/MyRAM-iOS/MyRAM-iOS/MyRAM-iOS/MyRAM/Mac/Sync/MacSyncBatchAccumulator.swift (in target 'MyRAMMac' from project 'MyRAM')
    cd /Users/runner/work/MyRAM-iOS/MyRAM-iOS/MyRAM-iOS
    

SwiftCompile normal arm64 /Users/runner/work/MyRAM-iOS/MyRAM-iOS/MyRAM-iOS/MyRAM/Mac/Sync/MacAppliedSyncBatch.swift (in target 'MyRAMMac' from project 'MyRAM')
    cd /Users/runner/work/MyRAM-iOS/MyRAM-iOS/MyRAM-iOS
    

SwiftCompile normal arm64 /Users/runner/work/MyRAM-iOS/MyRAM-iOS/MyRAM-iOS/MyRAM/Mac/Sync/MacSyncBatchController.swift (in target 'MyRAMMac' from project 'MyRAM')
    cd /Users/runner/work/MyRAM-iOS/MyRAM-iOS/MyRAM-iOS
    

SwiftCompile normal arm64 /Users/runner/work/MyRAM-iOS/MyRAM-iOS/MyRAM-iOS/MyRAM/Mac/Sync/MacSyncConvergenceCoordinator.swift (in target 'MyRAMMac' from project 'MyRAM')
    cd /Users/runner/work/MyRAM-iOS/MyRAM-iOS/MyRAM-iOS
    

SwiftCompile normal arm64 /Users/runner/work/MyRAM-iOS/MyRAM-iOS/MyRAM-iOS/MyRAM/Mac/Sync/MacSyncConvergencePresentationAdapter.swift (in target 'MyRAMMac' from project 'MyRAM')
    cd /Users/runner/work/MyRAM-iOS/MyRAM-iOS/MyRAM-iOS
    

SwiftCompile normal arm64 /Users/runner/work/MyRAM-iOS/MyRAM-iOS/MyRAM-iOS/MyRAM/Mac/Sync/MacLegacySyncReceiver.swift (in target 'MyRAMMac' from project 'MyRAM')
    cd /Users/runner/work/MyRAM-iOS/MyRAM-iOS/MyRAM-iOS
    

SwiftCompile normal arm64 /tmp/MYR175-Clean-Mac-DD/Build/Intermediates.noindex/MyRAM.build/Debug/MyRAMMac.build/DerivedSources/GeneratedAssetSymbols.swift (in target 'MyRAMMac' from project 'MyRAM')
    cd /Users/runner/work/MyRAM-iOS/MyRAM-iOS/MyRAM-iOS
    

SwiftCompile normal arm64 Compiling\ ExplicitDeleteProvenanceValidator.swift,\ SyncConvergencePlanner.swift,\ IncrementalEditIntegrationTypes.swift,\ RetainedOperationCausalGraph.swift,\ SwiftDataSyncConvergencePersistenceTransaction.swift,\ SyncConvergencePostCommitTypes.swift,\ SyncConvergencePostCommitGating.swift,\ SwiftDataSyncConvergencePostCommitStore.swift,\ SyncConvergencePostCommitExecutor.swift,\ SyncConvergenceLocalObligation.swift,\ FileBackedSyncConvergenceLocalObligationQueue.swift,\ SyncConvergenceDrainPassScheduler.swift,\ SyncConvergenceRuntime.swift,\ SyncBatchUnsentQueue.swift,\ FileBackedSyncBatchQueue.swift,\ MyRAMSyncModels.swift,\ SyncConflictStore.swift,\ MyRAMWidgetContentSelectionPolicy.swift,\ MyRAMWidgetSnapshotStore.swift,\ MyRAMWidgetSnapshot.swift /Users/runner/work/MyRAM-iOS/MyRAM-iOS/MyRAM-iOS/MyRAM/Sync/Convergence/ExplicitDeleteProvenanceValidator.swift /Users/runner/work/MyRAM-iOS/MyRAM-iOS/MyRAM-iOS/MyRAM/Sync/Convergence/SyncConvergencePlanner.swift /Users/runner/work/MyRAM-iOS/MyRAM-iOS/MyRAM-iOS/MyRAM/Sync/Convergence/IncrementalEditIntegrationTypes.swift /Users/runner/work/MyRAM-iOS/MyRAM-iOS/MyRAM-iOS/MyRAM/Sync/Convergence/RetainedOperationCausalGraph.swift /Users/runner/work/MyRAM-iOS/MyRAM-iOS/MyRAM-iOS/MyRAM/Sync/Convergence/SwiftDataSyncConvergencePersistenceTransaction.swift /Users/runner/work/MyRAM-iOS/MyRAM-iOS/MyRAM-iOS/MyRAM/Sync/Convergence/SyncConvergencePostCommitTypes.swift /Users/runner/work/MyRAM-iOS/MyRAM-iOS/MyRAM-iOS/MyRAM/Sync/Convergence/SyncConvergencePostCommitGating.swift /Users/runner/work/MyRAM-iOS/MyRAM-iOS/MyRAM-iOS/MyRAM/Sync/Convergence/SwiftDataSyncConvergencePostCommitStore.swift /Users/runner/work/MyRAM-iOS/MyRAM-iOS/MyRAM-iOS/MyRAM/Sync/Convergence/SyncConvergencePostCommitExecutor.swift /Users/runner/work/MyRAM-iOS/MyRAM-iOS/MyRAM-iOS/MyRAM/Sync/Convergence/SyncConvergenceLocalObligation.swift /Users/runner/work/MyRAM-iOS/MyRAM-iOS/MyRAM-iOS/MyRAM/Sync/Convergence/FileBackedSyncConvergenceLocalObligationQueue.swift /Users/runner/work/MyRAM-iOS/MyRAM-iOS/MyRAM-iOS/MyRAM/Sync/Convergence/SyncConvergenceDrainPassScheduler.swift /Users/runner/work/MyRAM-iOS/MyRAM-iOS/MyRAM-iOS/MyRAM/Sync/Convergence/SyncConvergenceRuntime.swift /Users/runner/work/MyRAM-iOS/MyRAM-iOS/MyRAM-iOS/MyRAM/Sync/Batch/SyncBatchUnsentQueue.swift /Users/runner/work/MyRAM-iOS/MyRAM-iOS/MyRAM-iOS/MyRAM/Sync/Batch/FileBackedSyncBatchQueue.swift /Users/runner/work/MyRAM-iOS/MyRAM-iOS/MyRAM-iOS/MyRAM/Sync/MyRAMSyncModels.swift /Users/runner/work/MyRAM-iOS/MyRAM-iOS/MyRAM-iOS/MyRAM/Sync/SyncConflictStore.swift /Users/runner/work/MyRAM-iOS/MyRAM-iOS/MyRAM-iOS/MyRAM/WidgetShared/MyRAMWidgetContentSelectionPolicy.swift /Users/runner/work/MyRAM-iOS/MyRAM-iOS/MyRAM-iOS/MyRAM/WidgetShared/MyRAMWidgetSnapshotStore.swift /Users/runner/work/MyRAM-iOS/MyRAM-iOS/MyRAM-iOS/MyRAM/WidgetShared/MyRAMWidgetSnapshot.swift (in target 'MyRAMMac' from project 'MyRAM')
SwiftCompile normal arm64 /Users/runner/work/MyRAM-iOS/MyRAM-iOS/MyRAM-iOS/MyRAM/Sync/Convergence/ExplicitDeleteProvenanceValidator.swift (in target 'MyRAMMac' from project 'MyRAM')
    cd /Users/runner/work/MyRAM-iOS/MyRAM-iOS/MyRAM-iOS
    

SwiftCompile normal arm64 /Users/runner/work/MyRAM-iOS/MyRAM-iOS/MyRAM-iOS/MyRAM/Sync/Convergence/SyncConvergencePlanner.swift (in target 'MyRAMMac' from project 'MyRAM')
    cd /Users/runner/work/MyRAM-iOS/MyRAM-iOS/MyRAM-iOS
    

SwiftCompile normal arm64 /Users/runner/work/MyRAM-iOS/MyRAM-iOS/MyRAM-iOS/MyRAM/Sync/Convergence/IncrementalEditIntegrationTypes.swift (in target 'MyRAMMac' from project 'MyRAM')
    cd /Users/runner/work/MyRAM-iOS/MyRAM-iOS/MyRAM-iOS
    

SwiftCompile normal arm64 /Users/runner/work/MyRAM-iOS/MyRAM-iOS/MyRAM-iOS/MyRAM/Sync/Convergence/RetainedOperationCausalGraph.swift (in target 'MyRAMMac' from project 'MyRAM')
    cd /Users/runner/work/MyRAM-iOS/MyRAM-iOS/MyRAM-iOS
    

SwiftCompile normal arm64 /Users/runner/work/MyRAM-iOS/MyRAM-iOS/MyRAM-iOS/MyRAM/Sync/Convergence/SwiftDataSyncConvergencePersistenceTransaction.swift (in target 'MyRAMMac' from project 'MyRAM')
    cd /Users/runner/work/MyRAM-iOS/MyRAM-iOS/MyRAM-iOS
    

SwiftCompile normal arm64 /Users/runner/work/MyRAM-iOS/MyRAM-iOS/MyRAM-iOS/MyRAM/Sync/Convergence/SyncConvergencePostCommitTypes.swift (in target 'MyRAMMac' from project 'MyRAM')
    cd /Users/runner/work/MyRAM-iOS/MyRAM-iOS/MyRAM-iOS
    

SwiftCompile normal arm64 /Users/runner/work/MyRAM-iOS/MyRAM-iOS/MyRAM-iOS/MyRAM/Sync/Convergence/SyncConvergencePostCommitGating.swift (in target 'MyRAMMac' from project 'MyRAM')
    cd /Users/runner/work/MyRAM-iOS/MyRAM-iOS/MyRAM-iOS
    

SwiftCompile normal arm64 /Users/runner/work/MyRAM-iOS/MyRAM-iOS/MyRAM-iOS/MyRAM/Sync/Convergence/SwiftDataSyncConvergencePostCommitStore.swift (in target 'MyRAMMac' from project 'MyRAM')
    cd /Users/runner/work/MyRAM-iOS/MyRAM-iOS/MyRAM-iOS
    

SwiftCompile normal arm64 /Users/runner/work/MyRAM-iOS/MyRAM-iOS/MyRAM-iOS/MyRAM/Sync/Convergence/SyncConvergencePostCommitExecutor.swift (in target 'MyRAMMac' from project 'MyRAM')
    cd /Users/runner/work/MyRAM-iOS/MyRAM-iOS/MyRAM-iOS
    

SwiftCompile normal arm64 /Users/runner/work/MyRAM-iOS/MyRAM-iOS/MyRAM-iOS/MyRAM/Sync/Convergence/SyncConvergenceLocalObligation.swift (in target 'MyRAMMac' from project 'MyRAM')
    cd /Users/runner/work/MyRAM-iOS/MyRAM-iOS/MyRAM-iOS
    

SwiftCompile normal arm64 /Users/runner/work/MyRAM-iOS/MyRAM-iOS/MyRAM-iOS/MyRAM/Sync/Convergence/FileBackedSyncConvergenceLocalObligationQueue.swift (in target 'MyRAMMac' from project 'MyRAM')
    cd /Users/runner/work/MyRAM-iOS/MyRAM-iOS/MyRAM-iOS
    

SwiftCompile normal arm64 /Users/runner/work/MyRAM-iOS/MyRAM-iOS/MyRAM-iOS/MyRAM/Sync/Convergence/SyncConvergenceDrainPassScheduler.swift (in target 'MyRAMMac' from project 'MyRAM')
    cd /Users/runner/work/MyRAM-iOS/MyRAM-iOS/MyRAM-iOS
    

SwiftCompile normal arm64 /Users/runner/work/MyRAM-iOS/MyRAM-iOS/MyRAM-iOS/MyRAM/Sync/Convergence/SyncConvergenceRuntime.swift (in target 'MyRAMMac' from project 'MyRAM')
    cd /Users/runner/work/MyRAM-iOS/MyRAM-iOS/MyRAM-iOS
    

SwiftCompile normal arm64 /Users/runner/work/MyRAM-iOS/MyRAM-iOS/MyRAM-iOS/MyRAM/Sync/Batch/SyncBatchUnsentQueue.swift (in target 'MyRAMMac' from project 'MyRAM')
    cd /Users/runner/work/MyRAM-iOS/MyRAM-iOS/MyRAM-iOS
    

SwiftCompile normal arm64 /Users/runner/work/MyRAM-iOS/MyRAM-iOS/MyRAM-iOS/MyRAM/Sync/Batch/FileBackedSyncBatchQueue.swift (in target 'MyRAMMac' from project 'MyRAM')
    cd /Users/runner/work/MyRAM-iOS/MyRAM-iOS/MyRAM-iOS
    

SwiftCompile normal arm64 /Users/runner/work/MyRAM-iOS/MyRAM-iOS/MyRAM-iOS/MyRAM/Sync/MyRAMSyncModels.swift (in target 'MyRAMMac' from project 'MyRAM')
    cd /Users/runner/work/MyRAM-iOS/MyRAM-iOS/MyRAM-iOS
    

SwiftCompile normal arm64 /Users/runner/work/MyRAM-iOS/MyRAM-iOS/MyRAM-iOS/MyRAM/Sync/SyncConflictStore.swift (in target 'MyRAMMac' from project 'MyRAM')
    cd /Users/runner/work/MyRAM-iOS/MyRAM-iOS/MyRAM-iOS
    

SwiftCompile normal arm64 /Users/runner/work/MyRAM-iOS/MyRAM-iOS/MyRAM-iOS/MyRAM/WidgetShared/MyRAMWidgetContentSelectionPolicy.swift (in target 'MyRAMMac' from project 'MyRAM')
    cd /Users/runner/work/MyRAM-iOS/MyRAM-iOS/MyRAM-iOS
    

SwiftCompile normal arm64 /Users/runner/work/MyRAM-iOS/MyRAM-iOS/MyRAM-iOS/MyRAM/WidgetShared/MyRAMWidgetSnapshotStore.swift (in target 'MyRAMMac' from project 'MyRAM')
    cd /Users/runner/work/MyRAM-iOS/MyRAM-iOS/MyRAM-iOS
    

SwiftCompile normal arm64 /Users/runner/work/MyRAM-iOS/MyRAM-iOS/MyRAM-iOS/MyRAM/WidgetShared/MyRAMWidgetSnapshot.swift (in target 'MyRAMMac' from project 'MyRAM')
    cd /Users/runner/work/MyRAM-iOS/MyRAM-iOS/MyRAM-iOS
    

SwiftCompile normal arm64 Compiling\ MyRAMExternalOpenDispatcher.swift,\ MyRAMWidgetHostCoordinator.swift,\ MyRAMWidgetNoteRouting.swift,\ MyRAMWidgetSelectionButton.swift,\ MarkdownFileIO.swift,\ MarkdownPreview.swift,\ MarkdownPreviewModePolicy.swift,\ MarkdownPreviewUIKitSyncExecutor.swift,\ MarkdownPreviewUIKitDeferredScheduler.swift,\ MarkdownPreviewUIKitEditorResignation.swift,\ MarkdownPreviewUIKitPostResignationReconciliation.swift,\ MarkdownPreviewUIKitAcceptedRestoreSupersession.swift,\ MacMarkdownPreviewFocusResignation.swift,\ MacNoteViewZoom.swift,\ MacMarkdownPreviewDocumentBuilder.swift,\ MacMarkdownPreviewTextView.swift,\ MacMarkdownFileCommands.swift,\ MacMarkdownFileOperationCoordinator.swift,\ NoteSequenceStateRecord.swift,\ NoteSequenceStateBootstrapAdapter.swift,\ NoteSequenceStateFullBodyIntegration.swift /Users/runner/work/MyRAM-iOS/MyRAM-iOS/MyRAM-iOS/MyRAM/WidgetHost/MyRAMExternalOpenDispatcher.swift /Users/runner/work/MyRAM-iOS/MyRAM-iOS/MyRAM-iOS/MyRAM/WidgetHost/MyRAMWidgetHostCoordinator.swift /Users/runner/work/MyRAM-iOS/MyRAM-iOS/MyRAM-iOS/MyRAM/WidgetHost/MyRAMWidgetNoteRouting.swift /Users/runner/work/MyRAM-iOS/MyRAM-iOS/MyRAM-iOS/MyRAM/WidgetHost/MyRAMWidgetSelectionButton.swift /Users/runner/work/MyRAM-iOS/MyRAM-iOS/MyRAM-iOS/MyRAM/Markdown/MarkdownFileIO.swift /Users/runner/work/MyRAM-iOS/MyRAM-iOS/MyRAM-iOS/MyRAM/Markdown/MarkdownPreview.swift /Users/runner/work/MyRAM-iOS/MyRAM-iOS/MyRAM-iOS/MyRAM/Markdown/MarkdownPreviewModePolicy.swift /Users/runner/work/MyRAM-iOS/MyRAM-iOS/MyRAM-iOS/MyRAM/Markdown/MarkdownPreviewUIKitSyncExecutor.swift /Users/runner/work/MyRAM-iOS/MyRAM-iOS/MyRAM-iOS/MyRAM/Markdown/MarkdownPreviewUIKitDeferredScheduler.swift /Users/runner/work/MyRAM-iOS/MyRAM-iOS/MyRAM-iOS/MyRAM/Markdown/MarkdownPreviewUIKitEditorResignation.swift /Users/runner/work/MyRAM-iOS/MyRAM-iOS/MyRAM-iOS/MyRAM/Markdown/MarkdownPreviewUIKitPostResignationReconciliation.swift /Users/runner/work/MyRAM-iOS/MyRAM-iOS/MyRAM-iOS/MyRAM/Markdown/MarkdownPreviewUIKitAcceptedRestoreSupersession.swift /Users/runner/work/MyRAM-iOS/MyRAM-iOS/MyRAM-iOS/MyRAM/Mac/MacMarkdownPreviewFocusResignation.swift /Users/runner/work/MyRAM-iOS/MyRAM-iOS/MyRAM-iOS/MyRAM/Mac/MacNoteViewZoom.swift /Users/runner/work/MyRAM-iOS/MyRAM-iOS/MyRAM-iOS/MyRAM/Mac/MacMarkdownPreviewDocumentBuilder.swift /Users/runner/work/MyRAM-iOS/MyRAM-iOS/MyRAM-iOS/MyRAM/Mac/MacMarkdownPreviewTextView.swift /Users/runner/work/MyRAM-iOS/MyRAM-iOS/MyRAM-iOS/MyRAM/Mac/MacMarkdownFileCommands.swift /Users/runner/work/MyRAM-iOS/MyRAM-iOS/MyRAM-iOS/MyRAM/Mac/MacMarkdownFileOperationCoordinator.swift /Users/runner/work/MyRAM-iOS/MyRAM-iOS/MyRAM-iOS/MyRAM/Sync/AnchoredSequence/NoteSequenceStateRecord.swift /Users/runner/work/MyRAM-iOS/MyRAM-iOS/MyRAM-iOS/MyRAM/Sync/AnchoredSequence/NoteSequenceStateBootstrapAdapter.swift /Users/runner/work/MyRAM-iOS/MyRAM-iOS/MyRAM-iOS/MyRAM/Sync/AnchoredSequence/NoteSequenceStateFullBodyIntegration.swift (in target 'MyRAMMac' from project 'MyRAM')

SwiftCompile normal arm64 /Users/runner/work/MyRAM-iOS/MyRAM-iOS/MyRAM-iOS/MyRAM/WidgetHost/MyRAMExternalOpenDispatcher.swift (in target 'MyRAMMac' from project 'MyRAM')
    cd /Users/runner/work/MyRAM-iOS/MyRAM-iOS/MyRAM-iOS
    

SwiftCompile normal arm64 /Users/runner/work/MyRAM-iOS/MyRAM-iOS/MyRAM-iOS/MyRAM/WidgetHost/MyRAMWidgetHostCoordinator.swift (in target 'MyRAMMac' from project 'MyRAM')
    cd /Users/runner/work/MyRAM-iOS/MyRAM-iOS/MyRAM-iOS
    

SwiftCompile normal arm64 /Users/runner/work/MyRAM-iOS/MyRAM-iOS/MyRAM-iOS/MyRAM/WidgetHost/MyRAMWidgetNoteRouting.swift (in target 'MyRAMMac' from project 'MyRAM')
    cd /Users/runner/work/MyRAM-iOS/MyRAM-iOS/MyRAM-iOS
    

SwiftCompile normal arm64 /Users/runner/work/MyRAM-iOS/MyRAM-iOS/MyRAM-iOS/MyRAM/WidgetHost/MyRAMWidgetSelectionButton.swift (in target 'MyRAMMac' from project 'MyRAM')
    cd /Users/runner/work/MyRAM-iOS/MyRAM-iOS/MyRAM-iOS
    

SwiftCompile normal arm64 /Users/runner/work/MyRAM-iOS/MyRAM-iOS/MyRAM-iOS/MyRAM/Markdown/MarkdownFileIO.swift (in target 'MyRAMMac' from project 'MyRAM')
    cd /Users/runner/work/MyRAM-iOS/MyRAM-iOS/MyRAM-iOS
    

SwiftCompile normal arm64 /Users/runner/work/MyRAM-iOS/MyRAM-iOS/MyRAM-iOS/MyRAM/Markdown/MarkdownPreview.swift (in target 'MyRAMMac' from project 'MyRAM')
    cd /Users/runner/work/MyRAM-iOS/MyRAM-iOS/MyRAM-iOS
    

SwiftCompile normal arm64 /Users/runner/work/MyRAM-iOS/MyRAM-iOS/MyRAM-iOS/MyRAM/Markdown/MarkdownPreviewModePolicy.swift (in target 'MyRAMMac' from project 'MyRAM')
    cd /Users/runner/work/MyRAM-iOS/MyRAM-iOS/MyRAM-iOS
    

SwiftCompile normal arm64 /Users/runner/work/MyRAM-iOS/MyRAM-iOS/MyRAM-iOS/MyRAM/Markdown/MarkdownPreviewUIKitSyncExecutor.swift (in target 'MyRAMMac' from project 'MyRAM')
    cd /Users/runner/work/MyRAM-iOS/MyRAM-iOS/MyRAM-iOS
    

SwiftCompile normal arm64 /Users/runner/work/MyRAM-iOS/MyRAM-iOS/MyRAM-iOS/MyRAM/Markdown/MarkdownPreviewUIKitDeferredScheduler.swift (in target 'MyRAMMac' from project 'MyRAM')
    cd /Users/runner/work/MyRAM-iOS/MyRAM-iOS/MyRAM-iOS
    

SwiftCompile normal arm64 /Users/runner/work/MyRAM-iOS/MyRAM-iOS/MyRAM-iOS/MyRAM/Markdown/MarkdownPreviewUIKitEditorResignation.swift (in target 'MyRAMMac' from project 'MyRAM')
    cd /Users/runner/work/MyRAM-iOS/MyRAM-iOS/MyRAM-iOS
    

SwiftCompile normal arm64 /Users/runner/work/MyRAM-iOS/MyRAM-iOS/MyRAM-iOS/MyRAM/Markdown/MarkdownPreviewUIKitPostResignationReconciliation.swift (in target 'MyRAMMac' from project 'MyRAM')
    cd /Users/runner/work/MyRAM-iOS/MyRAM-iOS/MyRAM-iOS
    

SwiftCompile normal arm64 /Users/runner/work/MyRAM-iOS/MyRAM-iOS/MyRAM-iOS/MyRAM/Markdown/MarkdownPreviewUIKitAcceptedRestoreSupersession.swift (in target 'MyRAMMac' from project 'MyRAM')
    cd /Users/runner/work/MyRAM-iOS/MyRAM-iOS/MyRAM-iOS
    

SwiftCompile normal arm64 /Users/runner/work/MyRAM-iOS/MyRAM-iOS/MyRAM-iOS/MyRAM/Mac/MacMarkdownPreviewFocusResignation.swift (in target 'MyRAMMac' from project 'MyRAM')
    cd /Users/runner/work/MyRAM-iOS/MyRAM-iOS/MyRAM-iOS
    

SwiftCompile normal arm64 /Users/runner/work/MyRAM-iOS/MyRAM-iOS/MyRAM-iOS/MyRAM/Mac/MacNoteViewZoom.swift (in target 'MyRAMMac' from project 'MyRAM')
    cd /Users/runner/work/MyRAM-iOS/MyRAM-iOS/MyRAM-iOS
    

SwiftCompile normal arm64 /Users/runner/work/MyRAM-iOS/MyRAM-iOS/MyRAM-iOS/MyRAM/Mac/MacMarkdownPreviewDocumentBuilder.swift (in target 'MyRAMMac' from project 'MyRAM')
    cd /Users/runner/work/MyRAM-iOS/MyRAM-iOS/MyRAM-iOS
    

SwiftCompile normal arm64 /Users/runner/work/MyRAM-iOS/MyRAM-iOS/MyRAM-iOS/MyRAM/Mac/MacMarkdownPreviewTextView.swift (in target 'MyRAMMac' from project 'MyRAM')
    cd /Users/runner/work/MyRAM-iOS/MyRAM-iOS/MyRAM-iOS
    

SwiftCompile normal arm64 /Users/runner/work/MyRAM-iOS/MyRAM-iOS/MyRAM-iOS/MyRAM/Mac/MacMarkdownFileCommands.swift (in target 'MyRAMMac' from project 'MyRAM')
    cd /Users/runner/work/MyRAM-iOS/MyRAM-iOS/MyRAM-iOS
    

SwiftCompile normal arm64 /Users/runner/work/MyRAM-iOS/MyRAM-iOS/MyRAM-iOS/MyRAM/Mac/MacMarkdownFileOperationCoordinator.swift (in target 'MyRAMMac' from project 'MyRAM')
    cd /Users/runner/work/MyRAM-iOS/MyRAM-iOS/MyRAM-iOS
    

SwiftCompile normal arm64 /Users/runner/work/MyRAM-iOS/MyRAM-iOS/MyRAM-iOS/MyRAM/Sync/AnchoredSequence/NoteSequenceStateRecord.swift (in target 'MyRAMMac' from project 'MyRAM')
    cd /Users/runner/work/MyRAM-iOS/MyRAM-iOS/MyRAM-iOS
    

SwiftCompile normal arm64 /Users/runner/work/MyRAM-iOS/MyRAM-iOS/MyRAM-iOS/MyRAM/Sync/AnchoredSequence/NoteSequenceStateBootstrapAdapter.swift (in target 'MyRAMMac' from project 'MyRAM')
    cd /Users/runner/work/MyRAM-iOS/MyRAM-iOS/MyRAM-iOS
    

SwiftCompile normal arm64 /Users/runner/work/MyRAM-iOS/MyRAM-iOS/MyRAM-iOS/MyRAM/Sync/AnchoredSequence/NoteSequenceStateFullBodyIntegration.swift (in target 'MyRAMMac' from project 'MyRAM')
    cd /Users/runner/work/MyRAM-iOS/MyRAM-iOS/MyRAM-iOS
    

SwiftDriverJobDiscovery normal arm64 Emitting module for MyRAMMac (in target 'MyRAMMac' from project 'MyRAM')

SwiftDriver\ Compilation\ Requirements MyRAMMac normal arm64 com.apple.xcode.tools.swift.compiler (in target 'MyRAMMac' from project 'MyRAM')
    cd /Users/runner/work/MyRAM-iOS/MyRAM-iOS/MyRAM-iOS
    builtin-Swift-Compilation-Requirements -- /Applications/Xcode_26.5.app/Contents/Developer/Toolchains/XcodeDefault.xctoolchain/usr/bin/swiftc -module-name MyRAMMac -Onone @/tmp/MYR175-Clean-Mac-DD/Build/Intermediates.noindex/MyRAM.build/Debug/MyRAMMac.build/Objects-normal/arm64/MyRAMMac.SwiftFileList -DDEBUG -enable-bare-slash-regex -enable-experimental-feature DebugDescriptionMacro -sdk /Applications/Xcode_26.5.app/Contents/Developer/Platforms/MacOSX.platform/Developer/SDKs/MacOSX26.5.sdk -target arm64-apple-macos14.0 -g -module-cache-path /tmp/MYR175-Clean-Mac-DD/ModuleCache.noindex -Xfrontend -serialize-debugging-options -enable-testing -index-store-path /tmp/MYR175-Clean-Mac-DD/Index.noindex/DataStore -Xcc -D_LIBCPP_HARDENING_MODE\=_LIBCPP_HARDENING_MODE_DEBUG -swift-version 5 -I /tmp/MYR175-Clean-Mac-DD/Build/Products/Debug -F /tmp/MYR175-Clean-Mac-DD/Build/Products/Debug/PackageFrameworks -F /tmp/MYR175-Clean-Mac-DD/Build/Products/Debug/PackageFrameworks -F /tmp/MYR175-Clean-Mac-DD/Build/Products/Debug -emit-localized-strings -emit-localized-strings-path /tmp/MYR175-Clean-Mac-DD/Build/Intermediates.noindex/MyRAM.build/Debug/MyRAMMac.build/Objects-normal/arm64 -c -j3 -enable-batch-mode -incremental -Xcc -ivfsstatcache -Xcc /tmp/MYR175-Clean-Mac-DD/SDKStatCaches.noindex/macosx26.5-25F70-688ef53f1462e2c8f657fdc38a81448f3599ee76dc2a8020dfcb4b41ead48a8c.sdkstatcache -output-file-map /tmp/MYR175-Clean-Mac-DD/Build/Intermediates.noindex/MyRAM.build/Debug/MyRAMMac.build/Objects-normal/arm64/MyRAMMac-OutputFileMap.json -use-frontend-parseable-output -save-temps -no-color-diagnostics -explicit-module-build -module-cache-path /tmp/MYR175-Clean-Mac-DD/Build/Intermediates.noindex/SwiftExplicitPrecompiledModules -clang-scanner-module-cache-path /tmp/MYR175-Clean-Mac-DD/ModuleCache.noindex -sdk-module-cache-path /tmp/MYR175-Clean-Mac-DD/ModuleCache.noindex -serialize-diagnostics -emit-dependencies -emit-module -emit-module-path /tmp/MYR175-Clean-Mac-DD/Build/Intermediates.noindex/MyRAM.build/Debug/MyRAMMac.build/Objects-normal/arm64/MyRAMMac.swiftmodule -validate-clang-modules-once -clang-build-session-file /tmp/MYR175-Clean-Mac-DD/ModuleCache.noindex/Session.modulevalidation -Xcc -I/tmp/MYR175-Clean-Mac-DD/Build/Intermediates.noindex/MyRAM.build/Debug/MyRAMMac.build/swift-overrides.hmap -emit-const-values -Xfrontend -const-gather-protocols-file -Xfrontend /tmp/MYR175-Clean-Mac-DD/Build/Intermediates.noindex/MyRAM.build/Debug/MyRAMMac.build/Objects-normal/arm64/MyRAMMac_const_extract_protocols.json -Xcc -iquote -Xcc /tmp/MYR175-Clean-Mac-DD/Build/Intermediates.noindex/MyRAM.build/Debug/MyRAMMac.build/MyRAMMac-generated-files.hmap -Xcc -I/tmp/MYR175-Clean-Mac-DD/Build/Intermediates.noindex/MyRAM.build/Debug/MyRAMMac.build/MyRAMMac-own-target-headers.hmap -Xcc -I/tmp/MYR175-Clean-Mac-DD/Build/Intermediates.noindex/MyRAM.build/Debug/MyRAMMac.build/MyRAMMac-all-non-framework-target-headers.hmap -Xcc -ivfsoverlay -Xcc /tmp/MYR175-Clean-Mac-DD/Build/Intermediates.noindex/MyRAM.build/Debug/MyRAM-98a9cbde253e8e955bc92731eb290203-VFS/all-product-headers.yaml -Xcc -iquote -Xcc /tmp/MYR175-Clean-Mac-DD/Build/Intermediates.noindex/MyRAM.build/Debug/MyRAMMac.build/MyRAMMac-project-headers.hmap -Xcc -I/tmp/MYR175-Clean-Mac-DD/Build/Products/Debug/include -Xcc -I/tmp/MYR175-Clean-Mac-DD/Build/Intermediates.noindex/MyRAM.build/Debug/MyRAMMac.build/DerivedSources-normal/arm64 -Xcc -I/tmp/MYR175-Clean-Mac-DD/Build/Intermediates.noindex/MyRAM.build/Debug/MyRAMMac.build/DerivedSources/arm64 -Xcc -I/tmp/MYR175-Clean-Mac-DD/Build/Intermediates.noindex/MyRAM.build/Debug/MyRAMMac.build/DerivedSources -Xcc -DDEBUG\=1 -emit-objc-header -emit-objc-header-path /tmp/MYR175-Clean-Mac-DD/Build/Intermediates.noindex/MyRAM.build/Debug/MyRAMMac.build/Objects-normal/arm64/MyRAMMac-Swift.h -working-directory /Users/runner/work/MyRAM-iOS/MyRAM-iOS/MyRAM-iOS -experimental-emit-module-separately -disable-cmo

SwiftDriverJobDiscovery normal arm64 Compiling MyRAMWidgetDeepLink.swift, MyRAMWidgetRuntimeConfiguration.swift, MyRAMWidgetSnapshotCodec.swift, MyRAMSyncChangeApplier.swift, MyRAMLegacySyncChangeValidator.swift, AppliedEditorMutation.swift, ActiveEditorApplicationPolicy.swift, ActiveEditorSyncUpdateHandler.swift, EditorSelectionMapper.swift, EditorRemoteApplyResult.swift, MacSyncModels.swift, MacSyncDeviceIdentity.swift, MacSyncSeenBatchStore.swift, MacSyncBatchAccumulator.swift, MacAppliedSyncBatch.swift, MacSyncBatchController.swift, MacSyncConvergenceCoordinator.swift, MacSyncConvergencePresentationAdapter.swift, MacLegacySyncReceiver.swift, GeneratedAssetSymbols.swift (in target 'MyRAMMac' from project 'MyRAM')

SwiftCompile normal arm64 Compiling\ NoteSequenceStateBootstrapMigrator.swift,\ SwiftDataNoteSequenceStateStore.swift,\ MyRAMSyncOperationIDAllocator.swift,\ FileBackedSyncOperationIDReservationStore.swift,\ MyRAMMacApp.swift,\ MyRAMMacRootView.swift,\ MacStartupCoordinator.swift,\ MacNoteEditorView.swift,\ MacTextViewRepresentable.swift,\ MacEditorSampleDocument.swift,\ MacRemoteInsertionAttributePolicy.swift,\ MacIncomingSyncApplicationPolicy.swift,\ MacEditorSyncBridge.swift,\ MacNSRangeClamp.swift,\ MyRAMPlatform.swift,\ RTFCoding.swift,\ AttributedTextStorageKeys.swift,\ MacNotePersistenceAdapter.swift,\ MacEditorTextColorPolicy.swift,\ Note.swift /Users/runner/work/MyRAM-iOS/MyRAM-iOS/MyRAM-iOS/MyRAM/Sync/AnchoredSequence/NoteSequenceStateBootstrapMigrator.swift /Users/runner/work/MyRAM-iOS/MyRAM-iOS/MyRAM-iOS/MyRAM/Sync/AnchoredSequence/SwiftDataNoteSequenceStateStore.swift /Users/runner/work/MyRAM-iOS/MyRAM-iOS/MyRAM-iOS/MyRAM/Sync/AnchoredSequence/MyRAMSyncOperationIDAllocator.swift /Users/runner/work/MyRAM-iOS/MyRAM-iOS/MyRAM-iOS/MyRAM/Sync/AnchoredSequence/FileBackedSyncOperationIDReservationStore.swift /Users/runner/work/MyRAM-iOS/MyRAM-iOS/MyRAM-iOS/MyRAM/Mac/MyRAMMacApp.swift /Users/runner/work/MyRAM-iOS/MyRAM-iOS/MyRAM-iOS/MyRAM/Mac/MyRAMMacRootView.swift /Users/runner/work/MyRAM-iOS/MyRAM-iOS/MyRAM-iOS/MyRAM/Mac/MacStartupCoordinator.swift /Users/runner/work/MyRAM-iOS/MyRAM-iOS/MyRAM-iOS/MyRAM/Mac/MacNoteEditorView.swift /Users/runner/work/MyRAM-iOS/MyRAM-iOS/MyRAM-iOS/MyRAM/Mac/MacTextViewRepresentable.swift /Users/runner/work/MyRAM-iOS/MyRAM-iOS/MyRAM-iOS/MyRAM/Mac/MacEditorSampleDocument.swift /Users/runner/work/MyRAM-iOS/MyRAM-iOS/MyRAM-iOS/MyRAM/Mac/MacRemoteInsertionAttributePolicy.swift /Users/runner/work/MyRAM-iOS/MyRAM-iOS/MyRAM-iOS/MyRAM/Mac/MacIncomingSyncApplicationPolicy.swift /Users/runner/work/MyRAM-iOS/MyRAM-iOS/MyRAM-iOS/MyRAM/Mac/MacEditorSyncBridge.swift /Users/runner/work/MyRAM-iOS/MyRAM-iOS/MyRAM-iOS/MyRAM/Mac/MacNSRangeClamp.swift /Users/runner/work/MyRAM-iOS/MyRAM-iOS/MyRAM-iOS/MyRAM/Platform/MyRAMPlatform.swift /Users/runner/work/MyRAM-iOS/MyRAM-iOS/MyRAM-iOS/MyRAM/Persistence/RTFCoding.swift /Users/runner/work/MyRAM-iOS/MyRAM-iOS/MyRAM-iOS/MyRAM/Persistence/AttributedTextStorageKeys.swift /Users/runner/work/MyRAM-iOS/MyRAM-iOS/MyRAM-iOS/MyRAM/Mac/MacNotePersistenceAdapter.swift /Users/runner/work/MyRAM-iOS/MyRAM-iOS/MyRAM-iOS/MyRAM/Mac/MacEditorTextColorPolicy.swift /Users/runner/work/MyRAM-iOS/MyRAM-iOS/MyRAM-iOS/MyRAM/Models/Note.swift (in target 'MyRAMMac' from project 'MyRAM')

SwiftCompile normal arm64 /Users/runner/work/MyRAM-iOS/MyRAM-iOS/MyRAM-iOS/MyRAM/Sync/AnchoredSequence/NoteSequenceStateBootstrapMigrator.swift (in target 'MyRAMMac' from project 'MyRAM')
    cd /Users/runner/work/MyRAM-iOS/MyRAM-iOS/MyRAM-iOS
    

SwiftCompile normal arm64 /Users/runner/work/MyRAM-iOS/MyRAM-iOS/MyRAM-iOS/MyRAM/Sync/AnchoredSequence/SwiftDataNoteSequenceStateStore.swift (in target 'MyRAMMac' from project 'MyRAM')
    cd /Users/runner/work/MyRAM-iOS/MyRAM-iOS/MyRAM-iOS
    

SwiftCompile normal arm64 /Users/runner/work/MyRAM-iOS/MyRAM-iOS/MyRAM-iOS/MyRAM/Sync/AnchoredSequence/MyRAMSyncOperationIDAllocator.swift (in target 'MyRAMMac' from project 'MyRAM')
    cd /Users/runner/work/MyRAM-iOS/MyRAM-iOS/MyRAM-iOS
    

SwiftCompile normal arm64 /Users/runner/work/MyRAM-iOS/MyRAM-iOS/MyRAM-iOS/MyRAM/Sync/AnchoredSequence/FileBackedSyncOperationIDReservationStore.swift (in target 'MyRAMMac' from project 'MyRAM')
    cd /Users/runner/work/MyRAM-iOS/MyRAM-iOS/MyRAM-iOS
    

SwiftCompile normal arm64 /Users/runner/work/MyRAM-iOS/MyRAM-iOS/MyRAM-iOS/MyRAM/Mac/MyRAMMacApp.swift (in target 'MyRAMMac' from project 'MyRAM')
    cd /Users/runner/work/MyRAM-iOS/MyRAM-iOS/MyRAM-iOS
    

SwiftCompile normal arm64 /Users/runner/work/MyRAM-iOS/MyRAM-iOS/MyRAM-iOS/MyRAM/Mac/MyRAMMacRootView.swift (in target 'MyRAMMac' from project 'MyRAM')
    cd /Users/runner/work/MyRAM-iOS/MyRAM-iOS/MyRAM-iOS
    

SwiftCompile normal arm64 /Users/runner/work/MyRAM-iOS/MyRAM-iOS/MyRAM-iOS/MyRAM/Mac/MacStartupCoordinator.swift (in target 'MyRAMMac' from project 'MyRAM')
    cd /Users/runner/work/MyRAM-iOS/MyRAM-iOS/MyRAM-iOS
    

SwiftCompile normal arm64 /Users/runner/work/MyRAM-iOS/MyRAM-iOS/MyRAM-iOS/MyRAM/Mac/MacNoteEditorView.swift (in target 'MyRAMMac' from project 'MyRAM')
    cd /Users/runner/work/MyRAM-iOS/MyRAM-iOS/MyRAM-iOS
    

SwiftCompile normal arm64 /Users/runner/work/MyRAM-iOS/MyRAM-iOS/MyRAM-iOS/MyRAM/Mac/MacTextViewRepresentable.swift (in target 'MyRAMMac' from project 'MyRAM')
    cd /Users/runner/work/MyRAM-iOS/MyRAM-iOS/MyRAM-iOS
    

SwiftCompile normal arm64 /Users/runner/work/MyRAM-iOS/MyRAM-iOS/MyRAM-iOS/MyRAM/Mac/MacEditorSampleDocument.swift (in target 'MyRAMMac' from project 'MyRAM')
    cd /Users/runner/work/MyRAM-iOS/MyRAM-iOS/MyRAM-iOS
    

SwiftCompile normal arm64 /Users/runner/work/MyRAM-iOS/MyRAM-iOS/MyRAM-iOS/MyRAM/Mac/MacRemoteInsertionAttributePolicy.swift (in target 'MyRAMMac' from project 'MyRAM')
    cd /Users/runner/work/MyRAM-iOS/MyRAM-iOS/MyRAM-iOS
    

SwiftCompile normal arm64 /Users/runner/work/MyRAM-iOS/MyRAM-iOS/MyRAM-iOS/MyRAM/Mac/MacIncomingSyncApplicationPolicy.swift (in target 'MyRAMMac' from project 'MyRAM')
    cd /Users/runner/work/MyRAM-iOS/MyRAM-iOS/MyRAM-iOS
    

SwiftCompile normal arm64 /Users/runner/work/MyRAM-iOS/MyRAM-iOS/MyRAM-iOS/MyRAM/Mac/MacEditorSyncBridge.swift (in target 'MyRAMMac' from project 'MyRAM')
    cd /Users/runner/work/MyRAM-iOS/MyRAM-iOS/MyRAM-iOS
    

SwiftCompile normal arm64 /Users/runner/work/MyRAM-iOS/MyRAM-iOS/MyRAM-iOS/MyRAM/Mac/MacNSRangeClamp.swift (in target 'MyRAMMac' from project 'MyRAM')
    cd /Users/runner/work/MyRAM-iOS/MyRAM-iOS/MyRAM-iOS
    

SwiftCompile normal arm64 /Users/runner/work/MyRAM-iOS/MyRAM-iOS/MyRAM-iOS/MyRAM/Platform/MyRAMPlatform.swift (in target 'MyRAMMac' from project 'MyRAM')
    cd /Users/runner/work/MyRAM-iOS/MyRAM-iOS/MyRAM-iOS
    

SwiftCompile normal arm64 /Users/runner/work/MyRAM-iOS/MyRAM-iOS/MyRAM-iOS/MyRAM/Persistence/RTFCoding.swift (in target 'MyRAMMac' from project 'MyRAM')
    cd /Users/runner/work/MyRAM-iOS/MyRAM-iOS/MyRAM-iOS
    

SwiftCompile normal arm64 /Users/runner/work/MyRAM-iOS/MyRAM-iOS/MyRAM-iOS/MyRAM/Persistence/AttributedTextStorageKeys.swift (in target 'MyRAMMac' from project 'MyRAM')
    cd /Users/runner/work/MyRAM-iOS/MyRAM-iOS/MyRAM-iOS
    

SwiftCompile normal arm64 /Users/runner/work/MyRAM-iOS/MyRAM-iOS/MyRAM-iOS/MyRAM/Mac/MacNotePersistenceAdapter.swift (in target 'MyRAMMac' from project 'MyRAM')
    cd /Users/runner/work/MyRAM-iOS/MyRAM-iOS/MyRAM-iOS
    

SwiftCompile normal arm64 /Users/runner/work/MyRAM-iOS/MyRAM-iOS/MyRAM-iOS/MyRAM/Mac/MacEditorTextColorPolicy.swift (in target 'MyRAMMac' from project 'MyRAM')
    cd /Users/runner/work/MyRAM-iOS/MyRAM-iOS/MyRAM-iOS
    

SwiftCompile normal arm64 /Users/runner/work/MyRAM-iOS/MyRAM-iOS/MyRAM-iOS/MyRAM/Models/Note.swift (in target 'MyRAMMac' from project 'MyRAM')
    cd /Users/runner/work/MyRAM-iOS/MyRAM-iOS/MyRAM-iOS
    

SwiftMergeGeneratedHeaders /tmp/MYR175-Clean-Mac-DD/Build/Intermediates.noindex/MyRAM.build/Debug/MyRAMMac.build/DerivedSources/MyRAMMac-Swift.h /tmp/MYR175-Clean-Mac-DD/Build/Intermediates.noindex/MyRAM.build/Debug/MyRAMMac.build/Objects-normal/arm64/MyRAMMac-Swift.h (in target 'MyRAMMac' from project 'MyRAM')
    cd /Users/runner/work/MyRAM-iOS/MyRAM-iOS/MyRAM-iOS
    builtin-swiftHeaderTool -arch arm64 /tmp/MYR175-Clean-Mac-DD/Build/Intermediates.noindex/MyRAM.build/Debug/MyRAMMac.build/Objects-normal/arm64/MyRAMMac-Swift.h -o /tmp/MYR175-Clean-Mac-DD/Build/Intermediates.noindex/MyRAM.build/Debug/MyRAMMac.build/DerivedSources/MyRAMMac-Swift.h

SwiftDriverJobDiscovery normal arm64 Compiling MyRAMExternalOpenDispatcher.swift, MyRAMWidgetHostCoordinator.swift, MyRAMWidgetNoteRouting.swift, MyRAMWidgetSelectionButton.swift, MarkdownFileIO.swift, MarkdownPreview.swift, MarkdownPreviewModePolicy.swift, MarkdownPreviewUIKitSyncExecutor.swift, MarkdownPreviewUIKitDeferredScheduler.swift, MarkdownPreviewUIKitEditorResignation.swift, MarkdownPreviewUIKitPostResignationReconciliation.swift, MarkdownPreviewUIKitAcceptedRestoreSupersession.swift, MacMarkdownPreviewFocusResignation.swift, MacNoteViewZoom.swift, MacMarkdownPreviewDocumentBuilder.swift, MacMarkdownPreviewTextView.swift, MacMarkdownFileCommands.swift, MacMarkdownFileOperationCoordinator.swift, NoteSequenceStateRecord.swift, NoteSequenceStateBootstrapAdapter.swift, NoteSequenceStateFullBodyIntegration.swift (in target 'MyRAMMac' from project 'MyRAM')

Copy /tmp/MYR175-Clean-Mac-DD/Build/Products/Debug/MyRAMMac.swiftmodule/arm64-apple-macos.swiftmodule /tmp/MYR175-Clean-Mac-DD/Build/Intermediates.noindex/MyRAM.build/Debug/MyRAMMac.build/Objects-normal/arm64/MyRAMMac.swiftmodule (in target 'MyRAMMac' from project 'MyRAM')
    cd /Users/runner/work/MyRAM-iOS/MyRAM-iOS/MyRAM-iOS
    builtin-copy -exclude .DS_Store -exclude CVS -exclude .svn -exclude .git -exclude .hg -resolve-src-symlinks -rename /tmp/MYR175-Clean-Mac-DD/Build/Intermediates.noindex/MyRAM.build/Debug/MyRAMMac.build/Objects-normal/arm64/MyRAMMac.swiftmodule /tmp/MYR175-Clean-Mac-DD/Build/Products/Debug/MyRAMMac.swiftmodule/arm64-apple-macos.swiftmodule

Copy /tmp/MYR175-Clean-Mac-DD/Build/Products/Debug/MyRAMMac.swiftmodule/arm64-apple-macos.swiftdoc /tmp/MYR175-Clean-Mac-DD/Build/Intermediates.noindex/MyRAM.build/Debug/MyRAMMac.build/Objects-normal/arm64/MyRAMMac.swiftdoc (in target 'MyRAMMac' from project 'MyRAM')
    cd /Users/runner/work/MyRAM-iOS/MyRAM-iOS/MyRAM-iOS
    builtin-copy -exclude .DS_Store -exclude CVS -exclude .svn -exclude .git -exclude .hg -resolve-src-symlinks -rename /tmp/MYR175-Clean-Mac-DD/Build/Intermediates.noindex/MyRAM.build/Debug/MyRAMMac.build/Objects-normal/arm64/MyRAMMac.swiftdoc /tmp/MYR175-Clean-Mac-DD/Build/Products/Debug/MyRAMMac.swiftmodule/arm64-apple-macos.swiftdoc

Copy /tmp/MYR175-Clean-Mac-DD/Build/Products/Debug/MyRAMMac.swiftmodule/arm64-apple-macos.abi.json /tmp/MYR175-Clean-Mac-DD/Build/Intermediates.noindex/MyRAM.build/Debug/MyRAMMac.build/Objects-normal/arm64/MyRAMMac.abi.json (in target 'MyRAMMac' from project 'MyRAM')
    cd /Users/runner/work/MyRAM-iOS/MyRAM-iOS/MyRAM-iOS
    builtin-copy -exclude .DS_Store -exclude CVS -exclude .svn -exclude .git -exclude .hg -resolve-src-symlinks -rename /tmp/MYR175-Clean-Mac-DD/Build/Intermediates.noindex/MyRAM.build/Debug/MyRAMMac.build/Objects-normal/arm64/MyRAMMac.abi.json /tmp/MYR175-Clean-Mac-DD/Build/Products/Debug/MyRAMMac.swiftmodule/arm64-apple-macos.abi.json

Copy /tmp/MYR175-Clean-Mac-DD/Build/Products/Debug/MyRAMMac.swiftmodule/Project/arm64-apple-macos.swiftsourceinfo /tmp/MYR175-Clean-Mac-DD/Build/Intermediates.noindex/MyRAM.build/Debug/MyRAMMac.build/Objects-normal/arm64/MyRAMMac.swiftsourceinfo (in target 'MyRAMMac' from project 'MyRAM')
    cd /Users/runner/work/MyRAM-iOS/MyRAM-iOS/MyRAM-iOS
    builtin-copy -exclude .DS_Store -exclude CVS -exclude .svn -exclude .git -exclude .hg -resolve-src-symlinks -rename /tmp/MYR175-Clean-Mac-DD/Build/Intermediates.noindex/MyRAM.build/Debug/MyRAMMac.build/Objects-normal/arm64/MyRAMMac.swiftsourceinfo /tmp/MYR175-Clean-Mac-DD/Build/Products/Debug/MyRAMMac.swiftmodule/Project/arm64-apple-macos.swiftsourceinfo

SwiftCompile normal arm64 Compiling\ Folder.swift,\ MyRAMSchema.swift,\ PersistenceManager.swift,\ MacSidebarCollapsePolicy.swift,\ SyncBatchPayload.swift,\ SyncBatchAnchoredPayloadAdapter.swift,\ SyncBatchAnchoredPayloadPolicy.swift,\ SyncBatchPeerCapability.swift,\ SyncBatchTransportAdmissionPlanner.swift,\ SyncBatchEnvelope.swift,\ MultipeerSyncMessageEnvelope.swift,\ SyncBatchSeenBatchStore.swift,\ SyncBatchUTF16Helpers.swift,\ SyncBatchNoteChangeCapture.swift,\ SyncConvergenceTypes.swift,\ SyncConvergenceModels.swift,\ SyncConvergencePlanningTypes.swift,\ SyncConvergenceRewriteSafetyPolicy.swift,\ ExplicitDeleteProvenanceTypes.swift,\ ExplicitDeleteProvenanceBuilder.swift /Users/runner/work/MyRAM-iOS/MyRAM-iOS/MyRAM-iOS/MyRAM/Models/Folder.swift /Users/runner/work/MyRAM-iOS/MyRAM-iOS/MyRAM-iOS/MyRAM/MyRAMSchema.swift /Users/runner/work/MyRAM-iOS/MyRAM-iOS/MyRAM-iOS/MyRAM/PersistenceManager.swift /Users/runner/work/MyRAM-iOS/MyRAM-iOS/MyRAM-iOS/MyRAM/Mac/MacSidebarCollapsePolicy.swift /Users/runner/work/MyRAM-iOS/MyRAM-iOS/MyRAM-iOS/MyRAM/Sync/Batch/SyncBatchPayload.swift /Users/runner/work/MyRAM-iOS/MyRAM-iOS/MyRAM-iOS/MyRAM/Sync/Batch/SyncBatchAnchoredPayloadAdapter.swift /Users/runner/work/MyRAM-iOS/MyRAM-iOS/MyRAM-iOS/MyRAM/Sync/Batch/SyncBatchAnchoredPayloadPolicy.swift /Users/runner/work/MyRAM-iOS/MyRAM-iOS/MyRAM-iOS/MyRAM/Sync/Batch/SyncBatchPeerCapability.swift /Users/runner/work/MyRAM-iOS/MyRAM-iOS/MyRAM-iOS/MyRAM/Sync/Batch/SyncBatchTransportAdmissionPlanner.swift /Users/runner/work/MyRAM-iOS/MyRAM-iOS/MyRAM-iOS/MyRAM/Sync/Batch/SyncBatchEnvelope.swift /Users/runner/work/MyRAM-iOS/MyRAM-iOS/MyRAM-iOS/MyRAM/Sync/Batch/MultipeerSyncMessageEnvelope.swift /Users/runner/work/MyRAM-iOS/MyRAM-iOS/MyRAM-iOS/MyRAM/Sync/Batch/SyncBatchSeenBatchStore.swift /Users/runner/work/MyRAM-iOS/MyRAM-iOS/MyRAM-iOS/MyRAM/Sync/Batch/SyncBatchUTF16Helpers.swift /Users/runner/work/MyRAM-iOS/MyRAM-iOS/MyRAM-iOS/MyRAM/Sync/Batch/SyncBatchNoteChangeCapture.swift /Users/runner/work/MyRAM-iOS/MyRAM-iOS/MyRAM-iOS/MyRAM/Sync/Convergence/SyncConvergenceTypes.swift /Users/runner/work/MyRAM-iOS/MyRAM-iOS/MyRAM-iOS/MyRAM/Sync/Convergence/SyncConvergenceModels.swift /Users/runner/work/MyRAM-iOS/MyRAM-iOS/MyRAM-iOS/MyRAM/Sync/Convergence/SyncConvergencePlanningTypes.swift /Users/runner/work/MyRAM-iOS/MyRAM-iOS/MyRAM-iOS/MyRAM/Sync/Convergence/SyncConvergenceRewriteSafetyPolicy.swift /Users/runner/work/MyRAM-iOS/MyRAM-iOS/MyRAM-iOS/MyRAM/Sync/Convergence/ExplicitDeleteProvenanceTypes.swift /Users/runner/work/MyRAM-iOS/MyRAM-iOS/MyRAM-iOS/MyRAM/Sync/Convergence/ExplicitDeleteProvenanceBuilder.swift (in target 'MyRAMMac' from project 'MyRAM')
SwiftCompile normal arm64 /Users/runner/work/MyRAM-iOS/MyRAM-iOS/MyRAM-iOS/MyRAM/Models/Folder.swift (in target 'MyRAMMac' from project 'MyRAM')
    cd /Users/runner/work/MyRAM-iOS/MyRAM-iOS/MyRAM-iOS
    

SwiftCompile normal arm64 /Users/runner/work/MyRAM-iOS/MyRAM-iOS/MyRAM-iOS/MyRAM/MyRAMSchema.swift (in target 'MyRAMMac' from project 'MyRAM')
    cd /Users/runner/work/MyRAM-iOS/MyRAM-iOS/MyRAM-iOS
    

SwiftCompile normal arm64 /Users/runner/work/MyRAM-iOS/MyRAM-iOS/MyRAM-iOS/MyRAM/PersistenceManager.swift (in target 'MyRAMMac' from project 'MyRAM')
    cd /Users/runner/work/MyRAM-iOS/MyRAM-iOS/MyRAM-iOS
    

SwiftCompile normal arm64 /Users/runner/work/MyRAM-iOS/MyRAM-iOS/MyRAM-iOS/MyRAM/Mac/MacSidebarCollapsePolicy.swift (in target 'MyRAMMac' from project 'MyRAM')
    cd /Users/runner/work/MyRAM-iOS/MyRAM-iOS/MyRAM-iOS
    

SwiftCompile normal arm64 /Users/runner/work/MyRAM-iOS/MyRAM-iOS/MyRAM-iOS/MyRAM/Sync/Batch/SyncBatchPayload.swift (in target 'MyRAMMac' from project 'MyRAM')
    cd /Users/runner/work/MyRAM-iOS/MyRAM-iOS/MyRAM-iOS
    

SwiftCompile normal arm64 /Users/runner/work/MyRAM-iOS/MyRAM-iOS/MyRAM-iOS/MyRAM/Sync/Batch/SyncBatchAnchoredPayloadAdapter.swift (in target 'MyRAMMac' from project 'MyRAM')
    cd /Users/runner/work/MyRAM-iOS/MyRAM-iOS/MyRAM-iOS
    

SwiftCompile normal arm64 /Users/runner/work/MyRAM-iOS/MyRAM-iOS/MyRAM-iOS/MyRAM/Sync/Batch/SyncBatchAnchoredPayloadPolicy.swift (in target 'MyRAMMac' from project 'MyRAM')
    cd /Users/runner/work/MyRAM-iOS/MyRAM-iOS/MyRAM-iOS
    

SwiftCompile normal arm64 /Users/runner/work/MyRAM-iOS/MyRAM-iOS/MyRAM-iOS/MyRAM/Sync/Batch/SyncBatchPeerCapability.swift (in target 'MyRAMMac' from project 'MyRAM')
    cd /Users/runner/work/MyRAM-iOS/MyRAM-iOS/MyRAM-iOS
    

SwiftCompile normal arm64 /Users/runner/work/MyRAM-iOS/MyRAM-iOS/MyRAM-iOS/MyRAM/Sync/Batch/SyncBatchTransportAdmissionPlanner.swift (in target 'MyRAMMac' from project 'MyRAM')
    cd /Users/runner/work/MyRAM-iOS/MyRAM-iOS/MyRAM-iOS
    

SwiftCompile normal arm64 /Users/runner/work/MyRAM-iOS/MyRAM-iOS/MyRAM-iOS/MyRAM/Sync/Batch/SyncBatchEnvelope.swift (in target 'MyRAMMac' from project 'MyRAM')
    cd /Users/runner/work/MyRAM-iOS/MyRAM-iOS/MyRAM-iOS
    

SwiftCompile normal arm64 /Users/runner/work/MyRAM-iOS/MyRAM-iOS/MyRAM-iOS/MyRAM/Sync/Batch/MultipeerSyncMessageEnvelope.swift (in target 'MyRAMMac' from project 'MyRAM')
    cd /Users/runner/work/MyRAM-iOS/MyRAM-iOS/MyRAM-iOS
    

SwiftCompile normal arm64 /Users/runner/work/MyRAM-iOS/MyRAM-iOS/MyRAM-iOS/MyRAM/Sync/Batch/SyncBatchSeenBatchStore.swift (in target 'MyRAMMac' from project 'MyRAM')
    cd /Users/runner/work/MyRAM-iOS/MyRAM-iOS/MyRAM-iOS
    

SwiftCompile normal arm64 /Users/runner/work/MyRAM-iOS/MyRAM-iOS/MyRAM-iOS/MyRAM/Sync/Batch/SyncBatchUTF16Helpers.swift (in target 'MyRAMMac' from project 'MyRAM')
    cd /Users/runner/work/MyRAM-iOS/MyRAM-iOS/MyRAM-iOS
    

SwiftCompile normal arm64 /Users/runner/work/MyRAM-iOS/MyRAM-iOS/MyRAM-iOS/MyRAM/Sync/Batch/SyncBatchNoteChangeCapture.swift (in target 'MyRAMMac' from project 'MyRAM')
    cd /Users/runner/work/MyRAM-iOS/MyRAM-iOS/MyRAM-iOS
    

SwiftCompile normal arm64 /Users/runner/work/MyRAM-iOS/MyRAM-iOS/MyRAM-iOS/MyRAM/Sync/Convergence/SyncConvergenceTypes.swift (in target 'MyRAMMac' from project 'MyRAM')
    cd /Users/runner/work/MyRAM-iOS/MyRAM-iOS/MyRAM-iOS
    

SwiftCompile normal arm64 /Users/runner/work/MyRAM-iOS/MyRAM-iOS/MyRAM-iOS/MyRAM/Sync/Convergence/SyncConvergenceModels.swift (in target 'MyRAMMac' from project 'MyRAM')
    cd /Users/runner/work/MyRAM-iOS/MyRAM-iOS/MyRAM-iOS
    

SwiftCompile normal arm64 /Users/runner/work/MyRAM-iOS/MyRAM-iOS/MyRAM-iOS/MyRAM/Sync/Convergence/SyncConvergencePlanningTypes.swift (in target 'MyRAMMac' from project 'MyRAM')
    cd /Users/runner/work/MyRAM-iOS/MyRAM-iOS/MyRAM-iOS
    

SwiftCompile normal arm64 /Users/runner/work/MyRAM-iOS/MyRAM-iOS/MyRAM-iOS/MyRAM/Sync/Convergence/SyncConvergenceRewriteSafetyPolicy.swift (in target 'MyRAMMac' from project 'MyRAM')
    cd /Users/runner/work/MyRAM-iOS/MyRAM-iOS/MyRAM-iOS
    

SwiftCompile normal arm64 /Users/runner/work/MyRAM-iOS/MyRAM-iOS/MyRAM-iOS/MyRAM/Sync/Convergence/ExplicitDeleteProvenanceTypes.swift (in target 'MyRAMMac' from project 'MyRAM')
    cd /Users/runner/work/MyRAM-iOS/MyRAM-iOS/MyRAM-iOS
    

SwiftCompile normal arm64 /Users/runner/work/MyRAM-iOS/MyRAM-iOS/MyRAM-iOS/MyRAM/Sync/Convergence/ExplicitDeleteProvenanceBuilder.swift (in target 'MyRAMMac' from project 'MyRAM')
    cd /Users/runner/work/MyRAM-iOS/MyRAM-iOS/MyRAM-iOS
    

SwiftDriverJobDiscovery normal arm64 Compiling NoteSequenceStateBootstrapMigrator.swift, SwiftDataNoteSequenceStateStore.swift, MyRAMSyncOperationIDAllocator.swift, FileBackedSyncOperationIDReservationStore.swift, MyRAMMacApp.swift, MyRAMMacRootView.swift, MacStartupCoordinator.swift, MacNoteEditorView.swift, MacTextViewRepresentable.swift, MacEditorSampleDocument.swift, MacRemoteInsertionAttributePolicy.swift, MacIncomingSyncApplicationPolicy.swift, MacEditorSyncBridge.swift, MacNSRangeClamp.swift, MyRAMPlatform.swift, RTFCoding.swift, AttributedTextStorageKeys.swift, MacNotePersistenceAdapter.swift, MacEditorTextColorPolicy.swift, Note.swift (in target 'MyRAMMac' from project 'MyRAM')

SwiftDriver MyRAMMacTests normal arm64 com.apple.xcode.tools.swift.compiler (in target 'MyRAMMacTests' from project 'MyRAM')
    cd /Users/runner/work/MyRAM-iOS/MyRAM-iOS/MyRAM-iOS
    builtin-SwiftDriver -- /Applications/Xcode_26.5.app/Contents/Developer/Toolchains/XcodeDefault.xctoolchain/usr/bin/swiftc -module-name MyRAMMacTests -Onone @/tmp/MYR175-Clean-Mac-DD/Build/Intermediates.noindex/MyRAM.build/Debug/MyRAMMacTests.build/Objects-normal/arm64/MyRAMMacTests.SwiftFileList -DDEBUG -plugin-path /Applications/Xcode_26.5.app/Contents/Developer/Toolchains/XcodeDefault.xctoolchain/usr/lib/swift/host/plugins/testing -enable-bare-slash-regex -enable-experimental-feature DebugDescriptionMacro -sdk /Applications/Xcode_26.5.app/Contents/Developer/Platforms/MacOSX.platform/Developer/SDKs/MacOSX26.5.sdk -target arm64-apple-macos14.0 -g -module-cache-path /tmp/MYR175-Clean-Mac-DD/ModuleCache.noindex -Xfrontend -serialize-debugging-options -enable-testing -index-store-path /tmp/MYR175-Clean-Mac-DD/Index.noindex/DataStore -Xcc -D_LIBCPP_HARDENING_MODE\=_LIBCPP_HARDENING_MODE_DEBUG -swift-version 5 -I /tmp/MYR175-Clean-Mac-DD/Build/Products/Debug -Isystem /Applications/Xcode_26.5.app/Contents/Developer/Platforms/MacOSX.platform/Developer/usr/lib -F /tmp/MYR175-Clean-Mac-DD/Build/Products/Debug/PackageFrameworks -F /tmp/MYR175-Clean-Mac-DD/Build/Products/Debug/PackageFrameworks -F /tmp/MYR175-Clean-Mac-DD/Build/Products/Debug/PackageFrameworks -F /tmp/MYR175-Clean-Mac-DD/Build/Products/Debug -F /Applications/Xcode_26.5.app/Contents/Developer/Platforms/MacOSX.platform/Developer/Library/Frameworks -c -j3 -enable-batch-mode -incremental -Xcc -ivfsstatcache -Xcc /tmp/MYR175-Clean-Mac-DD/SDKStatCaches.noindex/macosx26.5-25F70-688ef53f1462e2c8f657fdc38a81448f3599ee76dc2a8020dfcb4b41ead48a8c.sdkstatcache -output-file-map /tmp/MYR175-Clean-Mac-DD/Build/Intermediates.noindex/MyRAM.build/Debug/MyRAMMacTests.build/Objects-normal/arm64/MyRAMMacTests-OutputFileMap.json -use-frontend-parseable-output -save-temps -no-color-diagnostics -explicit-module-build -module-cache-path /tmp/MYR175-Clean-Mac-DD/Build/Intermediates.noindex/SwiftExplicitPrecompiledModules -clang-scanner-module-cache-path /tmp/MYR175-Clean-Mac-DD/ModuleCache.noindex -sdk-module-cache-path /tmp/MYR175-Clean-Mac-DD/ModuleCache.noindex -serialize-diagnostics -emit-dependencies -emit-module -emit-module-path /tmp/MYR175-Clean-Mac-DD/Build/Intermediates.noindex/MyRAM.build/Debug/MyRAMMacTests.build/Objects-normal/arm64/MyRAMMacTests.swiftmodule -validate-clang-modules-once -clang-build-session-file /tmp/MYR175-Clean-Mac-DD/ModuleCache.noindex/Session.modulevalidation -Xcc -I/tmp/MYR175-Clean-Mac-DD/Build/Intermediates.noindex/MyRAM.build/Debug/MyRAMMacTests.build/swift-overrides.hmap -emit-const-values -Xfrontend -const-gather-protocols-file -Xfrontend /tmp/MYR175-Clean-Mac-DD/Build/Intermediates.noindex/MyRAM.build/Debug/MyRAMMacTests.build/Objects-normal/arm64/MyRAMMacTests_const_extract_protocols.json -Xcc -iquote -Xcc /tmp/MYR175-Clean-Mac-DD/Build/Intermediates.noindex/MyRAM.build/Debug/MyRAMMacTests.build/MyRAMMacTests-generated-files.hmap -Xcc -I/tmp/MYR175-Clean-Mac-DD/Build/Intermediates.noindex/MyRAM.build/Debug/MyRAMMacTests.build/MyRAMMacTests-own-target-headers.hmap -Xcc -I/tmp/MYR175-Clean-Mac-DD/Build/Intermediates.noindex/MyRAM.build/Debug/MyRAMMacTests.build/MyRAMMacTests-all-non-framework-target-headers.hmap -Xcc -ivfsoverlay -Xcc /tmp/MYR175-Clean-Mac-DD/Build/Intermediates.noindex/MyRAM.build/Debug/MyRAM-98a9cbde253e8e955bc92731eb290203-VFS/all-product-headers.yaml -Xcc -iquote -Xcc /tmp/MYR175-Clean-Mac-DD/Build/Intermediates.noindex/MyRAM.build/Debug/MyRAMMacTests.build/MyRAMMacTests-project-headers.hmap -Xcc -I/tmp/MYR175-Clean-Mac-DD/Build/Products/Debug/include -Xcc -I/tmp/MYR175-Clean-Mac-DD/Build/Intermediates.noindex/MyRAM.build/Debug/MyRAMMacTests.build/DerivedSources-normal/arm64 -Xcc -I/tmp/MYR175-Clean-Mac-DD/Build/Intermediates.noindex/MyRAM.build/Debug/MyRAMMacTests.build/DerivedSources/arm64 -Xcc -I/tmp/MYR175-Clean-Mac-DD/Build/Intermediates.noindex/MyRAM.build/Debug/MyRAMMacTests.build/DerivedSources -Xcc -DDEBUG\=1 -emit-objc-header -emit-objc-header-path /tmp/MYR175-Clean-Mac-DD/Build/Intermediates.noindex/MyRAM.build/Debug/MyRAMMacTests.build/Objects-normal/arm64/MyRAMMacTests-Swift.h -working-directory /Users/runner/work/MyRAM-iOS/MyRAM-iOS/MyRAM-iOS -experimental-emit-module-separately -disable-cmo

SwiftDriverJobDiscovery normal arm64 Compiling ExplicitDeleteProvenanceValidator.swift, SyncConvergencePlanner.swift, IncrementalEditIntegrationTypes.swift, RetainedOperationCausalGraph.swift, SwiftDataSyncConvergencePersistenceTransaction.swift, SyncConvergencePostCommitTypes.swift, SyncConvergencePostCommitGating.swift, SwiftDataSyncConvergencePostCommitStore.swift, SyncConvergencePostCommitExecutor.swift, SyncConvergenceLocalObligation.swift, FileBackedSyncConvergenceLocalObligationQueue.swift, SyncConvergenceDrainPassScheduler.swift, SyncConvergenceRuntime.swift, SyncBatchUnsentQueue.swift, FileBackedSyncBatchQueue.swift, MyRAMSyncModels.swift, SyncConflictStore.swift, MyRAMWidgetContentSelectionPolicy.swift, MyRAMWidgetSnapshotStore.swift, MyRAMWidgetSnapshot.swift (in target 'MyRAMMac' from project 'MyRAM')

SwiftExplicitDependencyGeneratePcm arm64 /tmp/MYR175-Clean-Mac-DD/Build/Intermediates.noindex/SwiftExplicitPrecompiledModules/XCUIAutomation-19XHCEZX84ZPU6S6VXHL55BKA.pcm

SwiftExplicitDependencyCompileModuleFromInterface arm64 /tmp/MYR175-Clean-Mac-DD/Build/Intermediates.noindex/SwiftExplicitPrecompiledModules/XCUIAutomation-3JKY1D0RXI61E.swiftmodule

SwiftExplicitDependencyGeneratePcm arm64 /tmp/MYR175-Clean-Mac-DD/Build/Intermediates.noindex/SwiftExplicitPrecompiledModules/XCTest-782SKKH525ZDBPD90PHVUQAYM.pcm

SwiftExplicitDependencyCompileModuleFromInterface arm64 /tmp/MYR175-Clean-Mac-DD/Build/Intermediates.noindex/SwiftExplicitPrecompiledModules/XCTest-2HJC2DOQU1N2Z.swiftmodule

SwiftEmitModule normal arm64 Emitting\ module\ for\ MyRAMMacTests (in target 'MyRAMMacTests' from project 'MyRAM')

EmitSwiftModule normal arm64 (in target 'MyRAMMacTests' from project 'MyRAM')
    cd /Users/runner/work/MyRAM-iOS/MyRAM-iOS/MyRAM-iOS
    

SwiftCompile normal arm64 Compiling\ MacMarkdownFileIOIntegrationTests.swift,\ MarkdownPreviewParserTests.swift,\ MacMarkdownPreviewIntegrationTests.swift,\ MacNoteViewZoomTests.swift,\ MacMarkdownPreviewDocumentBuilderTests.swift,\ MacEditorTextColorPolicyTests.swift,\ MacSidebarCollapsePolicyTests.swift,\ SyncBatchEnvelopeV2Tests.swift,\ SyncBatchPeerCapabilityTests.swift,\ SyncBatchTransportAdmissionPlannerTests.swift,\ MacSyncDeviceIdentityTests.swift,\ MacSyncSeenBatchStoreTests.swift,\ MacSyncBatchAccumulatorTests.swift /Users/runner/work/MyRAM-iOS/MyRAM-iOS/MyRAM-iOS/MyRAMMacTests/MacMarkdownFileIOIntegrationTests.swift /Users/runner/work/MyRAM-iOS/MyRAM-iOS/MyRAM-iOS/MyRAMTests/MarkdownPreviewParserTests.swift /Users/runner/work/MyRAM-iOS/MyRAM-iOS/MyRAM-iOS/MyRAMMacTests/MacMarkdownPreviewIntegrationTests.swift /Users/runner/work/MyRAM-iOS/MyRAM-iOS/MyRAM-iOS/MyRAMMacTests/MacNoteViewZoomTests.swift /Users/runner/work/MyRAM-iOS/MyRAM-iOS/MyRAM-iOS/MyRAMMacTests/MacMarkdownPreviewDocumentBuilderTests.swift /Users/runner/work/MyRAM-iOS/MyRAM-iOS/MyRAM-iOS/MyRAMMacTests/MacEditorTextColorPolicyTests.swift /Users/runner/work/MyRAM-iOS/MyRAM-iOS/MyRAM-iOS/MyRAMMacTests/MacSidebarCollapsePolicyTests.swift /Users/runner/work/MyRAM-iOS/MyRAM-iOS/MyRAM-iOS/MyRAMMacTests/SyncBatchEnvelopeV2Tests.swift /Users/runner/work/MyRAM-iOS/MyRAM-iOS/MyRAM-iOS/MyRAMMacTests/SyncBatchPeerCapabilityTests.swift /Users/runner/work/MyRAM-iOS/MyRAM-iOS/MyRAM-iOS/MyRAMMacTests/SyncBatchTransportAdmissionPlannerTests.swift /Users/runner/work/MyRAM-iOS/MyRAM-iOS/MyRAM-iOS/MyRAMMacTests/MacSyncDeviceIdentityTests.swift /Users/runner/work/MyRAM-iOS/MyRAM-iOS/MyRAM-iOS/MyRAMMacTests/MacSyncSeenBatchStoreTests.swift /Users/runner/work/MyRAM-iOS/MyRAM-iOS/MyRAM-iOS/MyRAMMacTests/MacSyncBatchAccumulatorTests.swift (in target 'MyRAMMacTests' from project 'MyRAM')

SwiftCompile normal arm64 /Users/runner/work/MyRAM-iOS/MyRAM-iOS/MyRAM-iOS/MyRAMMacTests/MacMarkdownFileIOIntegrationTests.swift (in target 'MyRAMMacTests' from project 'MyRAM')
    cd /Users/runner/work/MyRAM-iOS/MyRAM-iOS/MyRAM-iOS
    

SwiftCompile normal arm64 /Users/runner/work/MyRAM-iOS/MyRAM-iOS/MyRAM-iOS/MyRAMTests/MarkdownPreviewParserTests.swift (in target 'MyRAMMacTests' from project 'MyRAM')
    cd /Users/runner/work/MyRAM-iOS/MyRAM-iOS/MyRAM-iOS
    

SwiftCompile normal arm64 /Users/runner/work/MyRAM-iOS/MyRAM-iOS/MyRAM-iOS/MyRAMMacTests/MacMarkdownPreviewIntegrationTests.swift (in target 'MyRAMMacTests' from project 'MyRAM')
    cd /Users/runner/work/MyRAM-iOS/MyRAM-iOS/MyRAM-iOS
    

SwiftCompile normal arm64 /Users/runner/work/MyRAM-iOS/MyRAM-iOS/MyRAM-iOS/MyRAMMacTests/MacNoteViewZoomTests.swift (in target 'MyRAMMacTests' from project 'MyRAM')
    cd /Users/runner/work/MyRAM-iOS/MyRAM-iOS/MyRAM-iOS
    

SwiftCompile normal arm64 /Users/runner/work/MyRAM-iOS/MyRAM-iOS/MyRAM-iOS/MyRAMMacTests/MacMarkdownPreviewDocumentBuilderTests.swift (in target 'MyRAMMacTests' from project 'MyRAM')
    cd /Users/runner/work/MyRAM-iOS/MyRAM-iOS/MyRAM-iOS
    

SwiftCompile normal arm64 /Users/runner/work/MyRAM-iOS/MyRAM-iOS/MyRAM-iOS/MyRAMMacTests/MacEditorTextColorPolicyTests.swift (in target 'MyRAMMacTests' from project 'MyRAM')
    cd /Users/runner/work/MyRAM-iOS/MyRAM-iOS/MyRAM-iOS
    

SwiftCompile normal arm64 /Users/runner/work/MyRAM-iOS/MyRAM-iOS/MyRAM-iOS/MyRAMMacTests/MacSidebarCollapsePolicyTests.swift (in target 'MyRAMMacTests' from project 'MyRAM')
    cd /Users/runner/work/MyRAM-iOS/MyRAM-iOS/MyRAM-iOS
    

SwiftCompile normal arm64 /Users/runner/work/MyRAM-iOS/MyRAM-iOS/MyRAM-iOS/MyRAMMacTests/SyncBatchEnvelopeV2Tests.swift (in target 'MyRAMMacTests' from project 'MyRAM')
    cd /Users/runner/work/MyRAM-iOS/MyRAM-iOS/MyRAM-iOS
    

SwiftCompile normal arm64 /Users/runner/work/MyRAM-iOS/MyRAM-iOS/MyRAM-iOS/MyRAMMacTests/SyncBatchPeerCapabilityTests.swift (in target 'MyRAMMacTests' from project 'MyRAM')
    cd /Users/runner/work/MyRAM-iOS/MyRAM-iOS/MyRAM-iOS
    

SwiftCompile normal arm64 /Users/runner/work/MyRAM-iOS/MyRAM-iOS/MyRAM-iOS/MyRAMMacTests/SyncBatchTransportAdmissionPlannerTests.swift (in target 'MyRAMMacTests' from project 'MyRAM')
    cd /Users/runner/work/MyRAM-iOS/MyRAM-iOS/MyRAM-iOS
    

SwiftCompile normal arm64 /Users/runner/work/MyRAM-iOS/MyRAM-iOS/MyRAM-iOS/MyRAMMacTests/MacSyncDeviceIdentityTests.swift (in target 'MyRAMMacTests' from project 'MyRAM')
    cd /Users/runner/work/MyRAM-iOS/MyRAM-iOS/MyRAM-iOS
    

SwiftCompile normal arm64 /Users/runner/work/MyRAM-iOS/MyRAM-iOS/MyRAM-iOS/MyRAMMacTests/MacSyncSeenBatchStoreTests.swift (in target 'MyRAMMacTests' from project 'MyRAM')
    cd /Users/runner/work/MyRAM-iOS/MyRAM-iOS/MyRAM-iOS
    

SwiftCompile normal arm64 /Users/runner/work/MyRAM-iOS/MyRAM-iOS/MyRAM-iOS/MyRAMMacTests/MacSyncBatchAccumulatorTests.swift (in target 'MyRAMMacTests' from project 'MyRAM')
    cd /Users/runner/work/MyRAM-iOS/MyRAM-iOS/MyRAM-iOS
    

SwiftCompile normal arm64 Compiling\ MacExplicitDeleteProvenanceTests.swift,\ MacSyncBatchControllerTests.swift,\ MacSyncConvergencePresentationAdapterTests.swift,\ MacSyncConvergenceCoordinatorTests.swift,\ MacSyncIncomingLocalBoundaryTests.swift,\ MacLegacySyncReceiverTests.swift,\ SyncBatchUnsentQueueTests.swift,\ SyncConvergencePlanningTests.swift,\ SyncConvergenceRewriteSafetyPolicyTests.swift,\ SyncConvergenceIncorporationTests.swift,\ SyncConvergencePostCommitTests.swift,\ SyncConvergencePostCommitTestDoubles.swift,\ SyncConvergenceIdentityTestSupport.swift /Users/runner/work/MyRAM-iOS/MyRAM-iOS/MyRAM-iOS/MyRAMMacTests/MacExplicitDeleteProvenanceTests.swift /Users/runner/work/MyRAM-iOS/MyRAM-iOS/MyRAM-iOS/MyRAMMacTests/MacSyncBatchControllerTests.swift /Users/runner/work/MyRAM-iOS/MyRAM-iOS/MyRAM-iOS/MyRAMMacTests/MacSyncConvergencePresentationAdapterTests.swift /Users/runner/work/MyRAM-iOS/MyRAM-iOS/MyRAM-iOS/MyRAMMacTests/MacSyncConvergenceCoordinatorTests.swift /Users/runner/work/MyRAM-iOS/MyRAM-iOS/MyRAM-iOS/MyRAMMacTests/MacSyncIncomingLocalBoundaryTests.swift /Users/runner/work/MyRAM-iOS/MyRAM-iOS/MyRAM-iOS/MyRAMMacTests/MacLegacySyncReceiverTests.swift /Users/runner/work/MyRAM-iOS/MyRAM-iOS/MyRAM-iOS/MyRAMTests/SyncBatchUnsentQueueTests.swift /Users/runner/work/MyRAM-iOS/MyRAM-iOS/MyRAM-iOS/MyRAMTests/SyncConvergencePlanningTests.swift /Users/runner/work/MyRAM-iOS/MyRAM-iOS/MyRAM-iOS/MyRAMTests/SyncConvergenceRewriteSafetyPolicyTests.swift /Users/runner/work/MyRAM-iOS/MyRAM-iOS/MyRAM-iOS/MyRAMTests/SyncConvergenceIncorporationTests.swift /Users/runner/work/MyRAM-iOS/MyRAM-iOS/MyRAM-iOS/MyRAMTests/SyncConvergencePostCommitTests.swift /Users/runner/work/MyRAM-iOS/MyRAM-iOS/MyRAM-iOS/MyRAMTests/SyncConvergencePostCommitTestDoubles.swift /Users/runner/work/MyRAM-iOS/MyRAM-iOS/MyRAM-iOS/MyRAMTests/SyncConvergenceIdentityTestSupport.swift (in target 'MyRAMMacTests' from project 'MyRAM')
SwiftCompile normal arm64 /Users/runner/work/MyRAM-iOS/MyRAM-iOS/MyRAM-iOS/MyRAMMacTests/MacExplicitDeleteProvenanceTests.swift (in target 'MyRAMMacTests' from project 'MyRAM')
    cd /Users/runner/work/MyRAM-iOS/MyRAM-iOS/MyRAM-iOS
    

SwiftCompile normal arm64 /Users/runner/work/MyRAM-iOS/MyRAM-iOS/MyRAM-iOS/MyRAMMacTests/MacSyncBatchControllerTests.swift (in target 'MyRAMMacTests' from project 'MyRAM')
    cd /Users/runner/work/MyRAM-iOS/MyRAM-iOS/MyRAM-iOS
    

SwiftCompile normal arm64 /Users/runner/work/MyRAM-iOS/MyRAM-iOS/MyRAM-iOS/MyRAMMacTests/MacSyncConvergencePresentationAdapterTests.swift (in target 'MyRAMMacTests' from project 'MyRAM')
    cd /Users/runner/work/MyRAM-iOS/MyRAM-iOS/MyRAM-iOS
    

SwiftCompile normal arm64 /Users/runner/work/MyRAM-iOS/MyRAM-iOS/MyRAM-iOS/MyRAMMacTests/MacSyncConvergenceCoordinatorTests.swift (in target 'MyRAMMacTests' from project 'MyRAM')
    cd /Users/runner/work/MyRAM-iOS/MyRAM-iOS/MyRAM-iOS
    

SwiftCompile normal arm64 /Users/runner/work/MyRAM-iOS/MyRAM-iOS/MyRAM-iOS/MyRAMMacTests/MacSyncIncomingLocalBoundaryTests.swift (in target 'MyRAMMacTests' from project 'MyRAM')
    cd /Users/runner/work/MyRAM-iOS/MyRAM-iOS/MyRAM-iOS
    

SwiftCompile normal arm64 /Users/runner/work/MyRAM-iOS/MyRAM-iOS/MyRAM-iOS/MyRAMMacTests/MacLegacySyncReceiverTests.swift (in target 'MyRAMMacTests' from project 'MyRAM')
    cd /Users/runner/work/MyRAM-iOS/MyRAM-iOS/MyRAM-iOS
    

SwiftCompile normal arm64 /Users/runner/work/MyRAM-iOS/MyRAM-iOS/MyRAM-iOS/MyRAMTests/SyncBatchUnsentQueueTests.swift (in target 'MyRAMMacTests' from project 'MyRAM')
    cd /Users/runner/work/MyRAM-iOS/MyRAM-iOS/MyRAM-iOS
    

SwiftCompile normal arm64 /Users/runner/work/MyRAM-iOS/MyRAM-iOS/MyRAM-iOS/MyRAMTests/SyncConvergencePlanningTests.swift (in target 'MyRAMMacTests' from project 'MyRAM')
    cd /Users/runner/work/MyRAM-iOS/MyRAM-iOS/MyRAM-iOS
    

SwiftCompile normal arm64 /Users/runner/work/MyRAM-iOS/MyRAM-iOS/MyRAM-iOS/MyRAMTests/SyncConvergenceRewriteSafetyPolicyTests.swift (in target 'MyRAMMacTests' from project 'MyRAM')
    cd /Users/runner/work/MyRAM-iOS/MyRAM-iOS/MyRAM-iOS
    

SwiftCompile normal arm64 /Users/runner/work/MyRAM-iOS/MyRAM-iOS/MyRAM-iOS/MyRAMTests/SyncConvergenceIncorporationTests.swift (in target 'MyRAMMacTests' from project 'MyRAM')
    cd /Users/runner/work/MyRAM-iOS/MyRAM-iOS/MyRAM-iOS
    

SwiftCompile normal arm64 /Users/runner/work/MyRAM-iOS/MyRAM-iOS/MyRAM-iOS/MyRAMTests/SyncConvergencePostCommitTests.swift (in target 'MyRAMMacTests' from project 'MyRAM')
    cd /Users/runner/work/MyRAM-iOS/MyRAM-iOS/MyRAM-iOS
    

SwiftCompile normal arm64 /Users/runner/work/MyRAM-iOS/MyRAM-iOS/MyRAM-iOS/MyRAMTests/SyncConvergencePostCommitTestDoubles.swift (in target 'MyRAMMacTests' from project 'MyRAM')
    cd /Users/runner/work/MyRAM-iOS/MyRAM-iOS/MyRAM-iOS
    

SwiftCompile normal arm64 /Users/runner/work/MyRAM-iOS/MyRAM-iOS/MyRAM-iOS/MyRAMTests/SyncConvergenceIdentityTestSupport.swift (in target 'MyRAMMacTests' from project 'MyRAM')
    cd /Users/runner/work/MyRAM-iOS/MyRAM-iOS/MyRAM-iOS
    

SwiftDriverJobDiscovery normal arm64 Emitting module for MyRAMMacTests (in target 'MyRAMMacTests' from project 'MyRAM')

SwiftDriver\ Compilation\ Requirements MyRAMMacTests normal arm64 com.apple.xcode.tools.swift.compiler (in target 'MyRAMMacTests' from project 'MyRAM')
    cd /Users/runner/work/MyRAM-iOS/MyRAM-iOS/MyRAM-iOS
    builtin-Swift-Compilation-Requirements -- /Applications/Xcode_26.5.app/Contents/Developer/Toolchains/XcodeDefault.xctoolchain/usr/bin/swiftc -module-name MyRAMMacTests -Onone @/tmp/MYR175-Clean-Mac-DD/Build/Intermediates.noindex/MyRAM.build/Debug/MyRAMMacTests.build/Objects-normal/arm64/MyRAMMacTests.SwiftFileList -DDEBUG -plugin-path /Applications/Xcode_26.5.app/Contents/Developer/Toolchains/XcodeDefault.xctoolchain/usr/lib/swift/host/plugins/testing -enable-bare-slash-regex -enable-experimental-feature DebugDescriptionMacro -sdk /Applications/Xcode_26.5.app/Contents/Developer/Platforms/MacOSX.platform/Developer/SDKs/MacOSX26.5.sdk -target arm64-apple-macos14.0 -g -module-cache-path /tmp/MYR175-Clean-Mac-DD/ModuleCache.noindex -Xfrontend -serialize-debugging-options -enable-testing -index-store-path /tmp/MYR175-Clean-Mac-DD/Index.noindex/DataStore -Xcc -D_LIBCPP_HARDENING_MODE\=_LIBCPP_HARDENING_MODE_DEBUG -swift-version 5 -I /tmp/MYR175-Clean-Mac-DD/Build/Products/Debug -Isystem /Applications/Xcode_26.5.app/Contents/Developer/Platforms/MacOSX.platform/Developer/usr/lib -F /tmp/MYR175-Clean-Mac-DD/Build/Products/Debug/PackageFrameworks -F /tmp/MYR175-Clean-Mac-DD/Build/Products/Debug/PackageFrameworks -F /tmp/MYR175-Clean-Mac-DD/Build/Products/Debug/PackageFrameworks -F /tmp/MYR175-Clean-Mac-DD/Build/Products/Debug -F /Applications/Xcode_26.5.app/Contents/Developer/Platforms/MacOSX.platform/Developer/Library/Frameworks -c -j3 -enable-batch-mode -incremental -Xcc -ivfsstatcache -Xcc /tmp/MYR175-Clean-Mac-DD/SDKStatCaches.noindex/macosx26.5-25F70-688ef53f1462e2c8f657fdc38a81448f3599ee76dc2a8020dfcb4b41ead48a8c.sdkstatcache -output-file-map /tmp/MYR175-Clean-Mac-DD/Build/Intermediates.noindex/MyRAM.build/Debug/MyRAMMacTests.build/Objects-normal/arm64/MyRAMMacTests-OutputFileMap.json -use-frontend-parseable-output -save-temps -no-color-diagnostics -explicit-module-build -module-cache-path /tmp/MYR175-Clean-Mac-DD/Build/Intermediates.noindex/SwiftExplicitPrecompiledModules -clang-scanner-module-cache-path /tmp/MYR175-Clean-Mac-DD/ModuleCache.noindex -sdk-module-cache-path /tmp/MYR175-Clean-Mac-DD/ModuleCache.noindex -serialize-diagnostics -emit-dependencies -emit-module -emit-module-path /tmp/MYR175-Clean-Mac-DD/Build/Intermediates.noindex/MyRAM.build/Debug/MyRAMMacTests.build/Objects-normal/arm64/MyRAMMacTests.swiftmodule -validate-clang-modules-once -clang-build-session-file /tmp/MYR175-Clean-Mac-DD/ModuleCache.noindex/Session.modulevalidation -Xcc -I/tmp/MYR175-Clean-Mac-DD/Build/Intermediates.noindex/MyRAM.build/Debug/MyRAMMacTests.build/swift-overrides.hmap -emit-const-values -Xfrontend -const-gather-protocols-file -Xfrontend /tmp/MYR175-Clean-Mac-DD/Build/Intermediates.noindex/MyRAM.build/Debug/MyRAMMacTests.build/Objects-normal/arm64/MyRAMMacTests_const_extract_protocols.json -Xcc -iquote -Xcc /tmp/MYR175-Clean-Mac-DD/Build/Intermediates.noindex/MyRAM.build/Debug/MyRAMMacTests.build/MyRAMMacTests-generated-files.hmap -Xcc -I/tmp/MYR175-Clean-Mac-DD/Build/Intermediates.noindex/MyRAM.build/Debug/MyRAMMacTests.build/MyRAMMacTests-own-target-headers.hmap -Xcc -I/tmp/MYR175-Clean-Mac-DD/Build/Intermediates.noindex/MyRAM.build/Debug/MyRAMMacTests.build/MyRAMMacTests-all-non-framework-target-headers.hmap -Xcc -ivfsoverlay -Xcc /tmp/MYR175-Clean-Mac-DD/Build/Intermediates.noindex/MyRAM.build/Debug/MyRAM-98a9cbde253e8e955bc92731eb290203-VFS/all-product-headers.yaml -Xcc -iquote -Xcc /tmp/MYR175-Clean-Mac-DD/Build/Intermediates.noindex/MyRAM.build/Debug/MyRAMMacTests.build/MyRAMMacTests-project-headers.hmap -Xcc -I/tmp/MYR175-Clean-Mac-DD/Build/Products/Debug/include -Xcc -I/tmp/MYR175-Clean-Mac-DD/Build/Intermediates.noindex/MyRAM.build/Debug/MyRAMMacTests.build/DerivedSources-normal/arm64 -Xcc -I/tmp/MYR175-Clean-Mac-DD/Build/Intermediates.noindex/MyRAM.build/Debug/MyRAMMacTests.build/DerivedSources/arm64 -Xcc -I/tmp/MYR175-Clean-Mac-DD/Build/Intermediates.noindex/MyRAM.build/Debug/MyRAMMacTests.build/DerivedSources -Xcc -DDEBUG\=1 -emit-objc-header -emit-objc-header-path /tmp/MYR175-Clean-Mac-DD/Build/Intermediates.noindex/MyRAM.build/Debug/MyRAMMacTests.build/Objects-normal/arm64/MyRAMMacTests-Swift.h -working-directory /Users/runner/work/MyRAM-iOS/MyRAM-iOS/MyRAM-iOS -experimental-emit-module-separately -disable-cmo

SwiftDriverJobDiscovery normal arm64 Compiling MacMarkdownFileIOIntegrationTests.swift, MarkdownPreviewParserTests.swift, MacMarkdownPreviewIntegrationTests.swift, MacNoteViewZoomTests.swift, MacMarkdownPreviewDocumentBuilderTests.swift, MacEditorTextColorPolicyTests.swift, MacSidebarCollapsePolicyTests.swift, SyncBatchEnvelopeV2Tests.swift, SyncBatchPeerCapabilityTests.swift, SyncBatchTransportAdmissionPlannerTests.swift, MacSyncDeviceIdentityTests.swift, MacSyncSeenBatchStoreTests.swift, MacSyncBatchAccumulatorTests.swift (in target 'MyRAMMacTests' from project 'MyRAM')

SwiftCompile normal arm64 Compiling\ MarkdownFileIOTests.swift,\ SwiftDataNoteSequenceStateStoreTests.swift,\ NoteSequenceStateFullBodyIntegrationTests.swift,\ NoteSequenceStateBootstrapMigratorTests.swift,\ MYR170MacFullBodyPathIntegrationTests.swift,\ MacStartupCoordinatorTests.swift,\ MyRAMSyncOperationIDAllocatorTests.swift,\ MacEditorSampleDocumentTests.swift,\ MacEditorSelectionMapperTests.swift,\ MacRemoteInsertionAttributePolicyTests.swift,\ MacIncomingSyncApplicationPolicyTests.swift,\ MacEditorSyncBridgeTests.swift,\ MacNotePersistenceAdapterTests.swift /Users/runner/work/MyRAM-iOS/MyRAM-iOS/MyRAM-iOS/MyRAMTests/MarkdownFileIOTests.swift /Users/runner/work/MyRAM-iOS/MyRAM-iOS/MyRAM-iOS/MyRAMTests/SwiftDataNoteSequenceStateStoreTests.swift /Users/runner/work/MyRAM-iOS/MyRAM-iOS/MyRAM-iOS/MyRAMTests/NoteSequenceStateFullBodyIntegrationTests.swift /Users/runner/work/MyRAM-iOS/MyRAM-iOS/MyRAM-iOS/MyRAMTests/NoteSequenceStateBootstrapMigratorTests.swift /Users/runner/work/MyRAM-iOS/MyRAM-iOS/MyRAM-iOS/MyRAMMacTests/MYR170MacFullBodyPathIntegrationTests.swift /Users/runner/work/MyRAM-iOS/MyRAM-iOS/MyRAM-iOS/MyRAMMacTests/MacStartupCoordinatorTests.swift /Users/runner/work/MyRAM-iOS/MyRAM-iOS/MyRAM-iOS/MyRAMTests/MyRAMSyncOperationIDAllocatorTests.swift /Users/runner/work/MyRAM-iOS/MyRAM-iOS/MyRAM-iOS/MyRAMMacTests/MacEditorSampleDocumentTests.swift /Users/runner/work/MyRAM-iOS/MyRAM-iOS/MyRAM-iOS/MyRAMMacTests/MacEditorSelectionMapperTests.swift /Users/runner/work/MyRAM-iOS/MyRAM-iOS/MyRAM-iOS/MyRAMMacTests/MacRemoteInsertionAttributePolicyTests.swift /Users/runner/work/MyRAM-iOS/MyRAM-iOS/MyRAM-iOS/MyRAMMacTests/MacIncomingSyncApplicationPolicyTests.swift /Users/runner/work/MyRAM-iOS/MyRAM-iOS/MyRAM-iOS/MyRAMMacTests/MacEditorSyncBridgeTests.swift /Users/runner/work/MyRAM-iOS/MyRAM-iOS/MyRAM-iOS/MyRAMMacTests/MacNotePersistenceAdapterTests.swift (in target 'MyRAMMacTests' from project 'MyRAM')

SwiftCompile normal arm64 /Users/runner/work/MyRAM-iOS/MyRAM-iOS/MyRAM-iOS/MyRAMTests/MarkdownFileIOTests.swift (in target 'MyRAMMacTests' from project 'MyRAM')
    cd /Users/runner/work/MyRAM-iOS/MyRAM-iOS/MyRAM-iOS
    

SwiftCompile normal arm64 /Users/runner/work/MyRAM-iOS/MyRAM-iOS/MyRAM-iOS/MyRAMTests/SwiftDataNoteSequenceStateStoreTests.swift (in target 'MyRAMMacTests' from project 'MyRAM')
    cd /Users/runner/work/MyRAM-iOS/MyRAM-iOS/MyRAM-iOS
    

SwiftCompile normal arm64 /Users/runner/work/MyRAM-iOS/MyRAM-iOS/MyRAM-iOS/MyRAMTests/NoteSequenceStateFullBodyIntegrationTests.swift (in target 'MyRAMMacTests' from project 'MyRAM')
    cd /Users/runner/work/MyRAM-iOS/MyRAM-iOS/MyRAM-iOS
    

SwiftCompile normal arm64 /Users/runner/work/MyRAM-iOS/MyRAM-iOS/MyRAM-iOS/MyRAMTests/NoteSequenceStateBootstrapMigratorTests.swift (in target 'MyRAMMacTests' from project 'MyRAM')
    cd /Users/runner/work/MyRAM-iOS/MyRAM-iOS/MyRAM-iOS
    

SwiftCompile normal arm64 /Users/runner/work/MyRAM-iOS/MyRAM-iOS/MyRAM-iOS/MyRAMMacTests/MYR170MacFullBodyPathIntegrationTests.swift (in target 'MyRAMMacTests' from project 'MyRAM')
    cd /Users/runner/work/MyRAM-iOS/MyRAM-iOS/MyRAM-iOS
    

SwiftCompile normal arm64 /Users/runner/work/MyRAM-iOS/MyRAM-iOS/MyRAM-iOS/MyRAMMacTests/MacStartupCoordinatorTests.swift (in target 'MyRAMMacTests' from project 'MyRAM')
    cd /Users/runner/work/MyRAM-iOS/MyRAM-iOS/MyRAM-iOS
    

SwiftCompile normal arm64 /Users/runner/work/MyRAM-iOS/MyRAM-iOS/MyRAM-iOS/MyRAMTests/MyRAMSyncOperationIDAllocatorTests.swift (in target 'MyRAMMacTests' from project 'MyRAM')
    cd /Users/runner/work/MyRAM-iOS/MyRAM-iOS/MyRAM-iOS
    

SwiftCompile normal arm64 /Users/runner/work/MyRAM-iOS/MyRAM-iOS/MyRAM-iOS/MyRAMMacTests/MacEditorSampleDocumentTests.swift (in target 'MyRAMMacTests' from project 'MyRAM')
    cd /Users/runner/work/MyRAM-iOS/MyRAM-iOS/MyRAM-iOS
    

SwiftCompile normal arm64 /Users/runner/work/MyRAM-iOS/MyRAM-iOS/MyRAM-iOS/MyRAMMacTests/MacEditorSelectionMapperTests.swift (in target 'MyRAMMacTests' from project 'MyRAM')
    cd /Users/runner/work/MyRAM-iOS/MyRAM-iOS/MyRAM-iOS
    

SwiftCompile normal arm64 /Users/runner/work/MyRAM-iOS/MyRAM-iOS/MyRAM-iOS/MyRAMMacTests/MacRemoteInsertionAttributePolicyTests.swift (in target 'MyRAMMacTests' from project 'MyRAM')
    cd /Users/runner/work/MyRAM-iOS/MyRAM-iOS/MyRAM-iOS
    

SwiftCompile normal arm64 /Users/runner/work/MyRAM-iOS/MyRAM-iOS/MyRAM-iOS/MyRAMMacTests/MacIncomingSyncApplicationPolicyTests.swift (in target 'MyRAMMacTests' from project 'MyRAM')
    cd /Users/runner/work/MyRAM-iOS/MyRAM-iOS/MyRAM-iOS
    

SwiftCompile normal arm64 /Users/runner/work/MyRAM-iOS/MyRAM-iOS/MyRAM-iOS/MyRAMMacTests/MacEditorSyncBridgeTests.swift (in target 'MyRAMMacTests' from project 'MyRAM')
    cd /Users/runner/work/MyRAM-iOS/MyRAM-iOS/MyRAM-iOS
    

SwiftCompile normal arm64 /Users/runner/work/MyRAM-iOS/MyRAM-iOS/MyRAM-iOS/MyRAMMacTests/MacNotePersistenceAdapterTests.swift (in target 'MyRAMMacTests' from project 'MyRAM')
    cd /Users/runner/work/MyRAM-iOS/MyRAM-iOS/MyRAM-iOS
    

SwiftMergeGeneratedHeaders /tmp/MYR175-Clean-Mac-DD/Build/Intermediates.noindex/MyRAM.build/Debug/MyRAMMacTests.build/DerivedSources/MyRAMMacTests-Swift.h /tmp/MYR175-Clean-Mac-DD/Build/Intermediates.noindex/MyRAM.build/Debug/MyRAMMacTests.build/Objects-normal/arm64/MyRAMMacTests-Swift.h (in target 'MyRAMMacTests' from project 'MyRAM')
    cd /Users/runner/work/MyRAM-iOS/MyRAM-iOS/MyRAM-iOS
    builtin-swiftHeaderTool -arch arm64 /tmp/MYR175-Clean-Mac-DD/Build/Intermediates.noindex/MyRAM.build/Debug/MyRAMMacTests.build/Objects-normal/arm64/MyRAMMacTests-Swift.h -o /tmp/MYR175-Clean-Mac-DD/Build/Intermediates.noindex/MyRAM.build/Debug/MyRAMMacTests.build/DerivedSources/MyRAMMacTests-Swift.h

SwiftDriverJobDiscovery normal arm64 Compiling Folder.swift, MyRAMSchema.swift, PersistenceManager.swift, MacSidebarCollapsePolicy.swift, SyncBatchPayload.swift, SyncBatchAnchoredPayloadAdapter.swift, SyncBatchAnchoredPayloadPolicy.swift, SyncBatchPeerCapability.swift, SyncBatchTransportAdmissionPlanner.swift, SyncBatchEnvelope.swift, MultipeerSyncMessageEnvelope.swift, SyncBatchSeenBatchStore.swift, SyncBatchUTF16Helpers.swift, SyncBatchNoteChangeCapture.swift, SyncConvergenceTypes.swift, SyncConvergenceModels.swift, SyncConvergencePlanningTypes.swift, SyncConvergenceRewriteSafetyPolicy.swift, ExplicitDeleteProvenanceTypes.swift, ExplicitDeleteProvenanceBuilder.swift (in target 'MyRAMMac' from project 'MyRAM')

Copy /tmp/MYR175-Clean-Mac-DD/Build/Products/Debug/MyRAMMacTests.swiftmodule/arm64-apple-macos.swiftmodule /tmp/MYR175-Clean-Mac-DD/Build/Intermediates.noindex/MyRAM.build/Debug/MyRAMMacTests.build/Objects-normal/arm64/MyRAMMacTests.swiftmodule (in target 'MyRAMMacTests' from project 'MyRAM')
    cd /Users/runner/work/MyRAM-iOS/MyRAM-iOS/MyRAM-iOS
    builtin-copy -exclude .DS_Store -exclude CVS -exclude .svn -exclude .git -exclude .hg -resolve-src-symlinks -rename /tmp/MYR175-Clean-Mac-DD/Build/Intermediates.noindex/MyRAM.build/Debug/MyRAMMacTests.build/Objects-normal/arm64/MyRAMMacTests.swiftmodule /tmp/MYR175-Clean-Mac-DD/Build/Products/Debug/MyRAMMacTests.swiftmodule/arm64-apple-macos.swiftmodule

Copy /tmp/MYR175-Clean-Mac-DD/Build/Products/Debug/MyRAMMacTests.swiftmodule/arm64-apple-macos.swiftdoc /tmp/MYR175-Clean-Mac-DD/Build/Intermediates.noindex/MyRAM.build/Debug/MyRAMMacTests.build/Objects-normal/arm64/MyRAMMacTests.swiftdoc (in target 'MyRAMMacTests' from project 'MyRAM')
    cd /Users/runner/work/MyRAM-iOS/MyRAM-iOS/MyRAM-iOS
    builtin-copy -exclude .DS_Store -exclude CVS -exclude .svn -exclude .git -exclude .hg -resolve-src-symlinks -rename /tmp/MYR175-Clean-Mac-DD/Build/Intermediates.noindex/MyRAM.build/Debug/MyRAMMacTests.build/Objects-normal/arm64/MyRAMMacTests.swiftdoc /tmp/MYR175-Clean-Mac-DD/Build/Products/Debug/MyRAMMacTests.swiftmodule/arm64-apple-macos.swiftdoc

Copy /tmp/MYR175-Clean-Mac-DD/Build/Products/Debug/MyRAMMacTests.swiftmodule/arm64-apple-macos.abi.json /tmp/MYR175-Clean-Mac-DD/Build/Intermediates.noindex/MyRAM.build/Debug/MyRAMMacTests.build/Objects-normal/arm64/MyRAMMacTests.abi.json (in target 'MyRAMMacTests' from project 'MyRAM')
    cd /Users/runner/work/MyRAM-iOS/MyRAM-iOS/MyRAM-iOS
    builtin-copy -exclude .DS_Store -exclude CVS -exclude .svn -exclude .git -exclude .hg -resolve-src-symlinks -rename /tmp/MYR175-Clean-Mac-DD/Build/Intermediates.noindex/MyRAM.build/Debug/MyRAMMacTests.build/Objects-normal/arm64/MyRAMMacTests.abi.json /tmp/MYR175-Clean-Mac-DD/Build/Products/Debug/MyRAMMacTests.swiftmodule/arm64-apple-macos.abi.json

Copy /tmp/MYR175-Clean-Mac-DD/Build/Products/Debug/MyRAMMacTests.swiftmodule/Project/arm64-apple-macos.swiftsourceinfo /tmp/MYR175-Clean-Mac-DD/Build/Intermediates.noindex/MyRAM.build/Debug/MyRAMMacTests.build/Objects-normal/arm64/MyRAMMacTests.swiftsourceinfo (in target 'MyRAMMacTests' from project 'MyRAM')
    cd /Users/runner/work/MyRAM-iOS/MyRAM-iOS/MyRAM-iOS
    builtin-copy -exclude .DS_Store -exclude CVS -exclude .svn -exclude .git -exclude .hg -resolve-src-symlinks -rename /tmp/MYR175-Clean-Mac-DD/Build/Intermediates.noindex/MyRAM.build/Debug/MyRAMMacTests.build/Objects-normal/arm64/MyRAMMacTests.swiftsourceinfo /tmp/MYR175-Clean-Mac-DD/Build/Products/Debug/MyRAMMacTests.swiftmodule/Project/arm64-apple-macos.swiftsourceinfo

SwiftDriver\ Compilation MyRAMMac normal arm64 com.apple.xcode.tools.swift.compiler (in target 'MyRAMMac' from project 'MyRAM')
    cd /Users/runner/work/MyRAM-iOS/MyRAM-iOS/MyRAM-iOS
    builtin-Swift-Compilation -- /Applications/Xcode_26.5.app/Contents/Developer/Toolchains/XcodeDefault.xctoolchain/usr/bin/swiftc -module-name MyRAMMac -Onone @/tmp/MYR175-Clean-Mac-DD/Build/Intermediates.noindex/MyRAM.build/Debug/MyRAMMac.build/Objects-normal/arm64/MyRAMMac.SwiftFileList -DDEBUG -enable-bare-slash-regex -enable-experimental-feature DebugDescriptionMacro -sdk /Applications/Xcode_26.5.app/Contents/Developer/Platforms/MacOSX.platform/Developer/SDKs/MacOSX26.5.sdk -target arm64-apple-macos14.0 -g -module-cache-path /tmp/MYR175-Clean-Mac-DD/ModuleCache.noindex -Xfrontend -serialize-debugging-options -enable-testing -index-store-path /tmp/MYR175-Clean-Mac-DD/Index.noindex/DataStore -Xcc -D_LIBCPP_HARDENING_MODE\=_LIBCPP_HARDENING_MODE_DEBUG -swift-version 5 -I /tmp/MYR175-Clean-Mac-DD/Build/Products/Debug -F /tmp/MYR175-Clean-Mac-DD/Build/Products/Debug/PackageFrameworks -F /tmp/MYR175-Clean-Mac-DD/Build/Products/Debug/PackageFrameworks -F /tmp/MYR175-Clean-Mac-DD/Build/Products/Debug -emit-localized-strings -emit-localized-strings-path /tmp/MYR175-Clean-Mac-DD/Build/Intermediates.noindex/MyRAM.build/Debug/MyRAMMac.build/Objects-normal/arm64 -c -j3 -enable-batch-mode -incremental -Xcc -ivfsstatcache -Xcc /tmp/MYR175-Clean-Mac-DD/SDKStatCaches.noindex/macosx26.5-25F70-688ef53f1462e2c8f657fdc38a81448f3599ee76dc2a8020dfcb4b41ead48a8c.sdkstatcache -output-file-map /tmp/MYR175-Clean-Mac-DD/Build/Intermediates.noindex/MyRAM.build/Debug/MyRAMMac.build/Objects-normal/arm64/MyRAMMac-OutputFileMap.json -use-frontend-parseable-output -save-temps -no-color-diagnostics -explicit-module-build -module-cache-path /tmp/MYR175-Clean-Mac-DD/Build/Intermediates.noindex/SwiftExplicitPrecompiledModules -clang-scanner-module-cache-path /tmp/MYR175-Clean-Mac-DD/ModuleCache.noindex -sdk-module-cache-path /tmp/MYR175-Clean-Mac-DD/ModuleCache.noindex -serialize-diagnostics -emit-dependencies -emit-module -emit-module-path /tmp/MYR175-Clean-Mac-DD/Build/Intermediates.noindex/MyRAM.build/Debug/MyRAMMac.build/Objects-normal/arm64/MyRAMMac.swiftmodule -validate-clang-modules-once -clang-build-session-file /tmp/MYR175-Clean-Mac-DD/ModuleCache.noindex/Session.modulevalidation -Xcc -I/tmp/MYR175-Clean-Mac-DD/Build/Intermediates.noindex/MyRAM.build/Debug/MyRAMMac.build/swift-overrides.hmap -emit-const-values -Xfrontend -const-gather-protocols-file -Xfrontend /tmp/MYR175-Clean-Mac-DD/Build/Intermediates.noindex/MyRAM.build/Debug/MyRAMMac.build/Objects-normal/arm64/MyRAMMac_const_extract_protocols.json -Xcc -iquote -Xcc /tmp/MYR175-Clean-Mac-DD/Build/Intermediates.noindex/MyRAM.build/Debug/MyRAMMac.build/MyRAMMac-generated-files.hmap -Xcc -I/tmp/MYR175-Clean-Mac-DD/Build/Intermediates.noindex/MyRAM.build/Debug/MyRAMMac.build/MyRAMMac-own-target-headers.hmap -Xcc -I/tmp/MYR175-Clean-Mac-DD/Build/Intermediates.noindex/MyRAM.build/Debug/MyRAMMac.build/MyRAMMac-all-non-framework-target-headers.hmap -Xcc -ivfsoverlay -Xcc /tmp/MYR175-Clean-Mac-DD/Build/Intermediates.noindex/MyRAM.build/Debug/MyRAM-98a9cbde253e8e955bc92731eb290203-VFS/all-product-headers.yaml -Xcc -iquote -Xcc /tmp/MYR175-Clean-Mac-DD/Build/Intermediates.noindex/MyRAM.build/Debug/MyRAMMac.build/MyRAMMac-project-headers.hmap -Xcc -I/tmp/MYR175-Clean-Mac-DD/Build/Products/Debug/include -Xcc -I/tmp/MYR175-Clean-Mac-DD/Build/Intermediates.noindex/MyRAM.build/Debug/MyRAMMac.build/DerivedSources-normal/arm64 -Xcc -I/tmp/MYR175-Clean-Mac-DD/Build/Intermediates.noindex/MyRAM.build/Debug/MyRAMMac.build/DerivedSources/arm64 -Xcc -I/tmp/MYR175-Clean-Mac-DD/Build/Intermediates.noindex/MyRAM.build/Debug/MyRAMMac.build/DerivedSources -Xcc -DDEBUG\=1 -emit-objc-header -emit-objc-header-path /tmp/MYR175-Clean-Mac-DD/Build/Intermediates.noindex/MyRAM.build/Debug/MyRAMMac.build/Objects-normal/arm64/MyRAMMac-Swift.h -working-directory /Users/runner/work/MyRAM-iOS/MyRAM-iOS/MyRAM-iOS -experimental-emit-module-separately -disable-cmo

Ld /tmp/MYR175-Clean-Mac-DD/Build/Products/Debug/MyRAMMac.app/Contents/MacOS/MyRAMMac.debug.dylib normal (in target 'MyRAMMac' from project 'MyRAM')
    cd /Users/runner/work/MyRAM-iOS/MyRAM-iOS/MyRAM-iOS
    /Applications/Xcode_26.5.app/Contents/Developer/Toolchains/XcodeDefault.xctoolchain/usr/bin/clang -Xlinker -reproducible -target arm64-apple-macos14.0 -dynamiclib -isysroot /Applications/Xcode_26.5.app/Contents/Developer/Platforms/MacOSX.platform/Developer/SDKs/MacOSX26.5.sdk -O0 -L/tmp/MYR175-Clean-Mac-DD/Build/Intermediates.noindex/EagerLinkingTBDs/Debug -L/tmp/MYR175-Clean-Mac-DD/Build/Products/Debug -F/tmp/MYR175-Clean-Mac-DD/Build/Intermediates.noindex/EagerLinkingTBDs/Debug -F/tmp/MYR175-Clean-Mac-DD/Build/Products/Debug/PackageFrameworks -F/tmp/MYR175-Clean-Mac-DD/Build/Products/Debug/PackageFrameworks -F/tmp/MYR175-Clean-Mac-DD/Build/Products/Debug -filelist /tmp/MYR175-Clean-Mac-DD/Build/Intermediates.noindex/MyRAM.build/Debug/MyRAMMac.build/Objects-normal/arm64/MyRAMMac.LinkFileList -install_name @rpath/MyRAMMac.debug.dylib -Xlinker -rpath -Xlinker /usr/lib/swift -Xlinker -rpath -Xlinker /tmp/MYR175-Clean-Mac-DD/Build/Products/Debug/PackageFrameworks -Xlinker -rpath -Xlinker @executable_path/../Frameworks -Xlinker -object_path_lto -Xlinker /tmp/MYR175-Clean-Mac-DD/Build/Intermediates.noindex/MyRAM.build/Debug/MyRAMMac.build/Objects-normal/arm64/MyRAMMac_lto.o -rdynamic -Xlinker -no_deduplicate -Xlinker -dependency_info -Xlinker /tmp/MYR175-Clean-Mac-DD/Build/Intermediates.noindex/MyRAM.build/Debug/MyRAMMac.build/Objects-normal/arm64/MyRAMMac_dependency_info.dat -fobjc-link-runtime -L/Applications/Xcode_26.5.app/Contents/Developer/Toolchains/XcodeDefault.xctoolchain/usr/lib/swift/macosx -L/usr/lib/swift -Xlinker -add_ast_path -Xlinker /tmp/MYR175-Clean-Mac-DD/Build/Intermediates.noindex/MyRAM.build/Debug/MyRAMMac.build/Objects-normal/arm64/MyRAMMac.swiftmodule @/tmp/MYR175-Clean-Mac-DD/Build/Intermediates.noindex/MyRAM.build/Debug/MyRAMMac.build/Objects-normal/arm64/MyRAMMac-linker-args.resp -Wl,-no_warn_duplicate_libraries -Wl,-no_warn_duplicate_libraries -Xlinker -alias -Xlinker _main -Xlinker ___debug_main_executable_dylib_entry_point /tmp/MYR175-Clean-Mac-DD/Build/Products/Debug/PackageFrameworks/AnchoredSequenceCore_-65B9EEE52AB2106_PackageProduct.framework/Versions/A/AnchoredSequenceCore_-65B9EEE52AB2106_PackageProduct -Xlinker -no_adhoc_codesign -o /tmp/MYR175-Clean-Mac-DD/Build/Products/Debug/MyRAMMac.app/Contents/MacOS/MyRAMMac.debug.dylib -Xlinker -add_ast_path -Xlinker /tmp/MYR175-Clean-Mac-DD/Build/Intermediates.noindex/NearbySyncCore.build/Debug/NearbySyncCore.build/Objects-normal/arm64/NearbySyncCore.swiftmodule @/tmp/MYR175-Clean-Mac-DD/Build/Intermediates.noindex/NearbySyncCore.build/Debug/NearbySyncCore.build/Objects-normal/arm64/NearbySyncCore-linker-args.resp

ConstructStubExecutorLinkFileList /tmp/MYR175-Clean-Mac-DD/Build/Intermediates.noindex/MyRAM.build/Debug/MyRAMMac.build/MyRAMMac-ExecutorLinkFileList-normal-arm64.txt (in target 'MyRAMMac' from project 'MyRAM')
    cd /Users/runner/work/MyRAM-iOS/MyRAM-iOS/MyRAM-iOS
    construct-stub-executor-link-file-list /tmp/MYR175-Clean-Mac-DD/Build/Products/Debug/MyRAMMac.app/Contents/MacOS/MyRAMMac.debug.dylib /Applications/Xcode_26.5.app/Contents/Developer/Platforms/MacOSX.platform/Developer/usr/lib/libPreviewsJITStubExecutor_no_swift_entry_point.a /Applications/Xcode_26.5.app/Contents/Developer/Platforms/MacOSX.platform/Developer/usr/lib/libPreviewsJITStubExecutor.a --output /tmp/MYR175-Clean-Mac-DD/Build/Intermediates.noindex/MyRAM.build/Debug/MyRAMMac.build/MyRAMMac-ExecutorLinkFileList-normal-arm64.txt
note: Using stub executor library with Swift entry point. (in target 'MyRAMMac' from project 'MyRAM')

Ld /tmp/MYR175-Clean-Mac-DD/Build/Products/Debug/MyRAMMac.app/Contents/MacOS/MyRAMMac normal (in target 'MyRAMMac' from project 'MyRAM')
    cd /Users/runner/work/MyRAM-iOS/MyRAM-iOS/MyRAM-iOS
    /Applications/Xcode_26.5.app/Contents/Developer/Toolchains/XcodeDefault.xctoolchain/usr/bin/clang -Xlinker -reproducible -target arm64-apple-macos14.0 -isysroot /Applications/Xcode_26.5.app/Contents/Developer/Platforms/MacOSX.platform/Developer/SDKs/MacOSX26.5.sdk -O0 -L/tmp/MYR175-Clean-Mac-DD/Build/Products/Debug -F/tmp/MYR175-Clean-Mac-DD/Build/Products/Debug/PackageFrameworks -F/tmp/MYR175-Clean-Mac-DD/Build/Products/Debug/PackageFrameworks -F/tmp/MYR175-Clean-Mac-DD/Build/Products/Debug -Xlinker -rpath -Xlinker @executable_path -Xlinker -rpath -Xlinker /tmp/MYR175-Clean-Mac-DD/Build/Products/Debug/PackageFrameworks -Xlinker -rpath -Xlinker @executable_path/../Frameworks -rdynamic -Xlinker -no_deduplicate -e ___debug_blank_executor_main -Xlinker -sectcreate -Xlinker __TEXT -Xlinker __debug_dylib -Xlinker /tmp/MYR175-Clean-Mac-DD/Build/Intermediates.noindex/MyRAM.build/Debug/MyRAMMac.build/MyRAMMac-DebugDylibPath-normal-arm64.txt -Xlinker -sectcreate -Xlinker __TEXT -Xlinker __debug_instlnm -Xlinker /tmp/MYR175-Clean-Mac-DD/Build/Intermediates.noindex/MyRAM.build/Debug/MyRAMMac.build/MyRAMMac-DebugDylibInstallName-normal-arm64.txt -Xlinker -filelist -Xlinker /tmp/MYR175-Clean-Mac-DD/Build/Intermediates.noindex/MyRAM.build/Debug/MyRAMMac.build/MyRAMMac-ExecutorLinkFileList-normal-arm64.txt /tmp/MYR175-Clean-Mac-DD/Build/Products/Debug/MyRAMMac.app/Contents/MacOS/MyRAMMac.debug.dylib -Xlinker -no_adhoc_codesign -o /tmp/MYR175-Clean-Mac-DD/Build/Products/Debug/MyRAMMac.app/Contents/MacOS/MyRAMMac

Copy /tmp/MYR175-Clean-Mac-DD/Build/Products/Debug/MyRAMMac.app/Contents/PlugIns/MyRAMMacWidgetExtension.appex /tmp/MYR175-Clean-Mac-DD/Build/Products/Debug/MyRAMMacWidgetExtension.appex (in target 'MyRAMMac' from project 'MyRAM')
    cd /Users/runner/work/MyRAM-iOS/MyRAM-iOS/MyRAM-iOS
    builtin-copy -exclude .DS_Store -exclude CVS -exclude .svn -exclude .git -exclude .hg -exclude Headers -exclude PrivateHeaders -exclude Modules -exclude \*.tbd -resolve-src-symlinks -remove-static-executable /tmp/MYR175-Clean-Mac-DD/Build/Products/Debug/MyRAMMacWidgetExtension.appex /tmp/MYR175-Clean-Mac-DD/Build/Products/Debug/MyRAMMac.app/Contents/PlugIns

ProcessInfoPlistFile /tmp/MYR175-Clean-Mac-DD/Build/Products/Debug/MyRAMMac.app/Contents/Info.plist /Users/runner/work/MyRAM-iOS/MyRAM-iOS/MyRAM-iOS/MyRAM/Mac/Info.plist (in target 'MyRAMMac' from project 'MyRAM')
    cd /Users/runner/work/MyRAM-iOS/MyRAM-iOS/MyRAM-iOS
    builtin-infoPlistUtility /Users/runner/work/MyRAM-iOS/MyRAM-iOS/MyRAM-iOS/MyRAM/Mac/Info.plist -producttype com.apple.product-type.application -genpkginfo /tmp/MYR175-Clean-Mac-DD/Build/Products/Debug/MyRAMMac.app/Contents/PkgInfo -expandbuildsettings -platform macosx -additionalcontentfile /tmp/MYR175-Clean-Mac-DD/Build/Intermediates.noindex/MyRAM.build/Debug/MyRAMMac.build/assetcatalog_generated_info.plist -scanforprivacyfile /tmp/MYR175-Clean-Mac-DD/Build/Products/Debug/MyRAMMac.app/Contents/Frameworks/AnchoredSequenceCore_-65B9EEE52AB2106_PackageProduct.framework -scanforprivacyfile /tmp/MYR175-Clean-Mac-DD/Build/Products/Debug/MyRAMMac.app/Contents/PlugIns/MyRAMMacWidgetExtension.appex -o /tmp/MYR175-Clean-Mac-DD/Build/Products/Debug/MyRAMMac.app/Contents/Info.plist

ExtractAppIntentsMetadata (in target 'MyRAMMac' from project 'MyRAM')
    cd /Users/runner/work/MyRAM-iOS/MyRAM-iOS/MyRAM-iOS
    /Applications/Xcode_26.5.app/Contents/Developer/Toolchains/XcodeDefault.xctoolchain/usr/bin/appintentsmetadataprocessor --toolchain-dir /var/run/com.apple.security.cryptexd/mnt/com.apple.MobileAsset.MetalToolchain-v17.6.42.0.97yE86/Metal.xctoolchain --module-name MyRAMMac --sdk-root /Applications/Xcode_26.5.app/Contents/Developer/Platforms/MacOSX.platform/Developer/SDKs/MacOSX26.5.sdk --xcode-version 17F42 --platform-family macOS --deployment-target 14.0 --bundle-identifier com.northsignalstudio.myram.mac.dev --output /tmp/MYR175-Clean-Mac-DD/Build/Products/Debug/MyRAMMac.app/Contents/Resources --target-triple arm64-apple-macos14.0 --binary-file /tmp/MYR175-Clean-Mac-DD/Build/Products/Debug/MyRAMMac.app/Contents/MacOS/MyRAMMac --dependency-file /tmp/MYR175-Clean-Mac-DD/Build/Intermediates.noindex/MyRAM.build/Debug/MyRAMMac.build/Objects-normal/arm64/MyRAMMac_dependency_info.dat --stringsdata-file /tmp/MYR175-Clean-Mac-DD/Build/Intermediates.noindex/MyRAM.build/Debug/MyRAMMac.build/Objects-normal/arm64/ExtractedAppShortcutsMetadata.stringsdata --source-file-list /tmp/MYR175-Clean-Mac-DD/Build/Intermediates.noindex/MyRAM.build/Debug/MyRAMMac.build/Objects-normal/arm64/MyRAMMac.SwiftFileList --metadata-file-list /tmp/MYR175-Clean-Mac-DD/Build/Intermediates.noindex/MyRAM.build/Debug/MyRAMMac.build/MyRAMMac.DependencyMetadataFileList --static-metadata-file-list /tmp/MYR175-Clean-Mac-DD/Build/Intermediates.noindex/MyRAM.build/Debug/MyRAMMac.build/MyRAMMac.DependencyStaticMetadataFileList --swift-const-vals-list /tmp/MYR175-Clean-Mac-DD/Build/Intermediates.noindex/MyRAM.build/Debug/MyRAMMac.build/Objects-normal/arm64/MyRAMMac.SwiftConstValuesFileList --compile-time-extraction --deployment-aware-processing --validate-assistant-intents --no-app-shortcuts-localization
2026-08-04 16:50:01.886 appintentsmetadataprocessor[13088:38540] Starting appintentsmetadataprocessor export
2026-08-04 16:50:01.954 appintentsmetadataprocessor[13088:38540] Extracted no relevant App Intents symbols, skipping writing output

CopySwiftLibs /tmp/MYR175-Clean-Mac-DD/Build/Products/Debug/MyRAMMac.app (in target 'MyRAMMac' from project 'MyRAM')
    cd /Users/runner/work/MyRAM-iOS/MyRAM-iOS/MyRAM-iOS
    builtin-swiftStdLibTool --copy --verbose --sign - --scan-executable /tmp/MYR175-Clean-Mac-DD/Build/Products/Debug/MyRAMMac.app/Contents/MacOS/MyRAMMac.debug.dylib --scan-folder /tmp/MYR175-Clean-Mac-DD/Build/Products/Debug/MyRAMMac.app/Contents/Frameworks --scan-folder /tmp/MYR175-Clean-Mac-DD/Build/Products/Debug/MyRAMMac.app/Contents/PlugIns --scan-folder /tmp/MYR175-Clean-Mac-DD/Build/Products/Debug/MyRAMMac.app/Contents/Library/SystemExtensions --scan-folder /tmp/MYR175-Clean-Mac-DD/Build/Products/Debug/MyRAMMac.app/Contents/Extensions --scan-folder /tmp/MYR175-Clean-Mac-DD/Build/Products/Debug/PackageFrameworks/AnchoredSequenceCore_-65B9EEE52AB2106_PackageProduct.framework --platform macosx --toolchain /var/run/com.apple.security.cryptexd/mnt/com.apple.MobileAsset.MetalToolchain-v17.6.42.0.97yE86/Metal.xctoolchain --toolchain /Applications/Xcode_26.5.app/Contents/Developer/Toolchains/XcodeDefault.xctoolchain --destination /tmp/MYR175-Clean-Mac-DD/Build/Products/Debug/MyRAMMac.app/Contents/Frameworks --strip-bitcode --strip-bitcode-tool /Applications/Xcode_26.5.app/Contents/Developer/Toolchains/XcodeDefault.xctoolchain/usr/bin/bitcode_strip --emit-dependency-info /tmp/MYR175-Clean-Mac-DD/Build/Intermediates.noindex/MyRAM.build/Debug/MyRAMMac.build/SwiftStdLibToolInputDependencies.dep --filter-for-swift-os --back-deploy-swift-span

ProcessInfoPlistFile /tmp/MYR175-Clean-Mac-DD/Build/Products/Debug/MyRAMMac.app/Contents/PlugIns/MyRAMMacTests.xctest/Contents/Info.plist /tmp/MYR175-Clean-Mac-DD/Build/Intermediates.noindex/MyRAM.build/Debug/MyRAMMacTests.build/empty-MyRAMMacTests.plist (in target 'MyRAMMacTests' from project 'MyRAM')
    cd /Users/runner/work/MyRAM-iOS/MyRAM-iOS/MyRAM-iOS
    builtin-infoPlistUtility /tmp/MYR175-Clean-Mac-DD/Build/Intermediates.noindex/MyRAM.build/Debug/MyRAMMacTests.build/empty-MyRAMMacTests.plist -producttype com.apple.product-type.bundle.unit-test -expandbuildsettings -platform macosx -o /tmp/MYR175-Clean-Mac-DD/Build/Products/Debug/MyRAMMac.app/Contents/PlugIns/MyRAMMacTests.xctest/Contents/Info.plist

Copy /tmp/MYR175-Clean-Mac-DD/Build/Products/Debug/MyRAMMac.app/Contents/PlugIns/MyRAMMacTests.xctest/Contents/Frameworks/AnchoredSequenceCore_-65B9EEE52AB2106_PackageProduct.framework /tmp/MYR175-Clean-Mac-DD/Build/Products/Debug/PackageFrameworks/AnchoredSequenceCore_-65B9EEE52AB2106_PackageProduct.framework (in target 'MyRAMMacTests' from project 'MyRAM')
    cd /Users/runner/work/MyRAM-iOS/MyRAM-iOS/MyRAM-iOS
    builtin-copy -exclude .DS_Store -exclude CVS -exclude .svn -exclude .git -exclude .hg -resolve-src-symlinks -remove-static-executable /tmp/MYR175-Clean-Mac-DD/Build/Products/Debug/PackageFrameworks/AnchoredSequenceCore_-65B9EEE52AB2106_PackageProduct.framework /tmp/MYR175-Clean-Mac-DD/Build/Products/Debug/MyRAMMac.app/Contents/PlugIns/MyRAMMacTests.xctest/Contents/Frameworks

CodeSign /tmp/MYR175-Clean-Mac-DD/Build/Products/Debug/MyRAMMac.app/Contents/PlugIns/MyRAMMacTests.xctest/Contents/Frameworks/AnchoredSequenceCore_-65B9EEE52AB2106_PackageProduct.framework/Versions/A (in target 'MyRAMMacTests' from project 'MyRAM')
    cd /Users/runner/work/MyRAM-iOS/MyRAM-iOS/MyRAM-iOS
    
    Signing Identity:     "Sign to Run Locally"
    
    /usr/bin/codesign --force --sign - --timestamp\=none --preserve-metadata\=identifier,entitlements,flags --generate-entitlement-der /tmp/MYR175-Clean-Mac-DD/Build/Products/Debug/MyRAMMac.app/Contents/PlugIns/MyRAMMacTests.xctest/Contents/Frameworks/AnchoredSequenceCore_-65B9EEE52AB2106_PackageProduct.framework/Versions/A
/tmp/MYR175-Clean-Mac-DD/Build/Products/Debug/MyRAMMac.app/Contents/PlugIns/MyRAMMacTests.xctest/Contents/Frameworks/AnchoredSequenceCore_-65B9EEE52AB2106_PackageProduct.framework/Versions/A: replacing existing signature

SwiftDriverJobDiscovery normal arm64 Compiling MarkdownFileIOTests.swift, SwiftDataNoteSequenceStateStoreTests.swift, NoteSequenceStateFullBodyIntegrationTests.swift, NoteSequenceStateBootstrapMigratorTests.swift, MYR170MacFullBodyPathIntegrationTests.swift, MacStartupCoordinatorTests.swift, MyRAMSyncOperationIDAllocatorTests.swift, MacEditorSampleDocumentTests.swift, MacEditorSelectionMapperTests.swift, MacRemoteInsertionAttributePolicyTests.swift, MacIncomingSyncApplicationPolicyTests.swift, MacEditorSyncBridgeTests.swift, MacNotePersistenceAdapterTests.swift (in target 'MyRAMMacTests' from project 'MyRAM')

SwiftDriverJobDiscovery normal arm64 Compiling MacExplicitDeleteProvenanceTests.swift, MacSyncBatchControllerTests.swift, MacSyncConvergencePresentationAdapterTests.swift, MacSyncConvergenceCoordinatorTests.swift, MacSyncIncomingLocalBoundaryTests.swift, MacLegacySyncReceiverTests.swift, SyncBatchUnsentQueueTests.swift, SyncConvergencePlanningTests.swift, SyncConvergenceRewriteSafetyPolicyTests.swift, SyncConvergenceIncorporationTests.swift, SyncConvergencePostCommitTests.swift, SyncConvergencePostCommitTestDoubles.swift, SyncConvergenceIdentityTestSupport.swift (in target 'MyRAMMacTests' from project 'MyRAM')

SwiftDriver\ Compilation MyRAMMacTests normal arm64 com.apple.xcode.tools.swift.compiler (in target 'MyRAMMacTests' from project 'MyRAM')
    cd /Users/runner/work/MyRAM-iOS/MyRAM-iOS/MyRAM-iOS
    builtin-Swift-Compilation -- /Applications/Xcode_26.5.app/Contents/Developer/Toolchains/XcodeDefault.xctoolchain/usr/bin/swiftc -module-name MyRAMMacTests -Onone @/tmp/MYR175-Clean-Mac-DD/Build/Intermediates.noindex/MyRAM.build/Debug/MyRAMMacTests.build/Objects-normal/arm64/MyRAMMacTests.SwiftFileList -DDEBUG -plugin-path /Applications/Xcode_26.5.app/Contents/Developer/Toolchains/XcodeDefault.xctoolchain/usr/lib/swift/host/plugins/testing -enable-bare-slash-regex -enable-experimental-feature DebugDescriptionMacro -sdk /Applications/Xcode_26.5.app/Contents/Developer/Platforms/MacOSX.platform/Developer/SDKs/MacOSX26.5.sdk -target arm64-apple-macos14.0 -g -module-cache-path /tmp/MYR175-Clean-Mac-DD/ModuleCache.noindex -Xfrontend -serialize-debugging-options -enable-testing -index-store-path /tmp/MYR175-Clean-Mac-DD/Index.noindex/DataStore -Xcc -D_LIBCPP_HARDENING_MODE\=_LIBCPP_HARDENING_MODE_DEBUG -swift-version 5 -I /tmp/MYR175-Clean-Mac-DD/Build/Products/Debug -Isystem /Applications/Xcode_26.5.app/Contents/Developer/Platforms/MacOSX.platform/Developer/usr/lib -F /tmp/MYR175-Clean-Mac-DD/Build/Products/Debug/PackageFrameworks -F /tmp/MYR175-Clean-Mac-DD/Build/Products/Debug/PackageFrameworks -F /tmp/MYR175-Clean-Mac-DD/Build/Products/Debug/PackageFrameworks -F /tmp/MYR175-Clean-Mac-DD/Build/Products/Debug -F /Applications/Xcode_26.5.app/Contents/Developer/Platforms/MacOSX.platform/Developer/Library/Frameworks -c -j3 -enable-batch-mode -incremental -Xcc -ivfsstatcache -Xcc /tmp/MYR175-Clean-Mac-DD/SDKStatCaches.noindex/macosx26.5-25F70-688ef53f1462e2c8f657fdc38a81448f3599ee76dc2a8020dfcb4b41ead48a8c.sdkstatcache -output-file-map /tmp/MYR175-Clean-Mac-DD/Build/Intermediates.noindex/MyRAM.build/Debug/MyRAMMacTests.build/Objects-normal/arm64/MyRAMMacTests-OutputFileMap.json -use-frontend-parseable-output -save-temps -no-color-diagnostics -explicit-module-build -module-cache-path /tmp/MYR175-Clean-Mac-DD/Build/Intermediates.noindex/SwiftExplicitPrecompiledModules -clang-scanner-module-cache-path /tmp/MYR175-Clean-Mac-DD/ModuleCache.noindex -sdk-module-cache-path /tmp/MYR175-Clean-Mac-DD/ModuleCache.noindex -serialize-diagnostics -emit-dependencies -emit-module -emit-module-path /tmp/MYR175-Clean-Mac-DD/Build/Intermediates.noindex/MyRAM.build/Debug/MyRAMMacTests.build/Objects-normal/arm64/MyRAMMacTests.swiftmodule -validate-clang-modules-once -clang-build-session-file /tmp/MYR175-Clean-Mac-DD/ModuleCache.noindex/Session.modulevalidation -Xcc -I/tmp/MYR175-Clean-Mac-DD/Build/Intermediates.noindex/MyRAM.build/Debug/MyRAMMacTests.build/swift-overrides.hmap -emit-const-values -Xfrontend -const-gather-protocols-file -Xfrontend /tmp/MYR175-Clean-Mac-DD/Build/Intermediates.noindex/MyRAM.build/Debug/MyRAMMacTests.build/Objects-normal/arm64/MyRAMMacTests_const_extract_protocols.json -Xcc -iquote -Xcc /tmp/MYR175-Clean-Mac-DD/Build/Intermediates.noindex/MyRAM.build/Debug/MyRAMMacTests.build/MyRAMMacTests-generated-files.hmap -Xcc -I/tmp/MYR175-Clean-Mac-DD/Build/Intermediates.noindex/MyRAM.build/Debug/MyRAMMacTests.build/MyRAMMacTests-own-target-headers.hmap -Xcc -I/tmp/MYR175-Clean-Mac-DD/Build/Intermediates.noindex/MyRAM.build/Debug/MyRAMMacTests.build/MyRAMMacTests-all-non-framework-target-headers.hmap -Xcc -ivfsoverlay -Xcc /tmp/MYR175-Clean-Mac-DD/Build/Intermediates.noindex/MyRAM.build/Debug/MyRAM-98a9cbde253e8e955bc92731eb290203-VFS/all-product-headers.yaml -Xcc -iquote -Xcc /tmp/MYR175-Clean-Mac-DD/Build/Intermediates.noindex/MyRAM.build/Debug/MyRAMMacTests.build/MyRAMMacTests-project-headers.hmap -Xcc -I/tmp/MYR175-Clean-Mac-DD/Build/Products/Debug/include -Xcc -I/tmp/MYR175-Clean-Mac-DD/Build/Intermediates.noindex/MyRAM.build/Debug/MyRAMMacTests.build/DerivedSources-normal/arm64 -Xcc -I/tmp/MYR175-Clean-Mac-DD/Build/Intermediates.noindex/MyRAM.build/Debug/MyRAMMacTests.build/DerivedSources/arm64 -Xcc -I/tmp/MYR175-Clean-Mac-DD/Build/Intermediates.noindex/MyRAM.build/Debug/MyRAMMacTests.build/DerivedSources -Xcc -DDEBUG\=1 -emit-objc-header -emit-objc-header-path /tmp/MYR175-Clean-Mac-DD/Build/Intermediates.noindex/MyRAM.build/Debug/MyRAMMacTests.build/Objects-normal/arm64/MyRAMMacTests-Swift.h -working-directory /Users/runner/work/MyRAM-iOS/MyRAM-iOS/MyRAM-iOS -experimental-emit-module-separately -disable-cmo

Ld /tmp/MYR175-Clean-Mac-DD/Build/Products/Debug/MyRAMMac.app/Contents/PlugIns/MyRAMMacTests.xctest/Contents/MacOS/MyRAMMacTests normal (in target 'MyRAMMacTests' from project 'MyRAM')
    cd /Users/runner/work/MyRAM-iOS/MyRAM-iOS/MyRAM-iOS
    /Applications/Xcode_26.5.app/Contents/Developer/Toolchains/XcodeDefault.xctoolchain/usr/bin/clang -Xlinker -reproducible -target arm64-apple-macos14.0 -bundle -isysroot /Applications/Xcode_26.5.app/Contents/Developer/Platforms/MacOSX.platform/Developer/SDKs/MacOSX26.5.sdk -O0 -L/tmp/MYR175-Clean-Mac-DD/Build/Intermediates.noindex/EagerLinkingTBDs/Debug -L/tmp/MYR175-Clean-Mac-DD/Build/Products/Debug -L/Applications/Xcode_26.5.app/Contents/Developer/Platforms/MacOSX.platform/Developer/usr/lib -F/tmp/MYR175-Clean-Mac-DD/Build/Intermediates.noindex/EagerLinkingTBDs/Debug -F/tmp/MYR175-Clean-Mac-DD/Build/Products/Debug/PackageFrameworks -F/tmp/MYR175-Clean-Mac-DD/Build/Products/Debug/PackageFrameworks -F/tmp/MYR175-Clean-Mac-DD/Build/Products/Debug/PackageFrameworks -F/tmp/MYR175-Clean-Mac-DD/Build/Products/Debug -iframework /Applications/Xcode_26.5.app/Contents/Developer/Platforms/MacOSX.platform/Developer/Library/Frameworks -filelist /tmp/MYR175-Clean-Mac-DD/Build/Intermediates.noindex/MyRAM.build/Debug/MyRAMMacTests.build/Objects-normal/arm64/MyRAMMacTests.LinkFileList -Xlinker -rpath -Xlinker /usr/lib/swift -Xlinker -rpath -Xlinker /tmp/MYR175-Clean-Mac-DD/Build/Products/Debug/PackageFrameworks -Xlinker -rpath -Xlinker @loader_path/../Frameworks -Xlinker -rpath -Xlinker @executable_path/../Frameworks -bundle_loader /tmp/MYR175-Clean-Mac-DD/Build/Products/Debug/MyRAMMac.app/Contents/MacOS/MyRAMMac -Xlinker -object_path_lto -Xlinker /tmp/MYR175-Clean-Mac-DD/Build/Intermediates.noindex/MyRAM.build/Debug/MyRAMMacTests.build/Objects-normal/arm64/MyRAMMacTests_lto.o -rdynamic -Xlinker -no_deduplicate -Xlinker -dependency_info -Xlinker /tmp/MYR175-Clean-Mac-DD/Build/Intermediates.noindex/MyRAM.build/Debug/MyRAMMacTests.build/Objects-normal/arm64/MyRAMMacTests_dependency_info.dat -fobjc-link-runtime -L/Applications/Xcode_26.5.app/Contents/Developer/Toolchains/XcodeDefault.xctoolchain/usr/lib/swift/macosx -L/usr/lib/swift -Xlinker -add_ast_path -Xlinker /tmp/MYR175-Clean-Mac-DD/Build/Intermediates.noindex/MyRAM.build/Debug/MyRAMMacTests.build/Objects-normal/arm64/MyRAMMacTests.swiftmodule @/tmp/MYR175-Clean-Mac-DD/Build/Intermediates.noindex/MyRAM.build/Debug/MyRAMMacTests.build/Objects-normal/arm64/MyRAMMacTests-linker-args.resp -Wl,-no_warn_duplicate_libraries -Wl,-no_warn_duplicate_libraries -Wl,-no_warn_duplicate_libraries -Xlinker -needed_framework -Xlinker XCTest -framework XCTest -Xlinker -needed-lXCTestSwiftSupport -lXCTestSwiftSupport /tmp/MYR175-Clean-Mac-DD/Build/Products/Debug/PackageFrameworks/AnchoredSequenceCore_-65B9EEE52AB2106_PackageProduct.framework/Versions/A/AnchoredSequenceCore_-65B9EEE52AB2106_PackageProduct /tmp/MYR175-Clean-Mac-DD/Build/Products/Debug/MyRAMMac.app/Contents/MacOS/MyRAMMac.debug.dylib -Xlinker -no_adhoc_codesign -o /tmp/MYR175-Clean-Mac-DD/Build/Products/Debug/MyRAMMac.app/Contents/PlugIns/MyRAMMacTests.xctest/Contents/MacOS/MyRAMMacTests

ExtractAppIntentsMetadata (in target 'MyRAMMacTests' from project 'MyRAM')
    cd /Users/runner/work/MyRAM-iOS/MyRAM-iOS/MyRAM-iOS
    /Applications/Xcode_26.5.app/Contents/Developer/Toolchains/XcodeDefault.xctoolchain/usr/bin/appintentsmetadataprocessor --toolchain-dir /var/run/com.apple.security.cryptexd/mnt/com.apple.MobileAsset.MetalToolchain-v17.6.42.0.97yE86/Metal.xctoolchain --module-name MyRAMMacTests --sdk-root /Applications/Xcode_26.5.app/Contents/Developer/Platforms/MacOSX.platform/Developer/SDKs/MacOSX26.5.sdk --xcode-version 17F42 --platform-family macOS --deployment-target 14.0 --bundle-identifier com.northsignalstudio.myram.mac.tests --output /tmp/MYR175-Clean-Mac-DD/Build/Products/Debug/MyRAMMac.app/Contents/PlugIns/MyRAMMacTests.xctest/Contents/Resources --target-triple arm64-apple-macos14.0 --binary-file /tmp/MYR175-Clean-Mac-DD/Build/Products/Debug/MyRAMMac.app/Contents/PlugIns/MyRAMMacTests.xctest/Contents/MacOS/MyRAMMacTests --dependency-file /tmp/MYR175-Clean-Mac-DD/Build/Intermediates.noindex/MyRAM.build/Debug/MyRAMMacTests.build/Objects-normal/arm64/MyRAMMacTests_dependency_info.dat --stringsdata-file /tmp/MYR175-Clean-Mac-DD/Build/Intermediates.noindex/MyRAM.build/Debug/MyRAMMacTests.build/Objects-normal/arm64/ExtractedAppShortcutsMetadata.stringsdata --source-file-list /tmp/MYR175-Clean-Mac-DD/Build/Intermediates.noindex/MyRAM.build/Debug/MyRAMMacTests.build/Objects-normal/arm64/MyRAMMacTests.SwiftFileList --metadata-file-list /tmp/MYR175-Clean-Mac-DD/Build/Intermediates.noindex/MyRAM.build/Debug/MyRAMMacTests.build/MyRAMMacTests.DependencyMetadataFileList --static-metadata-file-list /tmp/MYR175-Clean-Mac-DD/Build/Intermediates.noindex/MyRAM.build/Debug/MyRAMMacTests.build/MyRAMMacTests.DependencyStaticMetadataFileList --swift-const-vals-list /tmp/MYR175-Clean-Mac-DD/Build/Intermediates.noindex/MyRAM.build/Debug/MyRAMMacTests.build/Objects-normal/arm64/MyRAMMacTests.SwiftConstValuesFileList --compile-time-extraction --deployment-aware-processing --validate-assistant-intents --no-app-shortcuts-localization
2026-08-04 16:50:09.963 appintentsmetadataprocessor[13525:39533] Starting appintentsmetadataprocessor export
2026-08-04 16:50:09.973 appintentsmetadataprocessor[13525:39533] Extracted no relevant App Intents symbols, skipping writing output

CopySwiftLibs /tmp/MYR175-Clean-Mac-DD/Build/Products/Debug/MyRAMMac.app/Contents/PlugIns/MyRAMMacTests.xctest (in target 'MyRAMMacTests' from project 'MyRAM')
    cd /Users/runner/work/MyRAM-iOS/MyRAM-iOS/MyRAM-iOS
    builtin-swiftStdLibTool --copy --verbose --sign - --scan-executable /tmp/MYR175-Clean-Mac-DD/Build/Products/Debug/MyRAMMac.app/Contents/PlugIns/MyRAMMacTests.xctest/Contents/MacOS/MyRAMMacTests --scan-folder /tmp/MYR175-Clean-Mac-DD/Build/Products/Debug/MyRAMMac.app/Contents/PlugIns/MyRAMMacTests.xctest/Contents/Frameworks --scan-folder /tmp/MYR175-Clean-Mac-DD/Build/Products/Debug/MyRAMMac.app/Contents/PlugIns/MyRAMMacTests.xctest/Contents/PlugIns --scan-folder /tmp/MYR175-Clean-Mac-DD/Build/Products/Debug/MyRAMMac.app/Contents/PlugIns/MyRAMMacTests.xctest/Contents/Library/SystemExtensions --scan-folder /tmp/MYR175-Clean-Mac-DD/Build/Products/Debug/MyRAMMac.app/Contents/PlugIns/MyRAMMacTests.xctest/Contents/Extensions --scan-folder /tmp/MYR175-Clean-Mac-DD/Build/Products/Debug/PackageFrameworks/AnchoredSequenceCore_-65B9EEE52AB2106_PackageProduct.framework --platform macosx --toolchain /var/run/com.apple.security.cryptexd/mnt/com.apple.MobileAsset.MetalToolchain-v17.6.42.0.97yE86/Metal.xctoolchain --toolchain /Applications/Xcode_26.5.app/Contents/Developer/Toolchains/XcodeDefault.xctoolchain --destination /tmp/MYR175-Clean-Mac-DD/Build/Products/Debug/MyRAMMac.app/Contents/PlugIns/MyRAMMacTests.xctest/Contents/Frameworks --strip-bitcode --scan-executable /Applications/Xcode_26.5.app/Contents/Developer/Platforms/MacOSX.platform/Developer/usr/lib/libXCTestSwiftSupport.dylib --strip-bitcode-tool /Applications/Xcode_26.5.app/Contents/Developer/Toolchains/XcodeDefault.xctoolchain/usr/bin/bitcode_strip --emit-dependency-info /tmp/MYR175-Clean-Mac-DD/Build/Intermediates.noindex/MyRAM.build/Debug/MyRAMMacTests.build/SwiftStdLibToolInputDependencies.dep --filter-for-swift-os --back-deploy-swift-span

CodeSign /tmp/MYR175-Clean-Mac-DD/Build/Products/Debug/MyRAMMac.app/Contents/PlugIns/MyRAMMacTests.xctest (in target 'MyRAMMacTests' from project 'MyRAM')
    cd /Users/runner/work/MyRAM-iOS/MyRAM-iOS/MyRAM-iOS
    
    Signing Identity:     "Sign to Run Locally"
    
    /usr/bin/codesign --force --sign - --timestamp\=none --generate-entitlement-der /tmp/MYR175-Clean-Mac-DD/Build/Products/Debug/MyRAMMac.app/Contents/PlugIns/MyRAMMacTests.xctest

RegisterExecutionPolicyException /tmp/MYR175-Clean-Mac-DD/Build/Products/Debug/MyRAMMac.app/Contents/PlugIns/MyRAMMacTests.xctest (in target 'MyRAMMacTests' from project 'MyRAM')
    cd /Users/runner/work/MyRAM-iOS/MyRAM-iOS/MyRAM-iOS
    builtin-RegisterExecutionPolicyException /tmp/MYR175-Clean-Mac-DD/Build/Products/Debug/MyRAMMac.app/Contents/PlugIns/MyRAMMacTests.xctest

Touch /tmp/MYR175-Clean-Mac-DD/Build/Products/Debug/MyRAMMac.app/Contents/PlugIns/MyRAMMacTests.xctest (in target 'MyRAMMacTests' from project 'MyRAM')
    cd /Users/runner/work/MyRAM-iOS/MyRAM-iOS/MyRAM-iOS
    /usr/bin/touch -c /tmp/MYR175-Clean-Mac-DD/Build/Products/Debug/MyRAMMac.app/Contents/PlugIns/MyRAMMacTests.xctest

CodeSign /tmp/MYR175-Clean-Mac-DD/Build/Products/Debug/MyRAMMac.app/Contents/MacOS/MyRAMMac.debug.dylib (in target 'MyRAMMac' from project 'MyRAM')
    cd /Users/runner/work/MyRAM-iOS/MyRAM-iOS/MyRAM-iOS
    
    Signing Identity:     "Sign to Run Locally"
    
    /usr/bin/codesign --force --sign - --timestamp\=none --generate-entitlement-der /tmp/MYR175-Clean-Mac-DD/Build/Products/Debug/MyRAMMac.app/Contents/MacOS/MyRAMMac.debug.dylib

CodeSign /tmp/MYR175-Clean-Mac-DD/Build/Products/Debug/MyRAMMac.app/Contents/MacOS/__preview.dylib (in target 'MyRAMMac' from project 'MyRAM')
    cd /Users/runner/work/MyRAM-iOS/MyRAM-iOS/MyRAM-iOS
    
    Signing Identity:     "Sign to Run Locally"
    
    /usr/bin/codesign --force --sign - --timestamp\=none --generate-entitlement-der /tmp/MYR175-Clean-Mac-DD/Build/Products/Debug/MyRAMMac.app/Contents/MacOS/__preview.dylib

CodeSign /tmp/MYR175-Clean-Mac-DD/Build/Products/Debug/MyRAMMac.app (in target 'MyRAMMac' from project 'MyRAM')
    cd /Users/runner/work/MyRAM-iOS/MyRAM-iOS/MyRAM-iOS
    
    Signing Identity:     "Sign to Run Locally"
    
    /usr/bin/codesign --force --sign - --entitlements /tmp/MYR175-Clean-Mac-DD/Build/Intermediates.noindex/MyRAM.build/Debug/MyRAMMac.build/MyRAMMac.app.xcent --timestamp\=none --generate-entitlement-der /tmp/MYR175-Clean-Mac-DD/Build/Products/Debug/MyRAMMac.app

ValidateEmbeddedBinary /tmp/MYR175-Clean-Mac-DD/Build/Products/Debug/MyRAMMac.app/Contents/PlugIns/MyRAMMacWidgetExtension.appex (in target 'MyRAMMac' from project 'MyRAM')
    cd /Users/runner/work/MyRAM-iOS/MyRAM-iOS/MyRAM-iOS
    /Applications/Xcode_26.5.app/Contents/Developer/usr/bin/embeddedBinaryValidationUtility /tmp/MYR175-Clean-Mac-DD/Build/Products/Debug/MyRAMMac.app/Contents/PlugIns/MyRAMMacWidgetExtension.appex -signing-cert - -info-plist-path /tmp/MYR175-Clean-Mac-DD/Build/Products/Debug/MyRAMMac.app/Contents/Info.plist

RegisterExecutionPolicyException /tmp/MYR175-Clean-Mac-DD/Build/Products/Debug/MyRAMMac.app (in target 'MyRAMMac' from project 'MyRAM')
    cd /Users/runner/work/MyRAM-iOS/MyRAM-iOS/MyRAM-iOS
    builtin-RegisterExecutionPolicyException /tmp/MYR175-Clean-Mac-DD/Build/Products/Debug/MyRAMMac.app

Validate /tmp/MYR175-Clean-Mac-DD/Build/Products/Debug/MyRAMMac.app (in target 'MyRAMMac' from project 'MyRAM')
    cd /Users/runner/work/MyRAM-iOS/MyRAM-iOS/MyRAM-iOS
    builtin-validationUtility /tmp/MYR175-Clean-Mac-DD/Build/Products/Debug/MyRAMMac.app -no-validate-extension -infoplist-subpath Contents/Info.plist

Touch /tmp/MYR175-Clean-Mac-DD/Build/Products/Debug/MyRAMMac.app (in target 'MyRAMMac' from project 'MyRAM')
    cd /Users/runner/work/MyRAM-iOS/MyRAM-iOS/MyRAM-iOS
    /usr/bin/touch -c /tmp/MYR175-Clean-Mac-DD/Build/Products/Debug/MyRAMMac.app

RegisterWithLaunchServices /tmp/MYR175-Clean-Mac-DD/Build/Products/Debug/MyRAMMac.app (in target 'MyRAMMac' from project 'MyRAM')
    cd /Users/runner/work/MyRAM-iOS/MyRAM-iOS/MyRAM-iOS
    /System/Library/Frameworks/CoreServices.framework/Versions/Current/Frameworks/LaunchServices.framework/Versions/Current/Support/lsregister -f -R -trusted /tmp/MYR175-Clean-Mac-DD/Build/Products/Debug/MyRAMMac.app

note: Disabling hardened runtime with ad-hoc codesigning. (in target 'MyRAMMacWidgetExtension' from project 'MyRAM')
note: Disabling hardened runtime with ad-hoc codesigning. (in target 'MyRAMMac' from project 'MyRAM')
2026-08-04 16:50:15.135482+0000 MyRAMMac[13548:39817] [Connection] Unable to get synchronousRemoteObjectProxy, error: Error Domain=NSCocoaErrorDomain Code=4097 "connection to service named com.apple.linkd.autoShortcut" UserInfo={NSDebugDescription=connection to service named com.apple.linkd.autoShortcut}
2026-08-04 16:50:15.136204+0000 MyRAMMac[13548:39817] [Application] Error registering app with intents framework: Error Domain=NSCocoaErrorDomain Code=4097 "connection to service named com.apple.linkd.autoShortcut" UserInfo={NSDebugDescription=connection to service named com.apple.linkd.autoShortcut}
2026-08-04 16:50:15.136066+0000 MyRAMMac[13548:39818] [Connection] Unable to get synchronousRemoteObjectProxy, error: Error Domain=NSCocoaErrorDomain Code=4097 "connection to service named com.apple.linkd.autoShortcut" UserInfo={NSDebugDescription=connection to service named com.apple.linkd.autoShortcut}
2026-08-04 16:50:15.136247+0000 MyRAMMac[13548:39818] [Connection] Unable to re-register with Process Instance Registry, error: Error Domain=NSCocoaErrorDomain Code=4097 "connection to service named com.apple.linkd.autoShortcut" UserInfo={NSDebugDescription=connection to service named com.apple.linkd.autoShortcut}
2026-08-04 16:50:15.136899+0000 MyRAMMac[13548:39821] [Connection] Unable to get synchronousRemoteObjectProxy, error: Error Domain=NSCocoaErrorDomain Code=4097 "connection to service named com.apple.linkd.autoShortcut" UserInfo={NSDebugDescription=connection to service named com.apple.linkd.autoShortcut}
2026-08-04 16:50:15.136918+0000 MyRAMMac[13548:39821] [Connection] Unable to re-register with Process Instance Registry, error: Error Domain=NSCocoaErrorDomain Code=4097 "connection to service named com.apple.linkd.autoShortcut" UserInfo={NSDebugDescription=connection to service named com.apple.linkd.autoShortcut}
2026-08-04 16:50:15.137175+0000 MyRAMMac[13548:39817] [Connection] Will NOT re-try to establish the connection
2026-08-04 16:50:15.137234+0000 MyRAMMac[13548:39818] [Connection] Unable to get synchronousRemoteObjectProxy, error: Error Domain=NSCocoaErrorDomain Code=4097 "connection to service named com.apple.linkd.autoShortcut" UserInfo={NSDebugDescription=connection to service named com.apple.linkd.autoShortcut}
2026-08-04 16:50:15.143080+0000 MyRAMMac[13548:39818] [Connection] Unable to re-register with Process Instance Registry, error: Error Domain=NSCocoaErrorDomain Code=4097 "connection to service named com.apple.linkd.autoShortcut" UserInfo={NSDebugDescription=connection to service named com.apple.linkd.autoShortcut}
✅ Fresh SwiftData store initialized successfully
2026-08-04 16:50:15.834641+0000 MyRAMMac[13548:39788] ApplePersistenceIgnoreState: Existing state will not be touched. New state will be written to /var/folders/df/djsxfhc17x95674wsm_g8s980000gn/T/com.northsignalstudio.myram.mac.dev.savedState
2026-08-04 16:50:16.932814+0000 MyRAMMac[13548:39821] fopen failed for data file: errno = 2 (No such file or directory)
2026-08-04 16:50:17.020156+0000 MyRAMMac[13548:39821] fopen failed for data file: errno = 2 (No such file or directory)
Test Suite 'All tests' started at 2026-08-04 16:50:18.626.
Test Suite 'MyRAMMacTests.xctest' started at 2026-08-04 16:50:18.627.
Test Suite 'EditorSelectionMapperTests' started at 2026-08-04 16:50:18.628.
Test Case '-[MyRAMMacTests.EditorSelectionMapperTests testDeletionAfterCaretLeavesSelectionUnchanged]' started.
Test Case '-[MyRAMMacTests.EditorSelectionMapperTests testDeletionAfterCaretLeavesSelectionUnchanged]' passed (0.002 seconds).
Test Case '-[MyRAMMacTests.EditorSelectionMapperTests testDeletionBeforeCaretShiftsBackward]' started.
Test Case '-[MyRAMMacTests.EditorSelectionMapperTests testDeletionBeforeCaretShiftsBackward]' passed (0.001 seconds).
Test Case '-[MyRAMMacTests.EditorSelectionMapperTests testDeletionContainingSelectionCollapsesToDeletionStart]' started.
Test Case '-[MyRAMMacTests.EditorSelectionMapperTests testDeletionContainingSelectionCollapsesToDeletionStart]' passed (0.001 seconds).
Test Case '-[MyRAMMacTests.EditorSelectionMapperTests testDeletionInsideSelectionTailShrinksSelection]' started.
Test Case '-[MyRAMMacTests.EditorSelectionMapperTests testDeletionInsideSelectionTailShrinksSelection]' passed (0.001 seconds).
Test Case '-[MyRAMMacTests.EditorSelectionMapperTests testDeletionOverlapFromBeforeKeepsDeletionStart]' started.
Test Case '-[MyRAMMacTests.EditorSelectionMapperTests testDeletionOverlapFromBeforeKeepsDeletionStart]' passed (0.001 seconds).
Test Case '-[MyRAMMacTests.EditorSelectionMapperTests testDeletionOverlappingCaretClampsToDeletionStart]' started.
Test Case '-[MyRAMMacTests.EditorSelectionMapperTests testDeletionOverlappingCaretClampsToDeletionStart]' passed (0.002 seconds).
Test Case '-[MyRAMMacTests.EditorSelectionMapperTests testDeletionOverlappingSelectionClampsValidly]' started.
Test Case '-[MyRAMMacTests.EditorSelectionMapperTests testDeletionOverlappingSelectionClampsValidly]' passed (0.001 seconds).
Test Case '-[MyRAMMacTests.EditorSelectionMapperTests testDeletionStraddlingSelectionStartKeepsDeletionStart]' started.
Test Case '-[MyRAMMacTests.EditorSelectionMapperTests testDeletionStraddlingSelectionStartKeepsDeletionStart]' passed (0.014 seconds).
Test Case '-[MyRAMMacTests.EditorSelectionMapperTests testInsertionAfterCaretLeavesSelectionUnchanged]' started.
Test Case '-[MyRAMMacTests.EditorSelectionMapperTests testInsertionAfterCaretLeavesSelectionUnchanged]' passed (0.002 seconds).
Test Case '-[MyRAMMacTests.EditorSelectionMapperTests testInsertionBeforeCaretShiftsForward]' started.
Test Case '-[MyRAMMacTests.EditorSelectionMapperTests testInsertionBeforeCaretShiftsForward]' passed (0.002 seconds).
Test Case '-[MyRAMMacTests.EditorSelectionMapperTests testInsertionInsideSelectionExpandsSelection]' started.
Test Case '-[MyRAMMacTests.EditorSelectionMapperTests testInsertionInsideSelectionExpandsSelection]' passed (0.002 seconds).
Test Case '-[MyRAMMacTests.EditorSelectionMapperTests testLongDeletionFromZeroKeepsDeletionStart]' started.
Test Case '-[MyRAMMacTests.EditorSelectionMapperTests testLongDeletionFromZeroKeepsDeletionStart]' passed (0.002 seconds).
Test Suite 'EditorSelectionMapperTests' passed at 2026-08-04 16:50:18.703.
	 Executed 12 tests, with 0 failures (0 unexpected) in 0.030 (0.075) seconds
Test Suite 'MYR170MacFullBodyPathIntegrationTests' started at 2026-08-04 16:50:18.703.
Test Case '-[MyRAMMacTests.MYR170MacFullBodyPathIntegrationTests testMacLegacyConflictEffectCommitFailureDoesNotLedgerOrAcknowledge]' started.
Test Case '-[MyRAMMacTests.MYR170MacFullBodyPathIntegrationTests testMacLegacyConflictEffectCommitFailureDoesNotLedgerOrAcknowledge]' passed (0.041 seconds).
Test Case '-[MyRAMMacTests.MYR170MacFullBodyPathIntegrationTests testMacLegacyExistingNoteApplyCommitsReplacementState]' started.
Test Case '-[MyRAMMacTests.MYR170MacFullBodyPathIntegrationTests testMacLegacyExistingNoteApplyCommitsReplacementState]' passed (0.030 seconds).
Test Case '-[MyRAMMacTests.MYR170MacFullBodyPathIntegrationTests testMacLegacyMixedEnvelopeCommitsAndAcknowledgesSuccessfulChangesWhileRejectingOnlyFailedChange]' started.
Test Case '-[MyRAMMacTests.MYR170MacFullBodyPathIntegrationTests testMacLegacyMixedEnvelopeCommitsAndAcknowledgesSuccessfulChangesWhileRejectingOnlyFailedChange]' passed (0.032 seconds).
Test Case '-[MyRAMMacTests.MYR170MacFullBodyPathIntegrationTests testMacLegacyModelSaveFailureRollsBackNoteAndState]' started.
Test Case '-[MyRAMMacTests.MYR170MacFullBodyPathIntegrationTests testMacLegacyModelSaveFailureRollsBackNoteAndState]' passed (0.022 seconds).
Test Case '-[MyRAMMacTests.MYR170MacFullBodyPathIntegrationTests testMacLegacyNewNoteApplyCommitsRevisionZeroState]' started.
Test Case '-[MyRAMMacTests.MYR170MacFullBodyPathIntegrationTests testMacLegacyNewNoteApplyCommitsRevisionZeroState]' passed (0.022 seconds).
Test Case '-[MyRAMMacTests.MYR170MacFullBodyPathIntegrationTests testMacLegacyResolvedConflictMetadataModelSaveFailureLeavesNoteStateConflictBaselineLedgerAndAcknowledgementUnchanged]' started.
Test Case '-[MyRAMMacTests.MYR170MacFullBodyPathIntegrationTests testMacLegacyResolvedConflictMetadataModelSaveFailureLeavesNoteStateConflictBaselineLedgerAndAcknowledgementUnchanged]' passed (0.028 seconds).
Test Case '-[MyRAMMacTests.MYR170MacFullBodyPathIntegrationTests testMacLegacyResolvedConflictMetadataReplacesBodyAndStateBeforeEffectsAndAcknowledgement]' started.
Test Case '-[MyRAMMacTests.MYR170MacFullBodyPathIntegrationTests testMacLegacyResolvedConflictMetadataReplacesBodyAndStateBeforeEffectsAndAcknowledgement]' passed (0.027 seconds).
Test Case '-[MyRAMMacTests.MYR170MacFullBodyPathIntegrationTests testMacLegacyResolvedConflictMetadataStateFailureLeavesAllDurableStateUnchanged]' started.
Test Case '-[MyRAMMacTests.MYR170MacFullBodyPathIntegrationTests testMacLegacyResolvedConflictMetadataStateFailureLeavesAllDurableStateUnchanged]' passed (0.039 seconds).
Test Case '-[MyRAMMacTests.MYR170MacFullBodyPathIntegrationTests testMacLegacyRetryAfterConflictEffectFailureDoesNotAdvanceStateTwiceAndCompletesDurability]' started.
Test Case '-[MyRAMMacTests.MYR170MacFullBodyPathIntegrationTests testMacLegacyRetryAfterConflictEffectFailureDoesNotAdvanceStateTwiceAndCompletesDurability]' passed (0.032 seconds).
Test Case '-[MyRAMMacTests.MYR170MacFullBodyPathIntegrationTests testMacLegacyStateFailureIsNotAcknowledgedOrLedgered]' started.
Test Case '-[MyRAMMacTests.MYR170MacFullBodyPathIntegrationTests testMacLegacyStateFailureIsNotAcknowledgedOrLedgered]' passed (0.036 seconds).
Test Suite 'MYR170MacFullBodyPathIntegrationTests' passed at 2026-08-04 16:50:19.019.
	 Executed 10 tests, with 0 failures (0 unexpected) in 0.311 (0.316) seconds
Test Suite 'MacEditorSampleDocumentTests' started at 2026-08-04 16:50:19.019.
Test Case '-[MyRAMMacTests.MacEditorSampleDocumentTests testDefaultSampleTextHasSubstantialSectionStructure]' started.
Test Case '-[MyRAMMacTests.MacEditorSampleDocumentTests testDefaultSampleTextHasSubstantialSectionStructure]' passed (0.016 seconds).
Test Case '-[MyRAMMacTests.MacEditorSampleDocumentTests testDefaultSampleTextIsLargeEnoughForManualEditorVerification]' started.
Test Case '-[MyRAMMacTests.MacEditorSampleDocumentTests testDefaultSampleTextIsLargeEnoughForManualEditorVerification]' passed (0.006 seconds).
Test Case '-[MyRAMMacTests.MacEditorSampleDocumentTests testDefaultSampleTextIsNonEmpty]' started.
Test Case '-[MyRAMMacTests.MacEditorSampleDocumentTests testDefaultSampleTextIsNonEmpty]' passed (0.001 seconds).
Test Case '-[MyRAMMacTests.MacEditorSampleDocumentTests testGeneratedSampleTextIncludesParagraphAndListStructure]' started.
Test Case '-[MyRAMMacTests.MacEditorSampleDocumentTests testGeneratedSampleTextIncludesParagraphAndListStructure]' passed (0.001 seconds).
Test Case '-[MyRAMMacTests.MacEditorSampleDocumentTests testGeneratedSampleTextIncludesRepeatedSectionMarkers]' started.
Test Case '-[MyRAMMacTests.MacEditorSampleDocumentTests testGeneratedSampleTextIncludesRepeatedSectionMarkers]' passed (0.001 seconds).
Test Case '-[MyRAMMacTests.MacEditorSampleDocumentTests testNegativeSectionCountReturnsEmptyText]' started.
Test Case '-[MyRAMMacTests.MacEditorSampleDocumentTests testNegativeSectionCountReturnsEmptyText]' passed (0.002 seconds).
Test Case '-[MyRAMMacTests.MacEditorSampleDocumentTests testSampleTextGenerationIsDeterministicForSameSectionCount]' started.
Test Case '-[MyRAMMacTests.MacEditorSampleDocumentTests testSampleTextGenerationIsDeterministicForSameSectionCount]' passed (0.001 seconds).
Test Case '-[MyRAMMacTests.MacEditorSampleDocumentTests testZeroSectionCountReturnsEmptyText]' started.
Test Case '-[MyRAMMacTests.MacEditorSampleDocumentTests testZeroSectionCountReturnsEmptyText]' passed (0.001 seconds).
Test Suite 'MacEditorSampleDocumentTests' passed at 2026-08-04 16:50:19.050.
	 Executed 8 tests, with 0 failures (0 unexpected) in 0.028 (0.031) seconds
Test Suite 'MacEditorSyncBridgeTests' started at 2026-08-04 16:50:19.051.
Test Case '-[MyRAMMacTests.MacEditorSyncBridgeTests testDeletionMismatchRequiresFallbackWithoutMutatingText]' started.
Test Case '-[MyRAMMacTests.MacEditorSyncBridgeTests testDeletionMismatchRequiresFallbackWithoutMutatingText]' passed (0.003 seconds).
Test Case '-[MyRAMMacTests.MacEditorSyncBridgeTests testInsertionBeforeCaretShiftsSelectionForward]' started.
Test Case '-[MyRAMMacTests.MacEditorSyncBridgeTests testInsertionBeforeCaretShiftsSelectionForward]' passed (0.003 seconds).
Test Case '-[MyRAMMacTests.MacEditorSyncBridgeTests testLargeInsertionPreservesSelectionAndScrollOrigin]' started.
Test Case '-[MyRAMMacTests.MacEditorSyncBridgeTests testLargeInsertionPreservesSelectionAndScrollOrigin]' passed (0.081 seconds).
Test Case '-[MyRAMMacTests.MacEditorSyncBridgeTests testNonSelectedActionIsIgnored]' started.
Test Case '-[MyRAMMacTests.MacEditorSyncBridgeTests testNonSelectedActionIsIgnored]' passed (0.001 seconds).
Test Case '-[MyRAMMacTests.MacEditorSyncBridgeTests testPartialBatchApplicationSuppressesPublishAndClearsUndo]' started.
Test Case '-[MyRAMMacTests.MacEditorSyncBridgeTests testPartialBatchApplicationSuppressesPublishAndClearsUndo]' passed (0.002 seconds).
Test Case '-[MyRAMMacTests.MacEditorSyncBridgeTests testPostApplyAuthoritativeBodyMismatchRequiresFallback]' started.
Test Case '-[MyRAMMacTests.MacEditorSyncBridgeTests testPostApplyAuthoritativeBodyMismatchRequiresFallback]' passed (0.002 seconds).
Test Case '-[MyRAMMacTests.MacEditorSyncBridgeTests testRemoteBridgeMutationsDoNotNotifyOutgoingCaptureButLocalEditsDo]' started.
Test Case '-[MyRAMMacTests.MacEditorSyncBridgeTests testRemoteBridgeMutationsDoNotNotifyOutgoingCaptureButLocalEditsDo]' passed (0.001 seconds).
Test Case '-[MyRAMMacTests.MacEditorSyncBridgeTests testRemoteInsertionBesideAutoTextRetainsMarker]' started.
Test Case '-[MyRAMMacTests.MacEditorSyncBridgeTests testRemoteInsertionBesideAutoTextRetainsMarker]' passed (0.001 seconds).
Test Case '-[MyRAMMacTests.MacEditorSyncBridgeTests testRemoteInsertionBesideExplicitTextRetainsExplicitColor]' started.
Test Case '-[MyRAMMacTests.MacEditorSyncBridgeTests testRemoteInsertionBesideExplicitTextRetainsExplicitColor]' passed (0.002 seconds).
Test Case '-[MyRAMMacTests.MacEditorSyncBridgeTests testRemoteMutationClearsUndoManager]' started.
Test Case '-[MyRAMMacTests.MacEditorSyncBridgeTests testRemoteMutationClearsUndoManager]' passed (0.002 seconds).
Test Case '-[MyRAMMacTests.MacEditorSyncBridgeTests testSelectedDeletionMutatesTextStorageIncrementally]' started.
Test Case '-[MyRAMMacTests.MacEditorSyncBridgeTests testSelectedDeletionMutatesTextStorageIncrementally]' passed (0.001 seconds).
Test Case '-[MyRAMMacTests.MacEditorSyncBridgeTests testSelectedEditorReloaderAppliesContentAndRecordsMetricWhenReloadOccurs]' started.
Test Case '-[MyRAMMacTests.MacEditorSyncBridgeTests testSelectedEditorReloaderAppliesContentAndRecordsMetricWhenReloadOccurs]' passed (0.001 seconds).
Test Case '-[MyRAMMacTests.MacEditorSyncBridgeTests testSelectedEditorReloaderDefersWithoutMetricWhenUnsavedChangesExist]' started.
Test Case '-[MyRAMMacTests.MacEditorSyncBridgeTests testSelectedEditorReloaderDefersWithoutMetricWhenUnsavedChangesExist]' passed (0.002 seconds).
Test Case '-[MyRAMMacTests.MacEditorSyncBridgeTests testSelectedEditorReloaderSkipsWithoutMetricWhenSelectedNoteIsMissing]' started.
Test Case '-[MyRAMMacTests.MacEditorSyncBridgeTests testSelectedEditorReloaderSkipsWithoutMetricWhenSelectedNoteIsMissing]' passed (0.002 seconds).
Test Case '-[MyRAMMacTests.MacEditorSyncBridgeTests testSelectedInsertionMutatesTextStorageIncrementallyAndPublishesOnce]' started.
Test Case '-[MyRAMMacTests.MacEditorSyncBridgeTests testSelectedInsertionMutatesTextStorageIncrementallyAndPublishesOnce]' passed (0.003 seconds).
Test Case '-[MyRAMMacTests.MacEditorSyncBridgeTests testSustainedMutationBatchPublishesOnce]' started.
Test Case '-[MyRAMMacTests.MacEditorSyncBridgeTests testSustainedMutationBatchPublishesOnce]' passed (0.002 seconds).
Test Case '-[MyRAMMacTests.MacEditorSyncBridgeTests testZeroActionApplyDoesNotClearUndoManager]' started.
Test Case '-[MyRAMMacTests.MacEditorSyncBridgeTests testZeroActionApplyDoesNotClearUndoManager]' passed (0.001 seconds).
Test Suite 'MacEditorSyncBridgeTests' passed at 2026-08-04 16:50:19.168.
	 Executed 17 tests, with 0 failures (0 unexpected) in 0.108 (0.117) seconds
Test Suite 'MacEditorTextColorPolicyTests' started at 2026-08-04 16:50:19.168.
Test Case '-[MyRAMMacTests.MacEditorTextColorPolicyTests testAutoNormalizationIsIdempotent]' started.
Test Case '-[MyRAMMacTests.MacEditorTextColorPolicyTests testAutoNormalizationIsIdempotent]' passed (0.001 seconds).
Test Case '-[MyRAMMacTests.MacEditorTextColorPolicyTests testAutoTypingAttributesRefresh]' started.
Test Case '-[MyRAMMacTests.MacEditorTextColorPolicyTests testAutoTypingAttributesRefresh]' passed (0.002 seconds).
Test Case '-[MyRAMMacTests.MacEditorTextColorPolicyTests testDisplayNormalizationPreservesNonColorAttributes]' started.
Test Case '-[MyRAMMacTests.MacEditorTextColorPolicyTests testDisplayNormalizationPreservesNonColorAttributes]' passed (0.002 seconds).
Test Case '-[MyRAMMacTests.MacEditorTextColorPolicyTests testDisplayNormalizationReplacesStoredForegroundWithSuppliedDefault]' started.
Test Case '-[MyRAMMacTests.MacEditorTextColorPolicyTests testDisplayNormalizationReplacesStoredForegroundWithSuppliedDefault]' passed (0.001 seconds).
Test Case '-[MyRAMMacTests.MacEditorTextColorPolicyTests testDynamicTextColorResolvesAcrossAquaAppearances]' started.
Test Case '-[MyRAMMacTests.MacEditorTextColorPolicyTests testDynamicTextColorResolvesAcrossAquaAppearances]' passed (0.001 seconds).
Test Case '-[MyRAMMacTests.MacEditorTextColorPolicyTests testExplicitTypingColorRemainsExplicit]' started.
Test Case '-[MyRAMMacTests.MacEditorTextColorPolicyTests testExplicitTypingColorRemainsExplicit]' passed (0.001 seconds).
Test Case '-[MyRAMMacTests.MacEditorTextColorPolicyTests testMissingForegroundBecomesAutoDisplayColor]' started.
Test Case '-[MyRAMMacTests.MacEditorTextColorPolicyTests testMissingForegroundBecomesAutoDisplayColor]' passed (0.002 seconds).
Test Case '-[MyRAMMacTests.MacEditorTextColorPolicyTests testMixedStoredColorsBecomeAutoDisplayColor]' started.
Test Case '-[MyRAMMacTests.MacEditorTextColorPolicyTests testMixedStoredColorsBecomeAutoDisplayColor]' passed (0.005 seconds).
Test Case '-[MyRAMMacTests.MacEditorTextColorPolicyTests testPersistencePreservesNonColorFormattingAndAttachments]' started.
Test Case '-[MyRAMMacTests.MacEditorTextColorPolicyTests testPersistencePreservesNonColorFormattingAndAttachments]' passed (0.002 seconds).
Test Case '-[MyRAMMacTests.MacEditorTextColorPolicyTests testPersistenceRemovesAutoForegroundAndMarkerOnly]' started.
Test Case '-[MyRAMMacTests.MacEditorTextColorPolicyTests testPersistenceRemovesAutoForegroundAndMarkerOnly]' passed (0.001 seconds).
Test Case '-[MyRAMMacTests.MacEditorTextColorPolicyTests testTypingAttributesWithoutForegroundBecomeAuto]' started.
Test Case '-[MyRAMMacTests.MacEditorTextColorPolicyTests testTypingAttributesWithoutForegroundBecomeAuto]' passed (0.002 seconds).
Test Suite 'MacEditorTextColorPolicyTests' passed at 2026-08-04 16:50:19.191.
	 Executed 11 tests, with 0 failures (0 unexpected) in 0.019 (0.023) seconds
Test Suite 'MacExplicitDeleteProvenanceTests' started at 2026-08-04 16:50:19.197.
Test Case '-[MyRAMMacTests.MacExplicitDeleteProvenanceTests testMacTargetBuildsAndValidatesExplicitDeleteProvenance]' started.
Test Case '-[MyRAMMacTests.MacExplicitDeleteProvenanceTests testMacTargetBuildsAndValidatesExplicitDeleteProvenance]' passed (0.003 seconds).
Test Case '-[MyRAMMacTests.MacExplicitDeleteProvenanceTests testMacTargetValidatesCompactedProvenanceFromSnapshot]' started.
Test Case '-[MyRAMMacTests.MacExplicitDeleteProvenanceTests testMacTargetValidatesCompactedProvenanceFromSnapshot]' passed (0.002 seconds).
Test Suite 'MacExplicitDeleteProvenanceTests' passed at 2026-08-04 16:50:19.202.
	 Executed 2 tests, with 0 failures (0 unexpected) in 0.005 (0.006) seconds
Test Suite 'MacIncomingSyncApplicationPolicyTests' started at 2026-08-04 16:50:19.203.
Test Case '-[MyRAMMacTests.MacIncomingSyncApplicationPolicyTests testMacSelectedEditorPathOnlyPlansIncrementalActionsOrUnsafeIncrementalReload]' started.
Test Case '-[MyRAMMacTests.MacIncomingSyncApplicationPolicyTests testMacSelectedEditorPathOnlyPlansIncrementalActionsOrUnsafeIncrementalReload]' passed (0.001 seconds).
Test Case '-[MyRAMMacTests.MacIncomingSyncApplicationPolicyTests testNonSelectedBodyChangeRefreshesListOnly]' started.
Test Case '-[MyRAMMacTests.MacIncomingSyncApplicationPolicyTests testNonSelectedBodyChangeRefreshesListOnly]' passed (0.001 seconds).
Test Case '-[MyRAMMacTests.MacIncomingSyncApplicationPolicyTests testSelectedBodyChangesProduceOrderedEditorActions]' started.
Test Case '-[MyRAMMacTests.MacIncomingSyncApplicationPolicyTests testSelectedBodyChangesProduceOrderedEditorActions]' passed (0.002 seconds).
Test Case '-[MyRAMMacTests.MacIncomingSyncApplicationPolicyTests testSelectedTitleOnlyChangeRefreshesListOnly]' started.
Test Case '-[MyRAMMacTests.MacIncomingSyncApplicationPolicyTests testSelectedTitleOnlyChangeRefreshesListOnly]' passed (0.002 seconds).
Test Case '-[MyRAMMacTests.MacIncomingSyncApplicationPolicyTests testUnsafeSelectedEditorRequestsFallback]' started.
Test Case '-[MyRAMMacTests.MacIncomingSyncApplicationPolicyTests testUnsafeSelectedEditorRequestsFallback]' passed (0.002 seconds).
Test Case '-[MyRAMMacTests.MacIncomingSyncApplicationPolicyTests testZeroChangeAppliedBatchProducesNoOpPlan]' started.
Test Case '-[MyRAMMacTests.MacIncomingSyncApplicationPolicyTests testZeroChangeAppliedBatchProducesNoOpPlan]' passed (0.001 seconds).
Test Suite 'MacIncomingSyncApplicationPolicyTests' passed at 2026-08-04 16:50:19.221.
	 Executed 6 tests, with 0 failures (0 unexpected) in 0.008 (0.018) seconds
Test Suite 'MacLegacySyncReceiverTests' started at 2026-08-04 16:50:19.221.
Test Case '-[MyRAMMacTests.MacLegacySyncReceiverTests testAckOnlyEnvelopeProducesNoAcknowledgementIDsOrSideEffects]' started.
Test Case '-[MyRAMMacTests.MacLegacySyncReceiverTests testAckOnlyEnvelopeProducesNoAcknowledgementIDsOrSideEffects]' passed (0.010 seconds).
Test Case '-[MyRAMMacTests.MacLegacySyncReceiverTests testAppliedLedgerPersistenceFailureAcknowledgesNoNewIDs]' started.
Test Case '-[MyRAMMacTests.MacLegacySyncReceiverTests testAppliedLedgerPersistenceFailureAcknowledgesNoNewIDs]' passed (0.019 seconds).
Test Case '-[MyRAMMacTests.MacLegacySyncReceiverTests testAppliesFolderNoteAndAttachmentEntityTypesInOneEnvelope]' started.
Test Case '-[MyRAMMacTests.MacLegacySyncReceiverTests testAppliesFolderNoteAndAttachmentEntityTypesInOneEnvelope]' passed (0.016 seconds).
Test Case '-[MyRAMMacTests.MacLegacySyncReceiverTests testAttachmentDeleteWithIsDeletedFalseIsRejected]' started.
Test Case '-[MyRAMMacTests.MacLegacySyncReceiverTests testAttachmentDeleteWithIsDeletedFalseIsRejected]' passed (0.013 seconds).
Test Case '-[MyRAMMacTests.MacLegacySyncReceiverTests testAttachmentUpsertWithMissingNoteIsNotLedgeredOrAcknowledged]' started.
Test Case '-[MyRAMMacTests.MacLegacySyncReceiverTests testAttachmentUpsertWithMissingNoteIsNotLedgeredOrAcknowledged]' passed (0.015 seconds).
Test Case '-[MyRAMMacTests.MacLegacySyncReceiverTests testDuplicateDeliveryAppliesOnceButAcknowledgesAgain]' started.
Test Case '-[MyRAMMacTests.MacLegacySyncReceiverTests testDuplicateDeliveryAppliesOnceButAcknowledgesAgain]' passed (0.020 seconds).
Test Case '-[MyRAMMacTests.MacLegacySyncReceiverTests testFolderDeleteWithIsDeletedFalseIsRejectedNotTreatedAsUpsert]' started.
Test Case '-[MyRAMMacTests.MacLegacySyncReceiverTests testFolderDeleteWithIsDeletedFalseIsRejectedNotTreatedAsUpsert]' passed (0.012 seconds).
Test Case '-[MyRAMMacTests.MacLegacySyncReceiverTests testMalformedPayloadIsRejectedAndNotAcknowledged]' started.
Test Case '-[MyRAMMacTests.MacLegacySyncReceiverTests testMalformedPayloadIsRejectedAndNotAcknowledged]' passed (0.012 seconds).
Test Case '-[MyRAMMacTests.MacLegacySyncReceiverTests testMissingEntityDeleteIsAcknowledgedAsIdempotentTerminalOutcome]' started.
Test Case '-[MyRAMMacTests.MacLegacySyncReceiverTests testMissingEntityDeleteIsAcknowledgedAsIdempotentTerminalOutcome]' passed (0.015 seconds).
Test Case '-[MyRAMMacTests.MacLegacySyncReceiverTests testMixedEnvelopeAcknowledgesOnlySemanticallyValidTerminalChanges]' started.
Test Case '-[MyRAMMacTests.MacLegacySyncReceiverTests testMixedEnvelopeAcknowledgesOnlySemanticallyValidTerminalChanges]' passed (0.017 seconds).
Test Case '-[MyRAMMacTests.MacLegacySyncReceiverTests testMixedEnvelopeAcknowledgesOnlyTerminalDispositions]' started.
Test Case '-[MyRAMMacTests.MacLegacySyncReceiverTests testMixedEnvelopeAcknowledgesOnlyTerminalDispositions]' passed (0.016 seconds).
Test Case '-[MyRAMMacTests.MacLegacySyncReceiverTests testMixedEnvelopeAcknowledgesOnlyValidChanges]' started.
Test Case '-[MyRAMMacTests.MacLegacySyncReceiverTests testMixedEnvelopeAcknowledgesOnlyValidChanges]' passed (0.014 seconds).
Test Case '-[MyRAMMacTests.MacLegacySyncReceiverTests testModelSaveFailureAcknowledgesNoNewIDs]' started.
Test Case '-[MyRAMMacTests.MacLegacySyncReceiverTests testModelSaveFailureAcknowledgesNoNewIDs]' passed (0.011 seconds).
Test Case '-[MyRAMMacTests.MacLegacySyncReceiverTests testNewValidChangeIsAppliedSavedAndAcknowledged]' started.
Test Case '-[MyRAMMacTests.MacLegacySyncReceiverTests testNewValidChangeIsAppliedSavedAndAcknowledged]' passed (0.014 seconds).
Test Case '-[MyRAMMacTests.MacLegacySyncReceiverTests testNoteDeleteWithNilDeletedAtIsRejectedNotAppliedOrAcknowledged]' started.
Test Case '-[MyRAMMacTests.MacLegacySyncReceiverTests testNoteDeleteWithNilDeletedAtIsRejectedNotAppliedOrAcknowledged]' passed (0.010 seconds).
Test Case '-[MyRAMMacTests.MacLegacySyncReceiverTests testNoteUpsertWithDeletedPayloadStateIsRejected]' started.
Test Case '-[MyRAMMacTests.MacLegacySyncReceiverTests testNoteUpsertWithDeletedPayloadStateIsRejected]' passed (0.011 seconds).
Test Case '-[MyRAMMacTests.MacLegacySyncReceiverTests testParentDependenciesAreDeferredUntilAvailable]' started.
Test Case '-[MyRAMMacTests.MacLegacySyncReceiverTests testParentDependenciesAreDeferredUntilAvailable]' passed (0.020 seconds).
Test Case '-[MyRAMMacTests.MacLegacySyncReceiverTests testPayloadIDDifferentFromEntityIDIsRejected]' started.
Test Case '-[MyRAMMacTests.MacLegacySyncReceiverTests testPayloadIDDifferentFromEntityIDIsRejected]' passed (0.013 seconds).
Test Case '-[MyRAMMacTests.MacLegacySyncReceiverTests testPinnedThoughtDeleteWithIsDeletedFalseIsRejectedNotTreatedAsUpsert]' started.
Test Case '-[MyRAMMacTests.MacLegacySyncReceiverTests testPinnedThoughtDeleteWithIsDeletedFalseIsRejectedNotTreatedAsUpsert]' passed (0.012 seconds).
Test Case '-[MyRAMMacTests.MacLegacySyncReceiverTests testPreExistingUnsavedMutationSurvivesLaterRemoteSaveFailure]' started.
Test Case '-[MyRAMMacTests.MacLegacySyncReceiverTests testPreExistingUnsavedMutationSurvivesLaterRemoteSaveFailure]' passed (0.017 seconds).
Test Case '-[MyRAMMacTests.MacLegacySyncReceiverTests testValidStaleDeleteAgainstNewerLocalStateIsSafelyAcknowledgedAsSuperseded]' started.
Test Case '-[MyRAMMacTests.MacLegacySyncReceiverTests testValidStaleDeleteAgainstNewerLocalStateIsSafelyAcknowledgedAsSuperseded]' passed (0.017 seconds).
Test Suite 'MacLegacySyncReceiverTests' passed at 2026-08-04 16:50:19.532.
	 Executed 21 tests, with 0 failures (0 unexpected) in 0.305 (0.311) seconds
Test Suite 'MacMarkdownFileIOIntegrationTests' started at 2026-08-04 16:50:19.532.
Test Case '-[MyRAMMacTests.MacMarkdownFileIOIntegrationTests testAcknowledgeErrorRequiresPresentingSceneOwnership]' started.
Test Case '-[MyRAMMacTests.MacMarkdownFileIOIntegrationTests testAcknowledgeErrorRequiresPresentingSceneOwnership]' passed (0.001 seconds).
Test Case '-[MyRAMMacTests.MacMarkdownFileIOIntegrationTests testArrivalOrderingAndTargetSceneLocking]' started.
Test Case '-[MyRAMMacTests.MacMarkdownFileIOIntegrationTests testArrivalOrderingAndTargetSceneLocking]' passed (0.002 seconds).
Test Case '-[MyRAMMacTests.MacMarkdownFileIOIntegrationTests testCommittedImportPresentationFailureReturnsNonRetryableCommittedOutcome]' started.
Test Case '-[MyRAMMacTests.MacMarkdownFileIOIntegrationTests testCommittedImportPresentationFailureReturnsNonRetryableCommittedOutcome]' passed (0.025 seconds).
Test Case '-[MyRAMMacTests.MacMarkdownFileIOIntegrationTests testCoordinatorLaterSuccessCannotClearUnacknowledgedError]' started.
Test Case '-[MyRAMMacTests.MacMarkdownFileIOIntegrationTests testCoordinatorLaterSuccessCannotClearUnacknowledgedError]' passed (0.001 seconds).
Test Case '-[MyRAMMacTests.MacMarkdownFileIOIntegrationTests testCoordinatorQueuedErrorPausesLaterURLUntilAcknowledgment]' started.
Test Case '-[MyRAMMacTests.MacMarkdownFileIOIntegrationTests testCoordinatorQueuedErrorPausesLaterURLUntilAcknowledgment]' passed (0.001 seconds).
Test Case '-[MyRAMMacTests.MacMarkdownFileIOIntegrationTests testCoordinatorQueuedURLWaitsForStartupReadiness]' started.
Test Case '-[MyRAMMacTests.MacMarkdownFileIOIntegrationTests testCoordinatorQueuedURLWaitsForStartupReadiness]' passed (0.001 seconds).
Test Case '-[MyRAMMacTests.MacMarkdownFileIOIntegrationTests testErrorPreservationUnderAllNonAcknowledgmentOperations]' started.
Test Case '-[MyRAMMacTests.MacMarkdownFileIOIntegrationTests testErrorPreservationUnderAllNonAcknowledgmentOperations]' passed (0.001 seconds).
Test Case '-[MyRAMMacTests.MacMarkdownFileIOIntegrationTests testExportCancellationDoesNotWrite]' started.
Test Case '-[MyRAMMacTests.MacMarkdownFileIOIntegrationTests testExportCancellationDoesNotWrite]' passed (0.003 seconds).
Test Case '-[MyRAMMacTests.MacMarkdownFileIOIntegrationTests testExportFlushFailureBlocksSourceReadPanelAndWrite]' started.
Test Case '-[MyRAMMacTests.MacMarkdownFileIOIntegrationTests testExportFlushFailureBlocksSourceReadPanelAndWrite]' passed (0.002 seconds).
Test Case '-[MyRAMMacTests.MacMarkdownFileIOIntegrationTests testExportLoadsLatestCanonicalSourceAfterFlushAndWritesExactRawBody]' started.
Test Case '-[MyRAMMacTests.MacMarkdownFileIOIntegrationTests testExportLoadsLatestCanonicalSourceAfterFlushAndWritesExactRawBody]' passed (0.004 seconds).
Test Case '-[MyRAMMacTests.MacMarkdownFileIOIntegrationTests testExternalErrorInOneSceneDoesNotDisableFileMenuInAnotherScene]' started.
Test Case '-[MyRAMMacTests.MacMarkdownFileIOIntegrationTests testExternalErrorInOneSceneDoesNotDisableFileMenuInAnotherScene]' passed (0.001 seconds).
Test Case '-[MyRAMMacTests.MacMarkdownFileIOIntegrationTests testImportCancellationStopsBeforeConsumptionWithoutError]' started.
Test Case '-[MyRAMMacTests.MacMarkdownFileIOIntegrationTests testImportCancellationStopsBeforeConsumptionWithoutError]' passed (0.004 seconds).
Test Case '-[MyRAMMacTests.MacMarkdownFileIOIntegrationTests testImportFlushFailureBlocksPanelReadPersistencePublicationAndSelection]' started.
Test Case '-[MyRAMMacTests.MacMarkdownFileIOIntegrationTests testImportFlushFailureBlocksPanelReadPersistencePublicationAndSelection]' passed (0.005 seconds).
Test Case '-[MyRAMMacTests.MacMarkdownFileIOIntegrationTests testImportPublishesAndSelectsOnlyAfterCommittedConsumption]' started.
Test Case '-[MyRAMMacTests.MacMarkdownFileIOIntegrationTests testImportPublishesAndSelectsOnlyAfterCommittedConsumption]' passed (0.001 seconds).
Test Case '-[MyRAMMacTests.MacMarkdownFileIOIntegrationTests testMacMarkdownCommandActionsBuilderEvaluatesSceneLocalStateOnly]' started.
Test Case '-[MyRAMMacTests.MacMarkdownFileIOIntegrationTests testMacMarkdownCommandActionsBuilderEvaluatesSceneLocalStateOnly]' passed (0.001 seconds).
Test Case '-[MyRAMMacTests.MacMarkdownFileIOIntegrationTests testSceneBCannotClaimWhileSceneAIsActive]' started.
Test Case '-[MyRAMMacTests.MacMarkdownFileIOIntegrationTests testSceneBCannotClaimWhileSceneAIsActive]' passed (0.001 seconds).
Test Case '-[MyRAMMacTests.MacMarkdownFileIOIntegrationTests testSceneLocalFileOperationStateLifecycleAndPanelErrorRecording]' started.
Test Case '-[MyRAMMacTests.MacMarkdownFileIOIntegrationTests testSceneLocalFileOperationStateLifecycleAndPanelErrorRecording]' passed (0.001 seconds).
Test Case '-[MyRAMMacTests.MacMarkdownFileIOIntegrationTests testTwoSceneGlobalGateBlocksSuccessorUntilAcknowledgment]' started.
Test Case '-[MyRAMMacTests.MacMarkdownFileIOIntegrationTests testTwoSceneGlobalGateBlocksSuccessorUntilAcknowledgment]' passed (0.001 seconds).
Test Suite 'MacMarkdownFileIOIntegrationTests' passed at 2026-08-04 16:50:19.600.
	 Executed 18 tests, with 0 failures (0 unexpected) in 0.054 (0.068) seconds
Test Suite 'MacMarkdownPreviewDocumentBuilderTests' started at 2026-08-04 16:50:19.600.
Test Case '-[MyRAMMacTests.MacMarkdownPreviewDocumentBuilderTests testBuildProducesOneSemanticDocumentWithDeterministicVisibleText]' started.
Test Case '-[MyRAMMacTests.MacMarkdownPreviewDocumentBuilderTests testBuildProducesOneSemanticDocumentWithDeterministicVisibleText]' passed (0.045 seconds).
Test Case '-[MyRAMMacTests.MacMarkdownPreviewDocumentBuilderTests testFailingParserPreservesExactPlainTextFallback]' started.
Test Case '-[MyRAMMacTests.MacMarkdownPreviewDocumentBuilderTests testFailingParserPreservesExactPlainTextFallback]' passed (0.001 seconds).
Test Case '-[MyRAMMacTests.MacMarkdownPreviewDocumentBuilderTests testHeadingListQuoteAndCodeBlockAttributesAreSemantic]' started.
Test Case '-[MyRAMMacTests.MacMarkdownPreviewDocumentBuilderTests testHeadingListQuoteAndCodeBlockAttributesAreSemantic]' passed (0.002 seconds).
Test Case '-[MyRAMMacTests.MacMarkdownPreviewDocumentBuilderTests testInlineTraitsCodeAndLinkAreProjectedFromParserRuns]' started.
Test Case '-[MyRAMMacTests.MacMarkdownPreviewDocumentBuilderTests testInlineTraitsCodeAndLinkAreProjectedFromParserRuns]' passed (0.003 seconds).
Test Suite 'MacMarkdownPreviewDocumentBuilderTests' passed at 2026-08-04 16:50:19.652.
	 Executed 4 tests, with 0 failures (0 unexpected) in 0.051 (0.052) seconds
Test Suite 'MacMarkdownPreviewIntegrationTests' started at 2026-08-04 16:50:19.652.
Test Case '-[MyRAMMacTests.MacMarkdownPreviewIntegrationTests testActiveChangedSourceUsesOneStorageTransactionAndClampsSelection]' started.
Test Case '-[MyRAMMacTests.MacMarkdownPreviewIntegrationTests testActiveChangedSourceUsesOneStorageTransactionAndClampsSelection]' passed (0.176 seconds).
Test Case '-[MyRAMMacTests.MacMarkdownPreviewIntegrationTests testChangedSourceWithEquivalentRenderedDocumentDoesNotEditStorage]' started.
Test Case '-[MyRAMMacTests.MacMarkdownPreviewIntegrationTests testChangedSourceWithEquivalentRenderedDocumentDoesNotEditStorage]' passed (0.088 seconds).
Test Case '-[MyRAMMacTests.MacMarkdownPreviewIntegrationTests testDifferentNoteSelectionResetsToEditModeUsingProductionPolicy]' started.
Test Case '-[MyRAMMacTests.MacMarkdownPreviewIntegrationTests testDifferentNoteSelectionResetsToEditModeUsingProductionPolicy]' passed (0.001 seconds).
Test Case '-[MyRAMMacTests.MacMarkdownPreviewIntegrationTests testEmptyEditorDefaultsTo24PointsAndExistingExplicitFontsRemainUnchanged]' started.
Test Case '-[MyRAMMacTests.MacMarkdownPreviewIntegrationTests testEmptyEditorDefaultsTo24PointsAndExistingExplicitFontsRemainUnchanged]' passed (0.106 seconds).
Test Case '-[MyRAMMacTests.MacMarkdownPreviewIntegrationTests testFocusFinalizationBuildsFirstPreviewFromFinalNativeSourceExactlyOnce]' started.
Test Case '-[MyRAMMacTests.MacMarkdownPreviewIntegrationTests testFocusFinalizationBuildsFirstPreviewFromFinalNativeSourceExactlyOnce]' passed (0.057 seconds).
Test Case '-[MyRAMMacTests.MacMarkdownPreviewIntegrationTests testHiddenEditsCollapseIntoOneReplacementAndPreserveRetainedIdentities]' started.
Test Case '-[MyRAMMacTests.MacMarkdownPreviewIntegrationTests testHiddenEditsCollapseIntoOneReplacementAndPreserveRetainedIdentities]' passed (0.096 seconds).
Test Case '-[MyRAMMacTests.MacMarkdownPreviewIntegrationTests testHostedRepresentableNativeUndoWorksAfterModeRoundTrip]' started.
Test Case '-[MyRAMMacTests.MacMarkdownPreviewIntegrationTests testHostedRepresentableNativeUndoWorksAfterModeRoundTrip]' passed (0.072 seconds).
Test Case '-[MyRAMMacTests.MacMarkdownPreviewIntegrationTests testHostedRepresentableReturningToEditDoesNotForceFocus]' started.
Test Case '-[MyRAMMacTests.MacMarkdownPreviewIntegrationTests testHostedRepresentableReturningToEditDoesNotForceFocus]' passed (0.059 seconds).
Test Case '-[MyRAMMacTests.MacMarkdownPreviewIntegrationTests testHostedRepresentableTokenPreservesAnotherFirstResponder]' started.
2026-08-04 16:50:20.360939+0000 MyRAMMac[13548:39975] [Common] Unable to obtain a task name port right for pid 159: (os/kern) failure (0x5)
Test Case '-[MyRAMMacTests.MacMarkdownPreviewIntegrationTests testHostedRepresentableTokenPreservesAnotherFirstResponder]' passed (0.061 seconds).
Test Case '-[MyRAMMacTests.MacMarkdownPreviewIntegrationTests testHostedRepresentableTokenResignsOwnedEditorWithoutPublishing]' started.
Test Case '-[MyRAMMacTests.MacMarkdownPreviewIntegrationTests testHostedRepresentableTokenResignsOwnedEditorWithoutPublishing]' passed (0.069 seconds).
Test Case '-[MyRAMMacTests.MacMarkdownPreviewIntegrationTests testIndependentSceneStatesDoNotInterfere]' started.
Test Case '-[MyRAMMacTests.MacMarkdownPreviewIntegrationTests testIndependentSceneStatesDoNotInterfere]' passed (0.002 seconds).
Test Case '-[MyRAMMacTests.MacMarkdownPreviewIntegrationTests testInteractionStateIsEditInteractiveInEditMode]' started.
Test Case '-[MyRAMMacTests.MacMarkdownPreviewIntegrationTests testInteractionStateIsEditInteractiveInEditMode]' passed (0.001 seconds).
Test Case '-[MyRAMMacTests.MacMarkdownPreviewIntegrationTests testInteractionStateIsPendingWhenFocusRequestIsOutstanding]' started.
Test Case '-[MyRAMMacTests.MacMarkdownPreviewIntegrationTests testInteractionStateIsPendingWhenFocusRequestIsOutstanding]' passed (0.001 seconds).
Test Case '-[MyRAMMacTests.MacMarkdownPreviewIntegrationTests testInteractionStateIsVisiblePreviewWhenCommitted]' started.
Test Case '-[MyRAMMacTests.MacMarkdownPreviewIntegrationTests testInteractionStateIsVisiblePreviewWhenCommitted]' passed (0.001 seconds).
Test Case '-[MyRAMMacTests.MacMarkdownPreviewIntegrationTests testLargeDocumentRetainedCacheAvoidsHiddenAndNoOpWork]' started.
Test Case '-[MyRAMMacTests.MacMarkdownPreviewIntegrationTests testLargeDocumentRetainedCacheAvoidsHiddenAndNoOpWork]' passed (0.676 seconds).
Test Case '-[MyRAMMacTests.MacMarkdownPreviewIntegrationTests testModeBindingFactoryOrdersPreviewResignationAndIgnoresNoOp]' started.
Test Case '-[MyRAMMacTests.MacMarkdownPreviewIntegrationTests testModeBindingFactoryOrdersPreviewResignationAndIgnoresNoOp]' passed (0.001 seconds).
Test Case '-[MyRAMMacTests.MacMarkdownPreviewIntegrationTests testOrdinaryFocusLossProducesOrdinaryEndEditing]' started.
Test Case '-[MyRAMMacTests.MacMarkdownPreviewIntegrationTests testOrdinaryFocusLossProducesOrdinaryEndEditing]' passed (0.001 seconds).
Test Case '-[MyRAMMacTests.MacMarkdownPreviewIntegrationTests testPreviewSelectionSelectAllCopyAndLinksSpanOneNativeDocument]' started.
Test Case '-[MyRAMMacTests.MacMarkdownPreviewIntegrationTests testPreviewSelectionSelectAllCopyAndLinksSpanOneNativeDocument]' passed (0.132 seconds).
Test Case '-[MyRAMMacTests.MacMarkdownPreviewIntegrationTests testResignationWithIMEMutationPublishesFinalizedEditThenAcknowledges]' started.
Test Case '-[MyRAMMacTests.MacMarkdownPreviewIntegrationTests testResignationWithIMEMutationPublishesFinalizedEditThenAcknowledges]' passed (0.001 seconds).
Test Case '-[MyRAMMacTests.MacMarkdownPreviewIntegrationTests testResignationWithNoTextChangeMeansAcknowledgeWithoutPublication]' started.
Test Case '-[MyRAMMacTests.MacMarkdownPreviewIntegrationTests testResignationWithNoTextChangeMeansAcknowledgeWithoutPublication]' passed (0.000 seconds).
Test Case '-[MyRAMMacTests.MacMarkdownPreviewIntegrationTests testRetainedPreviewDefersHiddenWorkAndBuildsOnlyLatestSourceOnActivation]' started.
Test Case '-[MyRAMMacTests.MacMarkdownPreviewIntegrationTests testRetainedPreviewDefersHiddenWorkAndBuildsOnlyLatestSourceOnActivation]' passed (0.206 seconds).
Test Case '-[MyRAMMacTests.MacMarkdownPreviewIntegrationTests testSameNoteReloadPreservesPreviewModeUsingProductionPolicy]' started.
Test Case '-[MyRAMMacTests.MacMarkdownPreviewIntegrationTests testSameNoteReloadPreservesPreviewModeUsingProductionPolicy]' passed (0.002 seconds).
Test Case '-[MyRAMMacTests.MacMarkdownPreviewIntegrationTests testSearchBodyHighlightNilInAnyPreviewState]' started.
Test Case '-[MyRAMMacTests.MacMarkdownPreviewIntegrationTests testSearchBodyHighlightNilInAnyPreviewState]' passed (0.002 seconds).
Test Case '-[MyRAMMacTests.MacMarkdownPreviewIntegrationTests testSearchSuppressedInPendingPreviewState]' started.
Test Case '-[MyRAMMacTests.MacMarkdownPreviewIntegrationTests testSearchSuppressedInPendingPreviewState]' passed (0.002 seconds).
Test Case '-[MyRAMMacTests.MacMarkdownPreviewIntegrationTests testSearchSuppressedInVisiblePreviewState]' started.
Test Case '-[MyRAMMacTests.MacMarkdownPreviewIntegrationTests testSearchSuppressedInVisiblePreviewState]' passed (0.001 seconds).
Test Case '-[MyRAMMacTests.MacMarkdownPreviewIntegrationTests testSharedZoomUpdatesBothRetainedSurfacesWithoutTextMutationOrBuild]' started.
Test Case '-[MyRAMMacTests.MacMarkdownPreviewIntegrationTests testSharedZoomUpdatesBothRetainedSurfacesWithoutTextMutationOrBuild]' passed (0.142 seconds).
Test Case '-[MyRAMMacTests.MacMarkdownPreviewIntegrationTests testSyncDrivenRemovalResetsToEditModeUsingProductionPolicy]' started.
Test Case '-[MyRAMMacTests.MacMarkdownPreviewIntegrationTests testSyncDrivenRemovalResetsToEditModeUsingProductionPolicy]' passed (0.001 seconds).
Test Case '-[MyRAMMacTests.MacMarkdownPreviewIntegrationTests testTwoHostedRepresentablesMaintainIndependentModeAndTokenState]' started.
Test Case '-[MyRAMMacTests.MacMarkdownPreviewIntegrationTests testTwoHostedRepresentablesMaintainIndependentModeAndTokenState]' passed (0.176 seconds).
Test Suite 'MacMarkdownPreviewIntegrationTests' passed at 2026-08-04 16:50:21.794.
	 Executed 28 tests, with 0 failures (0 unexpected) in 2.129 (2.142) seconds
Test Suite 'MacNotePersistenceAdapterTests' started at 2026-08-04 16:50:21.794.
Test Case '-[MyRAMMacTests.MacNotePersistenceAdapterTests testCreateNotePersistsBlankNonDeletedNote]' started.
Test Case '-[MyRAMMacTests.MacNotePersistenceAdapterTests testCreateNotePersistsBlankNonDeletedNote]' passed (0.024 seconds).
Test Case '-[MyRAMMacTests.MacNotePersistenceAdapterTests testFailedPreparedSaveLeavesMountedEditorUnsavedAndRetryable]' started.
Test Case '-[MyRAMMacTests.MacNotePersistenceAdapterTests testFailedPreparedSaveLeavesMountedEditorUnsavedAndRetryable]' passed (0.025 seconds).
Test Case '-[MyRAMMacTests.MacNotePersistenceAdapterTests testFailedPreparedSaveRestoresTargetFieldsWithoutSavingUnrelatedDirtyState]' started.
Test Case '-[MyRAMMacTests.MacNotePersistenceAdapterTests testFailedPreparedSaveRestoresTargetFieldsWithoutSavingUnrelatedDirtyState]' passed (0.012 seconds).
Test Case '-[MyRAMMacTests.MacNotePersistenceAdapterTests testLoadDefaultNoteCreatesNoteWhenStoreIsEmpty]' started.
Test Case '-[MyRAMMacTests.MacNotePersistenceAdapterTests testLoadDefaultNoteCreatesNoteWhenStoreIsEmpty]' passed (0.020 seconds).
Test Case '-[MyRAMMacTests.MacNotePersistenceAdapterTests testLoadDefaultNoteIgnoresDeletedNotes]' started.
Test Case '-[MyRAMMacTests.MacNotePersistenceAdapterTests testLoadDefaultNoteIgnoresDeletedNotes]' passed (0.019 seconds).
Test Case '-[MyRAMMacTests.MacNotePersistenceAdapterTests testLoadDefaultNoteReturnsMostRecentlyModifiedNonDeletedNote]' started.
Test Case '-[MyRAMMacTests.MacNotePersistenceAdapterTests testLoadDefaultNoteReturnsMostRecentlyModifiedNonDeletedNote]' passed (0.022 seconds).
Test Case '-[MyRAMMacTests.MacNotePersistenceAdapterTests testLoadNoteReturnsMatchingNonDeletedNote]' started.
Test Case '-[MyRAMMacTests.MacNotePersistenceAdapterTests testLoadNoteReturnsMatchingNonDeletedNote]' passed (0.026 seconds).
Test Case '-[MyRAMMacTests.MacNotePersistenceAdapterTests testLoadNotesCreatingFirstIfNeededCreatesNoteWhenStoreIsEmpty]' started.
Test Case '-[MyRAMMacTests.MacNotePersistenceAdapterTests testLoadNotesCreatingFirstIfNeededCreatesNoteWhenStoreIsEmpty]' passed (0.014 seconds).
Test Case '-[MyRAMMacTests.MacNotePersistenceAdapterTests testLoadNotesReturnsOnlyNonDeletedNotes]' started.
Test Case '-[MyRAMMacTests.MacNotePersistenceAdapterTests testLoadNotesReturnsOnlyNonDeletedNotes]' passed (0.011 seconds).
Test Case '-[MyRAMMacTests.MacNotePersistenceAdapterTests testLoadNotesSortsByModifiedAtDescending]' started.
Test Case '-[MyRAMMacTests.MacNotePersistenceAdapterTests testLoadNotesSortsByModifiedAtDescending]' passed (0.013 seconds).
Test Case '-[MyRAMMacTests.MacNotePersistenceAdapterTests testLoadNotesUsesDeterministicTieBreakersForEqualModifiedAtValues]' started.
Test Case '-[MyRAMMacTests.MacNotePersistenceAdapterTests testLoadNotesUsesDeterministicTieBreakersForEqualModifiedAtValues]' passed (0.025 seconds).
Test Case '-[MyRAMMacTests.MacNotePersistenceAdapterTests testMacCreateImportedMarkdownPersistsExactBodyAndRevisionZeroStateTogether]' started.
Test Case '-[MyRAMMacTests.MacNotePersistenceAdapterTests testMacCreateImportedMarkdownPersistsExactBodyAndRevisionZeroStateTogether]' passed (0.010 seconds).
Test Case '-[MyRAMMacTests.MacNotePersistenceAdapterTests testMacCreateImportedMarkdownSaveFailureRollsBackNoteAndState]' started.
Test Case '-[MyRAMMacTests.MacNotePersistenceAdapterTests testMacCreateImportedMarkdownSaveFailureRollsBackNoteAndState]' passed (0.010 seconds).
Test Case '-[MyRAMMacTests.MacNotePersistenceAdapterTests testMacCreateNoteCommitsNoteAndRevisionZeroStateTogether]' started.
Test Case '-[MyRAMMacTests.MacNotePersistenceAdapterTests testMacCreateNoteCommitsNoteAndRevisionZeroStateTogether]' passed (0.014 seconds).
Test Case '-[MyRAMMacTests.MacNotePersistenceAdapterTests testMacCreateNoteSaveFailureRollsBackNoteAndState]' started.
Test Case '-[MyRAMMacTests.MacNotePersistenceAdapterTests testMacCreateNoteSaveFailureRollsBackNoteAndState]' passed (0.017 seconds).
Test Case '-[MyRAMMacTests.MacNotePersistenceAdapterTests testMalformedRichTextDataFallsBackToPlainText]' started.
Test Case '-[MyRAMMacTests.MacNotePersistenceAdapterTests testMalformedRichTextDataFallsBackToPlainText]' passed (0.016 seconds).
Test Case '-[MyRAMMacTests.MacNotePersistenceAdapterTests testPersistPreparedLocalNoteEditAppliesOnlyPreparedFields]' started.
Test Case '-[MyRAMMacTests.MacNotePersistenceAdapterTests testPersistPreparedLocalNoteEditAppliesOnlyPreparedFields]' passed (0.018 seconds).
Test Case '-[MyRAMMacTests.MacNotePersistenceAdapterTests testPrepareLocalNoteEditCapturesBodyChangesWithoutPersisting]' started.
Test Case '-[MyRAMMacTests.MacNotePersistenceAdapterTests testPrepareLocalNoteEditCapturesBodyChangesWithoutPersisting]' passed (0.012 seconds).
Test Case '-[MyRAMMacTests.MacNotePersistenceAdapterTests testPrepareLocalNoteEditCapturesMultiOperationBodySequence]' started.
Test Case '-[MyRAMMacTests.MacNotePersistenceAdapterTests testPrepareLocalNoteEditCapturesMultiOperationBodySequence]' passed (0.020 seconds).
Test Case '-[MyRAMMacTests.MacNotePersistenceAdapterTests testPrepareLocalNoteEditMissingNoteThrowsSemanticFailure]' started.
Test Case '-[MyRAMMacTests.MacNotePersistenceAdapterTests testPrepareLocalNoteEditMissingNoteThrowsSemanticFailure]' passed (0.009 seconds).
Test Case '-[MyRAMMacTests.MacNotePersistenceAdapterTests testPrepareLocalNoteEditRichTextOnlyChangeHasNoAuthoritativeMutation]' started.
Test Case '-[MyRAMMacTests.MacNotePersistenceAdapterTests testPrepareLocalNoteEditRichTextOnlyChangeHasNoAuthoritativeMutation]' passed (0.012 seconds).
Test Case '-[MyRAMMacTests.MacNotePersistenceAdapterTests testSavePersistsNilRichTextDataForEmptyAttributedContent]' started.
Test Case '-[MyRAMMacTests.MacNotePersistenceAdapterTests testSavePersistsNilRichTextDataForEmptyAttributedContent]' passed (0.020 seconds).
Test Case '-[MyRAMMacTests.MacNotePersistenceAdapterTests testSavePersistsPlainTextMirrorAndRichTextData]' started.
Test Case '-[MyRAMMacTests.MacNotePersistenceAdapterTests testSavePersistsPlainTextMirrorAndRichTextData]' passed (0.028 seconds).
Test Case '-[MyRAMMacTests.MacNotePersistenceAdapterTests testSavePersistsRTFDataForNonEmptyStyledContent]' started.
Test Case '-[MyRAMMacTests.MacNotePersistenceAdapterTests testSavePersistsRTFDataForNonEmptyStyledContent]' passed (0.038 seconds).
Test Case '-[MyRAMMacTests.MacNotePersistenceAdapterTests testSavePreservesExplicitBlackForegroundColor]' started.
Test Case '-[MyRAMMacTests.MacNotePersistenceAdapterTests testSavePreservesExplicitBlackForegroundColor]' passed (0.019 seconds).
Test Case '-[MyRAMMacTests.MacNotePersistenceAdapterTests testSavePreservesExplicitColorBesideAutoText]' started.
Test Case '-[MyRAMMacTests.MacNotePersistenceAdapterTests testSavePreservesExplicitColorBesideAutoText]' passed (0.030 seconds).
Test Case '-[MyRAMMacTests.MacNotePersistenceAdapterTests testSavePreservesExplicitGrayForegroundColor]' started.
Test Case '-[MyRAMMacTests.MacNotePersistenceAdapterTests testSavePreservesExplicitGrayForegroundColor]' passed (0.027 seconds).
Test Case '-[MyRAMMacTests.MacNotePersistenceAdapterTests testSavePreservesExplicitGrayscaleDecorationColors]' started.
Test Case '-[MyRAMMacTests.MacNotePersistenceAdapterTests testSavePreservesExplicitGrayscaleDecorationColors]' passed (0.106 seconds).
Test Case '-[MyRAMMacTests.MacNotePersistenceAdapterTests testSavePreservesExplicitNonDefaultColor]' started.
Test Case '-[MyRAMMacTests.MacNotePersistenceAdapterTests testSavePreservesExplicitNonDefaultColor]' passed (0.020 seconds).
Test Case '-[MyRAMMacTests.MacNotePersistenceAdapterTests testSavePreservesExplicitWhiteForegroundColor]' started.
Test Case '-[MyRAMMacTests.MacNotePersistenceAdapterTests testSavePreservesExplicitWhiteForegroundColor]' passed (0.026 seconds).
Test Case '-[MyRAMMacTests.MacNotePersistenceAdapterTests testSaveRemovesAutoDisplayColorAndMarkerFromPersistedRTF]' started.
Test Case '-[MyRAMMacTests.MacNotePersistenceAdapterTests testSaveRemovesAutoDisplayColorAndMarkerFromPersistedRTF]' passed (0.013 seconds).
Test Case '-[MyRAMMacTests.MacNotePersistenceAdapterTests testSaveUpdatesModifiedAt]' started.
Test Case '-[MyRAMMacTests.MacNotePersistenceAdapterTests testSaveUpdatesModifiedAt]' passed (0.017 seconds).
Test Case '-[MyRAMMacTests.MacNotePersistenceAdapterTests testSavingDeletedNoteThrows]' started.
Test Case '-[MyRAMMacTests.MacNotePersistenceAdapterTests testSavingDeletedNoteThrows]' passed (0.011 seconds).
Test Suite 'MacNotePersistenceAdapterTests' passed at 2026-08-04 16:50:22.515.
	 Executed 33 tests, with 0 failures (0 unexpected) in 0.705 (0.721) seconds
Test Suite 'MacNoteViewZoomTests' started at 2026-08-04 16:50:22.515.
Test Case '-[MyRAMMacTests.MacNoteViewZoomTests testBoundaryAvailability]' started.
Test Case '-[MyRAMMacTests.MacNoteViewZoomTests testBoundaryAvailability]' passed (0.001 seconds).
Test Case '-[MyRAMMacTests.MacNoteViewZoomTests testIndependentBindingsDoNotShareState]' started.
Test Case '-[MyRAMMacTests.MacNoteViewZoomTests testIndependentBindingsDoNotShareState]' passed (0.001 seconds).
Test Case '-[MyRAMMacTests.MacNoteViewZoomTests testNormalizationRoundsBeforeClamping]' started.
Test Case '-[MyRAMMacTests.MacNoteViewZoomTests testNormalizationRoundsBeforeClamping]' passed (0.001 seconds).
Test Case '-[MyRAMMacTests.MacNoteViewZoomTests testPolicyConstantsAndActualSize]' started.
Test Case '-[MyRAMMacTests.MacNoteViewZoomTests testPolicyConstantsAndActualSize]' passed (0.001 seconds).
Test Case '-[MyRAMMacTests.MacNoteViewZoomTests testViewportResizeReappliesCurrentReflowWidth]' started.
Test Case '-[MyRAMMacTests.MacNoteViewZoomTests testViewportResizeReappliesCurrentReflowWidth]' passed (0.018 seconds).
Test Case '-[MyRAMMacTests.MacNoteViewZoomTests testZoomInCreatesAdditionalWrappedLinesWithoutChangingStorage]' started.
Test Case '-[MyRAMMacTests.MacNoteViewZoomTests testZoomInCreatesAdditionalWrappedLinesWithoutChangingStorage]' passed (0.013 seconds).
Test Case '-[MyRAMMacTests.MacNoteViewZoomTests testZoomStepsNormalizeWithoutBoundaryDrift]' started.
Test Case '-[MyRAMMacTests.MacNoteViewZoomTests testZoomStepsNormalizeWithoutBoundaryDrift]' passed (0.002 seconds).
Test Suite 'MacNoteViewZoomTests' passed at 2026-08-04 16:50:22.555.
	 Executed 7 tests, with 0 failures (0 unexpected) in 0.036 (0.039) seconds
Test Suite 'MacRemoteInsertionAttributePolicyTests' started at 2026-08-04 16:50:22.555.
Test Case '-[MyRAMMacTests.MacRemoteInsertionAttributePolicyTests testInsertionAtMiddleInheritsPreviousCharacterAttributes]' started.
Test Case '-[MyRAMMacTests.MacRemoteInsertionAttributePolicyTests testInsertionAtMiddleInheritsPreviousCharacterAttributes]' passed (0.002 seconds).
Test Case '-[MyRAMMacTests.MacRemoteInsertionAttributePolicyTests testInsertionAtOffsetZeroUsesFirstCharacterAttributes]' started.
Test Case '-[MyRAMMacTests.MacRemoteInsertionAttributePolicyTests testInsertionAtOffsetZeroUsesFirstCharacterAttributes]' passed (0.001 seconds).
Test Case '-[MyRAMMacTests.MacRemoteInsertionAttributePolicyTests testInsertionIntoEmptyTextUsesDefaultAttributes]' started.
Test Case '-[MyRAMMacTests.MacRemoteInsertionAttributePolicyTests testInsertionIntoEmptyTextUsesDefaultAttributes]' passed (0.001 seconds).
Test Suite 'MacRemoteInsertionAttributePolicyTests' passed at 2026-08-04 16:50:22.559.
	 Executed 3 tests, with 0 failures (0 unexpected) in 0.003 (0.004) seconds
Test Suite 'MacSidebarCollapsePolicyTests' started at 2026-08-04 16:50:22.559.
Test Case '-[MyRAMMacTests.MacSidebarCollapsePolicyTests testAutoCollapsedExpandsWhenWidthGrowsPastThreshold]' started.
Test Case '-[MyRAMMacTests.MacSidebarCollapsePolicyTests testAutoCollapsedExpandsWhenWidthGrowsPastThreshold]' passed (0.001 seconds).
Test Case '-[MyRAMMacTests.MacSidebarCollapsePolicyTests testAutoCollapsedStaysCollapsedBelowThreshold]' started.
Test Case '-[MyRAMMacTests.MacSidebarCollapsePolicyTests testAutoCollapsedStaysCollapsedBelowThreshold]' passed (0.001 seconds).
Test Case '-[MyRAMMacTests.MacSidebarCollapsePolicyTests testExpandedCollapsesWhenWidthDropsBelowThreshold]' started.
Test Case '-[MyRAMMacTests.MacSidebarCollapsePolicyTests testExpandedCollapsesWhenWidthDropsBelowThreshold]' passed (0.001 seconds).
Test Case '-[MyRAMMacTests.MacSidebarCollapsePolicyTests testExpandedStaysExpandedAboveThreshold]' started.
Test Case '-[MyRAMMacTests.MacSidebarCollapsePolicyTests testExpandedStaysExpandedAboveThreshold]' passed (0.001 seconds).
Test Case '-[MyRAMMacTests.MacSidebarCollapsePolicyTests testManuallyCollapsedNeverAutoExpandsWhenWidthGrows]' started.
Test Case '-[MyRAMMacTests.MacSidebarCollapsePolicyTests testManuallyCollapsedNeverAutoExpandsWhenWidthGrows]' passed (0.001 seconds).
Test Case '-[MyRAMMacTests.MacSidebarCollapsePolicyTests testManualVisibilityChangeToHiddenMarksManuallyCollapsed]' started.
Test Case '-[MyRAMMacTests.MacSidebarCollapsePolicyTests testManualVisibilityChangeToHiddenMarksManuallyCollapsed]' passed (0.005 seconds).
Test Case '-[MyRAMMacTests.MacSidebarCollapsePolicyTests testManualVisibilityChangeToVisibleMarksExpanded]' started.
Test Case '-[MyRAMMacTests.MacSidebarCollapsePolicyTests testManualVisibilityChangeToVisibleMarksExpanded]' passed (0.003 seconds).
Test Case '-[MyRAMMacTests.MacSidebarCollapsePolicyTests testWindowFrameExpandingSidebarToLeftClampsToVisibleFrame]' started.
Test Case '-[MyRAMMacTests.MacSidebarCollapsePolicyTests testWindowFrameExpandingSidebarToLeftClampsToVisibleFrame]' passed (0.002 seconds).
Test Case '-[MyRAMMacTests.MacSidebarCollapsePolicyTests testWindowFrameExpandingSidebarToLeftPreservesRightEdge]' started.
Test Case '-[MyRAMMacTests.MacSidebarCollapsePolicyTests testWindowFrameExpandingSidebarToLeftPreservesRightEdge]' passed (0.002 seconds).
Test Suite 'MacSidebarCollapsePolicyTests' passed at 2026-08-04 16:50:22.577.
	 Executed 9 tests, with 0 failures (0 unexpected) in 0.014 (0.018) seconds
Test Suite 'MacStartupCoordinatorTests' started at 2026-08-04 16:50:22.577.
Test Case '-[MyRAMMacTests.MacStartupCoordinatorTests testMacStartupMigrationFailureKeepsCreationEditingConvergenceAndNetworkingUnavailable]' started.
Test Case '-[MyRAMMacTests.MacStartupCoordinatorTests testMacStartupMigrationFailureKeepsCreationEditingConvergenceAndNetworkingUnavailable]' passed (0.009 seconds).
Test Case '-[MyRAMMacTests.MacStartupCoordinatorTests testMacStartupMigrationPrecedesLoadCreationConvergenceNetworkingAndEditorExposure]' started.
Test Case '-[MyRAMMacTests.MacStartupCoordinatorTests testMacStartupMigrationPrecedesLoadCreationConvergenceNetworkingAndEditorExposure]' passed (0.002 seconds).
Test Case '-[MyRAMMacTests.MacStartupCoordinatorTests testMacStartupRepeatedAppearancesShareOneBootstrapFlight]' started.
Test Case '-[MyRAMMacTests.MacStartupCoordinatorTests testMacStartupRepeatedAppearancesShareOneBootstrapFlight]' passed (0.002 seconds).
Test Suite 'MacStartupCoordinatorTests' passed at 2026-08-04 16:50:22.592.
	 Executed 3 tests, with 0 failures (0 unexpected) in 0.014 (0.015) seconds
Test Suite 'MacSyncBatchAccumulatorTests' started at 2026-08-04 16:50:22.592.
Test Case '-[MyRAMMacTests.MacSyncBatchAccumulatorTests testBatchSequenceIsAssignedWhenPendingBatchStarts]' started.
Test Case '-[MyRAMMacTests.MacSyncBatchAccumulatorTests testBatchSequenceIsAssignedWhenPendingBatchStarts]' passed (0.002 seconds).
Test Case '-[MyRAMMacTests.MacSyncBatchAccumulatorTests testBoundaryRecordAndTakeLeavesMetadataOnlyPendingWhenNoBodyWorkAffectsNote]' started.
Test Case '-[MyRAMMacTests.MacSyncBatchAccumulatorTests testBoundaryRecordAndTakeLeavesMetadataOnlyPendingWhenNoBodyWorkAffectsNote]' passed (0.004 seconds).
Test Case '-[MyRAMMacTests.MacSyncBatchAccumulatorTests testBoundaryRecordAndTakeReturnsSuppliedBodyChangesExactlyOnce]' started.
Test Case '-[MyRAMMacTests.MacSyncBatchAccumulatorTests testBoundaryRecordAndTakeReturnsSuppliedBodyChangesExactlyOnce]' passed (0.010 seconds).
Test Case '-[MyRAMMacTests.MacSyncBatchAccumulatorTests testBoundaryRecordAndTakeWithEmptyInputExtractsAlreadyPendingBodyWork]' started.
Test Case '-[MyRAMMacTests.MacSyncBatchAccumulatorTests testBoundaryRecordAndTakeWithEmptyInputExtractsAlreadyPendingBodyWork]' passed (0.007 seconds).
Test Case '-[MyRAMMacTests.MacSyncBatchAccumulatorTests testChangesAppendToPendingBatchAndPreserveOrdering]' started.
Test Case '-[MyRAMMacTests.MacSyncBatchAccumulatorTests testChangesAppendToPendingBatchAndPreserveOrdering]' passed (0.011 seconds).
Test Case '-[MyRAMMacTests.MacSyncBatchAccumulatorTests testDisjointLaterSaveCanProgressAfterEarlierBoundaryExtraction]' started.
Test Case '-[MyRAMMacTests.MacSyncBatchAccumulatorTests testDisjointLaterSaveCanProgressAfterEarlierBoundaryExtraction]' passed (0.005 seconds).
Test Case '-[MyRAMMacTests.MacSyncBatchAccumulatorTests testLaterSaveCanQueueAfterEarlierObligationWasExtracted]' started.
Test Case '-[MyRAMMacTests.MacSyncBatchAccumulatorTests testLaterSaveCanQueueAfterEarlierObligationWasExtracted]' passed (0.004 seconds).
Test Case '-[MyRAMMacTests.MacSyncBatchAccumulatorTests testQuietWindowRearmsAndBatchIDStaysStable]' started.
Test Case '-[MyRAMMacTests.MacSyncBatchAccumulatorTests testQuietWindowRearmsAndBatchIDStaysStable]' passed (0.003 seconds).
Test Case '-[MyRAMMacTests.MacSyncBatchAccumulatorTests testReadyBatchStreamYieldsAfterQuietWindow]' started.
Test Case '-[MyRAMMacTests.MacSyncBatchAccumulatorTests testReadyBatchStreamYieldsAfterQuietWindow]' passed (0.002 seconds).
Test Suite 'MacSyncBatchAccumulatorTests' passed at 2026-08-04 16:50:22.659.
	 Executed 9 tests, with 0 failures (0 unexpected) in 0.048 (0.067) seconds
Test Suite 'MacSyncBatchControllerTests' started at 2026-08-04 16:50:22.659.
Test Case '-[MyRAMMacTests.MacSyncBatchControllerTests testConnectedAnchoredLocalBatchRejectsBeforeQueueOrTransportMutation]' started.
Test Case '-[MyRAMMacTests.MacSyncBatchControllerTests testConnectedAnchoredLocalBatchRejectsBeforeQueueOrTransportMutation]' passed (0.080 seconds).
Test Case '-[MyRAMMacTests.MacSyncBatchControllerTests testConnectedTransportSendsAndRetainsLegacyBatchUntilAcknowledgement]' started.
Test Case '-[MyRAMMacTests.MacSyncBatchControllerTests testConnectedTransportSendsAndRetainsLegacyBatchUntilAcknowledgement]' passed (0.086 seconds).
Test Case '-[MyRAMMacTests.MacSyncBatchControllerTests testDirectReceiveRejectsAnchoredBatchBeforeCoordinatorSubmission]' started.
Test Case '-[MyRAMMacTests.MacSyncBatchControllerTests testDirectReceiveRejectsAnchoredBatchBeforeCoordinatorSubmission]' passed (0.145 seconds).
Test Case '-[MyRAMMacTests.MacSyncBatchControllerTests testDisconnectedTransportAcceptsByDurablyEnqueuingUnsentBatch]' started.
Test Case '-[MyRAMMacTests.MacSyncBatchControllerTests testDisconnectedTransportAcceptsByDurablyEnqueuingUnsentBatch]' passed (0.073 seconds).
Test Case '-[MyRAMMacTests.MacSyncBatchControllerTests testFailedDurableUnsentEnqueueThrowsAndLeavesQueueUnchanged]' started.
Test Case '-[MyRAMMacTests.MacSyncBatchControllerTests testFailedDurableUnsentEnqueueThrowsAndLeavesQueueUnchanged]' passed (0.070 seconds).
Test Case '-[MyRAMMacTests.MacSyncBatchControllerTests testMacControllerAdvertisingAndBrowsingEachStartExactlyOnce]' started.
Test Case '-[MyRAMMacTests.MacSyncBatchControllerTests testMacControllerAdvertisingAndBrowsingEachStartExactlyOnce]' passed (0.069 seconds).
Test Case '-[MyRAMMacTests.MacSyncBatchControllerTests testMacControllerDoesNotStartNetworkingBeforeExplicitStart]' started.
Test Case '-[MyRAMMacTests.MacSyncBatchControllerTests testMacControllerDoesNotStartNetworkingBeforeExplicitStart]' passed (0.077 seconds).
Test Case '-[MyRAMMacTests.MacSyncBatchControllerTests testOuterSchemaNegativeOneRejectsBatchBeforeControllerSideEffects]' started.
Test Case '-[MyRAMMacTests.MacSyncBatchControllerTests testOuterSchemaNegativeOneRejectsBatchBeforeControllerSideEffects]' passed (0.190 seconds).
Test Case '-[MyRAMMacTests.MacSyncBatchControllerTests testOuterSchemaZeroRejectsBatchBeforeControllerSideEffects]' started.
Test Case '-[MyRAMMacTests.MacSyncBatchControllerTests testOuterSchemaZeroRejectsBatchBeforeControllerSideEffects]' passed (0.200 seconds).
Test Case '-[MyRAMMacTests.MacSyncBatchControllerTests testProductionMacSyncFilesDoNotConstructOldDrainEngine]' started.
Test Case '-[MyRAMMacTests.MacSyncBatchControllerTests testProductionMacSyncFilesDoNotConstructOldDrainEngine]' passed (0.051 seconds).
Test Case '-[MyRAMMacTests.MacSyncBatchControllerTests testQuarantinedConvergenceStatusPreservesWorkReason]' started.
Test Case '-[MyRAMMacTests.MacSyncBatchControllerTests testQuarantinedConvergenceStatusPreservesWorkReason]' passed (0.074 seconds).
Test Case '-[MyRAMMacTests.MacSyncBatchControllerTests testReceiveDoesNotIndependentlyEnqueueRemoteBatchBeforeRuntimeSubmission]' started.
Test Case '-[MyRAMMacTests.MacSyncBatchControllerTests testReceiveDoesNotIndependentlyEnqueueRemoteBatchBeforeRuntimeSubmission]' passed (0.134 seconds).
Test Case '-[MyRAMMacTests.MacSyncBatchControllerTests testSessionLevelAnchoredBatchRejectsBeforeCaptureAcknowledgementOrStatus]' started.
Test Case '-[MyRAMMacTests.MacSyncBatchControllerTests testSessionLevelAnchoredBatchRejectsBeforeCaptureAcknowledgementOrStatus]' passed (0.192 seconds).
Test Case '-[MyRAMMacTests.MacSyncBatchControllerTests testSessionLevelLegacyBatchAcknowledgesOnlyAfterDurableCapture]' started.
Test Case '-[MyRAMMacTests.MacSyncBatchControllerTests testSessionLevelLegacyBatchAcknowledgesOnlyAfterDurableCapture]' passed (0.149 seconds).
Test Case '-[MyRAMMacTests.MacSyncBatchControllerTests testSyncTargetMembershipIncludesSharedCaptureAndMacPresentationTests]' started.
Test Case '-[MyRAMMacTests.MacSyncBatchControllerTests testSyncTargetMembershipIncludesSharedCaptureAndMacPresentationTests]' passed (0.060 seconds).
Test Suite 'MacSyncBatchControllerTests' passed at 2026-08-04 16:50:24.318.
	 Executed 15 tests, with 0 failures (0 unexpected) in 1.650 (1.659) seconds
Test Suite 'MacSyncConvergenceCoordinatorTests' started at 2026-08-04 16:50:24.319.
Test Case '-[MyRAMMacTests.MacSyncConvergenceCoordinatorTests testAnchoredDirectAdmissionRejectsBeforeDurabilityOrRuntimeSubmission]' started.
Test Case '-[MyRAMMacTests.MacSyncConvergenceCoordinatorTests testAnchoredDirectAdmissionRejectsBeforeDurabilityOrRuntimeSubmission]' passed (0.085 seconds).
Test Case '-[MyRAMMacTests.MacSyncConvergenceCoordinatorTests testDeferredIncomingDoesNotBlockDisjointEligibleBatch]' started.
2026-08-04 16:50:24.468412+0000 MyRAMMac[13548:39821] [ModelContext] SwiftData.ModelContext: Unbinding from the main queue. This context was instantiated on the main queue but is being used off it. ModelContexts are not Sendable, consider using a ModelActor.
Test Case '-[MyRAMMacTests.MacSyncConvergenceCoordinatorTests testDeferredIncomingDoesNotBlockDisjointEligibleBatch]' passed (0.135 seconds).
Test Case '-[MyRAMMacTests.MacSyncConvergenceCoordinatorTests testDurablyCaptureIncomingBatchPersistsBeforeSubmission]' started.
Test Case '-[MyRAMMacTests.MacSyncConvergenceCoordinatorTests testDurablyCaptureIncomingBatchPersistsBeforeSubmission]' passed (0.085 seconds).
Test Case '-[MyRAMMacTests.MacSyncConvergenceCoordinatorTests testLocalObligationSurvivesFailedDurableTransportEnqueue]' started.
Test Case '-[MyRAMMacTests.MacSyncConvergenceCoordinatorTests testLocalObligationSurvivesFailedDurableTransportEnqueue]' passed (0.098 seconds).
Test Case '-[MyRAMMacTests.MacSyncConvergenceCoordinatorTests testPendingIncomingSurvivesCoordinatorReconstruction]' started.
Test Case '-[MyRAMMacTests.MacSyncConvergenceCoordinatorTests testPendingIncomingSurvivesCoordinatorReconstruction]' passed (0.091 seconds).
Test Case '-[MyRAMMacTests.MacSyncConvergenceCoordinatorTests testRelaunchResumesDurableLocalObligationAfterFailedTransportEnqueue]' started.
Test Case '-[MyRAMMacTests.MacSyncConvergenceCoordinatorTests testRelaunchResumesDurableLocalObligationAfterFailedTransportEnqueue]' passed (0.150 seconds).
Test Suite 'MacSyncConvergenceCoordinatorTests' passed at 2026-08-04 16:50:24.966.
	 Executed 6 tests, with 0 failures (0 unexpected) in 0.643 (0.648) seconds
Test Suite 'MacSyncConvergencePresentationAdapterTests' started at 2026-08-04 16:50:24.967.
Test Case '-[MyRAMMacTests.MacSyncConvergencePresentationAdapterTests testIncrementalForNonSelectedNoteRefreshesMetadataWithoutEditorMutation]' started.
Test Case '-[MyRAMMacTests.MacSyncConvergencePresentationAdapterTests testIncrementalForNonSelectedNoteRefreshesMetadataWithoutEditorMutation]' passed (0.003 seconds).
Test Case '-[MyRAMMacTests.MacSyncConvergencePresentationAdapterTests testIncrementalForSelectedSafeEditorAppliesAndVerifiesAuthoritativeBody]' started.
Test Case '-[MyRAMMacTests.MacSyncConvergencePresentationAdapterTests testIncrementalForSelectedSafeEditorAppliesAndVerifiesAuthoritativeBody]' passed (0.105 seconds).
Test Case '-[MyRAMMacTests.MacSyncConvergencePresentationAdapterTests testIncrementalMalformedOperationPayloadFails]' started.
Test Case '-[MyRAMMacTests.MacSyncConvergencePresentationAdapterTests testIncrementalMalformedOperationPayloadFails]' passed (0.106 seconds).
Test Case '-[MyRAMMacTests.MacSyncConvergencePresentationAdapterTests testIncrementalPostApplyBodyMismatchFails]' started.
Test Case '-[MyRAMMacTests.MacSyncConvergencePresentationAdapterTests testIncrementalPostApplyBodyMismatchFails]' passed (0.106 seconds).
Test Case '-[MyRAMMacTests.MacSyncConvergencePresentationAdapterTests testIncrementalReloadRequiredFallbackBodyMismatchFails]' started.
Test Case '-[MyRAMMacTests.MacSyncConvergencePresentationAdapterTests testIncrementalReloadRequiredFallbackBodyMismatchFails]' passed (0.104 seconds).
Test Case '-[MyRAMMacTests.MacSyncConvergencePresentationAdapterTests testIncrementalReloadRequiredFallsBackToFullReloadAndCompletes]' started.
Test Case '-[MyRAMMacTests.MacSyncConvergencePresentationAdapterTests testIncrementalReloadRequiredFallsBackToFullReloadAndCompletes]' passed (0.103 seconds).
Test Case '-[MyRAMMacTests.MacSyncConvergencePresentationAdapterTests testIncrementalReloadRequiredStaysPendingWhenFallbackReloadIsDeferred]' started.
Test Case '-[MyRAMMacTests.MacSyncConvergencePresentationAdapterTests testIncrementalReloadRequiredStaysPendingWhenFallbackReloadIsDeferred]' passed (0.106 seconds).
Test Case '-[MyRAMMacTests.MacSyncConvergencePresentationAdapterTests testIncrementalUnsafeEditorRemainsPendingWithoutApplying]' started.
Test Case '-[MyRAMMacTests.MacSyncConvergencePresentationAdapterTests testIncrementalUnsafeEditorRemainsPendingWithoutApplying]' passed (0.105 seconds).
Test Case '-[MyRAMMacTests.MacSyncConvergencePresentationAdapterTests testNoneRefreshesMetadataWithoutRewritingSelectedEditorBody]' started.
Test Case '-[MyRAMMacTests.MacSyncConvergencePresentationAdapterTests testNoneRefreshesMetadataWithoutRewritingSelectedEditorBody]' passed (0.111 seconds).
Test Case '-[MyRAMMacTests.MacSyncConvergencePresentationAdapterTests testRemovedSelectedNoteClosesEditorAfterRefreshingList]' started.
Test Case '-[MyRAMMacTests.MacSyncConvergencePresentationAdapterTests testRemovedSelectedNoteClosesEditorAfterRefreshingList]' passed (0.106 seconds).
Test Case '-[MyRAMMacTests.MacSyncConvergencePresentationAdapterTests testWholeNoteFallbackReloadBodyMismatchFails]' started.
Test Case '-[MyRAMMacTests.MacSyncConvergencePresentationAdapterTests testWholeNoteFallbackReloadBodyMismatchFails]' passed (0.105 seconds).
Test Case '-[MyRAMMacTests.MacSyncConvergencePresentationAdapterTests testWholeNoteFallbackReloadsAndVerifiesAuthoritativeBody]' started.
Test Case '-[MyRAMMacTests.MacSyncConvergencePresentationAdapterTests testWholeNoteFallbackReloadsAndVerifiesAuthoritativeBody]' passed (0.105 seconds).
Test Case '-[MyRAMMacTests.MacSyncConvergencePresentationAdapterTests testWholeNoteFallbackUnsafeEditorRemainsPending]' started.
Test Case '-[MyRAMMacTests.MacSyncConvergencePresentationAdapterTests testWholeNoteFallbackUnsafeEditorRemainsPending]' passed (0.107 seconds).
Test Case '-[MyRAMMacTests.MacSyncConvergencePresentationAdapterTests testWholeNoteFallbackWithoutReceiptFails]' started.
Test Case '-[MyRAMMacTests.MacSyncConvergencePresentationAdapterTests testWholeNoteFallbackWithoutReceiptFails]' passed (0.111 seconds).
Test Suite 'MacSyncConvergencePresentationAdapterTests' passed at 2026-08-04 16:50:26.357.
	 Executed 14 tests, with 0 failures (0 unexpected) in 1.382 (1.391) seconds
Test Suite 'MacSyncDeviceIdentityTests' started at 2026-08-04 16:50:26.358.
Test Case '-[MyRAMMacTests.MacSyncDeviceIdentityTests testCurrentIdentityCreatesAndStoresDeviceIDWhenMissing]' started.
Test Case '-[MyRAMMacTests.MacSyncDeviceIdentityTests testCurrentIdentityCreatesAndStoresDeviceIDWhenMissing]' passed (0.009 seconds).
Test Case '-[MyRAMMacTests.MacSyncDeviceIdentityTests testCurrentIdentityReusesExistingStableDeviceIDKey]' started.
Test Case '-[MyRAMMacTests.MacSyncDeviceIdentityTests testCurrentIdentityReusesExistingStableDeviceIDKey]' passed (0.007 seconds).
Test Suite 'MacSyncDeviceIdentityTests' passed at 2026-08-04 16:50:26.377.
	 Executed 2 tests, with 0 failures (0 unexpected) in 0.016 (0.018) seconds
Test Suite 'MacSyncIncomingLocalBoundaryTests' started at 2026-08-04 16:50:26.377.
Test Case '-[MyRAMMacTests.MacSyncIncomingLocalBoundaryTests testAttemptWithoutCurrentEditorOwnershipCannotSetOrClearSaveError]' started.
Test Case '-[MyRAMMacTests.MacSyncIncomingLocalBoundaryTests testAttemptWithoutCurrentEditorOwnershipCannotSetOrClearSaveError]' passed (0.002 seconds).
Test Case '-[MyRAMMacTests.MacSyncIncomingLocalBoundaryTests testBoundaryInitiatedSaveCarriesExtractedObligationThroughCommonCompletion]' started.
Test Case '-[MyRAMMacTests.MacSyncIncomingLocalBoundaryTests testBoundaryInitiatedSaveCarriesExtractedObligationThroughCommonCompletion]' passed (0.111 seconds).
Test Case '-[MyRAMMacTests.MacSyncIncomingLocalBoundaryTests testBoundarySaveSupersededByNewerEditCannotReturnReady]' started.
Test Case '-[MyRAMMacTests.MacSyncIncomingLocalBoundaryTests testBoundarySaveSupersededByNewerEditCannotReturnReady]' passed (0.002 seconds).
Test Case '-[MyRAMMacTests.MacSyncIncomingLocalBoundaryTests testCaptureFailureMapsToSharedLocalCaptureFailure]' started.
Test Case '-[MyRAMMacTests.MacSyncIncomingLocalBoundaryTests testCaptureFailureMapsToSharedLocalCaptureFailure]' passed (0.114 seconds).
Test Case '-[MyRAMMacTests.MacSyncIncomingLocalBoundaryTests testCurrentRevisionPersistenceFailureReturnsFailedAndSetsSaveError]' started.
Test Case '-[MyRAMMacTests.MacSyncIncomingLocalBoundaryTests testCurrentRevisionPersistenceFailureReturnsFailedAndSetsSaveError]' passed (0.003 seconds).
Test Case '-[MyRAMMacTests.MacSyncIncomingLocalBoundaryTests testFlushSavesCurrentRevisionAfterCancellingItsDebounceWhileOlderRevisionIsActive]' started.
Test Case '-[MyRAMMacTests.MacSyncIncomingLocalBoundaryTests testFlushSavesCurrentRevisionAfterCancellingItsDebounceWhileOlderRevisionIsActive]' passed (0.106 seconds).
Test Case '-[MyRAMMacTests.MacSyncIncomingLocalBoundaryTests testFlushWaitsForInFlightSameRevisionPublicationBeforeReportingSuccess]' started.
Test Case '-[MyRAMMacTests.MacSyncIncomingLocalBoundaryTests testFlushWaitsForInFlightSameRevisionPublicationBeforeReportingSuccess]' passed (0.110 seconds).
Test Case '-[MyRAMMacTests.MacSyncIncomingLocalBoundaryTests testIncomingBoundaryCannotBypassInFlightOrdinarySaveForSameNote]' started.
Test Case '-[MyRAMMacTests.MacSyncIncomingLocalBoundaryTests testIncomingBoundaryCannotBypassInFlightOrdinarySaveForSameNote]' passed (0.105 seconds).
Test Case '-[MyRAMMacTests.MacSyncIncomingLocalBoundaryTests testInvariantViolationMapsToSharedBoundaryInvariantViolation]' started.
Test Case '-[MyRAMMacTests.MacSyncIncomingLocalBoundaryTests testInvariantViolationMapsToSharedBoundaryInvariantViolation]' passed (0.105 seconds).
Test Case '-[MyRAMMacTests.MacSyncIncomingLocalBoundaryTests testLocalObligationSurfaceMapsToSharedLocalObligationPreparation]' started.
Test Case '-[MyRAMMacTests.MacSyncIncomingLocalBoundaryTests testLocalObligationSurfaceMapsToSharedLocalObligationPreparation]' passed (0.105 seconds).
Test Case '-[MyRAMMacTests.MacSyncIncomingLocalBoundaryTests testMissingBodyObligationRemainsInvariantWhenCompletedAttemptIsSuperseded]' started.
Test Case '-[MyRAMMacTests.MacSyncIncomingLocalBoundaryTests testMissingBodyObligationRemainsInvariantWhenCompletedAttemptIsSuperseded]' passed (0.002 seconds).
Test Case '-[MyRAMMacTests.MacSyncIncomingLocalBoundaryTests testMissingNoteMapsToSharedLocalCaptureFailure]' started.
Test Case '-[MyRAMMacTests.MacSyncIncomingLocalBoundaryTests testMissingNoteMapsToSharedLocalCaptureFailure]' passed (0.106 seconds).
Test Case '-[MyRAMMacTests.MacSyncIncomingLocalBoundaryTests testMultiNoteBoundaryContinuesAfterSelectedNoBodySaveAndExtractsLaterPendingBodyObligation]' started.
Test Case '-[MyRAMMacTests.MacSyncIncomingLocalBoundaryTests testMultiNoteBoundaryContinuesAfterSelectedNoBodySaveAndExtractsLaterPendingBodyObligation]' passed (0.109 seconds).
Test Case '-[MyRAMMacTests.MacSyncIncomingLocalBoundaryTests testMultiNoteBoundaryReturnsReadyOnlyAfterEveryAffectedNoteIsChecked]' started.
Test Case '-[MyRAMMacTests.MacSyncIncomingLocalBoundaryTests testMultiNoteBoundaryReturnsReadyOnlyAfterEveryAffectedNoteIsChecked]' passed (0.105 seconds).
Test Case '-[MyRAMMacTests.MacSyncIncomingLocalBoundaryTests testMultiNoteBoundaryStopsOnSemanticFailureBeforeLaterPlanning]' started.
Test Case '-[MyRAMMacTests.MacSyncIncomingLocalBoundaryTests testMultiNoteBoundaryStopsOnSemanticFailureBeforeLaterPlanning]' passed (0.103 seconds).
Test Case '-[MyRAMMacTests.MacSyncIncomingLocalBoundaryTests testNewerRevisionCannotPersistOrPublishBeforeOlderRevisionCompletesPublication]' started.
Test Case '-[MyRAMMacTests.MacSyncIncomingLocalBoundaryTests testNewerRevisionCannotPersistOrPublishBeforeOlderRevisionCompletesPublication]' passed (0.107 seconds).
Test Case '-[MyRAMMacTests.MacSyncIncomingLocalBoundaryTests testOrdinarySaveCompletionDoesNotClearNewerUnsavedRevision]' started.
Test Case '-[MyRAMMacTests.MacSyncIncomingLocalBoundaryTests testOrdinarySaveCompletionDoesNotClearNewerUnsavedRevision]' passed (0.002 seconds).
Test Case '-[MyRAMMacTests.MacSyncIncomingLocalBoundaryTests testPersistenceFailureMapsToSharedLocalPersistenceFailure]' started.
Test Case '-[MyRAMMacTests.MacSyncIncomingLocalBoundaryTests testPersistenceFailureMapsToSharedLocalPersistenceFailure]' passed (0.115 seconds).
Test Case '-[MyRAMMacTests.MacSyncIncomingLocalBoundaryTests testQueuedSupersededRevisionDoesNotPersistWhenItObtainsTheSaveSlot]' started.
Test Case '-[MyRAMMacTests.MacSyncIncomingLocalBoundaryTests testQueuedSupersededRevisionDoesNotPersistWhenItObtainsTheSaveSlot]' passed (0.004 seconds).
Test Case '-[MyRAMMacTests.MacSyncIncomingLocalBoundaryTests testReadySurfaceMapsToSharedReadyPreparation]' started.
Test Case '-[MyRAMMacTests.MacSyncIncomingLocalBoundaryTests testReadySurfaceMapsToSharedReadyPreparation]' passed (0.112 seconds).
Test Case '-[MyRAMMacTests.MacSyncIncomingLocalBoundaryTests testStaleLocalStateMapsToSharedStaleStateFailure]' started.
Test Case '-[MyRAMMacTests.MacSyncIncomingLocalBoundaryTests testStaleLocalStateMapsToSharedStaleStateFailure]' passed (0.115 seconds).
Test Case '-[MyRAMMacTests.MacSyncIncomingLocalBoundaryTests testStaleSaveCompletionDoesNotClearNewerSaveError]' started.
Test Case '-[MyRAMMacTests.MacSyncIncomingLocalBoundaryTests testStaleSaveCompletionDoesNotClearNewerSaveError]' passed (0.003 seconds).
Test Case '-[MyRAMMacTests.MacSyncIncomingLocalBoundaryTests testSupersededIncomingBoundaryIsAdmittedAfterNewerRevisionSaves]' started.
Test Case '-[MyRAMMacTests.MacSyncIncomingLocalBoundaryTests testSupersededIncomingBoundaryIsAdmittedAfterNewerRevisionSaves]' passed (0.003 seconds).
Test Suite 'MacSyncIncomingLocalBoundaryTests' passed at 2026-08-04 16:50:28.046.
	 Executed 23 tests, with 0 failures (0 unexpected) in 1.649 (1.669) seconds
Test Suite 'MacSyncSeenBatchStoreTests' started at 2026-08-04 16:50:28.047.
Test Case '-[MyRAMMacTests.MacSyncSeenBatchStoreTests testMarkSeenPersistsBatchIDAcrossStoreInstances]' started.
Test Case '-[MyRAMMacTests.MacSyncSeenBatchStoreTests testMarkSeenPersistsBatchIDAcrossStoreInstances]' passed (0.008 seconds).
Test Case '-[MyRAMMacTests.MacSyncSeenBatchStoreTests testUnseenBatchIDReturnsFalse]' started.
Test Case '-[MyRAMMacTests.MacSyncSeenBatchStoreTests testUnseenBatchIDReturnsFalse]' passed (0.003 seconds).
Test Suite 'MacSyncSeenBatchStoreTests' passed at 2026-08-04 16:50:28.059.
	 Executed 2 tests, with 0 failures (0 unexpected) in 0.011 (0.013) seconds
Test Suite 'MarkdownFileIOTests' started at 2026-08-04 16:50:28.060.
Test Case '-[MyRAMMacTests.MarkdownFileIOTests testAtomicWriterCreatesExactDestinationWithoutTemporaryArtifacts]' started.
Test Case '-[MyRAMMacTests.MarkdownFileIOTests testAtomicWriterCreatesExactDestinationWithoutTemporaryArtifacts]' passed (0.003 seconds).
Test Case '-[MyRAMMacTests.MarkdownFileIOTests testClassifierKeepsMyRAMDistinctAndRejectsUnsupportedFiles]' started.
Test Case '-[MyRAMMacTests.MarkdownFileIOTests testClassifierKeepsMyRAMDistinctAndRejectsUnsupportedFiles]' passed (0.001 seconds).
Test Case '-[MyRAMMacTests.MarkdownFileIOTests testClassifierUsesMarkdownContentTypeAndExtensionFallbacks]' started.
2026-08-04 16:50:28.065444+0000 MyRAMMac[13548:39788] [Type Declaration Issues] Type "net.daringfireball.markdown" was expected to be declared and imported in the Info.plist of MyRAMMac.app, but it was not found.
Test Case '-[MyRAMMacTests.MarkdownFileIOTests testClassifierUsesMarkdownContentTypeAndExtensionFallbacks]' passed (0.373 seconds).
Test Case '-[MyRAMMacTests.MarkdownFileIOTests testExportEncodingAddsNoBOMNewlineOrNormalization]' started.
Test Case '-[MyRAMMacTests.MarkdownFileIOTests testExportEncodingAddsNoBOMNewlineOrNormalization]' passed (0.002 seconds).
Test Case '-[MyRAMMacTests.MarkdownFileIOTests testExportFilenameCapDoesNotSplitCharacter]' started.
Test Case '-[MyRAMMacTests.MarkdownFileIOTests testExportFilenameCapDoesNotSplitCharacter]' passed (0.002 seconds).
Test Case '-[MyRAMMacTests.MarkdownFileIOTests testExportFilenameFallsBackWhenPostCapTrimEmptiesStem]' started.
Test Case '-[MyRAMMacTests.MarkdownFileIOTests testExportFilenameFallsBackWhenPostCapTrimEmptiesStem]' passed (0.002 seconds).
Test Case '-[MyRAMMacTests.MarkdownFileIOTests testExportFilenameRetrimsSeparatorsIntroducedAtCapBoundary]' started.
Test Case '-[MyRAMMacTests.MarkdownFileIOTests testExportFilenameRetrimsSeparatorsIntroducedAtCapBoundary]' passed (0.001 seconds).
Test Case '-[MyRAMMacTests.MarkdownFileIOTests testExportFilenameSanitizesAndAvoidsDuplicateExtension]' started.
Test Case '-[MyRAMMacTests.MarkdownFileIOTests testExportFilenameSanitizesAndAvoidsDuplicateExtension]' passed (0.001 seconds).
Test Case '-[MyRAMMacTests.MarkdownFileIOTests testImportedTitleUsesVisibleStemAndUntitledFallback]' started.
Test Case '-[MyRAMMacTests.MarkdownFileIOTests testImportedTitleUsesVisibleStemAndUntitledFallback]' passed (0.001 seconds).
Test Case '-[MyRAMMacTests.MarkdownFileIOTests testInjectedWriteFailureLeavesExistingDestinationUnchanged]' started.
Test Case '-[MyRAMMacTests.MarkdownFileIOTests testInjectedWriteFailureLeavesExistingDestinationUnchanged]' passed (0.003 seconds).
Test Case '-[MyRAMMacTests.MarkdownFileIOTests testReaderMapsFileFailureWithoutConstructingDocument]' started.
Test Case '-[MyRAMMacTests.MarkdownFileIOTests testReaderMapsFileFailureWithoutConstructingDocument]' passed (0.002 seconds).
Test Case '-[MyRAMMacTests.MarkdownFileIOTests testReaderPreservesEmptySource]' started.
Test Case '-[MyRAMMacTests.MarkdownFileIOTests testReaderPreservesEmptySource]' passed (0.001 seconds).
Test Case '-[MyRAMMacTests.MarkdownFileIOTests testReaderRejectsInvalidUTF8]' started.
Test Case '-[MyRAMMacTests.MarkdownFileIOTests testReaderRejectsInvalidUTF8]' passed (0.001 seconds).
Test Case '-[MyRAMMacTests.MarkdownFileIOTests testReaderStrictlyPreservesValidUTF8Source]' started.
Test Case '-[MyRAMMacTests.MarkdownFileIOTests testReaderStrictlyPreservesValidUTF8Source]' passed (0.001 seconds).
Test Case '-[MyRAMMacTests.MarkdownFileIOTests testWriterPassesExactBytesToAtomicWriteSeam]' started.
Test Case '-[MyRAMMacTests.MarkdownFileIOTests testWriterPassesExactBytesToAtomicWriteSeam]' passed (0.002 seconds).
Test Suite 'MarkdownFileIOTests' passed at 2026-08-04 16:50:28.462.
	 Executed 15 tests, with 0 failures (0 unexpected) in 0.395 (0.402) seconds
Test Suite 'MarkdownPreviewParserTests' started at 2026-08-04 16:50:28.462.
Test Case '-[MyRAMMacTests.MarkdownPreviewParserTests testAdjacentParagraphsRemainDistinctBlocks]' started.
Test Case '-[MyRAMMacTests.MarkdownPreviewParserTests testAdjacentParagraphsRemainDistinctBlocks]' passed (0.001 seconds).
Test Case '-[MyRAMMacTests.MarkdownPreviewParserTests testBlockQuoteProducesBlockQuoteBlock]' started.
Test Case '-[MyRAMMacTests.MarkdownPreviewParserTests testBlockQuoteProducesBlockQuoteBlock]' passed (0.001 seconds).
Test Case '-[MyRAMMacTests.MarkdownPreviewParserTests testEmphasisAndStrongAreInlineAttributes]' started.
Test Case '-[MyRAMMacTests.MarkdownPreviewParserTests testEmphasisAndStrongAreInlineAttributes]' passed (0.006 seconds).
Test Case '-[MyRAMMacTests.MarkdownPreviewParserTests testEmptySourceProducesEmptyDocument]' started.
Test Case '-[MyRAMMacTests.MarkdownPreviewParserTests testEmptySourceProducesEmptyDocument]' passed (0.002 seconds).
Test Case '-[MyRAMMacTests.MarkdownPreviewParserTests testFencedCodeBlockProducesCodeBlock]' started.
Test Case '-[MyRAMMacTests.MarkdownPreviewParserTests testFencedCodeBlockProducesCodeBlock]' passed (0.001 seconds).
Test Case '-[MyRAMMacTests.MarkdownPreviewParserTests testForcedParserFailureReturnsExactSource]' started.
Test Case '-[MyRAMMacTests.MarkdownPreviewParserTests testForcedParserFailureReturnsExactSource]' passed (0.001 seconds).
Test Case '-[MyRAMMacTests.MarkdownPreviewParserTests testFoundationListOrdinalCharacterizationOnDeploymentSDK]' started.
Test Case '-[MyRAMMacTests.MarkdownPreviewParserTests testFoundationListOrdinalCharacterizationOnDeploymentSDK]' passed (0.003 seconds).
Test Case '-[MyRAMMacTests.MarkdownPreviewParserTests testHeadingProducesHeadingBlock]' started.
Test Case '-[MyRAMMacTests.MarkdownPreviewParserTests testHeadingProducesHeadingBlock]' passed (0.001 seconds).
Test Case '-[MyRAMMacTests.MarkdownPreviewParserTests testMissingOrNonpositiveOrdinalDoesNotFabricateNumberedItem]' started.
Test Case '-[MyRAMMacTests.MarkdownPreviewParserTests testMissingOrNonpositiveOrdinalDoesNotFabricateNumberedItem]' passed (0.001 seconds).
Test Case '-[MyRAMMacTests.MarkdownPreviewParserTests testNestedOrderedListPreservesOuterAndInnerOrdinals]' started.
Test Case '-[MyRAMMacTests.MarkdownPreviewParserTests testNestedOrderedListPreservesOuterAndInnerOrdinals]' passed (0.002 seconds).
Test Case '-[MyRAMMacTests.MarkdownPreviewParserTests testNestedUnorderedListInsideOrderedListUsesUnorderedStyle]' started.
Test Case '-[MyRAMMacTests.MarkdownPreviewParserTests testNestedUnorderedListInsideOrderedListUsesUnorderedStyle]' passed (0.001 seconds).
Test Case '-[MyRAMMacTests.MarkdownPreviewParserTests testOrderedListProducesSeparateOrderedListItemBlocks]' started.
Test Case '-[MyRAMMacTests.MarkdownPreviewParserTests testOrderedListProducesSeparateOrderedListItemBlocks]' passed (0.001 seconds).
Test Case '-[MyRAMMacTests.MarkdownPreviewParserTests testParagraphProducesParagraphBlock]' started.
Test Case '-[MyRAMMacTests.MarkdownPreviewParserTests testParagraphProducesParagraphBlock]' passed (0.001 seconds).
Test Case '-[MyRAMMacTests.MarkdownPreviewParserTests testSeparateListsAtSameDepthRestartCounterAtOne]' started.
Test Case '-[MyRAMMacTests.MarkdownPreviewParserTests testSeparateListsAtSameDepthRestartCounterAtOne]' passed (0.001 seconds).
Test Case '-[MyRAMMacTests.MarkdownPreviewParserTests testUnknownPresentationIntentMapsToParagraphKind]' started.
Test Case '-[MyRAMMacTests.MarkdownPreviewParserTests testUnknownPresentationIntentMapsToParagraphKind]' passed (0.001 seconds).
Test Case '-[MyRAMMacTests.MarkdownPreviewParserTests testUnorderedListProducesSeparateUnorderedListItemBlocks]' started.
Test Case '-[MyRAMMacTests.MarkdownPreviewParserTests testUnorderedListProducesSeparateUnorderedListItemBlocks]' passed (0.001 seconds).
Test Suite 'MarkdownPreviewParserTests' passed at 2026-08-04 16:50:28.494.
	 Executed 16 tests, with 0 failures (0 unexpected) in 0.024 (0.032) seconds
Test Suite 'MyRAMSyncOperationIDAllocatorTests' started at 2026-08-04 16:50:28.498.
Test Case '-[MyRAMMacTests.MyRAMSyncOperationIDAllocatorTests testConcurrentCallsThroughOneAllocatorAreUniqueAndContiguous]' started.
2026-08-04 16:50:28.511538+0000 MyRAMMac[13548:39818] Detected potentially harmful notification post rate of 1051.43 notifications per second
Test Case '-[MyRAMMacTests.MyRAMSyncOperationIDAllocatorTests testConcurrentCallsThroughOneAllocatorAreUniqueAndContiguous]' passed (0.037 seconds).
Test Case '-[MyRAMMacTests.MyRAMSyncOperationIDAllocatorTests testConcurrentFirstUseSelectsOneAuthoritativeActor]' started.
Test Case '-[MyRAMMacTests.MyRAMSyncOperationIDAllocatorTests testConcurrentFirstUseSelectsOneAuthoritativeActor]' passed (0.005 seconds).
Test Case '-[MyRAMMacTests.MyRAMSyncOperationIDAllocatorTests testConstructionIsLazyAndUnavailableStorageFailsClosed]' started.
Test Case '-[MyRAMMacTests.MyRAMSyncOperationIDAllocatorTests testConstructionIsLazyAndUnavailableStorageFailsClosed]' passed (0.002 seconds).
Test Case '-[MyRAMMacTests.MyRAMSyncOperationIDAllocatorTests testDirectoryAndLockRemainStableAcrossAtomicStateReplacement]' started.
Test Case '-[MyRAMMacTests.MyRAMSyncOperationIDAllocatorTests testDirectoryAndLockRemainStableAcrossAtomicStateReplacement]' passed (0.006 seconds).
Test Case '-[MyRAMMacTests.MyRAMSyncOperationIDAllocatorTests testDistinctAllocatorsSharingRealStoreSerializeOneContiguousSequence]' started.
Test Case '-[MyRAMMacTests.MyRAMSyncOperationIDAllocatorTests testDistinctAllocatorsSharingRealStoreSerializeOneContiguousSequence]' passed (0.028 seconds).
Test Case '-[MyRAMMacTests.MyRAMSyncOperationIDAllocatorTests testExhaustionPreservesMaximumRecord]' started.
Test Case '-[MyRAMMacTests.MyRAMSyncOperationIDAllocatorTests testExhaustionPreservesMaximumRecord]' passed (0.003 seconds).
Test Case '-[MyRAMMacTests.MyRAMSyncOperationIDAllocatorTests testFailureAfterInstallationLeavesProtectedGapOnRetry]' started.
Test Case '-[MyRAMMacTests.MyRAMSyncOperationIDAllocatorTests testFailureAfterInstallationLeavesProtectedGapOnRetry]' passed (0.005 seconds).
Test Case '-[MyRAMMacTests.MyRAMSyncOperationIDAllocatorTests testFailureAfterVerificationDoesNotReuseCommittedReservation]' started.
Test Case '-[MyRAMMacTests.MyRAMSyncOperationIDAllocatorTests testFailureAfterVerificationDoesNotReuseCommittedReservation]' passed (0.003 seconds).
Test Case '-[MyRAMMacTests.MyRAMSyncOperationIDAllocatorTests testFailureBeforeInstallationAllowsUncommittedCounterToBeRetried]' started.
Test Case '-[MyRAMMacTests.MyRAMSyncOperationIDAllocatorTests testFailureBeforeInstallationAllowsUncommittedCounterToBeRetried]' passed (0.002 seconds).
Test Case '-[MyRAMMacTests.MyRAMSyncOperationIDAllocatorTests testFirstAndSequentialReservationsPersistCanonicalRecord]' started.
Test Case '-[MyRAMMacTests.MyRAMSyncOperationIDAllocatorTests testFirstAndSequentialReservationsPersistCanonicalRecord]' passed (0.005 seconds).
Test Case '-[MyRAMMacTests.MyRAMSyncOperationIDAllocatorTests testFirstReservationPreparesProtectedDirectoryBeforeCreatingFiles]' started.
Test Case '-[MyRAMMacTests.MyRAMSyncOperationIDAllocatorTests testFirstReservationPreparesProtectedDirectoryBeforeCreatingFiles]' passed (0.003 seconds).
Test Case '-[MyRAMMacTests.MyRAMSyncOperationIDAllocatorTests testInvalidRecordsFailClosedWithoutReplacingStateOrCreatingActor]' started.
Test Case '-[MyRAMMacTests.MyRAMSyncOperationIDAllocatorTests testInvalidRecordsFailClosedWithoutReplacingStateOrCreatingActor]' passed (0.005 seconds).
Test Case '-[MyRAMMacTests.MyRAMSyncOperationIDAllocatorTests testMissingRecordAfterPriorUseCreatesNewActorAtCounterZero]' started.
Test Case '-[MyRAMMacTests.MyRAMSyncOperationIDAllocatorTests testMissingRecordAfterPriorUseCreatesNewActorAtCounterZero]' passed (0.002 seconds).
Test Case '-[MyRAMMacTests.MyRAMSyncOperationIDAllocatorTests testProtectedDirectoryFailureCreatesNoTransactionFilesOrActor]' started.
Test Case '-[MyRAMMacTests.MyRAMSyncOperationIDAllocatorTests testProtectedDirectoryFailureCreatesNoTransactionFilesOrActor]' passed (0.003 seconds).
Test Case '-[MyRAMMacTests.MyRAMSyncOperationIDAllocatorTests testRecreatedAllocatorAdvancesExistingActor]' started.
Test Case '-[MyRAMMacTests.MyRAMSyncOperationIDAllocatorTests testRecreatedAllocatorAdvancesExistingActor]' passed (0.003 seconds).
Test Case '-[MyRAMMacTests.MyRAMSyncOperationIDAllocatorTests testSecondStoreCannotEnterLockedTransactionUntilFirstReleases]' started.
Test Case '-[MyRAMMacTests.MyRAMSyncOperationIDAllocatorTests testSecondStoreCannotEnterLockedTransactionUntilFirstReleases]' passed (0.107 seconds).
Test Suite 'MyRAMSyncOperationIDAllocatorTests' passed at 2026-08-04 16:50:28.723.
	 Executed 16 tests, with 0 failures (0 unexpected) in 0.219 (0.225) seconds
Test Suite 'NoteSequenceStateBootstrapMigratorTests' started at 2026-08-04 16:50:28.723.
Test Case '-[MyRAMMacTests.NoteSequenceStateBootstrapMigratorTests testMigrationCoversActiveDeletedEmptyAndNonemptyNotes]' started.
Test Case '-[MyRAMMacTests.NoteSequenceStateBootstrapMigratorTests testMigrationCoversActiveDeletedEmptyAndNonemptyNotes]' passed (0.021 seconds).
Test Case '-[MyRAMMacTests.NoteSequenceStateBootstrapMigratorTests testMigrationPersistsEarlierNotesBeforeInjectedInterruption]' started.
Test Case '-[MyRAMMacTests.NoteSequenceStateBootstrapMigratorTests testMigrationPersistsEarlierNotesBeforeInjectedInterruption]' passed (0.015 seconds).
Test Case '-[MyRAMMacTests.NoteSequenceStateBootstrapMigratorTests testMigrationProcessesNoteIDsInDeterministicOrder]' started.
Test Case '-[MyRAMMacTests.NoteSequenceStateBootstrapMigratorTests testMigrationProcessesNoteIDsInDeterministicOrder]' passed (0.019 seconds).
Test Case '-[MyRAMMacTests.NoteSequenceStateBootstrapMigratorTests testMigrationReestablishesValidStaleRows]' started.
Test Case '-[MyRAMMacTests.NoteSequenceStateBootstrapMigratorTests testMigrationReestablishesValidStaleRows]' passed (0.017 seconds).
Test Case '-[MyRAMMacTests.NoteSequenceStateBootstrapMigratorTests testMigrationRerunIsIdempotentForExactRows]' started.
Test Case '-[MyRAMMacTests.NoteSequenceStateBootstrapMigratorTests testMigrationRerunIsIdempotentForExactRows]' passed (0.016 seconds).
Test Case '-[MyRAMMacTests.NoteSequenceStateBootstrapMigratorTests testMigrationResumesRemainingNotesAfterInterruption]' started.
Test Case '-[MyRAMMacTests.NoteSequenceStateBootstrapMigratorTests testMigrationResumesRemainingNotesAfterInterruption]' passed (0.018 seconds).
Test Case '-[MyRAMMacTests.NoteSequenceStateBootstrapMigratorTests testMigrationStopsAtCorruptRowWithoutOverwritingIt]' started.
Test Case '-[MyRAMMacTests.NoteSequenceStateBootstrapMigratorTests testMigrationStopsAtCorruptRowWithoutOverwritingIt]' passed (0.016 seconds).
Test Case '-[MyRAMMacTests.NoteSequenceStateBootstrapMigratorTests testMigrationStopsAtUnsupportedRowWithoutOverwritingIt]' started.
Test Case '-[MyRAMMacTests.NoteSequenceStateBootstrapMigratorTests testMigrationStopsAtUnsupportedRowWithoutOverwritingIt]' passed (0.015 seconds).
Test Suite 'NoteSequenceStateBootstrapMigratorTests' passed at 2026-08-04 16:50:28.864.
	 Executed 8 tests, with 0 failures (0 unexpected) in 0.136 (0.140) seconds
Test Suite 'NoteSequenceStateFullBodyIntegrationTests' started at 2026-08-04 16:50:28.864.
Test Case '-[MyRAMMacTests.NoteSequenceStateFullBodyIntegrationTests testEnsureCurrentBodyStateCreatesMissingRevisionZeroState]' started.
Test Case '-[MyRAMMacTests.NoteSequenceStateFullBodyIntegrationTests testEnsureCurrentBodyStateCreatesMissingRevisionZeroState]' passed (0.013 seconds).
Test Case '-[MyRAMMacTests.NoteSequenceStateFullBodyIntegrationTests testEnsureCurrentBodyStatePreservesExactExistingStateWithoutRewrite]' started.
Test Case '-[MyRAMMacTests.NoteSequenceStateFullBodyIntegrationTests testEnsureCurrentBodyStatePreservesExactExistingStateWithoutRewrite]' passed (0.012 seconds).
Test Case '-[MyRAMMacTests.NoteSequenceStateFullBodyIntegrationTests testEnsureCurrentBodyStateRejectsCorruptStateWithoutMutation]' started.
Test Case '-[MyRAMMacTests.NoteSequenceStateFullBodyIntegrationTests testEnsureCurrentBodyStateRejectsCorruptStateWithoutMutation]' passed (0.013 seconds).
Test Case '-[MyRAMMacTests.NoteSequenceStateFullBodyIntegrationTests testEnsureCurrentBodyStateRejectsRevisionExhaustionWithoutMutation]' started.
Test Case '-[MyRAMMacTests.NoteSequenceStateFullBodyIntegrationTests testEnsureCurrentBodyStateRejectsRevisionExhaustionWithoutMutation]' passed (0.013 seconds).
Test Case '-[MyRAMMacTests.NoteSequenceStateFullBodyIntegrationTests testEnsureCurrentBodyStateRejectsUnsupportedStateWithoutMutation]' started.
Test Case '-[MyRAMMacTests.NoteSequenceStateFullBodyIntegrationTests testEnsureCurrentBodyStateRejectsUnsupportedStateWithoutMutation]' passed (0.013 seconds).
Test Case '-[MyRAMMacTests.NoteSequenceStateFullBodyIntegrationTests testEnsureCurrentBodyStateReplacesValidStaleStateAtNextRevision]' started.
Test Case '-[MyRAMMacTests.NoteSequenceStateFullBodyIntegrationTests testEnsureCurrentBodyStateReplacesValidStaleStateAtNextRevision]' passed (0.014 seconds).
Test Case '-[MyRAMMacTests.NoteSequenceStateFullBodyIntegrationTests testInsertNewNoteCommitsDetachedNoteAndRevisionZeroStateTogether]' started.
Test Case '-[MyRAMMacTests.NoteSequenceStateFullBodyIntegrationTests testInsertNewNoteCommitsDetachedNoteAndRevisionZeroStateTogether]' passed (0.012 seconds).
Test Case '-[MyRAMMacTests.NoteSequenceStateFullBodyIntegrationTests testInsertNewNoteRejectsExactBodyMismatchBeforeInsertion]' started.
Test Case '-[MyRAMMacTests.NoteSequenceStateFullBodyIntegrationTests testInsertNewNoteRejectsExactBodyMismatchBeforeInsertion]' passed (0.010 seconds).
Test Case '-[MyRAMMacTests.NoteSequenceStateFullBodyIntegrationTests testInsertNewNoteRejectsExistingNoteCollisionBeforeInsertion]' started.
Test Case '-[MyRAMMacTests.NoteSequenceStateFullBodyIntegrationTests testInsertNewNoteRejectsExistingNoteCollisionBeforeInsertion]' passed (0.012 seconds).
Test Case '-[MyRAMMacTests.NoteSequenceStateFullBodyIntegrationTests testInsertNewNoteRejectsExistingStateCollisionBeforeInsertion]' started.
Test Case '-[MyRAMMacTests.NoteSequenceStateFullBodyIntegrationTests testInsertNewNoteRejectsExistingStateCollisionBeforeInsertion]' passed (0.011 seconds).
Test Case '-[MyRAMMacTests.NoteSequenceStateFullBodyIntegrationTests testInsertNewNoteRejectsPreparedNoteIDMismatchBeforeInsertion]' started.
Test Case '-[MyRAMMacTests.NoteSequenceStateFullBodyIntegrationTests testInsertNewNoteRejectsPreparedNoteIDMismatchBeforeInsertion]' passed (0.010 seconds).
Test Case '-[MyRAMMacTests.NoteSequenceStateFullBodyIntegrationTests testReplaceBodyCreatesRevisionZeroStateWhenStateIsMissing]' started.
Test Case '-[MyRAMMacTests.NoteSequenceStateFullBodyIntegrationTests testReplaceBodyCreatesRevisionZeroStateWhenStateIsMissing]' passed (0.013 seconds).
Test Case '-[MyRAMMacTests.NoteSequenceStateFullBodyIntegrationTests testReplaceBodyPersistsExactUTF16AcrossFreshContextWithoutSecondRewrite]' started.
Test Case '-[MyRAMMacTests.NoteSequenceStateFullBodyIntegrationTests testReplaceBodyPersistsExactUTF16AcrossFreshContextWithoutSecondRewrite]' passed (0.014 seconds).
Test Case '-[MyRAMMacTests.NoteSequenceStateFullBodyIntegrationTests testReplaceBodyPreservesStateWhenItAlreadyMatchesFinalBodyExactly]' started.
Test Case '-[MyRAMMacTests.NoteSequenceStateFullBodyIntegrationTests testReplaceBodyPreservesStateWhenItAlreadyMatchesFinalBodyExactly]' passed (0.012 seconds).
Test Case '-[MyRAMMacTests.NoteSequenceStateFullBodyIntegrationTests testReplaceBodyRejectsCorruptStateBeforeChangingBody]' started.
Test Case '-[MyRAMMacTests.NoteSequenceStateFullBodyIntegrationTests testReplaceBodyRejectsCorruptStateBeforeChangingBody]' passed (0.014 seconds).
Test Case '-[MyRAMMacTests.NoteSequenceStateFullBodyIntegrationTests testReplaceBodyRejectsRevisionExhaustionBeforeChangingBody]' started.
Test Case '-[MyRAMMacTests.NoteSequenceStateFullBodyIntegrationTests testReplaceBodyRejectsRevisionExhaustionBeforeChangingBody]' passed (0.013 seconds).
Test Case '-[MyRAMMacTests.NoteSequenceStateFullBodyIntegrationTests testReplaceBodyRejectsUnsupportedStateBeforeChangingBody]' started.
Test Case '-[MyRAMMacTests.NoteSequenceStateFullBodyIntegrationTests testReplaceBodyRejectsUnsupportedStateBeforeChangingBody]' passed (0.014 seconds).
Test Case '-[MyRAMMacTests.NoteSequenceStateFullBodyIntegrationTests testReplaceBodyReplacesValidStaleStateAndBodyAtOneNextRevision]' started.
Test Case '-[MyRAMMacTests.NoteSequenceStateFullBodyIntegrationTests testReplaceBodyReplacesValidStaleStateAndBodyAtOneNextRevision]' passed (0.015 seconds).
Test Case '-[MyRAMMacTests.NoteSequenceStateFullBodyIntegrationTests testReplaceBodyUsesExactUTF16RatherThanCanonicalStringEquality]' started.
Test Case '-[MyRAMMacTests.NoteSequenceStateFullBodyIntegrationTests testReplaceBodyUsesExactUTF16RatherThanCanonicalStringEquality]' passed (0.013 seconds).
Test Suite 'NoteSequenceStateFullBodyIntegrationTests' passed at 2026-08-04 16:50:29.110.
	 Executed 19 tests, with 0 failures (0 unexpected) in 0.240 (0.246) seconds
Test Suite 'SwiftDataNoteSequenceStateStoreTests' started at 2026-08-04 16:50:29.110.
Test Case '-[MyRAMMacTests.SwiftDataNoteSequenceStateStoreTests testBodyStateMismatchAndExpectationsFailClosed]' started.
Test Case '-[MyRAMMacTests.SwiftDataNoteSequenceStateStoreTests testBodyStateMismatchAndExpectationsFailClosed]' passed (0.017 seconds).
Test Case '-[MyRAMMacTests.SwiftDataNoteSequenceStateStoreTests testBootstrapAdapterMapsEmptyBodyToCanonicalEmptyState]' started.
Test Case '-[MyRAMMacTests.SwiftDataNoteSequenceStateStoreTests testBootstrapAdapterMapsEmptyBodyToCanonicalEmptyState]' passed (0.001 seconds).
Test Case '-[MyRAMMacTests.SwiftDataNoteSequenceStateStoreTests testBootstrapAdapterMatchesExplicitCoreV1]' started.
Test Case '-[MyRAMMacTests.SwiftDataNoteSequenceStateStoreTests testBootstrapAdapterMatchesExplicitCoreV1]' passed (0.001 seconds).
Test Case '-[MyRAMMacTests.SwiftDataNoteSequenceStateStoreTests testBootstrapAdapterPreservesExactUTF16Body]' started.
Test Case '-[MyRAMMacTests.SwiftDataNoteSequenceStateStoreTests testBootstrapAdapterPreservesExactUTF16Body]' passed (0.001 seconds).
Test Case '-[MyRAMMacTests.SwiftDataNoteSequenceStateStoreTests testCompareAndSetChangesOnlyBodyAndSequenceRecord]' started.
Test Case '-[MyRAMMacTests.SwiftDataNoteSequenceStateStoreTests testCompareAndSetChangesOnlyBodyAndSequenceRecord]' passed (0.015 seconds).
Test Case '-[MyRAMMacTests.SwiftDataNoteSequenceStateStoreTests testConcurrentLoadOrBootstrapAcrossStoreInstancesCreatesOneRevisionZeroRow]' started.
Test Case '-[MyRAMMacTests.SwiftDataNoteSequenceStateStoreTests testConcurrentLoadOrBootstrapAcrossStoreInstancesCreatesOneRevisionZeroRow]' passed (0.015 seconds).
Test Case '-[MyRAMMacTests.SwiftDataNoteSequenceStateStoreTests testEnsureBootstrapStateForCurrentBodyCreatesMissingState]' started.
Test Case '-[MyRAMMacTests.SwiftDataNoteSequenceStateStoreTests testEnsureBootstrapStateForCurrentBodyCreatesMissingState]' passed (0.015 seconds).
Test Case '-[MyRAMMacTests.SwiftDataNoteSequenceStateStoreTests testEnsureBootstrapStateForCurrentBodyPreservesNonBootstrapStateWhenExact]' started.
Test Case '-[MyRAMMacTests.SwiftDataNoteSequenceStateStoreTests testEnsureBootstrapStateForCurrentBodyPreservesNonBootstrapStateWhenExact]' passed (0.016 seconds).
Test Case '-[MyRAMMacTests.SwiftDataNoteSequenceStateStoreTests testEnsureBootstrapStateForCurrentBodyRejectsCorruptState]' started.
Test Case '-[MyRAMMacTests.SwiftDataNoteSequenceStateStoreTests testEnsureBootstrapStateForCurrentBodyRejectsCorruptState]' passed (0.016 seconds).
Test Case '-[MyRAMMacTests.SwiftDataNoteSequenceStateStoreTests testEnsureBootstrapStateForCurrentBodyRejectsRevisionExhaustion]' started.
Test Case '-[MyRAMMacTests.SwiftDataNoteSequenceStateStoreTests testEnsureBootstrapStateForCurrentBodyRejectsRevisionExhaustion]' passed (0.017 seconds).
Test Case '-[MyRAMMacTests.SwiftDataNoteSequenceStateStoreTests testEnsureBootstrapStateForCurrentBodyRejectsUnsupportedState]' started.
Test Case '-[MyRAMMacTests.SwiftDataNoteSequenceStateStoreTests testEnsureBootstrapStateForCurrentBodyRejectsUnsupportedState]' passed (0.015 seconds).
Test Case '-[MyRAMMacTests.SwiftDataNoteSequenceStateStoreTests testEnsureBootstrapStateForCurrentBodyRepairsValidStaleState]' started.
Test Case '-[MyRAMMacTests.SwiftDataNoteSequenceStateStoreTests testEnsureBootstrapStateForCurrentBodyRepairsValidStaleState]' passed (0.018 seconds).
Test Case '-[MyRAMMacTests.SwiftDataNoteSequenceStateStoreTests testEnsureBootstrapStateForCurrentBodyReturnsExactExistingStateWithoutSave]' started.
Test Case '-[MyRAMMacTests.SwiftDataNoteSequenceStateStoreTests testEnsureBootstrapStateForCurrentBodyReturnsExactExistingStateWithoutSave]' passed (0.016 seconds).
Test Case '-[MyRAMMacTests.SwiftDataNoteSequenceStateStoreTests testEnsureBootstrapStateForCurrentBodySaveFailureRollsBack]' started.
Test Case '-[MyRAMMacTests.SwiftDataNoteSequenceStateStoreTests testEnsureBootstrapStateForCurrentBodySaveFailureRollsBack]' passed (0.014 seconds).
Test Case '-[MyRAMMacTests.SwiftDataNoteSequenceStateStoreTests testEnsureBootstrapStateForCurrentBodyVerificationFailureIsSurfaced]' started.
Test Case '-[MyRAMMacTests.SwiftDataNoteSequenceStateStoreTests testEnsureBootstrapStateForCurrentBodyVerificationFailureIsSurfaced]' passed (0.017 seconds).
Test Case '-[MyRAMMacTests.SwiftDataNoteSequenceStateStoreTests testExactTextComparisonRejectsCanonicallyEquivalentDifferentUTF16]' started.
Test Case '-[MyRAMMacTests.SwiftDataNoteSequenceStateStoreTests testExactTextComparisonRejectsCanonicallyEquivalentDifferentUTF16]' passed (0.001 seconds).
Test Case '-[MyRAMMacTests.SwiftDataNoteSequenceStateStoreTests testExistingLoadValidationRetainsCanonicalStringEqualityBehavior]' started.
Test Case '-[MyRAMMacTests.SwiftDataNoteSequenceStateStoreTests testExistingLoadValidationRetainsCanonicalStringEqualityBehavior]' passed (0.017 seconds).
Test Case '-[MyRAMMacTests.SwiftDataNoteSequenceStateStoreTests testFailureBeforeSaveRollsBackBodyAndState]' started.
Test Case '-[MyRAMMacTests.SwiftDataNoteSequenceStateStoreTests testFailureBeforeSaveRollsBackBodyAndState]' passed (0.014 seconds).
Test Case '-[MyRAMMacTests.SwiftDataNoteSequenceStateStoreTests testFirstWriteUsesRevisionZeroAndCanonicalEmptyBytes]' started.
Test Case '-[MyRAMMacTests.SwiftDataNoteSequenceStateStoreTests testFirstWriteUsesRevisionZeroAndCanonicalEmptyBytes]' passed (0.015 seconds).
Test Case '-[MyRAMMacTests.SwiftDataNoteSequenceStateStoreTests testLexicalJSONDifferencesLoadWithoutRewriting]' started.
Test Case '-[MyRAMMacTests.SwiftDataNoteSequenceStateStoreTests testLexicalJSONDifferencesLoadWithoutRewriting]' passed (0.016 seconds).
Test Case '-[MyRAMMacTests.SwiftDataNoteSequenceStateStoreTests testLoadOrBootstrapChangesOnlyTheMissingSequenceStateRow]' started.
Test Case '-[MyRAMMacTests.SwiftDataNoteSequenceStateStoreTests testLoadOrBootstrapChangesOnlyTheMissingSequenceStateRow]' passed (0.018 seconds).
Test Case '-[MyRAMMacTests.SwiftDataNoteSequenceStateStoreTests testLoadOrBootstrapCreatesRevisionZeroStateForAuthoritativeNonemptyBody]' started.
Test Case '-[MyRAMMacTests.SwiftDataNoteSequenceStateStoreTests testLoadOrBootstrapCreatesRevisionZeroStateForAuthoritativeNonemptyBody]' passed (0.014 seconds).
Test Case '-[MyRAMMacTests.SwiftDataNoteSequenceStateStoreTests testLoadOrBootstrapDoesNotReplaceCorruptExistingState]' started.
Test Case '-[MyRAMMacTests.SwiftDataNoteSequenceStateStoreTests testLoadOrBootstrapDoesNotReplaceCorruptExistingState]' passed (0.016 seconds).
Test Case '-[MyRAMMacTests.SwiftDataNoteSequenceStateStoreTests testLoadOrBootstrapDoesNotReplaceUnsupportedExistingState]' started.
Test Case '-[MyRAMMacTests.SwiftDataNoteSequenceStateStoreTests testLoadOrBootstrapDoesNotReplaceUnsupportedExistingState]' passed (0.016 seconds).
Test Case '-[MyRAMMacTests.SwiftDataNoteSequenceStateStoreTests testLoadOrBootstrapInjectedBeforeSaveFailureRollsBackPendingRow]' started.
Test Case '-[MyRAMMacTests.SwiftDataNoteSequenceStateStoreTests testLoadOrBootstrapInjectedBeforeSaveFailureRollsBackPendingRow]' passed (0.013 seconds).
Test Case '-[MyRAMMacTests.SwiftDataNoteSequenceStateStoreTests testLoadOrBootstrapMissingNoteFailsWithoutCreatingState]' started.
Test Case '-[MyRAMMacTests.SwiftDataNoteSequenceStateStoreTests testLoadOrBootstrapMissingNoteFailsWithoutCreatingState]' passed (0.011 seconds).
Test Case '-[MyRAMMacTests.SwiftDataNoteSequenceStateStoreTests testLoadOrBootstrapPersistsRevisionZeroCanonicalEmptyState]' started.
Test Case '-[MyRAMMacTests.SwiftDataNoteSequenceStateStoreTests testLoadOrBootstrapPersistsRevisionZeroCanonicalEmptyState]' passed (0.014 seconds).
Test Case '-[MyRAMMacTests.SwiftDataNoteSequenceStateStoreTests testLoadOrBootstrapPostSaveCommittedMismatchReturnsVerificationFailure]' started.
Test Case '-[MyRAMMacTests.SwiftDataNoteSequenceStateStoreTests testLoadOrBootstrapPostSaveCommittedMismatchReturnsVerificationFailure]' passed (0.015 seconds).
Test Case '-[MyRAMMacTests.SwiftDataNoteSequenceStateStoreTests testLoadOrBootstrapRejectsExistingStateWhoseVisibleTextIsNotExactUTF16]' started.
Test Case '-[MyRAMMacTests.SwiftDataNoteSequenceStateStoreTests testLoadOrBootstrapRejectsExistingStateWhoseVisibleTextIsNotExactUTF16]' passed (0.016 seconds).
Test Case '-[MyRAMMacTests.SwiftDataNoteSequenceStateStoreTests testLoadOrBootstrapRejectsMismatchWhileEnsureCurrentBodyRepairsIt]' started.
Test Case '-[MyRAMMacTests.SwiftDataNoteSequenceStateStoreTests testLoadOrBootstrapRejectsMismatchWhileEnsureCurrentBodyRepairsIt]' passed (0.019 seconds).
Test Case '-[MyRAMMacTests.SwiftDataNoteSequenceStateStoreTests testLoadOrBootstrapReturnsExistingNonBootstrapStateWithoutReplacement]' started.
Test Case '-[MyRAMMacTests.SwiftDataNoteSequenceStateStoreTests testLoadOrBootstrapReturnsExistingNonBootstrapStateWithoutReplacement]' passed (0.016 seconds).
Test Case '-[MyRAMMacTests.SwiftDataNoteSequenceStateStoreTests testLoadOrBootstrapReturnsExistingStateWithoutSaveRevisionAdvanceOrPayloadRewrite]' started.
Test Case '-[MyRAMMacTests.SwiftDataNoteSequenceStateStoreTests testLoadOrBootstrapReturnsExistingStateWithoutSaveRevisionAdvanceOrPayloadRewrite]' passed (0.018 seconds).
Test Case '-[MyRAMMacTests.SwiftDataNoteSequenceStateStoreTests testLoadOrBootstrapStateSurvivesStoreRestart]' started.
Test Case '-[MyRAMMacTests.SwiftDataNoteSequenceStateStoreTests testLoadOrBootstrapStateSurvivesStoreRestart]' passed (0.017 seconds).
Test Case '-[MyRAMMacTests.SwiftDataNoteSequenceStateStoreTests testLoadOrBootstrapThrownSaveOperationLeavesNoteAndStateUnchanged]' started.
Test Case '-[MyRAMMacTests.SwiftDataNoteSequenceStateStoreTests testLoadOrBootstrapThrownSaveOperationLeavesNoteAndStateUnchanged]' passed (0.014 seconds).
Test Case '-[MyRAMMacTests.SwiftDataNoteSequenceStateStoreTests testLoadOrBootstrapUsesBodyPersistedAtInvocation]' started.
Test Case '-[MyRAMMacTests.SwiftDataNoteSequenceStateStoreTests testLoadOrBootstrapUsesBodyPersistedAtInvocation]' passed (0.018 seconds).
Test Case '-[MyRAMMacTests.SwiftDataNoteSequenceStateStoreTests testMalformedUnsupportedAndMetadataMismatchesAreDistinct]' started.
Test Case '-[MyRAMMacTests.SwiftDataNoteSequenceStateStoreTests testMalformedUnsupportedAndMetadataMismatchesAreDistinct]' passed (0.022 seconds).
Test Case '-[MyRAMMacTests.SwiftDataNoteSequenceStateStoreTests testMaximumRevisionFailsWithoutChangingCommittedState]' started.
Test Case '-[MyRAMMacTests.SwiftDataNoteSequenceStateStoreTests testMaximumRevisionFailsWithoutChangingCommittedState]' passed (0.017 seconds).
Test Case '-[MyRAMMacTests.SwiftDataNoteSequenceStateStoreTests testMergeablePersistedFragmentsAreRejected]' started.
Test Case '-[MyRAMMacTests.SwiftDataNoteSequenceStateStoreTests testMergeablePersistedFragmentsAreRejected]' passed (0.019 seconds).
Test Case '-[MyRAMMacTests.SwiftDataNoteSequenceStateStoreTests testMissingLoadDoesNotCreateAStateRow]' started.
Test Case '-[MyRAMMacTests.SwiftDataNoteSequenceStateStoreTests testMissingLoadDoesNotCreateAStateRow]' passed (0.015 seconds).
Test Case '-[MyRAMMacTests.SwiftDataNoteSequenceStateStoreTests testMissingNoteFailsWithoutCreatingState]' started.
Test Case '-[MyRAMMacTests.SwiftDataNoteSequenceStateStoreTests testMissingNoteFailsWithoutCreatingState]' passed (0.014 seconds).
Test Case '-[MyRAMMacTests.SwiftDataNoteSequenceStateStoreTests testOnDiskStoreMigratesWithoutCreatingStateRows]' started.
Test Case '-[MyRAMMacTests.SwiftDataNoteSequenceStateStoreTests testOnDiskStoreMigratesWithoutCreatingStateRows]' passed (0.639 seconds).
Test Case '-[MyRAMMacTests.SwiftDataNoteSequenceStateStoreTests testPersistedInvalidOriginUUIDAndOverflowRangeAreCorrupt]' started.
Test Case '-[MyRAMMacTests.SwiftDataNoteSequenceStateStoreTests testPersistedInvalidOriginUUIDAndOverflowRangeAreCorrupt]' passed (0.025 seconds).
Test Case '-[MyRAMMacTests.SwiftDataNoteSequenceStateStoreTests testPreparedBootstrapContainsCanonicalPayloadAndRevisionZeroMetadata]' started.
Test Case '-[MyRAMMacTests.SwiftDataNoteSequenceStateStoreTests testPreparedBootstrapContainsCanonicalPayloadAndRevisionZeroMetadata]' passed (0.001 seconds).
Test Case '-[MyRAMMacTests.SwiftDataNoteSequenceStateStoreTests testPreparedBootstrapExactMismatchUsesNewStateBodyMismatch]' started.
Test Case '-[MyRAMMacTests.SwiftDataNoteSequenceStateStoreTests testPreparedBootstrapExactMismatchUsesNewStateBodyMismatch]' passed (0.001 seconds).
Test Case '-[MyRAMMacTests.SwiftDataNoteSequenceStateStoreTests testRestartLoadsBothOriginsAndAdvancesRevision]' started.
Test Case '-[MyRAMMacTests.SwiftDataNoteSequenceStateStoreTests testRestartLoadsBothOriginsAndAdvancesRevision]' passed (0.021 seconds).
Test Case '-[MyRAMMacTests.SwiftDataNoteSequenceStateStoreTests testSemanticRunAndFragmentOrderAreRejectedWithoutNormalization]' started.
/Users/runner/work/MyRAM-iOS/MyRAM-iOS/MyRAM-iOS/MyRAMTests/SwiftDataNoteSequenceStateStoreTests.swift:1364: error: -[MyRAMMacTests.SwiftDataNoteSequenceStateStoreTests testSemanticRunAndFragmentOrderAreRejectedWithoutNormalization] : failed: caught error: "fragmentOrderNotMatchingOrigins"
Test Case '-[MyRAMMacTests.SwiftDataNoteSequenceStateStoreTests testSemanticRunAndFragmentOrderAreRejectedWithoutNormalization]' failed (0.015 seconds).
Test Case '-[MyRAMMacTests.SwiftDataNoteSequenceStateStoreTests testSeparateStoresCannotBothPassPreflight]' started.
Test Case '-[MyRAMMacTests.SwiftDataNoteSequenceStateStoreTests testSeparateStoresCannotBothPassPreflight]' passed (0.123 seconds).
Test Suite 'SwiftDataNoteSequenceStateStoreTests' failed at 2026-08-04 16:50:30.529.
	 Executed 47 tests, with 1 failure (1 unexpected) in 1.404 (1.418) seconds
Test Suite 'SyncBatchEnvelopeV2Tests' started at 2026-08-04 16:50:30.529.
Test Case '-[MyRAMMacTests.SyncBatchEnvelopeV2Tests testCraftedSchemaRepresentationMismatchesAreRejected]' started.
Test Case '-[MyRAMMacTests.SyncBatchEnvelopeV2Tests testCraftedSchemaRepresentationMismatchesAreRejected]' passed (0.002 seconds).
Test Case '-[MyRAMMacTests.SyncBatchEnvelopeV2Tests testMalformedVersionsRemainDecodingErrors]' started.
Test Case '-[MyRAMMacTests.SyncBatchEnvelopeV2Tests testMalformedVersionsRemainDecodingErrors]' passed (0.001 seconds).
Test Case '-[MyRAMMacTests.SyncBatchEnvelopeV2Tests testMixedRepresentationIsRejectedBeforeEnvelopeCreation]' started.
Test Case '-[MyRAMMacTests.SyncBatchEnvelopeV2Tests testMixedRepresentationIsRejectedBeforeEnvelopeCreation]' passed (0.001 seconds).
Test Case '-[MyRAMMacTests.SyncBatchEnvelopeV2Tests testOuterV1CanCarryInnerV2WhileProductionTransportRemainsDark]' started.
Test Case '-[MyRAMMacTests.SyncBatchEnvelopeV2Tests testOuterV1CanCarryInnerV2WhileProductionTransportRemainsDark]' passed (0.001 seconds).
Test Case '-[MyRAMMacTests.SyncBatchEnvelopeV2Tests testPreMYR174PeerRejectsInnerV2BeforeDownstreamEffect]' started.
Test Case '-[MyRAMMacTests.SyncBatchEnvelopeV2Tests testPreMYR174PeerRejectsInnerV2BeforeDownstreamEffect]' passed (0.004 seconds).
Test Case '-[MyRAMMacTests.SyncBatchEnvelopeV2Tests testSchemaIsDerivedFromBodyRepresentation]' started.
Test Case '-[MyRAMMacTests.SyncBatchEnvelopeV2Tests testSchemaIsDerivedFromBodyRepresentation]' passed (0.001 seconds).
Test Case '-[MyRAMMacTests.SyncBatchEnvelopeV2Tests testUnsupportedIntegerVersionsFailBeforeNestedBatchDecode]' started.
Test Case '-[MyRAMMacTests.SyncBatchEnvelopeV2Tests testUnsupportedIntegerVersionsFailBeforeNestedBatchDecode]' passed (0.001 seconds).
Test Case '-[MyRAMMacTests.SyncBatchEnvelopeV2Tests testV1EncodingRemainsStructurallyCompatibleAndBidirectional]' started.
Test Case '-[MyRAMMacTests.SyncBatchEnvelopeV2Tests testV1EncodingRemainsStructurallyCompatibleAndBidirectional]' passed (0.001 seconds).
Test Case '-[MyRAMMacTests.SyncBatchEnvelopeV2Tests testV2EncodingIsCanonicalAndMatchesFrozenFixture]' started.
Test Case '-[MyRAMMacTests.SyncBatchEnvelopeV2Tests testV2EncodingIsCanonicalAndMatchesFrozenFixture]' passed (0.001 seconds).
Test Suite 'SyncBatchEnvelopeV2Tests' passed at 2026-08-04 16:50:30.548.
	 Executed 9 tests, with 0 failures (0 unexpected) in 0.013 (0.019) seconds
Test Suite 'SyncBatchPeerCapabilityTests' started at 2026-08-04 16:50:30.548.
Test Case '-[MyRAMMacTests.SyncBatchPeerCapabilityTests testCanonicalDecoding]' started.
Test Case '-[MyRAMMacTests.SyncBatchPeerCapabilityTests testCanonicalDecoding]' passed (0.001 seconds).
Test Case '-[MyRAMMacTests.SyncBatchPeerCapabilityTests testCanonicalEncoding]' started.
Test Case '-[MyRAMMacTests.SyncBatchPeerCapabilityTests testCanonicalEncoding]' passed (0.000 seconds).
Test Case '-[MyRAMMacTests.SyncBatchPeerCapabilityTests testControllerAdvertisesAndInvitesWithCanonicalV1Context]' started.
Test Case '-[MyRAMMacTests.SyncBatchPeerCapabilityTests testControllerAdvertisesAndInvitesWithCanonicalV1Context]' passed (0.066 seconds).
Test Case '-[MyRAMMacTests.SyncBatchPeerCapabilityTests testControllerBroadcastsV1BatchToEveryConnectedEntry]' started.
Test Case '-[MyRAMMacTests.SyncBatchPeerCapabilityTests testControllerBroadcastsV1BatchToEveryConnectedEntry]' passed (0.064 seconds).
Test Case '-[MyRAMMacTests.SyncBatchPeerCapabilityTests testControllerIntersectsDiscoveryAndInvitationEvidenceAndClearsIt]' started.
Test Case '-[MyRAMMacTests.SyncBatchPeerCapabilityTests testControllerIntersectsDiscoveryAndInvitationEvidenceAndClearsIt]' passed (0.120 seconds).
Test Case '-[MyRAMMacTests.SyncBatchPeerCapabilityTests testDecodedTrafficDoesNotUpgradeRegistry]' started.
Test Case '-[MyRAMMacTests.SyncBatchPeerCapabilityTests testDecodedTrafficDoesNotUpgradeRegistry]' passed (0.001 seconds).
Test Case '-[MyRAMMacTests.SyncBatchPeerCapabilityTests testDiscoveryAndInvitationRepresentationsAreIdentical]' started.
Test Case '-[MyRAMMacTests.SyncBatchPeerCapabilityTests testDiscoveryAndInvitationRepresentationsAreIdentical]' passed (0.001 seconds).
Test Case '-[MyRAMMacTests.SyncBatchPeerCapabilityTests testExplicitV2NegotiationStillRejectsInboundV2BeforeSideEffects]' started.
Test Case '-[MyRAMMacTests.SyncBatchPeerCapabilityTests testExplicitV2NegotiationStillRejectsInboundV2BeforeSideEffects]' passed (0.172 seconds).
Test Case '-[MyRAMMacTests.SyncBatchPeerCapabilityTests testMalformedUTF8InvitationContextIsRejected]' started.
Test Case '-[MyRAMMacTests.SyncBatchPeerCapabilityTests testMalformedUTF8InvitationContextIsRejected]' passed (0.001 seconds).
Test Case '-[MyRAMMacTests.SyncBatchPeerCapabilityTests testMissingMalformedAndNonunionEvidenceRemainFailClosed]' started.
Test Case '-[MyRAMMacTests.SyncBatchPeerCapabilityTests testMissingMalformedAndNonunionEvidenceRemainFailClosed]' passed (0.001 seconds).
Test Case '-[MyRAMMacTests.SyncBatchPeerCapabilityTests testProductionCapabilityRemainsV1Only]' started.
Test Case '-[MyRAMMacTests.SyncBatchPeerCapabilityTests testProductionCapabilityRemainsV1Only]' passed (0.001 seconds).
Test Case '-[MyRAMMacTests.SyncBatchPeerCapabilityTests testRegistryRules]' started.
Test Case '-[MyRAMMacTests.SyncBatchPeerCapabilityTests testRegistryRules]' passed (0.001 seconds).
Test Case '-[MyRAMMacTests.SyncBatchPeerCapabilityTests testStrictDecoderRejectsNoncanonicalValues]' started.
Test Case '-[MyRAMMacTests.SyncBatchPeerCapabilityTests testStrictDecoderRejectsNoncanonicalValues]' passed (0.001 seconds).
Test Suite 'SyncBatchPeerCapabilityTests' passed at 2026-08-04 16:50:30.994.
	 Executed 13 tests, with 0 failures (0 unexpected) in 0.429 (0.446) seconds
Test Suite 'SyncBatchTransportAdmissionPlannerTests' started at 2026-08-04 16:50:30.995.
Test Case '-[MyRAMMacTests.SyncBatchTransportAdmissionPlannerTests testDurableAdmissionMatrix]' started.
Test Case '-[MyRAMMacTests.SyncBatchTransportAdmissionPlannerTests testDurableAdmissionMatrix]' passed (0.001 seconds).
Test Case '-[MyRAMMacTests.SyncBatchTransportAdmissionPlannerTests testInboundAdmissionMatrix]' started.
Test Case '-[MyRAMMacTests.SyncBatchTransportAdmissionPlannerTests testInboundAdmissionMatrix]' passed (0.001 seconds).
Test Case '-[MyRAMMacTests.SyncBatchTransportAdmissionPlannerTests testMixedRoutingIsWithheld]' started.
Test Case '-[MyRAMMacTests.SyncBatchTransportAdmissionPlannerTests testMixedRoutingIsWithheld]' passed (0.001 seconds).
Test Case '-[MyRAMMacTests.SyncBatchTransportAdmissionPlannerTests testV1RoutingBroadcastsEveryConnectedEntry]' started.
Test Case '-[MyRAMMacTests.SyncBatchTransportAdmissionPlannerTests testV1RoutingBroadcastsEveryConnectedEntry]' passed (0.001 seconds).
Test Case '-[MyRAMMacTests.SyncBatchTransportAdmissionPlannerTests testV2RoutingMatrix]' started.
Test Case '-[MyRAMMacTests.SyncBatchTransportAdmissionPlannerTests testV2RoutingMatrix]' passed (0.001 seconds).
Test Suite 'SyncBatchTransportAdmissionPlannerTests' passed at 2026-08-04 16:50:31.000.
	 Executed 5 tests, with 0 failures (0 unexpected) in 0.003 (0.005) seconds
Test Suite 'SyncBatchUnsentQueueTests' started at 2026-08-04 16:50:31.000.
Test Case '-[MyRAMMacTests.SyncBatchUnsentQueueTests testBothDurableQueuesQuarantinePersistedAnchoredBytes]' started.
Test Case '-[MyRAMMacTests.SyncBatchUnsentQueueTests testBothDurableQueuesQuarantinePersistedAnchoredBytes]' passed (0.002 seconds).
Test Case '-[MyRAMMacTests.SyncBatchUnsentQueueTests testBothDurableQueuesRejectAnchoredAdmissionWithoutMutation]' started.
Test Case '-[MyRAMMacTests.SyncBatchUnsentQueueTests testBothDurableQueuesRejectAnchoredAdmissionWithoutMutation]' passed (0.002 seconds).
Test Case '-[MyRAMMacTests.SyncBatchUnsentQueueTests testBothDurableQueuesRejectMixedAdmissionWithoutMutation]' started.
Test Case '-[MyRAMMacTests.SyncBatchUnsentQueueTests testBothDurableQueuesRejectMixedAdmissionWithoutMutation]' passed (0.001 seconds).
Test Case '-[MyRAMMacTests.SyncBatchUnsentQueueTests testBothDurableQueuesValidateCompleteReplacementBeforeMutation]' started.
Test Case '-[MyRAMMacTests.SyncBatchUnsentQueueTests testBothDurableQueuesValidateCompleteReplacementBeforeMutation]' passed (0.001 seconds).
Test Case '-[MyRAMMacTests.SyncBatchUnsentQueueTests testDrainPassSchedulerSkipsBlockedNotesWithoutRotatingQueueOrder]' started.
Test Case '-[MyRAMMacTests.SyncBatchUnsentQueueTests testDrainPassSchedulerSkipsBlockedNotesWithoutRotatingQueueOrder]' passed (0.001 seconds).
Test Case '-[MyRAMMacTests.SyncBatchUnsentQueueTests testDurableEnqueueDuplicateBatchIDIsIdempotentAndDoesNotRewriteFile]' started.
Test Case '-[MyRAMMacTests.SyncBatchUnsentQueueTests testDurableEnqueueDuplicateBatchIDIsIdempotentAndDoesNotRewriteFile]' passed (0.001 seconds).
Test Case '-[MyRAMMacTests.SyncBatchUnsentQueueTests testDurableEnqueueRejectsCapacityWithoutEvictingExistingEntries]' started.
Test Case '-[MyRAMMacTests.SyncBatchUnsentQueueTests testDurableEnqueueRejectsCapacityWithoutEvictingExistingEntries]' passed (0.002 seconds).
Test Case '-[MyRAMMacTests.SyncBatchUnsentQueueTests testDurableEnqueueRestoresMemoryWhenPersistenceFails]' started.
Test Case '-[MyRAMMacTests.SyncBatchUnsentQueueTests testDurableEnqueueRestoresMemoryWhenPersistenceFails]' passed (0.002 seconds).
Test Case '-[MyRAMMacTests.SyncBatchUnsentQueueTests testFileBackedIncomingQueueRejectsCapacityWithoutChangingExistingEntries]' started.
Test Case '-[MyRAMMacTests.SyncBatchUnsentQueueTests testFileBackedIncomingQueueRejectsCapacityWithoutChangingExistingEntries]' passed (0.002 seconds).
Test Case '-[MyRAMMacTests.SyncBatchUnsentQueueTests testFileBackedIncomingQueueRollsBackMemoryAndDiskOnPersistenceFailure]' started.
Test Case '-[MyRAMMacTests.SyncBatchUnsentQueueTests testFileBackedIncomingQueueRollsBackMemoryAndDiskOnPersistenceFailure]' passed (0.001 seconds).
Test Case '-[MyRAMMacTests.SyncBatchUnsentQueueTests testFileBackedQueueCanRunMemoryOnlyWithNilFileURL]' started.
Test Case '-[MyRAMMacTests.SyncBatchUnsentQueueTests testFileBackedQueueCanRunMemoryOnlyWithNilFileURL]' passed (0.001 seconds).
Test Case '-[MyRAMMacTests.SyncBatchUnsentQueueTests testFileBackedQueueContainsDetectsPersistedBatchID]' started.
Test Case '-[MyRAMMacTests.SyncBatchUnsentQueueTests testFileBackedQueueContainsDetectsPersistedBatchID]' passed (0.001 seconds).
Test Case '-[MyRAMMacTests.SyncBatchUnsentQueueTests testFileBackedQueueDeduplicatesByStableBatchID]' started.
Test Case '-[MyRAMMacTests.SyncBatchUnsentQueueTests testFileBackedQueueDeduplicatesByStableBatchID]' passed (0.002 seconds).
Test Case '-[MyRAMMacTests.SyncBatchUnsentQueueTests testFileBackedQueueDoesNotRewriteFileForUnknownRemovalIDs]' started.
Test Case '-[MyRAMMacTests.SyncBatchUnsentQueueTests testFileBackedQueueDoesNotRewriteFileForUnknownRemovalIDs]' passed (0.001 seconds).
Test Case '-[MyRAMMacTests.SyncBatchUnsentQueueTests testFileBackedQueueFirstReturnsOldestPersistedBatch]' started.
Test Case '-[MyRAMMacTests.SyncBatchUnsentQueueTests testFileBackedQueueFirstReturnsOldestPersistedBatch]' passed (0.002 seconds).
Test Case '-[MyRAMMacTests.SyncBatchUnsentQueueTests testFileBackedQueueRejectsOverflowWithoutEvictionAfterReload]' started.
Test Case '-[MyRAMMacTests.SyncBatchUnsentQueueTests testFileBackedQueueRejectsOverflowWithoutEvictionAfterReload]' passed (0.002 seconds).
Test Case '-[MyRAMMacTests.SyncBatchUnsentQueueTests testFileBackedQueueRejectsReplacementWhenLoadedPersistenceIsUnhealthy]' started.
Test Case '-[MyRAMMacTests.SyncBatchUnsentQueueTests testFileBackedQueueRejectsReplacementWhenLoadedPersistenceIsUnhealthy]' passed (0.001 seconds).
Test Case '-[MyRAMMacTests.SyncBatchUnsentQueueTests testFileBackedQueueReloadsAfterPartialRemoval]' started.
Test Case '-[MyRAMMacTests.SyncBatchUnsentQueueTests testFileBackedQueueReloadsAfterPartialRemoval]' passed (0.002 seconds).
Test Case '-[MyRAMMacTests.SyncBatchUnsentQueueTests testFileBackedQueueReloadsPersistedBatchesWithStableIDs]' started.
Test Case '-[MyRAMMacTests.SyncBatchUnsentQueueTests testFileBackedQueueReloadsPersistedBatchesWithStableIDs]' passed (0.001 seconds).
Test Case '-[MyRAMMacTests.SyncBatchUnsentQueueTests testFileBackedQueueRemoveDropsOneBatchFromDisk]' started.
Test Case '-[MyRAMMacTests.SyncBatchUnsentQueueTests testFileBackedQueueRemoveDropsOneBatchFromDisk]' passed (0.002 seconds).
Test Case '-[MyRAMMacTests.SyncBatchUnsentQueueTests testFileBackedQueueRemovesOnlySuccessfulIDsFromDisk]' started.
Test Case '-[MyRAMMacTests.SyncBatchUnsentQueueTests testFileBackedQueueRemovesOnlySuccessfulIDsFromDisk]' passed (0.002 seconds).
Test Case '-[MyRAMMacTests.SyncBatchUnsentQueueTests testFileBackedQueueReplacePendingBatchesPersistsAtomically]' started.
Test Case '-[MyRAMMacTests.SyncBatchUnsentQueueTests testFileBackedQueueReplacePendingBatchesPersistsAtomically]' passed (0.002 seconds).
Test Case '-[MyRAMMacTests.SyncBatchUnsentQueueTests testFileBackedQueueReplacePendingBatchesRollsBackOnPersistenceFailure]' started.
Test Case '-[MyRAMMacTests.SyncBatchUnsentQueueTests testFileBackedQueueReplacePendingBatchesRollsBackOnPersistenceFailure]' passed (0.002 seconds).
Test Case '-[MyRAMMacTests.SyncBatchUnsentQueueTests testFileBackedQueueReportsCorruptJSONAndDoesNotOverwriteIt]' started.
Test Case '-[MyRAMMacTests.SyncBatchUnsentQueueTests testFileBackedQueueReportsCorruptJSONAndDoesNotOverwriteIt]' passed (0.001 seconds).
Test Case '-[MyRAMMacTests.SyncBatchUnsentQueueTests testFileBackedQueueReportsHealthyReloadSnapshot]' started.
Test Case '-[MyRAMMacTests.SyncBatchUnsentQueueTests testFileBackedQueueReportsHealthyReloadSnapshot]' passed (0.002 seconds).
Test Case '-[MyRAMMacTests.SyncBatchUnsentQueueTests testFileBackedQueueReportsMissingFileHealthAndPendingCount]' started.
Test Case '-[MyRAMMacTests.SyncBatchUnsentQueueTests testFileBackedQueueReportsMissingFileHealthAndPendingCount]' passed (0.002 seconds).
Test Case '-[MyRAMMacTests.SyncBatchUnsentQueueTests testFileBackedQueueReportsUnsupportedVersionAndDoesNotOverwriteIt]' started.
Test Case '-[MyRAMMacTests.SyncBatchUnsentQueueTests testFileBackedQueueReportsUnsupportedVersionAndDoesNotOverwriteIt]' passed (0.001 seconds).
Test Case '-[MyRAMMacTests.SyncBatchUnsentQueueTests testIncomingPolicyRejectsNewBatchInsteadOfEvictingHead]' started.
Test Case '-[MyRAMMacTests.SyncBatchUnsentQueueTests testIncomingPolicyRejectsNewBatchInsteadOfEvictingHead]' passed (0.001 seconds).
Test Case '-[MyRAMMacTests.SyncBatchUnsentQueueTests testLocalObligationQueueMigratesVersionOneBatchesAsLegacyMissingEvidence]' started.
Test Case '-[MyRAMMacTests.SyncBatchUnsentQueueTests testLocalObligationQueueMigratesVersionOneBatchesAsLegacyMissingEvidence]' passed (0.002 seconds).
Test Case '-[MyRAMMacTests.SyncBatchUnsentQueueTests testMixedReplayKeysSortLegacyBeforeSequencedThenOperationIndex]' started.
Test Case '-[MyRAMMacTests.SyncBatchUnsentQueueTests testMixedReplayKeysSortLegacyBeforeSequencedThenOperationIndex]' passed (0.001 seconds).
Test Case '-[MyRAMMacTests.SyncBatchUnsentQueueTests testPendingBatchesDoesNotDrainQueue]' started.
Test Case '-[MyRAMMacTests.SyncBatchUnsentQueueTests testPendingBatchesDoesNotDrainQueue]' passed (0.001 seconds).
Test Case '-[MyRAMMacTests.SyncBatchUnsentQueueTests testQueueContainsDetectsPendingBatchIDs]' started.
Test Case '-[MyRAMMacTests.SyncBatchUnsentQueueTests testQueueContainsDetectsPendingBatchIDs]' passed (0.001 seconds).
Test Case '-[MyRAMMacTests.SyncBatchUnsentQueueTests testQueueDeduplicatesByStableBatchID]' started.
Test Case '-[MyRAMMacTests.SyncBatchUnsentQueueTests testQueueDeduplicatesByStableBatchID]' passed (0.001 seconds).
Test Case '-[MyRAMMacTests.SyncBatchUnsentQueueTests testQueueFirstReturnsOldestPendingBatchWithoutDraining]' started.
Test Case '-[MyRAMMacTests.SyncBatchUnsentQueueTests testQueueFirstReturnsOldestPendingBatchWithoutDraining]' passed (0.001 seconds).
Test Case '-[MyRAMMacTests.SyncBatchUnsentQueueTests testQueueKeepsMostRecentBatchesWithinLimit]' started.
Test Case '-[MyRAMMacTests.SyncBatchUnsentQueueTests testQueueKeepsMostRecentBatchesWithinLimit]' passed (0.001 seconds).
Test Case '-[MyRAMMacTests.SyncBatchUnsentQueueTests testQueueRemoveDropsOneBatchByID]' started.
Test Case '-[MyRAMMacTests.SyncBatchUnsentQueueTests testQueueRemoveDropsOneBatchByID]' passed (0.001 seconds).
Test Case '-[MyRAMMacTests.SyncBatchUnsentQueueTests testRemoveAllDropsKnownIDsAndIgnoresUnknownIDs]' started.
Test Case '-[MyRAMMacTests.SyncBatchUnsentQueueTests testRemoveAllDropsKnownIDsAndIgnoresUnknownIDs]' passed (0.001 seconds).
Test Suite 'SyncBatchUnsentQueueTests' passed at 2026-08-04 16:50:31.071.
	 Executed 37 tests, with 0 failures (0 unexpected) in 0.050 (0.071) seconds
Test Suite 'SyncConvergenceIncorporationTests' started at 2026-08-04 16:50:31.072.
Test Case '-[MyRAMMacTests.SyncConvergenceIncorporationTests testAllIdempotentRetainedBodyDeliveryPersistsWithoutPresentationWork]' started.
Test Case '-[MyRAMMacTests.SyncConvergenceIncorporationTests testAllIdempotentRetainedBodyDeliveryPersistsWithoutPresentationWork]' passed (0.003 seconds).
Test Case '-[MyRAMMacTests.SyncConvergenceIncorporationTests testAlreadyIncorporatedUsesValidatedPlansGatedByPersistedPendingFlags]' started.
Test Case '-[MyRAMMacTests.SyncConvergenceIncorporationTests testAlreadyIncorporatedUsesValidatedPlansGatedByPersistedPendingFlags]' passed (0.004 seconds).
Test Case '-[MyRAMMacTests.SyncConvergenceIncorporationTests testApplyingLifecycleDeleteAlongsideApplyingBodyEditRoutesToNoteRemoved]' started.
Test Case '-[MyRAMMacTests.SyncConvergenceIncorporationTests testApplyingLifecycleDeleteAlongsideApplyingBodyEditRoutesToNoteRemoved]' passed (0.003 seconds).
Test Case '-[MyRAMMacTests.SyncConvergenceIncorporationTests testBackwardSnapshotGenerationFailsBeforeMutation]' started.
Test Case '-[MyRAMMacTests.SyncConvergenceIncorporationTests testBackwardSnapshotGenerationFailsBeforeMutation]' passed (0.005 seconds).
Test Case '-[MyRAMMacTests.SyncConvergenceIncorporationTests testContradictoryRootAndTombstoneOrderingFailsDuplicatePreflight]' started.
Test Case '-[MyRAMMacTests.SyncConvergenceIncorporationTests testContradictoryRootAndTombstoneOrderingFailsDuplicatePreflight]' passed (0.003 seconds).
Test Case '-[MyRAMMacTests.SyncConvergenceIncorporationTests testContradictorySnapshotHistoryFailsBeforeMutation]' started.
Test Case '-[MyRAMMacTests.SyncConvergenceIncorporationTests testContradictorySnapshotHistoryFailsBeforeMutation]' passed (0.003 seconds).
Test Case '-[MyRAMMacTests.SyncConvergenceIncorporationTests testCreatePlusBodyRollsBackEntirelyOnStagedFailure]' started.
Test Case '-[MyRAMMacTests.SyncConvergenceIncorporationTests testCreatePlusBodyRollsBackEntirelyOnStagedFailure]' passed (0.002 seconds).
Test Case '-[MyRAMMacTests.SyncConvergenceIncorporationTests testCreatePlusBodyUsesFinalBodyHashForPresentationWork]' started.
Test Case '-[MyRAMMacTests.SyncConvergenceIncorporationTests testCreatePlusBodyUsesFinalBodyHashForPresentationWork]' passed (0.002 seconds).
Test Case '-[MyRAMMacTests.SyncConvergenceIncorporationTests testCreatePlusDeleteUsesFinalBodyHashForPresentationWork]' started.
Test Case '-[MyRAMMacTests.SyncConvergenceIncorporationTests testCreatePlusDeleteUsesFinalBodyHashForPresentationWork]' passed (0.003 seconds).
Test Case '-[MyRAMMacTests.SyncConvergenceIncorporationTests testDeletedIdempotentCreationNoteFailsStaleAndIsNotRecreated]' started.
Test Case '-[MyRAMMacTests.SyncConvergenceIncorporationTests testDeletedIdempotentCreationNoteFailsStaleAndIsNotRecreated]' passed (0.002 seconds).
Test Case '-[MyRAMMacTests.SyncConvergenceIncorporationTests testDivergedLifecycleDeleteAlongsideApplyingBodyEditDoesNotClobberIncrementalRouting]' started.
Test Case '-[MyRAMMacTests.SyncConvergenceIncorporationTests testDivergedLifecycleDeleteAlongsideApplyingBodyEditDoesNotClobberIncrementalRouting]' passed (0.002 seconds).
Test Case '-[MyRAMMacTests.SyncConvergenceIncorporationTests testDivergedLifecycleDeleteAlongsideApplyingTitleChangeDoesNotDeleteNote]' started.
Test Case '-[MyRAMMacTests.SyncConvergenceIncorporationTests testDivergedLifecycleDeleteAlongsideApplyingTitleChangeDoesNotDeleteNote]' passed (0.002 seconds).
Test Case '-[MyRAMMacTests.SyncConvergenceIncorporationTests testDivergedLifecycleDeleteIncorporatesWithoutChangingDeletedAt]' started.
Test Case '-[MyRAMMacTests.SyncConvergenceIncorporationTests testDivergedLifecycleDeleteIncorporatesWithoutChangingDeletedAt]' passed (0.002 seconds).
Test Case '-[MyRAMMacTests.SyncConvergenceIncorporationTests testDuplicateRootAcceptsRetryWithDifferentCommittedAtWithoutMutation]' started.
Test Case '-[MyRAMMacTests.SyncConvergenceIncorporationTests testDuplicateRootAcceptsRetryWithDifferentCommittedAtWithoutMutation]' passed (0.004 seconds).
Test Case '-[MyRAMMacTests.SyncConvergenceIncorporationTests testDuplicateValidationAcceptsReorderedNoteEffectKindsWithoutMutation]' started.
Test Case '-[MyRAMMacTests.SyncConvergenceIncorporationTests testDuplicateValidationAcceptsReorderedNoteEffectKindsWithoutMutation]' passed (0.003 seconds).
Test Case '-[MyRAMMacTests.SyncConvergenceIncorporationTests testDuplicateValidationRejectsInvalidPersistedNoteEffectMembershipsBeforeMutation]' started.
Test Case '-[MyRAMMacTests.SyncConvergenceIncorporationTests testDuplicateValidationRejectsInvalidPersistedNoteEffectMembershipsBeforeMutation]' passed (0.006 seconds).
Test Case '-[MyRAMMacTests.SyncConvergenceIncorporationTests testDuplicateValidationRejectsUnsupportedPersistedResultKindBeforeMutation]' started.
Test Case '-[MyRAMMacTests.SyncConvergenceIncorporationTests testDuplicateValidationRejectsUnsupportedPersistedResultKindBeforeMutation]' passed (0.026 seconds).
Test Case '-[MyRAMMacTests.SyncConvergenceIncorporationTests testExecutorPersistsPlannedEffectsRootChildrenAndPendingWork]' started.
Test Case '-[MyRAMMacTests.SyncConvergenceIncorporationTests testExecutorPersistsPlannedEffectsRootChildrenAndPendingWork]' passed (0.004 seconds).
Test Case '-[MyRAMMacTests.SyncConvergenceIncorporationTests testExecutorRejectsStaleBodyBeforeMutation]' started.
Test Case '-[MyRAMMacTests.SyncConvergenceIncorporationTests testExecutorRejectsStaleBodyBeforeMutation]' passed (0.003 seconds).
Test Case '-[MyRAMMacTests.SyncConvergenceIncorporationTests testExecutorRollsBackAfterStagedFailure]' started.
Test Case '-[MyRAMMacTests.SyncConvergenceIncorporationTests testExecutorRollsBackAfterStagedFailure]' passed (0.002 seconds).
Test Case '-[MyRAMMacTests.SyncConvergenceIncorporationTests testExecutorRollsBackEveryStagedFailurePoint]' started.
Test Case '-[MyRAMMacTests.SyncConvergenceIncorporationTests testExecutorRollsBackEveryStagedFailurePoint]' passed (0.012 seconds).
Test Case '-[MyRAMMacTests.SyncConvergenceIncorporationTests testExistingSnapshotHistoryRowsAreNotRewritten]' started.
Test Case '-[MyRAMMacTests.SyncConvergenceIncorporationTests testExistingSnapshotHistoryRowsAreNotRewritten]' passed (0.003 seconds).
Test Case '-[MyRAMMacTests.SyncConvergenceIncorporationTests testInvalidTombstoneEvidenceFailsClosed]' started.
Test Case '-[MyRAMMacTests.SyncConvergenceIncorporationTests testInvalidTombstoneEvidenceFailsClosed]' passed (0.003 seconds).
Test Case '-[MyRAMMacTests.SyncConvergenceIncorporationTests testLifecycleDeleteAndRestorePersistThroughConvergence]' started.
Test Case '-[MyRAMMacTests.SyncConvergenceIncorporationTests testLifecycleDeleteAndRestorePersistThroughConvergence]' passed (0.002 seconds).
Test Case '-[MyRAMMacTests.SyncConvergenceIncorporationTests testMalformedCreationBodyPreStateFailsBeforeCommit]' started.
Test Case '-[MyRAMMacTests.SyncConvergenceIncorporationTests testMalformedCreationBodyPreStateFailsBeforeCommit]' passed (0.002 seconds).
Test Case '-[MyRAMMacTests.SyncConvergenceIncorporationTests testMatchingRootAndTombstoneDuplicateComparesCommittedOrdering]' started.
Test Case '-[MyRAMMacTests.SyncConvergenceIncorporationTests testMatchingRootAndTombstoneDuplicateComparesCommittedOrdering]' passed (0.002 seconds).
Test Case '-[MyRAMMacTests.SyncConvergenceIncorporationTests testMissingNoteTitleCompatibilityNoopRequiresNoWinner]' started.
Test Case '-[MyRAMMacTests.SyncConvergenceIncorporationTests testMissingNoteTitleCompatibilityNoopRequiresNoWinner]' passed (0.002 seconds).
Test Case '-[MyRAMMacTests.SyncConvergenceIncorporationTests testMixedExistingAndNewSnapshotHistoryRowsOnlyInsertMissingRows]' started.
Test Case '-[MyRAMMacTests.SyncConvergenceIncorporationTests testMixedExistingAndNewSnapshotHistoryRowsOnlyInsertMissingRows]' passed (0.008 seconds).
Test Case '-[MyRAMMacTests.SyncConvergenceIncorporationTests testMYR134MalformedRoutedNoteConstructionFailsBeforeCommitWithoutMutation]' started.
Test Case '-[MyRAMMacTests.SyncConvergenceIncorporationTests testMYR134MalformedRoutedNoteConstructionFailsBeforeCommitWithoutMutation]' passed (0.008 seconds).
Test Case '-[MyRAMMacTests.SyncConvergenceIncorporationTests testMYR134MixedRoutingsPersistAllEntriesInDeterministicOrder]' started.
Test Case '-[MyRAMMacTests.SyncConvergenceIncorporationTests testMYR134MixedRoutingsPersistAllEntriesInDeterministicOrder]' passed (0.005 seconds).
Test Case '-[MyRAMMacTests.SyncConvergenceIncorporationTests testMYR134RealPlannerShapeMatrixPersistsExpectedRoutedWork]' started.
Test Case '-[MyRAMMacTests.SyncConvergenceIncorporationTests testMYR134RealPlannerShapeMatrixPersistsExpectedRoutedWork]' passed (0.015 seconds).
Test Case '-[MyRAMMacTests.SyncConvergenceIncorporationTests testMYR134RepeatedPlanningAndIncorporationProducesIdenticalWorkPayload]' started.
Test Case '-[MyRAMMacTests.SyncConvergenceIncorporationTests testMYR134RepeatedPlanningAndIncorporationProducesIdenticalWorkPayload]' passed (0.009 seconds).
Test Case '-[MyRAMMacTests.SyncConvergenceIncorporationTests testMYR135ConstructionIdentityMatrixFailsBeforeCommitWithoutMutation]' started.
Test Case '-[MyRAMMacTests.SyncConvergenceIncorporationTests testMYR135ConstructionIdentityMatrixFailsBeforeCommitWithoutMutation]' passed (0.005 seconds).
Test Case '-[MyRAMMacTests.SyncConvergenceIncorporationTests testMYR135ReconstructedConflictAcceptsLegitimateNonSourceIdentities]' started.
Test Case '-[MyRAMMacTests.SyncConvergenceIncorporationTests testMYR135ReconstructedConflictAcceptsLegitimateNonSourceIdentities]' passed (0.004 seconds).
Test Case '-[MyRAMMacTests.SyncConvergenceIncorporationTests testMYR135ValidSourceIdentityPersistsAndBuildsExactWorkIdentity]' started.
Test Case '-[MyRAMMacTests.SyncConvergenceIncorporationTests testMYR135ValidSourceIdentityPersistsAndBuildsExactWorkIdentity]' passed (0.004 seconds).
Test Case '-[MyRAMMacTests.SyncConvergenceIncorporationTests testMYR158SwiftDataTransactionPersistsPostCommitIndexMatrix]' started.
Test Case '-[MyRAMMacTests.SyncConvergenceIncorporationTests testMYR158SwiftDataTransactionPersistsPostCommitIndexMatrix]' passed (0.017 seconds).
Test Case '-[MyRAMMacTests.SyncConvergenceIncorporationTests testMYR158SwiftDataTransactionRejectsMalformedPostCommitStateAsInvalidMergePlan]' started.
Test Case '-[MyRAMMacTests.SyncConvergenceIncorporationTests testMYR158SwiftDataTransactionRejectsMalformedPostCommitStateAsInvalidMergePlan]' passed (0.009 seconds).
Test Case '-[MyRAMMacTests.SyncConvergenceIncorporationTests testReconstructedConflictCrossNoteDeleteEvidenceFailsBeforeMutation]' started.
Test Case '-[MyRAMMacTests.SyncConvergenceIncorporationTests testReconstructedConflictCrossNoteDeleteEvidenceFailsBeforeMutation]' passed (0.003 seconds).
Test Case '-[MyRAMMacTests.SyncConvergenceIncorporationTests testReconstructedConflictMissingRewriteReceiptFailsBeforeMutation]' started.
Test Case '-[MyRAMMacTests.SyncConvergenceIncorporationTests testReconstructedConflictMissingRewriteReceiptFailsBeforeMutation]' passed (0.003 seconds).
Test Case '-[MyRAMMacTests.SyncConvergenceIncorporationTests testRetainedHistoryCallCountsFilterExistingRowsAndFailBeforeMutation]' started.
Test Case '-[MyRAMMacTests.SyncConvergenceIncorporationTests testRetainedHistoryCallCountsFilterExistingRowsAndFailBeforeMutation]' passed (0.003 seconds).
Test Case '-[MyRAMMacTests.SyncConvergenceIncorporationTests testRetainedOperationSourceControlsIdempotency]' started.
Test Case '-[MyRAMMacTests.SyncConvergenceIncorporationTests testRetainedOperationSourceControlsIdempotency]' passed (0.003 seconds).
Test Case '-[MyRAMMacTests.SyncConvergenceIncorporationTests testStaleAuthoritativeStateMapsToDedicatedDrainFailure]' started.
Test Case '-[MyRAMMacTests.SyncConvergenceIncorporationTests testStaleAuthoritativeStateMapsToDedicatedDrainFailure]' passed (0.001 seconds).
Test Case '-[MyRAMMacTests.SyncConvergenceIncorporationTests testSwappedOperationIdentityAcrossNotesFailsBeforeCommit]' started.
Test Case '-[MyRAMMacTests.SyncConvergenceIncorporationTests testSwappedOperationIdentityAcrossNotesFailsBeforeCommit]' passed (0.003 seconds).
Test Case '-[MyRAMMacTests.SyncConvergenceIncorporationTests testSwiftDataFreshContextReloadAndDifferentTimestampDuplicate]' started.
Test Case '-[MyRAMMacTests.SyncConvergenceIncorporationTests testSwiftDataFreshContextReloadAndDifferentTimestampDuplicate]' passed (0.027 seconds).
Test Case '-[MyRAMMacTests.SyncConvergenceIncorporationTests testSwiftDataRetainedOperationSourceIsRemote]' started.
Test Case '-[MyRAMMacTests.SyncConvergenceIncorporationTests testSwiftDataRetainedOperationSourceIsRemote]' passed (0.014 seconds).
Test Case '-[MyRAMMacTests.SyncConvergenceIncorporationTests testSwiftDataTombstoneProjectionRoundTripPreservesAuthoritativeFields]' started.
Test Case '-[MyRAMMacTests.SyncConvergenceIncorporationTests testSwiftDataTombstoneProjectionRoundTripPreservesAuthoritativeFields]' passed (0.009 seconds).
Test Case '-[MyRAMMacTests.SyncConvergenceIncorporationTests testSwiftDataTransactionPersistsIncorporationEvidence]' started.
Test Case '-[MyRAMMacTests.SyncConvergenceIncorporationTests testSwiftDataTransactionPersistsIncorporationEvidence]' passed (0.017 seconds).
Test Case '-[MyRAMMacTests.SyncConvergenceIncorporationTests testSwiftDataTransactionRejectsContradictoryPostCommitIndex]' started.
Test Case '-[MyRAMMacTests.SyncConvergenceIncorporationTests testSwiftDataTransactionRejectsContradictoryPostCommitIndex]' passed (0.012 seconds).
Test Case '-[MyRAMMacTests.SyncConvergenceIncorporationTests testSwiftDataUnsupportedRetainedOperationSourceFailsAsCorruptHistory]' started.
Test Case '-[MyRAMMacTests.SyncConvergenceIncorporationTests testSwiftDataUnsupportedRetainedOperationSourceFailsAsCorruptHistory]' passed (0.014 seconds).
Test Case '-[MyRAMMacTests.SyncConvergenceIncorporationTests testTitleApplyPreflightRejectsContradictoryAuthoritativeStateBeforeMutation]' started.
Test Case '-[MyRAMMacTests.SyncConvergenceIncorporationTests testTitleApplyPreflightRejectsContradictoryAuthoritativeStateBeforeMutation]' passed (0.003 seconds).
Test Case '-[MyRAMMacTests.SyncConvergenceIncorporationTests testTitleIdempotentPreflightRejectsContradictoryOperationIdentityBeforeMutation]' started.
Test Case '-[MyRAMMacTests.SyncConvergenceIncorporationTests testTitleIdempotentPreflightRejectsContradictoryOperationIdentityBeforeMutation]' passed (0.002 seconds).
Test Case '-[MyRAMMacTests.SyncConvergenceIncorporationTests testTitleIgnoreOlderPreflightRejectsPriorStateBeforeMutation]' started.
Test Case '-[MyRAMMacTests.SyncConvergenceIncorporationTests testTitleIgnoreOlderPreflightRejectsPriorStateBeforeMutation]' passed (0.001 seconds).
Test Case '-[MyRAMMacTests.SyncConvergenceIncorporationTests testTombstoneOnlyDuplicateUsesDedicatedProjection]' started.
Test Case '-[MyRAMMacTests.SyncConvergenceIncorporationTests testTombstoneOnlyDuplicateUsesDedicatedProjection]' passed (0.002 seconds).
Test Case '-[MyRAMMacTests.SyncConvergenceIncorporationTests testTwoNoteExactOwnershipIncorporatesSuccessfully]' started.
Test Case '-[MyRAMMacTests.SyncConvergenceIncorporationTests testTwoNoteExactOwnershipIncorporatesSuccessfully]' passed (0.003 seconds).
Test Case '-[MyRAMMacTests.SyncConvergenceIncorporationTests testValidatedInputPreservesCompleteSourceBatch]' started.
Test Case '-[MyRAMMacTests.SyncConvergenceIncorporationTests testValidatedInputPreservesCompleteSourceBatch]' passed (0.002 seconds).
Test Suite 'SyncConvergenceIncorporationTests' passed at 2026-08-04 16:50:31.406.
	 Executed 55 tests, with 0 failures (0 unexpected) in 0.315 (0.335) seconds
Test Suite 'SyncConvergencePlanningTests' started at 2026-08-04 16:50:31.407.
Test Case '-[MyRAMMacTests.SyncConvergencePlanningTests testAllRetainedBodyOperationsRouteNone]' started.
Test Case '-[MyRAMMacTests.SyncConvergencePlanningTests testAllRetainedBodyOperationsRouteNone]' passed (0.002 seconds).
Test Case '-[MyRAMMacTests.SyncConvergencePlanningTests testAnchoredBatchFailsPlanningBeforeCanonicalWork]' started.
Test Case '-[MyRAMMacTests.SyncConvergencePlanningTests testAnchoredBatchFailsPlanningBeforeCanonicalWork]' passed (0.001 seconds).
Test Case '-[MyRAMMacTests.SyncConvergencePlanningTests testCanonicalDigestExplicitlyRejectsAnchoredBatch]' started.
Test Case '-[MyRAMMacTests.SyncConvergencePlanningTests testCanonicalDigestExplicitlyRejectsAnchoredBatch]' passed (0.001 seconds).
Test Case '-[MyRAMMacTests.SyncConvergencePlanningTests testCanonicalPayloadDigestV1GoldenVectorMatrix]' started.
Test Case '-[MyRAMMacTests.SyncConvergencePlanningTests testCanonicalPayloadDigestV1GoldenVectorMatrix]' passed (0.004 seconds).
Test Case '-[MyRAMMacTests.SyncConvergencePlanningTests testCanonicalPayloadDigestV1IsStableAndOrderSensitive]' started.
Test Case '-[MyRAMMacTests.SyncConvergencePlanningTests testCanonicalPayloadDigestV1IsStableAndOrderSensitive]' passed (0.001 seconds).
Test Case '-[MyRAMMacTests.SyncConvergencePlanningTests testCommittedResultV1GoldenVectorMatrix]' started.
Test Case '-[MyRAMMacTests.SyncConvergencePlanningTests testCommittedResultV1GoldenVectorMatrix]' passed (0.004 seconds).
Test Case '-[MyRAMMacTests.SyncConvergencePlanningTests testCommittedResultV1OrderingAndChangeSensitivity]' started.
Test Case '-[MyRAMMacTests.SyncConvergencePlanningTests testCommittedResultV1OrderingAndChangeSensitivity]' passed (0.002 seconds).
Test Case '-[MyRAMMacTests.SyncConvergencePlanningTests testCommittedResultV1ReconciliationHashFieldOrderIsSignificant]' started.
Test Case '-[MyRAMMacTests.SyncConvergencePlanningTests testCommittedResultV1ReconciliationHashFieldOrderIsSignificant]' passed (0.001 seconds).
Test Case '-[MyRAMMacTests.SyncConvergencePlanningTests testCommittedResultV1ReconciliationReservedVariantIsPinned]' started.
Test Case '-[MyRAMMacTests.SyncConvergencePlanningTests testCommittedResultV1ReconciliationReservedVariantIsPinned]' passed (0.001 seconds).
Test Case '-[MyRAMMacTests.SyncConvergencePlanningTests testCompetingValidNilBaseBranchesBacktrackToTargetPath]' started.
Test Case '-[MyRAMMacTests.SyncConvergencePlanningTests testCompetingValidNilBaseBranchesBacktrackToTargetPath]' passed (0.003 seconds).
Test Case '-[MyRAMMacTests.SyncConvergencePlanningTests testConcurrentDeleteRebasesLaterInsertOffsetBackward]' started.
Test Case '-[MyRAMMacTests.SyncConvergencePlanningTests testConcurrentDeleteRebasesLaterInsertOffsetBackward]' passed (0.002 seconds).
Test Case '-[MyRAMMacTests.SyncConvergencePlanningTests testConcurrentEditsConvergeToIdenticalBodyRegardlessOfWhichSideIsLocal]' started.
Test Case '-[MyRAMMacTests.SyncConvergencePlanningTests testConcurrentEditsConvergeToIdenticalBodyRegardlessOfWhichSideIsLocal]' passed (0.003 seconds).
Test Case '-[MyRAMMacTests.SyncConvergencePlanningTests testConcurrentInsertsRebaseOffsetsInsteadOfCorruptingLaterText]' started.
Test Case '-[MyRAMMacTests.SyncConvergencePlanningTests testConcurrentInsertsRebaseOffsetsInsteadOfCorruptingLaterText]' passed (0.002 seconds).
Test Case '-[MyRAMMacTests.SyncConvergencePlanningTests testConcurrentSameBaseOperationsConvergeInsteadOfCorruptingHistory]' started.
Test Case '-[MyRAMMacTests.SyncConvergencePlanningTests testConcurrentSameBaseOperationsConvergeInsteadOfCorruptingHistory]' passed (0.002 seconds).
Test Case '-[MyRAMMacTests.SyncConvergencePlanningTests testContradictoryDuplicateBatchIdentityFailsBeforeCommit]' started.
Test Case '-[MyRAMMacTests.SyncConvergencePlanningTests testContradictoryDuplicateBatchIdentityFailsBeforeCommit]' passed (0.001 seconds).
Test Case '-[MyRAMMacTests.SyncConvergencePlanningTests testContradictoryFullRecordAndTombstoneFailsBeforeCommit]' started.
Test Case '-[MyRAMMacTests.SyncConvergencePlanningTests testContradictoryFullRecordAndTombstoneFailsBeforeCommit]' passed (0.001 seconds).
Test Case '-[MyRAMMacTests.SyncConvergencePlanningTests testContradictoryOperationIdentityFailsBeforeCommit]' started.
Test Case '-[MyRAMMacTests.SyncConvergencePlanningTests testContradictoryOperationIdentityFailsBeforeCommit]' passed (0.001 seconds).
Test Case '-[MyRAMMacTests.SyncConvergencePlanningTests testContradictoryTitleWinnerAuthorityFailsBeforeCommit]' started.
Test Case '-[MyRAMMacTests.SyncConvergencePlanningTests testContradictoryTitleWinnerAuthorityFailsBeforeCommit]' passed (0.001 seconds).
Test Case '-[MyRAMMacTests.SyncConvergencePlanningTests testCorruptRetainedOperationResultFailsBeforeCommit]' started.
Test Case '-[MyRAMMacTests.SyncConvergencePlanningTests testCorruptRetainedOperationResultFailsBeforeCommit]' passed (0.001 seconds).
Test Case '-[MyRAMMacTests.SyncConvergencePlanningTests testCreationPlanningDoesNotRequireExistingProjectedNote]' started.
Test Case '-[MyRAMMacTests.SyncConvergencePlanningTests testCreationPlanningDoesNotRequireExistingProjectedNote]' passed (0.002 seconds).
Test Case '-[MyRAMMacTests.SyncConvergencePlanningTests testCycleAndDuplicateResultOperationsDoNotReExploreBodies]' started.
Test Case '-[MyRAMMacTests.SyncConvergencePlanningTests testCycleAndDuplicateResultOperationsDoNotReExploreBodies]' passed (0.005 seconds).
Test Case '-[MyRAMMacTests.SyncConvergencePlanningTests testDisjointNoteSelectionIsIndependentOfQueueEnumerationOrder]' started.
Test Case '-[MyRAMMacTests.SyncConvergencePlanningTests testDisjointNoteSelectionIsIndependentOfQueueEnumerationOrder]' passed (0.001 seconds).
Test Case '-[MyRAMMacTests.SyncConvergencePlanningTests testEarlierMultiNoteEvidenceBatchBlocksItsOtherNotes]' started.
Test Case '-[MyRAMMacTests.SyncConvergencePlanningTests testEarlierMultiNoteEvidenceBatchBlocksItsOtherNotes]' passed (0.001 seconds).
Test Case '-[MyRAMMacTests.SyncConvergencePlanningTests testEarlierMultiNoteQueuedBatchIsNotPartiallyConsumedAsUnionEvidence]' started.
Test Case '-[MyRAMMacTests.SyncConvergencePlanningTests testEarlierMultiNoteQueuedBatchIsNotPartiallyConsumedAsUnionEvidence]' passed (0.002 seconds).
Test Case '-[MyRAMMacTests.SyncConvergencePlanningTests testExplicitCandidateQueuePositionLimitsEvidenceToEarlierBatches]' started.
Test Case '-[MyRAMMacTests.SyncConvergencePlanningTests testExplicitCandidateQueuePositionLimitsEvidenceToEarlierBatches]' passed (0.001 seconds).
Test Case '-[MyRAMMacTests.SyncConvergencePlanningTests testHistoryHardOverflowDefersBeforePlan]' started.
Test Case '-[MyRAMMacTests.SyncConvergencePlanningTests testHistoryHardOverflowDefersBeforePlan]' passed (0.002 seconds).
Test Case '-[MyRAMMacTests.SyncConvergencePlanningTests testIdenticalPreviouslyIncorporatedBatchReturnsCleanupPlan]' started.
Test Case '-[MyRAMMacTests.SyncConvergencePlanningTests testIdenticalPreviouslyIncorporatedBatchReturnsCleanupPlan]' passed (0.002 seconds).
Test Case '-[MyRAMMacTests.SyncConvergencePlanningTests testLaterQueuedSameNoteSuccessorIsBlockedFromEvidenceSelection]' started.
Test Case '-[MyRAMMacTests.SyncConvergencePlanningTests testLaterQueuedSameNoteSuccessorIsBlockedFromEvidenceSelection]' passed (0.001 seconds).
Test Case '-[MyRAMMacTests.SyncConvergencePlanningTests testLegacyPositionalEffectPreservesExpectedTextNoop]' started.
Test Case '-[MyRAMMacTests.SyncConvergencePlanningTests testLegacyPositionalEffectPreservesExpectedTextNoop]' passed (0.001 seconds).
Test Case '-[MyRAMMacTests.SyncConvergencePlanningTests testLifecycleDivergencePreservesLiveNoteWithoutBlockingPlan]' started.
Test Case '-[MyRAMMacTests.SyncConvergencePlanningTests testLifecycleDivergencePreservesLiveNoteWithoutBlockingPlan]' passed (0.001 seconds).
Test Case '-[MyRAMMacTests.SyncConvergencePlanningTests testLifecycleForMissingNoteIsConsumedWithoutBlockingPlan]' started.
Test Case '-[MyRAMMacTests.SyncConvergencePlanningTests testLifecycleForMissingNoteIsConsumedWithoutBlockingPlan]' passed (0.001 seconds).
Test Case '-[MyRAMMacTests.SyncConvergencePlanningTests testMalformedRetainedReplayKeyFailsAsCorruptHistoryWithoutFallbackOrdering]' started.
Test Case '-[MyRAMMacTests.SyncConvergencePlanningTests testMalformedRetainedReplayKeyFailsAsCorruptHistoryWithoutFallbackOrdering]' passed (0.001 seconds).
Test Case '-[MyRAMMacTests.SyncConvergencePlanningTests testMissingHistoricalBaseDefersAsUnreconstructableBase]' started.
Test Case '-[MyRAMMacTests.SyncConvergencePlanningTests testMissingHistoricalBaseDefersAsUnreconstructableBase]' passed (0.001 seconds).
Test Case '-[MyRAMMacTests.SyncConvergencePlanningTests testMixedRetainedAndExecutableBodyOperationsRouteIncrementalWithOnlyNewWork]' started.
Test Case '-[MyRAMMacTests.SyncConvergencePlanningTests testMixedRetainedAndExecutableBodyOperationsRouteIncrementalWithOnlyNewWork]' passed (0.002 seconds).
Test Case '-[MyRAMMacTests.SyncConvergencePlanningTests testNilBaseRetainedOperationWithoutEvidenceIsNeverGuessedIntoChain]' started.
Test Case '-[MyRAMMacTests.SyncConvergencePlanningTests testNilBaseRetainedOperationWithoutEvidenceIsNeverGuessedIntoChain]' passed (0.001 seconds).
Test Case '-[MyRAMMacTests.SyncConvergencePlanningTests testNilBaseRetainedOperationWithResultHashReconstructsChain]' started.
Test Case '-[MyRAMMacTests.SyncConvergencePlanningTests testNilBaseRetainedOperationWithResultHashReconstructsChain]' passed (0.002 seconds).
Test Case '-[MyRAMMacTests.SyncConvergencePlanningTests testPlanningSuccessReturnsPlannedOutcome]' started.
Test Case '-[MyRAMMacTests.SyncConvergencePlanningTests testPlanningSuccessReturnsPlannedOutcome]' passed (0.001 seconds).
Test Case '-[MyRAMMacTests.SyncConvergencePlanningTests testProjectedNoteEffectKindMembershipRejectsInvalidSets]' started.
Test Case '-[MyRAMMacTests.SyncConvergencePlanningTests testProjectedNoteEffectKindMembershipRejectsInvalidSets]' passed (0.001 seconds).
Test Case '-[MyRAMMacTests.SyncConvergencePlanningTests testProjectedNoteEffectV1GoldenVectorPreservesMainContract]' started.
Test Case '-[MyRAMMacTests.SyncConvergencePlanningTests testProjectedNoteEffectV1GoldenVectorPreservesMainContract]' passed (0.001 seconds).
Test Case '-[MyRAMMacTests.SyncConvergencePlanningTests testProjectedNoteEffectV1IsKindPermutationIndependent]' started.
Test Case '-[MyRAMMacTests.SyncConvergencePlanningTests testProjectedNoteEffectV1IsKindPermutationIndependent]' passed (0.001 seconds).
Test Case '-[MyRAMMacTests.SyncConvergencePlanningTests testProjectedNoteEffectV1MultiEffectPermutationIndependence]' started.
Test Case '-[MyRAMMacTests.SyncConvergencePlanningTests testProjectedNoteEffectV1MultiEffectPermutationIndependence]' passed (0.001 seconds).
Test Case '-[MyRAMMacTests.SyncConvergencePlanningTests testQueuedSameNoteEvidenceParticipatesInConflictUnion]' started.
Test Case '-[MyRAMMacTests.SyncConvergencePlanningTests testQueuedSameNoteEvidenceParticipatesInConflictUnion]' passed (0.002 seconds).
Test Case '-[MyRAMMacTests.SyncConvergencePlanningTests testReconstructedConflictDroppingUnprovenTextReturnsUnprovenTextLoss]' started.
Test Case '-[MyRAMMacTests.SyncConvergencePlanningTests testReconstructedConflictDroppingUnprovenTextReturnsUnprovenTextLoss]' passed (0.001 seconds).
Test Case '-[MyRAMMacTests.SyncConvergencePlanningTests testReconstructedConflictUsesDeleteEvidenceForWholeNoteRouting]' started.
Test Case '-[MyRAMMacTests.SyncConvergencePlanningTests testReconstructedConflictUsesDeleteEvidenceForWholeNoteRouting]' passed (0.002 seconds).
Test Case '-[MyRAMMacTests.SyncConvergencePlanningTests testReconstructionFromRetainedOperationDoesNotReplayConsumedHistoryTwice]' started.
Test Case '-[MyRAMMacTests.SyncConvergencePlanningTests testReconstructionFromRetainedOperationDoesNotReplayConsumedHistoryTwice]' passed (0.002 seconds).
Test Case '-[MyRAMMacTests.SyncConvergencePlanningTests testReconstructionStressWithHundredsOfNilBaseCandidatesCompletesBounded]' started.
Test Case '-[MyRAMMacTests.SyncConvergencePlanningTests testReconstructionStressWithHundredsOfNilBaseCandidatesCompletesBounded]' passed (7.367 seconds).
Test Case '-[MyRAMMacTests.SyncConvergencePlanningTests testRetainedChainInvalidRangeFailsAsCorruptHistory]' started.
Test Case '-[MyRAMMacTests.SyncConvergencePlanningTests testRetainedChainInvalidRangeFailsAsCorruptHistory]' passed (0.002 seconds).
Test Case '-[MyRAMMacTests.SyncConvergencePlanningTests testRetainedIdentityContradictionFailsClosed]' started.
Test Case '-[MyRAMMacTests.SyncConvergencePlanningTests testRetainedIdentityContradictionFailsClosed]' passed (0.001 seconds).
Test Case '-[MyRAMMacTests.SyncConvergencePlanningTests testRetainedIdentityIdempotencyPreventsDoubleApplication]' started.
Test Case '-[MyRAMMacTests.SyncConvergencePlanningTests testRetainedIdentityIdempotencyPreventsDoubleApplication]' passed (0.001 seconds).
Test Case '-[MyRAMMacTests.SyncConvergencePlanningTests testSameBatchChainedOperationsSurviveReconstructedConflict]' started.
Test Case '-[MyRAMMacTests.SyncConvergencePlanningTests testSameBatchChainedOperationsSurviveReconstructedConflict]' passed (0.003 seconds).
Test Case '-[MyRAMMacTests.SyncConvergencePlanningTests testSoftHistoryPressureDefersNewEvidenceGrowth]' started.
Test Case '-[MyRAMMacTests.SyncConvergencePlanningTests testSoftHistoryPressureDefersNewEvidenceGrowth]' passed (0.001 seconds).
Test Case '-[MyRAMMacTests.SyncConvergencePlanningTests testTitleHigherCanonicalKeyWinsAndLowerKeyIsIgnored]' started.
Test Case '-[MyRAMMacTests.SyncConvergencePlanningTests testTitleHigherCanonicalKeyWinsAndLowerKeyIsIgnored]' passed (0.001 seconds).
Test Case '-[MyRAMMacTests.SyncConvergencePlanningTests testTwoBodyOperationsInOneBatchProduceOneCompleteEffectAndOneBodyEvidence]' started.
Test Case '-[MyRAMMacTests.SyncConvergencePlanningTests testTwoBodyOperationsInOneBatchProduceOneCompleteEffectAndOneBodyEvidence]' passed (0.002 seconds).
Test Case '-[MyRAMMacTests.SyncConvergencePlanningTests testTwoRetainedConcurrentCandidatesDoNotCorruptMergedReplay]' started.
Test Case '-[MyRAMMacTests.SyncConvergencePlanningTests testTwoRetainedConcurrentCandidatesDoNotCorruptMergedReplay]' passed (0.002 seconds).
Test Case '-[MyRAMMacTests.SyncConvergencePlanningTests testUnencodablePlannedOperationAccountingFailsClosed]' started.
Test Case '-[MyRAMMacTests.SyncConvergencePlanningTests testUnencodablePlannedOperationAccountingFailsClosed]' passed (0.001 seconds).
Test Case '-[MyRAMMacTests.SyncConvergencePlanningTests testUnknownHashedBodyDefersWithRealDeclaredHash]' started.
Test Case '-[MyRAMMacTests.SyncConvergencePlanningTests testUnknownHashedBodyDefersWithRealDeclaredHash]' passed (0.001 seconds).
Test Case '-[MyRAMMacTests.SyncConvergencePlanningTests testUnknownTitleAndLegacyBodyProduceCompatibilityNoops]' started.
Test Case '-[MyRAMMacTests.SyncConvergencePlanningTests testUnknownTitleAndLegacyBodyProduceCompatibilityNoops]' passed (0.001 seconds).
Test Case '-[MyRAMMacTests.SyncConvergencePlanningTests testUnrelatedNilBaseRetainedBranchDoesNotBlockValidReconstruction]' started.
Test Case '-[MyRAMMacTests.SyncConvergencePlanningTests testUnrelatedNilBaseRetainedBranchDoesNotBlockValidReconstruction]' passed (0.002 seconds).
Test Case '-[MyRAMMacTests.SyncConvergencePlanningTests testUnsupportedReconciliationDefersBatch]' started.
Test Case '-[MyRAMMacTests.SyncConvergencePlanningTests testUnsupportedReconciliationDefersBatch]' passed (0.001 seconds).
Test Case '-[MyRAMMacTests.SyncConvergencePlanningTests testUnsupportedStoredDigestFormatFailsBeforeCommit]' started.
Test Case '-[MyRAMMacTests.SyncConvergencePlanningTests testUnsupportedStoredDigestFormatFailsBeforeCommit]' passed (0.001 seconds).
Test Case '-[MyRAMMacTests.SyncConvergencePlanningTests testValidatorRejectsMissingSourceOperationBlockedSuccessorRoutingAndHistoryMismatch]' started.
Test Case '-[MyRAMMacTests.SyncConvergencePlanningTests testValidatorRejectsMissingSourceOperationBlockedSuccessorRoutingAndHistoryMismatch]' passed (0.003 seconds).
Test Suite 'SyncConvergencePlanningTests' passed at 2026-08-04 16:50:38.892.
	 Executed 61 tests, with 0 failures (0 unexpected) in 7.463 (7.486) seconds
Test Suite 'SyncConvergencePostCommitTests' started at 2026-08-04 16:50:38.894.
Test Case '-[MyRAMMacTests.SyncConvergencePostCommitTests testBodyHashCapabilityRemainsDisabled]' started.
Test Case '-[MyRAMMacTests.SyncConvergencePostCommitTests testBodyHashCapabilityRemainsDisabled]' passed (0.001 seconds).
Test Case '-[MyRAMMacTests.SyncConvergencePostCommitTests testCallerPlansCannotSuppressPersistedQueueOrPresentationWork]' started.
Test Case '-[MyRAMMacTests.SyncConvergencePostCommitTests testCallerPlansCannotSuppressPersistedQueueOrPresentationWork]' passed (0.002 seconds).
Test Case '-[MyRAMMacTests.SyncConvergencePostCommitTests testCompletedPostCommitStateDoesNotCallAdaptersOrWrite]' started.
Test Case '-[MyRAMMacTests.SyncConvergencePostCommitTests testCompletedPostCommitStateDoesNotCallAdaptersOrWrite]' passed (0.025 seconds).
Test Case '-[MyRAMMacTests.SyncConvergencePostCommitTests testEightPendingStateMatrixWithLegacyAdapterPinsSingleCASEffects]' started.
Test Case '-[MyRAMMacTests.SyncConvergencePostCommitTests testEightPendingStateMatrixWithLegacyAdapterPinsSingleCASEffects]' passed (0.004 seconds).
Test Case '-[MyRAMMacTests.SyncConvergencePostCommitTests testEightPendingStateMatrixWithoutLegacyAdapterLeavesLegacyPending]' started.
Test Case '-[MyRAMMacTests.SyncConvergencePostCommitTests testEightPendingStateMatrixWithoutLegacyAdapterLeavesLegacyPending]' passed (0.003 seconds).
Test Case '-[MyRAMMacTests.SyncConvergencePostCommitTests testFakeStoreCASPreservesImmutableWorkPayloadAfterPartialClear]' started.
Test Case '-[MyRAMMacTests.SyncConvergencePostCommitTests testFakeStoreCASPreservesImmutableWorkPayloadAfterPartialClear]' passed (0.001 seconds).
Test Case '-[MyRAMMacTests.SyncConvergencePostCommitTests testLegacyTrueWithoutAdapterRemainsPending]' started.
Test Case '-[MyRAMMacTests.SyncConvergencePostCommitTests testLegacyTrueWithoutAdapterRemainsPending]' passed (0.107 seconds).
Test Case '-[MyRAMMacTests.SyncConvergencePostCommitTests testMYR135OperationHashChainValidationMatrix]' started.
Test Case '-[MyRAMMacTests.SyncConvergencePostCommitTests testMYR135OperationHashChainValidationMatrix]' passed (0.002 seconds).
Test Case '-[MyRAMMacTests.SyncConvergencePostCommitTests testMYR135PersistedIdentityRowCorruptionFailsBeforeAdapters]' started.
Test Case '-[MyRAMMacTests.SyncConvergencePostCommitTests testMYR135PersistedIdentityRowCorruptionFailsBeforeAdapters]' passed (0.202 seconds).
Test Case '-[MyRAMMacTests.SyncConvergencePostCommitTests testMYR135PostCommitPayloadIdentityValidationMatrix]' started.
Test Case '-[MyRAMMacTests.SyncConvergencePostCommitTests testMYR135PostCommitPayloadIdentityValidationMatrix]' passed (0.002 seconds).
Test Case '-[MyRAMMacTests.SyncConvergencePostCommitTests testMYR135ValidPersistedIdentityRowLoadsAndReachesPresentation]' started.
Test Case '-[MyRAMMacTests.SyncConvergencePostCommitTests testMYR135ValidPersistedIdentityRowLoadsAndReachesPresentation]' passed (0.021 seconds).
Test Case '-[MyRAMMacTests.SyncConvergencePostCommitTests testMYR136DerivedCommittedAtOrderingPayloadMismatchRejectsCASWithoutMutation]' started.
Test Case '-[MyRAMMacTests.SyncConvergencePostCommitTests testMYR136DerivedCommittedAtOrderingPayloadMismatchRejectsCASWithoutMutation]' passed (0.017 seconds).
Test Case '-[MyRAMMacTests.SyncConvergencePostCommitTests testMYR136MatchingRootAndPriorStateCASChangesOnlyMutableState]' started.
Test Case '-[MyRAMMacTests.SyncConvergencePostCommitTests testMYR136MatchingRootAndPriorStateCASChangesOnlyMutableState]' passed (0.018 seconds).
Test Case '-[MyRAMMacTests.SyncConvergencePostCommitTests testMYR136PersistedImmutableRootFieldMatrixRejectsStaleCASWithoutMutation]' started.
Test Case '-[MyRAMMacTests.SyncConvergencePostCommitTests testMYR136PersistedImmutableRootFieldMatrixRejectsStaleCASWithoutMutation]' passed (0.245 seconds).
Test Case '-[MyRAMMacTests.SyncConvergencePostCommitTests testMYR136StaleExpectedStatePayloadRejectsCASWithoutMutation]' started.
Test Case '-[MyRAMMacTests.SyncConvergencePostCommitTests testMYR136StaleExpectedStatePayloadRejectsCASWithoutMutation]' passed (0.017 seconds).
Test Case '-[MyRAMMacTests.SyncConvergencePostCommitTests testMYR137FakeFullRootMissingDecodedWorkFailsBeforeAdaptersOrCAS]' started.
Test Case '-[MyRAMMacTests.SyncConvergencePostCommitTests testMYR137FakeFullRootMissingDecodedWorkFailsBeforeAdaptersOrCAS]' passed (0.114 seconds).
Test Case '-[MyRAMMacTests.SyncConvergencePostCommitTests testMYR137FakeStoreLoadOutcomeAndFailureMatrixStopsBeforeAdaptersOrCAS]' started.
Test Case '-[MyRAMMacTests.SyncConvergencePostCommitTests testMYR137FakeStoreLoadOutcomeAndFailureMatrixStopsBeforeAdaptersOrCAS]' passed (0.002 seconds).
Test Case '-[MyRAMMacTests.SyncConvergencePostCommitTests testMYR137FinalCASFailureModesPreserveAuthoritativeStoreStateAndImmutableWork]' started.
Test Case '-[MyRAMMacTests.SyncConvergencePostCommitTests testMYR137FinalCASFailureModesPreserveAuthoritativeStoreStateAndImmutableWork]' passed (0.003 seconds).
Test Case '-[MyRAMMacTests.SyncConvergencePostCommitTests testMYR137LegacyFailureModesClearOtherDomainsAndRetryOnlyLegacy]' started.
Test Case '-[MyRAMMacTests.SyncConvergencePostCommitTests testMYR137LegacyFailureModesClearOtherDomainsAndRetryOnlyLegacy]' passed (0.003 seconds).
Test Case '-[MyRAMMacTests.SyncConvergencePostCommitTests testMYR137MixedFailureMatrixPreservesExactPendingSetIncludingZeroCompletionBranch]' started.
Test Case '-[MyRAMMacTests.SyncConvergencePostCommitTests testMYR137MixedFailureMatrixPreservesExactPendingSetIncludingZeroCompletionBranch]' passed (0.003 seconds).
Test Case '-[MyRAMMacTests.SyncConvergencePostCommitTests testMYR137PartialCompletionSurvivesFreshSwiftDataContextAndRetryRunsOnlyRemainingDomain]' started.
Test Case '-[MyRAMMacTests.SyncConvergencePostCommitTests testMYR137PartialCompletionSurvivesFreshSwiftDataContextAndRetryRunsOnlyRemainingDomain]' passed (0.029 seconds).
Test Case '-[MyRAMMacTests.SyncConvergencePostCommitTests testMYR137PersistedLoadFailureMatrixFailsClosedWithoutMutation]' started.
Test Case '-[MyRAMMacTests.SyncConvergencePostCommitTests testMYR137PersistedLoadFailureMatrixFailsClosedWithoutMutation]' passed (0.078 seconds).
Test Case '-[MyRAMMacTests.SyncConvergencePostCommitTests testMYR137PresentationMissingNoteIsTreatedAsSatisfiedAndDrainsOtherDomains]' started.
Test Case '-[MyRAMMacTests.SyncConvergencePostCommitTests testMYR137PresentationMissingNoteIsTreatedAsSatisfiedAndDrainsOtherDomains]' passed (0.001 seconds).
Test Case '-[MyRAMMacTests.SyncConvergencePostCommitTests testMYR137PresentationPreActionLoadFailuresClearEarlierDomainsWithoutCallingAdapter]' started.
Test Case '-[MyRAMMacTests.SyncConvergencePostCommitTests testMYR137PresentationPreActionLoadFailuresClearEarlierDomainsWithoutCallingAdapter]' passed (0.001 seconds).
Test Case '-[MyRAMMacTests.SyncConvergencePostCommitTests testMYR137PresentationScriptedFailureReplaysDomainIdempotently]' started.
Test Case '-[MyRAMMacTests.SyncConvergencePostCommitTests testMYR137PresentationScriptedFailureReplaysDomainIdempotently]' passed (0.001 seconds).
Test Case '-[MyRAMMacTests.SyncConvergencePostCommitTests testMYR137QueueFailureModesClearSuccessfulLaterDomainsAndRetryOnlyQueue]' started.
Test Case '-[MyRAMMacTests.SyncConvergencePostCommitTests testMYR137QueueFailureModesClearSuccessfulLaterDomainsAndRetryOnlyQueue]' passed (0.002 seconds).
Test Case '-[MyRAMMacTests.SyncConvergencePostCommitTests testMYR137TombstoneQueueFailureRetriesWithoutCASAndDistinguishesMismatchLayers]' started.
Test Case '-[MyRAMMacTests.SyncConvergencePostCommitTests testMYR137TombstoneQueueFailureRetriesWithoutCASAndDistinguishesMismatchLayers]' passed (0.017 seconds).
Test Case '-[MyRAMMacTests.SyncConvergencePostCommitTests testMYR138CommittedFinalStateSurvivesLostCASResponseAndRelaunchesComplete]' started.
Test Case '-[MyRAMMacTests.SyncConvergencePostCommitTests testMYR138CommittedFinalStateSurvivesLostCASResponseAndRelaunchesComplete]' passed (0.002 seconds).
Test Case '-[MyRAMMacTests.SyncConvergencePostCommitTests testMYR138FailedFinalCASFreshRelaunchDecodesBytesAndAvoidsDuplicateEffects]' started.
Test Case '-[MyRAMMacTests.SyncConvergencePostCommitTests testMYR138FailedFinalCASFreshRelaunchDecodesBytesAndAvoidsDuplicateEffects]' passed (0.002 seconds).
Test Case '-[MyRAMMacTests.SyncConvergencePostCommitTests testMYR138FailedFinalCASSameContextRetryReinvokesAdaptersWithoutDuplicatingEffects]' started.
Test Case '-[MyRAMMacTests.SyncConvergencePostCommitTests testMYR138FailedFinalCASSameContextRetryReinvokesAdaptersWithoutDuplicatingEffects]' passed (0.001 seconds).
Test Case '-[MyRAMMacTests.SyncConvergencePostCommitTests testMYR138RelaunchFromEachPreCASCrashBoundaryReplaysAdaptersIdempotently]' started.
Test Case '-[MyRAMMacTests.SyncConvergencePostCommitTests testMYR138RelaunchFromEachPreCASCrashBoundaryReplaysAdaptersIdempotently]' passed (0.002 seconds).
Test Case '-[MyRAMMacTests.SyncConvergencePostCommitTests testMYR138TombstoneRelaunchAfterQueueEffectReverifiesIdempotentlyWithoutCAS]' started.
Test Case '-[MyRAMMacTests.SyncConvergencePostCommitTests testMYR138TombstoneRelaunchAfterQueueEffectReverifiesIdempotentlyWithoutCAS]' passed (0.112 seconds).
Test Case '-[MyRAMMacTests.SyncConvergencePostCommitTests testMYR158BackfillSaveFailureRollsBackAssignedIndexes]' started.
Test Case '-[MyRAMMacTests.SyncConvergencePostCommitTests testMYR158BackfillSaveFailureRollsBackAssignedIndexes]' passed (0.019 seconds).
Test Case '-[MyRAMMacTests.SyncConvergencePostCommitTests testMYR158CASGuardPrecedenceIgnoresLaterIndexContradictions]' started.
Test Case '-[MyRAMMacTests.SyncConvergencePostCommitTests testMYR158CASGuardPrecedenceIgnoresLaterIndexContradictions]' passed (0.049 seconds).
Test Case '-[MyRAMMacTests.SyncConvergencePostCommitTests testMYR158CASPostSaveContradictionReturnsTypedFailure]' started.
Test Case '-[MyRAMMacTests.SyncConvergencePostCommitTests testMYR158CASPostSaveContradictionReturnsTypedFailure]' passed (0.016 seconds).
Test Case '-[MyRAMMacTests.SyncConvergencePostCommitTests testMYR158CASPostSaveUnexpectedSelfConsistentStateReturnsPersistence]' started.
Test Case '-[MyRAMMacTests.SyncConvergencePostCommitTests testMYR158CASPostSaveUnexpectedSelfConsistentStateReturnsPersistence]' passed (0.016 seconds).
Test Case '-[MyRAMMacTests.SyncConvergencePostCommitTests testMYR158CASSaveFailureRollsBackStateAndIndex]' started.
Test Case '-[MyRAMMacTests.SyncConvergencePostCommitTests testMYR158CASSaveFailureRollsBackStateAndIndex]' passed (0.016 seconds).
Test Case '-[MyRAMMacTests.SyncConvergencePostCommitTests testMYR158CompletedLegacyBackfillDoesNotValidateImmutableWorkPayload]' started.
Test Case '-[MyRAMMacTests.SyncConvergencePostCommitTests testMYR158CompletedLegacyBackfillDoesNotValidateImmutableWorkPayload]' passed (0.009 seconds).
Test Case '-[MyRAMMacTests.SyncConvergencePostCommitTests testMYR158ContradictoryIndexesFailClosed]' started.
Test Case '-[MyRAMMacTests.SyncConvergencePostCommitTests testMYR158ContradictoryIndexesFailClosed]' passed (0.009 seconds).
Test Case '-[MyRAMMacTests.SyncConvergencePostCommitTests testMYR158ContradictoryPendingWorkPhaseOneDoesNotPersistBackfill]' started.
Test Case '-[MyRAMMacTests.SyncConvergencePostCommitTests testMYR158ContradictoryPendingWorkPhaseOneDoesNotPersistBackfill]' passed (0.009 seconds).
Test Case '-[MyRAMMacTests.SyncConvergencePostCommitTests testMYR158DirectNilReadsRemainNonmutatingUntilGlobalLoadBackfills]' started.
Test Case '-[MyRAMMacTests.SyncConvergencePostCommitTests testMYR158DirectNilReadsRemainNonmutatingUntilGlobalLoadBackfills]' passed (0.012 seconds).
Test Case '-[MyRAMMacTests.SyncConvergencePostCommitTests testMYR158DirtySharedContextBackfillsWithoutSavingOrRollingBackCallerChanges]' started.
Test Case '-[MyRAMMacTests.SyncConvergencePostCommitTests testMYR158DirtySharedContextBackfillsWithoutSavingOrRollingBackCallerChanges]' passed (0.010 seconds).
Test Case '-[MyRAMMacTests.SyncConvergencePostCommitTests testMYR158IndexedPendingSelectionSkipsCompletedHistory]' started.
Test Case '-[MyRAMMacTests.SyncConvergencePostCommitTests testMYR158IndexedPendingSelectionSkipsCompletedHistory]' passed (0.075 seconds).
Test Case '-[MyRAMMacTests.SyncConvergencePostCommitTests testMYR158LegacyNilSuccessfulCASWritesDerivedIndex]' started.
Test Case '-[MyRAMMacTests.SyncConvergencePostCommitTests testMYR158LegacyNilSuccessfulCASWritesDerivedIndex]' passed (0.021 seconds).
Test Case '-[MyRAMMacTests.SyncConvergencePostCommitTests testMYR158LegacyRowsBackfillOnceAndThenStayBounded]' started.
Test Case '-[MyRAMMacTests.SyncConvergencePostCommitTests testMYR158LegacyRowsBackfillOnceAndThenStayBounded]' passed (0.178 seconds).
Test Case '-[MyRAMMacTests.SyncConvergencePostCommitTests testMYR158MalformedPendingWorkPhaseOneDoesNotPersistBackfill]' started.
Test Case '-[MyRAMMacTests.SyncConvergencePostCommitTests testMYR158MalformedPendingWorkPhaseOneDoesNotPersistBackfill]' passed (0.010 seconds).
Test Case '-[MyRAMMacTests.SyncConvergencePostCommitTests testMYR158PhaseOneFailureDoesNotPersistPartialBackfill]' started.
Test Case '-[MyRAMMacTests.SyncConvergencePostCommitTests testMYR158PhaseOneFailureDoesNotPersistPartialBackfill]' passed (0.010 seconds).
Test Case '-[MyRAMMacTests.SyncConvergencePostCommitTests testMYR158RuntimeCompletedOnlyLegacyBackfillPreservesDirtyCallerState]' started.
Test Case '-[MyRAMMacTests.SyncConvergencePostCommitTests testMYR158RuntimeCompletedOnlyLegacyBackfillPreservesDirtyCallerState]' passed (0.112 seconds).
Test Case '-[MyRAMMacTests.SyncConvergencePostCommitTests testMYR158RuntimePendingLegacyRecoveryIsNotCorruptHistory]' started.
2026-08-04 16:50:40.533549+0000 MyRAMMac[13548:39823] [ModelContext] SwiftData.ModelContext: Unbinding from the main queue. This context was instantiated on the main queue but is being used off it. ModelContexts are not Sendable, consider using a ModelActor.
Test Case '-[MyRAMMacTests.SyncConvergencePostCommitTests testMYR158RuntimePendingLegacyRecoveryIsNotCorruptHistory]' passed (0.013 seconds).
Test Case '-[MyRAMMacTests.SyncConvergencePostCommitTests testMYR158UnindexedPendingRowIsIncludedByNullPredicateAndBackfilled]' started.
Test Case '-[MyRAMMacTests.SyncConvergencePostCommitTests testMYR158UnindexedPendingRowIsIncludedByNullPredicateAndBackfilled]' passed (0.011 seconds).
Test Case '-[MyRAMMacTests.SyncConvergencePostCommitTests testMYR162PresentationSupersededByLaterPendingRequestIsTreatedAsSatisfied]' started.
Test Case '-[MyRAMMacTests.SyncConvergencePostCommitTests testMYR162PresentationSupersededByLaterPendingRequestIsTreatedAsSatisfied]' passed (0.001 seconds).
Test Case '-[MyRAMMacTests.SyncConvergencePostCommitTests testMYR165IdempotentRedeliveryRetriesScopedPostCommitWithoutBlockingOtherWork]' started.
2026-08-04 16:50:40.558975+0000 MyRAMMac[13548:41628] [ModelContext] SwiftData.ModelContext: Unbinding from the main queue. This context was instantiated on the main queue but is being used off it. ModelContexts are not Sendable, consider using a ModelActor.
Test Case '-[MyRAMMacTests.SyncConvergencePostCommitTests testMYR165IdempotentRedeliveryRetriesScopedPostCommitWithoutBlockingOtherWork]' passed (0.125 seconds).
Test Case '-[MyRAMMacTests.SyncConvergencePostCommitTests testMYR165PresentationNotSupersededByLaterMetadataOnlyRequest]' started.
Test Case '-[MyRAMMacTests.SyncConvergencePostCommitTests testMYR165PresentationNotSupersededByLaterMetadataOnlyRequest]' passed (0.001 seconds).
Test Case '-[MyRAMMacTests.SyncConvergencePostCommitTests testMYR165PresentationPendingBacklogDefersOnlyItsNoteAndCompletesOtherWork]' started.
2026-08-04 16:50:40.686429+0000 MyRAMMac[13548:39823] [ModelContext] SwiftData.ModelContext: Unbinding from the main queue. This context was instantiated on the main queue but is being used off it. ModelContexts are not Sendable, consider using a ModelActor.
Test Case '-[MyRAMMacTests.SyncConvergencePostCommitTests testMYR165PresentationPendingBacklogDefersOnlyItsNoteAndCompletesOtherWork]' passed (0.015 seconds).
Test Case '-[MyRAMMacTests.SyncConvergencePostCommitTests testMYR165RealStoreThreadsPresentationRoutingThroughPendingRequests]' started.
Test Case '-[MyRAMMacTests.SyncConvergencePostCommitTests testMYR165RealStoreThreadsPresentationRoutingThroughPendingRequests]' passed (0.009 seconds).
Test Case '-[MyRAMMacTests.SyncConvergencePostCommitTests testMYR165RuntimeScopesOnlyPresentationPendingWork]' started.
Test Case '-[MyRAMMacTests.SyncConvergencePostCommitTests testMYR165RuntimeScopesOnlyPresentationPendingWork]' passed (0.001 seconds).
Test Case '-[MyRAMMacTests.SyncConvergencePostCommitTests testNonthrowingQueueRemovalPreservesPriorInMemoryFailureSemantics]' started.
Test Case '-[MyRAMMacTests.SyncConvergencePostCommitTests testNonthrowingQueueRemovalPreservesPriorInMemoryFailureSemantics]' passed (0.002 seconds).
Test Case '-[MyRAMMacTests.SyncConvergencePostCommitTests testPostCommitPayloadAllowsMissingExpectedPreHashAndMissingFirstBaseHash]' started.
Test Case '-[MyRAMMacTests.SyncConvergencePostCommitTests testPostCommitPayloadAllowsMissingExpectedPreHashAndMissingFirstBaseHash]' passed (0.001 seconds).
Test Case '-[MyRAMMacTests.SyncConvergencePostCommitTests testPostCommitPayloadRejectsMalformedOperationIdentity]' started.
Test Case '-[MyRAMMacTests.SyncConvergencePostCommitTests testPostCommitPayloadRejectsMalformedOperationIdentity]' passed (0.001 seconds).
Test Case '-[MyRAMMacTests.SyncConvergencePostCommitTests testPostCommitPayloadRejectsMissingFirstBaseHashWhenExpectedPreHashExists]' started.
Test Case '-[MyRAMMacTests.SyncConvergencePostCommitTests testPostCommitPayloadRejectsMissingFirstBaseHashWhenExpectedPreHashExists]' passed (0.001 seconds).
Test Case '-[MyRAMMacTests.SyncConvergencePostCommitTests testPostCommitPayloadRejectsMissingIntermediateBaseHash]' started.
Test Case '-[MyRAMMacTests.SyncConvergencePostCommitTests testPostCommitPayloadRejectsMissingIntermediateBaseHash]' passed (0.001 seconds).
Test Case '-[MyRAMMacTests.SyncConvergencePostCommitTests testPostCommitPayloadRejectsOperationHashChainMismatch]' started.
Test Case '-[MyRAMMacTests.SyncConvergencePostCommitTests testPostCommitPayloadRejectsOperationHashChainMismatch]' passed (0.001 seconds).
Test Case '-[MyRAMMacTests.SyncConvergencePostCommitTests testPostCommitPayloadValidationMatrixRejectsContradictoryPresentationEntries]' started.
Test Case '-[MyRAMMacTests.SyncConvergencePostCommitTests testPostCommitPayloadValidationMatrixRejectsContradictoryPresentationEntries]' passed (0.001 seconds).
Test Case '-[MyRAMMacTests.SyncConvergencePostCommitTests testPrePayloadPendingRootFailsClosedBeforeAdapters]' started.
Test Case '-[MyRAMMacTests.SyncConvergencePostCommitTests testPrePayloadPendingRootFailsClosedBeforeAdapters]' passed (0.103 seconds).
Test Case '-[MyRAMMacTests.SyncConvergencePostCommitTests testPresentationRequestsUseAuthoritativeCommittedStateInDeterministicOrder]' started.
Test Case '-[MyRAMMacTests.SyncConvergencePostCommitTests testPresentationRequestsUseAuthoritativeCommittedStateInDeterministicOrder]' passed (0.002 seconds).
Test Case '-[MyRAMMacTests.SyncConvergencePostCommitTests testQueueFailureDoesNotBlockPresentationProgress]' started.
Test Case '-[MyRAMMacTests.SyncConvergencePostCommitTests testQueueFailureDoesNotBlockPresentationProgress]' passed (0.001 seconds).
Test Case '-[MyRAMMacTests.SyncConvergencePostCommitTests testRepresentativeWorkPayloadGoldenDigestPinsStableEncoding]' started.
Test Case '-[MyRAMMacTests.SyncConvergencePostCommitTests testRepresentativeWorkPayloadGoldenDigestPinsStableEncoding]' passed (0.002 seconds).
Test Case '-[MyRAMMacTests.SyncConvergencePostCommitTests testRuntimeRejectsAnchoredRemoteAndLocalSubmissionBeforePersistence]' started.
Test Case '-[MyRAMMacTests.SyncConvergencePostCommitTests testRuntimeRejectsAnchoredRemoteAndLocalSubmissionBeforePersistence]' passed (0.109 seconds).
Test Case '-[MyRAMMacTests.SyncConvergencePostCommitTests testSameExecutorInstanceSerializesOverlappingRuns]' started.
Test Case '-[MyRAMMacTests.SyncConvergencePostCommitTests testSameExecutorInstanceSerializesOverlappingRuns]' passed (0.064 seconds).
Test Case '-[MyRAMMacTests.SyncConvergencePostCommitTests testSwiftDataStoreReloadsAfterPartialAndFullClearWithRetainedWorkPayload]' started.
Test Case '-[MyRAMMacTests.SyncConvergencePostCommitTests testSwiftDataStoreReloadsAfterPartialAndFullClearWithRetainedWorkPayload]' passed (0.013 seconds).
Test Case '-[MyRAMMacTests.SyncConvergencePostCommitTests testThrowingQueueRemovalRemovesExactlyRequestedIDsAndPreservesOrder]' started.
Test Case '-[MyRAMMacTests.SyncConvergencePostCommitTests testThrowingQueueRemovalRemovesExactlyRequestedIDsAndPreservesOrder]' passed (0.003 seconds).
Test Case '-[MyRAMMacTests.SyncConvergencePostCommitTests testThrowingQueueRemovalRestoresExactQueueOnPersistenceFailure]' started.
Test Case '-[MyRAMMacTests.SyncConvergencePostCommitTests testThrowingQueueRemovalRestoresExactQueueOnPersistenceFailure]' passed (0.002 seconds).
Test Case '-[MyRAMMacTests.SyncConvergencePostCommitTests testTombstoneCleanupRemovesOnlyVerifiedSourceBatchID]' started.
Test Case '-[MyRAMMacTests.SyncConvergencePostCommitTests testTombstoneCleanupRemovesOnlyVerifiedSourceBatchID]' passed (0.107 seconds).
Test Case '-[MyRAMMacTests.SyncConvergencePostCommitTests testWorkPayloadAllowsClearedFlagsWithRetainedEvidence]' started.
Test Case '-[MyRAMMacTests.SyncConvergencePostCommitTests testWorkPayloadAllowsClearedFlagsWithRetainedEvidence]' passed (0.001 seconds).
Test Suite 'SyncConvergencePostCommitTests' passed at 2026-08-04 16:50:41.121.
	 Executed 74 tests, with 0 failures (0 unexpected) in 2.204 (2.227) seconds
Test Suite 'SyncConvergenceRewriteSafetyPolicyTests' started at 2026-08-04 16:50:41.121.
Test Case '-[MyRAMMacTests.SyncConvergenceRewriteSafetyPolicyTests testDuplicateDeleteIdentityIsRejected]' started.
Test Case '-[MyRAMMacTests.SyncConvergenceRewriteSafetyPolicyTests testDuplicateDeleteIdentityIsRejected]' passed (0.001 seconds).
Test Case '-[MyRAMMacTests.SyncConvergenceRewriteSafetyPolicyTests testEmptyEvidenceAndMismatchedExpectedTextCannotProveLoss]' started.
Test Case '-[MyRAMMacTests.SyncConvergenceRewriteSafetyPolicyTests testEmptyEvidenceAndMismatchedExpectedTextCannotProveLoss]' passed (0.002 seconds).
Test Case '-[MyRAMMacTests.SyncConvergenceRewriteSafetyPolicyTests testIdenticalNonEmptyBodyConsumesNoEvidence]' started.
Test Case '-[MyRAMMacTests.SyncConvergenceRewriteSafetyPolicyTests testIdenticalNonEmptyBodyConsumesNoEvidence]' passed (0.001 seconds).
Test Case '-[MyRAMMacTests.SyncConvergenceRewriteSafetyPolicyTests testMultiCharacterEvidenceCoversOnlyItsExactMultiset]' started.
Test Case '-[MyRAMMacTests.SyncConvergenceRewriteSafetyPolicyTests testMultiCharacterEvidenceCoversOnlyItsExactMultiset]' passed (0.002 seconds).
Test Case '-[MyRAMMacTests.SyncConvergenceRewriteSafetyPolicyTests testOffsetDriftDoesNotInvalidateExpectedTextProof]' started.
Test Case '-[MyRAMMacTests.SyncConvergenceRewriteSafetyPolicyTests testOffsetDriftDoesNotInvalidateExpectedTextProof]' passed (0.001 seconds).
Test Case '-[MyRAMMacTests.SyncConvergenceRewriteSafetyPolicyTests testOneProofCoversOnlyOneDuplicateOccurrence]' started.
Test Case '-[MyRAMMacTests.SyncConvergenceRewriteSafetyPolicyTests testOneProofCoversOnlyOneDuplicateOccurrence]' passed (0.001 seconds).
Test Case '-[MyRAMMacTests.SyncConvergenceRewriteSafetyPolicyTests testPreservationInsertionAndReorderAreSafe]' started.
Test Case '-[MyRAMMacTests.SyncConvergenceRewriteSafetyPolicyTests testPreservationInsertionAndReorderAreSafe]' passed (0.001 seconds).
Test Case '-[MyRAMMacTests.SyncConvergenceRewriteSafetyPolicyTests testReorderPlusExplicitDeleteIsSafe]' started.
Test Case '-[MyRAMMacTests.SyncConvergenceRewriteSafetyPolicyTests testReorderPlusExplicitDeleteIsSafe]' passed (0.001 seconds).
Test Case '-[MyRAMMacTests.SyncConvergenceRewriteSafetyPolicyTests testUnprovenDuplicateDropIsUnsafe]' started.
Test Case '-[MyRAMMacTests.SyncConvergenceRewriteSafetyPolicyTests testUnprovenDuplicateDropIsUnsafe]' passed (0.001 seconds).
Test Case '-[MyRAMMacTests.SyncConvergenceRewriteSafetyPolicyTests testWhitespaceAndUnicodeRequireExactUTF16Evidence]' started.
Test Case '-[MyRAMMacTests.SyncConvergenceRewriteSafetyPolicyTests testWhitespaceAndUnicodeRequireExactUTF16Evidence]' passed (0.001 seconds).
Test Case '-[MyRAMMacTests.SyncConvergenceRewriteSafetyPolicyTests testWhitespaceOmissionRequiresExplicitEvidence]' started.
Test Case '-[MyRAMMacTests.SyncConvergenceRewriteSafetyPolicyTests testWhitespaceOmissionRequiresExplicitEvidence]' passed (0.002 seconds).
Test Suite 'SyncConvergenceRewriteSafetyPolicyTests' passed at 2026-08-04 16:50:41.144.
	 Executed 11 tests, with 0 failures (0 unexpected) in 0.014 (0.022) seconds
Test Suite 'MyRAMMacTests.xctest' failed at 2026-08-04 16:50:41.144.
	 Executed 649 tests, with 1 failure (1 unexpected) in 22.129 (22.517) seconds
Test Suite 'All tests' failed at 2026-08-04 16:50:41.145.
	 Executed 649 tests, with 1 failure (1 unexpected) in 22.129 (22.519) seconds
2026-08-04 16:50:44.716 xcodebuild[11193:33078] [MT] IDETestOperationsObserverDebug: 32.482 elapsed -- Testing started completed.
2026-08-04 16:50:44.716 xcodebuild[11193:33078] [MT] IDETestOperationsObserverDebug: 0.000 sec, +0.000 sec -- start
2026-08-04 16:50:44.716 xcodebuild[11193:33078] [MT] IDETestOperationsObserverDebug: 32.482 sec, +32.482 sec -- end

Test session results, code coverage, and logs:
	/tmp/MYR175-Clean-Mac.xcresult

Failing tests:
	SwiftDataNoteSequenceStateStoreTests.testSemanticRunAndFragmentOrderAreRejectedWithoutNormalization()

** TEST FAILED **

Testing started
