Command line invocation:
    /Applications/Xcode_26.5.app/Contents/Developer/usr/bin/xcodebuild -project MyRAM.xcodeproj -scheme MyRAM -destination "platform=iOS Simulator,id=FC5FEF2A-E933-4515-AAEF-C9FC16651D0B" -destination-timeout 180 -parallel-testing-enabled NO -derivedDataPath /tmp/MYR175-Classify-Baseline-iOS CODE_SIGNING_ALLOWED=NO CODE_SIGNING_REQUIRED=NO CODE_SIGN_IDENTITY= test "-only-testing:MyRAMTests/SyncConvergencePlanningTests"

Build settings from command line:
    CODE_SIGN_IDENTITY = 
    CODE_SIGNING_ALLOWED = NO
    CODE_SIGNING_REQUIRED = NO

Resolve Package Graph


Resolved source packages:
  NearbySyncCore: /Users/runner/work/MyRAM-iOS/MyRAM-iOS/NearbySyncCore @ local
  AnchoredSequenceCore: /Users/runner/work/MyRAM-iOS/MyRAM-iOS/Baseline/Packages/AnchoredSequenceCore @ local

--- xcodebuild: WARNING: Using the first of multiple matching destinations:
{ platform:iOS Simulator, arch:arm64, id:FC5FEF2A-E933-4515-AAEF-C9FC16651D0B, OS:26.5, name:iPhone 17 }
{ platform:iOS Simulator, arch:x86_64, id:FC5FEF2A-E933-4515-AAEF-C9FC16651D0B, OS:26.5, name:iPhone 17 }
note: Using codesigning identity override: 
ComputePackagePrebuildTargetDependencyGraph

Prepare packages

CreateBuildRequest

SendProjectDescription

CreateBuildOperation

ComputeTargetDependencyGraph
note: Building targets in dependency order
note: Target dependency graph (8 targets)
    Target 'MyRAMUITests' in project 'MyRAM'
        ➜ Explicit dependency on target 'MyRAM' in project 'MyRAM'
    Target 'MyRAMTests' in project 'MyRAM'
        ➜ Explicit dependency on target 'MyRAM' in project 'MyRAM'
        ➜ Explicit dependency on target 'AnchoredSequenceCore' in project 'AnchoredSequenceCore'
    Target 'MyRAM' in project 'MyRAM'
        ➜ Explicit dependency on target 'MyRAMWidgetExtension' in project 'MyRAM'
        ➜ Explicit dependency on target 'NearbySyncCore' in project 'NearbySyncCore'
        ➜ Explicit dependency on target 'AnchoredSequenceCore' in project 'AnchoredSequenceCore'
    Target 'AnchoredSequenceCore' in project 'AnchoredSequenceCore'
        ➜ Explicit dependency on target 'AnchoredSequenceCore' in project 'AnchoredSequenceCore'
    Target 'AnchoredSequenceCore' in project 'AnchoredSequenceCore' (no dependencies)
    Target 'NearbySyncCore' in project 'NearbySyncCore'
        ➜ Explicit dependency on target 'NearbySyncCore' in project 'NearbySyncCore'
    Target 'NearbySyncCore' in project 'NearbySyncCore' (no dependencies)
    Target 'MyRAMWidgetExtension' in project 'MyRAM' (no dependencies)

GatherProvisioningInputs

CreateBuildDescription

ExecuteExternalTool /Applications/Xcode_26.5.app/Contents/Developer/Toolchains/XcodeDefault.xctoolchain/usr/bin/swiftc --version

ExecuteExternalTool /Applications/Xcode_26.5.app/Contents/Developer/usr/bin/actool --version --output-format xml1

ExecuteExternalTool /Applications/Xcode_26.5.app/Contents/Developer/usr/bin/actool --print-asset-tag-combinations --output-format xml1 /Users/runner/work/MyRAM-iOS/MyRAM-iOS/Baseline/MyRAM/Preview Content/Preview Assets.xcassets /Users/runner/work/MyRAM-iOS/MyRAM-iOS/Baseline/MyRAM/Assets.xcassets

ExecuteExternalTool /Applications/Xcode_26.5.app/Contents/Developer/Toolchains/XcodeDefault.xctoolchain/usr/bin/ld -version_details

ExecuteExternalTool /Applications/Xcode_26.5.app/Contents/Developer/Toolchains/XcodeDefault.xctoolchain/usr/bin/clang -v -E -dM -isysroot /Applications/Xcode_26.5.app/Contents/Developer/Platforms/iPhoneSimulator.platform/Developer/SDKs/iPhoneSimulator26.5.sdk -x c -c /dev/null

Build description signature: ca8ca54dde666c01cd3430ad9836c458
Build description path: /tmp/MYR175-Classify-Baseline-iOS/Build/Intermediates.noindex/XCBuildData/ca8ca54dde666c01cd3430ad9836c458.xcbuilddata
ClangStatCache /Applications/Xcode_26.5.app/Contents/Developer/Toolchains/XcodeDefault.xctoolchain/usr/bin/clang-stat-cache /Applications/Xcode_26.5.app/Contents/Developer/Platforms/iPhoneSimulator.platform/Developer/SDKs/iPhoneSimulator26.5.sdk /tmp/MYR175-Classify-Baseline-iOS/SDKStatCaches.noindex/iphonesimulator26.5-23F73-688ef53f1462e2c8f657fdc38a81448ffb7d586738ff35573a713a18216ade27.sdkstatcache
    cd /Users/runner/work/MyRAM-iOS/MyRAM-iOS/Baseline/MyRAM.xcodeproj
    /Applications/Xcode_26.5.app/Contents/Developer/Toolchains/XcodeDefault.xctoolchain/usr/bin/clang-stat-cache /Applications/Xcode_26.5.app/Contents/Developer/Platforms/iPhoneSimulator.platform/Developer/SDKs/iPhoneSimulator26.5.sdk -o /tmp/MYR175-Classify-Baseline-iOS/SDKStatCaches.noindex/iphonesimulator26.5-23F73-688ef53f1462e2c8f657fdc38a81448ffb7d586738ff35573a713a18216ade27.sdkstatcache

CreateBuildDirectory /tmp/MYR175-Classify-Baseline-iOS/Build/Intermediates.noindex
    cd /Users/runner/work/MyRAM-iOS/MyRAM-iOS/Baseline/MyRAM.xcodeproj
    builtin-create-build-directory /tmp/MYR175-Classify-Baseline-iOS/Build/Intermediates.noindex

CreateBuildDirectory /tmp/MYR175-Classify-Baseline-iOS/Build/Products
    cd /Users/runner/work/MyRAM-iOS/MyRAM-iOS/Baseline/MyRAM.xcodeproj
    builtin-create-build-directory /tmp/MYR175-Classify-Baseline-iOS/Build/Products

CreateBuildDirectory /tmp/MYR175-Classify-Baseline-iOS/Build/Products/Debug-iphonesimulator
    cd /Users/runner/work/MyRAM-iOS/MyRAM-iOS/Baseline/MyRAM.xcodeproj
    builtin-create-build-directory /tmp/MYR175-Classify-Baseline-iOS/Build/Products/Debug-iphonesimulator

WriteAuxiliaryFile /tmp/MYR175-Classify-Baseline-iOS/Build/Intermediates.noindex/MyRAM.build/Debug-iphonesimulator/MyRAM-98a9cbde253e8e955bc92731eb290203-VFS-iphonesimulator/all-product-headers.yaml
    cd /Users/runner/work/MyRAM-iOS/MyRAM-iOS/Baseline/MyRAM.xcodeproj
    write-file /tmp/MYR175-Classify-Baseline-iOS/Build/Intermediates.noindex/MyRAM.build/Debug-iphonesimulator/MyRAM-98a9cbde253e8e955bc92731eb290203-VFS-iphonesimulator/all-product-headers.yaml

CreateBuildDirectory /tmp/MYR175-Classify-Baseline-iOS/Build/Intermediates.noindex/SwiftExplicitPrecompiledModules
    cd /Users/runner/work/MyRAM-iOS/MyRAM-iOS/Baseline/MyRAM.xcodeproj
    builtin-create-build-directory /tmp/MYR175-Classify-Baseline-iOS/Build/Intermediates.noindex/SwiftExplicitPrecompiledModules

CreateBuildDirectory /tmp/MYR175-Classify-Baseline-iOS/Build/Intermediates.noindex/ExplicitPrecompiledModules
    cd /Users/runner/work/MyRAM-iOS/MyRAM-iOS/Baseline/MyRAM.xcodeproj
    builtin-create-build-directory /tmp/MYR175-Classify-Baseline-iOS/Build/Intermediates.noindex/ExplicitPrecompiledModules

CreateBuildDirectory /tmp/MYR175-Classify-Baseline-iOS/Build/Intermediates.noindex/EagerLinkingTBDs/Debug-iphonesimulator
    cd /Users/runner/work/MyRAM-iOS/MyRAM-iOS/Baseline/MyRAM.xcodeproj
    builtin-create-build-directory /tmp/MYR175-Classify-Baseline-iOS/Build/Intermediates.noindex/EagerLinkingTBDs/Debug-iphonesimulator

CreateBuildDirectory /tmp/MYR175-Classify-Baseline-iOS/Build/Products/Debug-iphonesimulator/PackageFrameworks
    cd /Users/runner/work/MyRAM-iOS/MyRAM-iOS/Baseline/MyRAM.xcodeproj
    builtin-create-build-directory /tmp/MYR175-Classify-Baseline-iOS/Build/Products/Debug-iphonesimulator/PackageFrameworks

WriteAuxiliaryFile /tmp/MYR175-Classify-Baseline-iOS/Build/Intermediates.noindex/NearbySyncCore.build/Debug-iphonesimulator/NearbySyncCore.build/Objects-normal/arm64/NearbySyncCore_const_extract_protocols.json (in target 'NearbySyncCore' from project 'NearbySyncCore')
    cd /Users/runner/work/MyRAM-iOS/MyRAM-iOS/NearbySyncCore
    write-file /tmp/MYR175-Classify-Baseline-iOS/Build/Intermediates.noindex/NearbySyncCore.build/Debug-iphonesimulator/NearbySyncCore.build/Objects-normal/arm64/NearbySyncCore_const_extract_protocols.json

WriteAuxiliaryFile /tmp/MYR175-Classify-Baseline-iOS/Build/Intermediates.noindex/NearbySyncCore.build/Debug-iphonesimulator/NearbySyncCore.build/Objects-normal/arm64/NearbySyncCore.SwiftFileList (in target 'NearbySyncCore' from project 'NearbySyncCore')
    cd /Users/runner/work/MyRAM-iOS/MyRAM-iOS/NearbySyncCore
    write-file /tmp/MYR175-Classify-Baseline-iOS/Build/Intermediates.noindex/NearbySyncCore.build/Debug-iphonesimulator/NearbySyncCore.build/Objects-normal/arm64/NearbySyncCore.SwiftFileList

WriteAuxiliaryFile /tmp/MYR175-Classify-Baseline-iOS/Build/Intermediates.noindex/NearbySyncCore.build/Debug-iphonesimulator/NearbySyncCore.build/Objects-normal/arm64/NearbySyncCore.SwiftConstValuesFileList (in target 'NearbySyncCore' from project 'NearbySyncCore')
    cd /Users/runner/work/MyRAM-iOS/MyRAM-iOS/NearbySyncCore
    write-file /tmp/MYR175-Classify-Baseline-iOS/Build/Intermediates.noindex/NearbySyncCore.build/Debug-iphonesimulator/NearbySyncCore.build/Objects-normal/arm64/NearbySyncCore.SwiftConstValuesFileList

WriteAuxiliaryFile /tmp/MYR175-Classify-Baseline-iOS/Build/Intermediates.noindex/NearbySyncCore.build/Debug-iphonesimulator/NearbySyncCore.build/Objects-normal/arm64/NearbySyncCore.LinkFileList (in target 'NearbySyncCore' from project 'NearbySyncCore')
    cd /Users/runner/work/MyRAM-iOS/MyRAM-iOS/NearbySyncCore
    write-file /tmp/MYR175-Classify-Baseline-iOS/Build/Intermediates.noindex/NearbySyncCore.build/Debug-iphonesimulator/NearbySyncCore.build/Objects-normal/arm64/NearbySyncCore.LinkFileList

WriteAuxiliaryFile /tmp/MYR175-Classify-Baseline-iOS/Build/Intermediates.noindex/NearbySyncCore.build/Debug-iphonesimulator/NearbySyncCore.build/Objects-normal/arm64/NearbySyncCore-OutputFileMap.json (in target 'NearbySyncCore' from project 'NearbySyncCore')
    cd /Users/runner/work/MyRAM-iOS/MyRAM-iOS/NearbySyncCore
    write-file /tmp/MYR175-Classify-Baseline-iOS/Build/Intermediates.noindex/NearbySyncCore.build/Debug-iphonesimulator/NearbySyncCore.build/Objects-normal/arm64/NearbySyncCore-OutputFileMap.json

WriteAuxiliaryFile /tmp/MYR175-Classify-Baseline-iOS/Build/Intermediates.noindex/NearbySyncCore.build/Debug-iphonesimulator/NearbySyncCore.build/NearbySyncCore.modulemap (in target 'NearbySyncCore' from project 'NearbySyncCore')
    cd /Users/runner/work/MyRAM-iOS/MyRAM-iOS/NearbySyncCore
    write-file /tmp/MYR175-Classify-Baseline-iOS/Build/Intermediates.noindex/NearbySyncCore.build/Debug-iphonesimulator/NearbySyncCore.build/NearbySyncCore.modulemap

WriteAuxiliaryFile /tmp/MYR175-Classify-Baseline-iOS/Build/Intermediates.noindex/NearbySyncCore.build/Debug-iphonesimulator/NearbySyncCore.build/NearbySyncCore.DependencyStaticMetadataFileList (in target 'NearbySyncCore' from project 'NearbySyncCore')
    cd /Users/runner/work/MyRAM-iOS/MyRAM-iOS/NearbySyncCore
    write-file /tmp/MYR175-Classify-Baseline-iOS/Build/Intermediates.noindex/NearbySyncCore.build/Debug-iphonesimulator/NearbySyncCore.build/NearbySyncCore.DependencyStaticMetadataFileList

WriteAuxiliaryFile /tmp/MYR175-Classify-Baseline-iOS/Build/Intermediates.noindex/NearbySyncCore.build/Debug-iphonesimulator/NearbySyncCore.build/NearbySyncCore.DependencyMetadataFileList (in target 'NearbySyncCore' from project 'NearbySyncCore')
    cd /Users/runner/work/MyRAM-iOS/MyRAM-iOS/NearbySyncCore
    write-file /tmp/MYR175-Classify-Baseline-iOS/Build/Intermediates.noindex/NearbySyncCore.build/Debug-iphonesimulator/NearbySyncCore.build/NearbySyncCore.DependencyMetadataFileList

WriteAuxiliaryFile /tmp/MYR175-Classify-Baseline-iOS/Build/Intermediates.noindex/MyRAM.build/Debug-iphonesimulator/MyRAMWidgetExtension.build/Objects-normal/arm64/MyRAMWidgetExtension_const_extract_protocols.json (in target 'MyRAMWidgetExtension' from project 'MyRAM')
    cd /Users/runner/work/MyRAM-iOS/MyRAM-iOS/Baseline
    write-file /tmp/MYR175-Classify-Baseline-iOS/Build/Intermediates.noindex/MyRAM.build/Debug-iphonesimulator/MyRAMWidgetExtension.build/Objects-normal/arm64/MyRAMWidgetExtension_const_extract_protocols.json

WriteAuxiliaryFile /tmp/MYR175-Classify-Baseline-iOS/Build/Intermediates.noindex/MyRAM.build/Debug-iphonesimulator/MyRAMWidgetExtension.build/Objects-normal/arm64/MyRAMWidgetExtension.SwiftFileList (in target 'MyRAMWidgetExtension' from project 'MyRAM')
    cd /Users/runner/work/MyRAM-iOS/MyRAM-iOS/Baseline
    write-file /tmp/MYR175-Classify-Baseline-iOS/Build/Intermediates.noindex/MyRAM.build/Debug-iphonesimulator/MyRAMWidgetExtension.build/Objects-normal/arm64/MyRAMWidgetExtension.SwiftFileList

WriteAuxiliaryFile /tmp/MYR175-Classify-Baseline-iOS/Build/Intermediates.noindex/MyRAM.build/Debug-iphonesimulator/MyRAMWidgetExtension.build/Objects-normal/arm64/MyRAMWidgetExtension.SwiftConstValuesFileList (in target 'MyRAMWidgetExtension' from project 'MyRAM')
    cd /Users/runner/work/MyRAM-iOS/MyRAM-iOS/Baseline
    write-file /tmp/MYR175-Classify-Baseline-iOS/Build/Intermediates.noindex/MyRAM.build/Debug-iphonesimulator/MyRAMWidgetExtension.build/Objects-normal/arm64/MyRAMWidgetExtension.SwiftConstValuesFileList

Copy /tmp/MYR175-Classify-Baseline-iOS/Build/Intermediates.noindex/GeneratedModuleMaps-iphonesimulator/NearbySyncCore.modulemap /tmp/MYR175-Classify-Baseline-iOS/Build/Intermediates.noindex/NearbySyncCore.build/Debug-iphonesimulator/NearbySyncCore.build/NearbySyncCore.modulemap (in target 'NearbySyncCore' from project 'NearbySyncCore')
    cd /Users/runner/work/MyRAM-iOS/MyRAM-iOS/NearbySyncCore
    builtin-copy -exclude .DS_Store -exclude CVS -exclude .svn -exclude .git -exclude .hg -resolve-src-symlinks /tmp/MYR175-Classify-Baseline-iOS/Build/Intermediates.noindex/NearbySyncCore.build/Debug-iphonesimulator/NearbySyncCore.build/NearbySyncCore.modulemap /tmp/MYR175-Classify-Baseline-iOS/Build/Intermediates.noindex/GeneratedModuleMaps-iphonesimulator

WriteAuxiliaryFile /tmp/MYR175-Classify-Baseline-iOS/Build/Intermediates.noindex/MyRAM.build/Debug-iphonesimulator/MyRAMWidgetExtension.build/Objects-normal/arm64/MyRAMWidgetExtension.LinkFileList (in target 'MyRAMWidgetExtension' from project 'MyRAM')
    cd /Users/runner/work/MyRAM-iOS/MyRAM-iOS/Baseline
    write-file /tmp/MYR175-Classify-Baseline-iOS/Build/Intermediates.noindex/MyRAM.build/Debug-iphonesimulator/MyRAMWidgetExtension.build/Objects-normal/arm64/MyRAMWidgetExtension.LinkFileList

WriteAuxiliaryFile /tmp/MYR175-Classify-Baseline-iOS/Build/Intermediates.noindex/MyRAM.build/Debug-iphonesimulator/MyRAMWidgetExtension.build/Objects-normal/arm64/MyRAMWidgetExtension-OutputFileMap.json (in target 'MyRAMWidgetExtension' from project 'MyRAM')
    cd /Users/runner/work/MyRAM-iOS/MyRAM-iOS/Baseline
    write-file /tmp/MYR175-Classify-Baseline-iOS/Build/Intermediates.noindex/MyRAM.build/Debug-iphonesimulator/MyRAMWidgetExtension.build/Objects-normal/arm64/MyRAMWidgetExtension-OutputFileMap.json

WriteAuxiliaryFile /tmp/MYR175-Classify-Baseline-iOS/Build/Intermediates.noindex/MyRAM.build/Debug-iphonesimulator/MyRAMWidgetExtension.build/MyRAMWidgetExtension.hmap (in target 'MyRAMWidgetExtension' from project 'MyRAM')
    cd /Users/runner/work/MyRAM-iOS/MyRAM-iOS/Baseline
    write-file /tmp/MYR175-Classify-Baseline-iOS/Build/Intermediates.noindex/MyRAM.build/Debug-iphonesimulator/MyRAMWidgetExtension.build/MyRAMWidgetExtension.hmap

WriteAuxiliaryFile /tmp/MYR175-Classify-Baseline-iOS/Build/Intermediates.noindex/MyRAM.build/Debug-iphonesimulator/MyRAMWidgetExtension.build/MyRAMWidgetExtension.DependencyStaticMetadataFileList (in target 'MyRAMWidgetExtension' from project 'MyRAM')
    cd /Users/runner/work/MyRAM-iOS/MyRAM-iOS/Baseline
    write-file /tmp/MYR175-Classify-Baseline-iOS/Build/Intermediates.noindex/MyRAM.build/Debug-iphonesimulator/MyRAMWidgetExtension.build/MyRAMWidgetExtension.DependencyStaticMetadataFileList

WriteAuxiliaryFile /tmp/MYR175-Classify-Baseline-iOS/Build/Intermediates.noindex/MyRAM.build/Debug-iphonesimulator/MyRAMWidgetExtension.build/MyRAMWidgetExtension.DependencyMetadataFileList (in target 'MyRAMWidgetExtension' from project 'MyRAM')
    cd /Users/runner/work/MyRAM-iOS/MyRAM-iOS/Baseline
    write-file /tmp/MYR175-Classify-Baseline-iOS/Build/Intermediates.noindex/MyRAM.build/Debug-iphonesimulator/MyRAMWidgetExtension.build/MyRAMWidgetExtension.DependencyMetadataFileList

WriteAuxiliaryFile /tmp/MYR175-Classify-Baseline-iOS/Build/Intermediates.noindex/MyRAM.build/Debug-iphonesimulator/MyRAMWidgetExtension.build/MyRAMWidgetExtension-project-headers.hmap (in target 'MyRAMWidgetExtension' from project 'MyRAM')
    cd /Users/runner/work/MyRAM-iOS/MyRAM-iOS/Baseline
    write-file /tmp/MYR175-Classify-Baseline-iOS/Build/Intermediates.noindex/MyRAM.build/Debug-iphonesimulator/MyRAMWidgetExtension.build/MyRAMWidgetExtension-project-headers.hmap

WriteAuxiliaryFile /tmp/MYR175-Classify-Baseline-iOS/Build/Intermediates.noindex/MyRAM.build/Debug-iphonesimulator/MyRAMWidgetExtension.build/MyRAMWidgetExtension-own-target-headers.hmap (in target 'MyRAMWidgetExtension' from project 'MyRAM')
    cd /Users/runner/work/MyRAM-iOS/MyRAM-iOS/Baseline
    write-file /tmp/MYR175-Classify-Baseline-iOS/Build/Intermediates.noindex/MyRAM.build/Debug-iphonesimulator/MyRAMWidgetExtension.build/MyRAMWidgetExtension-own-target-headers.hmap

WriteAuxiliaryFile /tmp/MYR175-Classify-Baseline-iOS/Build/Intermediates.noindex/MyRAM.build/Debug-iphonesimulator/MyRAMWidgetExtension.build/MyRAMWidgetExtension-generated-files.hmap (in target 'MyRAMWidgetExtension' from project 'MyRAM')
    cd /Users/runner/work/MyRAM-iOS/MyRAM-iOS/Baseline
    write-file /tmp/MYR175-Classify-Baseline-iOS/Build/Intermediates.noindex/MyRAM.build/Debug-iphonesimulator/MyRAMWidgetExtension.build/MyRAMWidgetExtension-generated-files.hmap

WriteAuxiliaryFile /tmp/MYR175-Classify-Baseline-iOS/Build/Intermediates.noindex/MyRAM.build/Debug-iphonesimulator/MyRAMWidgetExtension.build/MyRAMWidgetExtension-all-target-headers.hmap (in target 'MyRAMWidgetExtension' from project 'MyRAM')
    cd /Users/runner/work/MyRAM-iOS/MyRAM-iOS/Baseline
    write-file /tmp/MYR175-Classify-Baseline-iOS/Build/Intermediates.noindex/MyRAM.build/Debug-iphonesimulator/MyRAMWidgetExtension.build/MyRAMWidgetExtension-all-target-headers.hmap

WriteAuxiliaryFile /tmp/MYR175-Classify-Baseline-iOS/Build/Intermediates.noindex/MyRAM.build/Debug-iphonesimulator/MyRAMWidgetExtension.build/MyRAMWidgetExtension-all-non-framework-target-headers.hmap (in target 'MyRAMWidgetExtension' from project 'MyRAM')
    cd /Users/runner/work/MyRAM-iOS/MyRAM-iOS/Baseline
    write-file /tmp/MYR175-Classify-Baseline-iOS/Build/Intermediates.noindex/MyRAM.build/Debug-iphonesimulator/MyRAMWidgetExtension.build/MyRAMWidgetExtension-all-non-framework-target-headers.hmap

WriteAuxiliaryFile /tmp/MYR175-Classify-Baseline-iOS/Build/Intermediates.noindex/MyRAM.build/Debug-iphonesimulator/MyRAMWidgetExtension.build/MyRAMWidgetExtension-DebugEntryPoint-normal-arm64.txt (in target 'MyRAMWidgetExtension' from project 'MyRAM')
    cd /Users/runner/work/MyRAM-iOS/MyRAM-iOS/Baseline
    write-file /tmp/MYR175-Classify-Baseline-iOS/Build/Intermediates.noindex/MyRAM.build/Debug-iphonesimulator/MyRAMWidgetExtension.build/MyRAMWidgetExtension-DebugEntryPoint-normal-arm64.txt

WriteAuxiliaryFile /tmp/MYR175-Classify-Baseline-iOS/Build/Intermediates.noindex/MyRAM.build/Debug-iphonesimulator/MyRAMWidgetExtension.build/MyRAMWidgetExtension-DebugDylibPath-normal-arm64.txt (in target 'MyRAMWidgetExtension' from project 'MyRAM')
    cd /Users/runner/work/MyRAM-iOS/MyRAM-iOS/Baseline
    write-file /tmp/MYR175-Classify-Baseline-iOS/Build/Intermediates.noindex/MyRAM.build/Debug-iphonesimulator/MyRAMWidgetExtension.build/MyRAMWidgetExtension-DebugDylibPath-normal-arm64.txt

WriteAuxiliaryFile /tmp/MYR175-Classify-Baseline-iOS/Build/Intermediates.noindex/MyRAM.build/Debug-iphonesimulator/MyRAMWidgetExtension.build/MyRAMWidgetExtension-DebugDylibInstallName-normal-arm64.txt (in target 'MyRAMWidgetExtension' from project 'MyRAM')
    cd /Users/runner/work/MyRAM-iOS/MyRAM-iOS/Baseline
    write-file /tmp/MYR175-Classify-Baseline-iOS/Build/Intermediates.noindex/MyRAM.build/Debug-iphonesimulator/MyRAMWidgetExtension.build/MyRAMWidgetExtension-DebugDylibInstallName-normal-arm64.txt

WriteAuxiliaryFile /tmp/MYR175-Classify-Baseline-iOS/Build/Intermediates.noindex/MyRAM.build/Debug-iphonesimulator/MyRAMUITests.build/empty-MyRAMUITests.plist (in target 'MyRAMUITests' from project 'MyRAM')
    cd /Users/runner/work/MyRAM-iOS/MyRAM-iOS/Baseline
    write-file /tmp/MYR175-Classify-Baseline-iOS/Build/Intermediates.noindex/MyRAM.build/Debug-iphonesimulator/MyRAMUITests.build/empty-MyRAMUITests.plist

WriteAuxiliaryFile /tmp/MYR175-Classify-Baseline-iOS/Build/Intermediates.noindex/MyRAM.build/Debug-iphonesimulator/MyRAMUITests.build/ProductTypeInfoPlistAdditions.plist (in target 'MyRAMUITests' from project 'MyRAM')
    cd /Users/runner/work/MyRAM-iOS/MyRAM-iOS/Baseline
    write-file /tmp/MYR175-Classify-Baseline-iOS/Build/Intermediates.noindex/MyRAM.build/Debug-iphonesimulator/MyRAMUITests.build/ProductTypeInfoPlistAdditions.plist

WriteAuxiliaryFile /tmp/MYR175-Classify-Baseline-iOS/Build/Intermediates.noindex/MyRAM.build/Debug-iphonesimulator/MyRAMUITests.build/Objects-normal/arm64/MyRAMUITests_const_extract_protocols.json (in target 'MyRAMUITests' from project 'MyRAM')
    cd /Users/runner/work/MyRAM-iOS/MyRAM-iOS/Baseline
    write-file /tmp/MYR175-Classify-Baseline-iOS/Build/Intermediates.noindex/MyRAM.build/Debug-iphonesimulator/MyRAMUITests.build/Objects-normal/arm64/MyRAMUITests_const_extract_protocols.json

WriteAuxiliaryFile /tmp/MYR175-Classify-Baseline-iOS/Build/Intermediates.noindex/MyRAM.build/Debug-iphonesimulator/MyRAMUITests.build/Objects-normal/arm64/MyRAMUITests.SwiftFileList (in target 'MyRAMUITests' from project 'MyRAM')
    cd /Users/runner/work/MyRAM-iOS/MyRAM-iOS/Baseline
    write-file /tmp/MYR175-Classify-Baseline-iOS/Build/Intermediates.noindex/MyRAM.build/Debug-iphonesimulator/MyRAMUITests.build/Objects-normal/arm64/MyRAMUITests.SwiftFileList

WriteAuxiliaryFile /tmp/MYR175-Classify-Baseline-iOS/Build/Intermediates.noindex/MyRAM.build/Debug-iphonesimulator/MyRAMUITests.build/Objects-normal/arm64/MyRAMUITests.SwiftConstValuesFileList (in target 'MyRAMUITests' from project 'MyRAM')
    cd /Users/runner/work/MyRAM-iOS/MyRAM-iOS/Baseline
    write-file /tmp/MYR175-Classify-Baseline-iOS/Build/Intermediates.noindex/MyRAM.build/Debug-iphonesimulator/MyRAMUITests.build/Objects-normal/arm64/MyRAMUITests.SwiftConstValuesFileList

WriteAuxiliaryFile /tmp/MYR175-Classify-Baseline-iOS/Build/Intermediates.noindex/MyRAM.build/Debug-iphonesimulator/MyRAMUITests.build/Objects-normal/arm64/MyRAMUITests.LinkFileList (in target 'MyRAMUITests' from project 'MyRAM')
    cd /Users/runner/work/MyRAM-iOS/MyRAM-iOS/Baseline
    write-file /tmp/MYR175-Classify-Baseline-iOS/Build/Intermediates.noindex/MyRAM.build/Debug-iphonesimulator/MyRAMUITests.build/Objects-normal/arm64/MyRAMUITests.LinkFileList

WriteAuxiliaryFile /tmp/MYR175-Classify-Baseline-iOS/Build/Intermediates.noindex/MyRAM.build/Debug-iphonesimulator/MyRAMUITests.build/Objects-normal/arm64/MyRAMUITests-OutputFileMap.json (in target 'MyRAMUITests' from project 'MyRAM')
    cd /Users/runner/work/MyRAM-iOS/MyRAM-iOS/Baseline
    write-file /tmp/MYR175-Classify-Baseline-iOS/Build/Intermediates.noindex/MyRAM.build/Debug-iphonesimulator/MyRAMUITests.build/Objects-normal/arm64/MyRAMUITests-OutputFileMap.json

WriteAuxiliaryFile /tmp/MYR175-Classify-Baseline-iOS/Build/Intermediates.noindex/MyRAM.build/Debug-iphonesimulator/MyRAMUITests.build/MyRAMUITests.hmap (in target 'MyRAMUITests' from project 'MyRAM')
    cd /Users/runner/work/MyRAM-iOS/MyRAM-iOS/Baseline
    write-file /tmp/MYR175-Classify-Baseline-iOS/Build/Intermediates.noindex/MyRAM.build/Debug-iphonesimulator/MyRAMUITests.build/MyRAMUITests.hmap

WriteAuxiliaryFile /tmp/MYR175-Classify-Baseline-iOS/Build/Intermediates.noindex/MyRAM.build/Debug-iphonesimulator/MyRAMUITests.build/MyRAMUITests.DependencyStaticMetadataFileList (in target 'MyRAMUITests' from project 'MyRAM')
    cd /Users/runner/work/MyRAM-iOS/MyRAM-iOS/Baseline
    write-file /tmp/MYR175-Classify-Baseline-iOS/Build/Intermediates.noindex/MyRAM.build/Debug-iphonesimulator/MyRAMUITests.build/MyRAMUITests.DependencyStaticMetadataFileList

WriteAuxiliaryFile /tmp/MYR175-Classify-Baseline-iOS/Build/Intermediates.noindex/MyRAM.build/Debug-iphonesimulator/MyRAMUITests.build/MyRAMUITests.DependencyMetadataFileList (in target 'MyRAMUITests' from project 'MyRAM')
    cd /Users/runner/work/MyRAM-iOS/MyRAM-iOS/Baseline
    write-file /tmp/MYR175-Classify-Baseline-iOS/Build/Intermediates.noindex/MyRAM.build/Debug-iphonesimulator/MyRAMUITests.build/MyRAMUITests.DependencyMetadataFileList

WriteAuxiliaryFile /tmp/MYR175-Classify-Baseline-iOS/Build/Intermediates.noindex/MyRAM.build/Debug-iphonesimulator/MyRAMUITests.build/MyRAMUITests-project-headers.hmap (in target 'MyRAMUITests' from project 'MyRAM')
    cd /Users/runner/work/MyRAM-iOS/MyRAM-iOS/Baseline
    write-file /tmp/MYR175-Classify-Baseline-iOS/Build/Intermediates.noindex/MyRAM.build/Debug-iphonesimulator/MyRAMUITests.build/MyRAMUITests-project-headers.hmap

WriteAuxiliaryFile /tmp/MYR175-Classify-Baseline-iOS/Build/Intermediates.noindex/MyRAM.build/Debug-iphonesimulator/MyRAMUITests.build/MyRAMUITests-own-target-headers.hmap (in target 'MyRAMUITests' from project 'MyRAM')
    cd /Users/runner/work/MyRAM-iOS/MyRAM-iOS/Baseline
    write-file /tmp/MYR175-Classify-Baseline-iOS/Build/Intermediates.noindex/MyRAM.build/Debug-iphonesimulator/MyRAMUITests.build/MyRAMUITests-own-target-headers.hmap

WriteAuxiliaryFile /tmp/MYR175-Classify-Baseline-iOS/Build/Intermediates.noindex/MyRAM.build/Debug-iphonesimulator/MyRAMUITests.build/MyRAMUITests-generated-files.hmap (in target 'MyRAMUITests' from project 'MyRAM')
    cd /Users/runner/work/MyRAM-iOS/MyRAM-iOS/Baseline
    write-file /tmp/MYR175-Classify-Baseline-iOS/Build/Intermediates.noindex/MyRAM.build/Debug-iphonesimulator/MyRAMUITests.build/MyRAMUITests-generated-files.hmap

WriteAuxiliaryFile /tmp/MYR175-Classify-Baseline-iOS/Build/Intermediates.noindex/MyRAM.build/Debug-iphonesimulator/MyRAMUITests.build/MyRAMUITests-all-target-headers.hmap (in target 'MyRAMUITests' from project 'MyRAM')
    cd /Users/runner/work/MyRAM-iOS/MyRAM-iOS/Baseline
    write-file /tmp/MYR175-Classify-Baseline-iOS/Build/Intermediates.noindex/MyRAM.build/Debug-iphonesimulator/MyRAMUITests.build/MyRAMUITests-all-target-headers.hmap

WriteAuxiliaryFile /tmp/MYR175-Classify-Baseline-iOS/Build/Intermediates.noindex/MyRAM.build/Debug-iphonesimulator/MyRAMUITests.build/MyRAMUITests-all-non-framework-target-headers.hmap (in target 'MyRAMUITests' from project 'MyRAM')
    cd /Users/runner/work/MyRAM-iOS/MyRAM-iOS/Baseline
    write-file /tmp/MYR175-Classify-Baseline-iOS/Build/Intermediates.noindex/MyRAM.build/Debug-iphonesimulator/MyRAMUITests.build/MyRAMUITests-all-non-framework-target-headers.hmap

WriteAuxiliaryFile /tmp/MYR175-Classify-Baseline-iOS/Build/Intermediates.noindex/MyRAM.build/Debug-iphonesimulator/MyRAMTests.build/empty-MyRAMTests.plist (in target 'MyRAMTests' from project 'MyRAM')
    cd /Users/runner/work/MyRAM-iOS/MyRAM-iOS/Baseline
    write-file /tmp/MYR175-Classify-Baseline-iOS/Build/Intermediates.noindex/MyRAM.build/Debug-iphonesimulator/MyRAMTests.build/empty-MyRAMTests.plist

WriteAuxiliaryFile /tmp/MYR175-Classify-Baseline-iOS/Build/Intermediates.noindex/MyRAM.build/Debug-iphonesimulator/MyRAMTests.build/Objects-normal/arm64/MyRAMTests_const_extract_protocols.json (in target 'MyRAMTests' from project 'MyRAM')
    cd /Users/runner/work/MyRAM-iOS/MyRAM-iOS/Baseline
    write-file /tmp/MYR175-Classify-Baseline-iOS/Build/Intermediates.noindex/MyRAM.build/Debug-iphonesimulator/MyRAMTests.build/Objects-normal/arm64/MyRAMTests_const_extract_protocols.json

WriteAuxiliaryFile /tmp/MYR175-Classify-Baseline-iOS/Build/Intermediates.noindex/MyRAM.build/Debug-iphonesimulator/MyRAMTests.build/Objects-normal/arm64/MyRAMTests.SwiftFileList (in target 'MyRAMTests' from project 'MyRAM')
    cd /Users/runner/work/MyRAM-iOS/MyRAM-iOS/Baseline
    write-file /tmp/MYR175-Classify-Baseline-iOS/Build/Intermediates.noindex/MyRAM.build/Debug-iphonesimulator/MyRAMTests.build/Objects-normal/arm64/MyRAMTests.SwiftFileList

WriteAuxiliaryFile /tmp/MYR175-Classify-Baseline-iOS/Build/Intermediates.noindex/MyRAM.build/Debug-iphonesimulator/MyRAMTests.build/Objects-normal/arm64/MyRAMTests.SwiftConstValuesFileList (in target 'MyRAMTests' from project 'MyRAM')
    cd /Users/runner/work/MyRAM-iOS/MyRAM-iOS/Baseline
    write-file /tmp/MYR175-Classify-Baseline-iOS/Build/Intermediates.noindex/MyRAM.build/Debug-iphonesimulator/MyRAMTests.build/Objects-normal/arm64/MyRAMTests.SwiftConstValuesFileList

WriteAuxiliaryFile /tmp/MYR175-Classify-Baseline-iOS/Build/Intermediates.noindex/MyRAM.build/Debug-iphonesimulator/MyRAMTests.build/Objects-normal/arm64/MyRAMTests.LinkFileList (in target 'MyRAMTests' from project 'MyRAM')
    cd /Users/runner/work/MyRAM-iOS/MyRAM-iOS/Baseline
    write-file /tmp/MYR175-Classify-Baseline-iOS/Build/Intermediates.noindex/MyRAM.build/Debug-iphonesimulator/MyRAMTests.build/Objects-normal/arm64/MyRAMTests.LinkFileList

WriteAuxiliaryFile /tmp/MYR175-Classify-Baseline-iOS/Build/Intermediates.noindex/MyRAM.build/Debug-iphonesimulator/MyRAMTests.build/Objects-normal/arm64/MyRAMTests-OutputFileMap.json (in target 'MyRAMTests' from project 'MyRAM')
    cd /Users/runner/work/MyRAM-iOS/MyRAM-iOS/Baseline
    write-file /tmp/MYR175-Classify-Baseline-iOS/Build/Intermediates.noindex/MyRAM.build/Debug-iphonesimulator/MyRAMTests.build/Objects-normal/arm64/MyRAMTests-OutputFileMap.json

WriteAuxiliaryFile /tmp/MYR175-Classify-Baseline-iOS/Build/Intermediates.noindex/MyRAM.build/Debug-iphonesimulator/MyRAMTests.build/MyRAMTests.hmap (in target 'MyRAMTests' from project 'MyRAM')
    cd /Users/runner/work/MyRAM-iOS/MyRAM-iOS/Baseline
    write-file /tmp/MYR175-Classify-Baseline-iOS/Build/Intermediates.noindex/MyRAM.build/Debug-iphonesimulator/MyRAMTests.build/MyRAMTests.hmap

WriteAuxiliaryFile /tmp/MYR175-Classify-Baseline-iOS/Build/Intermediates.noindex/MyRAM.build/Debug-iphonesimulator/MyRAMTests.build/MyRAMTests.DependencyStaticMetadataFileList (in target 'MyRAMTests' from project 'MyRAM')
    cd /Users/runner/work/MyRAM-iOS/MyRAM-iOS/Baseline
    write-file /tmp/MYR175-Classify-Baseline-iOS/Build/Intermediates.noindex/MyRAM.build/Debug-iphonesimulator/MyRAMTests.build/MyRAMTests.DependencyStaticMetadataFileList

WriteAuxiliaryFile /tmp/MYR175-Classify-Baseline-iOS/Build/Intermediates.noindex/MyRAM.build/Debug-iphonesimulator/MyRAMTests.build/MyRAMTests.DependencyMetadataFileList (in target 'MyRAMTests' from project 'MyRAM')
    cd /Users/runner/work/MyRAM-iOS/MyRAM-iOS/Baseline
    write-file /tmp/MYR175-Classify-Baseline-iOS/Build/Intermediates.noindex/MyRAM.build/Debug-iphonesimulator/MyRAMTests.build/MyRAMTests.DependencyMetadataFileList

WriteAuxiliaryFile /tmp/MYR175-Classify-Baseline-iOS/Build/Intermediates.noindex/MyRAM.build/Debug-iphonesimulator/MyRAMTests.build/MyRAMTests-project-headers.hmap (in target 'MyRAMTests' from project 'MyRAM')
    cd /Users/runner/work/MyRAM-iOS/MyRAM-iOS/Baseline
    write-file /tmp/MYR175-Classify-Baseline-iOS/Build/Intermediates.noindex/MyRAM.build/Debug-iphonesimulator/MyRAMTests.build/MyRAMTests-project-headers.hmap

WriteAuxiliaryFile /tmp/MYR175-Classify-Baseline-iOS/Build/Intermediates.noindex/MyRAM.build/Debug-iphonesimulator/MyRAMTests.build/MyRAMTests-own-target-headers.hmap (in target 'MyRAMTests' from project 'MyRAM')
    cd /Users/runner/work/MyRAM-iOS/MyRAM-iOS/Baseline
    write-file /tmp/MYR175-Classify-Baseline-iOS/Build/Intermediates.noindex/MyRAM.build/Debug-iphonesimulator/MyRAMTests.build/MyRAMTests-own-target-headers.hmap

WriteAuxiliaryFile /tmp/MYR175-Classify-Baseline-iOS/Build/Intermediates.noindex/MyRAM.build/Debug-iphonesimulator/MyRAMTests.build/MyRAMTests-generated-files.hmap (in target 'MyRAMTests' from project 'MyRAM')
    cd /Users/runner/work/MyRAM-iOS/MyRAM-iOS/Baseline
    write-file /tmp/MYR175-Classify-Baseline-iOS/Build/Intermediates.noindex/MyRAM.build/Debug-iphonesimulator/MyRAMTests.build/MyRAMTests-generated-files.hmap

WriteAuxiliaryFile /tmp/MYR175-Classify-Baseline-iOS/Build/Intermediates.noindex/MyRAM.build/Debug-iphonesimulator/MyRAMTests.build/MyRAMTests-all-target-headers.hmap (in target 'MyRAMTests' from project 'MyRAM')
    cd /Users/runner/work/MyRAM-iOS/MyRAM-iOS/Baseline
    write-file /tmp/MYR175-Classify-Baseline-iOS/Build/Intermediates.noindex/MyRAM.build/Debug-iphonesimulator/MyRAMTests.build/MyRAMTests-all-target-headers.hmap

WriteAuxiliaryFile /tmp/MYR175-Classify-Baseline-iOS/Build/Intermediates.noindex/MyRAM.build/Debug-iphonesimulator/MyRAMTests.build/MyRAMTests-all-non-framework-target-headers.hmap (in target 'MyRAMTests' from project 'MyRAM')
    cd /Users/runner/work/MyRAM-iOS/MyRAM-iOS/Baseline
    write-file /tmp/MYR175-Classify-Baseline-iOS/Build/Intermediates.noindex/MyRAM.build/Debug-iphonesimulator/MyRAMTests.build/MyRAMTests-all-non-framework-target-headers.hmap

WriteAuxiliaryFile /tmp/MYR175-Classify-Baseline-iOS/Build/Intermediates.noindex/MyRAM.build/Debug-iphonesimulator/MyRAM.build/Objects-normal/arm64/MyRAM_const_extract_protocols.json (in target 'MyRAM' from project 'MyRAM')
    cd /Users/runner/work/MyRAM-iOS/MyRAM-iOS/Baseline
    write-file /tmp/MYR175-Classify-Baseline-iOS/Build/Intermediates.noindex/MyRAM.build/Debug-iphonesimulator/MyRAM.build/Objects-normal/arm64/MyRAM_const_extract_protocols.json

WriteAuxiliaryFile /tmp/MYR175-Classify-Baseline-iOS/Build/Intermediates.noindex/MyRAM.build/Debug-iphonesimulator/MyRAM.build/Objects-normal/arm64/MyRAM.SwiftFileList (in target 'MyRAM' from project 'MyRAM')
    cd /Users/runner/work/MyRAM-iOS/MyRAM-iOS/Baseline
    write-file /tmp/MYR175-Classify-Baseline-iOS/Build/Intermediates.noindex/MyRAM.build/Debug-iphonesimulator/MyRAM.build/Objects-normal/arm64/MyRAM.SwiftFileList

WriteAuxiliaryFile /tmp/MYR175-Classify-Baseline-iOS/Build/Intermediates.noindex/MyRAM.build/Debug-iphonesimulator/MyRAM.build/Objects-normal/arm64/MyRAM.SwiftConstValuesFileList (in target 'MyRAM' from project 'MyRAM')
    cd /Users/runner/work/MyRAM-iOS/MyRAM-iOS/Baseline
    write-file /tmp/MYR175-Classify-Baseline-iOS/Build/Intermediates.noindex/MyRAM.build/Debug-iphonesimulator/MyRAM.build/Objects-normal/arm64/MyRAM.SwiftConstValuesFileList

WriteAuxiliaryFile /tmp/MYR175-Classify-Baseline-iOS/Build/Intermediates.noindex/MyRAM.build/Debug-iphonesimulator/MyRAM.build/Objects-normal/arm64/MyRAM.LinkFileList (in target 'MyRAM' from project 'MyRAM')
    cd /Users/runner/work/MyRAM-iOS/MyRAM-iOS/Baseline
    write-file /tmp/MYR175-Classify-Baseline-iOS/Build/Intermediates.noindex/MyRAM.build/Debug-iphonesimulator/MyRAM.build/Objects-normal/arm64/MyRAM.LinkFileList

WriteAuxiliaryFile /tmp/MYR175-Classify-Baseline-iOS/Build/Intermediates.noindex/MyRAM.build/Debug-iphonesimulator/MyRAM.build/Objects-normal/arm64/MyRAM-OutputFileMap.json (in target 'MyRAM' from project 'MyRAM')
    cd /Users/runner/work/MyRAM-iOS/MyRAM-iOS/Baseline
    write-file /tmp/MYR175-Classify-Baseline-iOS/Build/Intermediates.noindex/MyRAM.build/Debug-iphonesimulator/MyRAM.build/Objects-normal/arm64/MyRAM-OutputFileMap.json

WriteAuxiliaryFile /tmp/MYR175-Classify-Baseline-iOS/Build/Intermediates.noindex/MyRAM.build/Debug-iphonesimulator/MyRAM.build/MyRAM.hmap (in target 'MyRAM' from project 'MyRAM')
    cd /Users/runner/work/MyRAM-iOS/MyRAM-iOS/Baseline
    write-file /tmp/MYR175-Classify-Baseline-iOS/Build/Intermediates.noindex/MyRAM.build/Debug-iphonesimulator/MyRAM.build/MyRAM.hmap

WriteAuxiliaryFile /tmp/MYR175-Classify-Baseline-iOS/Build/Intermediates.noindex/MyRAM.build/Debug-iphonesimulator/MyRAM.build/MyRAM.DependencyStaticMetadataFileList (in target 'MyRAM' from project 'MyRAM')
    cd /Users/runner/work/MyRAM-iOS/MyRAM-iOS/Baseline
    write-file /tmp/MYR175-Classify-Baseline-iOS/Build/Intermediates.noindex/MyRAM.build/Debug-iphonesimulator/MyRAM.build/MyRAM.DependencyStaticMetadataFileList

WriteAuxiliaryFile /tmp/MYR175-Classify-Baseline-iOS/Build/Intermediates.noindex/MyRAM.build/Debug-iphonesimulator/MyRAM.build/MyRAM.DependencyMetadataFileList (in target 'MyRAM' from project 'MyRAM')
    cd /Users/runner/work/MyRAM-iOS/MyRAM-iOS/Baseline
    write-file /tmp/MYR175-Classify-Baseline-iOS/Build/Intermediates.noindex/MyRAM.build/Debug-iphonesimulator/MyRAM.build/MyRAM.DependencyMetadataFileList

WriteAuxiliaryFile /tmp/MYR175-Classify-Baseline-iOS/Build/Intermediates.noindex/MyRAM.build/Debug-iphonesimulator/MyRAM.build/MyRAM-project-headers.hmap (in target 'MyRAM' from project 'MyRAM')
    cd /Users/runner/work/MyRAM-iOS/MyRAM-iOS/Baseline
    write-file /tmp/MYR175-Classify-Baseline-iOS/Build/Intermediates.noindex/MyRAM.build/Debug-iphonesimulator/MyRAM.build/MyRAM-project-headers.hmap

WriteAuxiliaryFile /tmp/MYR175-Classify-Baseline-iOS/Build/Intermediates.noindex/MyRAM.build/Debug-iphonesimulator/MyRAM.build/MyRAM-own-target-headers.hmap (in target 'MyRAM' from project 'MyRAM')
    cd /Users/runner/work/MyRAM-iOS/MyRAM-iOS/Baseline
    write-file /tmp/MYR175-Classify-Baseline-iOS/Build/Intermediates.noindex/MyRAM.build/Debug-iphonesimulator/MyRAM.build/MyRAM-own-target-headers.hmap

WriteAuxiliaryFile /tmp/MYR175-Classify-Baseline-iOS/Build/Intermediates.noindex/MyRAM.build/Debug-iphonesimulator/MyRAM.build/MyRAM-generated-files.hmap (in target 'MyRAM' from project 'MyRAM')
    cd /Users/runner/work/MyRAM-iOS/MyRAM-iOS/Baseline
    write-file /tmp/MYR175-Classify-Baseline-iOS/Build/Intermediates.noindex/MyRAM.build/Debug-iphonesimulator/MyRAM.build/MyRAM-generated-files.hmap

WriteAuxiliaryFile /tmp/MYR175-Classify-Baseline-iOS/Build/Intermediates.noindex/MyRAM.build/Debug-iphonesimulator/MyRAM.build/MyRAM-all-target-headers.hmap (in target 'MyRAM' from project 'MyRAM')
    cd /Users/runner/work/MyRAM-iOS/MyRAM-iOS/Baseline
    write-file /tmp/MYR175-Classify-Baseline-iOS/Build/Intermediates.noindex/MyRAM.build/Debug-iphonesimulator/MyRAM.build/MyRAM-all-target-headers.hmap

WriteAuxiliaryFile /tmp/MYR175-Classify-Baseline-iOS/Build/Intermediates.noindex/MyRAM.build/Debug-iphonesimulator/MyRAM.build/MyRAM-all-non-framework-target-headers.hmap (in target 'MyRAM' from project 'MyRAM')
    cd /Users/runner/work/MyRAM-iOS/MyRAM-iOS/Baseline
    write-file /tmp/MYR175-Classify-Baseline-iOS/Build/Intermediates.noindex/MyRAM.build/Debug-iphonesimulator/MyRAM.build/MyRAM-all-non-framework-target-headers.hmap

WriteAuxiliaryFile /tmp/MYR175-Classify-Baseline-iOS/Build/Intermediates.noindex/MyRAM.build/Debug-iphonesimulator/MyRAM.build/MyRAM-DebugDylibPath-normal-arm64.txt (in target 'MyRAM' from project 'MyRAM')
    cd /Users/runner/work/MyRAM-iOS/MyRAM-iOS/Baseline
    write-file /tmp/MYR175-Classify-Baseline-iOS/Build/Intermediates.noindex/MyRAM.build/Debug-iphonesimulator/MyRAM.build/MyRAM-DebugDylibPath-normal-arm64.txt

WriteAuxiliaryFile /tmp/MYR175-Classify-Baseline-iOS/Build/Intermediates.noindex/MyRAM.build/Debug-iphonesimulator/MyRAM.build/MyRAM-DebugDylibInstallName-normal-arm64.txt (in target 'MyRAM' from project 'MyRAM')
    cd /Users/runner/work/MyRAM-iOS/MyRAM-iOS/Baseline
    write-file /tmp/MYR175-Classify-Baseline-iOS/Build/Intermediates.noindex/MyRAM.build/Debug-iphonesimulator/MyRAM.build/MyRAM-DebugDylibInstallName-normal-arm64.txt

WriteAuxiliaryFile /tmp/MYR175-Classify-Baseline-iOS/Build/Intermediates.noindex/AnchoredSequenceCore.build/Debug-iphonesimulator/AnchoredSequenceCore.build/Objects-normal/arm64/AnchoredSequenceCore_const_extract_protocols.json (in target 'AnchoredSequenceCore' from project 'AnchoredSequenceCore')
    cd /Users/runner/work/MyRAM-iOS/MyRAM-iOS/Baseline/Packages/AnchoredSequenceCore
    write-file /tmp/MYR175-Classify-Baseline-iOS/Build/Intermediates.noindex/AnchoredSequenceCore.build/Debug-iphonesimulator/AnchoredSequenceCore.build/Objects-normal/arm64/AnchoredSequenceCore_const_extract_protocols.json

WriteAuxiliaryFile /tmp/MYR175-Classify-Baseline-iOS/Build/Intermediates.noindex/AnchoredSequenceCore.build/Debug-iphonesimulator/AnchoredSequenceCore.build/Objects-normal/arm64/AnchoredSequenceCore.SwiftFileList (in target 'AnchoredSequenceCore' from project 'AnchoredSequenceCore')
    cd /Users/runner/work/MyRAM-iOS/MyRAM-iOS/Baseline/Packages/AnchoredSequenceCore
    write-file /tmp/MYR175-Classify-Baseline-iOS/Build/Intermediates.noindex/AnchoredSequenceCore.build/Debug-iphonesimulator/AnchoredSequenceCore.build/Objects-normal/arm64/AnchoredSequenceCore.SwiftFileList

WriteAuxiliaryFile /tmp/MYR175-Classify-Baseline-iOS/Build/Intermediates.noindex/AnchoredSequenceCore.build/Debug-iphonesimulator/AnchoredSequenceCore.build/Objects-normal/arm64/AnchoredSequenceCore.SwiftConstValuesFileList (in target 'AnchoredSequenceCore' from project 'AnchoredSequenceCore')
    cd /Users/runner/work/MyRAM-iOS/MyRAM-iOS/Baseline/Packages/AnchoredSequenceCore
    write-file /tmp/MYR175-Classify-Baseline-iOS/Build/Intermediates.noindex/AnchoredSequenceCore.build/Debug-iphonesimulator/AnchoredSequenceCore.build/Objects-normal/arm64/AnchoredSequenceCore.SwiftConstValuesFileList

WriteAuxiliaryFile /tmp/MYR175-Classify-Baseline-iOS/Build/Intermediates.noindex/AnchoredSequenceCore.build/Debug-iphonesimulator/AnchoredSequenceCore.build/Objects-normal/arm64/AnchoredSequenceCore.LinkFileList (in target 'AnchoredSequenceCore' from project 'AnchoredSequenceCore')
    cd /Users/runner/work/MyRAM-iOS/MyRAM-iOS/Baseline/Packages/AnchoredSequenceCore
    write-file /tmp/MYR175-Classify-Baseline-iOS/Build/Intermediates.noindex/AnchoredSequenceCore.build/Debug-iphonesimulator/AnchoredSequenceCore.build/Objects-normal/arm64/AnchoredSequenceCore.LinkFileList

WriteAuxiliaryFile /tmp/MYR175-Classify-Baseline-iOS/Build/Intermediates.noindex/AnchoredSequenceCore.build/Debug-iphonesimulator/AnchoredSequenceCore.build/Objects-normal/arm64/AnchoredSequenceCore-OutputFileMap.json (in target 'AnchoredSequenceCore' from project 'AnchoredSequenceCore')
    cd /Users/runner/work/MyRAM-iOS/MyRAM-iOS/Baseline/Packages/AnchoredSequenceCore
    write-file /tmp/MYR175-Classify-Baseline-iOS/Build/Intermediates.noindex/AnchoredSequenceCore.build/Debug-iphonesimulator/AnchoredSequenceCore.build/Objects-normal/arm64/AnchoredSequenceCore-OutputFileMap.json

WriteAuxiliaryFile /tmp/MYR175-Classify-Baseline-iOS/Build/Intermediates.noindex/AnchoredSequenceCore.build/Debug-iphonesimulator/AnchoredSequenceCore.build/AnchoredSequenceCore.modulemap (in target 'AnchoredSequenceCore' from project 'AnchoredSequenceCore')
    cd /Users/runner/work/MyRAM-iOS/MyRAM-iOS/Baseline/Packages/AnchoredSequenceCore
    write-file /tmp/MYR175-Classify-Baseline-iOS/Build/Intermediates.noindex/AnchoredSequenceCore.build/Debug-iphonesimulator/AnchoredSequenceCore.build/AnchoredSequenceCore.modulemap

WriteAuxiliaryFile /tmp/MYR175-Classify-Baseline-iOS/Build/Intermediates.noindex/AnchoredSequenceCore.build/Debug-iphonesimulator/AnchoredSequenceCore.build/AnchoredSequenceCore.DependencyStaticMetadataFileList (in target 'AnchoredSequenceCore' from project 'AnchoredSequenceCore')
    cd /Users/runner/work/MyRAM-iOS/MyRAM-iOS/Baseline/Packages/AnchoredSequenceCore
    write-file /tmp/MYR175-Classify-Baseline-iOS/Build/Intermediates.noindex/AnchoredSequenceCore.build/Debug-iphonesimulator/AnchoredSequenceCore.build/AnchoredSequenceCore.DependencyStaticMetadataFileList

WriteAuxiliaryFile /tmp/MYR175-Classify-Baseline-iOS/Build/Intermediates.noindex/AnchoredSequenceCore.build/Debug-iphonesimulator/AnchoredSequenceCore.build/AnchoredSequenceCore.DependencyMetadataFileList (in target 'AnchoredSequenceCore' from project 'AnchoredSequenceCore')
    cd /Users/runner/work/MyRAM-iOS/MyRAM-iOS/Baseline/Packages/AnchoredSequenceCore
    write-file /tmp/MYR175-Classify-Baseline-iOS/Build/Intermediates.noindex/AnchoredSequenceCore.build/Debug-iphonesimulator/AnchoredSequenceCore.build/AnchoredSequenceCore.DependencyMetadataFileList

Copy /tmp/MYR175-Classify-Baseline-iOS/Build/Intermediates.noindex/GeneratedModuleMaps-iphonesimulator/AnchoredSequenceCore.modulemap /tmp/MYR175-Classify-Baseline-iOS/Build/Intermediates.noindex/AnchoredSequenceCore.build/Debug-iphonesimulator/AnchoredSequenceCore.build/AnchoredSequenceCore.modulemap (in target 'AnchoredSequenceCore' from project 'AnchoredSequenceCore')
    cd /Users/runner/work/MyRAM-iOS/MyRAM-iOS/Baseline/Packages/AnchoredSequenceCore
    builtin-copy -exclude .DS_Store -exclude CVS -exclude .svn -exclude .git -exclude .hg -resolve-src-symlinks /tmp/MYR175-Classify-Baseline-iOS/Build/Intermediates.noindex/AnchoredSequenceCore.build/Debug-iphonesimulator/AnchoredSequenceCore.build/AnchoredSequenceCore.modulemap /tmp/MYR175-Classify-Baseline-iOS/Build/Intermediates.noindex/GeneratedModuleMaps-iphonesimulator

WriteAuxiliaryFile /tmp/MYR175-Classify-Baseline-iOS/Build/Intermediates.noindex/AnchoredSequenceCore.build/Debug-iphonesimulator/AnchoredSequenceCore\ product.build/empty-AnchoredSequenceCore_-65B9EEE52AB2106_PackageProduct.plist (in target 'AnchoredSequenceCore' from project 'AnchoredSequenceCore')
    cd /Users/runner/work/MyRAM-iOS/MyRAM-iOS/Baseline/Packages/AnchoredSequenceCore
    write-file /tmp/MYR175-Classify-Baseline-iOS/Build/Intermediates.noindex/AnchoredSequenceCore.build/Debug-iphonesimulator/AnchoredSequenceCore\ product.build/empty-AnchoredSequenceCore_-65B9EEE52AB2106_PackageProduct.plist

WriteAuxiliaryFile /tmp/MYR175-Classify-Baseline-iOS/Build/Intermediates.noindex/AnchoredSequenceCore.build/Debug-iphonesimulator/AnchoredSequenceCore\ product.build/Objects-normal/arm64/AnchoredSequenceCore_-65B9EEE52AB2106_PackageProduct.LinkFileList (in target 'AnchoredSequenceCore' from project 'AnchoredSequenceCore')
    cd /Users/runner/work/MyRAM-iOS/MyRAM-iOS/Baseline/Packages/AnchoredSequenceCore
    write-file /tmp/MYR175-Classify-Baseline-iOS/Build/Intermediates.noindex/AnchoredSequenceCore.build/Debug-iphonesimulator/AnchoredSequenceCore\ product.build/Objects-normal/arm64/AnchoredSequenceCore_-65B9EEE52AB2106_PackageProduct.LinkFileList

WriteAuxiliaryFile /tmp/MYR175-Classify-Baseline-iOS/Build/Intermediates.noindex/AnchoredSequenceCore.build/Debug-iphonesimulator/AnchoredSequenceCore\ product.build/AnchoredSequenceCore_-65B9EEE52AB2106_PackageProduct.DependencyStaticMetadataFileList (in target 'AnchoredSequenceCore' from project 'AnchoredSequenceCore')
    cd /Users/runner/work/MyRAM-iOS/MyRAM-iOS/Baseline/Packages/AnchoredSequenceCore
    write-file /tmp/MYR175-Classify-Baseline-iOS/Build/Intermediates.noindex/AnchoredSequenceCore.build/Debug-iphonesimulator/AnchoredSequenceCore\ product.build/AnchoredSequenceCore_-65B9EEE52AB2106_PackageProduct.DependencyStaticMetadataFileList

WriteAuxiliaryFile /tmp/MYR175-Classify-Baseline-iOS/Build/Intermediates.noindex/AnchoredSequenceCore.build/Debug-iphonesimulator/AnchoredSequenceCore\ product.build/AnchoredSequenceCore_-65B9EEE52AB2106_PackageProduct.DependencyMetadataFileList (in target 'AnchoredSequenceCore' from project 'AnchoredSequenceCore')
    cd /Users/runner/work/MyRAM-iOS/MyRAM-iOS/Baseline/Packages/AnchoredSequenceCore
    write-file /tmp/MYR175-Classify-Baseline-iOS/Build/Intermediates.noindex/AnchoredSequenceCore.build/Debug-iphonesimulator/AnchoredSequenceCore\ product.build/AnchoredSequenceCore_-65B9EEE52AB2106_PackageProduct.DependencyMetadataFileList

MkDir /tmp/MYR175-Classify-Baseline-iOS/Build/Products/Debug-iphonesimulator/MyRAMWidgetExtension.appex (in target 'MyRAMWidgetExtension' from project 'MyRAM')
    cd /Users/runner/work/MyRAM-iOS/MyRAM-iOS/Baseline
    /bin/mkdir -p /tmp/MYR175-Classify-Baseline-iOS/Build/Products/Debug-iphonesimulator/MyRAMWidgetExtension.appex

MkDir /tmp/MYR175-Classify-Baseline-iOS/Build/Products/Debug-iphonesimulator/MyRAMUITests-Runner.app/PlugIns/MyRAMUITests.xctest (in target 'MyRAMUITests' from project 'MyRAM')
    cd /Users/runner/work/MyRAM-iOS/MyRAM-iOS/Baseline
    /bin/mkdir -p /tmp/MYR175-Classify-Baseline-iOS/Build/Products/Debug-iphonesimulator/MyRAMUITests-Runner.app/PlugIns/MyRAMUITests.xctest

MkDir /tmp/MYR175-Classify-Baseline-iOS/Build/Products/Debug-iphonesimulator/MyRAM.app/PlugIns/MyRAMTests.xctest/Frameworks (in target 'MyRAMTests' from project 'MyRAM')
    cd /Users/runner/work/MyRAM-iOS/MyRAM-iOS/Baseline
    /bin/mkdir -p /tmp/MYR175-Classify-Baseline-iOS/Build/Products/Debug-iphonesimulator/MyRAM.app/PlugIns/MyRAMTests.xctest/Frameworks

MkDir /tmp/MYR175-Classify-Baseline-iOS/Build/Products/Debug-iphonesimulator/MyRAM.app/PlugIns/MyRAMTests.xctest (in target 'MyRAMTests' from project 'MyRAM')
    cd /Users/runner/work/MyRAM-iOS/MyRAM-iOS/Baseline
    /bin/mkdir -p /tmp/MYR175-Classify-Baseline-iOS/Build/Products/Debug-iphonesimulator/MyRAM.app/PlugIns/MyRAMTests.xctest

MkDir /tmp/MYR175-Classify-Baseline-iOS/Build/Products/Debug-iphonesimulator/MyRAM.app/PlugIns (in target 'MyRAM' from project 'MyRAM')
    cd /Users/runner/work/MyRAM-iOS/MyRAM-iOS/Baseline
    /bin/mkdir -p /tmp/MYR175-Classify-Baseline-iOS/Build/Products/Debug-iphonesimulator/MyRAM.app/PlugIns

MkDir /tmp/MYR175-Classify-Baseline-iOS/Build/Products/Debug-iphonesimulator/MyRAM.app/Frameworks (in target 'MyRAM' from project 'MyRAM')
    cd /Users/runner/work/MyRAM-iOS/MyRAM-iOS/Baseline
    /bin/mkdir -p /tmp/MYR175-Classify-Baseline-iOS/Build/Products/Debug-iphonesimulator/MyRAM.app/Frameworks

MkDir /tmp/MYR175-Classify-Baseline-iOS/Build/Products/Debug-iphonesimulator/MyRAM.app (in target 'MyRAM' from project 'MyRAM')
    cd /Users/runner/work/MyRAM-iOS/MyRAM-iOS/Baseline
    /bin/mkdir -p /tmp/MYR175-Classify-Baseline-iOS/Build/Products/Debug-iphonesimulator/MyRAM.app

MkDir /tmp/MYR175-Classify-Baseline-iOS/Build/Products/Debug-iphonesimulator/PackageFrameworks/AnchoredSequenceCore_-65B9EEE52AB2106_PackageProduct.framework (in target 'AnchoredSequenceCore' from project 'AnchoredSequenceCore')
    cd /Users/runner/work/MyRAM-iOS/MyRAM-iOS/Baseline/Packages/AnchoredSequenceCore
    /bin/mkdir -p /tmp/MYR175-Classify-Baseline-iOS/Build/Products/Debug-iphonesimulator/PackageFrameworks/AnchoredSequenceCore_-65B9EEE52AB2106_PackageProduct.framework

MkDir /tmp/MYR175-Classify-Baseline-iOS/Build/Intermediates.noindex/MyRAM.build/Debug-iphonesimulator/MyRAMWidgetExtension.build/assetcatalog_output/thinned (in target 'MyRAMWidgetExtension' from project 'MyRAM')
    cd /Users/runner/work/MyRAM-iOS/MyRAM-iOS/Baseline
    /bin/mkdir -p /tmp/MYR175-Classify-Baseline-iOS/Build/Intermediates.noindex/MyRAM.build/Debug-iphonesimulator/MyRAMWidgetExtension.build/assetcatalog_output/thinned

MkDir /tmp/MYR175-Classify-Baseline-iOS/Build/Intermediates.noindex/MyRAM.build/Debug-iphonesimulator/MyRAMWidgetExtension.build/assetcatalog_output/unthinned (in target 'MyRAMWidgetExtension' from project 'MyRAM')
    cd /Users/runner/work/MyRAM-iOS/MyRAM-iOS/Baseline
    /bin/mkdir -p /tmp/MYR175-Classify-Baseline-iOS/Build/Intermediates.noindex/MyRAM.build/Debug-iphonesimulator/MyRAMWidgetExtension.build/assetcatalog_output/unthinned

Ld /tmp/MYR175-Classify-Baseline-iOS/Build/Products/Debug-iphonesimulator/MyRAMWidgetExtension.appex/__preview.dylib normal (in target 'MyRAMWidgetExtension' from project 'MyRAM')
    cd /Users/runner/work/MyRAM-iOS/MyRAM-iOS/Baseline
    /Applications/Xcode_26.5.app/Contents/Developer/Toolchains/XcodeDefault.xctoolchain/usr/bin/clang -Xlinker -reproducible -target arm64-apple-ios17.0-simulator -dynamiclib -isysroot /Applications/Xcode_26.5.app/Contents/Developer/Platforms/iPhoneSimulator.platform/Developer/SDKs/iPhoneSimulator26.5.sdk -O0 -L/tmp/MYR175-Classify-Baseline-iOS/Build/Products/Debug-iphonesimulator -F/tmp/MYR175-Classify-Baseline-iOS/Build/Products/Debug-iphonesimulator -install_name @rpath/MyRAMWidgetExtension.debug.dylib -Xlinker -dead_strip -rdynamic -Xlinker -no_deduplicate -Xlinker -objc_abi_version -Xlinker 2 -Xlinker -dependency_info -Xlinker /tmp/MYR175-Classify-Baseline-iOS/Build/Intermediates.noindex/MyRAM.build/Debug-iphonesimulator/MyRAMWidgetExtension.build/Objects-normal/arm64/MyRAMWidgetExtension_dependency_info.dat -o /tmp/MYR175-Classify-Baseline-iOS/Build/Products/Debug-iphonesimulator/MyRAMWidgetExtension.appex/__preview.dylib

GenerateAssetSymbols /Users/runner/work/MyRAM-iOS/MyRAM-iOS/Baseline/MyRAMWidget/Assets.xcassets (in target 'MyRAMWidgetExtension' from project 'MyRAM')
    cd /Users/runner/work/MyRAM-iOS/MyRAM-iOS/Baseline
    /Applications/Xcode_26.5.app/Contents/Developer/usr/bin/actool /Users/runner/work/MyRAM-iOS/MyRAM-iOS/Baseline/MyRAMWidget/Assets.xcassets --compile /tmp/MYR175-Classify-Baseline-iOS/Build/Products/Debug-iphonesimulator/MyRAMWidgetExtension.appex --output-format human-readable-text --notices --warnings --export-dependency-info /tmp/MYR175-Classify-Baseline-iOS/Build/Intermediates.noindex/MyRAM.build/Debug-iphonesimulator/MyRAMWidgetExtension.build/assetcatalog_dependencies --output-partial-info-plist /tmp/MYR175-Classify-Baseline-iOS/Build/Intermediates.noindex/MyRAM.build/Debug-iphonesimulator/MyRAMWidgetExtension.build/assetcatalog_generated_info.plist --accent-color AccentColor --widget-background-color WidgetBackground --compress-pngs --enable-on-demand-resources NO --standalone-icon-behavior all --development-region en --target-device iphone --target-device ipad --minimum-deployment-target 17.0 --platform iphonesimulator --bundle-identifier com.northsignalstudio.myram.dev.widget --generate-swift-asset-symbols /tmp/MYR175-Classify-Baseline-iOS/Build/Intermediates.noindex/MyRAM.build/Debug-iphonesimulator/MyRAMWidgetExtension.build/DerivedSources/GeneratedAssetSymbols.swift --generate-objc-asset-symbols /tmp/MYR175-Classify-Baseline-iOS/Build/Intermediates.noindex/MyRAM.build/Debug-iphonesimulator/MyRAMWidgetExtension.build/DerivedSources/GeneratedAssetSymbols.h --generate-asset-symbol-index /tmp/MYR175-Classify-Baseline-iOS/Build/Intermediates.noindex/MyRAM.build/Debug-iphonesimulator/MyRAMWidgetExtension.build/DerivedSources/GeneratedAssetSymbols-Index.plist
/* com.apple.actool.compilation-results */
/tmp/MYR175-Classify-Baseline-iOS/Build/Intermediates.noindex/MyRAM.build/Debug-iphonesimulator/MyRAMWidgetExtension.build/DerivedSources/GeneratedAssetSymbols-Index.plist
/tmp/MYR175-Classify-Baseline-iOS/Build/Intermediates.noindex/MyRAM.build/Debug-iphonesimulator/MyRAMWidgetExtension.build/DerivedSources/GeneratedAssetSymbols.h
/tmp/MYR175-Classify-Baseline-iOS/Build/Intermediates.noindex/MyRAM.build/Debug-iphonesimulator/MyRAMWidgetExtension.build/DerivedSources/GeneratedAssetSymbols.swift


CompileAssetCatalogVariant thinned /tmp/MYR175-Classify-Baseline-iOS/Build/Products/Debug-iphonesimulator/MyRAMWidgetExtension.appex /Users/runner/work/MyRAM-iOS/MyRAM-iOS/Baseline/MyRAMWidget/Assets.xcassets (in target 'MyRAMWidgetExtension' from project 'MyRAM')
    cd /Users/runner/work/MyRAM-iOS/MyRAM-iOS/Baseline
    /Applications/Xcode_26.5.app/Contents/Developer/usr/bin/actool /Users/runner/work/MyRAM-iOS/MyRAM-iOS/Baseline/MyRAMWidget/Assets.xcassets --compile /tmp/MYR175-Classify-Baseline-iOS/Build/Intermediates.noindex/MyRAM.build/Debug-iphonesimulator/MyRAMWidgetExtension.build/assetcatalog_output/thinned --output-format human-readable-text --notices --warnings --export-dependency-info /tmp/MYR175-Classify-Baseline-iOS/Build/Intermediates.noindex/MyRAM.build/Debug-iphonesimulator/MyRAMWidgetExtension.build/assetcatalog_dependencies_thinned --output-partial-info-plist /tmp/MYR175-Classify-Baseline-iOS/Build/Intermediates.noindex/MyRAM.build/Debug-iphonesimulator/MyRAMWidgetExtension.build/assetcatalog_generated_info.plist_thinned --accent-color AccentColor --widget-background-color WidgetBackground --compress-pngs --enable-on-demand-resources NO --standalone-icon-behavior all --filter-for-thinning-device-configuration iPhone18,3 --filter-for-device-os-version 26.5 --development-region en --target-device iphone --target-device ipad --minimum-deployment-target 17.0 --platform iphonesimulator
/* com.apple.actool.compilation-results */
/tmp/MYR175-Classify-Baseline-iOS/Build/Intermediates.noindex/MyRAM.build/Debug-iphonesimulator/MyRAMWidgetExtension.build/assetcatalog_generated_info.plist_thinned


LinkAssetCatalog /Users/runner/work/MyRAM-iOS/MyRAM-iOS/Baseline/MyRAMWidget/Assets.xcassets (in target 'MyRAMWidgetExtension' from project 'MyRAM')
    cd /Users/runner/work/MyRAM-iOS/MyRAM-iOS/Baseline
    builtin-linkAssetCatalog --thinned /tmp/MYR175-Classify-Baseline-iOS/Build/Intermediates.noindex/MyRAM.build/Debug-iphonesimulator/MyRAMWidgetExtension.build/assetcatalog_output/thinned --thinned-dependencies /tmp/MYR175-Classify-Baseline-iOS/Build/Intermediates.noindex/MyRAM.build/Debug-iphonesimulator/MyRAMWidgetExtension.build/assetcatalog_dependencies_thinned --thinned-info-plist-content /tmp/MYR175-Classify-Baseline-iOS/Build/Intermediates.noindex/MyRAM.build/Debug-iphonesimulator/MyRAMWidgetExtension.build/assetcatalog_generated_info.plist_thinned --unthinned /tmp/MYR175-Classify-Baseline-iOS/Build/Intermediates.noindex/MyRAM.build/Debug-iphonesimulator/MyRAMWidgetExtension.build/assetcatalog_output/unthinned --unthinned-dependencies /tmp/MYR175-Classify-Baseline-iOS/Build/Intermediates.noindex/MyRAM.build/Debug-iphonesimulator/MyRAMWidgetExtension.build/assetcatalog_dependencies_unthinned --unthinned-info-plist-content /tmp/MYR175-Classify-Baseline-iOS/Build/Intermediates.noindex/MyRAM.build/Debug-iphonesimulator/MyRAMWidgetExtension.build/assetcatalog_generated_info.plist_unthinned --output /tmp/MYR175-Classify-Baseline-iOS/Build/Products/Debug-iphonesimulator/MyRAMWidgetExtension.appex --plist-output /tmp/MYR175-Classify-Baseline-iOS/Build/Intermediates.noindex/MyRAM.build/Debug-iphonesimulator/MyRAMWidgetExtension.build/assetcatalog_generated_info.plist

ProcessInfoPlistFile /tmp/MYR175-Classify-Baseline-iOS/Build/Products/Debug-iphonesimulator/MyRAMWidgetExtension.appex/Info.plist /Users/runner/work/MyRAM-iOS/MyRAM-iOS/Baseline/MyRAMWidget/Info.plist (in target 'MyRAMWidgetExtension' from project 'MyRAM')
    cd /Users/runner/work/MyRAM-iOS/MyRAM-iOS/Baseline
    builtin-infoPlistUtility /Users/runner/work/MyRAM-iOS/MyRAM-iOS/Baseline/MyRAMWidget/Info.plist -producttype com.apple.product-type.app-extension -expandbuildsettings -format binary -platform iphonesimulator -additionalcontentfile /tmp/MYR175-Classify-Baseline-iOS/Build/Intermediates.noindex/MyRAM.build/Debug-iphonesimulator/MyRAMWidgetExtension.build/assetcatalog_generated_info.plist -o /tmp/MYR175-Classify-Baseline-iOS/Build/Products/Debug-iphonesimulator/MyRAMWidgetExtension.appex/Info.plist

SwiftDriver MyRAMWidgetExtension normal arm64 com.apple.xcode.tools.swift.compiler (in target 'MyRAMWidgetExtension' from project 'MyRAM')
    cd /Users/runner/work/MyRAM-iOS/MyRAM-iOS/Baseline
    builtin-SwiftDriver -- /Applications/Xcode_26.5.app/Contents/Developer/Toolchains/XcodeDefault.xctoolchain/usr/bin/swiftc -module-name MyRAMWidgetExtension -Onone @/tmp/MYR175-Classify-Baseline-iOS/Build/Intermediates.noindex/MyRAM.build/Debug-iphonesimulator/MyRAMWidgetExtension.build/Objects-normal/arm64/MyRAMWidgetExtension.SwiftFileList -DDEBUG -enable-bare-slash-regex -enable-upcoming-feature DisableOutwardActorInference -enable-upcoming-feature InferSendableFromCaptures -enable-upcoming-feature GlobalActorIsolatedTypesUsability -enable-upcoming-feature MemberImportVisibility -enable-upcoming-feature InferIsolatedConformances -enable-upcoming-feature NonisolatedNonsendingByDefault -enable-experimental-feature DebugDescriptionMacro -sdk /Applications/Xcode_26.5.app/Contents/Developer/Platforms/iPhoneSimulator.platform/Developer/SDKs/iPhoneSimulator26.5.sdk -target arm64-apple-ios17.0-simulator -g -module-cache-path /tmp/MYR175-Classify-Baseline-iOS/ModuleCache.noindex -Xfrontend -serialize-debugging-options -application-extension -enable-testing -index-store-path /tmp/MYR175-Classify-Baseline-iOS/Index.noindex/DataStore -Xcc -D_LIBCPP_HARDENING_MODE\=_LIBCPP_HARDENING_MODE_DEBUG -swift-version 5 -I /tmp/MYR175-Classify-Baseline-iOS/Build/Products/Debug-iphonesimulator -F /tmp/MYR175-Classify-Baseline-iOS/Build/Products/Debug-iphonesimulator -emit-localized-strings -emit-localized-strings-path /tmp/MYR175-Classify-Baseline-iOS/Build/Intermediates.noindex/MyRAM.build/Debug-iphonesimulator/MyRAMWidgetExtension.build/Objects-normal/arm64 -c -j3 -enable-batch-mode -incremental -Xcc -ivfsstatcache -Xcc /tmp/MYR175-Classify-Baseline-iOS/SDKStatCaches.noindex/iphonesimulator26.5-23F73-688ef53f1462e2c8f657fdc38a81448ffb7d586738ff35573a713a18216ade27.sdkstatcache -output-file-map /tmp/MYR175-Classify-Baseline-iOS/Build/Intermediates.noindex/MyRAM.build/Debug-iphonesimulator/MyRAMWidgetExtension.build/Objects-normal/arm64/MyRAMWidgetExtension-OutputFileMap.json -use-frontend-parseable-output -save-temps -no-color-diagnostics -explicit-module-build -module-cache-path /tmp/MYR175-Classify-Baseline-iOS/Build/Intermediates.noindex/SwiftExplicitPrecompiledModules -clang-scanner-module-cache-path /tmp/MYR175-Classify-Baseline-iOS/ModuleCache.noindex -sdk-module-cache-path /tmp/MYR175-Classify-Baseline-iOS/ModuleCache.noindex -serialize-diagnostics -emit-dependencies -emit-module -emit-module-path /tmp/MYR175-Classify-Baseline-iOS/Build/Intermediates.noindex/MyRAM.build/Debug-iphonesimulator/MyRAMWidgetExtension.build/Objects-normal/arm64/MyRAMWidgetExtension.swiftmodule -validate-clang-modules-once -clang-build-session-file /tmp/MYR175-Classify-Baseline-iOS/ModuleCache.noindex/Session.modulevalidation -Xcc -I/tmp/MYR175-Classify-Baseline-iOS/Build/Intermediates.noindex/MyRAM.build/Debug-iphonesimulator/MyRAMWidgetExtension.build/swift-overrides.hmap -emit-const-values -Xfrontend -const-gather-protocols-file -Xfrontend /tmp/MYR175-Classify-Baseline-iOS/Build/Intermediates.noindex/MyRAM.build/Debug-iphonesimulator/MyRAMWidgetExtension.build/Objects-normal/arm64/MyRAMWidgetExtension_const_extract_protocols.json -Xcc -iquote -Xcc /tmp/MYR175-Classify-Baseline-iOS/Build/Intermediates.noindex/MyRAM.build/Debug-iphonesimulator/MyRAMWidgetExtension.build/MyRAMWidgetExtension-generated-files.hmap -Xcc -I/tmp/MYR175-Classify-Baseline-iOS/Build/Intermediates.noindex/MyRAM.build/Debug-iphonesimulator/MyRAMWidgetExtension.build/MyRAMWidgetExtension-own-target-headers.hmap -Xcc -I/tmp/MYR175-Classify-Baseline-iOS/Build/Intermediates.noindex/MyRAM.build/Debug-iphonesimulator/MyRAMWidgetExtension.build/MyRAMWidgetExtension-all-non-framework-target-headers.hmap -Xcc -ivfsoverlay -Xcc /tmp/MYR175-Classify-Baseline-iOS/Build/Intermediates.noindex/MyRAM.build/Debug-iphonesimulator/MyRAM-98a9cbde253e8e955bc92731eb290203-VFS-iphonesimulator/all-product-headers.yaml -Xcc -iquote -Xcc /tmp/MYR175-Classify-Baseline-iOS/Build/Intermediates.noindex/MyRAM.build/Debug-iphonesimulator/MyRAMWidgetExtension.build/MyRAMWidgetExtension-project-headers.hmap -Xcc -I/tmp/MYR175-Classify-Baseline-iOS/Build/Products/Debug-iphonesimulator/include -Xcc -I/tmp/MYR175-Classify-Baseline-iOS/Build/Intermediates.noindex/MyRAM.build/Debug-iphonesimulator/MyRAMWidgetExtension.build/DerivedSources-normal/arm64 -Xcc -I/tmp/MYR175-Classify-Baseline-iOS/Build/Intermediates.noindex/MyRAM.build/Debug-iphonesimulator/MyRAMWidgetExtension.build/DerivedSources/arm64 -Xcc -I/tmp/MYR175-Classify-Baseline-iOS/Build/Intermediates.noindex/MyRAM.build/Debug-iphonesimulator/MyRAMWidgetExtension.build/DerivedSources -Xcc -DDEBUG\=1 -emit-objc-header -emit-objc-header-path /tmp/MYR175-Classify-Baseline-iOS/Build/Intermediates.noindex/MyRAM.build/Debug-iphonesimulator/MyRAMWidgetExtension.build/Objects-normal/arm64/MyRAMWidgetExtension-Swift.h -working-directory /Users/runner/work/MyRAM-iOS/MyRAM-iOS/Baseline -experimental-emit-module-separately -disable-cmo

SwiftDriver NearbySyncCore normal arm64 com.apple.xcode.tools.swift.compiler (in target 'NearbySyncCore' from project 'NearbySyncCore')
    cd /Users/runner/work/MyRAM-iOS/MyRAM-iOS/Baseline/MyRAM.xcodeproj
    builtin-SwiftDriver -- /Applications/Xcode_26.5.app/Contents/Developer/Toolchains/XcodeDefault.xctoolchain/usr/bin/swiftc -module-name NearbySyncCore -Onone @/tmp/MYR175-Classify-Baseline-iOS/Build/Intermediates.noindex/NearbySyncCore.build/Debug-iphonesimulator/NearbySyncCore.build/Objects-normal/arm64/NearbySyncCore.SwiftFileList -DSWIFT_PACKAGE -DDEBUG -DSWIFT_MODULE_RESOURCE_BUNDLE_UNAVAILABLE -DXcode -plugin-path /Applications/Xcode_26.5.app/Contents/Developer/Toolchains/XcodeDefault.xctoolchain/usr/lib/swift/host/plugins/testing -enable-experimental-feature DebugDescriptionMacro -sdk /Applications/Xcode_26.5.app/Contents/Developer/Platforms/iPhoneSimulator.platform/Developer/SDKs/iPhoneSimulator26.5.sdk -target arm64-apple-ios17.0-simulator -g -module-cache-path /tmp/MYR175-Classify-Baseline-iOS/ModuleCache.noindex -Xfrontend -serialize-debugging-options -enable-testing -suppress-warnings -index-store-path /tmp/MYR175-Classify-Baseline-iOS/Index.noindex/DataStore -Xcc -D_LIBCPP_HARDENING_MODE\=_LIBCPP_HARDENING_MODE_DEBUG -swift-version 5 -I /tmp/MYR175-Classify-Baseline-iOS/Build/Products/Debug-iphonesimulator -Isystem /Applications/Xcode_26.5.app/Contents/Developer/Platforms/iPhoneSimulator.platform/Developer/usr/lib -F /tmp/MYR175-Classify-Baseline-iOS/Build/Products/Debug-iphonesimulator -F /Applications/Xcode_26.5.app/Contents/Developer/Platforms/iPhoneSimulator.platform/Developer/Library/Frameworks -F /Applications/Xcode_26.5.app/Contents/Developer/Platforms/iPhoneSimulator.platform/Developer/SDKs/iPhoneSimulator26.5.sdk/Developer/Library/Frameworks -c -j3 -enable-batch-mode -incremental -Xcc -ivfsstatcache -Xcc /tmp/MYR175-Classify-Baseline-iOS/SDKStatCaches.noindex/iphonesimulator26.5-23F73-688ef53f1462e2c8f657fdc38a81448ffb7d586738ff35573a713a18216ade27.sdkstatcache -output-file-map /tmp/MYR175-Classify-Baseline-iOS/Build/Intermediates.noindex/NearbySyncCore.build/Debug-iphonesimulator/NearbySyncCore.build/Objects-normal/arm64/NearbySyncCore-OutputFileMap.json -use-frontend-parseable-output -save-temps -no-color-diagnostics -explicit-module-build -module-cache-path /tmp/MYR175-Classify-Baseline-iOS/Build/Intermediates.noindex/SwiftExplicitPrecompiledModules -clang-scanner-module-cache-path /tmp/MYR175-Classify-Baseline-iOS/ModuleCache.noindex -sdk-module-cache-path /tmp/MYR175-Classify-Baseline-iOS/ModuleCache.noindex -serialize-diagnostics -emit-dependencies -emit-module -emit-module-path /tmp/MYR175-Classify-Baseline-iOS/Build/Intermediates.noindex/NearbySyncCore.build/Debug-iphonesimulator/NearbySyncCore.build/Objects-normal/arm64/NearbySyncCore.swiftmodule -validate-clang-modules-once -clang-build-session-file /tmp/MYR175-Classify-Baseline-iOS/ModuleCache.noindex/Session.modulevalidation -package-name nearbysynccore -Xcc -I/tmp/MYR175-Classify-Baseline-iOS/Build/Intermediates.noindex/NearbySyncCore.build/Debug-iphonesimulator/NearbySyncCore.build/swift-overrides.hmap -emit-const-values -Xfrontend -const-gather-protocols-file -Xfrontend /tmp/MYR175-Classify-Baseline-iOS/Build/Intermediates.noindex/NearbySyncCore.build/Debug-iphonesimulator/NearbySyncCore.build/Objects-normal/arm64/NearbySyncCore_const_extract_protocols.json -Xcc -I/tmp/MYR175-Classify-Baseline-iOS/Build/Products/Debug-iphonesimulator/include -Xcc -I/tmp/MYR175-Classify-Baseline-iOS/Build/Intermediates.noindex/NearbySyncCore.build/Debug-iphonesimulator/NearbySyncCore.build/DerivedSources-normal/arm64 -Xcc -I/tmp/MYR175-Classify-Baseline-iOS/Build/Intermediates.noindex/NearbySyncCore.build/Debug-iphonesimulator/NearbySyncCore.build/DerivedSources/arm64 -Xcc -I/tmp/MYR175-Classify-Baseline-iOS/Build/Intermediates.noindex/NearbySyncCore.build/Debug-iphonesimulator/NearbySyncCore.build/DerivedSources -Xcc -DSWIFT_PACKAGE -Xcc -DDEBUG\=1 -emit-objc-header -emit-objc-header-path /tmp/MYR175-Classify-Baseline-iOS/Build/Intermediates.noindex/NearbySyncCore.build/Debug-iphonesimulator/NearbySyncCore.build/Objects-normal/arm64/NearbySyncCore-Swift.h -working-directory /Users/runner/work/MyRAM-iOS/MyRAM-iOS/Baseline/MyRAM.xcodeproj -experimental-emit-module-separately -disable-cmo

SwiftDriver AnchoredSequenceCore normal arm64 com.apple.xcode.tools.swift.compiler (in target 'AnchoredSequenceCore' from project 'AnchoredSequenceCore')
    cd /Users/runner/work/MyRAM-iOS/MyRAM-iOS/Baseline/MyRAM.xcodeproj
    builtin-SwiftDriver -- /Applications/Xcode_26.5.app/Contents/Developer/Toolchains/XcodeDefault.xctoolchain/usr/bin/swiftc -module-name AnchoredSequenceCore -Onone @/tmp/MYR175-Classify-Baseline-iOS/Build/Intermediates.noindex/AnchoredSequenceCore.build/Debug-iphonesimulator/AnchoredSequenceCore.build/Objects-normal/arm64/AnchoredSequenceCore.SwiftFileList -DSWIFT_PACKAGE -DDEBUG -DSWIFT_MODULE_RESOURCE_BUNDLE_UNAVAILABLE -DXcode -plugin-path /Applications/Xcode_26.5.app/Contents/Developer/Toolchains/XcodeDefault.xctoolchain/usr/lib/swift/host/plugins/testing -enable-experimental-feature DebugDescriptionMacro -sdk /Applications/Xcode_26.5.app/Contents/Developer/Platforms/iPhoneSimulator.platform/Developer/SDKs/iPhoneSimulator26.5.sdk -target arm64-apple-ios17.0-simulator -g -module-cache-path /tmp/MYR175-Classify-Baseline-iOS/ModuleCache.noindex -Xfrontend -serialize-debugging-options -enable-testing -suppress-warnings -index-store-path /tmp/MYR175-Classify-Baseline-iOS/Index.noindex/DataStore -Xcc -D_LIBCPP_HARDENING_MODE\=_LIBCPP_HARDENING_MODE_DEBUG -swift-version 5 -I /tmp/MYR175-Classify-Baseline-iOS/Build/Products/Debug-iphonesimulator -Isystem /Applications/Xcode_26.5.app/Contents/Developer/Platforms/iPhoneSimulator.platform/Developer/usr/lib -F /tmp/MYR175-Classify-Baseline-iOS/Build/Products/Debug-iphonesimulator -F /Applications/Xcode_26.5.app/Contents/Developer/Platforms/iPhoneSimulator.platform/Developer/Library/Frameworks -F /Applications/Xcode_26.5.app/Contents/Developer/Platforms/iPhoneSimulator.platform/Developer/SDKs/iPhoneSimulator26.5.sdk/Developer/Library/Frameworks -c -j3 -enable-batch-mode -incremental -Xcc -ivfsstatcache -Xcc /tmp/MYR175-Classify-Baseline-iOS/SDKStatCaches.noindex/iphonesimulator26.5-23F73-688ef53f1462e2c8f657fdc38a81448ffb7d586738ff35573a713a18216ade27.sdkstatcache -output-file-map /tmp/MYR175-Classify-Baseline-iOS/Build/Intermediates.noindex/AnchoredSequenceCore.build/Debug-iphonesimulator/AnchoredSequenceCore.build/Objects-normal/arm64/AnchoredSequenceCore-OutputFileMap.json -use-frontend-parseable-output -save-temps -no-color-diagnostics -explicit-module-build -module-cache-path /tmp/MYR175-Classify-Baseline-iOS/Build/Intermediates.noindex/SwiftExplicitPrecompiledModules -clang-scanner-module-cache-path /tmp/MYR175-Classify-Baseline-iOS/ModuleCache.noindex -sdk-module-cache-path /tmp/MYR175-Classify-Baseline-iOS/ModuleCache.noindex -serialize-diagnostics -emit-dependencies -emit-module -emit-module-path /tmp/MYR175-Classify-Baseline-iOS/Build/Intermediates.noindex/AnchoredSequenceCore.build/Debug-iphonesimulator/AnchoredSequenceCore.build/Objects-normal/arm64/AnchoredSequenceCore.swiftmodule -validate-clang-modules-once -clang-build-session-file /tmp/MYR175-Classify-Baseline-iOS/ModuleCache.noindex/Session.modulevalidation -package-name anchoredsequencecore -Xcc -I/tmp/MYR175-Classify-Baseline-iOS/Build/Intermediates.noindex/AnchoredSequenceCore.build/Debug-iphonesimulator/AnchoredSequenceCore.build/swift-overrides.hmap -emit-const-values -Xfrontend -const-gather-protocols-file -Xfrontend /tmp/MYR175-Classify-Baseline-iOS/Build/Intermediates.noindex/AnchoredSequenceCore.build/Debug-iphonesimulator/AnchoredSequenceCore.build/Objects-normal/arm64/AnchoredSequenceCore_const_extract_protocols.json -Xcc -I/tmp/MYR175-Classify-Baseline-iOS/Build/Products/Debug-iphonesimulator/include -Xcc -I/tmp/MYR175-Classify-Baseline-iOS/Build/Intermediates.noindex/AnchoredSequenceCore.build/Debug-iphonesimulator/AnchoredSequenceCore.build/DerivedSources-normal/arm64 -Xcc -I/tmp/MYR175-Classify-Baseline-iOS/Build/Intermediates.noindex/AnchoredSequenceCore.build/Debug-iphonesimulator/AnchoredSequenceCore.build/DerivedSources/arm64 -Xcc -I/tmp/MYR175-Classify-Baseline-iOS/Build/Intermediates.noindex/AnchoredSequenceCore.build/Debug-iphonesimulator/AnchoredSequenceCore.build/DerivedSources -Xcc -DSWIFT_PACKAGE -Xcc -DDEBUG\=1 -emit-objc-header -emit-objc-header-path /tmp/MYR175-Classify-Baseline-iOS/Build/Intermediates.noindex/AnchoredSequenceCore.build/Debug-iphonesimulator/AnchoredSequenceCore.build/Objects-normal/arm64/AnchoredSequenceCore-Swift.h -working-directory /Users/runner/work/MyRAM-iOS/MyRAM-iOS/Baseline/MyRAM.xcodeproj -experimental-emit-module-separately -disable-cmo

SwiftExplicitDependencyGeneratePcm arm64 /tmp/MYR175-Classify-Baseline-iOS/ModuleCache.noindex/_Builtin_float-4QQT040RBFRXSEPZJ2ULN16D2.pcm

SwiftExplicitDependencyGeneratePcm arm64 /tmp/MYR175-Classify-Baseline-iOS/ModuleCache.noindex/_AvailabilityInternal-70VFASP38SJB7A5JS25HBXVLQ.pcm

SwiftExplicitDependencyGeneratePcm arm64 /tmp/MYR175-Classify-Baseline-iOS/ModuleCache.noindex/ptrcheck-8IHXARVQKZHB5IUTF8BD30YOT.pcm

SwiftExplicitDependencyGeneratePcm arm64 /tmp/MYR175-Classify-Baseline-iOS/ModuleCache.noindex/_Builtin_stdarg-2RG4TNKJXAGEIC1QIZABWFQ2N.pcm

SwiftExplicitDependencyGeneratePcm arm64 /tmp/MYR175-Classify-Baseline-iOS/ModuleCache.noindex/ptrauth-7PUCFN11MUIQHG5K33Q2EN4C9.pcm

SwiftExplicitDependencyGeneratePcm arm64 /tmp/MYR175-Classify-Baseline-iOS/ModuleCache.noindex/_DarwinFoundation1-98H1ICHE9ITJF3XYMXXEX5BD3.pcm

SwiftExplicitDependencyGeneratePcm arm64 /tmp/MYR175-Classify-Baseline-iOS/ModuleCache.noindex/_SwiftConcurrencyShims-7WHPRJ7955A1QOQBFXQ73AWH7.pcm

SwiftExplicitDependencyGeneratePcm arm64 /tmp/MYR175-Classify-Baseline-iOS/ModuleCache.noindex/SwiftShims-BVHDAPDZFJ2Y1W42VHAL1W492.pcm

SwiftExplicitDependencyGeneratePcm arm64 /tmp/MYR175-Classify-Baseline-iOS/ModuleCache.noindex/_Builtin_stdbool-D6L3RGVD3J3FJSX81G9C3RV0H.pcm

SwiftExplicitDependencyGeneratePcm arm64 /tmp/MYR175-Classify-Baseline-iOS/ModuleCache.noindex/_Builtin_limits-EQJNWCX2IK6C9NKYU2TT3ETWU.pcm

SwiftExplicitDependencyGeneratePcm arm64 /tmp/MYR175-Classify-Baseline-iOS/ModuleCache.noindex/_Builtin_stddef-A0XH2HJ6UEXG6978QOWQAR71D.pcm

SwiftExplicitDependencyGeneratePcm arm64 /tmp/MYR175-Classify-Baseline-iOS/ModuleCache.noindex/_DarwinFoundation2-9NLSN69GSX2BUUIGZY40H83SH.pcm

SwiftExplicitDependencyGeneratePcm arm64 /tmp/MYR175-Classify-Baseline-iOS/ModuleCache.noindex/_Builtin_stdint-7UR0B8ER6095KNJK4YJB16TMU.pcm

SwiftExplicitDependencyGeneratePcm arm64 /tmp/MYR175-Classify-Baseline-iOS/ModuleCache.noindex/sys_types-8DFAUYLHFA5P3UYCXECGPGCXC.pcm

SwiftExplicitDependencyGeneratePcm arm64 /tmp/MYR175-Classify-Baseline-iOS/ModuleCache.noindex/_DarwinFoundation3-8ZGPN5E0PSMMJ3J2XU3C0NCGC.pcm

SwiftExplicitDependencyGeneratePcm arm64 /tmp/MYR175-Classify-Baseline-iOS/ModuleCache.noindex/_Builtin_stddef-BSD9S4Y72KSVT14MRMLDR7GSV.pcm

SwiftExplicitDependencyGeneratePcm arm64 /tmp/MYR175-Classify-Baseline-iOS/ModuleCache.noindex/_Builtin_stdarg-DHTA3CJX19BRY3TR9OE12K3ZH.pcm

SwiftExplicitDependencyGeneratePcm arm64 /tmp/MYR175-Classify-Baseline-iOS/ModuleCache.noindex/ptrauth-8RNX4T9C3HFKCHSLU5866OD59.pcm

SwiftExplicitDependencyGeneratePcm arm64 /tmp/MYR175-Classify-Baseline-iOS/ModuleCache.noindex/DeveloperToolsSupport-64R9X4C58WPRL7FQKIAW4SOMW.pcm

SwiftExplicitDependencyGeneratePcm arm64 /tmp/MYR175-Classify-Baseline-iOS/ModuleCache.noindex/ptrcheck-62KVJAO1NTBWWQYJOHZC9PBZP.pcm

SwiftExplicitDependencyGeneratePcm arm64 /tmp/MYR175-Classify-Baseline-iOS/ModuleCache.noindex/_Builtin_stdbool-3798T1L2J0FMBGFM6MFAEG9ZW.pcm

SwiftExplicitDependencyGeneratePcm arm64 /tmp/MYR175-Classify-Baseline-iOS/ModuleCache.noindex/_SwiftConcurrencyShims-EYZSGNJHQ2KSRYSJVG0SW0T4C.pcm

SwiftExplicitDependencyGeneratePcm arm64 /tmp/MYR175-Classify-Baseline-iOS/ModuleCache.noindex/SwiftShims-E8K7QP45NGH93KDUUWQ3IRQVK.pcm

SwiftExplicitDependencyGeneratePcm arm64 /tmp/MYR175-Classify-Baseline-iOS/ModuleCache.noindex/_Builtin_inttypes-AOJRIOGA93WN6MCQ73ZLALGDA.pcm

SwiftExplicitDependencyGeneratePcm arm64 /tmp/MYR175-Classify-Baseline-iOS/ModuleCache.noindex/_AvailabilityInternal-1W7CBR3JCTHZ7FXXMSHT0J5HG.pcm

SwiftExplicitDependencyGeneratePcm arm64 /tmp/MYR175-Classify-Baseline-iOS/ModuleCache.noindex/ActivityKit-3MB2IBT50J4DXO6HU3E9GEEYG.pcm

SwiftExplicitDependencyGeneratePcm arm64 /tmp/MYR175-Classify-Baseline-iOS/ModuleCache.noindex/_Builtin_float-AH84ZJNUB6H7O9KWS68FF9XXD.pcm

SwiftExplicitDependencyGeneratePcm arm64 /tmp/MYR175-Classify-Baseline-iOS/ModuleCache.noindex/Darwin-CC32D93UB8COFMND6OZGPEDQ2.pcm

SwiftExplicitDependencyGeneratePcm arm64 /tmp/MYR175-Classify-Baseline-iOS/ModuleCache.noindex/_DarwinFoundation1-3MK48818PBW83AV77H2K1XGSY.pcm

SwiftExplicitDependencyGeneratePcm arm64 /tmp/MYR175-Classify-Baseline-iOS/ModuleCache.noindex/_DarwinFoundation2-DLG2M1B22QGQDKAZB2YNKUPQU.pcm

SwiftExplicitDependencyGeneratePcm arm64 /tmp/MYR175-Classify-Baseline-iOS/ModuleCache.noindex/_Builtin_limits-10MVJ0IABPNUR9N79VM5SC8B0.pcm

SwiftExplicitDependencyGeneratePcm arm64 /tmp/MYR175-Classify-Baseline-iOS/ModuleCache.noindex/ExtensionFoundation-CMA9ZL87334F43JMTKPSM7VX4.pcm

SwiftExplicitDependencyGeneratePcm arm64 /tmp/MYR175-Classify-Baseline-iOS/ModuleCache.noindex/sys_types-68TNFTQ2B1VCBGN0S77ACBYTV.pcm

SwiftExplicitDependencyGeneratePcm arm64 /tmp/MYR175-Classify-Baseline-iOS/ModuleCache.noindex/_Builtin_tgmath-32TF2BZ7ZZZ8WIDXM5T1YLFNW.pcm

SwiftExplicitDependencyGeneratePcm arm64 /tmp/MYR175-Classify-Baseline-iOS/ModuleCache.noindex/_Builtin_stdint-EWXOZ4SBIHNXGCJ27EYYJJ8OQ.pcm

SwiftExplicitDependencyGeneratePcm arm64 /tmp/MYR175-Classify-Baseline-iOS/ModuleCache.noindex/_Builtin_stdatomic-8E1YR2F5V3ZG9YM81MPWIIYL1.pcm

SwiftExplicitDependencyGeneratePcm arm64 /tmp/MYR175-Classify-Baseline-iOS/ModuleCache.noindex/_Builtin_intrinsics-C6YMOQUPH67VIQ602BOXPHNNA.pcm

SwiftExplicitDependencyGeneratePcm arm64 /tmp/MYR175-Classify-Baseline-iOS/ModuleCache.noindex/_DarwinFoundation3-EDNLMPVWJ28QOBZ17U1SJ2058.pcm

SwiftExplicitDependencyGeneratePcm arm64 /tmp/MYR175-Classify-Baseline-iOS/ModuleCache.noindex/ObjectiveC-F15UJKX02E8Z6WG7DGV80OR1P.pcm

SwiftExplicitDependencyGeneratePcm arm64 /tmp/MYR175-Classify-Baseline-iOS/ModuleCache.noindex/_Builtin_inttypes-CQ09J7YO62TDZPDLJMCOFBJRP.pcm

SwiftExplicitDependencyGeneratePcm arm64 /tmp/MYR175-Classify-Baseline-iOS/ModuleCache.noindex/os_object-1MI5XIKA7L0HSM2YSZ3WUTSG1.pcm

SwiftExplicitDependencyGeneratePcm arm64 /tmp/MYR175-Classify-Baseline-iOS/ModuleCache.noindex/Darwin-2NW7RK26828ZII05TZMXK7N6N.pcm

SwiftExplicitDependencyGeneratePcm arm64 /tmp/MYR175-Classify-Baseline-iOS/ModuleCache.noindex/os_workgroup-5JWQVD3EEBBX6V1FDRDSPZ7GS.pcm

SwiftExplicitDependencyGeneratePcm arm64 /tmp/MYR175-Classify-Baseline-iOS/ModuleCache.noindex/Dispatch-22NI2NLJM6ZH8UTC22TB0PLNG.pcm

SwiftExplicitDependencyGeneratePcm arm64 /tmp/MYR175-Classify-Baseline-iOS/ModuleCache.noindex/simd-5PZ1XAYJH6SRJM32Z8YWWVIJX.pcm

SwiftExplicitDependencyGeneratePcm arm64 /tmp/MYR175-Classify-Baseline-iOS/ModuleCache.noindex/CoreFoundation-6M975V78GACLG98P4JSVM77IX.pcm

SwiftExplicitDependencyGeneratePcm arm64 /tmp/MYR175-Classify-Baseline-iOS/ModuleCache.noindex/XPC-AJC1H8BZ0YUQIAGLK7KTRQT6B.pcm

SwiftExplicitDependencyGeneratePcm arm64 /tmp/MYR175-Classify-Baseline-iOS/ModuleCache.noindex/MachO-55O5IEZDD04Y1K87RDCDI6MGS.pcm

SwiftExplicitDependencyGeneratePcm arm64 /tmp/MYR175-Classify-Baseline-iOS/ModuleCache.noindex/CFNetwork-185ZIFKMZ8O998NPPUJ3WUZHW.pcm

SwiftExplicitDependencyGeneratePcm arm64 /tmp/MYR175-Classify-Baseline-iOS/ModuleCache.noindex/Security-2XBCBU415ITVX2ET56CIFF43G.pcm

SwiftExplicitDependencyGeneratePcm arm64 /tmp/MYR175-Classify-Baseline-iOS/ModuleCache.noindex/ObjectiveC-23XIXYVRSSLQ75UZJ4J78FM38.pcm

SwiftExplicitDependencyGeneratePcm arm64 /tmp/MYR175-Classify-Baseline-iOS/ModuleCache.noindex/Foundation-670E65CXW2JQ0QLQ02ATUZP2O.pcm

SwiftExplicitDependencyGeneratePcm arm64 /tmp/MYR175-Classify-Baseline-iOS/ModuleCache.noindex/os_object-6UTM2CL50VGGRHTGE0ZS475KH.pcm

SwiftExplicitDependencyGeneratePcm arm64 /tmp/MYR175-Classify-Baseline-iOS/ModuleCache.noindex/Spatial-97BHJRWY9SEB7G6PEVRX7PGEH.pcm

SwiftExplicitDependencyGeneratePcm arm64 /tmp/MYR175-Classify-Baseline-iOS/ModuleCache.noindex/os_workgroup-2VZC87E6IHU4ODGMSOZBE41DY.pcm

SwiftExplicitDependencyGeneratePcm arm64 /tmp/MYR175-Classify-Baseline-iOS/ModuleCache.noindex/Dispatch-EBYW1PWPP19DUNBT8SB4L0HWE.pcm

SwiftExplicitDependencyGeneratePcm arm64 /tmp/MYR175-Classify-Baseline-iOS/ModuleCache.noindex/dnssd-57W5QARFHTXQV4RDKZ451N277.pcm

SwiftExplicitDependencyGeneratePcm arm64 /tmp/MYR175-Classify-Baseline-iOS/ModuleCache.noindex/XPC-2BCNT0LENW60LD763CZBPPF01.pcm

SwiftExplicitDependencyGeneratePcm arm64 /tmp/MYR175-Classify-Baseline-iOS/ModuleCache.noindex/CoreFoundation-CQLUTX83NOQINL97MHC6HKWU5.pcm

SwiftExplicitDependencyGeneratePcm arm64 /tmp/MYR175-Classify-Baseline-iOS/ModuleCache.noindex/os-9GGDXHT1944D3SMG477TAWLJZ.pcm

SwiftEmitModule normal arm64 Emitting\ module\ for\ NearbySyncCore (in target 'NearbySyncCore' from project 'NearbySyncCore')
EmitSwiftModule normal arm64 (in target 'NearbySyncCore' from project 'NearbySyncCore')
    cd /Users/runner/work/MyRAM-iOS/MyRAM-iOS/Baseline/MyRAM.xcodeproj
    

SwiftExplicitDependencyGeneratePcm arm64 /tmp/MYR175-Classify-Baseline-iOS/ModuleCache.noindex/LocalAuthentication-4S3UIWECMQRY9DLTDIMNIRQ1K.pcm

SwiftExplicitDependencyGeneratePcm arm64 /tmp/MYR175-Classify-Baseline-iOS/ModuleCache.noindex/CFNetwork-C675U6CXT2TZ33BZ1XPM9DNIB.pcm

SwiftExplicitDependencyGeneratePcm arm64 /tmp/MYR175-Classify-Baseline-iOS/ModuleCache.noindex/Security-AJP8P446DFRZZANIP6KL2MBQI.pcm

SwiftExplicitDependencyGeneratePcm arm64 /tmp/MYR175-Classify-Baseline-iOS/ModuleCache.noindex/CoreGraphics-9S5PZ053K6VW525ET08UFA39X.pcm

SwiftEmitModule normal arm64 Emitting\ module\ for\ AnchoredSequenceCore (in target 'AnchoredSequenceCore' from project 'AnchoredSequenceCore')
EmitSwiftModule normal arm64 (in target 'AnchoredSequenceCore' from project 'AnchoredSequenceCore')
    cd /Users/runner/work/MyRAM-iOS/MyRAM-iOS/Baseline/MyRAM.xcodeproj
    

SwiftExplicitDependencyGeneratePcm arm64 /tmp/MYR175-Classify-Baseline-iOS/ModuleCache.noindex/Foundation-EWGM7DJA4ISQ4VEUP1Q7J52SJ.pcm

SwiftExplicitDependencyGeneratePcm arm64 /tmp/MYR175-Classify-Baseline-iOS/ModuleCache.noindex/ImageIO-BI3IEVECP9I763LZ4Y1UB95LX.pcm

SwiftDriverJobDiscovery normal arm64 Emitting module for NearbySyncCore (in target 'NearbySyncCore' from project 'NearbySyncCore')

SwiftDriver\ Compilation\ Requirements NearbySyncCore normal arm64 com.apple.xcode.tools.swift.compiler (in target 'NearbySyncCore' from project 'NearbySyncCore')
    cd /Users/runner/work/MyRAM-iOS/MyRAM-iOS/Baseline/MyRAM.xcodeproj
    builtin-Swift-Compilation-Requirements -- /Applications/Xcode_26.5.app/Contents/Developer/Toolchains/XcodeDefault.xctoolchain/usr/bin/swiftc -module-name NearbySyncCore -Onone @/tmp/MYR175-Classify-Baseline-iOS/Build/Intermediates.noindex/NearbySyncCore.build/Debug-iphonesimulator/NearbySyncCore.build/Objects-normal/arm64/NearbySyncCore.SwiftFileList -DSWIFT_PACKAGE -DDEBUG -DSWIFT_MODULE_RESOURCE_BUNDLE_UNAVAILABLE -DXcode -plugin-path /Applications/Xcode_26.5.app/Contents/Developer/Toolchains/XcodeDefault.xctoolchain/usr/lib/swift/host/plugins/testing -enable-experimental-feature DebugDescriptionMacro -sdk /Applications/Xcode_26.5.app/Contents/Developer/Platforms/iPhoneSimulator.platform/Developer/SDKs/iPhoneSimulator26.5.sdk -target arm64-apple-ios17.0-simulator -g -module-cache-path /tmp/MYR175-Classify-Baseline-iOS/ModuleCache.noindex -Xfrontend -serialize-debugging-options -enable-testing -suppress-warnings -index-store-path /tmp/MYR175-Classify-Baseline-iOS/Index.noindex/DataStore -Xcc -D_LIBCPP_HARDENING_MODE\=_LIBCPP_HARDENING_MODE_DEBUG -swift-version 5 -I /tmp/MYR175-Classify-Baseline-iOS/Build/Products/Debug-iphonesimulator -Isystem /Applications/Xcode_26.5.app/Contents/Developer/Platforms/iPhoneSimulator.platform/Developer/usr/lib -F /tmp/MYR175-Classify-Baseline-iOS/Build/Products/Debug-iphonesimulator -F /Applications/Xcode_26.5.app/Contents/Developer/Platforms/iPhoneSimulator.platform/Developer/Library/Frameworks -F /Applications/Xcode_26.5.app/Contents/Developer/Platforms/iPhoneSimulator.platform/Developer/SDKs/iPhoneSimulator26.5.sdk/Developer/Library/Frameworks -c -j3 -enable-batch-mode -incremental -Xcc -ivfsstatcache -Xcc /tmp/MYR175-Classify-Baseline-iOS/SDKStatCaches.noindex/iphonesimulator26.5-23F73-688ef53f1462e2c8f657fdc38a81448ffb7d586738ff35573a713a18216ade27.sdkstatcache -output-file-map /tmp/MYR175-Classify-Baseline-iOS/Build/Intermediates.noindex/NearbySyncCore.build/Debug-iphonesimulator/NearbySyncCore.build/Objects-normal/arm64/NearbySyncCore-OutputFileMap.json -use-frontend-parseable-output -save-temps -no-color-diagnostics -explicit-module-build -module-cache-path /tmp/MYR175-Classify-Baseline-iOS/Build/Intermediates.noindex/SwiftExplicitPrecompiledModules -clang-scanner-module-cache-path /tmp/MYR175-Classify-Baseline-iOS/ModuleCache.noindex -sdk-module-cache-path /tmp/MYR175-Classify-Baseline-iOS/ModuleCache.noindex -serialize-diagnostics -emit-dependencies -emit-module -emit-module-path /tmp/MYR175-Classify-Baseline-iOS/Build/Intermediates.noindex/NearbySyncCore.build/Debug-iphonesimulator/NearbySyncCore.build/Objects-normal/arm64/NearbySyncCore.swiftmodule -validate-clang-modules-once -clang-build-session-file /tmp/MYR175-Classify-Baseline-iOS/ModuleCache.noindex/Session.modulevalidation -package-name nearbysynccore -Xcc -I/tmp/MYR175-Classify-Baseline-iOS/Build/Intermediates.noindex/NearbySyncCore.build/Debug-iphonesimulator/NearbySyncCore.build/swift-overrides.hmap -emit-const-values -Xfrontend -const-gather-protocols-file -Xfrontend /tmp/MYR175-Classify-Baseline-iOS/Build/Intermediates.noindex/NearbySyncCore.build/Debug-iphonesimulator/NearbySyncCore.build/Objects-normal/arm64/NearbySyncCore_const_extract_protocols.json -Xcc -I/tmp/MYR175-Classify-Baseline-iOS/Build/Products/Debug-iphonesimulator/include -Xcc -I/tmp/MYR175-Classify-Baseline-iOS/Build/Intermediates.noindex/NearbySyncCore.build/Debug-iphonesimulator/NearbySyncCore.build/DerivedSources-normal/arm64 -Xcc -I/tmp/MYR175-Classify-Baseline-iOS/Build/Intermediates.noindex/NearbySyncCore.build/Debug-iphonesimulator/NearbySyncCore.build/DerivedSources/arm64 -Xcc -I/tmp/MYR175-Classify-Baseline-iOS/Build/Intermediates.noindex/NearbySyncCore.build/Debug-iphonesimulator/NearbySyncCore.build/DerivedSources -Xcc -DSWIFT_PACKAGE -Xcc -DDEBUG\=1 -emit-objc-header -emit-objc-header-path /tmp/MYR175-Classify-Baseline-iOS/Build/Intermediates.noindex/NearbySyncCore.build/Debug-iphonesimulator/NearbySyncCore.build/Objects-normal/arm64/NearbySyncCore-Swift.h -working-directory /Users/runner/work/MyRAM-iOS/MyRAM-iOS/Baseline/MyRAM.xcodeproj -experimental-emit-module-separately -disable-cmo

SwiftDriverJobDiscovery normal arm64 Emitting module for AnchoredSequenceCore (in target 'AnchoredSequenceCore' from project 'AnchoredSequenceCore')

SwiftExplicitDependencyGeneratePcm arm64 /tmp/MYR175-Classify-Baseline-iOS/ModuleCache.noindex/CoreText-35M1XMTTAIK0TOF8N6IYLW6AW.pcm

SwiftDriver\ Compilation\ Requirements AnchoredSequenceCore normal arm64 com.apple.xcode.tools.swift.compiler (in target 'AnchoredSequenceCore' from project 'AnchoredSequenceCore')
    cd /Users/runner/work/MyRAM-iOS/MyRAM-iOS/Baseline/MyRAM.xcodeproj
    builtin-Swift-Compilation-Requirements -- /Applications/Xcode_26.5.app/Contents/Developer/Toolchains/XcodeDefault.xctoolchain/usr/bin/swiftc -module-name AnchoredSequenceCore -Onone @/tmp/MYR175-Classify-Baseline-iOS/Build/Intermediates.noindex/AnchoredSequenceCore.build/Debug-iphonesimulator/AnchoredSequenceCore.build/Objects-normal/arm64/AnchoredSequenceCore.SwiftFileList -DSWIFT_PACKAGE -DDEBUG -DSWIFT_MODULE_RESOURCE_BUNDLE_UNAVAILABLE -DXcode -plugin-path /Applications/Xcode_26.5.app/Contents/Developer/Toolchains/XcodeDefault.xctoolchain/usr/lib/swift/host/plugins/testing -enable-experimental-feature DebugDescriptionMacro -sdk /Applications/Xcode_26.5.app/Contents/Developer/Platforms/iPhoneSimulator.platform/Developer/SDKs/iPhoneSimulator26.5.sdk -target arm64-apple-ios17.0-simulator -g -module-cache-path /tmp/MYR175-Classify-Baseline-iOS/ModuleCache.noindex -Xfrontend -serialize-debugging-options -enable-testing -suppress-warnings -index-store-path /tmp/MYR175-Classify-Baseline-iOS/Index.noindex/DataStore -Xcc -D_LIBCPP_HARDENING_MODE\=_LIBCPP_HARDENING_MODE_DEBUG -swift-version 5 -I /tmp/MYR175-Classify-Baseline-iOS/Build/Products/Debug-iphonesimulator -Isystem /Applications/Xcode_26.5.app/Contents/Developer/Platforms/iPhoneSimulator.platform/Developer/usr/lib -F /tmp/MYR175-Classify-Baseline-iOS/Build/Products/Debug-iphonesimulator -F /Applications/Xcode_26.5.app/Contents/Developer/Platforms/iPhoneSimulator.platform/Developer/Library/Frameworks -F /Applications/Xcode_26.5.app/Contents/Developer/Platforms/iPhoneSimulator.platform/Developer/SDKs/iPhoneSimulator26.5.sdk/Developer/Library/Frameworks -c -j3 -enable-batch-mode -incremental -Xcc -ivfsstatcache -Xcc /tmp/MYR175-Classify-Baseline-iOS/SDKStatCaches.noindex/iphonesimulator26.5-23F73-688ef53f1462e2c8f657fdc38a81448ffb7d586738ff35573a713a18216ade27.sdkstatcache -output-file-map /tmp/MYR175-Classify-Baseline-iOS/Build/Intermediates.noindex/AnchoredSequenceCore.build/Debug-iphonesimulator/AnchoredSequenceCore.build/Objects-normal/arm64/AnchoredSequenceCore-OutputFileMap.json -use-frontend-parseable-output -save-temps -no-color-diagnostics -explicit-module-build -module-cache-path /tmp/MYR175-Classify-Baseline-iOS/Build/Intermediates.noindex/SwiftExplicitPrecompiledModules -clang-scanner-module-cache-path /tmp/MYR175-Classify-Baseline-iOS/ModuleCache.noindex -sdk-module-cache-path /tmp/MYR175-Classify-Baseline-iOS/ModuleCache.noindex -serialize-diagnostics -emit-dependencies -emit-module -emit-module-path /tmp/MYR175-Classify-Baseline-iOS/Build/Intermediates.noindex/AnchoredSequenceCore.build/Debug-iphonesimulator/AnchoredSequenceCore.build/Objects-normal/arm64/AnchoredSequenceCore.swiftmodule -validate-clang-modules-once -clang-build-session-file /tmp/MYR175-Classify-Baseline-iOS/ModuleCache.noindex/Session.modulevalidation -package-name anchoredsequencecore -Xcc -I/tmp/MYR175-Classify-Baseline-iOS/Build/Intermediates.noindex/AnchoredSequenceCore.build/Debug-iphonesimulator/AnchoredSequenceCore.build/swift-overrides.hmap -emit-const-values -Xfrontend -const-gather-protocols-file -Xfrontend /tmp/MYR175-Classify-Baseline-iOS/Build/Intermediates.noindex/AnchoredSequenceCore.build/Debug-iphonesimulator/AnchoredSequenceCore.build/Objects-normal/arm64/AnchoredSequenceCore_const_extract_protocols.json -Xcc -I/tmp/MYR175-Classify-Baseline-iOS/Build/Products/Debug-iphonesimulator/include -Xcc -I/tmp/MYR175-Classify-Baseline-iOS/Build/Intermediates.noindex/AnchoredSequenceCore.build/Debug-iphonesimulator/AnchoredSequenceCore.build/DerivedSources-normal/arm64 -Xcc -I/tmp/MYR175-Classify-Baseline-iOS/Build/Intermediates.noindex/AnchoredSequenceCore.build/Debug-iphonesimulator/AnchoredSequenceCore.build/DerivedSources/arm64 -Xcc -I/tmp/MYR175-Classify-Baseline-iOS/Build/Intermediates.noindex/AnchoredSequenceCore.build/Debug-iphonesimulator/AnchoredSequenceCore.build/DerivedSources -Xcc -DSWIFT_PACKAGE -Xcc -DDEBUG\=1 -emit-objc-header -emit-objc-header-path /tmp/MYR175-Classify-Baseline-iOS/Build/Intermediates.noindex/AnchoredSequenceCore.build/Debug-iphonesimulator/AnchoredSequenceCore.build/Objects-normal/arm64/AnchoredSequenceCore-Swift.h -working-directory /Users/runner/work/MyRAM-iOS/MyRAM-iOS/Baseline/MyRAM.xcodeproj -experimental-emit-module-separately -disable-cmo

SwiftCompile normal arm64 Compiling\ DebouncedChangeSender.swift,\ SyncEngine.swift /Users/runner/work/MyRAM-iOS/MyRAM-iOS/NearbySyncCore/Sources/NearbySyncCore/DebouncedChangeSender.swift /Users/runner/work/MyRAM-iOS/MyRAM-iOS/NearbySyncCore/Sources/NearbySyncCore/SyncEngine.swift (in target 'NearbySyncCore' from project 'NearbySyncCore')
SwiftCompile normal arm64 /Users/runner/work/MyRAM-iOS/MyRAM-iOS/NearbySyncCore/Sources/NearbySyncCore/DebouncedChangeSender.swift (in target 'NearbySyncCore' from project 'NearbySyncCore')
    cd /Users/runner/work/MyRAM-iOS/MyRAM-iOS/Baseline/MyRAM.xcodeproj
    

SwiftCompile normal arm64 /Users/runner/work/MyRAM-iOS/MyRAM-iOS/NearbySyncCore/Sources/NearbySyncCore/SyncEngine.swift (in target 'NearbySyncCore' from project 'NearbySyncCore')
    cd /Users/runner/work/MyRAM-iOS/MyRAM-iOS/Baseline/MyRAM.xcodeproj
    

SwiftMergeGeneratedHeaders /tmp/MYR175-Classify-Baseline-iOS/Build/Intermediates.noindex/GeneratedModuleMaps-iphonesimulator/NearbySyncCore-Swift.h /tmp/MYR175-Classify-Baseline-iOS/Build/Intermediates.noindex/NearbySyncCore.build/Debug-iphonesimulator/NearbySyncCore.build/Objects-normal/arm64/NearbySyncCore-Swift.h (in target 'NearbySyncCore' from project 'NearbySyncCore')
    cd /Users/runner/work/MyRAM-iOS/MyRAM-iOS/NearbySyncCore
    builtin-swiftHeaderTool -arch arm64 /tmp/MYR175-Classify-Baseline-iOS/Build/Intermediates.noindex/NearbySyncCore.build/Debug-iphonesimulator/NearbySyncCore.build/Objects-normal/arm64/NearbySyncCore-Swift.h -o /tmp/MYR175-Classify-Baseline-iOS/Build/Intermediates.noindex/GeneratedModuleMaps-iphonesimulator/NearbySyncCore-Swift.h

Copy /tmp/MYR175-Classify-Baseline-iOS/Build/Products/Debug-iphonesimulator/NearbySyncCore.swiftmodule/arm64-apple-ios-simulator.swiftmodule /tmp/MYR175-Classify-Baseline-iOS/Build/Intermediates.noindex/NearbySyncCore.build/Debug-iphonesimulator/NearbySyncCore.build/Objects-normal/arm64/NearbySyncCore.swiftmodule (in target 'NearbySyncCore' from project 'NearbySyncCore')
    cd /Users/runner/work/MyRAM-iOS/MyRAM-iOS/NearbySyncCore
    builtin-copy -exclude .DS_Store -exclude CVS -exclude .svn -exclude .git -exclude .hg -resolve-src-symlinks -rename /tmp/MYR175-Classify-Baseline-iOS/Build/Intermediates.noindex/NearbySyncCore.build/Debug-iphonesimulator/NearbySyncCore.build/Objects-normal/arm64/NearbySyncCore.swiftmodule /tmp/MYR175-Classify-Baseline-iOS/Build/Products/Debug-iphonesimulator/NearbySyncCore.swiftmodule/arm64-apple-ios-simulator.swiftmodule

Copy /tmp/MYR175-Classify-Baseline-iOS/Build/Products/Debug-iphonesimulator/NearbySyncCore.swiftmodule/arm64-apple-ios-simulator.swiftdoc /tmp/MYR175-Classify-Baseline-iOS/Build/Intermediates.noindex/NearbySyncCore.build/Debug-iphonesimulator/NearbySyncCore.build/Objects-normal/arm64/NearbySyncCore.swiftdoc (in target 'NearbySyncCore' from project 'NearbySyncCore')
    cd /Users/runner/work/MyRAM-iOS/MyRAM-iOS/NearbySyncCore
    builtin-copy -exclude .DS_Store -exclude CVS -exclude .svn -exclude .git -exclude .hg -resolve-src-symlinks -rename /tmp/MYR175-Classify-Baseline-iOS/Build/Intermediates.noindex/NearbySyncCore.build/Debug-iphonesimulator/NearbySyncCore.build/Objects-normal/arm64/NearbySyncCore.swiftdoc /tmp/MYR175-Classify-Baseline-iOS/Build/Products/Debug-iphonesimulator/NearbySyncCore.swiftmodule/arm64-apple-ios-simulator.swiftdoc

Copy /tmp/MYR175-Classify-Baseline-iOS/Build/Products/Debug-iphonesimulator/NearbySyncCore.swiftmodule/arm64-apple-ios-simulator.abi.json /tmp/MYR175-Classify-Baseline-iOS/Build/Intermediates.noindex/NearbySyncCore.build/Debug-iphonesimulator/NearbySyncCore.build/Objects-normal/arm64/NearbySyncCore.abi.json (in target 'NearbySyncCore' from project 'NearbySyncCore')
    cd /Users/runner/work/MyRAM-iOS/MyRAM-iOS/NearbySyncCore
    builtin-copy -exclude .DS_Store -exclude CVS -exclude .svn -exclude .git -exclude .hg -resolve-src-symlinks -rename /tmp/MYR175-Classify-Baseline-iOS/Build/Intermediates.noindex/NearbySyncCore.build/Debug-iphonesimulator/NearbySyncCore.build/Objects-normal/arm64/NearbySyncCore.abi.json /tmp/MYR175-Classify-Baseline-iOS/Build/Products/Debug-iphonesimulator/NearbySyncCore.swiftmodule/arm64-apple-ios-simulator.abi.json

Copy /tmp/MYR175-Classify-Baseline-iOS/Build/Products/Debug-iphonesimulator/NearbySyncCore.swiftmodule/Project/arm64-apple-ios-simulator.swiftsourceinfo /tmp/MYR175-Classify-Baseline-iOS/Build/Intermediates.noindex/NearbySyncCore.build/Debug-iphonesimulator/NearbySyncCore.build/Objects-normal/arm64/NearbySyncCore.swiftsourceinfo (in target 'NearbySyncCore' from project 'NearbySyncCore')
    cd /Users/runner/work/MyRAM-iOS/MyRAM-iOS/NearbySyncCore
    builtin-copy -exclude .DS_Store -exclude CVS -exclude .svn -exclude .git -exclude .hg -resolve-src-symlinks -rename /tmp/MYR175-Classify-Baseline-iOS/Build/Intermediates.noindex/NearbySyncCore.build/Debug-iphonesimulator/NearbySyncCore.build/Objects-normal/arm64/NearbySyncCore.swiftsourceinfo /tmp/MYR175-Classify-Baseline-iOS/Build/Products/Debug-iphonesimulator/NearbySyncCore.swiftmodule/Project/arm64-apple-ios-simulator.swiftsourceinfo

SwiftMergeGeneratedHeaders /tmp/MYR175-Classify-Baseline-iOS/Build/Intermediates.noindex/GeneratedModuleMaps-iphonesimulator/AnchoredSequenceCore-Swift.h /tmp/MYR175-Classify-Baseline-iOS/Build/Intermediates.noindex/AnchoredSequenceCore.build/Debug-iphonesimulator/AnchoredSequenceCore.build/Objects-normal/arm64/AnchoredSequenceCore-Swift.h (in target 'AnchoredSequenceCore' from project 'AnchoredSequenceCore')
    cd /Users/runner/work/MyRAM-iOS/MyRAM-iOS/Baseline/Packages/AnchoredSequenceCore
    builtin-swiftHeaderTool -arch arm64 /tmp/MYR175-Classify-Baseline-iOS/Build/Intermediates.noindex/AnchoredSequenceCore.build/Debug-iphonesimulator/AnchoredSequenceCore.build/Objects-normal/arm64/AnchoredSequenceCore-Swift.h -o /tmp/MYR175-Classify-Baseline-iOS/Build/Intermediates.noindex/GeneratedModuleMaps-iphonesimulator/AnchoredSequenceCore-Swift.h

Copy /tmp/MYR175-Classify-Baseline-iOS/Build/Products/Debug-iphonesimulator/AnchoredSequenceCore.swiftmodule/arm64-apple-ios-simulator.swiftmodule /tmp/MYR175-Classify-Baseline-iOS/Build/Intermediates.noindex/AnchoredSequenceCore.build/Debug-iphonesimulator/AnchoredSequenceCore.build/Objects-normal/arm64/AnchoredSequenceCore.swiftmodule (in target 'AnchoredSequenceCore' from project 'AnchoredSequenceCore')
    cd /Users/runner/work/MyRAM-iOS/MyRAM-iOS/Baseline/Packages/AnchoredSequenceCore
    builtin-copy -exclude .DS_Store -exclude CVS -exclude .svn -exclude .git -exclude .hg -resolve-src-symlinks -rename /tmp/MYR175-Classify-Baseline-iOS/Build/Intermediates.noindex/AnchoredSequenceCore.build/Debug-iphonesimulator/AnchoredSequenceCore.build/Objects-normal/arm64/AnchoredSequenceCore.swiftmodule /tmp/MYR175-Classify-Baseline-iOS/Build/Products/Debug-iphonesimulator/AnchoredSequenceCore.swiftmodule/arm64-apple-ios-simulator.swiftmodule

Copy /tmp/MYR175-Classify-Baseline-iOS/Build/Products/Debug-iphonesimulator/AnchoredSequenceCore.swiftmodule/arm64-apple-ios-simulator.swiftdoc /tmp/MYR175-Classify-Baseline-iOS/Build/Intermediates.noindex/AnchoredSequenceCore.build/Debug-iphonesimulator/AnchoredSequenceCore.build/Objects-normal/arm64/AnchoredSequenceCore.swiftdoc (in target 'AnchoredSequenceCore' from project 'AnchoredSequenceCore')
    cd /Users/runner/work/MyRAM-iOS/MyRAM-iOS/Baseline/Packages/AnchoredSequenceCore
    builtin-copy -exclude .DS_Store -exclude CVS -exclude .svn -exclude .git -exclude .hg -resolve-src-symlinks -rename /tmp/MYR175-Classify-Baseline-iOS/Build/Intermediates.noindex/AnchoredSequenceCore.build/Debug-iphonesimulator/AnchoredSequenceCore.build/Objects-normal/arm64/AnchoredSequenceCore.swiftdoc /tmp/MYR175-Classify-Baseline-iOS/Build/Products/Debug-iphonesimulator/AnchoredSequenceCore.swiftmodule/arm64-apple-ios-simulator.swiftdoc

Copy /tmp/MYR175-Classify-Baseline-iOS/Build/Products/Debug-iphonesimulator/AnchoredSequenceCore.swiftmodule/arm64-apple-ios-simulator.abi.json /tmp/MYR175-Classify-Baseline-iOS/Build/Intermediates.noindex/AnchoredSequenceCore.build/Debug-iphonesimulator/AnchoredSequenceCore.build/Objects-normal/arm64/AnchoredSequenceCore.abi.json (in target 'AnchoredSequenceCore' from project 'AnchoredSequenceCore')
    cd /Users/runner/work/MyRAM-iOS/MyRAM-iOS/Baseline/Packages/AnchoredSequenceCore
    builtin-copy -exclude .DS_Store -exclude CVS -exclude .svn -exclude .git -exclude .hg -resolve-src-symlinks -rename /tmp/MYR175-Classify-Baseline-iOS/Build/Intermediates.noindex/AnchoredSequenceCore.build/Debug-iphonesimulator/AnchoredSequenceCore.build/Objects-normal/arm64/AnchoredSequenceCore.abi.json /tmp/MYR175-Classify-Baseline-iOS/Build/Products/Debug-iphonesimulator/AnchoredSequenceCore.swiftmodule/arm64-apple-ios-simulator.abi.json

Copy /tmp/MYR175-Classify-Baseline-iOS/Build/Products/Debug-iphonesimulator/AnchoredSequenceCore.swiftmodule/Project/arm64-apple-ios-simulator.swiftsourceinfo /tmp/MYR175-Classify-Baseline-iOS/Build/Intermediates.noindex/AnchoredSequenceCore.build/Debug-iphonesimulator/AnchoredSequenceCore.build/Objects-normal/arm64/AnchoredSequenceCore.swiftsourceinfo (in target 'AnchoredSequenceCore' from project 'AnchoredSequenceCore')
    cd /Users/runner/work/MyRAM-iOS/MyRAM-iOS/Baseline/Packages/AnchoredSequenceCore
    builtin-copy -exclude .DS_Store -exclude CVS -exclude .svn -exclude .git -exclude .hg -resolve-src-symlinks -rename /tmp/MYR175-Classify-Baseline-iOS/Build/Intermediates.noindex/AnchoredSequenceCore.build/Debug-iphonesimulator/AnchoredSequenceCore.build/Objects-normal/arm64/AnchoredSequenceCore.swiftsourceinfo /tmp/MYR175-Classify-Baseline-iOS/Build/Products/Debug-iphonesimulator/AnchoredSequenceCore.swiftmodule/Project/arm64-apple-ios-simulator.swiftsourceinfo

SwiftCompile normal arm64 Compiling\ SyncModels.swift,\ SyncQueue.swift /Users/runner/work/MyRAM-iOS/MyRAM-iOS/NearbySyncCore/Sources/NearbySyncCore/SyncModels.swift /Users/runner/work/MyRAM-iOS/MyRAM-iOS/NearbySyncCore/Sources/NearbySyncCore/SyncQueue.swift (in target 'NearbySyncCore' from project 'NearbySyncCore')
SwiftCompile normal arm64 /Users/runner/work/MyRAM-iOS/MyRAM-iOS/NearbySyncCore/Sources/NearbySyncCore/SyncModels.swift (in target 'NearbySyncCore' from project 'NearbySyncCore')
    cd /Users/runner/work/MyRAM-iOS/MyRAM-iOS/Baseline/MyRAM.xcodeproj
    

SwiftCompile normal arm64 /Users/runner/work/MyRAM-iOS/MyRAM-iOS/NearbySyncCore/Sources/NearbySyncCore/SyncQueue.swift (in target 'NearbySyncCore' from project 'NearbySyncCore')
    cd /Users/runner/work/MyRAM-iOS/MyRAM-iOS/Baseline/MyRAM.xcodeproj
    

SwiftCompile normal arm64 Compiling\ SyncStore.swift,\ TrustedPeerStore.swift /Users/runner/work/MyRAM-iOS/MyRAM-iOS/NearbySyncCore/Sources/NearbySyncCore/SyncStore.swift /Users/runner/work/MyRAM-iOS/MyRAM-iOS/NearbySyncCore/Sources/NearbySyncCore/TrustedPeerStore.swift (in target 'NearbySyncCore' from project 'NearbySyncCore')

SwiftCompile normal arm64 /Users/runner/work/MyRAM-iOS/MyRAM-iOS/NearbySyncCore/Sources/NearbySyncCore/SyncStore.swift (in target 'NearbySyncCore' from project 'NearbySyncCore')
    cd /Users/runner/work/MyRAM-iOS/MyRAM-iOS/Baseline/MyRAM.xcodeproj
    

SwiftCompile normal arm64 /Users/runner/work/MyRAM-iOS/MyRAM-iOS/NearbySyncCore/Sources/NearbySyncCore/TrustedPeerStore.swift (in target 'NearbySyncCore' from project 'NearbySyncCore')
    cd /Users/runner/work/MyRAM-iOS/MyRAM-iOS/Baseline/MyRAM.xcodeproj
    

SwiftExplicitDependencyGeneratePcm arm64 /tmp/MYR175-Classify-Baseline-iOS/ModuleCache.noindex/AppIntents-E4W9QKPRZZLBGLJD8NGCNTMZB.pcm

SwiftDriverJobDiscovery normal arm64 Compiling DebouncedChangeSender.swift, SyncEngine.swift (in target 'NearbySyncCore' from project 'NearbySyncCore')

SwiftExplicitDependencyGeneratePcm arm64 /tmp/MYR175-Classify-Baseline-iOS/ModuleCache.noindex/UserNotifications-APODRCVGY0VP9TZAH4113MZF6.pcm

SwiftDriverJobDiscovery normal arm64 Compiling SyncStore.swift, TrustedPeerStore.swift (in target 'NearbySyncCore' from project 'NearbySyncCore')

SwiftExplicitDependencyGeneratePcm arm64 /tmp/MYR175-Classify-Baseline-iOS/ModuleCache.noindex/UniformTypeIdentifiers-CLZMW1IPM83IKNV0BWPEDXQ8H.pcm

SwiftExplicitDependencyGeneratePcm arm64 /tmp/MYR175-Classify-Baseline-iOS/ModuleCache.noindex/DataDetection-A62KT5ZJVE72M7RC40EWHHU2B.pcm

SwiftExplicitDependencyGeneratePcm arm64 /tmp/MYR175-Classify-Baseline-iOS/ModuleCache.noindex/CoreData-5PDCKAYWUSHYQXLCAS3KRTNED.pcm

SwiftExplicitDependencyGeneratePcm arm64 /tmp/MYR175-Classify-Baseline-iOS/ModuleCache.noindex/_LocationEssentials-B14J2RVRBYUP4QDIH7ZU4XQAO.pcm

SwiftExplicitDependencyGeneratePcm arm64 /tmp/MYR175-Classify-Baseline-iOS/ModuleCache.noindex/UIUtilities-LKDHXRI25E2C0OWLSQWY3ATJ.pcm

SwiftExplicitDependencyGeneratePcm arm64 /tmp/MYR175-Classify-Baseline-iOS/ModuleCache.noindex/CoreLocation-E7EOHVC24X8WXIHK3RJLN3E80.pcm

SwiftDriverJobDiscovery normal arm64 Compiling SyncModels.swift, SyncQueue.swift (in target 'NearbySyncCore' from project 'NearbySyncCore')

SwiftExplicitDependencyGeneratePcm arm64 /tmp/MYR175-Classify-Baseline-iOS/ModuleCache.noindex/CoreTransferable-4VIB9L97O3ANQRAS5ML962916.pcm

SwiftExplicitDependencyGeneratePcm arm64 /tmp/MYR175-Classify-Baseline-iOS/ModuleCache.noindex/Network-3LMFV0UG5CYUHO152B4LAN9UT.pcm

SwiftExplicitDependencyGeneratePcm arm64 /tmp/MYR175-Classify-Baseline-iOS/ModuleCache.noindex/Symbols-E4A19EOZLE14F522CCUGHDAZ3.pcm

SwiftExplicitDependencyGeneratePcm arm64 /tmp/MYR175-Classify-Baseline-iOS/ModuleCache.noindex/RelevanceKit-3QFUP8GTG6ZSRM9CTL9FFNRJF.pcm

SwiftExplicitDependencyGeneratePcm arm64 /tmp/MYR175-Classify-Baseline-iOS/ModuleCache.noindex/Intents-9X1PEWOA5FXD29WX3OUD9VSYB.pcm

SwiftExplicitDependencyGeneratePcm arm64 /tmp/MYR175-Classify-Baseline-iOS/ModuleCache.noindex/Accessibility-DAW5C8LWVPXZBQEZZDPWB1XQB.pcm

SwiftExplicitDependencyGeneratePcm arm64 /tmp/MYR175-Classify-Baseline-iOS/ModuleCache.noindex/FileProvider-6YSA83A7XTUNFKNS63UPTCXUO.pcm

SwiftExplicitDependencyGeneratePcm arm64 /tmp/MYR175-Classify-Baseline-iOS/ModuleCache.noindex/CoreSpotlight-CUM26KTAF810R35WOQO4V9BS0.pcm

SwiftExplicitDependencyGeneratePcm arm64 /tmp/MYR175-Classify-Baseline-iOS/ModuleCache.noindex/OpenGLES-BUTKXMB5FWOVEZI36KWKBR8UL.pcm

SwiftExplicitDependencyGeneratePcm arm64 /tmp/MYR175-Classify-Baseline-iOS/ModuleCache.noindex/OSLog-BFSYMR2NFBIG0A6VSJGJFPW1F.pcm

SwiftExplicitDependencyGeneratePcm arm64 /tmp/MYR175-Classify-Baseline-iOS/ModuleCache.noindex/IOSurface-6XEZBMUB0D809BJGOKSPIMLGH.pcm

SwiftExplicitDependencyGeneratePcm arm64 /tmp/MYR175-Classify-Baseline-iOS/ModuleCache.noindex/WidgetKit-D0VWGYSWP4Z9GZHD5WRZSCBTU.pcm

SwiftDriver\ Compilation NearbySyncCore normal arm64 com.apple.xcode.tools.swift.compiler (in target 'NearbySyncCore' from project 'NearbySyncCore')
    cd /Users/runner/work/MyRAM-iOS/MyRAM-iOS/Baseline/MyRAM.xcodeproj
    builtin-Swift-Compilation -- /Applications/Xcode_26.5.app/Contents/Developer/Toolchains/XcodeDefault.xctoolchain/usr/bin/swiftc -module-name NearbySyncCore -Onone @/tmp/MYR175-Classify-Baseline-iOS/Build/Intermediates.noindex/NearbySyncCore.build/Debug-iphonesimulator/NearbySyncCore.build/Objects-normal/arm64/NearbySyncCore.SwiftFileList -DSWIFT_PACKAGE -DDEBUG -DSWIFT_MODULE_RESOURCE_BUNDLE_UNAVAILABLE -DXcode -plugin-path /Applications/Xcode_26.5.app/Contents/Developer/Toolchains/XcodeDefault.xctoolchain/usr/lib/swift/host/plugins/testing -enable-experimental-feature DebugDescriptionMacro -sdk /Applications/Xcode_26.5.app/Contents/Developer/Platforms/iPhoneSimulator.platform/Developer/SDKs/iPhoneSimulator26.5.sdk -target arm64-apple-ios17.0-simulator -g -module-cache-path /tmp/MYR175-Classify-Baseline-iOS/ModuleCache.noindex -Xfrontend -serialize-debugging-options -enable-testing -suppress-warnings -index-store-path /tmp/MYR175-Classify-Baseline-iOS/Index.noindex/DataStore -Xcc -D_LIBCPP_HARDENING_MODE\=_LIBCPP_HARDENING_MODE_DEBUG -swift-version 5 -I /tmp/MYR175-Classify-Baseline-iOS/Build/Products/Debug-iphonesimulator -Isystem /Applications/Xcode_26.5.app/Contents/Developer/Platforms/iPhoneSimulator.platform/Developer/usr/lib -F /tmp/MYR175-Classify-Baseline-iOS/Build/Products/Debug-iphonesimulator -F /Applications/Xcode_26.5.app/Contents/Developer/Platforms/iPhoneSimulator.platform/Developer/Library/Frameworks -F /Applications/Xcode_26.5.app/Contents/Developer/Platforms/iPhoneSimulator.platform/Developer/SDKs/iPhoneSimulator26.5.sdk/Developer/Library/Frameworks -c -j3 -enable-batch-mode -incremental -Xcc -ivfsstatcache -Xcc /tmp/MYR175-Classify-Baseline-iOS/SDKStatCaches.noindex/iphonesimulator26.5-23F73-688ef53f1462e2c8f657fdc38a81448ffb7d586738ff35573a713a18216ade27.sdkstatcache -output-file-map /tmp/MYR175-Classify-Baseline-iOS/Build/Intermediates.noindex/NearbySyncCore.build/Debug-iphonesimulator/NearbySyncCore.build/Objects-normal/arm64/NearbySyncCore-OutputFileMap.json -use-frontend-parseable-output -save-temps -no-color-diagnostics -explicit-module-build -module-cache-path /tmp/MYR175-Classify-Baseline-iOS/Build/Intermediates.noindex/SwiftExplicitPrecompiledModules -clang-scanner-module-cache-path /tmp/MYR175-Classify-Baseline-iOS/ModuleCache.noindex -sdk-module-cache-path /tmp/MYR175-Classify-Baseline-iOS/ModuleCache.noindex -serialize-diagnostics -emit-dependencies -emit-module -emit-module-path /tmp/MYR175-Classify-Baseline-iOS/Build/Intermediates.noindex/NearbySyncCore.build/Debug-iphonesimulator/NearbySyncCore.build/Objects-normal/arm64/NearbySyncCore.swiftmodule -validate-clang-modules-once -clang-build-session-file /tmp/MYR175-Classify-Baseline-iOS/ModuleCache.noindex/Session.modulevalidation -package-name nearbysynccore -Xcc -I/tmp/MYR175-Classify-Baseline-iOS/Build/Intermediates.noindex/NearbySyncCore.build/Debug-iphonesimulator/NearbySyncCore.build/swift-overrides.hmap -emit-const-values -Xfrontend -const-gather-protocols-file -Xfrontend /tmp/MYR175-Classify-Baseline-iOS/Build/Intermediates.noindex/NearbySyncCore.build/Debug-iphonesimulator/NearbySyncCore.build/Objects-normal/arm64/NearbySyncCore_const_extract_protocols.json -Xcc -I/tmp/MYR175-Classify-Baseline-iOS/Build/Products/Debug-iphonesimulator/include -Xcc -I/tmp/MYR175-Classify-Baseline-iOS/Build/Intermediates.noindex/NearbySyncCore.build/Debug-iphonesimulator/NearbySyncCore.build/DerivedSources-normal/arm64 -Xcc -I/tmp/MYR175-Classify-Baseline-iOS/Build/Intermediates.noindex/NearbySyncCore.build/Debug-iphonesimulator/NearbySyncCore.build/DerivedSources/arm64 -Xcc -I/tmp/MYR175-Classify-Baseline-iOS/Build/Intermediates.noindex/NearbySyncCore.build/Debug-iphonesimulator/NearbySyncCore.build/DerivedSources -Xcc -DSWIFT_PACKAGE -Xcc -DDEBUG\=1 -emit-objc-header -emit-objc-header-path /tmp/MYR175-Classify-Baseline-iOS/Build/Intermediates.noindex/NearbySyncCore.build/Debug-iphonesimulator/NearbySyncCore.build/Objects-normal/arm64/NearbySyncCore-Swift.h -working-directory /Users/runner/work/MyRAM-iOS/MyRAM-iOS/Baseline/MyRAM.xcodeproj -experimental-emit-module-separately -disable-cmo

SwiftCompile normal arm64 Compiling\ SyncTextSequenceState.swift /Users/runner/work/MyRAM-iOS/MyRAM-iOS/Baseline/Packages/AnchoredSequenceCore/Sources/AnchoredSequenceCore/SyncTextSequenceState.swift (in target 'AnchoredSequenceCore' from project 'AnchoredSequenceCore')

SwiftCompile normal arm64 /Users/runner/work/MyRAM-iOS/MyRAM-iOS/Baseline/Packages/AnchoredSequenceCore/Sources/AnchoredSequenceCore/SyncTextSequenceState.swift (in target 'AnchoredSequenceCore' from project 'AnchoredSequenceCore')
    cd /Users/runner/work/MyRAM-iOS/MyRAM-iOS/Baseline/MyRAM.xcodeproj
    

SwiftExplicitDependencyGeneratePcm arm64 /tmp/MYR175-Classify-Baseline-iOS/ModuleCache.noindex/Metal-AS712BVWJ4KZ0VEUMD1IS1BTQ.pcm

SwiftCompile normal arm64 Compiling\ SyncTextLegacyBootstrap.swift,\ SyncTextOperationPayload.swift /Users/runner/work/MyRAM-iOS/MyRAM-iOS/Baseline/Packages/AnchoredSequenceCore/Sources/AnchoredSequenceCore/SyncTextLegacyBootstrap.swift /Users/runner/work/MyRAM-iOS/MyRAM-iOS/Baseline/Packages/AnchoredSequenceCore/Sources/AnchoredSequenceCore/SyncTextOperationPayload.swift (in target 'AnchoredSequenceCore' from project 'AnchoredSequenceCore')
SwiftCompile normal arm64 /Users/runner/work/MyRAM-iOS/MyRAM-iOS/Baseline/Packages/AnchoredSequenceCore/Sources/AnchoredSequenceCore/SyncTextLegacyBootstrap.swift (in target 'AnchoredSequenceCore' from project 'AnchoredSequenceCore')
    cd /Users/runner/work/MyRAM-iOS/MyRAM-iOS/Baseline/MyRAM.xcodeproj
    

SwiftCompile normal arm64 /Users/runner/work/MyRAM-iOS/MyRAM-iOS/Baseline/Packages/AnchoredSequenceCore/Sources/AnchoredSequenceCore/SyncTextOperationPayload.swift (in target 'AnchoredSequenceCore' from project 'AnchoredSequenceCore')
    cd /Users/runner/work/MyRAM-iOS/MyRAM-iOS/Baseline/MyRAM.xcodeproj
    

SwiftCompile normal arm64 Compiling\ SyncActorSequenceReservation.swift,\ SyncSequenceIdentity.swift /Users/runner/work/MyRAM-iOS/MyRAM-iOS/Baseline/Packages/AnchoredSequenceCore/Sources/AnchoredSequenceCore/SyncActorSequenceReservation.swift /Users/runner/work/MyRAM-iOS/MyRAM-iOS/Baseline/Packages/AnchoredSequenceCore/Sources/AnchoredSequenceCore/SyncSequenceIdentity.swift (in target 'AnchoredSequenceCore' from project 'AnchoredSequenceCore')

SwiftCompile normal arm64 /Users/runner/work/MyRAM-iOS/MyRAM-iOS/Baseline/Packages/AnchoredSequenceCore/Sources/AnchoredSequenceCore/SyncActorSequenceReservation.swift (in target 'AnchoredSequenceCore' from project 'AnchoredSequenceCore')
    cd /Users/runner/work/MyRAM-iOS/MyRAM-iOS/Baseline/MyRAM.xcodeproj
    

SwiftCompile normal arm64 /Users/runner/work/MyRAM-iOS/MyRAM-iOS/Baseline/Packages/AnchoredSequenceCore/Sources/AnchoredSequenceCore/SyncSequenceIdentity.swift (in target 'AnchoredSequenceCore' from project 'AnchoredSequenceCore')
    cd /Users/runner/work/MyRAM-iOS/MyRAM-iOS/Baseline/MyRAM.xcodeproj
    

SwiftExplicitDependencyGeneratePcm arm64 /tmp/MYR175-Classify-Baseline-iOS/ModuleCache.noindex/CoreVideo-41VTVTFOOZSSLY26QVBDNWZHW.pcm

SwiftDriverJobDiscovery normal arm64 Compiling SyncActorSequenceReservation.swift, SyncSequenceIdentity.swift (in target 'AnchoredSequenceCore' from project 'AnchoredSequenceCore')

SwiftExplicitDependencyGeneratePcm arm64 /tmp/MYR175-Classify-Baseline-iOS/ModuleCache.noindex/QuartzCore-82TPHPEQ9LSATDCUSDO5J0RXI.pcm

SwiftExplicitDependencyGeneratePcm arm64 /tmp/MYR175-Classify-Baseline-iOS/ModuleCache.noindex/CoreImage-EAF5A8P87F99M7W8R0JKH2T74.pcm

SwiftDriverJobDiscovery normal arm64 Compiling SyncTextSequenceState.swift (in target 'AnchoredSequenceCore' from project 'AnchoredSequenceCore')

SwiftDriverJobDiscovery normal arm64 Compiling SyncTextLegacyBootstrap.swift, SyncTextOperationPayload.swift (in target 'AnchoredSequenceCore' from project 'AnchoredSequenceCore')

Ld /tmp/MYR175-Classify-Baseline-iOS/Build/Products/Debug-iphonesimulator/NearbySyncCore.o normal (in target 'NearbySyncCore' from project 'NearbySyncCore')
    cd /Users/runner/work/MyRAM-iOS/MyRAM-iOS/NearbySyncCore
    /Applications/Xcode_26.5.app/Contents/Developer/Toolchains/XcodeDefault.xctoolchain/usr/bin/clang -Xlinker -reproducible -target arm64-apple-ios17.0-simulator -r -isysroot /Applications/Xcode_26.5.app/Contents/Developer/Platforms/iPhoneSimulator.platform/Developer/SDKs/iPhoneSimulator26.5.sdk -O0 -w -F/tmp/MYR175-Classify-Baseline-iOS/Build/Intermediates.noindex/EagerLinkingTBDs/Debug-iphonesimulator -F/tmp/MYR175-Classify-Baseline-iOS/Build/Products/Debug-iphonesimulator -iframework /Applications/Xcode_26.5.app/Contents/Developer/Platforms/iPhoneSimulator.platform/Developer/Library/Frameworks -iframework /Applications/Xcode_26.5.app/Contents/Developer/Platforms/iPhoneSimulator.platform/Developer/SDKs/iPhoneSimulator26.5.sdk/Developer/Library/Frameworks -filelist /tmp/MYR175-Classify-Baseline-iOS/Build/Intermediates.noindex/NearbySyncCore.build/Debug-iphonesimulator/NearbySyncCore.build/Objects-normal/arm64/NearbySyncCore.LinkFileList -nostdlib -Xlinker -object_path_lto -Xlinker /tmp/MYR175-Classify-Baseline-iOS/Build/Intermediates.noindex/NearbySyncCore.build/Debug-iphonesimulator/NearbySyncCore.build/Objects-normal/arm64/NearbySyncCore_lto.o -Xlinker -no_deduplicate -Xlinker -objc_abi_version -Xlinker 2 -Xlinker -dependency_info -Xlinker /tmp/MYR175-Classify-Baseline-iOS/Build/Intermediates.noindex/NearbySyncCore.build/Debug-iphonesimulator/NearbySyncCore.build/Objects-normal/arm64/NearbySyncCore_dependency_info.dat -fobjc-link-runtime -L/Applications/Xcode_26.5.app/Contents/Developer/Toolchains/XcodeDefault.xctoolchain/usr/lib/swift/iphonesimulator -L/usr/lib/swift -Xlinker -add_ast_path -Xlinker /tmp/MYR175-Classify-Baseline-iOS/Build/Intermediates.noindex/NearbySyncCore.build/Debug-iphonesimulator/NearbySyncCore.build/Objects-normal/arm64/NearbySyncCore.swiftmodule @/tmp/MYR175-Classify-Baseline-iOS/Build/Intermediates.noindex/NearbySyncCore.build/Debug-iphonesimulator/NearbySyncCore.build/Objects-normal/arm64/NearbySyncCore-linker-args.resp -o /tmp/MYR175-Classify-Baseline-iOS/Build/Products/Debug-iphonesimulator/NearbySyncCore.o

SwiftDriver\ Compilation AnchoredSequenceCore normal arm64 com.apple.xcode.tools.swift.compiler (in target 'AnchoredSequenceCore' from project 'AnchoredSequenceCore')
    cd /Users/runner/work/MyRAM-iOS/MyRAM-iOS/Baseline/MyRAM.xcodeproj
    builtin-Swift-Compilation -- /Applications/Xcode_26.5.app/Contents/Developer/Toolchains/XcodeDefault.xctoolchain/usr/bin/swiftc -module-name AnchoredSequenceCore -Onone @/tmp/MYR175-Classify-Baseline-iOS/Build/Intermediates.noindex/AnchoredSequenceCore.build/Debug-iphonesimulator/AnchoredSequenceCore.build/Objects-normal/arm64/AnchoredSequenceCore.SwiftFileList -DSWIFT_PACKAGE -DDEBUG -DSWIFT_MODULE_RESOURCE_BUNDLE_UNAVAILABLE -DXcode -plugin-path /Applications/Xcode_26.5.app/Contents/Developer/Toolchains/XcodeDefault.xctoolchain/usr/lib/swift/host/plugins/testing -enable-experimental-feature DebugDescriptionMacro -sdk /Applications/Xcode_26.5.app/Contents/Developer/Platforms/iPhoneSimulator.platform/Developer/SDKs/iPhoneSimulator26.5.sdk -target arm64-apple-ios17.0-simulator -g -module-cache-path /tmp/MYR175-Classify-Baseline-iOS/ModuleCache.noindex -Xfrontend -serialize-debugging-options -enable-testing -suppress-warnings -index-store-path /tmp/MYR175-Classify-Baseline-iOS/Index.noindex/DataStore -Xcc -D_LIBCPP_HARDENING_MODE\=_LIBCPP_HARDENING_MODE_DEBUG -swift-version 5 -I /tmp/MYR175-Classify-Baseline-iOS/Build/Products/Debug-iphonesimulator -Isystem /Applications/Xcode_26.5.app/Contents/Developer/Platforms/iPhoneSimulator.platform/Developer/usr/lib -F /tmp/MYR175-Classify-Baseline-iOS/Build/Products/Debug-iphonesimulator -F /Applications/Xcode_26.5.app/Contents/Developer/Platforms/iPhoneSimulator.platform/Developer/Library/Frameworks -F /Applications/Xcode_26.5.app/Contents/Developer/Platforms/iPhoneSimulator.platform/Developer/SDKs/iPhoneSimulator26.5.sdk/Developer/Library/Frameworks -c -j3 -enable-batch-mode -incremental -Xcc -ivfsstatcache -Xcc /tmp/MYR175-Classify-Baseline-iOS/SDKStatCaches.noindex/iphonesimulator26.5-23F73-688ef53f1462e2c8f657fdc38a81448ffb7d586738ff35573a713a18216ade27.sdkstatcache -output-file-map /tmp/MYR175-Classify-Baseline-iOS/Build/Intermediates.noindex/AnchoredSequenceCore.build/Debug-iphonesimulator/AnchoredSequenceCore.build/Objects-normal/arm64/AnchoredSequenceCore-OutputFileMap.json -use-frontend-parseable-output -save-temps -no-color-diagnostics -explicit-module-build -module-cache-path /tmp/MYR175-Classify-Baseline-iOS/Build/Intermediates.noindex/SwiftExplicitPrecompiledModules -clang-scanner-module-cache-path /tmp/MYR175-Classify-Baseline-iOS/ModuleCache.noindex -sdk-module-cache-path /tmp/MYR175-Classify-Baseline-iOS/ModuleCache.noindex -serialize-diagnostics -emit-dependencies -emit-module -emit-module-path /tmp/MYR175-Classify-Baseline-iOS/Build/Intermediates.noindex/AnchoredSequenceCore.build/Debug-iphonesimulator/AnchoredSequenceCore.build/Objects-normal/arm64/AnchoredSequenceCore.swiftmodule -validate-clang-modules-once -clang-build-session-file /tmp/MYR175-Classify-Baseline-iOS/ModuleCache.noindex/Session.modulevalidation -package-name anchoredsequencecore -Xcc -I/tmp/MYR175-Classify-Baseline-iOS/Build/Intermediates.noindex/AnchoredSequenceCore.build/Debug-iphonesimulator/AnchoredSequenceCore.build/swift-overrides.hmap -emit-const-values -Xfrontend -const-gather-protocols-file -Xfrontend /tmp/MYR175-Classify-Baseline-iOS/Build/Intermediates.noindex/AnchoredSequenceCore.build/Debug-iphonesimulator/AnchoredSequenceCore.build/Objects-normal/arm64/AnchoredSequenceCore_const_extract_protocols.json -Xcc -I/tmp/MYR175-Classify-Baseline-iOS/Build/Products/Debug-iphonesimulator/include -Xcc -I/tmp/MYR175-Classify-Baseline-iOS/Build/Intermediates.noindex/AnchoredSequenceCore.build/Debug-iphonesimulator/AnchoredSequenceCore.build/DerivedSources-normal/arm64 -Xcc -I/tmp/MYR175-Classify-Baseline-iOS/Build/Intermediates.noindex/AnchoredSequenceCore.build/Debug-iphonesimulator/AnchoredSequenceCore.build/DerivedSources/arm64 -Xcc -I/tmp/MYR175-Classify-Baseline-iOS/Build/Intermediates.noindex/AnchoredSequenceCore.build/Debug-iphonesimulator/AnchoredSequenceCore.build/DerivedSources -Xcc -DSWIFT_PACKAGE -Xcc -DDEBUG\=1 -emit-objc-header -emit-objc-header-path /tmp/MYR175-Classify-Baseline-iOS/Build/Intermediates.noindex/AnchoredSequenceCore.build/Debug-iphonesimulator/AnchoredSequenceCore.build/Objects-normal/arm64/AnchoredSequenceCore-Swift.h -working-directory /Users/runner/work/MyRAM-iOS/MyRAM-iOS/Baseline/MyRAM.xcodeproj -experimental-emit-module-separately -disable-cmo

SwiftExplicitDependencyGeneratePcm arm64 /tmp/MYR175-Classify-Baseline-iOS/ModuleCache.noindex/SwiftUICore-EGKBRQZSTDKV25B3FCSXXC0SX.pcm

Ld /tmp/MYR175-Classify-Baseline-iOS/Build/Products/Debug-iphonesimulator/AnchoredSequenceCore.o normal (in target 'AnchoredSequenceCore' from project 'AnchoredSequenceCore')
    cd /Users/runner/work/MyRAM-iOS/MyRAM-iOS/Baseline/Packages/AnchoredSequenceCore
    /Applications/Xcode_26.5.app/Contents/Developer/Toolchains/XcodeDefault.xctoolchain/usr/bin/clang -Xlinker -reproducible -target arm64-apple-ios17.0-simulator -r -isysroot /Applications/Xcode_26.5.app/Contents/Developer/Platforms/iPhoneSimulator.platform/Developer/SDKs/iPhoneSimulator26.5.sdk -O0 -w -F/tmp/MYR175-Classify-Baseline-iOS/Build/Intermediates.noindex/EagerLinkingTBDs/Debug-iphonesimulator -F/tmp/MYR175-Classify-Baseline-iOS/Build/Products/Debug-iphonesimulator -iframework /Applications/Xcode_26.5.app/Contents/Developer/Platforms/iPhoneSimulator.platform/Developer/Library/Frameworks -iframework /Applications/Xcode_26.5.app/Contents/Developer/Platforms/iPhoneSimulator.platform/Developer/SDKs/iPhoneSimulator26.5.sdk/Developer/Library/Frameworks -filelist /tmp/MYR175-Classify-Baseline-iOS/Build/Intermediates.noindex/AnchoredSequenceCore.build/Debug-iphonesimulator/AnchoredSequenceCore.build/Objects-normal/arm64/AnchoredSequenceCore.LinkFileList -nostdlib -Xlinker -object_path_lto -Xlinker /tmp/MYR175-Classify-Baseline-iOS/Build/Intermediates.noindex/AnchoredSequenceCore.build/Debug-iphonesimulator/AnchoredSequenceCore.build/Objects-normal/arm64/AnchoredSequenceCore_lto.o -Xlinker -no_deduplicate -Xlinker -objc_abi_version -Xlinker 2 -Xlinker -dependency_info -Xlinker /tmp/MYR175-Classify-Baseline-iOS/Build/Intermediates.noindex/AnchoredSequenceCore.build/Debug-iphonesimulator/AnchoredSequenceCore.build/Objects-normal/arm64/AnchoredSequenceCore_dependency_info.dat -fobjc-link-runtime -L/Applications/Xcode_26.5.app/Contents/Developer/Toolchains/XcodeDefault.xctoolchain/usr/lib/swift/iphonesimulator -L/usr/lib/swift -Xlinker -add_ast_path -Xlinker /tmp/MYR175-Classify-Baseline-iOS/Build/Intermediates.noindex/AnchoredSequenceCore.build/Debug-iphonesimulator/AnchoredSequenceCore.build/Objects-normal/arm64/AnchoredSequenceCore.swiftmodule @/tmp/MYR175-Classify-Baseline-iOS/Build/Intermediates.noindex/AnchoredSequenceCore.build/Debug-iphonesimulator/AnchoredSequenceCore.build/Objects-normal/arm64/AnchoredSequenceCore-linker-args.resp -o /tmp/MYR175-Classify-Baseline-iOS/Build/Products/Debug-iphonesimulator/AnchoredSequenceCore.o

SwiftExplicitDependencyGeneratePcm arm64 /tmp/MYR175-Classify-Baseline-iOS/ModuleCache.noindex/UIKit-3SENXZUONQ927MMFI4TDGYJK8.pcm

ExtractAppIntentsMetadata (in target 'NearbySyncCore' from project 'NearbySyncCore')
    cd /Users/runner/work/MyRAM-iOS/MyRAM-iOS/NearbySyncCore
    /Applications/Xcode_26.5.app/Contents/Developer/Toolchains/XcodeDefault.xctoolchain/usr/bin/appintentsmetadataprocessor --toolchain-dir /var/run/com.apple.security.cryptexd/mnt/com.apple.MobileAsset.MetalToolchain-v17.6.42.0.IemA5J/Metal.xctoolchain --module-name NearbySyncCore --sdk-root /Applications/Xcode_26.5.app/Contents/Developer/Platforms/iPhoneSimulator.platform/Developer/SDKs/iPhoneSimulator26.5.sdk --xcode-version 17F42 --platform-family iOS --deployment-target 17.0 --bundle-identifier nearbysynccore.NearbySyncCore --output /tmp/MYR175-Classify-Baseline-iOS/Build/Products/Debug-iphonesimulator/NearbySyncCore.appintents --target-triple arm64-apple-ios17.0-simulator --binary-file /tmp/MYR175-Classify-Baseline-iOS/Build/Products/Debug-iphonesimulator/NearbySyncCore.o --dependency-file /tmp/MYR175-Classify-Baseline-iOS/Build/Intermediates.noindex/NearbySyncCore.build/Debug-iphonesimulator/NearbySyncCore.build/Objects-normal/arm64/NearbySyncCore_dependency_info.dat --stringsdata-file /tmp/MYR175-Classify-Baseline-iOS/Build/Intermediates.noindex/NearbySyncCore.build/Debug-iphonesimulator/NearbySyncCore.build/Objects-normal/arm64/ExtractedAppShortcutsMetadata.stringsdata --source-file-list /tmp/MYR175-Classify-Baseline-iOS/Build/Intermediates.noindex/NearbySyncCore.build/Debug-iphonesimulator/NearbySyncCore.build/Objects-normal/arm64/NearbySyncCore.SwiftFileList --metadata-file-list /tmp/MYR175-Classify-Baseline-iOS/Build/Intermediates.noindex/NearbySyncCore.build/Debug-iphonesimulator/NearbySyncCore.build/NearbySyncCore.DependencyMetadataFileList --static-metadata-file-list /tmp/MYR175-Classify-Baseline-iOS/Build/Intermediates.noindex/NearbySyncCore.build/Debug-iphonesimulator/NearbySyncCore.build/NearbySyncCore.DependencyStaticMetadataFileList --swift-const-vals-list /tmp/MYR175-Classify-Baseline-iOS/Build/Intermediates.noindex/NearbySyncCore.build/Debug-iphonesimulator/NearbySyncCore.build/Objects-normal/arm64/NearbySyncCore.SwiftConstValuesFileList --force --compile-time-extraction --deployment-aware-processing --validate-assistant-intents --no-app-shortcuts-localization
2026-08-04 15:34:36.857 appintentsmetadataprocessor[7489:28275] Starting appintentsmetadataprocessor export
2026-08-04 15:34:36.893 appintentsmetadataprocessor[7489:28275] Extracted no relevant App Intents symbols, skipping writing output

ExtractAppIntentsMetadata (in target 'AnchoredSequenceCore' from project 'AnchoredSequenceCore')
    cd /Users/runner/work/MyRAM-iOS/MyRAM-iOS/Baseline/Packages/AnchoredSequenceCore
    /Applications/Xcode_26.5.app/Contents/Developer/Toolchains/XcodeDefault.xctoolchain/usr/bin/appintentsmetadataprocessor --toolchain-dir /var/run/com.apple.security.cryptexd/mnt/com.apple.MobileAsset.MetalToolchain-v17.6.42.0.IemA5J/Metal.xctoolchain --module-name AnchoredSequenceCore --sdk-root /Applications/Xcode_26.5.app/Contents/Developer/Platforms/iPhoneSimulator.platform/Developer/SDKs/iPhoneSimulator26.5.sdk --xcode-version 17F42 --platform-family iOS --deployment-target 17.0 --bundle-identifier anchoredsequencecore.AnchoredSequenceCore --output /tmp/MYR175-Classify-Baseline-iOS/Build/Products/Debug-iphonesimulator/AnchoredSequenceCore.appintents --target-triple arm64-apple-ios17.0-simulator --binary-file /tmp/MYR175-Classify-Baseline-iOS/Build/Products/Debug-iphonesimulator/AnchoredSequenceCore.o --dependency-file /tmp/MYR175-Classify-Baseline-iOS/Build/Intermediates.noindex/AnchoredSequenceCore.build/Debug-iphonesimulator/AnchoredSequenceCore.build/Objects-normal/arm64/AnchoredSequenceCore_dependency_info.dat --stringsdata-file /tmp/MYR175-Classify-Baseline-iOS/Build/Intermediates.noindex/AnchoredSequenceCore.build/Debug-iphonesimulator/AnchoredSequenceCore.build/Objects-normal/arm64/ExtractedAppShortcutsMetadata.stringsdata --source-file-list /tmp/MYR175-Classify-Baseline-iOS/Build/Intermediates.noindex/AnchoredSequenceCore.build/Debug-iphonesimulator/AnchoredSequenceCore.build/Objects-normal/arm64/AnchoredSequenceCore.SwiftFileList --metadata-file-list /tmp/MYR175-Classify-Baseline-iOS/Build/Intermediates.noindex/AnchoredSequenceCore.build/Debug-iphonesimulator/AnchoredSequenceCore.build/AnchoredSequenceCore.DependencyMetadataFileList --static-metadata-file-list /tmp/MYR175-Classify-Baseline-iOS/Build/Intermediates.noindex/AnchoredSequenceCore.build/Debug-iphonesimulator/AnchoredSequenceCore.build/AnchoredSequenceCore.DependencyStaticMetadataFileList --swift-const-vals-list /tmp/MYR175-Classify-Baseline-iOS/Build/Intermediates.noindex/AnchoredSequenceCore.build/Debug-iphonesimulator/AnchoredSequenceCore.build/Objects-normal/arm64/AnchoredSequenceCore.SwiftConstValuesFileList --force --compile-time-extraction --deployment-aware-processing --validate-assistant-intents --no-app-shortcuts-localization
2026-08-04 15:34:36.857 appintentsmetadataprocessor[7490:28276] Starting appintentsmetadataprocessor export
2026-08-04 15:34:36.893 appintentsmetadataprocessor[7490:28276] Extracted no relevant App Intents symbols, skipping writing output

RegisterExecutionPolicyException /tmp/MYR175-Classify-Baseline-iOS/Build/Products/Debug-iphonesimulator/NearbySyncCore.o (in target 'NearbySyncCore' from project 'NearbySyncCore')
    cd /Users/runner/work/MyRAM-iOS/MyRAM-iOS/NearbySyncCore
    builtin-RegisterExecutionPolicyException /tmp/MYR175-Classify-Baseline-iOS/Build/Products/Debug-iphonesimulator/NearbySyncCore.o

RegisterExecutionPolicyException /tmp/MYR175-Classify-Baseline-iOS/Build/Products/Debug-iphonesimulator/AnchoredSequenceCore.o (in target 'AnchoredSequenceCore' from project 'AnchoredSequenceCore')
    cd /Users/runner/work/MyRAM-iOS/MyRAM-iOS/Baseline/Packages/AnchoredSequenceCore
    builtin-RegisterExecutionPolicyException /tmp/MYR175-Classify-Baseline-iOS/Build/Products/Debug-iphonesimulator/AnchoredSequenceCore.o

ProcessInfoPlistFile /tmp/MYR175-Classify-Baseline-iOS/Build/Products/Debug-iphonesimulator/PackageFrameworks/AnchoredSequenceCore_-65B9EEE52AB2106_PackageProduct.framework/Info.plist /tmp/MYR175-Classify-Baseline-iOS/Build/Intermediates.noindex/AnchoredSequenceCore.build/Debug-iphonesimulator/AnchoredSequenceCore\ product.build/empty-AnchoredSequenceCore_-65B9EEE52AB2106_PackageProduct.plist (in target 'AnchoredSequenceCore' from project 'AnchoredSequenceCore')
    cd /Users/runner/work/MyRAM-iOS/MyRAM-iOS/Baseline/Packages/AnchoredSequenceCore
    builtin-infoPlistUtility /tmp/MYR175-Classify-Baseline-iOS/Build/Intermediates.noindex/AnchoredSequenceCore.build/Debug-iphonesimulator/AnchoredSequenceCore\ product.build/empty-AnchoredSequenceCore_-65B9EEE52AB2106_PackageProduct.plist -producttype com.apple.product-type.framework -expandbuildsettings -format binary -platform iphonesimulator -o /tmp/MYR175-Classify-Baseline-iOS/Build/Products/Debug-iphonesimulator/PackageFrameworks/AnchoredSequenceCore_-65B9EEE52AB2106_PackageProduct.framework/Info.plist

Ld /tmp/MYR175-Classify-Baseline-iOS/Build/Products/Debug-iphonesimulator/PackageFrameworks/AnchoredSequenceCore_-65B9EEE52AB2106_PackageProduct.framework/AnchoredSequenceCore_-65B9EEE52AB2106_PackageProduct normal (in target 'AnchoredSequenceCore' from project 'AnchoredSequenceCore')
    cd /Users/runner/work/MyRAM-iOS/MyRAM-iOS/Baseline/Packages/AnchoredSequenceCore
    /Applications/Xcode_26.5.app/Contents/Developer/Toolchains/XcodeDefault.xctoolchain/usr/bin/clang -Xlinker -reproducible -target arm64-apple-ios17.0-simulator -dynamiclib -isysroot /Applications/Xcode_26.5.app/Contents/Developer/Platforms/iPhoneSimulator.platform/Developer/SDKs/iPhoneSimulator26.5.sdk -O0 -w -L/tmp/MYR175-Classify-Baseline-iOS/Build/Intermediates.noindex/EagerLinkingTBDs/Debug-iphonesimulator -L/tmp/MYR175-Classify-Baseline-iOS/Build/Products/Debug-iphonesimulator -L/Applications/Xcode_26.5.app/Contents/Developer/Platforms/iPhoneSimulator.platform/Developer/usr/lib -F/tmp/MYR175-Classify-Baseline-iOS/Build/Intermediates.noindex/EagerLinkingTBDs/Debug-iphonesimulator -F/tmp/MYR175-Classify-Baseline-iOS/Build/Products/Debug-iphonesimulator/PackageFrameworks -F/tmp/MYR175-Classify-Baseline-iOS/Build/Products/Debug-iphonesimulator -iframework /Applications/Xcode_26.5.app/Contents/Developer/Platforms/iPhoneSimulator.platform/Developer/Library/Frameworks -iframework /Applications/Xcode_26.5.app/Contents/Developer/Platforms/iPhoneSimulator.platform/Developer/SDKs/iPhoneSimulator26.5.sdk/Developer/Library/Frameworks -filelist /tmp/MYR175-Classify-Baseline-iOS/Build/Intermediates.noindex/AnchoredSequenceCore.build/Debug-iphonesimulator/AnchoredSequenceCore\ product.build/Objects-normal/arm64/AnchoredSequenceCore_-65B9EEE52AB2106_PackageProduct.LinkFileList -install_name @rpath/AnchoredSequenceCore_-65B9EEE52AB2106_PackageProduct.framework/AnchoredSequenceCore_-65B9EEE52AB2106_PackageProduct -Xlinker -rpath -Xlinker /usr/lib/swift -Xlinker -rpath -Xlinker /tmp/MYR175-Classify-Baseline-iOS/Build/Products/Debug-iphonesimulator/PackageFrameworks -Xlinker -dead_strip -Xlinker -object_path_lto -Xlinker /tmp/MYR175-Classify-Baseline-iOS/Build/Intermediates.noindex/AnchoredSequenceCore.build/Debug-iphonesimulator/AnchoredSequenceCore\ product.build/Objects-normal/arm64/AnchoredSequenceCore_-65B9EEE52AB2106_PackageProduct_lto.o -rdynamic -Xlinker -no_deduplicate -Xlinker -objc_abi_version -Xlinker 2 -Xlinker -dependency_info -Xlinker /tmp/MYR175-Classify-Baseline-iOS/Build/Intermediates.noindex/AnchoredSequenceCore.build/Debug-iphonesimulator/AnchoredSequenceCore\ product.build/Objects-normal/arm64/AnchoredSequenceCore_-65B9EEE52AB2106_PackageProduct_dependency_info.dat -fobjc-link-runtime -L/Applications/Xcode_26.5.app/Contents/Developer/Toolchains/XcodeDefault.xctoolchain/usr/lib/swift/iphonesimulator -L/usr/lib/swift -Wl,-no_warn_duplicate_libraries -o /tmp/MYR175-Classify-Baseline-iOS/Build/Products/Debug-iphonesimulator/PackageFrameworks/AnchoredSequenceCore_-65B9EEE52AB2106_PackageProduct.framework/AnchoredSequenceCore_-65B9EEE52AB2106_PackageProduct -Xlinker -add_ast_path -Xlinker /tmp/MYR175-Classify-Baseline-iOS/Build/Intermediates.noindex/AnchoredSequenceCore.build/Debug-iphonesimulator/AnchoredSequenceCore.build/Objects-normal/arm64/AnchoredSequenceCore.swiftmodule @/tmp/MYR175-Classify-Baseline-iOS/Build/Intermediates.noindex/AnchoredSequenceCore.build/Debug-iphonesimulator/AnchoredSequenceCore.build/Objects-normal/arm64/AnchoredSequenceCore-linker-args.resp

GenerateTAPI /tmp/MYR175-Classify-Baseline-iOS/Build/Intermediates.noindex/EagerLinkingTBDs/Debug-iphonesimulator/AnchoredSequenceCore_-65B9EEE52AB2106_PackageProduct.framework/AnchoredSequenceCore_-65B9EEE52AB2106_PackageProduct.tbd (in target 'AnchoredSequenceCore' from project 'AnchoredSequenceCore')
    cd /Users/runner/work/MyRAM-iOS/MyRAM-iOS/Baseline/Packages/AnchoredSequenceCore
    /Applications/Xcode_26.5.app/Contents/Developer/Toolchains/XcodeDefault.xctoolchain/usr/bin/tapi stubify -isysroot /Applications/Xcode_26.5.app/Contents/Developer/Platforms/iPhoneSimulator.platform/Developer/SDKs/iPhoneSimulator26.5.sdk -F/tmp/MYR175-Classify-Baseline-iOS/Build/Products/Debug-iphonesimulator/PackageFrameworks -F/tmp/MYR175-Classify-Baseline-iOS/Build/Products/Debug-iphonesimulator -iframework /Applications/Xcode_26.5.app/Contents/Developer/Platforms/iPhoneSimulator.platform/Developer/Library/Frameworks -iframework /Applications/Xcode_26.5.app/Contents/Developer/Platforms/iPhoneSimulator.platform/Developer/SDKs/iPhoneSimulator26.5.sdk/Developer/Library/Frameworks -L/tmp/MYR175-Classify-Baseline-iOS/Build/Products/Debug-iphonesimulator -L/Applications/Xcode_26.5.app/Contents/Developer/Platforms/iPhoneSimulator.platform/Developer/usr/lib /tmp/MYR175-Classify-Baseline-iOS/Build/Products/Debug-iphonesimulator/PackageFrameworks/AnchoredSequenceCore_-65B9EEE52AB2106_PackageProduct.framework/AnchoredSequenceCore_-65B9EEE52AB2106_PackageProduct -o /tmp/MYR175-Classify-Baseline-iOS/Build/Intermediates.noindex/EagerLinkingTBDs/Debug-iphonesimulator/AnchoredSequenceCore_-65B9EEE52AB2106_PackageProduct.framework/AnchoredSequenceCore_-65B9EEE52AB2106_PackageProduct.tbd

RegisterExecutionPolicyException /tmp/MYR175-Classify-Baseline-iOS/Build/Products/Debug-iphonesimulator/PackageFrameworks/AnchoredSequenceCore_-65B9EEE52AB2106_PackageProduct.framework (in target 'AnchoredSequenceCore' from project 'AnchoredSequenceCore')
    cd /Users/runner/work/MyRAM-iOS/MyRAM-iOS/Baseline/Packages/AnchoredSequenceCore
    builtin-RegisterExecutionPolicyException /tmp/MYR175-Classify-Baseline-iOS/Build/Products/Debug-iphonesimulator/PackageFrameworks/AnchoredSequenceCore_-65B9EEE52AB2106_PackageProduct.framework

Touch /tmp/MYR175-Classify-Baseline-iOS/Build/Products/Debug-iphonesimulator/PackageFrameworks/AnchoredSequenceCore_-65B9EEE52AB2106_PackageProduct.framework (in target 'AnchoredSequenceCore' from project 'AnchoredSequenceCore')
    cd /Users/runner/work/MyRAM-iOS/MyRAM-iOS/Baseline/Packages/AnchoredSequenceCore
    /usr/bin/touch -c /tmp/MYR175-Classify-Baseline-iOS/Build/Products/Debug-iphonesimulator/PackageFrameworks/AnchoredSequenceCore_-65B9EEE52AB2106_PackageProduct.framework

SwiftExplicitDependencyGeneratePcm arm64 /tmp/MYR175-Classify-Baseline-iOS/ModuleCache.noindex/SwiftUI-6EZ43HSQSC0YRGCKOO901U7RI.pcm

SwiftEmitModule normal arm64 Emitting\ module\ for\ MyRAMWidgetExtension (in target 'MyRAMWidgetExtension' from project 'MyRAM')

EmitSwiftModule normal arm64 (in target 'MyRAMWidgetExtension' from project 'MyRAM')
    cd /Users/runner/work/MyRAM-iOS/MyRAM-iOS/Baseline
    

SwiftCompile normal arm64 Compiling\ MyRAMWidgetRuntimeConfiguration.swift,\ MyRAMWidgetSnapshotStore.swift,\ MyRAMWidget.swift /Users/runner/work/MyRAM-iOS/MyRAM-iOS/Baseline/MyRAM/WidgetShared/MyRAMWidgetRuntimeConfiguration.swift /Users/runner/work/MyRAM-iOS/MyRAM-iOS/Baseline/MyRAM/WidgetShared/MyRAMWidgetSnapshotStore.swift /Users/runner/work/MyRAM-iOS/MyRAM-iOS/Baseline/MyRAMWidget/MyRAMWidget.swift (in target 'MyRAMWidgetExtension' from project 'MyRAM')
SwiftCompile normal arm64 /Users/runner/work/MyRAM-iOS/MyRAM-iOS/Baseline/MyRAM/WidgetShared/MyRAMWidgetRuntimeConfiguration.swift (in target 'MyRAMWidgetExtension' from project 'MyRAM')
    cd /Users/runner/work/MyRAM-iOS/MyRAM-iOS/Baseline
    

SwiftCompile normal arm64 /Users/runner/work/MyRAM-iOS/MyRAM-iOS/Baseline/MyRAM/WidgetShared/MyRAMWidgetSnapshotStore.swift (in target 'MyRAMWidgetExtension' from project 'MyRAM')
    cd /Users/runner/work/MyRAM-iOS/MyRAM-iOS/Baseline
    

SwiftCompile normal arm64 /Users/runner/work/MyRAM-iOS/MyRAM-iOS/Baseline/MyRAMWidget/MyRAMWidget.swift (in target 'MyRAMWidgetExtension' from project 'MyRAM')
    cd /Users/runner/work/MyRAM-iOS/MyRAM-iOS/Baseline
    

SwiftCompile normal arm64 Compiling\ MyRAMWidgetSnapshotCodec.swift,\ MyRAMWidgetDeepLink.swift,\ MyRAMWidgetSnapshot.swift /Users/runner/work/MyRAM-iOS/MyRAM-iOS/Baseline/MyRAM/WidgetShared/MyRAMWidgetSnapshotCodec.swift /Users/runner/work/MyRAM-iOS/MyRAM-iOS/Baseline/MyRAM/WidgetShared/MyRAMWidgetDeepLink.swift /Users/runner/work/MyRAM-iOS/MyRAM-iOS/Baseline/MyRAM/WidgetShared/MyRAMWidgetSnapshot.swift (in target 'MyRAMWidgetExtension' from project 'MyRAM')

SwiftCompile normal arm64 /Users/runner/work/MyRAM-iOS/MyRAM-iOS/Baseline/MyRAM/WidgetShared/MyRAMWidgetSnapshotCodec.swift (in target 'MyRAMWidgetExtension' from project 'MyRAM')
    cd /Users/runner/work/MyRAM-iOS/MyRAM-iOS/Baseline
    

SwiftCompile normal arm64 /Users/runner/work/MyRAM-iOS/MyRAM-iOS/Baseline/MyRAM/WidgetShared/MyRAMWidgetDeepLink.swift (in target 'MyRAMWidgetExtension' from project 'MyRAM')
    cd /Users/runner/work/MyRAM-iOS/MyRAM-iOS/Baseline
    

SwiftCompile normal arm64 /Users/runner/work/MyRAM-iOS/MyRAM-iOS/Baseline/MyRAM/WidgetShared/MyRAMWidgetSnapshot.swift (in target 'MyRAMWidgetExtension' from project 'MyRAM')
    cd /Users/runner/work/MyRAM-iOS/MyRAM-iOS/Baseline
    

SwiftCompile normal arm64 Compiling\ MyRAMWidgetBundle.swift,\ MyRAMWidgetContentSelectionPolicy.swift,\ GeneratedAssetSymbols.swift /Users/runner/work/MyRAM-iOS/MyRAM-iOS/Baseline/MyRAMWidget/MyRAMWidgetBundle.swift /Users/runner/work/MyRAM-iOS/MyRAM-iOS/Baseline/MyRAM/WidgetShared/MyRAMWidgetContentSelectionPolicy.swift /tmp/MYR175-Classify-Baseline-iOS/Build/Intermediates.noindex/MyRAM.build/Debug-iphonesimulator/MyRAMWidgetExtension.build/DerivedSources/GeneratedAssetSymbols.swift (in target 'MyRAMWidgetExtension' from project 'MyRAM')
SwiftCompile normal arm64 /Users/runner/work/MyRAM-iOS/MyRAM-iOS/Baseline/MyRAMWidget/MyRAMWidgetBundle.swift (in target 'MyRAMWidgetExtension' from project 'MyRAM')
    cd /Users/runner/work/MyRAM-iOS/MyRAM-iOS/Baseline
    

SwiftCompile normal arm64 /Users/runner/work/MyRAM-iOS/MyRAM-iOS/Baseline/MyRAM/WidgetShared/MyRAMWidgetContentSelectionPolicy.swift (in target 'MyRAMWidgetExtension' from project 'MyRAM')
    cd /Users/runner/work/MyRAM-iOS/MyRAM-iOS/Baseline
    

SwiftCompile normal arm64 /tmp/MYR175-Classify-Baseline-iOS/Build/Intermediates.noindex/MyRAM.build/Debug-iphonesimulator/MyRAMWidgetExtension.build/DerivedSources/GeneratedAssetSymbols.swift (in target 'MyRAMWidgetExtension' from project 'MyRAM')
    cd /Users/runner/work/MyRAM-iOS/MyRAM-iOS/Baseline
    

SwiftDriverJobDiscovery normal arm64 Emitting module for MyRAMWidgetExtension (in target 'MyRAMWidgetExtension' from project 'MyRAM')

SwiftDriver\ Compilation\ Requirements MyRAMWidgetExtension normal arm64 com.apple.xcode.tools.swift.compiler (in target 'MyRAMWidgetExtension' from project 'MyRAM')
    cd /Users/runner/work/MyRAM-iOS/MyRAM-iOS/Baseline
    builtin-Swift-Compilation-Requirements -- /Applications/Xcode_26.5.app/Contents/Developer/Toolchains/XcodeDefault.xctoolchain/usr/bin/swiftc -module-name MyRAMWidgetExtension -Onone @/tmp/MYR175-Classify-Baseline-iOS/Build/Intermediates.noindex/MyRAM.build/Debug-iphonesimulator/MyRAMWidgetExtension.build/Objects-normal/arm64/MyRAMWidgetExtension.SwiftFileList -DDEBUG -enable-bare-slash-regex -enable-upcoming-feature DisableOutwardActorInference -enable-upcoming-feature InferSendableFromCaptures -enable-upcoming-feature GlobalActorIsolatedTypesUsability -enable-upcoming-feature MemberImportVisibility -enable-upcoming-feature InferIsolatedConformances -enable-upcoming-feature NonisolatedNonsendingByDefault -enable-experimental-feature DebugDescriptionMacro -sdk /Applications/Xcode_26.5.app/Contents/Developer/Platforms/iPhoneSimulator.platform/Developer/SDKs/iPhoneSimulator26.5.sdk -target arm64-apple-ios17.0-simulator -g -module-cache-path /tmp/MYR175-Classify-Baseline-iOS/ModuleCache.noindex -Xfrontend -serialize-debugging-options -application-extension -enable-testing -index-store-path /tmp/MYR175-Classify-Baseline-iOS/Index.noindex/DataStore -Xcc -D_LIBCPP_HARDENING_MODE\=_LIBCPP_HARDENING_MODE_DEBUG -swift-version 5 -I /tmp/MYR175-Classify-Baseline-iOS/Build/Products/Debug-iphonesimulator -F /tmp/MYR175-Classify-Baseline-iOS/Build/Products/Debug-iphonesimulator -emit-localized-strings -emit-localized-strings-path /tmp/MYR175-Classify-Baseline-iOS/Build/Intermediates.noindex/MyRAM.build/Debug-iphonesimulator/MyRAMWidgetExtension.build/Objects-normal/arm64 -c -j3 -enable-batch-mode -incremental -Xcc -ivfsstatcache -Xcc /tmp/MYR175-Classify-Baseline-iOS/SDKStatCaches.noindex/iphonesimulator26.5-23F73-688ef53f1462e2c8f657fdc38a81448ffb7d586738ff35573a713a18216ade27.sdkstatcache -output-file-map /tmp/MYR175-Classify-Baseline-iOS/Build/Intermediates.noindex/MyRAM.build/Debug-iphonesimulator/MyRAMWidgetExtension.build/Objects-normal/arm64/MyRAMWidgetExtension-OutputFileMap.json -use-frontend-parseable-output -save-temps -no-color-diagnostics -explicit-module-build -module-cache-path /tmp/MYR175-Classify-Baseline-iOS/Build/Intermediates.noindex/SwiftExplicitPrecompiledModules -clang-scanner-module-cache-path /tmp/MYR175-Classify-Baseline-iOS/ModuleCache.noindex -sdk-module-cache-path /tmp/MYR175-Classify-Baseline-iOS/ModuleCache.noindex -serialize-diagnostics -emit-dependencies -emit-module -emit-module-path /tmp/MYR175-Classify-Baseline-iOS/Build/Intermediates.noindex/MyRAM.build/Debug-iphonesimulator/MyRAMWidgetExtension.build/Objects-normal/arm64/MyRAMWidgetExtension.swiftmodule -validate-clang-modules-once -clang-build-session-file /tmp/MYR175-Classify-Baseline-iOS/ModuleCache.noindex/Session.modulevalidation -Xcc -I/tmp/MYR175-Classify-Baseline-iOS/Build/Intermediates.noindex/MyRAM.build/Debug-iphonesimulator/MyRAMWidgetExtension.build/swift-overrides.hmap -emit-const-values -Xfrontend -const-gather-protocols-file -Xfrontend /tmp/MYR175-Classify-Baseline-iOS/Build/Intermediates.noindex/MyRAM.build/Debug-iphonesimulator/MyRAMWidgetExtension.build/Objects-normal/arm64/MyRAMWidgetExtension_const_extract_protocols.json -Xcc -iquote -Xcc /tmp/MYR175-Classify-Baseline-iOS/Build/Intermediates.noindex/MyRAM.build/Debug-iphonesimulator/MyRAMWidgetExtension.build/MyRAMWidgetExtension-generated-files.hmap -Xcc -I/tmp/MYR175-Classify-Baseline-iOS/Build/Intermediates.noindex/MyRAM.build/Debug-iphonesimulator/MyRAMWidgetExtension.build/MyRAMWidgetExtension-own-target-headers.hmap -Xcc -I/tmp/MYR175-Classify-Baseline-iOS/Build/Intermediates.noindex/MyRAM.build/Debug-iphonesimulator/MyRAMWidgetExtension.build/MyRAMWidgetExtension-all-non-framework-target-headers.hmap -Xcc -ivfsoverlay -Xcc /tmp/MYR175-Classify-Baseline-iOS/Build/Intermediates.noindex/MyRAM.build/Debug-iphonesimulator/MyRAM-98a9cbde253e8e955bc92731eb290203-VFS-iphonesimulator/all-product-headers.yaml -Xcc -iquote -Xcc /tmp/MYR175-Classify-Baseline-iOS/Build/Intermediates.noindex/MyRAM.build/Debug-iphonesimulator/MyRAMWidgetExtension.build/MyRAMWidgetExtension-project-headers.hmap -Xcc -I/tmp/MYR175-Classify-Baseline-iOS/Build/Products/Debug-iphonesimulator/include -Xcc -I/tmp/MYR175-Classify-Baseline-iOS/Build/Intermediates.noindex/MyRAM.build/Debug-iphonesimulator/MyRAMWidgetExtension.build/DerivedSources-normal/arm64 -Xcc -I/tmp/MYR175-Classify-Baseline-iOS/Build/Intermediates.noindex/MyRAM.build/Debug-iphonesimulator/MyRAMWidgetExtension.build/DerivedSources/arm64 -Xcc -I/tmp/MYR175-Classify-Baseline-iOS/Build/Intermediates.noindex/MyRAM.build/Debug-iphonesimulator/MyRAMWidgetExtension.build/DerivedSources -Xcc -DDEBUG\=1 -emit-objc-header -emit-objc-header-path /tmp/MYR175-Classify-Baseline-iOS/Build/Intermediates.noindex/MyRAM.build/Debug-iphonesimulator/MyRAMWidgetExtension.build/Objects-normal/arm64/MyRAMWidgetExtension-Swift.h -working-directory /Users/runner/work/MyRAM-iOS/MyRAM-iOS/Baseline -experimental-emit-module-separately -disable-cmo

SwiftDriverJobDiscovery normal arm64 Compiling MyRAMWidgetSnapshotCodec.swift, MyRAMWidgetDeepLink.swift, MyRAMWidgetSnapshot.swift (in target 'MyRAMWidgetExtension' from project 'MyRAM')

SwiftMergeGeneratedHeaders /tmp/MYR175-Classify-Baseline-iOS/Build/Intermediates.noindex/MyRAM.build/Debug-iphonesimulator/MyRAMWidgetExtension.build/DerivedSources/MyRAMWidgetExtension-Swift.h /tmp/MYR175-Classify-Baseline-iOS/Build/Intermediates.noindex/MyRAM.build/Debug-iphonesimulator/MyRAMWidgetExtension.build/Objects-normal/arm64/MyRAMWidgetExtension-Swift.h (in target 'MyRAMWidgetExtension' from project 'MyRAM')
    cd /Users/runner/work/MyRAM-iOS/MyRAM-iOS/Baseline
    builtin-swiftHeaderTool -arch arm64 /tmp/MYR175-Classify-Baseline-iOS/Build/Intermediates.noindex/MyRAM.build/Debug-iphonesimulator/MyRAMWidgetExtension.build/Objects-normal/arm64/MyRAMWidgetExtension-Swift.h -o /tmp/MYR175-Classify-Baseline-iOS/Build/Intermediates.noindex/MyRAM.build/Debug-iphonesimulator/MyRAMWidgetExtension.build/DerivedSources/MyRAMWidgetExtension-Swift.h

Copy /tmp/MYR175-Classify-Baseline-iOS/Build/Products/Debug-iphonesimulator/MyRAMWidgetExtension.swiftmodule/arm64-apple-ios-simulator.swiftmodule /tmp/MYR175-Classify-Baseline-iOS/Build/Intermediates.noindex/MyRAM.build/Debug-iphonesimulator/MyRAMWidgetExtension.build/Objects-normal/arm64/MyRAMWidgetExtension.swiftmodule (in target 'MyRAMWidgetExtension' from project 'MyRAM')
    cd /Users/runner/work/MyRAM-iOS/MyRAM-iOS/Baseline
    builtin-copy -exclude .DS_Store -exclude CVS -exclude .svn -exclude .git -exclude .hg -resolve-src-symlinks -rename /tmp/MYR175-Classify-Baseline-iOS/Build/Intermediates.noindex/MyRAM.build/Debug-iphonesimulator/MyRAMWidgetExtension.build/Objects-normal/arm64/MyRAMWidgetExtension.swiftmodule /tmp/MYR175-Classify-Baseline-iOS/Build/Products/Debug-iphonesimulator/MyRAMWidgetExtension.swiftmodule/arm64-apple-ios-simulator.swiftmodule

Copy /tmp/MYR175-Classify-Baseline-iOS/Build/Products/Debug-iphonesimulator/MyRAMWidgetExtension.swiftmodule/arm64-apple-ios-simulator.swiftdoc /tmp/MYR175-Classify-Baseline-iOS/Build/Intermediates.noindex/MyRAM.build/Debug-iphonesimulator/MyRAMWidgetExtension.build/Objects-normal/arm64/MyRAMWidgetExtension.swiftdoc (in target 'MyRAMWidgetExtension' from project 'MyRAM')
    cd /Users/runner/work/MyRAM-iOS/MyRAM-iOS/Baseline
    builtin-copy -exclude .DS_Store -exclude CVS -exclude .svn -exclude .git -exclude .hg -resolve-src-symlinks -rename /tmp/MYR175-Classify-Baseline-iOS/Build/Intermediates.noindex/MyRAM.build/Debug-iphonesimulator/MyRAMWidgetExtension.build/Objects-normal/arm64/MyRAMWidgetExtension.swiftdoc /tmp/MYR175-Classify-Baseline-iOS/Build/Products/Debug-iphonesimulator/MyRAMWidgetExtension.swiftmodule/arm64-apple-ios-simulator.swiftdoc

Copy /tmp/MYR175-Classify-Baseline-iOS/Build/Products/Debug-iphonesimulator/MyRAMWidgetExtension.swiftmodule/arm64-apple-ios-simulator.abi.json /tmp/MYR175-Classify-Baseline-iOS/Build/Intermediates.noindex/MyRAM.build/Debug-iphonesimulator/MyRAMWidgetExtension.build/Objects-normal/arm64/MyRAMWidgetExtension.abi.json (in target 'MyRAMWidgetExtension' from project 'MyRAM')
    cd /Users/runner/work/MyRAM-iOS/MyRAM-iOS/Baseline
    builtin-copy -exclude .DS_Store -exclude CVS -exclude .svn -exclude .git -exclude .hg -resolve-src-symlinks -rename /tmp/MYR175-Classify-Baseline-iOS/Build/Intermediates.noindex/MyRAM.build/Debug-iphonesimulator/MyRAMWidgetExtension.build/Objects-normal/arm64/MyRAMWidgetExtension.abi.json /tmp/MYR175-Classify-Baseline-iOS/Build/Products/Debug-iphonesimulator/MyRAMWidgetExtension.swiftmodule/arm64-apple-ios-simulator.abi.json

Copy /tmp/MYR175-Classify-Baseline-iOS/Build/Products/Debug-iphonesimulator/MyRAMWidgetExtension.swiftmodule/Project/arm64-apple-ios-simulator.swiftsourceinfo /tmp/MYR175-Classify-Baseline-iOS/Build/Intermediates.noindex/MyRAM.build/Debug-iphonesimulator/MyRAMWidgetExtension.build/Objects-normal/arm64/MyRAMWidgetExtension.swiftsourceinfo (in target 'MyRAMWidgetExtension' from project 'MyRAM')
    cd /Users/runner/work/MyRAM-iOS/MyRAM-iOS/Baseline
    builtin-copy -exclude .DS_Store -exclude CVS -exclude .svn -exclude .git -exclude .hg -resolve-src-symlinks -rename /tmp/MYR175-Classify-Baseline-iOS/Build/Intermediates.noindex/MyRAM.build/Debug-iphonesimulator/MyRAMWidgetExtension.build/Objects-normal/arm64/MyRAMWidgetExtension.swiftsourceinfo /tmp/MYR175-Classify-Baseline-iOS/Build/Products/Debug-iphonesimulator/MyRAMWidgetExtension.swiftmodule/Project/arm64-apple-ios-simulator.swiftsourceinfo

MkDir /tmp/MYR175-Classify-Baseline-iOS/Build/Intermediates.noindex/MyRAM.build/Debug-iphonesimulator/MyRAM.build/assetcatalog_output/unthinned (in target 'MyRAM' from project 'MyRAM')
    cd /Users/runner/work/MyRAM-iOS/MyRAM-iOS/Baseline
    /bin/mkdir -p /tmp/MYR175-Classify-Baseline-iOS/Build/Intermediates.noindex/MyRAM.build/Debug-iphonesimulator/MyRAM.build/assetcatalog_output/unthinned

MkDir /tmp/MYR175-Classify-Baseline-iOS/Build/Intermediates.noindex/MyRAM.build/Debug-iphonesimulator/MyRAM.build/assetcatalog_output/thinned (in target 'MyRAM' from project 'MyRAM')
    cd /Users/runner/work/MyRAM-iOS/MyRAM-iOS/Baseline
    /bin/mkdir -p /tmp/MYR175-Classify-Baseline-iOS/Build/Intermediates.noindex/MyRAM.build/Debug-iphonesimulator/MyRAM.build/assetcatalog_output/thinned

GenerateAssetSymbols /Users/runner/work/MyRAM-iOS/MyRAM-iOS/Baseline/MyRAM/Preview\ Content/Preview\ Assets.xcassets /Users/runner/work/MyRAM-iOS/MyRAM-iOS/Baseline/MyRAM/Assets.xcassets (in target 'MyRAM' from project 'MyRAM')
    cd /Users/runner/work/MyRAM-iOS/MyRAM-iOS/Baseline
    /Applications/Xcode_26.5.app/Contents/Developer/usr/bin/actool /Users/runner/work/MyRAM-iOS/MyRAM-iOS/Baseline/MyRAM/Preview\ Content/Preview\ Assets.xcassets /Users/runner/work/MyRAM-iOS/MyRAM-iOS/Baseline/MyRAM/Assets.xcassets --compile /tmp/MYR175-Classify-Baseline-iOS/Build/Products/Debug-iphonesimulator/MyRAM.app --output-format human-readable-text --notices --warnings --export-dependency-info /tmp/MYR175-Classify-Baseline-iOS/Build/Intermediates.noindex/MyRAM.build/Debug-iphonesimulator/MyRAM.build/assetcatalog_dependencies --output-partial-info-plist /tmp/MYR175-Classify-Baseline-iOS/Build/Intermediates.noindex/MyRAM.build/Debug-iphonesimulator/MyRAM.build/assetcatalog_generated_info.plist --app-icon AppIcon --accent-color AccentColor --compress-pngs --enable-on-demand-resources YES --development-region en --target-device iphone --target-device ipad --minimum-deployment-target 17.0 --platform iphonesimulator --bundle-identifier com.northsignalstudio.myram.dev --generate-swift-asset-symbols /tmp/MYR175-Classify-Baseline-iOS/Build/Intermediates.noindex/MyRAM.build/Debug-iphonesimulator/MyRAM.build/DerivedSources/GeneratedAssetSymbols.swift --generate-objc-asset-symbols /tmp/MYR175-Classify-Baseline-iOS/Build/Intermediates.noindex/MyRAM.build/Debug-iphonesimulator/MyRAM.build/DerivedSources/GeneratedAssetSymbols.h --generate-asset-symbol-index /tmp/MYR175-Classify-Baseline-iOS/Build/Intermediates.noindex/MyRAM.build/Debug-iphonesimulator/MyRAM.build/DerivedSources/GeneratedAssetSymbols-Index.plist
/* com.apple.actool.compilation-results */
/tmp/MYR175-Classify-Baseline-iOS/Build/Intermediates.noindex/MyRAM.build/Debug-iphonesimulator/MyRAM.build/DerivedSources/GeneratedAssetSymbols-Index.plist
/tmp/MYR175-Classify-Baseline-iOS/Build/Intermediates.noindex/MyRAM.build/Debug-iphonesimulator/MyRAM.build/DerivedSources/GeneratedAssetSymbols.h
/tmp/MYR175-Classify-Baseline-iOS/Build/Intermediates.noindex/MyRAM.build/Debug-iphonesimulator/MyRAM.build/DerivedSources/GeneratedAssetSymbols.swift


CompileAssetCatalogVariant thinned /tmp/MYR175-Classify-Baseline-iOS/Build/Products/Debug-iphonesimulator/MyRAM.app /Users/runner/work/MyRAM-iOS/MyRAM-iOS/Baseline/MyRAM/Preview\ Content/Preview\ Assets.xcassets /Users/runner/work/MyRAM-iOS/MyRAM-iOS/Baseline/MyRAM/Assets.xcassets (in target 'MyRAM' from project 'MyRAM')
    cd /Users/runner/work/MyRAM-iOS/MyRAM-iOS/Baseline
    /Applications/Xcode_26.5.app/Contents/Developer/usr/bin/actool /Users/runner/work/MyRAM-iOS/MyRAM-iOS/Baseline/MyRAM/Preview\ Content/Preview\ Assets.xcassets /Users/runner/work/MyRAM-iOS/MyRAM-iOS/Baseline/MyRAM/Assets.xcassets --compile /tmp/MYR175-Classify-Baseline-iOS/Build/Intermediates.noindex/MyRAM.build/Debug-iphonesimulator/MyRAM.build/assetcatalog_output/thinned --output-format human-readable-text --notices --warnings --export-dependency-info /tmp/MYR175-Classify-Baseline-iOS/Build/Intermediates.noindex/MyRAM.build/Debug-iphonesimulator/MyRAM.build/assetcatalog_dependencies_thinned --output-partial-info-plist /tmp/MYR175-Classify-Baseline-iOS/Build/Intermediates.noindex/MyRAM.build/Debug-iphonesimulator/MyRAM.build/assetcatalog_generated_info.plist_thinned --app-icon AppIcon --accent-color AccentColor --compress-pngs --enable-on-demand-resources YES --filter-for-thinning-device-configuration iPhone18,3 --filter-for-device-os-version 26.5 --development-region en --target-device iphone --target-device ipad --minimum-deployment-target 17.0 --platform iphonesimulator
/* com.apple.actool.document.notices */
/Users/runner/work/MyRAM-iOS/MyRAM-iOS/Baseline/MyRAM/Assets.xcassets:./AppIcon.appiconset/[][ipad][76x76][][][1x][][][][]: notice: 76x76@1x app icons only apply to iPad apps targeting releases of iOS prior to 10.0.
/* com.apple.actool.compilation-results */
/tmp/MYR175-Classify-Baseline-iOS/Build/Intermediates.noindex/MyRAM.build/Debug-iphonesimulator/MyRAM.build/assetcatalog_generated_info.plist_thinned
/tmp/MYR175-Classify-Baseline-iOS/Build/Intermediates.noindex/MyRAM.build/Debug-iphonesimulator/MyRAM.build/assetcatalog_output/thinned/AppIcon60x60@2x.png
/tmp/MYR175-Classify-Baseline-iOS/Build/Intermediates.noindex/MyRAM.build/Debug-iphonesimulator/MyRAM.build/assetcatalog_output/thinned/AppIcon76x76@2x~ipad.png
/tmp/MYR175-Classify-Baseline-iOS/Build/Intermediates.noindex/MyRAM.build/Debug-iphonesimulator/MyRAM.build/assetcatalog_output/thinned/Assets.car


SwiftDriverJobDiscovery normal arm64 Compiling MyRAMWidgetRuntimeConfiguration.swift, MyRAMWidgetSnapshotStore.swift, MyRAMWidget.swift (in target 'MyRAMWidgetExtension' from project 'MyRAM')

SwiftDriverJobDiscovery normal arm64 Compiling MyRAMWidgetBundle.swift, MyRAMWidgetContentSelectionPolicy.swift, GeneratedAssetSymbols.swift (in target 'MyRAMWidgetExtension' from project 'MyRAM')

SwiftDriver\ Compilation MyRAMWidgetExtension normal arm64 com.apple.xcode.tools.swift.compiler (in target 'MyRAMWidgetExtension' from project 'MyRAM')
    cd /Users/runner/work/MyRAM-iOS/MyRAM-iOS/Baseline
    builtin-Swift-Compilation -- /Applications/Xcode_26.5.app/Contents/Developer/Toolchains/XcodeDefault.xctoolchain/usr/bin/swiftc -module-name MyRAMWidgetExtension -Onone @/tmp/MYR175-Classify-Baseline-iOS/Build/Intermediates.noindex/MyRAM.build/Debug-iphonesimulator/MyRAMWidgetExtension.build/Objects-normal/arm64/MyRAMWidgetExtension.SwiftFileList -DDEBUG -enable-bare-slash-regex -enable-upcoming-feature DisableOutwardActorInference -enable-upcoming-feature InferSendableFromCaptures -enable-upcoming-feature GlobalActorIsolatedTypesUsability -enable-upcoming-feature MemberImportVisibility -enable-upcoming-feature InferIsolatedConformances -enable-upcoming-feature NonisolatedNonsendingByDefault -enable-experimental-feature DebugDescriptionMacro -sdk /Applications/Xcode_26.5.app/Contents/Developer/Platforms/iPhoneSimulator.platform/Developer/SDKs/iPhoneSimulator26.5.sdk -target arm64-apple-ios17.0-simulator -g -module-cache-path /tmp/MYR175-Classify-Baseline-iOS/ModuleCache.noindex -Xfrontend -serialize-debugging-options -application-extension -enable-testing -index-store-path /tmp/MYR175-Classify-Baseline-iOS/Index.noindex/DataStore -Xcc -D_LIBCPP_HARDENING_MODE\=_LIBCPP_HARDENING_MODE_DEBUG -swift-version 5 -I /tmp/MYR175-Classify-Baseline-iOS/Build/Products/Debug-iphonesimulator -F /tmp/MYR175-Classify-Baseline-iOS/Build/Products/Debug-iphonesimulator -emit-localized-strings -emit-localized-strings-path /tmp/MYR175-Classify-Baseline-iOS/Build/Intermediates.noindex/MyRAM.build/Debug-iphonesimulator/MyRAMWidgetExtension.build/Objects-normal/arm64 -c -j3 -enable-batch-mode -incremental -Xcc -ivfsstatcache -Xcc /tmp/MYR175-Classify-Baseline-iOS/SDKStatCaches.noindex/iphonesimulator26.5-23F73-688ef53f1462e2c8f657fdc38a81448ffb7d586738ff35573a713a18216ade27.sdkstatcache -output-file-map /tmp/MYR175-Classify-Baseline-iOS/Build/Intermediates.noindex/MyRAM.build/Debug-iphonesimulator/MyRAMWidgetExtension.build/Objects-normal/arm64/MyRAMWidgetExtension-OutputFileMap.json -use-frontend-parseable-output -save-temps -no-color-diagnostics -explicit-module-build -module-cache-path /tmp/MYR175-Classify-Baseline-iOS/Build/Intermediates.noindex/SwiftExplicitPrecompiledModules -clang-scanner-module-cache-path /tmp/MYR175-Classify-Baseline-iOS/ModuleCache.noindex -sdk-module-cache-path /tmp/MYR175-Classify-Baseline-iOS/ModuleCache.noindex -serialize-diagnostics -emit-dependencies -emit-module -emit-module-path /tmp/MYR175-Classify-Baseline-iOS/Build/Intermediates.noindex/MyRAM.build/Debug-iphonesimulator/MyRAMWidgetExtension.build/Objects-normal/arm64/MyRAMWidgetExtension.swiftmodule -validate-clang-modules-once -clang-build-session-file /tmp/MYR175-Classify-Baseline-iOS/ModuleCache.noindex/Session.modulevalidation -Xcc -I/tmp/MYR175-Classify-Baseline-iOS/Build/Intermediates.noindex/MyRAM.build/Debug-iphonesimulator/MyRAMWidgetExtension.build/swift-overrides.hmap -emit-const-values -Xfrontend -const-gather-protocols-file -Xfrontend /tmp/MYR175-Classify-Baseline-iOS/Build/Intermediates.noindex/MyRAM.build/Debug-iphonesimulator/MyRAMWidgetExtension.build/Objects-normal/arm64/MyRAMWidgetExtension_const_extract_protocols.json -Xcc -iquote -Xcc /tmp/MYR175-Classify-Baseline-iOS/Build/Intermediates.noindex/MyRAM.build/Debug-iphonesimulator/MyRAMWidgetExtension.build/MyRAMWidgetExtension-generated-files.hmap -Xcc -I/tmp/MYR175-Classify-Baseline-iOS/Build/Intermediates.noindex/MyRAM.build/Debug-iphonesimulator/MyRAMWidgetExtension.build/MyRAMWidgetExtension-own-target-headers.hmap -Xcc -I/tmp/MYR175-Classify-Baseline-iOS/Build/Intermediates.noindex/MyRAM.build/Debug-iphonesimulator/MyRAMWidgetExtension.build/MyRAMWidgetExtension-all-non-framework-target-headers.hmap -Xcc -ivfsoverlay -Xcc /tmp/MYR175-Classify-Baseline-iOS/Build/Intermediates.noindex/MyRAM.build/Debug-iphonesimulator/MyRAM-98a9cbde253e8e955bc92731eb290203-VFS-iphonesimulator/all-product-headers.yaml -Xcc -iquote -Xcc /tmp/MYR175-Classify-Baseline-iOS/Build/Intermediates.noindex/MyRAM.build/Debug-iphonesimulator/MyRAMWidgetExtension.build/MyRAMWidgetExtension-project-headers.hmap -Xcc -I/tmp/MYR175-Classify-Baseline-iOS/Build/Products/Debug-iphonesimulator/include -Xcc -I/tmp/MYR175-Classify-Baseline-iOS/Build/Intermediates.noindex/MyRAM.build/Debug-iphonesimulator/MyRAMWidgetExtension.build/DerivedSources-normal/arm64 -Xcc -I/tmp/MYR175-Classify-Baseline-iOS/Build/Intermediates.noindex/MyRAM.build/Debug-iphonesimulator/MyRAMWidgetExtension.build/DerivedSources/arm64 -Xcc -I/tmp/MYR175-Classify-Baseline-iOS/Build/Intermediates.noindex/MyRAM.build/Debug-iphonesimulator/MyRAMWidgetExtension.build/DerivedSources -Xcc -DDEBUG\=1 -emit-objc-header -emit-objc-header-path /tmp/MYR175-Classify-Baseline-iOS/Build/Intermediates.noindex/MyRAM.build/Debug-iphonesimulator/MyRAMWidgetExtension.build/Objects-normal/arm64/MyRAMWidgetExtension-Swift.h -working-directory /Users/runner/work/MyRAM-iOS/MyRAM-iOS/Baseline -experimental-emit-module-separately -disable-cmo

SwiftDriver MyRAM normal arm64 com.apple.xcode.tools.swift.compiler (in target 'MyRAM' from project 'MyRAM')
    cd /Users/runner/work/MyRAM-iOS/MyRAM-iOS/Baseline
    builtin-SwiftDriver -- /Applications/Xcode_26.5.app/Contents/Developer/Toolchains/XcodeDefault.xctoolchain/usr/bin/swiftc -module-name MyRAM -Onone @/tmp/MYR175-Classify-Baseline-iOS/Build/Intermediates.noindex/MyRAM.build/Debug-iphonesimulator/MyRAM.build/Objects-normal/arm64/MyRAM.SwiftFileList -DDEBUG -enable-bare-slash-regex -enable-experimental-feature DebugDescriptionMacro -sdk /Applications/Xcode_26.5.app/Contents/Developer/Platforms/iPhoneSimulator.platform/Developer/SDKs/iPhoneSimulator26.5.sdk -target arm64-apple-ios17.0-simulator -g -module-cache-path /tmp/MYR175-Classify-Baseline-iOS/ModuleCache.noindex -Xfrontend -serialize-debugging-options -enable-testing -index-store-path /tmp/MYR175-Classify-Baseline-iOS/Index.noindex/DataStore -Xcc -D_LIBCPP_HARDENING_MODE\=_LIBCPP_HARDENING_MODE_DEBUG -swift-version 5 -I /tmp/MYR175-Classify-Baseline-iOS/Build/Products/Debug-iphonesimulator -F /tmp/MYR175-Classify-Baseline-iOS/Build/Products/Debug-iphonesimulator/PackageFrameworks -F /tmp/MYR175-Classify-Baseline-iOS/Build/Products/Debug-iphonesimulator/PackageFrameworks -F /tmp/MYR175-Classify-Baseline-iOS/Build/Products/Debug-iphonesimulator -emit-localized-strings -emit-localized-strings-path /tmp/MYR175-Classify-Baseline-iOS/Build/Intermediates.noindex/MyRAM.build/Debug-iphonesimulator/MyRAM.build/Objects-normal/arm64 -c -j3 -enable-batch-mode -incremental -Xcc -ivfsstatcache -Xcc /tmp/MYR175-Classify-Baseline-iOS/SDKStatCaches.noindex/iphonesimulator26.5-23F73-688ef53f1462e2c8f657fdc38a81448ffb7d586738ff35573a713a18216ade27.sdkstatcache -output-file-map /tmp/MYR175-Classify-Baseline-iOS/Build/Intermediates.noindex/MyRAM.build/Debug-iphonesimulator/MyRAM.build/Objects-normal/arm64/MyRAM-OutputFileMap.json -use-frontend-parseable-output -save-temps -no-color-diagnostics -explicit-module-build -module-cache-path /tmp/MYR175-Classify-Baseline-iOS/Build/Intermediates.noindex/SwiftExplicitPrecompiledModules -clang-scanner-module-cache-path /tmp/MYR175-Classify-Baseline-iOS/ModuleCache.noindex -sdk-module-cache-path /tmp/MYR175-Classify-Baseline-iOS/ModuleCache.noindex -serialize-diagnostics -emit-dependencies -emit-module -emit-module-path /tmp/MYR175-Classify-Baseline-iOS/Build/Intermediates.noindex/MyRAM.build/Debug-iphonesimulator/MyRAM.build/Objects-normal/arm64/MyRAM.swiftmodule -validate-clang-modules-once -clang-build-session-file /tmp/MYR175-Classify-Baseline-iOS/ModuleCache.noindex/Session.modulevalidation -Xcc -I/tmp/MYR175-Classify-Baseline-iOS/Build/Intermediates.noindex/MyRAM.build/Debug-iphonesimulator/MyRAM.build/swift-overrides.hmap -emit-const-values -Xfrontend -const-gather-protocols-file -Xfrontend /tmp/MYR175-Classify-Baseline-iOS/Build/Intermediates.noindex/MyRAM.build/Debug-iphonesimulator/MyRAM.build/Objects-normal/arm64/MyRAM_const_extract_protocols.json -Xcc -iquote -Xcc /tmp/MYR175-Classify-Baseline-iOS/Build/Intermediates.noindex/MyRAM.build/Debug-iphonesimulator/MyRAM.build/MyRAM-generated-files.hmap -Xcc -I/tmp/MYR175-Classify-Baseline-iOS/Build/Intermediates.noindex/MyRAM.build/Debug-iphonesimulator/MyRAM.build/MyRAM-own-target-headers.hmap -Xcc -I/tmp/MYR175-Classify-Baseline-iOS/Build/Intermediates.noindex/MyRAM.build/Debug-iphonesimulator/MyRAM.build/MyRAM-all-non-framework-target-headers.hmap -Xcc -ivfsoverlay -Xcc /tmp/MYR175-Classify-Baseline-iOS/Build/Intermediates.noindex/MyRAM.build/Debug-iphonesimulator/MyRAM-98a9cbde253e8e955bc92731eb290203-VFS-iphonesimulator/all-product-headers.yaml -Xcc -iquote -Xcc /tmp/MYR175-Classify-Baseline-iOS/Build/Intermediates.noindex/MyRAM.build/Debug-iphonesimulator/MyRAM.build/MyRAM-project-headers.hmap -Xcc -I/tmp/MYR175-Classify-Baseline-iOS/Build/Products/Debug-iphonesimulator/include -Xcc -I/tmp/MYR175-Classify-Baseline-iOS/Build/Intermediates.noindex/MyRAM.build/Debug-iphonesimulator/MyRAM.build/DerivedSources-normal/arm64 -Xcc -I/tmp/MYR175-Classify-Baseline-iOS/Build/Intermediates.noindex/MyRAM.build/Debug-iphonesimulator/MyRAM.build/DerivedSources/arm64 -Xcc -I/tmp/MYR175-Classify-Baseline-iOS/Build/Intermediates.noindex/MyRAM.build/Debug-iphonesimulator/MyRAM.build/DerivedSources -Xcc -DDEBUG\=1 -emit-objc-header -emit-objc-header-path /tmp/MYR175-Classify-Baseline-iOS/Build/Intermediates.noindex/MyRAM.build/Debug-iphonesimulator/MyRAM.build/Objects-normal/arm64/MyRAM-Swift.h -working-directory /Users/runner/work/MyRAM-iOS/MyRAM-iOS/Baseline -experimental-emit-module-separately -disable-cmo

Ld /tmp/MYR175-Classify-Baseline-iOS/Build/Products/Debug-iphonesimulator/MyRAMWidgetExtension.appex/MyRAMWidgetExtension.debug.dylib normal (in target 'MyRAMWidgetExtension' from project 'MyRAM')
    cd /Users/runner/work/MyRAM-iOS/MyRAM-iOS/Baseline
    /Applications/Xcode_26.5.app/Contents/Developer/Toolchains/XcodeDefault.xctoolchain/usr/bin/clang -Xlinker -reproducible -target arm64-apple-ios17.0-simulator -dynamiclib -isysroot /Applications/Xcode_26.5.app/Contents/Developer/Platforms/iPhoneSimulator.platform/Developer/SDKs/iPhoneSimulator26.5.sdk -O0 -L/tmp/MYR175-Classify-Baseline-iOS/Build/Intermediates.noindex/EagerLinkingTBDs/Debug-iphonesimulator -L/tmp/MYR175-Classify-Baseline-iOS/Build/Products/Debug-iphonesimulator -F/tmp/MYR175-Classify-Baseline-iOS/Build/Intermediates.noindex/EagerLinkingTBDs/Debug-iphonesimulator -F/tmp/MYR175-Classify-Baseline-iOS/Build/Products/Debug-iphonesimulator -filelist /tmp/MYR175-Classify-Baseline-iOS/Build/Intermediates.noindex/MyRAM.build/Debug-iphonesimulator/MyRAMWidgetExtension.build/Objects-normal/arm64/MyRAMWidgetExtension.LinkFileList -install_name @rpath/MyRAMWidgetExtension.debug.dylib -Xlinker -rpath -Xlinker /usr/lib/swift -Xlinker -rpath -Xlinker @executable_path/Frameworks -Xlinker -rpath -Xlinker @executable_path/../../Frameworks -Xlinker -dead_strip -Xlinker -object_path_lto -Xlinker /tmp/MYR175-Classify-Baseline-iOS/Build/Intermediates.noindex/MyRAM.build/Debug-iphonesimulator/MyRAMWidgetExtension.build/Objects-normal/arm64/MyRAMWidgetExtension_lto.o -rdynamic -Xlinker -no_deduplicate -Xlinker -objc_abi_version -Xlinker 2 -Xlinker -dependency_info -Xlinker /tmp/MYR175-Classify-Baseline-iOS/Build/Intermediates.noindex/MyRAM.build/Debug-iphonesimulator/MyRAMWidgetExtension.build/Objects-normal/arm64/MyRAMWidgetExtension_dependency_info.dat -fapplication-extension -fobjc-link-runtime -L/Applications/Xcode_26.5.app/Contents/Developer/Toolchains/XcodeDefault.xctoolchain/usr/lib/swift/iphonesimulator -L/usr/lib/swift -Xlinker -add_ast_path -Xlinker /tmp/MYR175-Classify-Baseline-iOS/Build/Intermediates.noindex/MyRAM.build/Debug-iphonesimulator/MyRAMWidgetExtension.build/Objects-normal/arm64/MyRAMWidgetExtension.swiftmodule @/tmp/MYR175-Classify-Baseline-iOS/Build/Intermediates.noindex/MyRAM.build/Debug-iphonesimulator/MyRAMWidgetExtension.build/Objects-normal/arm64/MyRAMWidgetExtension-linker-args.resp -Xlinker -alias -Xlinker _NSExtensionMain -Xlinker ___debug_main_executable_dylib_entry_point -framework SwiftUI -framework WidgetKit -o /tmp/MYR175-Classify-Baseline-iOS/Build/Products/Debug-iphonesimulator/MyRAMWidgetExtension.appex/MyRAMWidgetExtension.debug.dylib

ConstructStubExecutorLinkFileList /tmp/MYR175-Classify-Baseline-iOS/Build/Intermediates.noindex/MyRAM.build/Debug-iphonesimulator/MyRAMWidgetExtension.build/MyRAMWidgetExtension-ExecutorLinkFileList-normal-arm64.txt (in target 'MyRAMWidgetExtension' from project 'MyRAM')
    cd /Users/runner/work/MyRAM-iOS/MyRAM-iOS/Baseline
    construct-stub-executor-link-file-list /tmp/MYR175-Classify-Baseline-iOS/Build/Products/Debug-iphonesimulator/MyRAMWidgetExtension.appex/MyRAMWidgetExtension.debug.dylib /Applications/Xcode_26.5.app/Contents/Developer/Platforms/iPhoneSimulator.platform/Developer/usr/lib/libPreviewsJITStubExecutor_no_swift_entry_point.a /Applications/Xcode_26.5.app/Contents/Developer/Platforms/iPhoneSimulator.platform/Developer/usr/lib/libPreviewsJITStubExecutor.a --output /tmp/MYR175-Classify-Baseline-iOS/Build/Intermediates.noindex/MyRAM.build/Debug-iphonesimulator/MyRAMWidgetExtension.build/MyRAMWidgetExtension-ExecutorLinkFileList-normal-arm64.txt
note: Using stub executor library with Swift entry point. (in target 'MyRAMWidgetExtension' from project 'MyRAM')

Ld /tmp/MYR175-Classify-Baseline-iOS/Build/Products/Debug-iphonesimulator/MyRAMWidgetExtension.appex/MyRAMWidgetExtension normal (in target 'MyRAMWidgetExtension' from project 'MyRAM')
    cd /Users/runner/work/MyRAM-iOS/MyRAM-iOS/Baseline
    /Applications/Xcode_26.5.app/Contents/Developer/Toolchains/XcodeDefault.xctoolchain/usr/bin/clang -Xlinker -reproducible -target arm64-apple-ios17.0-simulator -isysroot /Applications/Xcode_26.5.app/Contents/Developer/Platforms/iPhoneSimulator.platform/Developer/SDKs/iPhoneSimulator26.5.sdk -O0 -L/tmp/MYR175-Classify-Baseline-iOS/Build/Products/Debug-iphonesimulator -F/tmp/MYR175-Classify-Baseline-iOS/Build/Products/Debug-iphonesimulator -Xlinker -rpath -Xlinker @executable_path -Xlinker -rpath -Xlinker @executable_path/Frameworks -Xlinker -rpath -Xlinker @executable_path/../../Frameworks -rdynamic -Xlinker -no_deduplicate -Xlinker -objc_abi_version -Xlinker 2 -e ___debug_blank_executor_main -Xlinker -sectcreate -Xlinker __TEXT -Xlinker __debug_dylib -Xlinker /tmp/MYR175-Classify-Baseline-iOS/Build/Intermediates.noindex/MyRAM.build/Debug-iphonesimulator/MyRAMWidgetExtension.build/MyRAMWidgetExtension-DebugDylibPath-normal-arm64.txt -Xlinker -sectcreate -Xlinker __TEXT -Xlinker __debug_entry -Xlinker /tmp/MYR175-Classify-Baseline-iOS/Build/Intermediates.noindex/MyRAM.build/Debug-iphonesimulator/MyRAMWidgetExtension.build/MyRAMWidgetExtension-DebugEntryPoint-normal-arm64.txt -Xlinker -sectcreate -Xlinker __TEXT -Xlinker __debug_instlnm -Xlinker /tmp/MYR175-Classify-Baseline-iOS/Build/Intermediates.noindex/MyRAM.build/Debug-iphonesimulator/MyRAMWidgetExtension.build/MyRAMWidgetExtension-DebugDylibInstallName-normal-arm64.txt -Xlinker -filelist -Xlinker /tmp/MYR175-Classify-Baseline-iOS/Build/Intermediates.noindex/MyRAM.build/Debug-iphonesimulator/MyRAMWidgetExtension.build/MyRAMWidgetExtension-ExecutorLinkFileList-normal-arm64.txt /tmp/MYR175-Classify-Baseline-iOS/Build/Products/Debug-iphonesimulator/MyRAMWidgetExtension.appex/MyRAMWidgetExtension.debug.dylib -o /tmp/MYR175-Classify-Baseline-iOS/Build/Products/Debug-iphonesimulator/MyRAMWidgetExtension.appex/MyRAMWidgetExtension

ExtractAppIntentsMetadata (in target 'MyRAMWidgetExtension' from project 'MyRAM')
    cd /Users/runner/work/MyRAM-iOS/MyRAM-iOS/Baseline
    /Applications/Xcode_26.5.app/Contents/Developer/Toolchains/XcodeDefault.xctoolchain/usr/bin/appintentsmetadataprocessor --toolchain-dir /var/run/com.apple.security.cryptexd/mnt/com.apple.MobileAsset.MetalToolchain-v17.6.42.0.IemA5J/Metal.xctoolchain --module-name MyRAMWidgetExtension --sdk-root /Applications/Xcode_26.5.app/Contents/Developer/Platforms/iPhoneSimulator.platform/Developer/SDKs/iPhoneSimulator26.5.sdk --xcode-version 17F42 --platform-family iOS --deployment-target 17.0 --bundle-identifier com.northsignalstudio.myram.dev.widget --output /tmp/MYR175-Classify-Baseline-iOS/Build/Products/Debug-iphonesimulator/MyRAMWidgetExtension.appex --target-triple arm64-apple-ios17.0-simulator --binary-file /tmp/MYR175-Classify-Baseline-iOS/Build/Products/Debug-iphonesimulator/MyRAMWidgetExtension.appex/MyRAMWidgetExtension --dependency-file /tmp/MYR175-Classify-Baseline-iOS/Build/Intermediates.noindex/MyRAM.build/Debug-iphonesimulator/MyRAMWidgetExtension.build/Objects-normal/arm64/MyRAMWidgetExtension_dependency_info.dat --stringsdata-file /tmp/MYR175-Classify-Baseline-iOS/Build/Intermediates.noindex/MyRAM.build/Debug-iphonesimulator/MyRAMWidgetExtension.build/Objects-normal/arm64/ExtractedAppShortcutsMetadata.stringsdata --source-file-list /tmp/MYR175-Classify-Baseline-iOS/Build/Intermediates.noindex/MyRAM.build/Debug-iphonesimulator/MyRAMWidgetExtension.build/Objects-normal/arm64/MyRAMWidgetExtension.SwiftFileList --metadata-file-list /tmp/MYR175-Classify-Baseline-iOS/Build/Intermediates.noindex/MyRAM.build/Debug-iphonesimulator/MyRAMWidgetExtension.build/MyRAMWidgetExtension.DependencyMetadataFileList --static-metadata-file-list /tmp/MYR175-Classify-Baseline-iOS/Build/Intermediates.noindex/MyRAM.build/Debug-iphonesimulator/MyRAMWidgetExtension.build/MyRAMWidgetExtension.DependencyStaticMetadataFileList --swift-const-vals-list /tmp/MYR175-Classify-Baseline-iOS/Build/Intermediates.noindex/MyRAM.build/Debug-iphonesimulator/MyRAMWidgetExtension.build/Objects-normal/arm64/MyRAMWidgetExtension.SwiftConstValuesFileList --compile-time-extraction --deployment-aware-processing --validate-assistant-intents --no-app-shortcuts-localization
2026-08-04 15:34:41.344 appintentsmetadataprocessor[7521:28432] Starting appintentsmetadataprocessor export
2026-08-04 15:34:41.377 appintentsmetadataprocessor[7521:28432] Extracted no relevant App Intents symbols, skipping writing output

AppIntentsSSUTraining (in target 'MyRAMWidgetExtension' from project 'MyRAM')
    cd /Users/runner/work/MyRAM-iOS/MyRAM-iOS/Baseline
    /Applications/Xcode_26.5.app/Contents/Developer/Toolchains/XcodeDefault.xctoolchain/usr/bin/appintentsnltrainingprocessor --infoplist-path /tmp/MYR175-Classify-Baseline-iOS/Build/Products/Debug-iphonesimulator/MyRAMWidgetExtension.appex/Info.plist --temp-dir-path /tmp/MYR175-Classify-Baseline-iOS/Build/Intermediates.noindex/MyRAM.build/Debug-iphonesimulator/MyRAMWidgetExtension.build/ssu --bundle-id com.northsignalstudio.myram.dev.widget --product-path /tmp/MYR175-Classify-Baseline-iOS/Build/Products/Debug-iphonesimulator/MyRAMWidgetExtension.appex --extracted-metadata-path /tmp/MYR175-Classify-Baseline-iOS/Build/Products/Debug-iphonesimulator/MyRAMWidgetExtension.appex/Metadata.appintents --metadata-file-list /tmp/MYR175-Classify-Baseline-iOS/Build/Intermediates.noindex/MyRAM.build/Debug-iphonesimulator/MyRAMWidgetExtension.build/MyRAMWidgetExtension.DependencyMetadataFileList --source-file /tmp/MYR175-Classify-Baseline-iOS/Build/Products/Debug-iphonesimulator/MyRAMWidgetExtension.appex/Info.plist --archive-ssu-assets
2026-08-04 15:34:41.427 appintentsnltrainingprocessor[7522:28447] Parsing options for appintentsnltrainingprocessor
2026-08-04 15:34:41.429 appintentsnltrainingprocessor[7522:28447] Starting AppIntents SSU YAML Generation
2026-08-04 15:34:41.434 appintentsnltrainingprocessor[7522:28447] No AppShortcuts found - Skipping.

RegisterExecutionPolicyException /tmp/MYR175-Classify-Baseline-iOS/Build/Products/Debug-iphonesimulator/MyRAMWidgetExtension.appex (in target 'MyRAMWidgetExtension' from project 'MyRAM')
    cd /Users/runner/work/MyRAM-iOS/MyRAM-iOS/Baseline
    builtin-RegisterExecutionPolicyException /tmp/MYR175-Classify-Baseline-iOS/Build/Products/Debug-iphonesimulator/MyRAMWidgetExtension.appex

Touch /tmp/MYR175-Classify-Baseline-iOS/Build/Products/Debug-iphonesimulator/MyRAMWidgetExtension.appex (in target 'MyRAMWidgetExtension' from project 'MyRAM')
    cd /Users/runner/work/MyRAM-iOS/MyRAM-iOS/Baseline
    /usr/bin/touch -c /tmp/MYR175-Classify-Baseline-iOS/Build/Products/Debug-iphonesimulator/MyRAMWidgetExtension.appex

ValidateDevelopmentAssets /tmp/MYR175-Classify-Baseline-iOS/Build/Intermediates.noindex/MyRAM.build/Debug-iphonesimulator/MyRAM.build (in target 'MyRAM' from project 'MyRAM')
    cd /Users/runner/work/MyRAM-iOS/MyRAM-iOS/Baseline
    builtin-validate-development-assets --validate YES_ERROR /Users/runner/work/MyRAM-iOS/MyRAM-iOS/Baseline/MyRAM/Preview\ Content

Ld /tmp/MYR175-Classify-Baseline-iOS/Build/Products/Debug-iphonesimulator/MyRAM.app/__preview.dylib normal (in target 'MyRAM' from project 'MyRAM')
    cd /Users/runner/work/MyRAM-iOS/MyRAM-iOS/Baseline
    /Applications/Xcode_26.5.app/Contents/Developer/Toolchains/XcodeDefault.xctoolchain/usr/bin/clang -Xlinker -reproducible -target arm64-apple-ios17.0-simulator -dynamiclib -isysroot /Applications/Xcode_26.5.app/Contents/Developer/Platforms/iPhoneSimulator.platform/Developer/SDKs/iPhoneSimulator26.5.sdk -O0 -L/tmp/MYR175-Classify-Baseline-iOS/Build/Products/Debug-iphonesimulator -F/tmp/MYR175-Classify-Baseline-iOS/Build/Products/Debug-iphonesimulator/PackageFrameworks -F/tmp/MYR175-Classify-Baseline-iOS/Build/Products/Debug-iphonesimulator/PackageFrameworks -F/tmp/MYR175-Classify-Baseline-iOS/Build/Products/Debug-iphonesimulator -install_name @rpath/MyRAM.debug.dylib -Xlinker -dead_strip -rdynamic -Xlinker -no_deduplicate -Xlinker -objc_abi_version -Xlinker 2 -Xlinker -dependency_info -Xlinker /tmp/MYR175-Classify-Baseline-iOS/Build/Intermediates.noindex/MyRAM.build/Debug-iphonesimulator/MyRAM.build/Objects-normal/arm64/MyRAM_dependency_info.dat -o /tmp/MYR175-Classify-Baseline-iOS/Build/Products/Debug-iphonesimulator/MyRAM.app/__preview.dylib

CpResource /tmp/MYR175-Classify-Baseline-iOS/Build/Products/Debug-iphonesimulator/MyRAM.app/.gitignore /Users/runner/work/MyRAM-iOS/MyRAM-iOS/Baseline/.gitignore (in target 'MyRAM' from project 'MyRAM')
    cd /Users/runner/work/MyRAM-iOS/MyRAM-iOS/Baseline
    builtin-copy -exclude .DS_Store -exclude CVS -exclude .svn -exclude .git -exclude .hg -resolve-src-symlinks /Users/runner/work/MyRAM-iOS/MyRAM-iOS/Baseline/.gitignore /tmp/MYR175-Classify-Baseline-iOS/Build/Products/Debug-iphonesimulator/MyRAM.app

Copy /tmp/MYR175-Classify-Baseline-iOS/Build/Products/Debug-iphonesimulator/MyRAM.app/Frameworks/libXCTestSwiftSupport.dylib /Applications/Xcode_26.5.app/Contents/Developer/Platforms/iPhoneSimulator.platform/Developer/usr/lib/libXCTestSwiftSupport.dylib (in target 'MyRAM' from project 'MyRAM')
    cd /Users/runner/work/MyRAM-iOS/MyRAM-iOS/Baseline
    builtin-copy -exclude .DS_Store -exclude CVS -exclude .svn -exclude .git -exclude .hg -exclude Headers -exclude PrivateHeaders -exclude Modules -exclude \*.tbd -resolve-src-symlinks /Applications/Xcode_26.5.app/Contents/Developer/Platforms/iPhoneSimulator.platform/Developer/usr/lib/libXCTestSwiftSupport.dylib /tmp/MYR175-Classify-Baseline-iOS/Build/Products/Debug-iphonesimulator/MyRAM.app/Frameworks

Copy /tmp/MYR175-Classify-Baseline-iOS/Build/Products/Debug-iphonesimulator/MyRAM.app/Frameworks/libXCTestBundleInject.dylib /Applications/Xcode_26.5.app/Contents/Developer/Platforms/iPhoneSimulator.platform/Developer/usr/lib/libXCTestBundleInject.dylib (in target 'MyRAM' from project 'MyRAM')
    cd /Users/runner/work/MyRAM-iOS/MyRAM-iOS/Baseline
    builtin-copy -exclude .DS_Store -exclude CVS -exclude .svn -exclude .git -exclude .hg -exclude Headers -exclude PrivateHeaders -exclude Modules -exclude \*.tbd -resolve-src-symlinks /Applications/Xcode_26.5.app/Contents/Developer/Platforms/iPhoneSimulator.platform/Developer/usr/lib/libXCTestBundleInject.dylib /tmp/MYR175-Classify-Baseline-iOS/Build/Products/Debug-iphonesimulator/MyRAM.app/Frameworks

Copy /tmp/MYR175-Classify-Baseline-iOS/Build/Products/Debug-iphonesimulator/MyRAM.app/Frameworks/XCUnit.framework /Applications/Xcode_26.5.app/Contents/Developer/Platforms/iPhoneSimulator.platform/Developer/Library/PrivateFrameworks/XCUnit.framework (in target 'MyRAM' from project 'MyRAM')
    cd /Users/runner/work/MyRAM-iOS/MyRAM-iOS/Baseline
    builtin-copy -exclude .DS_Store -exclude CVS -exclude .svn -exclude .git -exclude .hg -exclude Headers -exclude PrivateHeaders -exclude Modules -exclude \*.tbd -resolve-src-symlinks /Applications/Xcode_26.5.app/Contents/Developer/Platforms/iPhoneSimulator.platform/Developer/Library/PrivateFrameworks/XCUnit.framework /tmp/MYR175-Classify-Baseline-iOS/Build/Products/Debug-iphonesimulator/MyRAM.app/Frameworks

Copy /tmp/MYR175-Classify-Baseline-iOS/Build/Products/Debug-iphonesimulator/MyRAM.app/Frameworks/XCUIAutomation.framework /Applications/Xcode_26.5.app/Contents/Developer/Platforms/iPhoneSimulator.platform/Developer/Library/Frameworks/XCUIAutomation.framework (in target 'MyRAM' from project 'MyRAM')
    cd /Users/runner/work/MyRAM-iOS/MyRAM-iOS/Baseline
    builtin-copy -exclude .DS_Store -exclude CVS -exclude .svn -exclude .git -exclude .hg -exclude Headers -exclude PrivateHeaders -exclude Modules -exclude \*.tbd -resolve-src-symlinks /Applications/Xcode_26.5.app/Contents/Developer/Platforms/iPhoneSimulator.platform/Developer/Library/Frameworks/XCUIAutomation.framework /tmp/MYR175-Classify-Baseline-iOS/Build/Products/Debug-iphonesimulator/MyRAM.app/Frameworks

Copy /tmp/MYR175-Classify-Baseline-iOS/Build/Products/Debug-iphonesimulator/MyRAM.app/Frameworks/XCTestSupport.framework /Applications/Xcode_26.5.app/Contents/Developer/Platforms/iPhoneSimulator.platform/Developer/Library/PrivateFrameworks/XCTestSupport.framework (in target 'MyRAM' from project 'MyRAM')
    cd /Users/runner/work/MyRAM-iOS/MyRAM-iOS/Baseline
    builtin-copy -exclude .DS_Store -exclude CVS -exclude .svn -exclude .git -exclude .hg -exclude Headers -exclude PrivateHeaders -exclude Modules -exclude \*.tbd -resolve-src-symlinks /Applications/Xcode_26.5.app/Contents/Developer/Platforms/iPhoneSimulator.platform/Developer/Library/PrivateFrameworks/XCTestSupport.framework /tmp/MYR175-Classify-Baseline-iOS/Build/Products/Debug-iphonesimulator/MyRAM.app/Frameworks

Copy /tmp/MYR175-Classify-Baseline-iOS/Build/Products/Debug-iphonesimulator/MyRAM.app/Frameworks/XCTestCore.framework /Applications/Xcode_26.5.app/Contents/Developer/Platforms/iPhoneSimulator.platform/Developer/Library/PrivateFrameworks/XCTestCore.framework (in target 'MyRAM' from project 'MyRAM')
    cd /Users/runner/work/MyRAM-iOS/MyRAM-iOS/Baseline
    builtin-copy -exclude .DS_Store -exclude CVS -exclude .svn -exclude .git -exclude .hg -exclude Headers -exclude PrivateHeaders -exclude Modules -exclude \*.tbd -resolve-src-symlinks /Applications/Xcode_26.5.app/Contents/Developer/Platforms/iPhoneSimulator.platform/Developer/Library/PrivateFrameworks/XCTestCore.framework /tmp/MYR175-Classify-Baseline-iOS/Build/Products/Debug-iphonesimulator/MyRAM.app/Frameworks

Copy /tmp/MYR175-Classify-Baseline-iOS/Build/Products/Debug-iphonesimulator/MyRAM.app/Frameworks/XCTest.framework /Applications/Xcode_26.5.app/Contents/Developer/Platforms/iPhoneSimulator.platform/Developer/Library/Frameworks/XCTest.framework (in target 'MyRAM' from project 'MyRAM')
    cd /Users/runner/work/MyRAM-iOS/MyRAM-iOS/Baseline
    builtin-copy -exclude .DS_Store -exclude CVS -exclude .svn -exclude .git -exclude .hg -exclude Headers -exclude PrivateHeaders -exclude Modules -exclude \*.tbd -resolve-src-symlinks /Applications/Xcode_26.5.app/Contents/Developer/Platforms/iPhoneSimulator.platform/Developer/Library/Frameworks/XCTest.framework /tmp/MYR175-Classify-Baseline-iOS/Build/Products/Debug-iphonesimulator/MyRAM.app/Frameworks

Copy /tmp/MYR175-Classify-Baseline-iOS/Build/Products/Debug-iphonesimulator/MyRAM.app/Frameworks/XCTAutomationSupport.framework /Applications/Xcode_26.5.app/Contents/Developer/Platforms/iPhoneSimulator.platform/Developer/Library/PrivateFrameworks/XCTAutomationSupport.framework (in target 'MyRAM' from project 'MyRAM')
    cd /Users/runner/work/MyRAM-iOS/MyRAM-iOS/Baseline
    builtin-copy -exclude .DS_Store -exclude CVS -exclude .svn -exclude .git -exclude .hg -exclude Headers -exclude PrivateHeaders -exclude Modules -exclude \*.tbd -resolve-src-symlinks /Applications/Xcode_26.5.app/Contents/Developer/Platforms/iPhoneSimulator.platform/Developer/Library/PrivateFrameworks/XCTAutomationSupport.framework /tmp/MYR175-Classify-Baseline-iOS/Build/Products/Debug-iphonesimulator/MyRAM.app/Frameworks

Copy /tmp/MYR175-Classify-Baseline-iOS/Build/Products/Debug-iphonesimulator/MyRAM.app/Frameworks/Testing.framework /Applications/Xcode_26.5.app/Contents/Developer/Platforms/iPhoneSimulator.platform/Developer/Library/Frameworks/Testing.framework (in target 'MyRAM' from project 'MyRAM')
    cd /Users/runner/work/MyRAM-iOS/MyRAM-iOS/Baseline
    builtin-copy -exclude .DS_Store -exclude CVS -exclude .svn -exclude .git -exclude .hg -exclude Headers -exclude PrivateHeaders -exclude Modules -exclude \*.tbd -resolve-src-symlinks /Applications/Xcode_26.5.app/Contents/Developer/Platforms/iPhoneSimulator.platform/Developer/Library/Frameworks/Testing.framework /tmp/MYR175-Classify-Baseline-iOS/Build/Products/Debug-iphonesimulator/MyRAM.app/Frameworks

Copy /tmp/MYR175-Classify-Baseline-iOS/Build/Products/Debug-iphonesimulator/MyRAM.app/Frameworks/AnchoredSequenceCore_-65B9EEE52AB2106_PackageProduct.framework /tmp/MYR175-Classify-Baseline-iOS/Build/Products/Debug-iphonesimulator/PackageFrameworks/AnchoredSequenceCore_-65B9EEE52AB2106_PackageProduct.framework (in target 'MyRAM' from project 'MyRAM')
    cd /Users/runner/work/MyRAM-iOS/MyRAM-iOS/Baseline
    builtin-copy -exclude .DS_Store -exclude CVS -exclude .svn -exclude .git -exclude .hg -resolve-src-symlinks -remove-static-executable /tmp/MYR175-Classify-Baseline-iOS/Build/Products/Debug-iphonesimulator/PackageFrameworks/AnchoredSequenceCore_-65B9EEE52AB2106_PackageProduct.framework /tmp/MYR175-Classify-Baseline-iOS/Build/Products/Debug-iphonesimulator/MyRAM.app/Frameworks

SwiftExplicitDependencyGeneratePcm arm64 /tmp/MYR175-Classify-Baseline-iOS/ModuleCache.noindex/ptrcheck-C0S5OU9X4ATYN8TMM1HX2V4KP.pcm

SwiftExplicitDependencyGeneratePcm arm64 /tmp/MYR175-Classify-Baseline-iOS/ModuleCache.noindex/SwiftShims-837FR652OYLSC7GXUCHJSEZA9.pcm

SwiftExplicitDependencyGeneratePcm arm64 /tmp/MYR175-Classify-Baseline-iOS/ModuleCache.noindex/_Builtin_stdbool-8X9JWZ4TCB49ZQ4Q0M9IJ1XXN.pcm

SwiftExplicitDependencyGeneratePcm arm64 /tmp/MYR175-Classify-Baseline-iOS/ModuleCache.noindex/_Builtin_stdarg-5ZA8IATXK0SJ9EMPK3Q12DHE4.pcm

SwiftExplicitDependencyGeneratePcm arm64 /tmp/MYR175-Classify-Baseline-iOS/ModuleCache.noindex/_Builtin_float-3CGA21OZXWQFP8OXYV44JBCCF.pcm

SwiftExplicitDependencyGeneratePcm arm64 /tmp/MYR175-Classify-Baseline-iOS/ModuleCache.noindex/_Builtin_stddef-6KXS8SM6JEAYZRJ7L28LL5C5X.pcm

SwiftExplicitDependencyGeneratePcm arm64 /tmp/MYR175-Classify-Baseline-iOS/ModuleCache.noindex/ActivityKit-CZMMZY5GTE8283K8P8OWNVD9Z.pcm

SwiftExplicitDependencyGeneratePcm arm64 /tmp/MYR175-Classify-Baseline-iOS/ModuleCache.noindex/DeveloperToolsSupport-BSOQ7YX2VW295EQUCWS564KI2.pcm

SwiftExplicitDependencyGeneratePcm arm64 /tmp/MYR175-Classify-Baseline-iOS/ModuleCache.noindex/ptrauth-43RQVLRGNL6BN3CNN45S832XV.pcm

SwiftExplicitDependencyGeneratePcm arm64 /tmp/MYR175-Classify-Baseline-iOS/ModuleCache.noindex/_AvailabilityInternal-ACZKEF3HDOYB1TP2VMNS9848F.pcm

SwiftExplicitDependencyGeneratePcm arm64 /tmp/MYR175-Classify-Baseline-iOS/ModuleCache.noindex/_SwiftConcurrencyShims-57QZ488GZLYW97BNKAFHZSFEU.pcm

SwiftExplicitDependencyGeneratePcm arm64 /tmp/MYR175-Classify-Baseline-iOS/ModuleCache.noindex/_DarwinFoundation1-E7DASAY400DPZQREP973BQX4R.pcm

SwiftExplicitDependencyGeneratePcm arm64 /tmp/MYR175-Classify-Baseline-iOS/ModuleCache.noindex/_DarwinFoundation2-26X1LODFACRLUUZQXKMJHITR3.pcm

SwiftExplicitDependencyGeneratePcm arm64 /tmp/MYR175-Classify-Baseline-iOS/ModuleCache.noindex/_Builtin_limits-DG9U0X5A5GUSBDPWAB1Z8D7Z.pcm

SwiftExplicitDependencyGeneratePcm arm64 /tmp/MYR175-Classify-Baseline-iOS/ModuleCache.noindex/ExtensionFoundation-2QEBFVHZ7XDEGNU6V2YBNRAQ3.pcm

SwiftExplicitDependencyGeneratePcm arm64 /tmp/MYR175-Classify-Baseline-iOS/ModuleCache.noindex/_Builtin_stdint-4V874UTJC8287CBWRQ4X7KB8B.pcm

SwiftExplicitDependencyGeneratePcm arm64 /tmp/MYR175-Classify-Baseline-iOS/ModuleCache.noindex/_Builtin_tgmath-B1KZW4Y1CP6X03WWUGKXFY7ZW.pcm

SwiftExplicitDependencyGeneratePcm arm64 /tmp/MYR175-Classify-Baseline-iOS/ModuleCache.noindex/sys_types-4WY5N856BYVY57BFVLOC2M8KB.pcm

SwiftExplicitDependencyGeneratePcm arm64 /tmp/MYR175-Classify-Baseline-iOS/ModuleCache.noindex/_Builtin_stdatomic-AQ0K9R8IKVFGHAXRPWPPPR45E.pcm

SwiftExplicitDependencyGeneratePcm arm64 /tmp/MYR175-Classify-Baseline-iOS/ModuleCache.noindex/_DarwinFoundation3-DEOVLK36RN1GYZKI7XV5ORLQU.pcm

SwiftExplicitDependencyGeneratePcm arm64 /tmp/MYR175-Classify-Baseline-iOS/ModuleCache.noindex/_Builtin_intrinsics-55SQ646BSOL6E6J2PSOGLG724.pcm

SwiftExplicitDependencyGeneratePcm arm64 /tmp/MYR175-Classify-Baseline-iOS/ModuleCache.noindex/_Builtin_inttypes-3H8BJXNCKL4V8NNJ8E5N5RKSD.pcm

SwiftExplicitDependencyGeneratePcm arm64 /tmp/MYR175-Classify-Baseline-iOS/ModuleCache.noindex/Darwin-D8KWGT1XJS6T46YP4KJSQGXQK.pcm

SwiftExplicitDependencyGeneratePcm arm64 /tmp/MYR175-Classify-Baseline-iOS/ModuleCache.noindex/simd-7JIPZCEYIR10CILNS19PSIBLS.pcm

SwiftExplicitDependencyGeneratePcm arm64 /tmp/MYR175-Classify-Baseline-iOS/ModuleCache.noindex/ObjectiveC-1T0MAUIFXZ6XKAO448BV33XJD.pcm

SwiftExplicitDependencyGeneratePcm arm64 /tmp/MYR175-Classify-Baseline-iOS/ModuleCache.noindex/MachO-1JLYOCZM82YK6T35JMZ8FOLLU.pcm

SwiftExplicitDependencyGeneratePcm arm64 /tmp/MYR175-Classify-Baseline-iOS/ModuleCache.noindex/os_object-6XTD4WHFITZGA524VPOYMS081.pcm

SwiftExplicitDependencyGeneratePcm arm64 /tmp/MYR175-Classify-Baseline-iOS/ModuleCache.noindex/Spatial-8NQSPUMER2Y7QXX03KPHG5NQD.pcm

SwiftExplicitDependencyGeneratePcm arm64 /tmp/MYR175-Classify-Baseline-iOS/ModuleCache.noindex/os_workgroup-BTDBA40VTL2KZ3CJ375M63CCN.pcm

SwiftExplicitDependencyGeneratePcm arm64 /tmp/MYR175-Classify-Baseline-iOS/ModuleCache.noindex/Dispatch-3897A7BW2FD6D7UHZTD10PZJC.pcm

SwiftExplicitDependencyGeneratePcm arm64 /tmp/MYR175-Classify-Baseline-iOS/ModuleCache.noindex/XPC-3ZDRF6QECV2NIXMEF8XQFBKQJ.pcm

SwiftExplicitDependencyGeneratePcm arm64 /tmp/MYR175-Classify-Baseline-iOS/ModuleCache.noindex/dnssd-1SS1IFDJKI2LIVA7AH2N4MIJ8.pcm

SwiftExplicitDependencyGeneratePcm arm64 /tmp/MYR175-Classify-Baseline-iOS/ModuleCache.noindex/CoreFoundation-75NBZ30S0PZKGOX81GCXFA69O.pcm

SwiftExplicitDependencyGeneratePcm arm64 /tmp/MYR175-Classify-Baseline-iOS/ModuleCache.noindex/os-E9S8B2P9MVF8MDXBTD7O7TLG3.pcm

SwiftExplicitDependencyGeneratePcm arm64 /tmp/MYR175-Classify-Baseline-iOS/ModuleCache.noindex/CoreGraphics-DI4PKH07T25G407T6N6B3JKUS.pcm

SwiftExplicitDependencyGeneratePcm arm64 /tmp/MYR175-Classify-Baseline-iOS/ModuleCache.noindex/Security-23PHN4TQ4SLYD8B0MEFTNZIWA.pcm

SwiftExplicitDependencyGeneratePcm arm64 /tmp/MYR175-Classify-Baseline-iOS/ModuleCache.noindex/CoreAudioTypes-2FDX4GWGAEKBZNRP053XJN1S6.pcm

SwiftExplicitDependencyGeneratePcm arm64 /tmp/MYR175-Classify-Baseline-iOS/ModuleCache.noindex/CFNetwork-6NWU7TPSUAPJR4P66AU6DBFY7.pcm

SwiftExplicitDependencyGeneratePcm arm64 /tmp/MYR175-Classify-Baseline-iOS/ModuleCache.noindex/ImageIO-BKNFVNDZ7SYGTA8K1BV9IOKCU.pcm

SwiftExplicitDependencyGeneratePcm arm64 /tmp/MYR175-Classify-Baseline-iOS/ModuleCache.noindex/CoreAudio-5OHFL1S40ZM40JRP7ZY4K755Y.pcm

SwiftExplicitDependencyGeneratePcm arm64 /tmp/MYR175-Classify-Baseline-iOS/ModuleCache.noindex/CoreText-3Z86AKTXDXTO9FRER9ON6XTQ7.pcm

SwiftExplicitDependencyGeneratePcm arm64 /tmp/MYR175-Classify-Baseline-iOS/ModuleCache.noindex/Foundation-HKF3DYLVGRCTONX2807BGYVJ.pcm

LinkAssetCatalog /Users/runner/work/MyRAM-iOS/MyRAM-iOS/Baseline/MyRAM/Preview\ Content/Preview\ Assets.xcassets /Users/runner/work/MyRAM-iOS/MyRAM-iOS/Baseline/MyRAM/Assets.xcassets (in target 'MyRAM' from project 'MyRAM')
    cd /Users/runner/work/MyRAM-iOS/MyRAM-iOS/Baseline
    builtin-linkAssetCatalog --thinned /tmp/MYR175-Classify-Baseline-iOS/Build/Intermediates.noindex/MyRAM.build/Debug-iphonesimulator/MyRAM.build/assetcatalog_output/thinned --thinned-dependencies /tmp/MYR175-Classify-Baseline-iOS/Build/Intermediates.noindex/MyRAM.build/Debug-iphonesimulator/MyRAM.build/assetcatalog_dependencies_thinned --thinned-info-plist-content /tmp/MYR175-Classify-Baseline-iOS/Build/Intermediates.noindex/MyRAM.build/Debug-iphonesimulator/MyRAM.build/assetcatalog_generated_info.plist_thinned --unthinned /tmp/MYR175-Classify-Baseline-iOS/Build/Intermediates.noindex/MyRAM.build/Debug-iphonesimulator/MyRAM.build/assetcatalog_output/unthinned --unthinned-dependencies /tmp/MYR175-Classify-Baseline-iOS/Build/Intermediates.noindex/MyRAM.build/Debug-iphonesimulator/MyRAM.build/assetcatalog_dependencies_unthinned --unthinned-info-plist-content /tmp/MYR175-Classify-Baseline-iOS/Build/Intermediates.noindex/MyRAM.build/Debug-iphonesimulator/MyRAM.build/assetcatalog_generated_info.plist_unthinned --output /tmp/MYR175-Classify-Baseline-iOS/Build/Products/Debug-iphonesimulator/MyRAM.app --plist-output /tmp/MYR175-Classify-Baseline-iOS/Build/Intermediates.noindex/MyRAM.build/Debug-iphonesimulator/MyRAM.build/assetcatalog_generated_info.plist
note: Emplaced /tmp/MYR175-Classify-Baseline-iOS/Build/Products/Debug-iphonesimulator/MyRAM.app/AppIcon60x60@2x.png (in target 'MyRAM' from project 'MyRAM')
note: Emplaced /tmp/MYR175-Classify-Baseline-iOS/Build/Products/Debug-iphonesimulator/MyRAM.app/Assets.car (in target 'MyRAM' from project 'MyRAM')
note: Emplaced /tmp/MYR175-Classify-Baseline-iOS/Build/Products/Debug-iphonesimulator/MyRAM.app/AppIcon76x76@2x~ipad.png (in target 'MyRAM' from project 'MyRAM')

SwiftExplicitDependencyGeneratePcm arm64 /tmp/MYR175-Classify-Baseline-iOS/ModuleCache.noindex/LocalAuthentication-BQXD63KBUXFK9CO4YQYP4E1XM.pcm

SwiftExplicitDependencyGeneratePcm arm64 /tmp/MYR175-Classify-Baseline-iOS/ModuleCache.noindex/CoreData-8FQCT5OJO1UEPFYD61ICHG5R0.pcm

SwiftExplicitDependencyGeneratePcm arm64 /tmp/MYR175-Classify-Baseline-iOS/ModuleCache.noindex/WidgetKit-BCNTNF1M4Y795LW4MZEW9STA8.pcm

SwiftExplicitDependencyGeneratePcm arm64 /tmp/MYR175-Classify-Baseline-iOS/ModuleCache.noindex/Accessibility-SOL1FAD9ZSAZXUWFL57HMGU7.pcm

SwiftExplicitDependencyGeneratePcm arm64 /tmp/MYR175-Classify-Baseline-iOS/ModuleCache.noindex/UIUtilities-4ZS4KVFZM633CPMPZKZ61ST2I.pcm

SwiftExplicitDependencyGeneratePcm arm64 /tmp/MYR175-Classify-Baseline-iOS/ModuleCache.noindex/UserNotifications-49L0AEW0NT379ILAXIP06Y8KC.pcm

SwiftExplicitDependencyGeneratePcm arm64 /tmp/MYR175-Classify-Baseline-iOS/ModuleCache.noindex/Symbols-49NWPNKHQ78S6BSVU9J3AXFPK.pcm

SwiftExplicitDependencyGeneratePcm arm64 /tmp/MYR175-Classify-Baseline-iOS/ModuleCache.noindex/DataDetection-B8O4LMZJ21T7RXZFRYXFI1IMF.pcm

SwiftExplicitDependencyGeneratePcm arm64 /tmp/MYR175-Classify-Baseline-iOS/ModuleCache.noindex/CoreMIDI-BC5KXM33PV01GXC3QHEMGOB73.pcm

SwiftExplicitDependencyGeneratePcm arm64 /tmp/MYR175-Classify-Baseline-iOS/ModuleCache.noindex/IOSurface-A1D3MBXZ81W5WD6GAU0P2VZUQ.pcm

SwiftExplicitDependencyGeneratePcm arm64 /tmp/MYR175-Classify-Baseline-iOS/ModuleCache.noindex/OpenGLES-WAYBXC1GGVUZE7QKQ1JM1SXP.pcm

SwiftExplicitDependencyGeneratePcm arm64 /tmp/MYR175-Classify-Baseline-iOS/ModuleCache.noindex/FileProvider-5OPV5W7N7VY3580C4YZU4O6AS.pcm

SwiftExplicitDependencyGeneratePcm arm64 /tmp/MYR175-Classify-Baseline-iOS/ModuleCache.noindex/UniformTypeIdentifiers-BEPCMBM22RNG0T4HXNREFOP67.pcm

SwiftExplicitDependencyGeneratePcm arm64 /tmp/MYR175-Classify-Baseline-iOS/ModuleCache.noindex/NaturalLanguage-1RK0JYN73XF4WEBL6IGX0PG28.pcm

SwiftExplicitDependencyGeneratePcm arm64 /tmp/MYR175-Classify-Baseline-iOS/ModuleCache.noindex/_LocationEssentials-914DDT2A5O78BGZ90YZH9B6KU.pcm

SwiftExplicitDependencyGeneratePcm arm64 /tmp/MYR175-Classify-Baseline-iOS/ModuleCache.noindex/RelevanceKit-6XCNH16DBSVIOMZTDSPF6WIX2.pcm

SwiftExplicitDependencyGeneratePcm arm64 /tmp/MYR175-Classify-Baseline-iOS/ModuleCache.noindex/CoreSpotlight-CS7F7NHA4VYTYQ5T6IS0P1IIU.pcm

SwiftExplicitDependencyGeneratePcm arm64 /tmp/MYR175-Classify-Baseline-iOS/ModuleCache.noindex/AppIntents-8CBRLYO2G5079QFJ68N0LTJ17.pcm

SwiftExplicitDependencyGeneratePcm arm64 /tmp/MYR175-Classify-Baseline-iOS/ModuleCache.noindex/Metal-DC2XLZHNHH61Y572SLF40O5Y0.pcm

SwiftExplicitDependencyGeneratePcm arm64 /tmp/MYR175-Classify-Baseline-iOS/ModuleCache.noindex/CoreLocation-50Z6CZ36P00LJK0A2SGSKNESR.pcm

SwiftExplicitDependencyGeneratePcm arm64 /tmp/MYR175-Classify-Baseline-iOS/ModuleCache.noindex/OSLog-7R9MGOQZXTO4GP2HU4ZCGSDI6.pcm

SwiftExplicitDependencyGeneratePcm arm64 /tmp/MYR175-Classify-Baseline-iOS/ModuleCache.noindex/CoreTransferable-C453ZWYYCK1OSFS7INS5A1LUG.pcm

SwiftExplicitDependencyGeneratePcm arm64 /tmp/MYR175-Classify-Baseline-iOS/ModuleCache.noindex/Intents-ECLOBZUPO34BAQ4AV5LE4LI31.pcm

SwiftExplicitDependencyGeneratePcm arm64 /tmp/MYR175-Classify-Baseline-iOS/ModuleCache.noindex/AudioToolbox-AZ1Z6EZLTNOGAQ85X0UF1F3VS.pcm

SwiftExplicitDependencyGeneratePcm arm64 /tmp/MYR175-Classify-Baseline-iOS/ModuleCache.noindex/CoreVideo-EEK53WTXNBEVHGHB7DM673N73.pcm

SwiftExplicitDependencyGeneratePcm arm64 /tmp/MYR175-Classify-Baseline-iOS/ModuleCache.noindex/Network-DIAD8UL6ITA812EV2YVZCJE5K.pcm

SwiftExplicitDependencyGeneratePcm arm64 /tmp/MYR175-Classify-Baseline-iOS/ModuleCache.noindex/CoreMedia-BR9S3B1GBT7L1KMCC304YNY0D.pcm

SwiftExplicitDependencyGeneratePcm arm64 /tmp/MYR175-Classify-Baseline-iOS/ModuleCache.noindex/CoreML-68JCT0G5GJQM3WM4YM5KD8O4K.pcm

SwiftExplicitDependencyGeneratePcm arm64 /tmp/MYR175-Classify-Baseline-iOS/ModuleCache.noindex/AVRouting-ANSYP5NBP0NNQUCSCJHYMB4PZ.pcm

SwiftExplicitDependencyGeneratePcm arm64 /tmp/MYR175-Classify-Baseline-iOS/ModuleCache.noindex/QuartzCore-3YCZZVYHNNNX26BBZD9W0BGVU.pcm

SwiftExplicitDependencyGeneratePcm arm64 /tmp/MYR175-Classify-Baseline-iOS/ModuleCache.noindex/AVFAudio-25FEV86JJUGCCC4FIOH8SJT3N.pcm

SwiftExplicitDependencyGeneratePcm arm64 /tmp/MYR175-Classify-Baseline-iOS/ModuleCache.noindex/Vision-5QV1E490RMMNFB8BDXHF40DPB.pcm

SwiftExplicitDependencyGeneratePcm arm64 /tmp/MYR175-Classify-Baseline-iOS/ModuleCache.noindex/CoreImage-EB2LHSZI888PE1EMICPP8EFQC.pcm

SwiftExplicitDependencyGeneratePcm arm64 /tmp/MYR175-Classify-Baseline-iOS/ModuleCache.noindex/Accelerate-9JXFSU1KUF5HBTTXMTB5MSF8H.pcm

SwiftExplicitDependencyGeneratePcm arm64 /tmp/MYR175-Classify-Baseline-iOS/ModuleCache.noindex/MediaToolbox-5KPET1WRR8V5Y6162DVC5PE79.pcm

SwiftExplicitDependencyGeneratePcm arm64 /tmp/MYR175-Classify-Baseline-iOS/ModuleCache.noindex/SwiftUICore-4V7GC6XABEMYU1095YTSN8WLY.pcm

SwiftExplicitDependencyGeneratePcm arm64 /tmp/MYR175-Classify-Baseline-iOS/ModuleCache.noindex/UIKit-4YSVK51ICGHRSMINA45HYBZZN.pcm

SwiftExplicitDependencyGeneratePcm arm64 /tmp/MYR175-Classify-Baseline-iOS/ModuleCache.noindex/AVFoundation-2KVN0EODK5QXNLDQH1LV4BEQ.pcm

SwiftExplicitDependencyGeneratePcm arm64 /tmp/MYR175-Classify-Baseline-iOS/ModuleCache.noindex/Photos-E8R6ZAYCCKT3XSGP2WYW2B2YV.pcm

SwiftExplicitDependencyGeneratePcm arm64 /tmp/MYR175-Classify-Baseline-iOS/ModuleCache.noindex/SwiftUI-AXVY6OIMRXMZ7T2XE8MGOKH2A.pcm

SwiftExplicitDependencyGeneratePcm arm64 /tmp/MYR175-Classify-Baseline-iOS/ModuleCache.noindex/MultipeerConnectivity-9MJZ11TNS6VDETOQSCVIDT7QX.pcm

SwiftExplicitDependencyGeneratePcm arm64 /tmp/MYR175-Classify-Baseline-iOS/ModuleCache.noindex/PhotosUI-EER0BHZ08RGEW2I2TQJNTKIIS.pcm

SwiftExplicitDependencyGeneratePcm arm64 /tmp/MYR175-Classify-Baseline-iOS/ModuleCache.noindex/VisionKit-9L19EP0JCTIUCUZVK1J6VUPDC.pcm

SwiftEmitModule normal arm64 Emitting\ module\ for\ MyRAM (in target 'MyRAM' from project 'MyRAM')

EmitSwiftModule normal arm64 (in target 'MyRAM' from project 'MyRAM')
    cd /Users/runner/work/MyRAM-iOS/MyRAM-iOS/Baseline
    

SwiftCompile normal arm64 Compiling\ MyRAMWidgetSnapshotStore.swift,\ MyRAMWidgetSnapshot.swift,\ MyRAMWidgetDeepLink.swift,\ MyRAMWidgetRuntimeConfiguration.swift,\ MyRAMWidgetSnapshotCodec.swift,\ PendingSyncRecoveryJournal.swift,\ SyncRecoveryStateBuilder.swift,\ EditorTextPlacementResolver.swift,\ NearbySyncView.swift,\ SyncConflictViews.swift,\ IPhoneSyncBatchAccumulator.swift,\ IPhoneSyncBatchCaptureHook.swift,\ IPhoneSyncBatchApplier.swift,\ DebugDemoDataGenerator.swift,\ EditorPasteFormatter.swift,\ EditorTimingPolicy.swift,\ SyncStatusIndicator.swift,\ MyRAMPlatform.swift,\ EditorSelectionProfiling.swift,\ EditorSearchHighlighting.swift,\ EditorSearchMatchResolver.swift,\ EditorSearchSession.swift,\ EditorRichTextContentCodec.swift /Users/runner/work/MyRAM-iOS/MyRAM-iOS/Baseline/MyRAM/WidgetShared/MyRAMWidgetSnapshotStore.swift /Users/runner/work/MyRAM-iOS/MyRAM-iOS/Baseline/MyRAM/WidgetShared/MyRAMWidgetSnapshot.swift /Users/runner/work/MyRAM-iOS/MyRAM-iOS/Baseline/MyRAM/WidgetShared/MyRAMWidgetDeepLink.swift /Users/runner/work/MyRAM-iOS/MyRAM-iOS/Baseline/MyRAM/WidgetShared/MyRAMWidgetRuntimeConfiguration.swift /Users/runner/work/MyRAM-iOS/MyRAM-iOS/Baseline/MyRAM/WidgetShared/MyRAMWidgetSnapshotCodec.swift /Users/runner/work/MyRAM-iOS/MyRAM-iOS/Baseline/MyRAM/Sync/Recovery/PendingSyncRecoveryJournal.swift /Users/runner/work/MyRAM-iOS/MyRAM-iOS/Baseline/MyRAM/Sync/Recovery/SyncRecoveryStateBuilder.swift /Users/runner/work/MyRAM-iOS/MyRAM-iOS/Baseline/MyRAM/Views/Editor/EditorTextPlacementResolver.swift /Users/runner/work/MyRAM-iOS/MyRAM-iOS/Baseline/MyRAM/Views/NearbySyncView.swift /Users/runner/work/MyRAM-iOS/MyRAM-iOS/Baseline/MyRAM/Views/SyncConflictViews.swift /Users/runner/work/MyRAM-iOS/MyRAM-iOS/Baseline/MyRAM/iOS/Sync/Batch/IPhoneSyncBatchAccumulator.swift /Users/runner/work/MyRAM-iOS/MyRAM-iOS/Baseline/MyRAM/iOS/Sync/Batch/IPhoneSyncBatchCaptureHook.swift /Users/runner/work/MyRAM-iOS/MyRAM-iOS/Baseline/MyRAM/iOS/Sync/Batch/IPhoneSyncBatchApplier.swift /Users/runner/work/MyRAM-iOS/MyRAM-iOS/Baseline/MyRAM/DebugDemoDataGenerator.swift /Users/runner/work/MyRAM-iOS/MyRAM-iOS/Baseline/MyRAM/Views/Editor/EditorPasteFormatter.swift /Users/runner/work/MyRAM-iOS/MyRAM-iOS/Baseline/MyRAM/Views/Editor/EditorTimingPolicy.swift /Users/runner/work/MyRAM-iOS/MyRAM-iOS/Baseline/MyRAM/Views/SyncStatusIndicator.swift /Users/runner/work/MyRAM-iOS/MyRAM-iOS/Baseline/MyRAM/Platform/MyRAMPlatform.swift /Users/runner/work/MyRAM-iOS/MyRAM-iOS/Baseline/MyRAM/Views/Editor/EditorSelectionProfiling.swift /Users/runner/work/MyRAM-iOS/MyRAM-iOS/Baseline/MyRAM/Views/Editor/EditorSearchHighlighting.swift /Users/runner/work/MyRAM-iOS/MyRAM-iOS/Baseline/MyRAM/Views/Editor/EditorSearchMatchResolver.swift /Users/runner/work/MyRAM-iOS/MyRAM-iOS/Baseline/MyRAM/Views/Editor/EditorSearchSession.swift /Users/runner/work/MyRAM-iOS/MyRAM-iOS/Baseline/MyRAM/Views/Editor/EditorRichTextContentCodec.swift (in target 'MyRAM' from project 'MyRAM')
SwiftCompile normal arm64 /Users/runner/work/MyRAM-iOS/MyRAM-iOS/Baseline/MyRAM/WidgetShared/MyRAMWidgetSnapshotStore.swift (in target 'MyRAM' from project 'MyRAM')
    cd /Users/runner/work/MyRAM-iOS/MyRAM-iOS/Baseline
    

SwiftCompile normal arm64 /Users/runner/work/MyRAM-iOS/MyRAM-iOS/Baseline/MyRAM/WidgetShared/MyRAMWidgetSnapshot.swift (in target 'MyRAM' from project 'MyRAM')
    cd /Users/runner/work/MyRAM-iOS/MyRAM-iOS/Baseline
    

SwiftCompile normal arm64 /Users/runner/work/MyRAM-iOS/MyRAM-iOS/Baseline/MyRAM/WidgetShared/MyRAMWidgetDeepLink.swift (in target 'MyRAM' from project 'MyRAM')
    cd /Users/runner/work/MyRAM-iOS/MyRAM-iOS/Baseline
    

SwiftCompile normal arm64 /Users/runner/work/MyRAM-iOS/MyRAM-iOS/Baseline/MyRAM/WidgetShared/MyRAMWidgetRuntimeConfiguration.swift (in target 'MyRAM' from project 'MyRAM')
    cd /Users/runner/work/MyRAM-iOS/MyRAM-iOS/Baseline
    

SwiftCompile normal arm64 /Users/runner/work/MyRAM-iOS/MyRAM-iOS/Baseline/MyRAM/WidgetShared/MyRAMWidgetSnapshotCodec.swift (in target 'MyRAM' from project 'MyRAM')
    cd /Users/runner/work/MyRAM-iOS/MyRAM-iOS/Baseline
    

SwiftCompile normal arm64 /Users/runner/work/MyRAM-iOS/MyRAM-iOS/Baseline/MyRAM/Sync/Recovery/PendingSyncRecoveryJournal.swift (in target 'MyRAM' from project 'MyRAM')
    cd /Users/runner/work/MyRAM-iOS/MyRAM-iOS/Baseline
    

SwiftCompile normal arm64 /Users/runner/work/MyRAM-iOS/MyRAM-iOS/Baseline/MyRAM/Sync/Recovery/SyncRecoveryStateBuilder.swift (in target 'MyRAM' from project 'MyRAM')
    cd /Users/runner/work/MyRAM-iOS/MyRAM-iOS/Baseline
    

SwiftCompile normal arm64 /Users/runner/work/MyRAM-iOS/MyRAM-iOS/Baseline/MyRAM/Views/Editor/EditorTextPlacementResolver.swift (in target 'MyRAM' from project 'MyRAM')
    cd /Users/runner/work/MyRAM-iOS/MyRAM-iOS/Baseline
    

SwiftCompile normal arm64 /Users/runner/work/MyRAM-iOS/MyRAM-iOS/Baseline/MyRAM/Views/NearbySyncView.swift (in target 'MyRAM' from project 'MyRAM')
    cd /Users/runner/work/MyRAM-iOS/MyRAM-iOS/Baseline
    

SwiftCompile normal arm64 /Users/runner/work/MyRAM-iOS/MyRAM-iOS/Baseline/MyRAM/Views/SyncConflictViews.swift (in target 'MyRAM' from project 'MyRAM')
    cd /Users/runner/work/MyRAM-iOS/MyRAM-iOS/Baseline
    

SwiftCompile normal arm64 /Users/runner/work/MyRAM-iOS/MyRAM-iOS/Baseline/MyRAM/iOS/Sync/Batch/IPhoneSyncBatchAccumulator.swift (in target 'MyRAM' from project 'MyRAM')
    cd /Users/runner/work/MyRAM-iOS/MyRAM-iOS/Baseline
    

SwiftCompile normal arm64 /Users/runner/work/MyRAM-iOS/MyRAM-iOS/Baseline/MyRAM/iOS/Sync/Batch/IPhoneSyncBatchCaptureHook.swift (in target 'MyRAM' from project 'MyRAM')
    cd /Users/runner/work/MyRAM-iOS/MyRAM-iOS/Baseline
    

SwiftCompile normal arm64 /Users/runner/work/MyRAM-iOS/MyRAM-iOS/Baseline/MyRAM/iOS/Sync/Batch/IPhoneSyncBatchApplier.swift (in target 'MyRAM' from project 'MyRAM')
    cd /Users/runner/work/MyRAM-iOS/MyRAM-iOS/Baseline
    

SwiftCompile normal arm64 /Users/runner/work/MyRAM-iOS/MyRAM-iOS/Baseline/MyRAM/DebugDemoDataGenerator.swift (in target 'MyRAM' from project 'MyRAM')
    cd /Users/runner/work/MyRAM-iOS/MyRAM-iOS/Baseline
    

SwiftCompile normal arm64 /Users/runner/work/MyRAM-iOS/MyRAM-iOS/Baseline/MyRAM/Views/Editor/EditorPasteFormatter.swift (in target 'MyRAM' from project 'MyRAM')
    cd /Users/runner/work/MyRAM-iOS/MyRAM-iOS/Baseline
    

SwiftCompile normal arm64 /Users/runner/work/MyRAM-iOS/MyRAM-iOS/Baseline/MyRAM/Views/Editor/EditorTimingPolicy.swift (in target 'MyRAM' from project 'MyRAM')
    cd /Users/runner/work/MyRAM-iOS/MyRAM-iOS/Baseline
    

SwiftCompile normal arm64 /Users/runner/work/MyRAM-iOS/MyRAM-iOS/Baseline/MyRAM/Views/SyncStatusIndicator.swift (in target 'MyRAM' from project 'MyRAM')
    cd /Users/runner/work/MyRAM-iOS/MyRAM-iOS/Baseline
    

SwiftCompile normal arm64 /Users/runner/work/MyRAM-iOS/MyRAM-iOS/Baseline/MyRAM/Platform/MyRAMPlatform.swift (in target 'MyRAM' from project 'MyRAM')
    cd /Users/runner/work/MyRAM-iOS/MyRAM-iOS/Baseline
    

SwiftCompile normal arm64 /Users/runner/work/MyRAM-iOS/MyRAM-iOS/Baseline/MyRAM/Views/Editor/EditorSelectionProfiling.swift (in target 'MyRAM' from project 'MyRAM')
    cd /Users/runner/work/MyRAM-iOS/MyRAM-iOS/Baseline
    

SwiftCompile normal arm64 /Users/runner/work/MyRAM-iOS/MyRAM-iOS/Baseline/MyRAM/Views/Editor/EditorSearchHighlighting.swift (in target 'MyRAM' from project 'MyRAM')
    cd /Users/runner/work/MyRAM-iOS/MyRAM-iOS/Baseline
    

SwiftCompile normal arm64 /Users/runner/work/MyRAM-iOS/MyRAM-iOS/Baseline/MyRAM/Views/Editor/EditorSearchMatchResolver.swift (in target 'MyRAM' from project 'MyRAM')
    cd /Users/runner/work/MyRAM-iOS/MyRAM-iOS/Baseline
    

SwiftCompile normal arm64 /Users/runner/work/MyRAM-iOS/MyRAM-iOS/Baseline/MyRAM/Views/Editor/EditorSearchSession.swift (in target 'MyRAM' from project 'MyRAM')
    cd /Users/runner/work/MyRAM-iOS/MyRAM-iOS/Baseline
    

SwiftCompile normal arm64 /Users/runner/work/MyRAM-iOS/MyRAM-iOS/Baseline/MyRAM/Views/Editor/EditorRichTextContentCodec.swift (in target 'MyRAM' from project 'MyRAM')
    cd /Users/runner/work/MyRAM-iOS/MyRAM-iOS/Baseline
    

SwiftCompile normal arm64 Compiling\ SwiftDataSyncConvergencePostCommitStore.swift,\ SyncConvergencePostCommitExecutor.swift,\ SyncConvergenceLocalObligation.swift,\ FileBackedSyncConvergenceLocalObligationQueue.swift,\ SyncConvergenceDrainPassScheduler.swift,\ SyncConvergenceRuntime.swift,\ SyncBatchUnsentQueue.swift,\ FileBackedSyncBatchQueue.swift,\ NotesViewModel.swift,\ MyRAMSyncModels.swift,\ MyRAMApp.swift,\ MyRAMSchema.swift,\ Note.swift,\ MyRAMSyncChangeApplier.swift,\ MyRAMLegacySyncChangeValidator.swift,\ MyRAMSyncConflictService.swift,\ SyncConflictStore.swift,\ Folder.swift,\ MyRAMDeviceIdentity.swift,\ MyRAMLegacySyncPayloadBuilder.swift,\ PendingSyncStatus.swift,\ PendingSyncRecoveryCoordinator.swift,\ MyRAMWidgetContentSelectionPolicy.swift /Users/runner/work/MyRAM-iOS/MyRAM-iOS/Baseline/MyRAM/Sync/Convergence/SwiftDataSyncConvergencePostCommitStore.swift /Users/runner/work/MyRAM-iOS/MyRAM-iOS/Baseline/MyRAM/Sync/Convergence/SyncConvergencePostCommitExecutor.swift /Users/runner/work/MyRAM-iOS/MyRAM-iOS/Baseline/MyRAM/Sync/Convergence/SyncConvergenceLocalObligation.swift /Users/runner/work/MyRAM-iOS/MyRAM-iOS/Baseline/MyRAM/Sync/Convergence/FileBackedSyncConvergenceLocalObligationQueue.swift /Users/runner/work/MyRAM-iOS/MyRAM-iOS/Baseline/MyRAM/Sync/Convergence/SyncConvergenceDrainPassScheduler.swift /Users/runner/work/MyRAM-iOS/MyRAM-iOS/Baseline/MyRAM/Sync/Convergence/SyncConvergenceRuntime.swift /Users/runner/work/MyRAM-iOS/MyRAM-iOS/Baseline/MyRAM/Sync/Batch/SyncBatchUnsentQueue.swift /Users/runner/work/MyRAM-iOS/MyRAM-iOS/Baseline/MyRAM/Sync/Batch/FileBackedSyncBatchQueue.swift /Users/runner/work/MyRAM-iOS/MyRAM-iOS/Baseline/MyRAM/ViewModels/NotesViewModel.swift /Users/runner/work/MyRAM-iOS/MyRAM-iOS/Baseline/MyRAM/Sync/MyRAMSyncModels.swift /Users/runner/work/MyRAM-iOS/MyRAM-iOS/Baseline/MyRAM/MyRAMApp.swift /Users/runner/work/MyRAM-iOS/MyRAM-iOS/Baseline/MyRAM/MyRAMSchema.swift /Users/runner/work/MyRAM-iOS/MyRAM-iOS/Baseline/MyRAM/Models/Note.swift /Users/runner/work/MyRAM-iOS/MyRAM-iOS/Baseline/MyRAM/Sync/MyRAMSyncChangeApplier.swift /Users/runner/work/MyRAM-iOS/MyRAM-iOS/Baseline/MyRAM/Sync/Legacy/MyRAMLegacySyncChangeValidator.swift /Users/runner/work/MyRAM-iOS/MyRAM-iOS/Baseline/MyRAM/Sync/MyRAMSyncConflictService.swift /Users/runner/work/MyRAM-iOS/MyRAM-iOS/Baseline/MyRAM/Sync/SyncConflictStore.swift /Users/runner/work/MyRAM-iOS/MyRAM-iOS/Baseline/MyRAM/Models/Folder.swift /Users/runner/work/MyRAM-iOS/MyRAM-iOS/Baseline/MyRAM/Sync/MyRAMDeviceIdentity.swift /Users/runner/work/MyRAM-iOS/MyRAM-iOS/Baseline/MyRAM/Sync/MyRAMLegacySyncPayloadBuilder.swift /Users/runner/work/MyRAM-iOS/MyRAM-iOS/Baseline/MyRAM/Sync/PendingSyncStatus.swift /Users/runner/work/MyRAM-iOS/MyRAM-iOS/Baseline/MyRAM/Sync/Recovery/PendingSyncRecoveryCoordinator.swift /Users/runner/work/MyRAM-iOS/MyRAM-iOS/Baseline/MyRAM/WidgetShared/MyRAMWidgetContentSelectionPolicy.swift (in target 'MyRAM' from project 'MyRAM')
SwiftCompile normal arm64 /Users/runner/work/MyRAM-iOS/MyRAM-iOS/Baseline/MyRAM/Sync/Convergence/SwiftDataSyncConvergencePostCommitStore.swift (in target 'MyRAM' from project 'MyRAM')
    cd /Users/runner/work/MyRAM-iOS/MyRAM-iOS/Baseline
    

SwiftCompile normal arm64 /Users/runner/work/MyRAM-iOS/MyRAM-iOS/Baseline/MyRAM/Sync/Convergence/SyncConvergencePostCommitExecutor.swift (in target 'MyRAM' from project 'MyRAM')
    cd /Users/runner/work/MyRAM-iOS/MyRAM-iOS/Baseline
    

SwiftCompile normal arm64 /Users/runner/work/MyRAM-iOS/MyRAM-iOS/Baseline/MyRAM/Sync/Convergence/SyncConvergenceLocalObligation.swift (in target 'MyRAM' from project 'MyRAM')
    cd /Users/runner/work/MyRAM-iOS/MyRAM-iOS/Baseline
    

SwiftCompile normal arm64 /Users/runner/work/MyRAM-iOS/MyRAM-iOS/Baseline/MyRAM/Sync/Convergence/FileBackedSyncConvergenceLocalObligationQueue.swift (in target 'MyRAM' from project 'MyRAM')
    cd /Users/runner/work/MyRAM-iOS/MyRAM-iOS/Baseline
    

SwiftCompile normal arm64 /Users/runner/work/MyRAM-iOS/MyRAM-iOS/Baseline/MyRAM/Sync/Convergence/SyncConvergenceDrainPassScheduler.swift (in target 'MyRAM' from project 'MyRAM')
    cd /Users/runner/work/MyRAM-iOS/MyRAM-iOS/Baseline
    

SwiftCompile normal arm64 /Users/runner/work/MyRAM-iOS/MyRAM-iOS/Baseline/MyRAM/Sync/Convergence/SyncConvergenceRuntime.swift (in target 'MyRAM' from project 'MyRAM')
    cd /Users/runner/work/MyRAM-iOS/MyRAM-iOS/Baseline
    

SwiftCompile normal arm64 /Users/runner/work/MyRAM-iOS/MyRAM-iOS/Baseline/MyRAM/Sync/Batch/SyncBatchUnsentQueue.swift (in target 'MyRAM' from project 'MyRAM')
    cd /Users/runner/work/MyRAM-iOS/MyRAM-iOS/Baseline
    

SwiftCompile normal arm64 /Users/runner/work/MyRAM-iOS/MyRAM-iOS/Baseline/MyRAM/Sync/Batch/FileBackedSyncBatchQueue.swift (in target 'MyRAM' from project 'MyRAM')
    cd /Users/runner/work/MyRAM-iOS/MyRAM-iOS/Baseline
    

SwiftCompile normal arm64 /Users/runner/work/MyRAM-iOS/MyRAM-iOS/Baseline/MyRAM/ViewModels/NotesViewModel.swift (in target 'MyRAM' from project 'MyRAM')
    cd /Users/runner/work/MyRAM-iOS/MyRAM-iOS/Baseline
    

SwiftCompile normal arm64 /Users/runner/work/MyRAM-iOS/MyRAM-iOS/Baseline/MyRAM/Sync/MyRAMSyncModels.swift (in target 'MyRAM' from project 'MyRAM')
    cd /Users/runner/work/MyRAM-iOS/MyRAM-iOS/Baseline
    

SwiftCompile normal arm64 /Users/runner/work/MyRAM-iOS/MyRAM-iOS/Baseline/MyRAM/MyRAMApp.swift (in target 'MyRAM' from project 'MyRAM')
    cd /Users/runner/work/MyRAM-iOS/MyRAM-iOS/Baseline
    

SwiftCompile normal arm64 /Users/runner/work/MyRAM-iOS/MyRAM-iOS/Baseline/MyRAM/MyRAMSchema.swift (in target 'MyRAM' from project 'MyRAM')
    cd /Users/runner/work/MyRAM-iOS/MyRAM-iOS/Baseline
    

SwiftCompile normal arm64 /Users/runner/work/MyRAM-iOS/MyRAM-iOS/Baseline/MyRAM/Models/Note.swift (in target 'MyRAM' from project 'MyRAM')
    cd /Users/runner/work/MyRAM-iOS/MyRAM-iOS/Baseline
    

SwiftCompile normal arm64 /Users/runner/work/MyRAM-iOS/MyRAM-iOS/Baseline/MyRAM/Sync/MyRAMSyncChangeApplier.swift (in target 'MyRAM' from project 'MyRAM')
    cd /Users/runner/work/MyRAM-iOS/MyRAM-iOS/Baseline
    

SwiftCompile normal arm64 /Users/runner/work/MyRAM-iOS/MyRAM-iOS/Baseline/MyRAM/Sync/Legacy/MyRAMLegacySyncChangeValidator.swift (in target 'MyRAM' from project 'MyRAM')
    cd /Users/runner/work/MyRAM-iOS/MyRAM-iOS/Baseline
    

SwiftCompile normal arm64 /Users/runner/work/MyRAM-iOS/MyRAM-iOS/Baseline/MyRAM/Sync/MyRAMSyncConflictService.swift (in target 'MyRAM' from project 'MyRAM')
    cd /Users/runner/work/MyRAM-iOS/MyRAM-iOS/Baseline
    

SwiftCompile normal arm64 /Users/runner/work/MyRAM-iOS/MyRAM-iOS/Baseline/MyRAM/Sync/SyncConflictStore.swift (in target 'MyRAM' from project 'MyRAM')
    cd /Users/runner/work/MyRAM-iOS/MyRAM-iOS/Baseline
    

SwiftCompile normal arm64 /Users/runner/work/MyRAM-iOS/MyRAM-iOS/Baseline/MyRAM/Models/Folder.swift (in target 'MyRAM' from project 'MyRAM')
    cd /Users/runner/work/MyRAM-iOS/MyRAM-iOS/Baseline
    

SwiftCompile normal arm64 /Users/runner/work/MyRAM-iOS/MyRAM-iOS/Baseline/MyRAM/Sync/MyRAMDeviceIdentity.swift (in target 'MyRAM' from project 'MyRAM')
    cd /Users/runner/work/MyRAM-iOS/MyRAM-iOS/Baseline
    

SwiftCompile normal arm64 /Users/runner/work/MyRAM-iOS/MyRAM-iOS/Baseline/MyRAM/Sync/MyRAMLegacySyncPayloadBuilder.swift (in target 'MyRAM' from project 'MyRAM')
    cd /Users/runner/work/MyRAM-iOS/MyRAM-iOS/Baseline
    

SwiftCompile normal arm64 /Users/runner/work/MyRAM-iOS/MyRAM-iOS/Baseline/MyRAM/Sync/PendingSyncStatus.swift (in target 'MyRAM' from project 'MyRAM')
    cd /Users/runner/work/MyRAM-iOS/MyRAM-iOS/Baseline
    

SwiftCompile normal arm64 /Users/runner/work/MyRAM-iOS/MyRAM-iOS/Baseline/MyRAM/Sync/Recovery/PendingSyncRecoveryCoordinator.swift (in target 'MyRAM' from project 'MyRAM')
    cd /Users/runner/work/MyRAM-iOS/MyRAM-iOS/Baseline
    

SwiftCompile normal arm64 /Users/runner/work/MyRAM-iOS/MyRAM-iOS/Baseline/MyRAM/WidgetShared/MyRAMWidgetContentSelectionPolicy.swift (in target 'MyRAM' from project 'MyRAM')
    cd /Users/runner/work/MyRAM-iOS/MyRAM-iOS/Baseline
    

SwiftCompile normal arm64 Compiling\ MyRAMExternalOpenDispatcher.swift,\ MyRAMWidgetHostCoordinator.swift,\ MyRAMWidgetNoteRouting.swift,\ MyRAMWidgetSelectionButton.swift,\ MarkdownFileIO.swift,\ MarkdownPreview.swift,\ MarkdownPreviewModePolicy.swift,\ MarkdownPreviewUIKitSyncExecutor.swift,\ MarkdownPreviewUIKitDeferredScheduler.swift,\ MarkdownPreviewUIKitEditorResignation.swift,\ MarkdownPreviewUIKitPostResignationReconciliation.swift,\ MarkdownPreviewUIKitAcceptedRestoreSupersession.swift,\ NoteEditorFileOperationBridge.swift,\ NoteSequenceStateRecord.swift,\ NoteSequenceStateBootstrapAdapter.swift,\ NoteSequenceStateFullBodyIntegration.swift,\ NoteSequenceStateBootstrapMigrator.swift,\ SwiftDataNoteSequenceStateStore.swift,\ MyRAMSyncOperationIDAllocator.swift,\ FileBackedSyncOperationIDReservationStore.swift,\ Item.swift,\ RTFCoding.swift,\ AttributedTextStorageKeys.swift /Users/runner/work/MyRAM-iOS/MyRAM-iOS/Baseline/MyRAM/WidgetHost/MyRAMExternalOpenDispatcher.swift /Users/runner/work/MyRAM-iOS/MyRAM-iOS/Baseline/MyRAM/WidgetHost/MyRAMWidgetHostCoordinator.swift /Users/runner/work/MyRAM-iOS/MyRAM-iOS/Baseline/MyRAM/WidgetHost/MyRAMWidgetNoteRouting.swift /Users/runner/work/MyRAM-iOS/MyRAM-iOS/Baseline/MyRAM/WidgetHost/MyRAMWidgetSelectionButton.swift /Users/runner/work/MyRAM-iOS/MyRAM-iOS/Baseline/MyRAM/Markdown/MarkdownFileIO.swift /Users/runner/work/MyRAM-iOS/MyRAM-iOS/Baseline/MyRAM/Markdown/MarkdownPreview.swift /Users/runner/work/MyRAM-iOS/MyRAM-iOS/Baseline/MyRAM/Markdown/MarkdownPreviewModePolicy.swift /Users/runner/work/MyRAM-iOS/MyRAM-iOS/Baseline/MyRAM/Markdown/MarkdownPreviewUIKitSyncExecutor.swift /Users/runner/work/MyRAM-iOS/MyRAM-iOS/Baseline/MyRAM/Markdown/MarkdownPreviewUIKitDeferredScheduler.swift /Users/runner/work/MyRAM-iOS/MyRAM-iOS/Baseline/MyRAM/Markdown/MarkdownPreviewUIKitEditorResignation.swift /Users/runner/work/MyRAM-iOS/MyRAM-iOS/Baseline/MyRAM/Markdown/MarkdownPreviewUIKitPostResignationReconciliation.swift /Users/runner/work/MyRAM-iOS/MyRAM-iOS/Baseline/MyRAM/Markdown/MarkdownPreviewUIKitAcceptedRestoreSupersession.swift /Users/runner/work/MyRAM-iOS/MyRAM-iOS/Baseline/MyRAM/Views/NoteEditorFileOperationBridge.swift /Users/runner/work/MyRAM-iOS/MyRAM-iOS/Baseline/MyRAM/Sync/AnchoredSequence/NoteSequenceStateRecord.swift /Users/runner/work/MyRAM-iOS/MyRAM-iOS/Baseline/MyRAM/Sync/AnchoredSequence/NoteSequenceStateBootstrapAdapter.swift /Users/runner/work/MyRAM-iOS/MyRAM-iOS/Baseline/MyRAM/Sync/AnchoredSequence/NoteSequenceStateFullBodyIntegration.swift /Users/runner/work/MyRAM-iOS/MyRAM-iOS/Baseline/MyRAM/Sync/AnchoredSequence/NoteSequenceStateBootstrapMigrator.swift /Users/runner/work/MyRAM-iOS/MyRAM-iOS/Baseline/MyRAM/Sync/AnchoredSequence/SwiftDataNoteSequenceStateStore.swift /Users/runner/work/MyRAM-iOS/MyRAM-iOS/Baseline/MyRAM/Sync/AnchoredSequence/MyRAMSyncOperationIDAllocator.swift /Users/runner/work/MyRAM-iOS/MyRAM-iOS/Baseline/MyRAM/Sync/AnchoredSequence/FileBackedSyncOperationIDReservationStore.swift /Users/runner/work/MyRAM-iOS/MyRAM-iOS/Baseline/MyRAM/Item.swift /Users/runner/work/MyRAM-iOS/MyRAM-iOS/Baseline/MyRAM/Persistence/RTFCoding.swift /Users/runner/work/MyRAM-iOS/MyRAM-iOS/Baseline/MyRAM/Persistence/AttributedTextStorageKeys.swift (in target 'MyRAM' from project 'MyRAM')

SwiftCompile normal arm64 /Users/runner/work/MyRAM-iOS/MyRAM-iOS/Baseline/MyRAM/WidgetHost/MyRAMExternalOpenDispatcher.swift (in target 'MyRAM' from project 'MyRAM')
    cd /Users/runner/work/MyRAM-iOS/MyRAM-iOS/Baseline
    

SwiftCompile normal arm64 /Users/runner/work/MyRAM-iOS/MyRAM-iOS/Baseline/MyRAM/WidgetHost/MyRAMWidgetHostCoordinator.swift (in target 'MyRAM' from project 'MyRAM')
    cd /Users/runner/work/MyRAM-iOS/MyRAM-iOS/Baseline
    

SwiftCompile normal arm64 /Users/runner/work/MyRAM-iOS/MyRAM-iOS/Baseline/MyRAM/WidgetHost/MyRAMWidgetNoteRouting.swift (in target 'MyRAM' from project 'MyRAM')
    cd /Users/runner/work/MyRAM-iOS/MyRAM-iOS/Baseline
    

SwiftCompile normal arm64 /Users/runner/work/MyRAM-iOS/MyRAM-iOS/Baseline/MyRAM/WidgetHost/MyRAMWidgetSelectionButton.swift (in target 'MyRAM' from project 'MyRAM')
    cd /Users/runner/work/MyRAM-iOS/MyRAM-iOS/Baseline
    

SwiftCompile normal arm64 /Users/runner/work/MyRAM-iOS/MyRAM-iOS/Baseline/MyRAM/Markdown/MarkdownFileIO.swift (in target 'MyRAM' from project 'MyRAM')
    cd /Users/runner/work/MyRAM-iOS/MyRAM-iOS/Baseline
    

SwiftCompile normal arm64 /Users/runner/work/MyRAM-iOS/MyRAM-iOS/Baseline/MyRAM/Markdown/MarkdownPreview.swift (in target 'MyRAM' from project 'MyRAM')
    cd /Users/runner/work/MyRAM-iOS/MyRAM-iOS/Baseline
    

SwiftCompile normal arm64 /Users/runner/work/MyRAM-iOS/MyRAM-iOS/Baseline/MyRAM/Markdown/MarkdownPreviewModePolicy.swift (in target 'MyRAM' from project 'MyRAM')
    cd /Users/runner/work/MyRAM-iOS/MyRAM-iOS/Baseline
    

SwiftCompile normal arm64 /Users/runner/work/MyRAM-iOS/MyRAM-iOS/Baseline/MyRAM/Markdown/MarkdownPreviewUIKitSyncExecutor.swift (in target 'MyRAM' from project 'MyRAM')
    cd /Users/runner/work/MyRAM-iOS/MyRAM-iOS/Baseline
    

SwiftCompile normal arm64 /Users/runner/work/MyRAM-iOS/MyRAM-iOS/Baseline/MyRAM/Markdown/MarkdownPreviewUIKitDeferredScheduler.swift (in target 'MyRAM' from project 'MyRAM')
    cd /Users/runner/work/MyRAM-iOS/MyRAM-iOS/Baseline
    

SwiftCompile normal arm64 /Users/runner/work/MyRAM-iOS/MyRAM-iOS/Baseline/MyRAM/Markdown/MarkdownPreviewUIKitEditorResignation.swift (in target 'MyRAM' from project 'MyRAM')
    cd /Users/runner/work/MyRAM-iOS/MyRAM-iOS/Baseline
    

SwiftCompile normal arm64 /Users/runner/work/MyRAM-iOS/MyRAM-iOS/Baseline/MyRAM/Markdown/MarkdownPreviewUIKitPostResignationReconciliation.swift (in target 'MyRAM' from project 'MyRAM')
    cd /Users/runner/work/MyRAM-iOS/MyRAM-iOS/Baseline
    

SwiftCompile normal arm64 /Users/runner/work/MyRAM-iOS/MyRAM-iOS/Baseline/MyRAM/Markdown/MarkdownPreviewUIKitAcceptedRestoreSupersession.swift (in target 'MyRAM' from project 'MyRAM')
    cd /Users/runner/work/MyRAM-iOS/MyRAM-iOS/Baseline
    

SwiftCompile normal arm64 /Users/runner/work/MyRAM-iOS/MyRAM-iOS/Baseline/MyRAM/Views/NoteEditorFileOperationBridge.swift (in target 'MyRAM' from project 'MyRAM')
    cd /Users/runner/work/MyRAM-iOS/MyRAM-iOS/Baseline
    

SwiftCompile normal arm64 /Users/runner/work/MyRAM-iOS/MyRAM-iOS/Baseline/MyRAM/Sync/AnchoredSequence/NoteSequenceStateRecord.swift (in target 'MyRAM' from project 'MyRAM')
    cd /Users/runner/work/MyRAM-iOS/MyRAM-iOS/Baseline
    

SwiftCompile normal arm64 /Users/runner/work/MyRAM-iOS/MyRAM-iOS/Baseline/MyRAM/Sync/AnchoredSequence/NoteSequenceStateBootstrapAdapter.swift (in target 'MyRAM' from project 'MyRAM')
    cd /Users/runner/work/MyRAM-iOS/MyRAM-iOS/Baseline
    

SwiftCompile normal arm64 /Users/runner/work/MyRAM-iOS/MyRAM-iOS/Baseline/MyRAM/Sync/AnchoredSequence/NoteSequenceStateFullBodyIntegration.swift (in target 'MyRAM' from project 'MyRAM')
    cd /Users/runner/work/MyRAM-iOS/MyRAM-iOS/Baseline
    

SwiftCompile normal arm64 /Users/runner/work/MyRAM-iOS/MyRAM-iOS/Baseline/MyRAM/Sync/AnchoredSequence/NoteSequenceStateBootstrapMigrator.swift (in target 'MyRAM' from project 'MyRAM')
    cd /Users/runner/work/MyRAM-iOS/MyRAM-iOS/Baseline
    

SwiftCompile normal arm64 /Users/runner/work/MyRAM-iOS/MyRAM-iOS/Baseline/MyRAM/Sync/AnchoredSequence/SwiftDataNoteSequenceStateStore.swift (in target 'MyRAM' from project 'MyRAM')
    cd /Users/runner/work/MyRAM-iOS/MyRAM-iOS/Baseline
    

SwiftCompile normal arm64 /Users/runner/work/MyRAM-iOS/MyRAM-iOS/Baseline/MyRAM/Sync/AnchoredSequence/MyRAMSyncOperationIDAllocator.swift (in target 'MyRAM' from project 'MyRAM')
    cd /Users/runner/work/MyRAM-iOS/MyRAM-iOS/Baseline
    

SwiftCompile normal arm64 /Users/runner/work/MyRAM-iOS/MyRAM-iOS/Baseline/MyRAM/Sync/AnchoredSequence/FileBackedSyncOperationIDReservationStore.swift (in target 'MyRAM' from project 'MyRAM')
    cd /Users/runner/work/MyRAM-iOS/MyRAM-iOS/Baseline
    

SwiftCompile normal arm64 /Users/runner/work/MyRAM-iOS/MyRAM-iOS/Baseline/MyRAM/Item.swift (in target 'MyRAM' from project 'MyRAM')
    cd /Users/runner/work/MyRAM-iOS/MyRAM-iOS/Baseline
    

SwiftCompile normal arm64 /Users/runner/work/MyRAM-iOS/MyRAM-iOS/Baseline/MyRAM/Persistence/RTFCoding.swift (in target 'MyRAM' from project 'MyRAM')
    cd /Users/runner/work/MyRAM-iOS/MyRAM-iOS/Baseline
    

SwiftCompile normal arm64 /Users/runner/work/MyRAM-iOS/MyRAM-iOS/Baseline/MyRAM/Persistence/AttributedTextStorageKeys.swift (in target 'MyRAM' from project 'MyRAM')
    cd /Users/runner/work/MyRAM-iOS/MyRAM-iOS/Baseline
    

SwiftDriverJobDiscovery normal arm64 Emitting module for MyRAM (in target 'MyRAM' from project 'MyRAM')

SwiftDriver\ Compilation\ Requirements MyRAM normal arm64 com.apple.xcode.tools.swift.compiler (in target 'MyRAM' from project 'MyRAM')
    cd /Users/runner/work/MyRAM-iOS/MyRAM-iOS/Baseline
    builtin-Swift-Compilation-Requirements -- /Applications/Xcode_26.5.app/Contents/Developer/Toolchains/XcodeDefault.xctoolchain/usr/bin/swiftc -module-name MyRAM -Onone @/tmp/MYR175-Classify-Baseline-iOS/Build/Intermediates.noindex/MyRAM.build/Debug-iphonesimulator/MyRAM.build/Objects-normal/arm64/MyRAM.SwiftFileList -DDEBUG -enable-bare-slash-regex -enable-experimental-feature DebugDescriptionMacro -sdk /Applications/Xcode_26.5.app/Contents/Developer/Platforms/iPhoneSimulator.platform/Developer/SDKs/iPhoneSimulator26.5.sdk -target arm64-apple-ios17.0-simulator -g -module-cache-path /tmp/MYR175-Classify-Baseline-iOS/ModuleCache.noindex -Xfrontend -serialize-debugging-options -enable-testing -index-store-path /tmp/MYR175-Classify-Baseline-iOS/Index.noindex/DataStore -Xcc -D_LIBCPP_HARDENING_MODE\=_LIBCPP_HARDENING_MODE_DEBUG -swift-version 5 -I /tmp/MYR175-Classify-Baseline-iOS/Build/Products/Debug-iphonesimulator -F /tmp/MYR175-Classify-Baseline-iOS/Build/Products/Debug-iphonesimulator/PackageFrameworks -F /tmp/MYR175-Classify-Baseline-iOS/Build/Products/Debug-iphonesimulator/PackageFrameworks -F /tmp/MYR175-Classify-Baseline-iOS/Build/Products/Debug-iphonesimulator -emit-localized-strings -emit-localized-strings-path /tmp/MYR175-Classify-Baseline-iOS/Build/Intermediates.noindex/MyRAM.build/Debug-iphonesimulator/MyRAM.build/Objects-normal/arm64 -c -j3 -enable-batch-mode -incremental -Xcc -ivfsstatcache -Xcc /tmp/MYR175-Classify-Baseline-iOS/SDKStatCaches.noindex/iphonesimulator26.5-23F73-688ef53f1462e2c8f657fdc38a81448ffb7d586738ff35573a713a18216ade27.sdkstatcache -output-file-map /tmp/MYR175-Classify-Baseline-iOS/Build/Intermediates.noindex/MyRAM.build/Debug-iphonesimulator/MyRAM.build/Objects-normal/arm64/MyRAM-OutputFileMap.json -use-frontend-parseable-output -save-temps -no-color-diagnostics -explicit-module-build -module-cache-path /tmp/MYR175-Classify-Baseline-iOS/Build/Intermediates.noindex/SwiftExplicitPrecompiledModules -clang-scanner-module-cache-path /tmp/MYR175-Classify-Baseline-iOS/ModuleCache.noindex -sdk-module-cache-path /tmp/MYR175-Classify-Baseline-iOS/ModuleCache.noindex -serialize-diagnostics -emit-dependencies -emit-module -emit-module-path /tmp/MYR175-Classify-Baseline-iOS/Build/Intermediates.noindex/MyRAM.build/Debug-iphonesimulator/MyRAM.build/Objects-normal/arm64/MyRAM.swiftmodule -validate-clang-modules-once -clang-build-session-file /tmp/MYR175-Classify-Baseline-iOS/ModuleCache.noindex/Session.modulevalidation -Xcc -I/tmp/MYR175-Classify-Baseline-iOS/Build/Intermediates.noindex/MyRAM.build/Debug-iphonesimulator/MyRAM.build/swift-overrides.hmap -emit-const-values -Xfrontend -const-gather-protocols-file -Xfrontend /tmp/MYR175-Classify-Baseline-iOS/Build/Intermediates.noindex/MyRAM.build/Debug-iphonesimulator/MyRAM.build/Objects-normal/arm64/MyRAM_const_extract_protocols.json -Xcc -iquote -Xcc /tmp/MYR175-Classify-Baseline-iOS/Build/Intermediates.noindex/MyRAM.build/Debug-iphonesimulator/MyRAM.build/MyRAM-generated-files.hmap -Xcc -I/tmp/MYR175-Classify-Baseline-iOS/Build/Intermediates.noindex/MyRAM.build/Debug-iphonesimulator/MyRAM.build/MyRAM-own-target-headers.hmap -Xcc -I/tmp/MYR175-Classify-Baseline-iOS/Build/Intermediates.noindex/MyRAM.build/Debug-iphonesimulator/MyRAM.build/MyRAM-all-non-framework-target-headers.hmap -Xcc -ivfsoverlay -Xcc /tmp/MYR175-Classify-Baseline-iOS/Build/Intermediates.noindex/MyRAM.build/Debug-iphonesimulator/MyRAM-98a9cbde253e8e955bc92731eb290203-VFS-iphonesimulator/all-product-headers.yaml -Xcc -iquote -Xcc /tmp/MYR175-Classify-Baseline-iOS/Build/Intermediates.noindex/MyRAM.build/Debug-iphonesimulator/MyRAM.build/MyRAM-project-headers.hmap -Xcc -I/tmp/MYR175-Classify-Baseline-iOS/Build/Products/Debug-iphonesimulator/include -Xcc -I/tmp/MYR175-Classify-Baseline-iOS/Build/Intermediates.noindex/MyRAM.build/Debug-iphonesimulator/MyRAM.build/DerivedSources-normal/arm64 -Xcc -I/tmp/MYR175-Classify-Baseline-iOS/Build/Intermediates.noindex/MyRAM.build/Debug-iphonesimulator/MyRAM.build/DerivedSources/arm64 -Xcc -I/tmp/MYR175-Classify-Baseline-iOS/Build/Intermediates.noindex/MyRAM.build/Debug-iphonesimulator/MyRAM.build/DerivedSources -Xcc -DDEBUG\=1 -emit-objc-header -emit-objc-header-path /tmp/MYR175-Classify-Baseline-iOS/Build/Intermediates.noindex/MyRAM.build/Debug-iphonesimulator/MyRAM.build/Objects-normal/arm64/MyRAM-Swift.h -working-directory /Users/runner/work/MyRAM-iOS/MyRAM-iOS/Baseline -experimental-emit-module-separately -disable-cmo

SwiftDriverJobDiscovery normal arm64 Compiling MyRAMWidgetSnapshotStore.swift, MyRAMWidgetSnapshot.swift, MyRAMWidgetDeepLink.swift, MyRAMWidgetRuntimeConfiguration.swift, MyRAMWidgetSnapshotCodec.swift, PendingSyncRecoveryJournal.swift, SyncRecoveryStateBuilder.swift, EditorTextPlacementResolver.swift, NearbySyncView.swift, SyncConflictViews.swift, IPhoneSyncBatchAccumulator.swift, IPhoneSyncBatchCaptureHook.swift, IPhoneSyncBatchApplier.swift, DebugDemoDataGenerator.swift, EditorPasteFormatter.swift, EditorTimingPolicy.swift, SyncStatusIndicator.swift, MyRAMPlatform.swift, EditorSelectionProfiling.swift, EditorSearchHighlighting.swift, EditorSearchMatchResolver.swift, EditorSearchSession.swift, EditorRichTextContentCodec.swift (in target 'MyRAM' from project 'MyRAM')

SwiftCompile normal arm64 Compiling\ EditorSelectionRangeResolver.swift,\ EditorFocusSelectionPolicy.swift,\ EditorFormattingCommandResolver.swift,\ EditorFormattingMutationApplier.swift,\ EditorFormattingStateResolver.swift,\ NoteIntelligence.swift,\ NoteEditorView.swift,\ EditorTextViewFactory.swift,\ EditorProfilingFixtures.swift,\ BareTextViewProfilingView.swift,\ EditorChecklistRendering.swift,\ EditorPolicies.swift,\ AppliedEditorMutation.swift,\ ActiveEditorApplicationPolicy.swift,\ ActiveEditorSyncUpdateHandler.swift,\ EditorSelectionMapper.swift,\ EditorRemoteApplyResult.swift,\ UIKitEditorSyncBridge.swift,\ MyRAMSyncController.swift,\ NotesListView.swift,\ PersistenceManager.swift,\ GeneratedAssetSymbols.swift /Users/runner/work/MyRAM-iOS/MyRAM-iOS/Baseline/MyRAM/Views/Editor/EditorSelectionRangeResolver.swift /Users/runner/work/MyRAM-iOS/MyRAM-iOS/Baseline/MyRAM/Views/Editor/EditorFocusSelectionPolicy.swift /Users/runner/work/MyRAM-iOS/MyRAM-iOS/Baseline/MyRAM/Views/Editor/EditorFormattingCommandResolver.swift /Users/runner/work/MyRAM-iOS/MyRAM-iOS/Baseline/MyRAM/Views/Editor/EditorFormattingMutationApplier.swift /Users/runner/work/MyRAM-iOS/MyRAM-iOS/Baseline/MyRAM/Views/Editor/EditorFormattingStateResolver.swift /Users/runner/work/MyRAM-iOS/MyRAM-iOS/Baseline/MyRAM/NoteIntelligence.swift /Users/runner/work/MyRAM-iOS/MyRAM-iOS/Baseline/MyRAM/Views/NoteEditorView.swift /Users/runner/work/MyRAM-iOS/MyRAM-iOS/Baseline/MyRAM/Views/Editor/EditorTextViewFactory.swift /Users/runner/work/MyRAM-iOS/MyRAM-iOS/Baseline/MyRAM/Views/Editor/EditorProfilingFixtures.swift /Users/runner/work/MyRAM-iOS/MyRAM-iOS/Baseline/MyRAM/Views/Editor/BareTextViewProfilingView.swift /Users/runner/work/MyRAM-iOS/MyRAM-iOS/Baseline/MyRAM/Views/Editor/EditorChecklistRendering.swift /Users/runner/work/MyRAM-iOS/MyRAM-iOS/Baseline/MyRAM/Views/Editor/EditorPolicies.swift /Users/runner/work/MyRAM-iOS/MyRAM-iOS/Baseline/MyRAM/Sync/EditorApplication/AppliedEditorMutation.swift /Users/runner/work/MyRAM-iOS/MyRAM-iOS/Baseline/MyRAM/Sync/EditorApplication/ActiveEditorApplicationPolicy.swift /Users/runner/work/MyRAM-iOS/MyRAM-iOS/Baseline/MyRAM/Sync/EditorApplication/ActiveEditorSyncUpdateHandler.swift /Users/runner/work/MyRAM-iOS/MyRAM-iOS/Baseline/MyRAM/Sync/EditorApplication/EditorSelectionMapper.swift /Users/runner/work/MyRAM-iOS/MyRAM-iOS/Baseline/MyRAM/Sync/EditorApplication/EditorRemoteApplyResult.swift /Users/runner/work/MyRAM-iOS/MyRAM-iOS/Baseline/MyRAM/Views/Editor/UIKitEditorSyncBridge.swift /Users/runner/work/MyRAM-iOS/MyRAM-iOS/Baseline/MyRAM/Sync/MyRAMSyncController.swift /Users/runner/work/MyRAM-iOS/MyRAM-iOS/Baseline/MyRAM/Views/NotesListView.swift /Users/runner/work/MyRAM-iOS/MyRAM-iOS/Baseline/MyRAM/PersistenceManager.swift /tmp/MYR175-Classify-Baseline-iOS/Build/Intermediates.noindex/MyRAM.build/Debug-iphonesimulator/MyRAM.build/DerivedSources/GeneratedAssetSymbols.swift (in target 'MyRAM' from project 'MyRAM')
SwiftCompile normal arm64 /Users/runner/work/MyRAM-iOS/MyRAM-iOS/Baseline/MyRAM/Views/Editor/EditorSelectionRangeResolver.swift (in target 'MyRAM' from project 'MyRAM')
    cd /Users/runner/work/MyRAM-iOS/MyRAM-iOS/Baseline
    

SwiftCompile normal arm64 /Users/runner/work/MyRAM-iOS/MyRAM-iOS/Baseline/MyRAM/Views/Editor/EditorFocusSelectionPolicy.swift (in target 'MyRAM' from project 'MyRAM')
    cd /Users/runner/work/MyRAM-iOS/MyRAM-iOS/Baseline
    

SwiftCompile normal arm64 /Users/runner/work/MyRAM-iOS/MyRAM-iOS/Baseline/MyRAM/Views/Editor/EditorFormattingCommandResolver.swift (in target 'MyRAM' from project 'MyRAM')
    cd /Users/runner/work/MyRAM-iOS/MyRAM-iOS/Baseline
    

SwiftCompile normal arm64 /Users/runner/work/MyRAM-iOS/MyRAM-iOS/Baseline/MyRAM/Views/Editor/EditorFormattingMutationApplier.swift (in target 'MyRAM' from project 'MyRAM')
    cd /Users/runner/work/MyRAM-iOS/MyRAM-iOS/Baseline
    

SwiftCompile normal arm64 /Users/runner/work/MyRAM-iOS/MyRAM-iOS/Baseline/MyRAM/Views/Editor/EditorFormattingStateResolver.swift (in target 'MyRAM' from project 'MyRAM')
    cd /Users/runner/work/MyRAM-iOS/MyRAM-iOS/Baseline
    

SwiftCompile normal arm64 /Users/runner/work/MyRAM-iOS/MyRAM-iOS/Baseline/MyRAM/NoteIntelligence.swift (in target 'MyRAM' from project 'MyRAM')
    cd /Users/runner/work/MyRAM-iOS/MyRAM-iOS/Baseline
    

SwiftCompile normal arm64 /Users/runner/work/MyRAM-iOS/MyRAM-iOS/Baseline/MyRAM/Views/NoteEditorView.swift (in target 'MyRAM' from project 'MyRAM')
    cd /Users/runner/work/MyRAM-iOS/MyRAM-iOS/Baseline
    

SwiftCompile normal arm64 /Users/runner/work/MyRAM-iOS/MyRAM-iOS/Baseline/MyRAM/Views/Editor/EditorTextViewFactory.swift (in target 'MyRAM' from project 'MyRAM')
    cd /Users/runner/work/MyRAM-iOS/MyRAM-iOS/Baseline
    

SwiftCompile normal arm64 /Users/runner/work/MyRAM-iOS/MyRAM-iOS/Baseline/MyRAM/Views/Editor/EditorProfilingFixtures.swift (in target 'MyRAM' from project 'MyRAM')
    cd /Users/runner/work/MyRAM-iOS/MyRAM-iOS/Baseline
    

SwiftCompile normal arm64 /Users/runner/work/MyRAM-iOS/MyRAM-iOS/Baseline/MyRAM/Views/Editor/BareTextViewProfilingView.swift (in target 'MyRAM' from project 'MyRAM')
    cd /Users/runner/work/MyRAM-iOS/MyRAM-iOS/Baseline
    

SwiftCompile normal arm64 /Users/runner/work/MyRAM-iOS/MyRAM-iOS/Baseline/MyRAM/Views/Editor/EditorChecklistRendering.swift (in target 'MyRAM' from project 'MyRAM')
    cd /Users/runner/work/MyRAM-iOS/MyRAM-iOS/Baseline
    

SwiftCompile normal arm64 /Users/runner/work/MyRAM-iOS/MyRAM-iOS/Baseline/MyRAM/Views/Editor/EditorPolicies.swift (in target 'MyRAM' from project 'MyRAM')
    cd /Users/runner/work/MyRAM-iOS/MyRAM-iOS/Baseline
    

SwiftCompile normal arm64 /Users/runner/work/MyRAM-iOS/MyRAM-iOS/Baseline/MyRAM/Sync/EditorApplication/AppliedEditorMutation.swift (in target 'MyRAM' from project 'MyRAM')
    cd /Users/runner/work/MyRAM-iOS/MyRAM-iOS/Baseline
    

SwiftCompile normal arm64 /Users/runner/work/MyRAM-iOS/MyRAM-iOS/Baseline/MyRAM/Sync/EditorApplication/ActiveEditorApplicationPolicy.swift (in target 'MyRAM' from project 'MyRAM')
    cd /Users/runner/work/MyRAM-iOS/MyRAM-iOS/Baseline
    

SwiftCompile normal arm64 /Users/runner/work/MyRAM-iOS/MyRAM-iOS/Baseline/MyRAM/Sync/EditorApplication/ActiveEditorSyncUpdateHandler.swift (in target 'MyRAM' from project 'MyRAM')
    cd /Users/runner/work/MyRAM-iOS/MyRAM-iOS/Baseline
    

SwiftCompile normal arm64 /Users/runner/work/MyRAM-iOS/MyRAM-iOS/Baseline/MyRAM/Sync/EditorApplication/EditorSelectionMapper.swift (in target 'MyRAM' from project 'MyRAM')
    cd /Users/runner/work/MyRAM-iOS/MyRAM-iOS/Baseline
    

SwiftCompile normal arm64 /Users/runner/work/MyRAM-iOS/MyRAM-iOS/Baseline/MyRAM/Sync/EditorApplication/EditorRemoteApplyResult.swift (in target 'MyRAM' from project 'MyRAM')
    cd /Users/runner/work/MyRAM-iOS/MyRAM-iOS/Baseline
    

SwiftCompile normal arm64 /Users/runner/work/MyRAM-iOS/MyRAM-iOS/Baseline/MyRAM/Views/Editor/UIKitEditorSyncBridge.swift (in target 'MyRAM' from project 'MyRAM')
    cd /Users/runner/work/MyRAM-iOS/MyRAM-iOS/Baseline
    

SwiftCompile normal arm64 /Users/runner/work/MyRAM-iOS/MyRAM-iOS/Baseline/MyRAM/Sync/MyRAMSyncController.swift (in target 'MyRAM' from project 'MyRAM')
    cd /Users/runner/work/MyRAM-iOS/MyRAM-iOS/Baseline
    

SwiftCompile normal arm64 /Users/runner/work/MyRAM-iOS/MyRAM-iOS/Baseline/MyRAM/Views/NotesListView.swift (in target 'MyRAM' from project 'MyRAM')
    cd /Users/runner/work/MyRAM-iOS/MyRAM-iOS/Baseline
    

SwiftCompile normal arm64 /Users/runner/work/MyRAM-iOS/MyRAM-iOS/Baseline/MyRAM/PersistenceManager.swift (in target 'MyRAM' from project 'MyRAM')
    cd /Users/runner/work/MyRAM-iOS/MyRAM-iOS/Baseline
    

SwiftCompile normal arm64 /tmp/MYR175-Classify-Baseline-iOS/Build/Intermediates.noindex/MyRAM.build/Debug-iphonesimulator/MyRAM.build/DerivedSources/GeneratedAssetSymbols.swift (in target 'MyRAM' from project 'MyRAM')
    cd /Users/runner/work/MyRAM-iOS/MyRAM-iOS/Baseline
    

SwiftMergeGeneratedHeaders /tmp/MYR175-Classify-Baseline-iOS/Build/Intermediates.noindex/MyRAM.build/Debug-iphonesimulator/MyRAM.build/DerivedSources/MyRAM-Swift.h /tmp/MYR175-Classify-Baseline-iOS/Build/Intermediates.noindex/MyRAM.build/Debug-iphonesimulator/MyRAM.build/Objects-normal/arm64/MyRAM-Swift.h (in target 'MyRAM' from project 'MyRAM')
    cd /Users/runner/work/MyRAM-iOS/MyRAM-iOS/Baseline
    builtin-swiftHeaderTool -arch arm64 /tmp/MYR175-Classify-Baseline-iOS/Build/Intermediates.noindex/MyRAM.build/Debug-iphonesimulator/MyRAM.build/Objects-normal/arm64/MyRAM-Swift.h -o /tmp/MYR175-Classify-Baseline-iOS/Build/Intermediates.noindex/MyRAM.build/Debug-iphonesimulator/MyRAM.build/DerivedSources/MyRAM-Swift.h

SwiftDriverJobDiscovery normal arm64 Compiling MyRAMExternalOpenDispatcher.swift, MyRAMWidgetHostCoordinator.swift, MyRAMWidgetNoteRouting.swift, MyRAMWidgetSelectionButton.swift, MarkdownFileIO.swift, MarkdownPreview.swift, MarkdownPreviewModePolicy.swift, MarkdownPreviewUIKitSyncExecutor.swift, MarkdownPreviewUIKitDeferredScheduler.swift, MarkdownPreviewUIKitEditorResignation.swift, MarkdownPreviewUIKitPostResignationReconciliation.swift, MarkdownPreviewUIKitAcceptedRestoreSupersession.swift, NoteEditorFileOperationBridge.swift, NoteSequenceStateRecord.swift, NoteSequenceStateBootstrapAdapter.swift, NoteSequenceStateFullBodyIntegration.swift, NoteSequenceStateBootstrapMigrator.swift, SwiftDataNoteSequenceStateStore.swift, MyRAMSyncOperationIDAllocator.swift, FileBackedSyncOperationIDReservationStore.swift, Item.swift, RTFCoding.swift, AttributedTextStorageKeys.swift (in target 'MyRAM' from project 'MyRAM')

Copy /tmp/MYR175-Classify-Baseline-iOS/Build/Products/Debug-iphonesimulator/MyRAM.swiftmodule/arm64-apple-ios-simulator.swiftmodule /tmp/MYR175-Classify-Baseline-iOS/Build/Intermediates.noindex/MyRAM.build/Debug-iphonesimulator/MyRAM.build/Objects-normal/arm64/MyRAM.swiftmodule (in target 'MyRAM' from project 'MyRAM')
    cd /Users/runner/work/MyRAM-iOS/MyRAM-iOS/Baseline
    builtin-copy -exclude .DS_Store -exclude CVS -exclude .svn -exclude .git -exclude .hg -resolve-src-symlinks -rename /tmp/MYR175-Classify-Baseline-iOS/Build/Intermediates.noindex/MyRAM.build/Debug-iphonesimulator/MyRAM.build/Objects-normal/arm64/MyRAM.swiftmodule /tmp/MYR175-Classify-Baseline-iOS/Build/Products/Debug-iphonesimulator/MyRAM.swiftmodule/arm64-apple-ios-simulator.swiftmodule

Copy /tmp/MYR175-Classify-Baseline-iOS/Build/Products/Debug-iphonesimulator/MyRAM.swiftmodule/arm64-apple-ios-simulator.swiftdoc /tmp/MYR175-Classify-Baseline-iOS/Build/Intermediates.noindex/MyRAM.build/Debug-iphonesimulator/MyRAM.build/Objects-normal/arm64/MyRAM.swiftdoc (in target 'MyRAM' from project 'MyRAM')
    cd /Users/runner/work/MyRAM-iOS/MyRAM-iOS/Baseline
    builtin-copy -exclude .DS_Store -exclude CVS -exclude .svn -exclude .git -exclude .hg -resolve-src-symlinks -rename /tmp/MYR175-Classify-Baseline-iOS/Build/Intermediates.noindex/MyRAM.build/Debug-iphonesimulator/MyRAM.build/Objects-normal/arm64/MyRAM.swiftdoc /tmp/MYR175-Classify-Baseline-iOS/Build/Products/Debug-iphonesimulator/MyRAM.swiftmodule/arm64-apple-ios-simulator.swiftdoc

Copy /tmp/MYR175-Classify-Baseline-iOS/Build/Products/Debug-iphonesimulator/MyRAM.swiftmodule/arm64-apple-ios-simulator.abi.json /tmp/MYR175-Classify-Baseline-iOS/Build/Intermediates.noindex/MyRAM.build/Debug-iphonesimulator/MyRAM.build/Objects-normal/arm64/MyRAM.abi.json (in target 'MyRAM' from project 'MyRAM')
    cd /Users/runner/work/MyRAM-iOS/MyRAM-iOS/Baseline
    builtin-copy -exclude .DS_Store -exclude CVS -exclude .svn -exclude .git -exclude .hg -resolve-src-symlinks -rename /tmp/MYR175-Classify-Baseline-iOS/Build/Intermediates.noindex/MyRAM.build/Debug-iphonesimulator/MyRAM.build/Objects-normal/arm64/MyRAM.abi.json /tmp/MYR175-Classify-Baseline-iOS/Build/Products/Debug-iphonesimulator/MyRAM.swiftmodule/arm64-apple-ios-simulator.abi.json

Copy /tmp/MYR175-Classify-Baseline-iOS/Build/Products/Debug-iphonesimulator/MyRAM.swiftmodule/Project/arm64-apple-ios-simulator.swiftsourceinfo /tmp/MYR175-Classify-Baseline-iOS/Build/Intermediates.noindex/MyRAM.build/Debug-iphonesimulator/MyRAM.build/Objects-normal/arm64/MyRAM.swiftsourceinfo (in target 'MyRAM' from project 'MyRAM')
    cd /Users/runner/work/MyRAM-iOS/MyRAM-iOS/Baseline
    builtin-copy -exclude .DS_Store -exclude CVS -exclude .svn -exclude .git -exclude .hg -resolve-src-symlinks -rename /tmp/MYR175-Classify-Baseline-iOS/Build/Intermediates.noindex/MyRAM.build/Debug-iphonesimulator/MyRAM.build/Objects-normal/arm64/MyRAM.swiftsourceinfo /tmp/MYR175-Classify-Baseline-iOS/Build/Products/Debug-iphonesimulator/MyRAM.swiftmodule/Project/arm64-apple-ios-simulator.swiftsourceinfo

SwiftCompile normal arm64 Compiling\ SyncBatchPayload.swift,\ SyncBatchAnchoredPayloadAdapter.swift,\ SyncBatchAnchoredPayloadPolicy.swift,\ SyncBatchPeerCapability.swift,\ SyncBatchTransportAdmissionPlanner.swift,\ SyncBatchEnvelope.swift,\ MultipeerSyncMessageEnvelope.swift,\ SyncBatchSeenBatchStore.swift,\ SyncBatchUTF16Helpers.swift,\ SyncBatchNoteChangeCapture.swift,\ SyncConvergenceTypes.swift,\ SyncConvergenceModels.swift,\ SyncConvergencePlanningTypes.swift,\ SyncConvergenceRewriteSafetyPolicy.swift,\ ExplicitDeleteProvenanceTypes.swift,\ ExplicitDeleteProvenanceBuilder.swift,\ ExplicitDeleteProvenanceValidator.swift,\ SyncConvergencePlanner.swift,\ IncrementalEditIntegrationTypes.swift,\ RetainedOperationCausalGraph.swift,\ SwiftDataSyncConvergencePersistenceTransaction.swift,\ SyncConvergencePostCommitTypes.swift,\ SyncConvergencePostCommitGating.swift /Users/runner/work/MyRAM-iOS/MyRAM-iOS/Baseline/MyRAM/Sync/Batch/SyncBatchPayload.swift /Users/runner/work/MyRAM-iOS/MyRAM-iOS/Baseline/MyRAM/Sync/Batch/SyncBatchAnchoredPayloadAdapter.swift /Users/runner/work/MyRAM-iOS/MyRAM-iOS/Baseline/MyRAM/Sync/Batch/SyncBatchAnchoredPayloadPolicy.swift /Users/runner/work/MyRAM-iOS/MyRAM-iOS/Baseline/MyRAM/Sync/Batch/SyncBatchPeerCapability.swift /Users/runner/work/MyRAM-iOS/MyRAM-iOS/Baseline/MyRAM/Sync/Batch/SyncBatchTransportAdmissionPlanner.swift /Users/runner/work/MyRAM-iOS/MyRAM-iOS/Baseline/MyRAM/Sync/Batch/SyncBatchEnvelope.swift /Users/runner/work/MyRAM-iOS/MyRAM-iOS/Baseline/MyRAM/Sync/Batch/MultipeerSyncMessageEnvelope.swift /Users/runner/work/MyRAM-iOS/MyRAM-iOS/Baseline/MyRAM/Sync/Batch/SyncBatchSeenBatchStore.swift /Users/runner/work/MyRAM-iOS/MyRAM-iOS/Baseline/MyRAM/Sync/Batch/SyncBatchUTF16Helpers.swift /Users/runner/work/MyRAM-iOS/MyRAM-iOS/Baseline/MyRAM/Sync/Batch/SyncBatchNoteChangeCapture.swift /Users/runner/work/MyRAM-iOS/MyRAM-iOS/Baseline/MyRAM/Sync/Convergence/SyncConvergenceTypes.swift /Users/runner/work/MyRAM-iOS/MyRAM-iOS/Baseline/MyRAM/Sync/Convergence/SyncConvergenceModels.swift /Users/runner/work/MyRAM-iOS/MyRAM-iOS/Baseline/MyRAM/Sync/Convergence/SyncConvergencePlanningTypes.swift /Users/runner/work/MyRAM-iOS/MyRAM-iOS/Baseline/MyRAM/Sync/Convergence/SyncConvergenceRewriteSafetyPolicy.swift /Users/runner/work/MyRAM-iOS/MyRAM-iOS/Baseline/MyRAM/Sync/Convergence/ExplicitDeleteProvenanceTypes.swift /Users/runner/work/MyRAM-iOS/MyRAM-iOS/Baseline/MyRAM/Sync/Convergence/ExplicitDeleteProvenanceBuilder.swift /Users/runner/work/MyRAM-iOS/MyRAM-iOS/Baseline/MyRAM/Sync/Convergence/ExplicitDeleteProvenanceValidator.swift /Users/runner/work/MyRAM-iOS/MyRAM-iOS/Baseline/MyRAM/Sync/Convergence/SyncConvergencePlanner.swift /Users/runner/work/MyRAM-iOS/MyRAM-iOS/Baseline/MyRAM/Sync/Convergence/IncrementalEditIntegrationTypes.swift /Users/runner/work/MyRAM-iOS/MyRAM-iOS/Baseline/MyRAM/Sync/Convergence/RetainedOperationCausalGraph.swift /Users/runner/work/MyRAM-iOS/MyRAM-iOS/Baseline/MyRAM/Sync/Convergence/SwiftDataSyncConvergencePersistenceTransaction.swift /Users/runner/work/MyRAM-iOS/MyRAM-iOS/Baseline/MyRAM/Sync/Convergence/SyncConvergencePostCommitTypes.swift /Users/runner/work/MyRAM-iOS/MyRAM-iOS/Baseline/MyRAM/Sync/Convergence/SyncConvergencePostCommitGating.swift (in target 'MyRAM' from project 'MyRAM')

SwiftCompile normal arm64 /Users/runner/work/MyRAM-iOS/MyRAM-iOS/Baseline/MyRAM/Sync/Batch/SyncBatchPayload.swift (in target 'MyRAM' from project 'MyRAM')
    cd /Users/runner/work/MyRAM-iOS/MyRAM-iOS/Baseline
    

SwiftCompile normal arm64 /Users/runner/work/MyRAM-iOS/MyRAM-iOS/Baseline/MyRAM/Sync/Batch/SyncBatchAnchoredPayloadAdapter.swift (in target 'MyRAM' from project 'MyRAM')
    cd /Users/runner/work/MyRAM-iOS/MyRAM-iOS/Baseline
    

SwiftCompile normal arm64 /Users/runner/work/MyRAM-iOS/MyRAM-iOS/Baseline/MyRAM/Sync/Batch/SyncBatchAnchoredPayloadPolicy.swift (in target 'MyRAM' from project 'MyRAM')
    cd /Users/runner/work/MyRAM-iOS/MyRAM-iOS/Baseline
    

SwiftCompile normal arm64 /Users/runner/work/MyRAM-iOS/MyRAM-iOS/Baseline/MyRAM/Sync/Batch/SyncBatchPeerCapability.swift (in target 'MyRAM' from project 'MyRAM')
    cd /Users/runner/work/MyRAM-iOS/MyRAM-iOS/Baseline
    

SwiftCompile normal arm64 /Users/runner/work/MyRAM-iOS/MyRAM-iOS/Baseline/MyRAM/Sync/Batch/SyncBatchTransportAdmissionPlanner.swift (in target 'MyRAM' from project 'MyRAM')
    cd /Users/runner/work/MyRAM-iOS/MyRAM-iOS/Baseline
    

SwiftCompile normal arm64 /Users/runner/work/MyRAM-iOS/MyRAM-iOS/Baseline/MyRAM/Sync/Batch/SyncBatchEnvelope.swift (in target 'MyRAM' from project 'MyRAM')
    cd /Users/runner/work/MyRAM-iOS/MyRAM-iOS/Baseline
    

SwiftCompile normal arm64 /Users/runner/work/MyRAM-iOS/MyRAM-iOS/Baseline/MyRAM/Sync/Batch/MultipeerSyncMessageEnvelope.swift (in target 'MyRAM' from project 'MyRAM')
    cd /Users/runner/work/MyRAM-iOS/MyRAM-iOS/Baseline
    

SwiftCompile normal arm64 /Users/runner/work/MyRAM-iOS/MyRAM-iOS/Baseline/MyRAM/Sync/Batch/SyncBatchSeenBatchStore.swift (in target 'MyRAM' from project 'MyRAM')
    cd /Users/runner/work/MyRAM-iOS/MyRAM-iOS/Baseline
    

SwiftCompile normal arm64 /Users/runner/work/MyRAM-iOS/MyRAM-iOS/Baseline/MyRAM/Sync/Batch/SyncBatchUTF16Helpers.swift (in target 'MyRAM' from project 'MyRAM')
    cd /Users/runner/work/MyRAM-iOS/MyRAM-iOS/Baseline
    

SwiftCompile normal arm64 /Users/runner/work/MyRAM-iOS/MyRAM-iOS/Baseline/MyRAM/Sync/Batch/SyncBatchNoteChangeCapture.swift (in target 'MyRAM' from project 'MyRAM')
    cd /Users/runner/work/MyRAM-iOS/MyRAM-iOS/Baseline
    

SwiftCompile normal arm64 /Users/runner/work/MyRAM-iOS/MyRAM-iOS/Baseline/MyRAM/Sync/Convergence/SyncConvergenceTypes.swift (in target 'MyRAM' from project 'MyRAM')
    cd /Users/runner/work/MyRAM-iOS/MyRAM-iOS/Baseline
    

SwiftCompile normal arm64 /Users/runner/work/MyRAM-iOS/MyRAM-iOS/Baseline/MyRAM/Sync/Convergence/SyncConvergenceModels.swift (in target 'MyRAM' from project 'MyRAM')
    cd /Users/runner/work/MyRAM-iOS/MyRAM-iOS/Baseline
    

SwiftCompile normal arm64 /Users/runner/work/MyRAM-iOS/MyRAM-iOS/Baseline/MyRAM/Sync/Convergence/SyncConvergencePlanningTypes.swift (in target 'MyRAM' from project 'MyRAM')
    cd /Users/runner/work/MyRAM-iOS/MyRAM-iOS/Baseline
    

SwiftCompile normal arm64 /Users/runner/work/MyRAM-iOS/MyRAM-iOS/Baseline/MyRAM/Sync/Convergence/SyncConvergenceRewriteSafetyPolicy.swift (in target 'MyRAM' from project 'MyRAM')
    cd /Users/runner/work/MyRAM-iOS/MyRAM-iOS/Baseline
    

SwiftCompile normal arm64 /Users/runner/work/MyRAM-iOS/MyRAM-iOS/Baseline/MyRAM/Sync/Convergence/ExplicitDeleteProvenanceTypes.swift (in target 'MyRAM' from project 'MyRAM')
    cd /Users/runner/work/MyRAM-iOS/MyRAM-iOS/Baseline
    

SwiftCompile normal arm64 /Users/runner/work/MyRAM-iOS/MyRAM-iOS/Baseline/MyRAM/Sync/Convergence/ExplicitDeleteProvenanceBuilder.swift (in target 'MyRAM' from project 'MyRAM')
    cd /Users/runner/work/MyRAM-iOS/MyRAM-iOS/Baseline
    

SwiftCompile normal arm64 /Users/runner/work/MyRAM-iOS/MyRAM-iOS/Baseline/MyRAM/Sync/Convergence/ExplicitDeleteProvenanceValidator.swift (in target 'MyRAM' from project 'MyRAM')
    cd /Users/runner/work/MyRAM-iOS/MyRAM-iOS/Baseline
    

SwiftCompile normal arm64 /Users/runner/work/MyRAM-iOS/MyRAM-iOS/Baseline/MyRAM/Sync/Convergence/SyncConvergencePlanner.swift (in target 'MyRAM' from project 'MyRAM')
    cd /Users/runner/work/MyRAM-iOS/MyRAM-iOS/Baseline
    

SwiftCompile normal arm64 /Users/runner/work/MyRAM-iOS/MyRAM-iOS/Baseline/MyRAM/Sync/Convergence/IncrementalEditIntegrationTypes.swift (in target 'MyRAM' from project 'MyRAM')
    cd /Users/runner/work/MyRAM-iOS/MyRAM-iOS/Baseline
    

SwiftCompile normal arm64 /Users/runner/work/MyRAM-iOS/MyRAM-iOS/Baseline/MyRAM/Sync/Convergence/RetainedOperationCausalGraph.swift (in target 'MyRAM' from project 'MyRAM')
    cd /Users/runner/work/MyRAM-iOS/MyRAM-iOS/Baseline
    

SwiftCompile normal arm64 /Users/runner/work/MyRAM-iOS/MyRAM-iOS/Baseline/MyRAM/Sync/Convergence/SwiftDataSyncConvergencePersistenceTransaction.swift (in target 'MyRAM' from project 'MyRAM')
    cd /Users/runner/work/MyRAM-iOS/MyRAM-iOS/Baseline
    

SwiftCompile normal arm64 /Users/runner/work/MyRAM-iOS/MyRAM-iOS/Baseline/MyRAM/Sync/Convergence/SyncConvergencePostCommitTypes.swift (in target 'MyRAM' from project 'MyRAM')
    cd /Users/runner/work/MyRAM-iOS/MyRAM-iOS/Baseline
    

SwiftCompile normal arm64 /Users/runner/work/MyRAM-iOS/MyRAM-iOS/Baseline/MyRAM/Sync/Convergence/SyncConvergencePostCommitGating.swift (in target 'MyRAM' from project 'MyRAM')
    cd /Users/runner/work/MyRAM-iOS/MyRAM-iOS/Baseline
    

SwiftDriverJobDiscovery normal arm64 Compiling SwiftDataSyncConvergencePostCommitStore.swift, SyncConvergencePostCommitExecutor.swift, SyncConvergenceLocalObligation.swift, FileBackedSyncConvergenceLocalObligationQueue.swift, SyncConvergenceDrainPassScheduler.swift, SyncConvergenceRuntime.swift, SyncBatchUnsentQueue.swift, FileBackedSyncBatchQueue.swift, NotesViewModel.swift, MyRAMSyncModels.swift, MyRAMApp.swift, MyRAMSchema.swift, Note.swift, MyRAMSyncChangeApplier.swift, MyRAMLegacySyncChangeValidator.swift, MyRAMSyncConflictService.swift, SyncConflictStore.swift, Folder.swift, MyRAMDeviceIdentity.swift, MyRAMLegacySyncPayloadBuilder.swift, PendingSyncStatus.swift, PendingSyncRecoveryCoordinator.swift, MyRAMWidgetContentSelectionPolicy.swift (in target 'MyRAM' from project 'MyRAM')

SwiftDriver MyRAMUITests normal arm64 com.apple.xcode.tools.swift.compiler (in target 'MyRAMUITests' from project 'MyRAM')
    cd /Users/runner/work/MyRAM-iOS/MyRAM-iOS/Baseline
    builtin-SwiftDriver -- /Applications/Xcode_26.5.app/Contents/Developer/Toolchains/XcodeDefault.xctoolchain/usr/bin/swiftc -module-name MyRAMUITests -Onone @/tmp/MYR175-Classify-Baseline-iOS/Build/Intermediates.noindex/MyRAM.build/Debug-iphonesimulator/MyRAMUITests.build/Objects-normal/arm64/MyRAMUITests.SwiftFileList -DDEBUG -module-alias Testing\=_Testing_Unavailable -plugin-path /Applications/Xcode_26.5.app/Contents/Developer/Toolchains/XcodeDefault.xctoolchain/usr/lib/swift/host/plugins/testing -enable-bare-slash-regex -enable-experimental-feature DebugDescriptionMacro -sdk /Applications/Xcode_26.5.app/Contents/Developer/Platforms/iPhoneSimulator.platform/Developer/SDKs/iPhoneSimulator26.5.sdk -target arm64-apple-ios17.0-simulator -g -module-cache-path /tmp/MYR175-Classify-Baseline-iOS/ModuleCache.noindex -Xfrontend -serialize-debugging-options -enable-testing -index-store-path /tmp/MYR175-Classify-Baseline-iOS/Index.noindex/DataStore -Xcc -D_LIBCPP_HARDENING_MODE\=_LIBCPP_HARDENING_MODE_DEBUG -swift-version 5 -I /tmp/MYR175-Classify-Baseline-iOS/Build/Products/Debug-iphonesimulator -Isystem /Applications/Xcode_26.5.app/Contents/Developer/Platforms/iPhoneSimulator.platform/Developer/usr/lib -F /tmp/MYR175-Classify-Baseline-iOS/Build/Products/Debug-iphonesimulator -F /Applications/Xcode_26.5.app/Contents/Developer/Platforms/iPhoneSimulator.platform/Developer/Library/Frameworks -F /Applications/Xcode_26.5.app/Contents/Developer/Platforms/iPhoneSimulator.platform/Developer/SDKs/iPhoneSimulator26.5.sdk/Developer/Library/Frameworks -c -j3 -enable-batch-mode -incremental -Xcc -ivfsstatcache -Xcc /tmp/MYR175-Classify-Baseline-iOS/SDKStatCaches.noindex/iphonesimulator26.5-23F73-688ef53f1462e2c8f657fdc38a81448ffb7d586738ff35573a713a18216ade27.sdkstatcache -output-file-map /tmp/MYR175-Classify-Baseline-iOS/Build/Intermediates.noindex/MyRAM.build/Debug-iphonesimulator/MyRAMUITests.build/Objects-normal/arm64/MyRAMUITests-OutputFileMap.json -use-frontend-parseable-output -save-temps -no-color-diagnostics -explicit-module-build -module-cache-path /tmp/MYR175-Classify-Baseline-iOS/Build/Intermediates.noindex/SwiftExplicitPrecompiledModules -clang-scanner-module-cache-path /tmp/MYR175-Classify-Baseline-iOS/ModuleCache.noindex -sdk-module-cache-path /tmp/MYR175-Classify-Baseline-iOS/ModuleCache.noindex -serialize-diagnostics -emit-dependencies -emit-module -emit-module-path /tmp/MYR175-Classify-Baseline-iOS/Build/Intermediates.noindex/MyRAM.build/Debug-iphonesimulator/MyRAMUITests.build/Objects-normal/arm64/MyRAMUITests.swiftmodule -validate-clang-modules-once -clang-build-session-file /tmp/MYR175-Classify-Baseline-iOS/ModuleCache.noindex/Session.modulevalidation -Xcc -I/tmp/MYR175-Classify-Baseline-iOS/Build/Intermediates.noindex/MyRAM.build/Debug-iphonesimulator/MyRAMUITests.build/swift-overrides.hmap -emit-const-values -Xfrontend -const-gather-protocols-file -Xfrontend /tmp/MYR175-Classify-Baseline-iOS/Build/Intermediates.noindex/MyRAM.build/Debug-iphonesimulator/MyRAMUITests.build/Objects-normal/arm64/MyRAMUITests_const_extract_protocols.json -Xcc -iquote -Xcc /tmp/MYR175-Classify-Baseline-iOS/Build/Intermediates.noindex/MyRAM.build/Debug-iphonesimulator/MyRAMUITests.build/MyRAMUITests-generated-files.hmap -Xcc -I/tmp/MYR175-Classify-Baseline-iOS/Build/Intermediates.noindex/MyRAM.build/Debug-iphonesimulator/MyRAMUITests.build/MyRAMUITests-own-target-headers.hmap -Xcc -I/tmp/MYR175-Classify-Baseline-iOS/Build/Intermediates.noindex/MyRAM.build/Debug-iphonesimulator/MyRAMUITests.build/MyRAMUITests-all-non-framework-target-headers.hmap -Xcc -ivfsoverlay -Xcc /tmp/MYR175-Classify-Baseline-iOS/Build/Intermediates.noindex/MyRAM.build/Debug-iphonesimulator/MyRAM-98a9cbde253e8e955bc92731eb290203-VFS-iphonesimulator/all-product-headers.yaml -Xcc -iquote -Xcc /tmp/MYR175-Classify-Baseline-iOS/Build/Intermediates.noindex/MyRAM.build/Debug-iphonesimulator/MyRAMUITests.build/MyRAMUITests-project-headers.hmap -Xcc -I/tmp/MYR175-Classify-Baseline-iOS/Build/Products/Debug-iphonesimulator/include -Xcc -I/tmp/MYR175-Classify-Baseline-iOS/Build/Intermediates.noindex/MyRAM.build/Debug-iphonesimulator/MyRAMUITests.build/DerivedSources-normal/arm64 -Xcc -I/tmp/MYR175-Classify-Baseline-iOS/Build/Intermediates.noindex/MyRAM.build/Debug-iphonesimulator/MyRAMUITests.build/DerivedSources/arm64 -Xcc -I/tmp/MYR175-Classify-Baseline-iOS/Build/Intermediates.noindex/MyRAM.build/Debug-iphonesimulator/MyRAMUITests.build/DerivedSources -Xcc -DDEBUG\=1 -emit-objc-header -emit-objc-header-path /tmp/MYR175-Classify-Baseline-iOS/Build/Intermediates.noindex/MyRAM.build/Debug-iphonesimulator/MyRAMUITests.build/Objects-normal/arm64/MyRAMUITests-Swift.h -working-directory /Users/runner/work/MyRAM-iOS/MyRAM-iOS/Baseline -experimental-emit-module-separately -disable-cmo

SwiftExplicitDependencyGeneratePcm arm64 /tmp/MYR175-Classify-Baseline-iOS/Build/Intermediates.noindex/SwiftExplicitPrecompiledModules/XCUIAutomation-8J8LDYVNVKLTHMTBD6NRNHRER.pcm

SwiftExplicitDependencyCompileModuleFromInterface arm64 /tmp/MYR175-Classify-Baseline-iOS/Build/Intermediates.noindex/SwiftExplicitPrecompiledModules/XCUIAutomation-3A5RPNLM6F97H.swiftmodule

SwiftDriver MyRAMTests normal arm64 com.apple.xcode.tools.swift.compiler (in target 'MyRAMTests' from project 'MyRAM')
    cd /Users/runner/work/MyRAM-iOS/MyRAM-iOS/Baseline
    builtin-SwiftDriver -- /Applications/Xcode_26.5.app/Contents/Developer/Toolchains/XcodeDefault.xctoolchain/usr/bin/swiftc -module-name MyRAMTests -Onone @/tmp/MYR175-Classify-Baseline-iOS/Build/Intermediates.noindex/MyRAM.build/Debug-iphonesimulator/MyRAMTests.build/Objects-normal/arm64/MyRAMTests.SwiftFileList -DDEBUG -plugin-path /Applications/Xcode_26.5.app/Contents/Developer/Toolchains/XcodeDefault.xctoolchain/usr/lib/swift/host/plugins/testing -enable-bare-slash-regex -enable-experimental-feature DebugDescriptionMacro -sdk /Applications/Xcode_26.5.app/Contents/Developer/Platforms/iPhoneSimulator.platform/Developer/SDKs/iPhoneSimulator26.5.sdk -target arm64-apple-ios17.0-simulator -g -module-cache-path /tmp/MYR175-Classify-Baseline-iOS/ModuleCache.noindex -Xfrontend -serialize-debugging-options -enable-testing -index-store-path /tmp/MYR175-Classify-Baseline-iOS/Index.noindex/DataStore -Xcc -D_LIBCPP_HARDENING_MODE\=_LIBCPP_HARDENING_MODE_DEBUG -swift-version 5 -I /tmp/MYR175-Classify-Baseline-iOS/Build/Products/Debug-iphonesimulator -Isystem /Applications/Xcode_26.5.app/Contents/Developer/Platforms/iPhoneSimulator.platform/Developer/usr/lib -F /tmp/MYR175-Classify-Baseline-iOS/Build/Products/Debug-iphonesimulator/PackageFrameworks -F /tmp/MYR175-Classify-Baseline-iOS/Build/Products/Debug-iphonesimulator/PackageFrameworks -F /tmp/MYR175-Classify-Baseline-iOS/Build/Products/Debug-iphonesimulator/PackageFrameworks -F /tmp/MYR175-Classify-Baseline-iOS/Build/Products/Debug-iphonesimulator -F /Applications/Xcode_26.5.app/Contents/Developer/Platforms/iPhoneSimulator.platform/Developer/Library/Frameworks -F /Applications/Xcode_26.5.app/Contents/Developer/Platforms/iPhoneSimulator.platform/Developer/SDKs/iPhoneSimulator26.5.sdk/Developer/Library/Frameworks -c -j3 -enable-batch-mode -incremental -Xcc -ivfsstatcache -Xcc /tmp/MYR175-Classify-Baseline-iOS/SDKStatCaches.noindex/iphonesimulator26.5-23F73-688ef53f1462e2c8f657fdc38a81448ffb7d586738ff35573a713a18216ade27.sdkstatcache -output-file-map /tmp/MYR175-Classify-Baseline-iOS/Build/Intermediates.noindex/MyRAM.build/Debug-iphonesimulator/MyRAMTests.build/Objects-normal/arm64/MyRAMTests-OutputFileMap.json -use-frontend-parseable-output -save-temps -no-color-diagnostics -explicit-module-build -module-cache-path /tmp/MYR175-Classify-Baseline-iOS/Build/Intermediates.noindex/SwiftExplicitPrecompiledModules -clang-scanner-module-cache-path /tmp/MYR175-Classify-Baseline-iOS/ModuleCache.noindex -sdk-module-cache-path /tmp/MYR175-Classify-Baseline-iOS/ModuleCache.noindex -serialize-diagnostics -emit-dependencies -emit-module -emit-module-path /tmp/MYR175-Classify-Baseline-iOS/Build/Intermediates.noindex/MyRAM.build/Debug-iphonesimulator/MyRAMTests.build/Objects-normal/arm64/MyRAMTests.swiftmodule -validate-clang-modules-once -clang-build-session-file /tmp/MYR175-Classify-Baseline-iOS/ModuleCache.noindex/Session.modulevalidation -Xcc -I/tmp/MYR175-Classify-Baseline-iOS/Build/Intermediates.noindex/MyRAM.build/Debug-iphonesimulator/MyRAMTests.build/swift-overrides.hmap -emit-const-values -Xfrontend -const-gather-protocols-file -Xfrontend /tmp/MYR175-Classify-Baseline-iOS/Build/Intermediates.noindex/MyRAM.build/Debug-iphonesimulator/MyRAMTests.build/Objects-normal/arm64/MyRAMTests_const_extract_protocols.json -Xcc -iquote -Xcc /tmp/MYR175-Classify-Baseline-iOS/Build/Intermediates.noindex/MyRAM.build/Debug-iphonesimulator/MyRAMTests.build/MyRAMTests-generated-files.hmap -Xcc -I/tmp/MYR175-Classify-Baseline-iOS/Build/Intermediates.noindex/MyRAM.build/Debug-iphonesimulator/MyRAMTests.build/MyRAMTests-own-target-headers.hmap -Xcc -I/tmp/MYR175-Classify-Baseline-iOS/Build/Intermediates.noindex/MyRAM.build/Debug-iphonesimulator/MyRAMTests.build/MyRAMTests-all-non-framework-target-headers.hmap -Xcc -ivfsoverlay -Xcc /tmp/MYR175-Classify-Baseline-iOS/Build/Intermediates.noindex/MyRAM.build/Debug-iphonesimulator/MyRAM-98a9cbde253e8e955bc92731eb290203-VFS-iphonesimulator/all-product-headers.yaml -Xcc -iquote -Xcc /tmp/MYR175-Classify-Baseline-iOS/Build/Intermediates.noindex/MyRAM.build/Debug-iphonesimulator/MyRAMTests.build/MyRAMTests-project-headers.hmap -Xcc -I/tmp/MYR175-Classify-Baseline-iOS/Build/Products/Debug-iphonesimulator/include -Xcc -I/tmp/MYR175-Classify-Baseline-iOS/Build/Intermediates.noindex/MyRAM.build/Debug-iphonesimulator/MyRAMTests.build/DerivedSources-normal/arm64 -Xcc -I/tmp/MYR175-Classify-Baseline-iOS/Build/Intermediates.noindex/MyRAM.build/Debug-iphonesimulator/MyRAMTests.build/DerivedSources/arm64 -Xcc -I/tmp/MYR175-Classify-Baseline-iOS/Build/Intermediates.noindex/MyRAM.build/Debug-iphonesimulator/MyRAMTests.build/DerivedSources -Xcc -DDEBUG\=1 -emit-objc-header -emit-objc-header-path /tmp/MYR175-Classify-Baseline-iOS/Build/Intermediates.noindex/MyRAM.build/Debug-iphonesimulator/MyRAMTests.build/Objects-normal/arm64/MyRAMTests-Swift.h -working-directory /Users/runner/work/MyRAM-iOS/MyRAM-iOS/Baseline -experimental-emit-module-separately -disable-cmo

SwiftExplicitDependencyGeneratePcm arm64 /tmp/MYR175-Classify-Baseline-iOS/Build/Intermediates.noindex/SwiftExplicitPrecompiledModules/XCTest-BJSK6IENEVI0XPXBBFCFHJB8J.pcm

SwiftExplicitDependencyCompileModuleFromInterface arm64 /tmp/MYR175-Classify-Baseline-iOS/Build/Intermediates.noindex/SwiftExplicitPrecompiledModules/XCTest-1JK9KMYD4MO37.swiftmodule

SwiftEmitModule normal arm64 Emitting\ module\ for\ MyRAMUITests (in target 'MyRAMUITests' from project 'MyRAM')

EmitSwiftModule normal arm64 (in target 'MyRAMUITests' from project 'MyRAM')
    cd /Users/runner/work/MyRAM-iOS/MyRAM-iOS/Baseline
    

SwiftEmitModule normal arm64 Emitting\ module\ for\ MyRAMTests (in target 'MyRAMTests' from project 'MyRAM')

EmitSwiftModule normal arm64 (in target 'MyRAMTests' from project 'MyRAM')
    cd /Users/runner/work/MyRAM-iOS/MyRAM-iOS/Baseline
    

SwiftDriverJobDiscovery normal arm64 Emitting module for MyRAMUITests (in target 'MyRAMUITests' from project 'MyRAM')

SwiftDriver\ Compilation\ Requirements MyRAMUITests normal arm64 com.apple.xcode.tools.swift.compiler (in target 'MyRAMUITests' from project 'MyRAM')
    cd /Users/runner/work/MyRAM-iOS/MyRAM-iOS/Baseline
    builtin-Swift-Compilation-Requirements -- /Applications/Xcode_26.5.app/Contents/Developer/Toolchains/XcodeDefault.xctoolchain/usr/bin/swiftc -module-name MyRAMUITests -Onone @/tmp/MYR175-Classify-Baseline-iOS/Build/Intermediates.noindex/MyRAM.build/Debug-iphonesimulator/MyRAMUITests.build/Objects-normal/arm64/MyRAMUITests.SwiftFileList -DDEBUG -module-alias Testing\=_Testing_Unavailable -plugin-path /Applications/Xcode_26.5.app/Contents/Developer/Toolchains/XcodeDefault.xctoolchain/usr/lib/swift/host/plugins/testing -enable-bare-slash-regex -enable-experimental-feature DebugDescriptionMacro -sdk /Applications/Xcode_26.5.app/Contents/Developer/Platforms/iPhoneSimulator.platform/Developer/SDKs/iPhoneSimulator26.5.sdk -target arm64-apple-ios17.0-simulator -g -module-cache-path /tmp/MYR175-Classify-Baseline-iOS/ModuleCache.noindex -Xfrontend -serialize-debugging-options -enable-testing -index-store-path /tmp/MYR175-Classify-Baseline-iOS/Index.noindex/DataStore -Xcc -D_LIBCPP_HARDENING_MODE\=_LIBCPP_HARDENING_MODE_DEBUG -swift-version 5 -I /tmp/MYR175-Classify-Baseline-iOS/Build/Products/Debug-iphonesimulator -Isystem /Applications/Xcode_26.5.app/Contents/Developer/Platforms/iPhoneSimulator.platform/Developer/usr/lib -F /tmp/MYR175-Classify-Baseline-iOS/Build/Products/Debug-iphonesimulator -F /Applications/Xcode_26.5.app/Contents/Developer/Platforms/iPhoneSimulator.platform/Developer/Library/Frameworks -F /Applications/Xcode_26.5.app/Contents/Developer/Platforms/iPhoneSimulator.platform/Developer/SDKs/iPhoneSimulator26.5.sdk/Developer/Library/Frameworks -c -j3 -enable-batch-mode -incremental -Xcc -ivfsstatcache -Xcc /tmp/MYR175-Classify-Baseline-iOS/SDKStatCaches.noindex/iphonesimulator26.5-23F73-688ef53f1462e2c8f657fdc38a81448ffb7d586738ff35573a713a18216ade27.sdkstatcache -output-file-map /tmp/MYR175-Classify-Baseline-iOS/Build/Intermediates.noindex/MyRAM.build/Debug-iphonesimulator/MyRAMUITests.build/Objects-normal/arm64/MyRAMUITests-OutputFileMap.json -use-frontend-parseable-output -save-temps -no-color-diagnostics -explicit-module-build -module-cache-path /tmp/MYR175-Classify-Baseline-iOS/Build/Intermediates.noindex/SwiftExplicitPrecompiledModules -clang-scanner-module-cache-path /tmp/MYR175-Classify-Baseline-iOS/ModuleCache.noindex -sdk-module-cache-path /tmp/MYR175-Classify-Baseline-iOS/ModuleCache.noindex -serialize-diagnostics -emit-dependencies -emit-module -emit-module-path /tmp/MYR175-Classify-Baseline-iOS/Build/Intermediates.noindex/MyRAM.build/Debug-iphonesimulator/MyRAMUITests.build/Objects-normal/arm64/MyRAMUITests.swiftmodule -validate-clang-modules-once -clang-build-session-file /tmp/MYR175-Classify-Baseline-iOS/ModuleCache.noindex/Session.modulevalidation -Xcc -I/tmp/MYR175-Classify-Baseline-iOS/Build/Intermediates.noindex/MyRAM.build/Debug-iphonesimulator/MyRAMUITests.build/swift-overrides.hmap -emit-const-values -Xfrontend -const-gather-protocols-file -Xfrontend /tmp/MYR175-Classify-Baseline-iOS/Build/Intermediates.noindex/MyRAM.build/Debug-iphonesimulator/MyRAMUITests.build/Objects-normal/arm64/MyRAMUITests_const_extract_protocols.json -Xcc -iquote -Xcc /tmp/MYR175-Classify-Baseline-iOS/Build/Intermediates.noindex/MyRAM.build/Debug-iphonesimulator/MyRAMUITests.build/MyRAMUITests-generated-files.hmap -Xcc -I/tmp/MYR175-Classify-Baseline-iOS/Build/Intermediates.noindex/MyRAM.build/Debug-iphonesimulator/MyRAMUITests.build/MyRAMUITests-own-target-headers.hmap -Xcc -I/tmp/MYR175-Classify-Baseline-iOS/Build/Intermediates.noindex/MyRAM.build/Debug-iphonesimulator/MyRAMUITests.build/MyRAMUITests-all-non-framework-target-headers.hmap -Xcc -ivfsoverlay -Xcc /tmp/MYR175-Classify-Baseline-iOS/Build/Intermediates.noindex/MyRAM.build/Debug-iphonesimulator/MyRAM-98a9cbde253e8e955bc92731eb290203-VFS-iphonesimulator/all-product-headers.yaml -Xcc -iquote -Xcc /tmp/MYR175-Classify-Baseline-iOS/Build/Intermediates.noindex/MyRAM.build/Debug-iphonesimulator/MyRAMUITests.build/MyRAMUITests-project-headers.hmap -Xcc -I/tmp/MYR175-Classify-Baseline-iOS/Build/Products/Debug-iphonesimulator/include -Xcc -I/tmp/MYR175-Classify-Baseline-iOS/Build/Intermediates.noindex/MyRAM.build/Debug-iphonesimulator/MyRAMUITests.build/DerivedSources-normal/arm64 -Xcc -I/tmp/MYR175-Classify-Baseline-iOS/Build/Intermediates.noindex/MyRAM.build/Debug-iphonesimulator/MyRAMUITests.build/DerivedSources/arm64 -Xcc -I/tmp/MYR175-Classify-Baseline-iOS/Build/Intermediates.noindex/MyRAM.build/Debug-iphonesimulator/MyRAMUITests.build/DerivedSources -Xcc -DDEBUG\=1 -emit-objc-header -emit-objc-header-path /tmp/MYR175-Classify-Baseline-iOS/Build/Intermediates.noindex/MyRAM.build/Debug-iphonesimulator/MyRAMUITests.build/Objects-normal/arm64/MyRAMUITests-Swift.h -working-directory /Users/runner/work/MyRAM-iOS/MyRAM-iOS/Baseline -experimental-emit-module-separately -disable-cmo

SwiftDriverJobDiscovery normal arm64 Emitting module for MyRAMTests (in target 'MyRAMTests' from project 'MyRAM')

SwiftCompile normal arm64 Compiling\ MyRAMUITestsLaunchTests.swift /Users/runner/work/MyRAM-iOS/MyRAM-iOS/Baseline/MyRAMUITests/MyRAMUITestsLaunchTests.swift (in target 'MyRAMUITests' from project 'MyRAM')

SwiftCompile normal arm64 /Users/runner/work/MyRAM-iOS/MyRAM-iOS/Baseline/MyRAMUITests/MyRAMUITestsLaunchTests.swift (in target 'MyRAMUITests' from project 'MyRAM')
    cd /Users/runner/work/MyRAM-iOS/MyRAM-iOS/Baseline
    

SwiftMergeGeneratedHeaders /tmp/MYR175-Classify-Baseline-iOS/Build/Intermediates.noindex/MyRAM.build/Debug-iphonesimulator/MyRAMUITests.build/DerivedSources/MyRAMUITests-Swift.h /tmp/MYR175-Classify-Baseline-iOS/Build/Intermediates.noindex/MyRAM.build/Debug-iphonesimulator/MyRAMUITests.build/Objects-normal/arm64/MyRAMUITests-Swift.h (in target 'MyRAMUITests' from project 'MyRAM')
    cd /Users/runner/work/MyRAM-iOS/MyRAM-iOS/Baseline
    builtin-swiftHeaderTool -arch arm64 /tmp/MYR175-Classify-Baseline-iOS/Build/Intermediates.noindex/MyRAM.build/Debug-iphonesimulator/MyRAMUITests.build/Objects-normal/arm64/MyRAMUITests-Swift.h -o /tmp/MYR175-Classify-Baseline-iOS/Build/Intermediates.noindex/MyRAM.build/Debug-iphonesimulator/MyRAMUITests.build/DerivedSources/MyRAMUITests-Swift.h

SwiftDriverJobDiscovery normal arm64 Compiling MyRAMUITestsLaunchTests.swift (in target 'MyRAMUITests' from project 'MyRAM')

Copy /tmp/MYR175-Classify-Baseline-iOS/Build/Products/Debug-iphonesimulator/MyRAMUITests.swiftmodule/arm64-apple-ios-simulator.swiftmodule /tmp/MYR175-Classify-Baseline-iOS/Build/Intermediates.noindex/MyRAM.build/Debug-iphonesimulator/MyRAMUITests.build/Objects-normal/arm64/MyRAMUITests.swiftmodule (in target 'MyRAMUITests' from project 'MyRAM')
    cd /Users/runner/work/MyRAM-iOS/MyRAM-iOS/Baseline
    builtin-copy -exclude .DS_Store -exclude CVS -exclude .svn -exclude .git -exclude .hg -resolve-src-symlinks -rename /tmp/MYR175-Classify-Baseline-iOS/Build/Intermediates.noindex/MyRAM.build/Debug-iphonesimulator/MyRAMUITests.build/Objects-normal/arm64/MyRAMUITests.swiftmodule /tmp/MYR175-Classify-Baseline-iOS/Build/Products/Debug-iphonesimulator/MyRAMUITests.swiftmodule/arm64-apple-ios-simulator.swiftmodule

Copy /tmp/MYR175-Classify-Baseline-iOS/Build/Products/Debug-iphonesimulator/MyRAMUITests.swiftmodule/arm64-apple-ios-simulator.swiftdoc /tmp/MYR175-Classify-Baseline-iOS/Build/Intermediates.noindex/MyRAM.build/Debug-iphonesimulator/MyRAMUITests.build/Objects-normal/arm64/MyRAMUITests.swiftdoc (in target 'MyRAMUITests' from project 'MyRAM')
    cd /Users/runner/work/MyRAM-iOS/MyRAM-iOS/Baseline
    builtin-copy -exclude .DS_Store -exclude CVS -exclude .svn -exclude .git -exclude .hg -resolve-src-symlinks -rename /tmp/MYR175-Classify-Baseline-iOS/Build/Intermediates.noindex/MyRAM.build/Debug-iphonesimulator/MyRAMUITests.build/Objects-normal/arm64/MyRAMUITests.swiftdoc /tmp/MYR175-Classify-Baseline-iOS/Build/Products/Debug-iphonesimulator/MyRAMUITests.swiftmodule/arm64-apple-ios-simulator.swiftdoc

Copy /tmp/MYR175-Classify-Baseline-iOS/Build/Products/Debug-iphonesimulator/MyRAMUITests.swiftmodule/arm64-apple-ios-simulator.abi.json /tmp/MYR175-Classify-Baseline-iOS/Build/Intermediates.noindex/MyRAM.build/Debug-iphonesimulator/MyRAMUITests.build/Objects-normal/arm64/MyRAMUITests.abi.json (in target 'MyRAMUITests' from project 'MyRAM')
    cd /Users/runner/work/MyRAM-iOS/MyRAM-iOS/Baseline
    builtin-copy -exclude .DS_Store -exclude CVS -exclude .svn -exclude .git -exclude .hg -resolve-src-symlinks -rename /tmp/MYR175-Classify-Baseline-iOS/Build/Intermediates.noindex/MyRAM.build/Debug-iphonesimulator/MyRAMUITests.build/Objects-normal/arm64/MyRAMUITests.abi.json /tmp/MYR175-Classify-Baseline-iOS/Build/Products/Debug-iphonesimulator/MyRAMUITests.swiftmodule/arm64-apple-ios-simulator.abi.json

Copy /tmp/MYR175-Classify-Baseline-iOS/Build/Products/Debug-iphonesimulator/MyRAMUITests.swiftmodule/Project/arm64-apple-ios-simulator.swiftsourceinfo /tmp/MYR175-Classify-Baseline-iOS/Build/Intermediates.noindex/MyRAM.build/Debug-iphonesimulator/MyRAMUITests.build/Objects-normal/arm64/MyRAMUITests.swiftsourceinfo (in target 'MyRAMUITests' from project 'MyRAM')
    cd /Users/runner/work/MyRAM-iOS/MyRAM-iOS/Baseline
    builtin-copy -exclude .DS_Store -exclude CVS -exclude .svn -exclude .git -exclude .hg -resolve-src-symlinks -rename /tmp/MYR175-Classify-Baseline-iOS/Build/Intermediates.noindex/MyRAM.build/Debug-iphonesimulator/MyRAMUITests.build/Objects-normal/arm64/MyRAMUITests.swiftsourceinfo /tmp/MYR175-Classify-Baseline-iOS/Build/Products/Debug-iphonesimulator/MyRAMUITests.swiftmodule/Project/arm64-apple-ios-simulator.swiftsourceinfo

SwiftDriver\ Compilation\ Requirements MyRAMTests normal arm64 com.apple.xcode.tools.swift.compiler (in target 'MyRAMTests' from project 'MyRAM')
    cd /Users/runner/work/MyRAM-iOS/MyRAM-iOS/Baseline
    builtin-Swift-Compilation-Requirements -- /Applications/Xcode_26.5.app/Contents/Developer/Toolchains/XcodeDefault.xctoolchain/usr/bin/swiftc -module-name MyRAMTests -Onone @/tmp/MYR175-Classify-Baseline-iOS/Build/Intermediates.noindex/MyRAM.build/Debug-iphonesimulator/MyRAMTests.build/Objects-normal/arm64/MyRAMTests.SwiftFileList -DDEBUG -plugin-path /Applications/Xcode_26.5.app/Contents/Developer/Toolchains/XcodeDefault.xctoolchain/usr/lib/swift/host/plugins/testing -enable-bare-slash-regex -enable-experimental-feature DebugDescriptionMacro -sdk /Applications/Xcode_26.5.app/Contents/Developer/Platforms/iPhoneSimulator.platform/Developer/SDKs/iPhoneSimulator26.5.sdk -target arm64-apple-ios17.0-simulator -g -module-cache-path /tmp/MYR175-Classify-Baseline-iOS/ModuleCache.noindex -Xfrontend -serialize-debugging-options -enable-testing -index-store-path /tmp/MYR175-Classify-Baseline-iOS/Index.noindex/DataStore -Xcc -D_LIBCPP_HARDENING_MODE\=_LIBCPP_HARDENING_MODE_DEBUG -swift-version 5 -I /tmp/MYR175-Classify-Baseline-iOS/Build/Products/Debug-iphonesimulator -Isystem /Applications/Xcode_26.5.app/Contents/Developer/Platforms/iPhoneSimulator.platform/Developer/usr/lib -F /tmp/MYR175-Classify-Baseline-iOS/Build/Products/Debug-iphonesimulator/PackageFrameworks -F /tmp/MYR175-Classify-Baseline-iOS/Build/Products/Debug-iphonesimulator/PackageFrameworks -F /tmp/MYR175-Classify-Baseline-iOS/Build/Products/Debug-iphonesimulator/PackageFrameworks -F /tmp/MYR175-Classify-Baseline-iOS/Build/Products/Debug-iphonesimulator -F /Applications/Xcode_26.5.app/Contents/Developer/Platforms/iPhoneSimulator.platform/Developer/Library/Frameworks -F /Applications/Xcode_26.5.app/Contents/Developer/Platforms/iPhoneSimulator.platform/Developer/SDKs/iPhoneSimulator26.5.sdk/Developer/Library/Frameworks -c -j3 -enable-batch-mode -incremental -Xcc -ivfsstatcache -Xcc /tmp/MYR175-Classify-Baseline-iOS/SDKStatCaches.noindex/iphonesimulator26.5-23F73-688ef53f1462e2c8f657fdc38a81448ffb7d586738ff35573a713a18216ade27.sdkstatcache -output-file-map /tmp/MYR175-Classify-Baseline-iOS/Build/Intermediates.noindex/MyRAM.build/Debug-iphonesimulator/MyRAMTests.build/Objects-normal/arm64/MyRAMTests-OutputFileMap.json -use-frontend-parseable-output -save-temps -no-color-diagnostics -explicit-module-build -module-cache-path /tmp/MYR175-Classify-Baseline-iOS/Build/Intermediates.noindex/SwiftExplicitPrecompiledModules -clang-scanner-module-cache-path /tmp/MYR175-Classify-Baseline-iOS/ModuleCache.noindex -sdk-module-cache-path /tmp/MYR175-Classify-Baseline-iOS/ModuleCache.noindex -serialize-diagnostics -emit-dependencies -emit-module -emit-module-path /tmp/MYR175-Classify-Baseline-iOS/Build/Intermediates.noindex/MyRAM.build/Debug-iphonesimulator/MyRAMTests.build/Objects-normal/arm64/MyRAMTests.swiftmodule -validate-clang-modules-once -clang-build-session-file /tmp/MYR175-Classify-Baseline-iOS/ModuleCache.noindex/Session.modulevalidation -Xcc -I/tmp/MYR175-Classify-Baseline-iOS/Build/Intermediates.noindex/MyRAM.build/Debug-iphonesimulator/MyRAMTests.build/swift-overrides.hmap -emit-const-values -Xfrontend -const-gather-protocols-file -Xfrontend /tmp/MYR175-Classify-Baseline-iOS/Build/Intermediates.noindex/MyRAM.build/Debug-iphonesimulator/MyRAMTests.build/Objects-normal/arm64/MyRAMTests_const_extract_protocols.json -Xcc -iquote -Xcc /tmp/MYR175-Classify-Baseline-iOS/Build/Intermediates.noindex/MyRAM.build/Debug-iphonesimulator/MyRAMTests.build/MyRAMTests-generated-files.hmap -Xcc -I/tmp/MYR175-Classify-Baseline-iOS/Build/Intermediates.noindex/MyRAM.build/Debug-iphonesimulator/MyRAMTests.build/MyRAMTests-own-target-headers.hmap -Xcc -I/tmp/MYR175-Classify-Baseline-iOS/Build/Intermediates.noindex/MyRAM.build/Debug-iphonesimulator/MyRAMTests.build/MyRAMTests-all-non-framework-target-headers.hmap -Xcc -ivfsoverlay -Xcc /tmp/MYR175-Classify-Baseline-iOS/Build/Intermediates.noindex/MyRAM.build/Debug-iphonesimulator/MyRAM-98a9cbde253e8e955bc92731eb290203-VFS-iphonesimulator/all-product-headers.yaml -Xcc -iquote -Xcc /tmp/MYR175-Classify-Baseline-iOS/Build/Intermediates.noindex/MyRAM.build/Debug-iphonesimulator/MyRAMTests.build/MyRAMTests-project-headers.hmap -Xcc -I/tmp/MYR175-Classify-Baseline-iOS/Build/Products/Debug-iphonesimulator/include -Xcc -I/tmp/MYR175-Classify-Baseline-iOS/Build/Intermediates.noindex/MyRAM.build/Debug-iphonesimulator/MyRAMTests.build/DerivedSources-normal/arm64 -Xcc -I/tmp/MYR175-Classify-Baseline-iOS/Build/Intermediates.noindex/MyRAM.build/Debug-iphonesimulator/MyRAMTests.build/DerivedSources/arm64 -Xcc -I/tmp/MYR175-Classify-Baseline-iOS/Build/Intermediates.noindex/MyRAM.build/Debug-iphonesimulator/MyRAMTests.build/DerivedSources -Xcc -DDEBUG\=1 -emit-objc-header -emit-objc-header-path /tmp/MYR175-Classify-Baseline-iOS/Build/Intermediates.noindex/MyRAM.build/Debug-iphonesimulator/MyRAMTests.build/Objects-normal/arm64/MyRAMTests-Swift.h -working-directory /Users/runner/work/MyRAM-iOS/MyRAM-iOS/Baseline -experimental-emit-module-separately -disable-cmo

SwiftCompile normal arm64 Compiling\ MyRAMUITests.swift /Users/runner/work/MyRAM-iOS/MyRAM-iOS/Baseline/MyRAMUITests/MyRAMUITests.swift (in target 'MyRAMUITests' from project 'MyRAM')

SwiftCompile normal arm64 /Users/runner/work/MyRAM-iOS/MyRAM-iOS/Baseline/MyRAMUITests/MyRAMUITests.swift (in target 'MyRAMUITests' from project 'MyRAM')
    cd /Users/runner/work/MyRAM-iOS/MyRAM-iOS/Baseline
    

SwiftMergeGeneratedHeaders /tmp/MYR175-Classify-Baseline-iOS/Build/Intermediates.noindex/MyRAM.build/Debug-iphonesimulator/MyRAMTests.build/DerivedSources/MyRAMTests-Swift.h /tmp/MYR175-Classify-Baseline-iOS/Build/Intermediates.noindex/MyRAM.build/Debug-iphonesimulator/MyRAMTests.build/Objects-normal/arm64/MyRAMTests-Swift.h (in target 'MyRAMTests' from project 'MyRAM')
    cd /Users/runner/work/MyRAM-iOS/MyRAM-iOS/Baseline
    builtin-swiftHeaderTool -arch arm64 /tmp/MYR175-Classify-Baseline-iOS/Build/Intermediates.noindex/MyRAM.build/Debug-iphonesimulator/MyRAMTests.build/Objects-normal/arm64/MyRAMTests-Swift.h -o /tmp/MYR175-Classify-Baseline-iOS/Build/Intermediates.noindex/MyRAM.build/Debug-iphonesimulator/MyRAMTests.build/DerivedSources/MyRAMTests-Swift.h

SwiftDriverJobDiscovery normal arm64 Compiling MyRAMUITests.swift (in target 'MyRAMUITests' from project 'MyRAM')

Copy /tmp/MYR175-Classify-Baseline-iOS/Build/Products/Debug-iphonesimulator/MyRAMTests.swiftmodule/arm64-apple-ios-simulator.swiftmodule /tmp/MYR175-Classify-Baseline-iOS/Build/Intermediates.noindex/MyRAM.build/Debug-iphonesimulator/MyRAMTests.build/Objects-normal/arm64/MyRAMTests.swiftmodule (in target 'MyRAMTests' from project 'MyRAM')
    cd /Users/runner/work/MyRAM-iOS/MyRAM-iOS/Baseline
    builtin-copy -exclude .DS_Store -exclude CVS -exclude .svn -exclude .git -exclude .hg -resolve-src-symlinks -rename /tmp/MYR175-Classify-Baseline-iOS/Build/Intermediates.noindex/MyRAM.build/Debug-iphonesimulator/MyRAMTests.build/Objects-normal/arm64/MyRAMTests.swiftmodule /tmp/MYR175-Classify-Baseline-iOS/Build/Products/Debug-iphonesimulator/MyRAMTests.swiftmodule/arm64-apple-ios-simulator.swiftmodule

Copy /tmp/MYR175-Classify-Baseline-iOS/Build/Products/Debug-iphonesimulator/MyRAMTests.swiftmodule/arm64-apple-ios-simulator.swiftdoc /tmp/MYR175-Classify-Baseline-iOS/Build/Intermediates.noindex/MyRAM.build/Debug-iphonesimulator/MyRAMTests.build/Objects-normal/arm64/MyRAMTests.swiftdoc (in target 'MyRAMTests' from project 'MyRAM')
    cd /Users/runner/work/MyRAM-iOS/MyRAM-iOS/Baseline
    builtin-copy -exclude .DS_Store -exclude CVS -exclude .svn -exclude .git -exclude .hg -resolve-src-symlinks -rename /tmp/MYR175-Classify-Baseline-iOS/Build/Intermediates.noindex/MyRAM.build/Debug-iphonesimulator/MyRAMTests.build/Objects-normal/arm64/MyRAMTests.swiftdoc /tmp/MYR175-Classify-Baseline-iOS/Build/Products/Debug-iphonesimulator/MyRAMTests.swiftmodule/arm64-apple-ios-simulator.swiftdoc

Copy /tmp/MYR175-Classify-Baseline-iOS/Build/Products/Debug-iphonesimulator/MyRAMTests.swiftmodule/arm64-apple-ios-simulator.abi.json /tmp/MYR175-Classify-Baseline-iOS/Build/Intermediates.noindex/MyRAM.build/Debug-iphonesimulator/MyRAMTests.build/Objects-normal/arm64/MyRAMTests.abi.json (in target 'MyRAMTests' from project 'MyRAM')
    cd /Users/runner/work/MyRAM-iOS/MyRAM-iOS/Baseline
    builtin-copy -exclude .DS_Store -exclude CVS -exclude .svn -exclude .git -exclude .hg -resolve-src-symlinks -rename /tmp/MYR175-Classify-Baseline-iOS/Build/Intermediates.noindex/MyRAM.build/Debug-iphonesimulator/MyRAMTests.build/Objects-normal/arm64/MyRAMTests.abi.json /tmp/MYR175-Classify-Baseline-iOS/Build/Products/Debug-iphonesimulator/MyRAMTests.swiftmodule/arm64-apple-ios-simulator.abi.json

Copy /tmp/MYR175-Classify-Baseline-iOS/Build/Products/Debug-iphonesimulator/MyRAMTests.swiftmodule/Project/arm64-apple-ios-simulator.swiftsourceinfo /tmp/MYR175-Classify-Baseline-iOS/Build/Intermediates.noindex/MyRAM.build/Debug-iphonesimulator/MyRAMTests.build/Objects-normal/arm64/MyRAMTests.swiftsourceinfo (in target 'MyRAMTests' from project 'MyRAM')
    cd /Users/runner/work/MyRAM-iOS/MyRAM-iOS/Baseline
    builtin-copy -exclude .DS_Store -exclude CVS -exclude .svn -exclude .git -exclude .hg -resolve-src-symlinks -rename /tmp/MYR175-Classify-Baseline-iOS/Build/Intermediates.noindex/MyRAM.build/Debug-iphonesimulator/MyRAMTests.build/Objects-normal/arm64/MyRAMTests.swiftsourceinfo /tmp/MYR175-Classify-Baseline-iOS/Build/Products/Debug-iphonesimulator/MyRAMTests.swiftmodule/Project/arm64-apple-ios-simulator.swiftsourceinfo

SwiftCompile normal arm64 Compiling\ MarkdownPreviewUITests.swift /Users/runner/work/MyRAM-iOS/MyRAM-iOS/Baseline/MyRAMUITests/MarkdownPreviewUITests.swift (in target 'MyRAMUITests' from project 'MyRAM')

SwiftCompile normal arm64 /Users/runner/work/MyRAM-iOS/MyRAM-iOS/Baseline/MyRAMUITests/MarkdownPreviewUITests.swift (in target 'MyRAMUITests' from project 'MyRAM')
    cd /Users/runner/work/MyRAM-iOS/MyRAM-iOS/Baseline
    

SwiftCompile normal arm64 Compiling\ MyRAMWidgetHostTests.swift,\ MarkdownFileIOTests.swift,\ MarkdownFileOperationBoundaryTests.swift,\ MarkdownImportIntegrationTests.swift,\ MarkdownPreviewParserTests.swift,\ MarkdownPreviewIntegrationTests.swift,\ MarkdownPreviewUIKitHarnessTests.swift,\ SwiftDataNoteSequenceStateStoreTests.swift,\ NoteSequenceStateFullBodyIntegrationTests.swift,\ NoteSequenceStateBootstrapMigratorTests.swift,\ MYR170FullBodyPathIntegrationTests.swift,\ MyRAMSyncOperationIDAllocatorTests.swift,\ SyncBatchPayloadCompatibilityTests.swift,\ SyncBatchAnchoredPayloadTests.swift /Users/runner/work/MyRAM-iOS/MyRAM-iOS/Baseline/MyRAMTests/MyRAMWidgetHostTests.swift /Users/runner/work/MyRAM-iOS/MyRAM-iOS/Baseline/MyRAMTests/MarkdownFileIOTests.swift /Users/runner/work/MyRAM-iOS/MyRAM-iOS/Baseline/MyRAMTests/MarkdownFileOperationBoundaryTests.swift /Users/runner/work/MyRAM-iOS/MyRAM-iOS/Baseline/MyRAMTests/MarkdownImportIntegrationTests.swift /Users/runner/work/MyRAM-iOS/MyRAM-iOS/Baseline/MyRAMTests/MarkdownPreviewParserTests.swift /Users/runner/work/MyRAM-iOS/MyRAM-iOS/Baseline/MyRAMTests/MarkdownPreviewIntegrationTests.swift /Users/runner/work/MyRAM-iOS/MyRAM-iOS/Baseline/MyRAMTests/MarkdownPreviewUIKitHarnessTests.swift /Users/runner/work/MyRAM-iOS/MyRAM-iOS/Baseline/MyRAMTests/SwiftDataNoteSequenceStateStoreTests.swift /Users/runner/work/MyRAM-iOS/MyRAM-iOS/Baseline/MyRAMTests/NoteSequenceStateFullBodyIntegrationTests.swift /Users/runner/work/MyRAM-iOS/MyRAM-iOS/Baseline/MyRAMTests/NoteSequenceStateBootstrapMigratorTests.swift /Users/runner/work/MyRAM-iOS/MyRAM-iOS/Baseline/MyRAMTests/MYR170FullBodyPathIntegrationTests.swift /Users/runner/work/MyRAM-iOS/MyRAM-iOS/Baseline/MyRAMTests/MyRAMSyncOperationIDAllocatorTests.swift /Users/runner/work/MyRAM-iOS/MyRAM-iOS/Baseline/MyRAMTests/SyncBatchPayloadCompatibilityTests.swift /Users/runner/work/MyRAM-iOS/MyRAM-iOS/Baseline/MyRAMTests/SyncBatchAnchoredPayloadTests.swift (in target 'MyRAMTests' from project 'MyRAM')

SwiftCompile normal arm64 /Users/runner/work/MyRAM-iOS/MyRAM-iOS/Baseline/MyRAMTests/MyRAMWidgetHostTests.swift (in target 'MyRAMTests' from project 'MyRAM')
    cd /Users/runner/work/MyRAM-iOS/MyRAM-iOS/Baseline
    

SwiftCompile normal arm64 /Users/runner/work/MyRAM-iOS/MyRAM-iOS/Baseline/MyRAMTests/MarkdownFileIOTests.swift (in target 'MyRAMTests' from project 'MyRAM')
    cd /Users/runner/work/MyRAM-iOS/MyRAM-iOS/Baseline
    

SwiftCompile normal arm64 /Users/runner/work/MyRAM-iOS/MyRAM-iOS/Baseline/MyRAMTests/MarkdownFileOperationBoundaryTests.swift (in target 'MyRAMTests' from project 'MyRAM')
    cd /Users/runner/work/MyRAM-iOS/MyRAM-iOS/Baseline
    

SwiftCompile normal arm64 /Users/runner/work/MyRAM-iOS/MyRAM-iOS/Baseline/MyRAMTests/MarkdownImportIntegrationTests.swift (in target 'MyRAMTests' from project 'MyRAM')
    cd /Users/runner/work/MyRAM-iOS/MyRAM-iOS/Baseline
    

SwiftCompile normal arm64 /Users/runner/work/MyRAM-iOS/MyRAM-iOS/Baseline/MyRAMTests/MarkdownPreviewParserTests.swift (in target 'MyRAMTests' from project 'MyRAM')
    cd /Users/runner/work/MyRAM-iOS/MyRAM-iOS/Baseline
    

SwiftCompile normal arm64 /Users/runner/work/MyRAM-iOS/MyRAM-iOS/Baseline/MyRAMTests/MarkdownPreviewIntegrationTests.swift (in target 'MyRAMTests' from project 'MyRAM')
    cd /Users/runner/work/MyRAM-iOS/MyRAM-iOS/Baseline
    

SwiftCompile normal arm64 /Users/runner/work/MyRAM-iOS/MyRAM-iOS/Baseline/MyRAMTests/MarkdownPreviewUIKitHarnessTests.swift (in target 'MyRAMTests' from project 'MyRAM')
    cd /Users/runner/work/MyRAM-iOS/MyRAM-iOS/Baseline
    

SwiftCompile normal arm64 /Users/runner/work/MyRAM-iOS/MyRAM-iOS/Baseline/MyRAMTests/SwiftDataNoteSequenceStateStoreTests.swift (in target 'MyRAMTests' from project 'MyRAM')
    cd /Users/runner/work/MyRAM-iOS/MyRAM-iOS/Baseline
    

SwiftCompile normal arm64 /Users/runner/work/MyRAM-iOS/MyRAM-iOS/Baseline/MyRAMTests/NoteSequenceStateFullBodyIntegrationTests.swift (in target 'MyRAMTests' from project 'MyRAM')
    cd /Users/runner/work/MyRAM-iOS/MyRAM-iOS/Baseline
    

SwiftCompile normal arm64 /Users/runner/work/MyRAM-iOS/MyRAM-iOS/Baseline/MyRAMTests/NoteSequenceStateBootstrapMigratorTests.swift (in target 'MyRAMTests' from project 'MyRAM')
    cd /Users/runner/work/MyRAM-iOS/MyRAM-iOS/Baseline
    

SwiftCompile normal arm64 /Users/runner/work/MyRAM-iOS/MyRAM-iOS/Baseline/MyRAMTests/MYR170FullBodyPathIntegrationTests.swift (in target 'MyRAMTests' from project 'MyRAM')
    cd /Users/runner/work/MyRAM-iOS/MyRAM-iOS/Baseline
    

SwiftCompile normal arm64 /Users/runner/work/MyRAM-iOS/MyRAM-iOS/Baseline/MyRAMTests/MyRAMSyncOperationIDAllocatorTests.swift (in target 'MyRAMTests' from project 'MyRAM')
    cd /Users/runner/work/MyRAM-iOS/MyRAM-iOS/Baseline
    

SwiftCompile normal arm64 /Users/runner/work/MyRAM-iOS/MyRAM-iOS/Baseline/MyRAMTests/SyncBatchPayloadCompatibilityTests.swift (in target 'MyRAMTests' from project 'MyRAM')
    cd /Users/runner/work/MyRAM-iOS/MyRAM-iOS/Baseline
    

SwiftCompile normal arm64 /Users/runner/work/MyRAM-iOS/MyRAM-iOS/Baseline/MyRAMTests/SyncBatchAnchoredPayloadTests.swift (in target 'MyRAMTests' from project 'MyRAM')
    cd /Users/runner/work/MyRAM-iOS/MyRAM-iOS/Baseline
    

SwiftDriverJobDiscovery normal arm64 Compiling MarkdownPreviewUITests.swift (in target 'MyRAMUITests' from project 'MyRAM')

SwiftDriver\ Compilation MyRAMUITests normal arm64 com.apple.xcode.tools.swift.compiler (in target 'MyRAMUITests' from project 'MyRAM')
    cd /Users/runner/work/MyRAM-iOS/MyRAM-iOS/Baseline
    builtin-Swift-Compilation -- /Applications/Xcode_26.5.app/Contents/Developer/Toolchains/XcodeDefault.xctoolchain/usr/bin/swiftc -module-name MyRAMUITests -Onone @/tmp/MYR175-Classify-Baseline-iOS/Build/Intermediates.noindex/MyRAM.build/Debug-iphonesimulator/MyRAMUITests.build/Objects-normal/arm64/MyRAMUITests.SwiftFileList -DDEBUG -module-alias Testing\=_Testing_Unavailable -plugin-path /Applications/Xcode_26.5.app/Contents/Developer/Toolchains/XcodeDefault.xctoolchain/usr/lib/swift/host/plugins/testing -enable-bare-slash-regex -enable-experimental-feature DebugDescriptionMacro -sdk /Applications/Xcode_26.5.app/Contents/Developer/Platforms/iPhoneSimulator.platform/Developer/SDKs/iPhoneSimulator26.5.sdk -target arm64-apple-ios17.0-simulator -g -module-cache-path /tmp/MYR175-Classify-Baseline-iOS/ModuleCache.noindex -Xfrontend -serialize-debugging-options -enable-testing -index-store-path /tmp/MYR175-Classify-Baseline-iOS/Index.noindex/DataStore -Xcc -D_LIBCPP_HARDENING_MODE\=_LIBCPP_HARDENING_MODE_DEBUG -swift-version 5 -I /tmp/MYR175-Classify-Baseline-iOS/Build/Products/Debug-iphonesimulator -Isystem /Applications/Xcode_26.5.app/Contents/Developer/Platforms/iPhoneSimulator.platform/Developer/usr/lib -F /tmp/MYR175-Classify-Baseline-iOS/Build/Products/Debug-iphonesimulator -F /Applications/Xcode_26.5.app/Contents/Developer/Platforms/iPhoneSimulator.platform/Developer/Library/Frameworks -F /Applications/Xcode_26.5.app/Contents/Developer/Platforms/iPhoneSimulator.platform/Developer/SDKs/iPhoneSimulator26.5.sdk/Developer/Library/Frameworks -c -j3 -enable-batch-mode -incremental -Xcc -ivfsstatcache -Xcc /tmp/MYR175-Classify-Baseline-iOS/SDKStatCaches.noindex/iphonesimulator26.5-23F73-688ef53f1462e2c8f657fdc38a81448ffb7d586738ff35573a713a18216ade27.sdkstatcache -output-file-map /tmp/MYR175-Classify-Baseline-iOS/Build/Intermediates.noindex/MyRAM.build/Debug-iphonesimulator/MyRAMUITests.build/Objects-normal/arm64/MyRAMUITests-OutputFileMap.json -use-frontend-parseable-output -save-temps -no-color-diagnostics -explicit-module-build -module-cache-path /tmp/MYR175-Classify-Baseline-iOS/Build/Intermediates.noindex/SwiftExplicitPrecompiledModules -clang-scanner-module-cache-path /tmp/MYR175-Classify-Baseline-iOS/ModuleCache.noindex -sdk-module-cache-path /tmp/MYR175-Classify-Baseline-iOS/ModuleCache.noindex -serialize-diagnostics -emit-dependencies -emit-module -emit-module-path /tmp/MYR175-Classify-Baseline-iOS/Build/Intermediates.noindex/MyRAM.build/Debug-iphonesimulator/MyRAMUITests.build/Objects-normal/arm64/MyRAMUITests.swiftmodule -validate-clang-modules-once -clang-build-session-file /tmp/MYR175-Classify-Baseline-iOS/ModuleCache.noindex/Session.modulevalidation -Xcc -I/tmp/MYR175-Classify-Baseline-iOS/Build/Intermediates.noindex/MyRAM.build/Debug-iphonesimulator/MyRAMUITests.build/swift-overrides.hmap -emit-const-values -Xfrontend -const-gather-protocols-file -Xfrontend /tmp/MYR175-Classify-Baseline-iOS/Build/Intermediates.noindex/MyRAM.build/Debug-iphonesimulator/MyRAMUITests.build/Objects-normal/arm64/MyRAMUITests_const_extract_protocols.json -Xcc -iquote -Xcc /tmp/MYR175-Classify-Baseline-iOS/Build/Intermediates.noindex/MyRAM.build/Debug-iphonesimulator/MyRAMUITests.build/MyRAMUITests-generated-files.hmap -Xcc -I/tmp/MYR175-Classify-Baseline-iOS/Build/Intermediates.noindex/MyRAM.build/Debug-iphonesimulator/MyRAMUITests.build/MyRAMUITests-own-target-headers.hmap -Xcc -I/tmp/MYR175-Classify-Baseline-iOS/Build/Intermediates.noindex/MyRAM.build/Debug-iphonesimulator/MyRAMUITests.build/MyRAMUITests-all-non-framework-target-headers.hmap -Xcc -ivfsoverlay -Xcc /tmp/MYR175-Classify-Baseline-iOS/Build/Intermediates.noindex/MyRAM.build/Debug-iphonesimulator/MyRAM-98a9cbde253e8e955bc92731eb290203-VFS-iphonesimulator/all-product-headers.yaml -Xcc -iquote -Xcc /tmp/MYR175-Classify-Baseline-iOS/Build/Intermediates.noindex/MyRAM.build/Debug-iphonesimulator/MyRAMUITests.build/MyRAMUITests-project-headers.hmap -Xcc -I/tmp/MYR175-Classify-Baseline-iOS/Build/Products/Debug-iphonesimulator/include -Xcc -I/tmp/MYR175-Classify-Baseline-iOS/Build/Intermediates.noindex/MyRAM.build/Debug-iphonesimulator/MyRAMUITests.build/DerivedSources-normal/arm64 -Xcc -I/tmp/MYR175-Classify-Baseline-iOS/Build/Intermediates.noindex/MyRAM.build/Debug-iphonesimulator/MyRAMUITests.build/DerivedSources/arm64 -Xcc -I/tmp/MYR175-Classify-Baseline-iOS/Build/Intermediates.noindex/MyRAM.build/Debug-iphonesimulator/MyRAMUITests.build/DerivedSources -Xcc -DDEBUG\=1 -emit-objc-header -emit-objc-header-path /tmp/MYR175-Classify-Baseline-iOS/Build/Intermediates.noindex/MyRAM.build/Debug-iphonesimulator/MyRAMUITests.build/Objects-normal/arm64/MyRAMUITests-Swift.h -working-directory /Users/runner/work/MyRAM-iOS/MyRAM-iOS/Baseline -experimental-emit-module-separately -disable-cmo

SwiftDriverJobDiscovery normal arm64 Compiling SyncBatchPayload.swift, SyncBatchAnchoredPayloadAdapter.swift, SyncBatchAnchoredPayloadPolicy.swift, SyncBatchPeerCapability.swift, SyncBatchTransportAdmissionPlanner.swift, SyncBatchEnvelope.swift, MultipeerSyncMessageEnvelope.swift, SyncBatchSeenBatchStore.swift, SyncBatchUTF16Helpers.swift, SyncBatchNoteChangeCapture.swift, SyncConvergenceTypes.swift, SyncConvergenceModels.swift, SyncConvergencePlanningTypes.swift, SyncConvergenceRewriteSafetyPolicy.swift, ExplicitDeleteProvenanceTypes.swift, ExplicitDeleteProvenanceBuilder.swift, ExplicitDeleteProvenanceValidator.swift, SyncConvergencePlanner.swift, IncrementalEditIntegrationTypes.swift, RetainedOperationCausalGraph.swift, SwiftDataSyncConvergencePersistenceTransaction.swift, SyncConvergencePostCommitTypes.swift, SyncConvergencePostCommitGating.swift (in target 'MyRAM' from project 'MyRAM')

SwiftCompile normal arm64 Compiling\ SyncBatchEnvelopeV2Tests.swift,\ SyncBatchPeerCapabilityTests.swift,\ SyncBatchTransportAdmissionPlannerTests.swift,\ SyncConvergenceFoundationTests.swift,\ SyncConvergencePlanningTests.swift,\ SyncConvergenceRewriteSafetyPolicyTests.swift,\ SyncConvergenceIncorporationTests.swift,\ SyncConvergencePostCommitTests.swift,\ SyncConvergencePostCommitTestDoubles.swift,\ SyncConvergenceIdentityTestSupport.swift,\ IncrementalEditIntegrationTests.swift,\ ExplicitDeleteProvenanceTests.swift,\ PendingSyncRecoveryTests.swift /Users/runner/work/MyRAM-iOS/MyRAM-iOS/Baseline/MyRAMTests/SyncBatchEnvelopeV2Tests.swift /Users/runner/work/MyRAM-iOS/MyRAM-iOS/Baseline/MyRAMTests/SyncBatchPeerCapabilityTests.swift /Users/runner/work/MyRAM-iOS/MyRAM-iOS/Baseline/MyRAMTests/SyncBatchTransportAdmissionPlannerTests.swift /Users/runner/work/MyRAM-iOS/MyRAM-iOS/Baseline/MyRAMTests/SyncConvergenceFoundationTests.swift /Users/runner/work/MyRAM-iOS/MyRAM-iOS/Baseline/MyRAMTests/SyncConvergencePlanningTests.swift /Users/runner/work/MyRAM-iOS/MyRAM-iOS/Baseline/MyRAMTests/SyncConvergenceRewriteSafetyPolicyTests.swift /Users/runner/work/MyRAM-iOS/MyRAM-iOS/Baseline/MyRAMTests/SyncConvergenceIncorporationTests.swift /Users/runner/work/MyRAM-iOS/MyRAM-iOS/Baseline/MyRAMTests/SyncConvergencePostCommitTests.swift /Users/runner/work/MyRAM-iOS/MyRAM-iOS/Baseline/MyRAMTests/SyncConvergencePostCommitTestDoubles.swift /Users/runner/work/MyRAM-iOS/MyRAM-iOS/Baseline/MyRAMTests/SyncConvergenceIdentityTestSupport.swift /Users/runner/work/MyRAM-iOS/MyRAM-iOS/Baseline/MyRAMTests/IncrementalEditIntegrationTests.swift /Users/runner/work/MyRAM-iOS/MyRAM-iOS/Baseline/MyRAMTests/ExplicitDeleteProvenanceTests.swift /Users/runner/work/MyRAM-iOS/MyRAM-iOS/Baseline/MyRAMTests/PendingSyncRecoveryTests.swift (in target 'MyRAMTests' from project 'MyRAM')
SwiftCompile normal arm64 /Users/runner/work/MyRAM-iOS/MyRAM-iOS/Baseline/MyRAMTests/SyncBatchEnvelopeV2Tests.swift (in target 'MyRAMTests' from project 'MyRAM')
    cd /Users/runner/work/MyRAM-iOS/MyRAM-iOS/Baseline
    

SwiftCompile normal arm64 /Users/runner/work/MyRAM-iOS/MyRAM-iOS/Baseline/MyRAMTests/SyncBatchPeerCapabilityTests.swift (in target 'MyRAMTests' from project 'MyRAM')
    cd /Users/runner/work/MyRAM-iOS/MyRAM-iOS/Baseline
    

SwiftCompile normal arm64 /Users/runner/work/MyRAM-iOS/MyRAM-iOS/Baseline/MyRAMTests/SyncBatchTransportAdmissionPlannerTests.swift (in target 'MyRAMTests' from project 'MyRAM')
    cd /Users/runner/work/MyRAM-iOS/MyRAM-iOS/Baseline
    

SwiftCompile normal arm64 /Users/runner/work/MyRAM-iOS/MyRAM-iOS/Baseline/MyRAMTests/SyncConvergenceFoundationTests.swift (in target 'MyRAMTests' from project 'MyRAM')
    cd /Users/runner/work/MyRAM-iOS/MyRAM-iOS/Baseline
    

SwiftCompile normal arm64 /Users/runner/work/MyRAM-iOS/MyRAM-iOS/Baseline/MyRAMTests/SyncConvergencePlanningTests.swift (in target 'MyRAMTests' from project 'MyRAM')
    cd /Users/runner/work/MyRAM-iOS/MyRAM-iOS/Baseline
    

SwiftCompile normal arm64 /Users/runner/work/MyRAM-iOS/MyRAM-iOS/Baseline/MyRAMTests/SyncConvergenceRewriteSafetyPolicyTests.swift (in target 'MyRAMTests' from project 'MyRAM')
    cd /Users/runner/work/MyRAM-iOS/MyRAM-iOS/Baseline
    

SwiftCompile normal arm64 /Users/runner/work/MyRAM-iOS/MyRAM-iOS/Baseline/MyRAMTests/SyncConvergenceIncorporationTests.swift (in target 'MyRAMTests' from project 'MyRAM')
    cd /Users/runner/work/MyRAM-iOS/MyRAM-iOS/Baseline
    

SwiftCompile normal arm64 /Users/runner/work/MyRAM-iOS/MyRAM-iOS/Baseline/MyRAMTests/SyncConvergencePostCommitTests.swift (in target 'MyRAMTests' from project 'MyRAM')
    cd /Users/runner/work/MyRAM-iOS/MyRAM-iOS/Baseline
    

SwiftCompile normal arm64 /Users/runner/work/MyRAM-iOS/MyRAM-iOS/Baseline/MyRAMTests/SyncConvergencePostCommitTestDoubles.swift (in target 'MyRAMTests' from project 'MyRAM')
    cd /Users/runner/work/MyRAM-iOS/MyRAM-iOS/Baseline
    

SwiftCompile normal arm64 /Users/runner/work/MyRAM-iOS/MyRAM-iOS/Baseline/MyRAMTests/SyncConvergenceIdentityTestSupport.swift (in target 'MyRAMTests' from project 'MyRAM')
    cd /Users/runner/work/MyRAM-iOS/MyRAM-iOS/Baseline
    

SwiftCompile normal arm64 /Users/runner/work/MyRAM-iOS/MyRAM-iOS/Baseline/MyRAMTests/IncrementalEditIntegrationTests.swift (in target 'MyRAMTests' from project 'MyRAM')
    cd /Users/runner/work/MyRAM-iOS/MyRAM-iOS/Baseline
    

SwiftCompile normal arm64 /Users/runner/work/MyRAM-iOS/MyRAM-iOS/Baseline/MyRAMTests/ExplicitDeleteProvenanceTests.swift (in target 'MyRAMTests' from project 'MyRAM')
    cd /Users/runner/work/MyRAM-iOS/MyRAM-iOS/Baseline
    

SwiftCompile normal arm64 /Users/runner/work/MyRAM-iOS/MyRAM-iOS/Baseline/MyRAMTests/PendingSyncRecoveryTests.swift (in target 'MyRAMTests' from project 'MyRAM')
    cd /Users/runner/work/MyRAM-iOS/MyRAM-iOS/Baseline
    

SwiftCompile normal arm64 Compiling\ MyRAMSyncControllerTests.swift,\ SyncBatchUnsentQueueTests.swift,\ IPhoneSyncBatchAccumulatorTests.swift,\ IPhoneSyncBatchApplierTests.swift,\ ActiveEditorApplicationPolicyTests.swift,\ ActiveEditorSyncUpdateHandlerTests.swift,\ EditorSelectionMapperTests.swift,\ UIKitEditorSyncBridgeTests.swift,\ EditorFormattingMutationApplierTests.swift,\ EditorFocusSelectionPolicyTests.swift,\ EditorSearchSessionTests.swift,\ MyRAMTests.swift,\ MyRAMWidgetCoreTests.swift /Users/runner/work/MyRAM-iOS/MyRAM-iOS/Baseline/MyRAMTests/MyRAMSyncControllerTests.swift /Users/runner/work/MyRAM-iOS/MyRAM-iOS/Baseline/MyRAMTests/SyncBatchUnsentQueueTests.swift /Users/runner/work/MyRAM-iOS/MyRAM-iOS/Baseline/MyRAMTests/IPhoneSyncBatchAccumulatorTests.swift /Users/runner/work/MyRAM-iOS/MyRAM-iOS/Baseline/MyRAMTests/IPhoneSyncBatchApplierTests.swift /Users/runner/work/MyRAM-iOS/MyRAM-iOS/Baseline/MyRAMTests/ActiveEditorApplicationPolicyTests.swift /Users/runner/work/MyRAM-iOS/MyRAM-iOS/Baseline/MyRAMTests/ActiveEditorSyncUpdateHandlerTests.swift /Users/runner/work/MyRAM-iOS/MyRAM-iOS/Baseline/MyRAMTests/EditorSelectionMapperTests.swift /Users/runner/work/MyRAM-iOS/MyRAM-iOS/Baseline/MyRAMTests/UIKitEditorSyncBridgeTests.swift /Users/runner/work/MyRAM-iOS/MyRAM-iOS/Baseline/MyRAMTests/EditorFormattingMutationApplierTests.swift /Users/runner/work/MyRAM-iOS/MyRAM-iOS/Baseline/MyRAMTests/EditorFocusSelectionPolicyTests.swift /Users/runner/work/MyRAM-iOS/MyRAM-iOS/Baseline/MyRAMTests/EditorSearchSessionTests.swift /Users/runner/work/MyRAM-iOS/MyRAM-iOS/Baseline/MyRAMTests/MyRAMTests.swift /Users/runner/work/MyRAM-iOS/MyRAM-iOS/Baseline/MyRAMTests/MyRAMWidgetCoreTests.swift (in target 'MyRAMTests' from project 'MyRAM')
SwiftCompile normal arm64 /Users/runner/work/MyRAM-iOS/MyRAM-iOS/Baseline/MyRAMTests/MyRAMSyncControllerTests.swift (in target 'MyRAMTests' from project 'MyRAM')
    cd /Users/runner/work/MyRAM-iOS/MyRAM-iOS/Baseline
    

SwiftCompile normal arm64 /Users/runner/work/MyRAM-iOS/MyRAM-iOS/Baseline/MyRAMTests/SyncBatchUnsentQueueTests.swift (in target 'MyRAMTests' from project 'MyRAM')
    cd /Users/runner/work/MyRAM-iOS/MyRAM-iOS/Baseline
    

SwiftCompile normal arm64 /Users/runner/work/MyRAM-iOS/MyRAM-iOS/Baseline/MyRAMTests/IPhoneSyncBatchAccumulatorTests.swift (in target 'MyRAMTests' from project 'MyRAM')
    cd /Users/runner/work/MyRAM-iOS/MyRAM-iOS/Baseline
    

SwiftCompile normal arm64 /Users/runner/work/MyRAM-iOS/MyRAM-iOS/Baseline/MyRAMTests/IPhoneSyncBatchApplierTests.swift (in target 'MyRAMTests' from project 'MyRAM')
    cd /Users/runner/work/MyRAM-iOS/MyRAM-iOS/Baseline
    

SwiftCompile normal arm64 /Users/runner/work/MyRAM-iOS/MyRAM-iOS/Baseline/MyRAMTests/ActiveEditorApplicationPolicyTests.swift (in target 'MyRAMTests' from project 'MyRAM')
    cd /Users/runner/work/MyRAM-iOS/MyRAM-iOS/Baseline
    

SwiftCompile normal arm64 /Users/runner/work/MyRAM-iOS/MyRAM-iOS/Baseline/MyRAMTests/ActiveEditorSyncUpdateHandlerTests.swift (in target 'MyRAMTests' from project 'MyRAM')
    cd /Users/runner/work/MyRAM-iOS/MyRAM-iOS/Baseline
    

SwiftCompile normal arm64 /Users/runner/work/MyRAM-iOS/MyRAM-iOS/Baseline/MyRAMTests/EditorSelectionMapperTests.swift (in target 'MyRAMTests' from project 'MyRAM')
    cd /Users/runner/work/MyRAM-iOS/MyRAM-iOS/Baseline
    

SwiftCompile normal arm64 /Users/runner/work/MyRAM-iOS/MyRAM-iOS/Baseline/MyRAMTests/UIKitEditorSyncBridgeTests.swift (in target 'MyRAMTests' from project 'MyRAM')
    cd /Users/runner/work/MyRAM-iOS/MyRAM-iOS/Baseline
    

SwiftCompile normal arm64 /Users/runner/work/MyRAM-iOS/MyRAM-iOS/Baseline/MyRAMTests/EditorFormattingMutationApplierTests.swift (in target 'MyRAMTests' from project 'MyRAM')
    cd /Users/runner/work/MyRAM-iOS/MyRAM-iOS/Baseline
    

SwiftCompile normal arm64 /Users/runner/work/MyRAM-iOS/MyRAM-iOS/Baseline/MyRAMTests/EditorFocusSelectionPolicyTests.swift (in target 'MyRAMTests' from project 'MyRAM')
    cd /Users/runner/work/MyRAM-iOS/MyRAM-iOS/Baseline
    

SwiftCompile normal arm64 /Users/runner/work/MyRAM-iOS/MyRAM-iOS/Baseline/MyRAMTests/EditorSearchSessionTests.swift (in target 'MyRAMTests' from project 'MyRAM')
    cd /Users/runner/work/MyRAM-iOS/MyRAM-iOS/Baseline
    

SwiftCompile normal arm64 /Users/runner/work/MyRAM-iOS/MyRAM-iOS/Baseline/MyRAMTests/MyRAMTests.swift (in target 'MyRAMTests' from project 'MyRAM')
    cd /Users/runner/work/MyRAM-iOS/MyRAM-iOS/Baseline
    

SwiftCompile normal arm64 /Users/runner/work/MyRAM-iOS/MyRAM-iOS/Baseline/MyRAMTests/MyRAMWidgetCoreTests.swift (in target 'MyRAMTests' from project 'MyRAM')
    cd /Users/runner/work/MyRAM-iOS/MyRAM-iOS/Baseline
    

SwiftDriverJobDiscovery normal arm64 Compiling MyRAMWidgetHostTests.swift, MarkdownFileIOTests.swift, MarkdownFileOperationBoundaryTests.swift, MarkdownImportIntegrationTests.swift, MarkdownPreviewParserTests.swift, MarkdownPreviewIntegrationTests.swift, MarkdownPreviewUIKitHarnessTests.swift, SwiftDataNoteSequenceStateStoreTests.swift, NoteSequenceStateFullBodyIntegrationTests.swift, NoteSequenceStateBootstrapMigratorTests.swift, MYR170FullBodyPathIntegrationTests.swift, MyRAMSyncOperationIDAllocatorTests.swift, SyncBatchPayloadCompatibilityTests.swift, SyncBatchAnchoredPayloadTests.swift (in target 'MyRAMTests' from project 'MyRAM')

SwiftDriverJobDiscovery normal arm64 Compiling EditorSelectionRangeResolver.swift, EditorFocusSelectionPolicy.swift, EditorFormattingCommandResolver.swift, EditorFormattingMutationApplier.swift, EditorFormattingStateResolver.swift, NoteIntelligence.swift, NoteEditorView.swift, EditorTextViewFactory.swift, EditorProfilingFixtures.swift, BareTextViewProfilingView.swift, EditorChecklistRendering.swift, EditorPolicies.swift, AppliedEditorMutation.swift, ActiveEditorApplicationPolicy.swift, ActiveEditorSyncUpdateHandler.swift, EditorSelectionMapper.swift, EditorRemoteApplyResult.swift, UIKitEditorSyncBridge.swift, MyRAMSyncController.swift, NotesListView.swift, PersistenceManager.swift, GeneratedAssetSymbols.swift (in target 'MyRAM' from project 'MyRAM')

SwiftDriver\ Compilation MyRAM normal arm64 com.apple.xcode.tools.swift.compiler (in target 'MyRAM' from project 'MyRAM')
    cd /Users/runner/work/MyRAM-iOS/MyRAM-iOS/Baseline
    builtin-Swift-Compilation -- /Applications/Xcode_26.5.app/Contents/Developer/Toolchains/XcodeDefault.xctoolchain/usr/bin/swiftc -module-name MyRAM -Onone @/tmp/MYR175-Classify-Baseline-iOS/Build/Intermediates.noindex/MyRAM.build/Debug-iphonesimulator/MyRAM.build/Objects-normal/arm64/MyRAM.SwiftFileList -DDEBUG -enable-bare-slash-regex -enable-experimental-feature DebugDescriptionMacro -sdk /Applications/Xcode_26.5.app/Contents/Developer/Platforms/iPhoneSimulator.platform/Developer/SDKs/iPhoneSimulator26.5.sdk -target arm64-apple-ios17.0-simulator -g -module-cache-path /tmp/MYR175-Classify-Baseline-iOS/ModuleCache.noindex -Xfrontend -serialize-debugging-options -enable-testing -index-store-path /tmp/MYR175-Classify-Baseline-iOS/Index.noindex/DataStore -Xcc -D_LIBCPP_HARDENING_MODE\=_LIBCPP_HARDENING_MODE_DEBUG -swift-version 5 -I /tmp/MYR175-Classify-Baseline-iOS/Build/Products/Debug-iphonesimulator -F /tmp/MYR175-Classify-Baseline-iOS/Build/Products/Debug-iphonesimulator/PackageFrameworks -F /tmp/MYR175-Classify-Baseline-iOS/Build/Products/Debug-iphonesimulator/PackageFrameworks -F /tmp/MYR175-Classify-Baseline-iOS/Build/Products/Debug-iphonesimulator -emit-localized-strings -emit-localized-strings-path /tmp/MYR175-Classify-Baseline-iOS/Build/Intermediates.noindex/MyRAM.build/Debug-iphonesimulator/MyRAM.build/Objects-normal/arm64 -c -j3 -enable-batch-mode -incremental -Xcc -ivfsstatcache -Xcc /tmp/MYR175-Classify-Baseline-iOS/SDKStatCaches.noindex/iphonesimulator26.5-23F73-688ef53f1462e2c8f657fdc38a81448ffb7d586738ff35573a713a18216ade27.sdkstatcache -output-file-map /tmp/MYR175-Classify-Baseline-iOS/Build/Intermediates.noindex/MyRAM.build/Debug-iphonesimulator/MyRAM.build/Objects-normal/arm64/MyRAM-OutputFileMap.json -use-frontend-parseable-output -save-temps -no-color-diagnostics -explicit-module-build -module-cache-path /tmp/MYR175-Classify-Baseline-iOS/Build/Intermediates.noindex/SwiftExplicitPrecompiledModules -clang-scanner-module-cache-path /tmp/MYR175-Classify-Baseline-iOS/ModuleCache.noindex -sdk-module-cache-path /tmp/MYR175-Classify-Baseline-iOS/ModuleCache.noindex -serialize-diagnostics -emit-dependencies -emit-module -emit-module-path /tmp/MYR175-Classify-Baseline-iOS/Build/Intermediates.noindex/MyRAM.build/Debug-iphonesimulator/MyRAM.build/Objects-normal/arm64/MyRAM.swiftmodule -validate-clang-modules-once -clang-build-session-file /tmp/MYR175-Classify-Baseline-iOS/ModuleCache.noindex/Session.modulevalidation -Xcc -I/tmp/MYR175-Classify-Baseline-iOS/Build/Intermediates.noindex/MyRAM.build/Debug-iphonesimulator/MyRAM.build/swift-overrides.hmap -emit-const-values -Xfrontend -const-gather-protocols-file -Xfrontend /tmp/MYR175-Classify-Baseline-iOS/Build/Intermediates.noindex/MyRAM.build/Debug-iphonesimulator/MyRAM.build/Objects-normal/arm64/MyRAM_const_extract_protocols.json -Xcc -iquote -Xcc /tmp/MYR175-Classify-Baseline-iOS/Build/Intermediates.noindex/MyRAM.build/Debug-iphonesimulator/MyRAM.build/MyRAM-generated-files.hmap -Xcc -I/tmp/MYR175-Classify-Baseline-iOS/Build/Intermediates.noindex/MyRAM.build/Debug-iphonesimulator/MyRAM.build/MyRAM-own-target-headers.hmap -Xcc -I/tmp/MYR175-Classify-Baseline-iOS/Build/Intermediates.noindex/MyRAM.build/Debug-iphonesimulator/MyRAM.build/MyRAM-all-non-framework-target-headers.hmap -Xcc -ivfsoverlay -Xcc /tmp/MYR175-Classify-Baseline-iOS/Build/Intermediates.noindex/MyRAM.build/Debug-iphonesimulator/MyRAM-98a9cbde253e8e955bc92731eb290203-VFS-iphonesimulator/all-product-headers.yaml -Xcc -iquote -Xcc /tmp/MYR175-Classify-Baseline-iOS/Build/Intermediates.noindex/MyRAM.build/Debug-iphonesimulator/MyRAM.build/MyRAM-project-headers.hmap -Xcc -I/tmp/MYR175-Classify-Baseline-iOS/Build/Products/Debug-iphonesimulator/include -Xcc -I/tmp/MYR175-Classify-Baseline-iOS/Build/Intermediates.noindex/MyRAM.build/Debug-iphonesimulator/MyRAM.build/DerivedSources-normal/arm64 -Xcc -I/tmp/MYR175-Classify-Baseline-iOS/Build/Intermediates.noindex/MyRAM.build/Debug-iphonesimulator/MyRAM.build/DerivedSources/arm64 -Xcc -I/tmp/MYR175-Classify-Baseline-iOS/Build/Intermediates.noindex/MyRAM.build/Debug-iphonesimulator/MyRAM.build/DerivedSources -Xcc -DDEBUG\=1 -emit-objc-header -emit-objc-header-path /tmp/MYR175-Classify-Baseline-iOS/Build/Intermediates.noindex/MyRAM.build/Debug-iphonesimulator/MyRAM.build/Objects-normal/arm64/MyRAM-Swift.h -working-directory /Users/runner/work/MyRAM-iOS/MyRAM-iOS/Baseline -experimental-emit-module-separately -disable-cmo

Ld /tmp/MYR175-Classify-Baseline-iOS/Build/Products/Debug-iphonesimulator/MyRAM.app/MyRAM.debug.dylib normal (in target 'MyRAM' from project 'MyRAM')
    cd /Users/runner/work/MyRAM-iOS/MyRAM-iOS/Baseline
    /Applications/Xcode_26.5.app/Contents/Developer/Toolchains/XcodeDefault.xctoolchain/usr/bin/clang -Xlinker -reproducible -target arm64-apple-ios17.0-simulator -dynamiclib -isysroot /Applications/Xcode_26.5.app/Contents/Developer/Platforms/iPhoneSimulator.platform/Developer/SDKs/iPhoneSimulator26.5.sdk -O0 -L/tmp/MYR175-Classify-Baseline-iOS/Build/Intermediates.noindex/EagerLinkingTBDs/Debug-iphonesimulator -L/tmp/MYR175-Classify-Baseline-iOS/Build/Products/Debug-iphonesimulator -F/tmp/MYR175-Classify-Baseline-iOS/Build/Intermediates.noindex/EagerLinkingTBDs/Debug-iphonesimulator -F/tmp/MYR175-Classify-Baseline-iOS/Build/Products/Debug-iphonesimulator/PackageFrameworks -F/tmp/MYR175-Classify-Baseline-iOS/Build/Products/Debug-iphonesimulator/PackageFrameworks -F/tmp/MYR175-Classify-Baseline-iOS/Build/Products/Debug-iphonesimulator -filelist /tmp/MYR175-Classify-Baseline-iOS/Build/Intermediates.noindex/MyRAM.build/Debug-iphonesimulator/MyRAM.build/Objects-normal/arm64/MyRAM.LinkFileList -install_name @rpath/MyRAM.debug.dylib -Xlinker -rpath -Xlinker /usr/lib/swift -Xlinker -rpath -Xlinker /tmp/MYR175-Classify-Baseline-iOS/Build/Products/Debug-iphonesimulator/PackageFrameworks -Xlinker -rpath -Xlinker @executable_path/Frameworks -Xlinker -dead_strip -Xlinker -object_path_lto -Xlinker /tmp/MYR175-Classify-Baseline-iOS/Build/Intermediates.noindex/MyRAM.build/Debug-iphonesimulator/MyRAM.build/Objects-normal/arm64/MyRAM_lto.o -rdynamic -Xlinker -no_deduplicate -Xlinker -objc_abi_version -Xlinker 2 -Xlinker -dependency_info -Xlinker /tmp/MYR175-Classify-Baseline-iOS/Build/Intermediates.noindex/MyRAM.build/Debug-iphonesimulator/MyRAM.build/Objects-normal/arm64/MyRAM_dependency_info.dat -fobjc-link-runtime -L/Applications/Xcode_26.5.app/Contents/Developer/Toolchains/XcodeDefault.xctoolchain/usr/lib/swift/iphonesimulator -L/usr/lib/swift -Xlinker -add_ast_path -Xlinker /tmp/MYR175-Classify-Baseline-iOS/Build/Intermediates.noindex/MyRAM.build/Debug-iphonesimulator/MyRAM.build/Objects-normal/arm64/MyRAM.swiftmodule @/tmp/MYR175-Classify-Baseline-iOS/Build/Intermediates.noindex/MyRAM.build/Debug-iphonesimulator/MyRAM.build/Objects-normal/arm64/MyRAM-linker-args.resp -Wl,-no_warn_duplicate_libraries -Wl,-no_warn_duplicate_libraries -Xlinker -alias -Xlinker _main -Xlinker ___debug_main_executable_dylib_entry_point /tmp/MYR175-Classify-Baseline-iOS/Build/Products/Debug-iphonesimulator/PackageFrameworks/AnchoredSequenceCore_-65B9EEE52AB2106_PackageProduct.framework/AnchoredSequenceCore_-65B9EEE52AB2106_PackageProduct -o /tmp/MYR175-Classify-Baseline-iOS/Build/Products/Debug-iphonesimulator/MyRAM.app/MyRAM.debug.dylib -Xlinker -add_ast_path -Xlinker /tmp/MYR175-Classify-Baseline-iOS/Build/Intermediates.noindex/NearbySyncCore.build/Debug-iphonesimulator/NearbySyncCore.build/Objects-normal/arm64/NearbySyncCore.swiftmodule @/tmp/MYR175-Classify-Baseline-iOS/Build/Intermediates.noindex/NearbySyncCore.build/Debug-iphonesimulator/NearbySyncCore.build/Objects-normal/arm64/NearbySyncCore-linker-args.resp

ConstructStubExecutorLinkFileList /tmp/MYR175-Classify-Baseline-iOS/Build/Intermediates.noindex/MyRAM.build/Debug-iphonesimulator/MyRAM.build/MyRAM-ExecutorLinkFileList-normal-arm64.txt (in target 'MyRAM' from project 'MyRAM')
    cd /Users/runner/work/MyRAM-iOS/MyRAM-iOS/Baseline
    construct-stub-executor-link-file-list /tmp/MYR175-Classify-Baseline-iOS/Build/Products/Debug-iphonesimulator/MyRAM.app/MyRAM.debug.dylib /Applications/Xcode_26.5.app/Contents/Developer/Platforms/iPhoneSimulator.platform/Developer/usr/lib/libPreviewsJITStubExecutor_no_swift_entry_point.a /Applications/Xcode_26.5.app/Contents/Developer/Platforms/iPhoneSimulator.platform/Developer/usr/lib/libPreviewsJITStubExecutor.a --output /tmp/MYR175-Classify-Baseline-iOS/Build/Intermediates.noindex/MyRAM.build/Debug-iphonesimulator/MyRAM.build/MyRAM-ExecutorLinkFileList-normal-arm64.txt
note: Using stub executor library with Swift entry point. (in target 'MyRAM' from project 'MyRAM')

Ld /tmp/MYR175-Classify-Baseline-iOS/Build/Products/Debug-iphonesimulator/MyRAM.app/MyRAM normal (in target 'MyRAM' from project 'MyRAM')
    cd /Users/runner/work/MyRAM-iOS/MyRAM-iOS/Baseline
    /Applications/Xcode_26.5.app/Contents/Developer/Toolchains/XcodeDefault.xctoolchain/usr/bin/clang -Xlinker -reproducible -target arm64-apple-ios17.0-simulator -isysroot /Applications/Xcode_26.5.app/Contents/Developer/Platforms/iPhoneSimulator.platform/Developer/SDKs/iPhoneSimulator26.5.sdk -O0 -L/tmp/MYR175-Classify-Baseline-iOS/Build/Products/Debug-iphonesimulator -F/tmp/MYR175-Classify-Baseline-iOS/Build/Products/Debug-iphonesimulator/PackageFrameworks -F/tmp/MYR175-Classify-Baseline-iOS/Build/Products/Debug-iphonesimulator/PackageFrameworks -F/tmp/MYR175-Classify-Baseline-iOS/Build/Products/Debug-iphonesimulator -Xlinker -rpath -Xlinker @executable_path -Xlinker -rpath -Xlinker /tmp/MYR175-Classify-Baseline-iOS/Build/Products/Debug-iphonesimulator/PackageFrameworks -Xlinker -rpath -Xlinker @executable_path/Frameworks -rdynamic -Xlinker -no_deduplicate -Xlinker -objc_abi_version -Xlinker 2 -e ___debug_blank_executor_main -Xlinker -sectcreate -Xlinker __TEXT -Xlinker __debug_dylib -Xlinker /tmp/MYR175-Classify-Baseline-iOS/Build/Intermediates.noindex/MyRAM.build/Debug-iphonesimulator/MyRAM.build/MyRAM-DebugDylibPath-normal-arm64.txt -Xlinker -sectcreate -Xlinker __TEXT -Xlinker __debug_instlnm -Xlinker /tmp/MYR175-Classify-Baseline-iOS/Build/Intermediates.noindex/MyRAM.build/Debug-iphonesimulator/MyRAM.build/MyRAM-DebugDylibInstallName-normal-arm64.txt -Xlinker -filelist -Xlinker /tmp/MYR175-Classify-Baseline-iOS/Build/Intermediates.noindex/MyRAM.build/Debug-iphonesimulator/MyRAM.build/MyRAM-ExecutorLinkFileList-normal-arm64.txt /tmp/MYR175-Classify-Baseline-iOS/Build/Products/Debug-iphonesimulator/MyRAM.app/MyRAM.debug.dylib -o /tmp/MYR175-Classify-Baseline-iOS/Build/Products/Debug-iphonesimulator/MyRAM.app/MyRAM

Copy /tmp/MYR175-Classify-Baseline-iOS/Build/Products/Debug-iphonesimulator/MyRAM.app/PlugIns/MyRAMWidgetExtension.appex /tmp/MYR175-Classify-Baseline-iOS/Build/Products/Debug-iphonesimulator/MyRAMWidgetExtension.appex (in target 'MyRAM' from project 'MyRAM')
    cd /Users/runner/work/MyRAM-iOS/MyRAM-iOS/Baseline
    builtin-copy -exclude .DS_Store -exclude CVS -exclude .svn -exclude .git -exclude .hg -exclude Headers -exclude PrivateHeaders -exclude Modules -exclude \*.tbd -resolve-src-symlinks -remove-static-executable /tmp/MYR175-Classify-Baseline-iOS/Build/Products/Debug-iphonesimulator/MyRAMWidgetExtension.appex /tmp/MYR175-Classify-Baseline-iOS/Build/Products/Debug-iphonesimulator/MyRAM.app/PlugIns

ProcessInfoPlistFile /tmp/MYR175-Classify-Baseline-iOS/Build/Products/Debug-iphonesimulator/MyRAM.app/Info.plist /Users/runner/work/MyRAM-iOS/MyRAM-iOS/Baseline/MyRAM/Info.plist (in target 'MyRAM' from project 'MyRAM')
    cd /Users/runner/work/MyRAM-iOS/MyRAM-iOS/Baseline
    builtin-infoPlistUtility /Users/runner/work/MyRAM-iOS/MyRAM-iOS/Baseline/MyRAM/Info.plist -producttype com.apple.product-type.application -genpkginfo /tmp/MYR175-Classify-Baseline-iOS/Build/Products/Debug-iphonesimulator/MyRAM.app/PkgInfo -expandbuildsettings -format binary -platform iphonesimulator -additionalcontentfile /tmp/MYR175-Classify-Baseline-iOS/Build/Intermediates.noindex/MyRAM.build/Debug-iphonesimulator/MyRAM.build/assetcatalog_generated_info.plist -scanforprivacyfile /tmp/MYR175-Classify-Baseline-iOS/Build/Products/Debug-iphonesimulator/MyRAM.app/Frameworks/AnchoredSequenceCore_-65B9EEE52AB2106_PackageProduct.framework -scanforprivacyfile /tmp/MYR175-Classify-Baseline-iOS/Build/Products/Debug-iphonesimulator/MyRAM.app/PlugIns/MyRAMWidgetExtension.appex -o /tmp/MYR175-Classify-Baseline-iOS/Build/Products/Debug-iphonesimulator/MyRAM.app/Info.plist

ValidateEmbeddedBinary /tmp/MYR175-Classify-Baseline-iOS/Build/Products/Debug-iphonesimulator/MyRAM.app/PlugIns/MyRAMWidgetExtension.appex (in target 'MyRAM' from project 'MyRAM')
    cd /Users/runner/work/MyRAM-iOS/MyRAM-iOS/Baseline
    /Applications/Xcode_26.5.app/Contents/Developer/usr/bin/embeddedBinaryValidationUtility /tmp/MYR175-Classify-Baseline-iOS/Build/Products/Debug-iphonesimulator/MyRAM.app/PlugIns/MyRAMWidgetExtension.appex -info-plist-path /tmp/MYR175-Classify-Baseline-iOS/Build/Products/Debug-iphonesimulator/MyRAM.app/Info.plist

ExtractAppIntentsMetadata (in target 'MyRAM' from project 'MyRAM')
    cd /Users/runner/work/MyRAM-iOS/MyRAM-iOS/Baseline
    /Applications/Xcode_26.5.app/Contents/Developer/Toolchains/XcodeDefault.xctoolchain/usr/bin/appintentsmetadataprocessor --toolchain-dir /var/run/com.apple.security.cryptexd/mnt/com.apple.MobileAsset.MetalToolchain-v17.6.42.0.IemA5J/Metal.xctoolchain --module-name MyRAM --sdk-root /Applications/Xcode_26.5.app/Contents/Developer/Platforms/iPhoneSimulator.platform/Developer/SDKs/iPhoneSimulator26.5.sdk --xcode-version 17F42 --platform-family iOS --deployment-target 17.0 --bundle-identifier com.northsignalstudio.myram.dev --output /tmp/MYR175-Classify-Baseline-iOS/Build/Products/Debug-iphonesimulator/MyRAM.app --target-triple arm64-apple-ios17.0-simulator --binary-file /tmp/MYR175-Classify-Baseline-iOS/Build/Products/Debug-iphonesimulator/MyRAM.app/MyRAM --dependency-file /tmp/MYR175-Classify-Baseline-iOS/Build/Intermediates.noindex/MyRAM.build/Debug-iphonesimulator/MyRAM.build/Objects-normal/arm64/MyRAM_dependency_info.dat --stringsdata-file /tmp/MYR175-Classify-Baseline-iOS/Build/Intermediates.noindex/MyRAM.build/Debug-iphonesimulator/MyRAM.build/Objects-normal/arm64/ExtractedAppShortcutsMetadata.stringsdata --source-file-list /tmp/MYR175-Classify-Baseline-iOS/Build/Intermediates.noindex/MyRAM.build/Debug-iphonesimulator/MyRAM.build/Objects-normal/arm64/MyRAM.SwiftFileList --metadata-file-list /tmp/MYR175-Classify-Baseline-iOS/Build/Intermediates.noindex/MyRAM.build/Debug-iphonesimulator/MyRAM.build/MyRAM.DependencyMetadataFileList --static-metadata-file-list /tmp/MYR175-Classify-Baseline-iOS/Build/Intermediates.noindex/MyRAM.build/Debug-iphonesimulator/MyRAM.build/MyRAM.DependencyStaticMetadataFileList --swift-const-vals-list /tmp/MYR175-Classify-Baseline-iOS/Build/Intermediates.noindex/MyRAM.build/Debug-iphonesimulator/MyRAM.build/Objects-normal/arm64/MyRAM.SwiftConstValuesFileList --compile-time-extraction --deployment-aware-processing --validate-assistant-intents --no-app-shortcuts-localization
2026-08-04 15:35:08.320 appintentsmetadataprocessor[8167:30203] Starting appintentsmetadataprocessor export
2026-08-04 15:35:08.341 appintentsmetadataprocessor[8167:30203] Extracted no relevant App Intents symbols, skipping writing output

CopySwiftLibs /tmp/MYR175-Classify-Baseline-iOS/Build/Products/Debug-iphonesimulator/MyRAM.app (in target 'MyRAM' from project 'MyRAM')
    cd /Users/runner/work/MyRAM-iOS/MyRAM-iOS/Baseline
    builtin-swiftStdLibTool --copy --verbose --scan-executable /tmp/MYR175-Classify-Baseline-iOS/Build/Products/Debug-iphonesimulator/MyRAM.app/MyRAM.debug.dylib --scan-folder /tmp/MYR175-Classify-Baseline-iOS/Build/Products/Debug-iphonesimulator/MyRAM.app/Frameworks --scan-folder /tmp/MYR175-Classify-Baseline-iOS/Build/Products/Debug-iphonesimulator/MyRAM.app/PlugIns --scan-folder /tmp/MYR175-Classify-Baseline-iOS/Build/Products/Debug-iphonesimulator/MyRAM.app/SystemExtensions --scan-folder /tmp/MYR175-Classify-Baseline-iOS/Build/Products/Debug-iphonesimulator/MyRAM.app/Extensions --scan-folder /tmp/MYR175-Classify-Baseline-iOS/Build/Products/Debug-iphonesimulator/PackageFrameworks/AnchoredSequenceCore_-65B9EEE52AB2106_PackageProduct.framework --platform iphonesimulator --toolchain /var/run/com.apple.security.cryptexd/mnt/com.apple.MobileAsset.MetalToolchain-v17.6.42.0.IemA5J/Metal.xctoolchain --toolchain /Applications/Xcode_26.5.app/Contents/Developer/Toolchains/XcodeDefault.xctoolchain --destination /tmp/MYR175-Classify-Baseline-iOS/Build/Products/Debug-iphonesimulator/MyRAM.app/Frameworks --strip-bitcode --strip-bitcode-tool /Applications/Xcode_26.5.app/Contents/Developer/Toolchains/XcodeDefault.xctoolchain/usr/bin/bitcode_strip --emit-dependency-info /tmp/MYR175-Classify-Baseline-iOS/Build/Intermediates.noindex/MyRAM.build/Debug-iphonesimulator/MyRAM.build/SwiftStdLibToolInputDependencies.dep --filter-for-swift-os
Ignoring --strip-bitcode because --sign was not passed

AppIntentsSSUTraining (in target 'MyRAM' from project 'MyRAM')
    cd /Users/runner/work/MyRAM-iOS/MyRAM-iOS/Baseline
    /Applications/Xcode_26.5.app/Contents/Developer/Toolchains/XcodeDefault.xctoolchain/usr/bin/appintentsnltrainingprocessor --infoplist-path /tmp/MYR175-Classify-Baseline-iOS/Build/Products/Debug-iphonesimulator/MyRAM.app/Info.plist --temp-dir-path /tmp/MYR175-Classify-Baseline-iOS/Build/Intermediates.noindex/MyRAM.build/Debug-iphonesimulator/MyRAM.build/ssu --bundle-id com.northsignalstudio.myram.dev --product-path /tmp/MYR175-Classify-Baseline-iOS/Build/Products/Debug-iphonesimulator/MyRAM.app --extracted-metadata-path /tmp/MYR175-Classify-Baseline-iOS/Build/Products/Debug-iphonesimulator/MyRAM.app/Metadata.appintents --metadata-file-list /tmp/MYR175-Classify-Baseline-iOS/Build/Intermediates.noindex/MyRAM.build/Debug-iphonesimulator/MyRAM.build/MyRAM.DependencyMetadataFileList --source-file /tmp/MYR175-Classify-Baseline-iOS/Build/Products/Debug-iphonesimulator/MyRAM.app/Info.plist --archive-ssu-assets
2026-08-04 15:35:08.419 appintentsnltrainingprocessor[8168:30207] Parsing options for appintentsnltrainingprocessor
2026-08-04 15:35:08.419 appintentsnltrainingprocessor[8168:30207] Starting AppIntents SSU YAML Generation
2026-08-04 15:35:08.419 appintentsnltrainingprocessor[8168:30207] No AppShortcuts found - Skipping.

ProcessInfoPlistFile /tmp/MYR175-Classify-Baseline-iOS/Build/Products/Debug-iphonesimulator/MyRAM.app/PlugIns/MyRAMTests.xctest/Info.plist /tmp/MYR175-Classify-Baseline-iOS/Build/Intermediates.noindex/MyRAM.build/Debug-iphonesimulator/MyRAMTests.build/empty-MyRAMTests.plist (in target 'MyRAMTests' from project 'MyRAM')
    cd /Users/runner/work/MyRAM-iOS/MyRAM-iOS/Baseline
    builtin-infoPlistUtility /tmp/MYR175-Classify-Baseline-iOS/Build/Intermediates.noindex/MyRAM.build/Debug-iphonesimulator/MyRAMTests.build/empty-MyRAMTests.plist -producttype com.apple.product-type.bundle.unit-test -expandbuildsettings -format binary -platform iphonesimulator -o /tmp/MYR175-Classify-Baseline-iOS/Build/Products/Debug-iphonesimulator/MyRAM.app/PlugIns/MyRAMTests.xctest/Info.plist

CpResource /tmp/MYR175-Classify-Baseline-iOS/Build/Products/Debug-iphonesimulator/MyRAM.app/PlugIns/MyRAMTests.xctest/note-intelligence /Users/runner/work/MyRAM-iOS/MyRAM-iOS/Baseline/docs/note-intelligence (in target 'MyRAMTests' from project 'MyRAM')
    cd /Users/runner/work/MyRAM-iOS/MyRAM-iOS/Baseline
    builtin-copy -exclude .DS_Store -exclude CVS -exclude .svn -exclude .git -exclude .hg -resolve-src-symlinks /Users/runner/work/MyRAM-iOS/MyRAM-iOS/Baseline/docs/note-intelligence /tmp/MYR175-Classify-Baseline-iOS/Build/Products/Debug-iphonesimulator/MyRAM.app/PlugIns/MyRAMTests.xctest

Copy /tmp/MYR175-Classify-Baseline-iOS/Build/Products/Debug-iphonesimulator/MyRAM.app/PlugIns/MyRAMTests.xctest/Frameworks/AnchoredSequenceCore_-65B9EEE52AB2106_PackageProduct.framework /tmp/MYR175-Classify-Baseline-iOS/Build/Products/Debug-iphonesimulator/PackageFrameworks/AnchoredSequenceCore_-65B9EEE52AB2106_PackageProduct.framework (in target 'MyRAMTests' from project 'MyRAM')
    cd /Users/runner/work/MyRAM-iOS/MyRAM-iOS/Baseline
    builtin-copy -exclude .DS_Store -exclude CVS -exclude .svn -exclude .git -exclude .hg -resolve-src-symlinks -remove-static-executable /tmp/MYR175-Classify-Baseline-iOS/Build/Products/Debug-iphonesimulator/PackageFrameworks/AnchoredSequenceCore_-65B9EEE52AB2106_PackageProduct.framework /tmp/MYR175-Classify-Baseline-iOS/Build/Products/Debug-iphonesimulator/MyRAM.app/PlugIns/MyRAMTests.xctest/Frameworks

SwiftDriverJobDiscovery normal arm64 Compiling SyncBatchEnvelopeV2Tests.swift, SyncBatchPeerCapabilityTests.swift, SyncBatchTransportAdmissionPlannerTests.swift, SyncConvergenceFoundationTests.swift, SyncConvergencePlanningTests.swift, SyncConvergenceRewriteSafetyPolicyTests.swift, SyncConvergenceIncorporationTests.swift, SyncConvergencePostCommitTests.swift, SyncConvergencePostCommitTestDoubles.swift, SyncConvergenceIdentityTestSupport.swift, IncrementalEditIntegrationTests.swift, ExplicitDeleteProvenanceTests.swift, PendingSyncRecoveryTests.swift (in target 'MyRAMTests' from project 'MyRAM')

SwiftDriverJobDiscovery normal arm64 Compiling MyRAMSyncControllerTests.swift, SyncBatchUnsentQueueTests.swift, IPhoneSyncBatchAccumulatorTests.swift, IPhoneSyncBatchApplierTests.swift, ActiveEditorApplicationPolicyTests.swift, ActiveEditorSyncUpdateHandlerTests.swift, EditorSelectionMapperTests.swift, UIKitEditorSyncBridgeTests.swift, EditorFormattingMutationApplierTests.swift, EditorFocusSelectionPolicyTests.swift, EditorSearchSessionTests.swift, MyRAMTests.swift, MyRAMWidgetCoreTests.swift (in target 'MyRAMTests' from project 'MyRAM')

SwiftDriver\ Compilation MyRAMTests normal arm64 com.apple.xcode.tools.swift.compiler (in target 'MyRAMTests' from project 'MyRAM')
    cd /Users/runner/work/MyRAM-iOS/MyRAM-iOS/Baseline
    builtin-Swift-Compilation -- /Applications/Xcode_26.5.app/Contents/Developer/Toolchains/XcodeDefault.xctoolchain/usr/bin/swiftc -module-name MyRAMTests -Onone @/tmp/MYR175-Classify-Baseline-iOS/Build/Intermediates.noindex/MyRAM.build/Debug-iphonesimulator/MyRAMTests.build/Objects-normal/arm64/MyRAMTests.SwiftFileList -DDEBUG -plugin-path /Applications/Xcode_26.5.app/Contents/Developer/Toolchains/XcodeDefault.xctoolchain/usr/lib/swift/host/plugins/testing -enable-bare-slash-regex -enable-experimental-feature DebugDescriptionMacro -sdk /Applications/Xcode_26.5.app/Contents/Developer/Platforms/iPhoneSimulator.platform/Developer/SDKs/iPhoneSimulator26.5.sdk -target arm64-apple-ios17.0-simulator -g -module-cache-path /tmp/MYR175-Classify-Baseline-iOS/ModuleCache.noindex -Xfrontend -serialize-debugging-options -enable-testing -index-store-path /tmp/MYR175-Classify-Baseline-iOS/Index.noindex/DataStore -Xcc -D_LIBCPP_HARDENING_MODE\=_LIBCPP_HARDENING_MODE_DEBUG -swift-version 5 -I /tmp/MYR175-Classify-Baseline-iOS/Build/Products/Debug-iphonesimulator -Isystem /Applications/Xcode_26.5.app/Contents/Developer/Platforms/iPhoneSimulator.platform/Developer/usr/lib -F /tmp/MYR175-Classify-Baseline-iOS/Build/Products/Debug-iphonesimulator/PackageFrameworks -F /tmp/MYR175-Classify-Baseline-iOS/Build/Products/Debug-iphonesimulator/PackageFrameworks -F /tmp/MYR175-Classify-Baseline-iOS/Build/Products/Debug-iphonesimulator/PackageFrameworks -F /tmp/MYR175-Classify-Baseline-iOS/Build/Products/Debug-iphonesimulator -F /Applications/Xcode_26.5.app/Contents/Developer/Platforms/iPhoneSimulator.platform/Developer/Library/Frameworks -F /Applications/Xcode_26.5.app/Contents/Developer/Platforms/iPhoneSimulator.platform/Developer/SDKs/iPhoneSimulator26.5.sdk/Developer/Library/Frameworks -c -j3 -enable-batch-mode -incremental -Xcc -ivfsstatcache -Xcc /tmp/MYR175-Classify-Baseline-iOS/SDKStatCaches.noindex/iphonesimulator26.5-23F73-688ef53f1462e2c8f657fdc38a81448ffb7d586738ff35573a713a18216ade27.sdkstatcache -output-file-map /tmp/MYR175-Classify-Baseline-iOS/Build/Intermediates.noindex/MyRAM.build/Debug-iphonesimulator/MyRAMTests.build/Objects-normal/arm64/MyRAMTests-OutputFileMap.json -use-frontend-parseable-output -save-temps -no-color-diagnostics -explicit-module-build -module-cache-path /tmp/MYR175-Classify-Baseline-iOS/Build/Intermediates.noindex/SwiftExplicitPrecompiledModules -clang-scanner-module-cache-path /tmp/MYR175-Classify-Baseline-iOS/ModuleCache.noindex -sdk-module-cache-path /tmp/MYR175-Classify-Baseline-iOS/ModuleCache.noindex -serialize-diagnostics -emit-dependencies -emit-module -emit-module-path /tmp/MYR175-Classify-Baseline-iOS/Build/Intermediates.noindex/MyRAM.build/Debug-iphonesimulator/MyRAMTests.build/Objects-normal/arm64/MyRAMTests.swiftmodule -validate-clang-modules-once -clang-build-session-file /tmp/MYR175-Classify-Baseline-iOS/ModuleCache.noindex/Session.modulevalidation -Xcc -I/tmp/MYR175-Classify-Baseline-iOS/Build/Intermediates.noindex/MyRAM.build/Debug-iphonesimulator/MyRAMTests.build/swift-overrides.hmap -emit-const-values -Xfrontend -const-gather-protocols-file -Xfrontend /tmp/MYR175-Classify-Baseline-iOS/Build/Intermediates.noindex/MyRAM.build/Debug-iphonesimulator/MyRAMTests.build/Objects-normal/arm64/MyRAMTests_const_extract_protocols.json -Xcc -iquote -Xcc /tmp/MYR175-Classify-Baseline-iOS/Build/Intermediates.noindex/MyRAM.build/Debug-iphonesimulator/MyRAMTests.build/MyRAMTests-generated-files.hmap -Xcc -I/tmp/MYR175-Classify-Baseline-iOS/Build/Intermediates.noindex/MyRAM.build/Debug-iphonesimulator/MyRAMTests.build/MyRAMTests-own-target-headers.hmap -Xcc -I/tmp/MYR175-Classify-Baseline-iOS/Build/Intermediates.noindex/MyRAM.build/Debug-iphonesimulator/MyRAMTests.build/MyRAMTests-all-non-framework-target-headers.hmap -Xcc -ivfsoverlay -Xcc /tmp/MYR175-Classify-Baseline-iOS/Build/Intermediates.noindex/MyRAM.build/Debug-iphonesimulator/MyRAM-98a9cbde253e8e955bc92731eb290203-VFS-iphonesimulator/all-product-headers.yaml -Xcc -iquote -Xcc /tmp/MYR175-Classify-Baseline-iOS/Build/Intermediates.noindex/MyRAM.build/Debug-iphonesimulator/MyRAMTests.build/MyRAMTests-project-headers.hmap -Xcc -I/tmp/MYR175-Classify-Baseline-iOS/Build/Products/Debug-iphonesimulator/include -Xcc -I/tmp/MYR175-Classify-Baseline-iOS/Build/Intermediates.noindex/MyRAM.build/Debug-iphonesimulator/MyRAMTests.build/DerivedSources-normal/arm64 -Xcc -I/tmp/MYR175-Classify-Baseline-iOS/Build/Intermediates.noindex/MyRAM.build/Debug-iphonesimulator/MyRAMTests.build/DerivedSources/arm64 -Xcc -I/tmp/MYR175-Classify-Baseline-iOS/Build/Intermediates.noindex/MyRAM.build/Debug-iphonesimulator/MyRAMTests.build/DerivedSources -Xcc -DDEBUG\=1 -emit-objc-header -emit-objc-header-path /tmp/MYR175-Classify-Baseline-iOS/Build/Intermediates.noindex/MyRAM.build/Debug-iphonesimulator/MyRAMTests.build/Objects-normal/arm64/MyRAMTests-Swift.h -working-directory /Users/runner/work/MyRAM-iOS/MyRAM-iOS/Baseline -experimental-emit-module-separately -disable-cmo

Ld /tmp/MYR175-Classify-Baseline-iOS/Build/Products/Debug-iphonesimulator/MyRAM.app/PlugIns/MyRAMTests.xctest/MyRAMTests normal (in target 'MyRAMTests' from project 'MyRAM')
    cd /Users/runner/work/MyRAM-iOS/MyRAM-iOS/Baseline
    /Applications/Xcode_26.5.app/Contents/Developer/Toolchains/XcodeDefault.xctoolchain/usr/bin/clang -Xlinker -reproducible -target arm64-apple-ios17.0-simulator -bundle -isysroot /Applications/Xcode_26.5.app/Contents/Developer/Platforms/iPhoneSimulator.platform/Developer/SDKs/iPhoneSimulator26.5.sdk -O0 -L/tmp/MYR175-Classify-Baseline-iOS/Build/Intermediates.noindex/EagerLinkingTBDs/Debug-iphonesimulator -L/tmp/MYR175-Classify-Baseline-iOS/Build/Products/Debug-iphonesimulator -L/Applications/Xcode_26.5.app/Contents/Developer/Platforms/iPhoneSimulator.platform/Developer/usr/lib -F/tmp/MYR175-Classify-Baseline-iOS/Build/Intermediates.noindex/EagerLinkingTBDs/Debug-iphonesimulator -F/tmp/MYR175-Classify-Baseline-iOS/Build/Products/Debug-iphonesimulator/PackageFrameworks -F/tmp/MYR175-Classify-Baseline-iOS/Build/Products/Debug-iphonesimulator/PackageFrameworks -F/tmp/MYR175-Classify-Baseline-iOS/Build/Products/Debug-iphonesimulator/PackageFrameworks -F/tmp/MYR175-Classify-Baseline-iOS/Build/Products/Debug-iphonesimulator -iframework /Applications/Xcode_26.5.app/Contents/Developer/Platforms/iPhoneSimulator.platform/Developer/Library/Frameworks -iframework /Applications/Xcode_26.5.app/Contents/Developer/Platforms/iPhoneSimulator.platform/Developer/SDKs/iPhoneSimulator26.5.sdk/Developer/Library/Frameworks -filelist /tmp/MYR175-Classify-Baseline-iOS/Build/Intermediates.noindex/MyRAM.build/Debug-iphonesimulator/MyRAMTests.build/Objects-normal/arm64/MyRAMTests.LinkFileList -Xlinker -rpath -Xlinker /usr/lib/swift -Xlinker -rpath -Xlinker /tmp/MYR175-Classify-Baseline-iOS/Build/Products/Debug-iphonesimulator/PackageFrameworks -Xlinker -rpath -Xlinker @loader_path/Frameworks -Xlinker -rpath -Xlinker @executable_path/Frameworks -Xlinker -dead_strip -bundle_loader /tmp/MYR175-Classify-Baseline-iOS/Build/Products/Debug-iphonesimulator/MyRAM.app/MyRAM -Xlinker -object_path_lto -Xlinker /tmp/MYR175-Classify-Baseline-iOS/Build/Intermediates.noindex/MyRAM.build/Debug-iphonesimulator/MyRAMTests.build/Objects-normal/arm64/MyRAMTests_lto.o -rdynamic -Xlinker -no_deduplicate -Xlinker -objc_abi_version -Xlinker 2 -Xlinker -dependency_info -Xlinker /tmp/MYR175-Classify-Baseline-iOS/Build/Intermediates.noindex/MyRAM.build/Debug-iphonesimulator/MyRAMTests.build/Objects-normal/arm64/MyRAMTests_dependency_info.dat -fobjc-link-runtime -L/Applications/Xcode_26.5.app/Contents/Developer/Toolchains/XcodeDefault.xctoolchain/usr/lib/swift/iphonesimulator -L/usr/lib/swift -Xlinker -add_ast_path -Xlinker /tmp/MYR175-Classify-Baseline-iOS/Build/Intermediates.noindex/MyRAM.build/Debug-iphonesimulator/MyRAMTests.build/Objects-normal/arm64/MyRAMTests.swiftmodule @/tmp/MYR175-Classify-Baseline-iOS/Build/Intermediates.noindex/MyRAM.build/Debug-iphonesimulator/MyRAMTests.build/Objects-normal/arm64/MyRAMTests-linker-args.resp -Wl,-no_warn_duplicate_libraries -Wl,-no_warn_duplicate_libraries -Wl,-no_warn_duplicate_libraries -Xlinker -needed_framework -Xlinker XCTest -framework XCTest -Xlinker -needed-lXCTestSwiftSupport -lXCTestSwiftSupport /tmp/MYR175-Classify-Baseline-iOS/Build/Products/Debug-iphonesimulator/PackageFrameworks/AnchoredSequenceCore_-65B9EEE52AB2106_PackageProduct.framework/AnchoredSequenceCore_-65B9EEE52AB2106_PackageProduct /tmp/MYR175-Classify-Baseline-iOS/Build/Products/Debug-iphonesimulator/MyRAM.app/MyRAM.debug.dylib -o /tmp/MYR175-Classify-Baseline-iOS/Build/Products/Debug-iphonesimulator/MyRAM.app/PlugIns/MyRAMTests.xctest/MyRAMTests

CopySwiftLibs /tmp/MYR175-Classify-Baseline-iOS/Build/Products/Debug-iphonesimulator/MyRAM.app/PlugIns/MyRAMTests.xctest (in target 'MyRAMTests' from project 'MyRAM')
    cd /Users/runner/work/MyRAM-iOS/MyRAM-iOS/Baseline
    builtin-swiftStdLibTool --copy --verbose --scan-executable /tmp/MYR175-Classify-Baseline-iOS/Build/Products/Debug-iphonesimulator/MyRAM.app/PlugIns/MyRAMTests.xctest/MyRAMTests --scan-folder /tmp/MYR175-Classify-Baseline-iOS/Build/Products/Debug-iphonesimulator/MyRAM.app/PlugIns/MyRAMTests.xctest/Frameworks --scan-folder /tmp/MYR175-Classify-Baseline-iOS/Build/Products/Debug-iphonesimulator/MyRAM.app/PlugIns/MyRAMTests.xctest/PlugIns --scan-folder /tmp/MYR175-Classify-Baseline-iOS/Build/Products/Debug-iphonesimulator/MyRAM.app/PlugIns/MyRAMTests.xctest/SystemExtensions --scan-folder /tmp/MYR175-Classify-Baseline-iOS/Build/Products/Debug-iphonesimulator/MyRAM.app/PlugIns/MyRAMTests.xctest/Extensions --scan-folder /tmp/MYR175-Classify-Baseline-iOS/Build/Products/Debug-iphonesimulator/PackageFrameworks/AnchoredSequenceCore_-65B9EEE52AB2106_PackageProduct.framework --platform iphonesimulator --toolchain /var/run/com.apple.security.cryptexd/mnt/com.apple.MobileAsset.MetalToolchain-v17.6.42.0.IemA5J/Metal.xctoolchain --toolchain /Applications/Xcode_26.5.app/Contents/Developer/Toolchains/XcodeDefault.xctoolchain --destination /tmp/MYR175-Classify-Baseline-iOS/Build/Products/Debug-iphonesimulator/MyRAM.app/PlugIns/MyRAMTests.xctest/Frameworks --strip-bitcode --scan-executable /Applications/Xcode_26.5.app/Contents/Developer/Platforms/iPhoneSimulator.platform/Developer/usr/lib/libXCTestSwiftSupport.dylib --strip-bitcode-tool /Applications/Xcode_26.5.app/Contents/Developer/Toolchains/XcodeDefault.xctoolchain/usr/bin/bitcode_strip --emit-dependency-info /tmp/MYR175-Classify-Baseline-iOS/Build/Intermediates.noindex/MyRAM.build/Debug-iphonesimulator/MyRAMTests.build/SwiftStdLibToolInputDependencies.dep --filter-for-swift-os
Ignoring --strip-bitcode because --sign was not passed

ExtractAppIntentsMetadata (in target 'MyRAMTests' from project 'MyRAM')
    cd /Users/runner/work/MyRAM-iOS/MyRAM-iOS/Baseline
    /Applications/Xcode_26.5.app/Contents/Developer/Toolchains/XcodeDefault.xctoolchain/usr/bin/appintentsmetadataprocessor --toolchain-dir /var/run/com.apple.security.cryptexd/mnt/com.apple.MobileAsset.MetalToolchain-v17.6.42.0.IemA5J/Metal.xctoolchain --module-name MyRAMTests --sdk-root /Applications/Xcode_26.5.app/Contents/Developer/Platforms/iPhoneSimulator.platform/Developer/SDKs/iPhoneSimulator26.5.sdk --xcode-version 17F42 --platform-family iOS --deployment-target 17.0 --bundle-identifier com.apexcoretechs.MyRAMTests --output /tmp/MYR175-Classify-Baseline-iOS/Build/Products/Debug-iphonesimulator/MyRAM.app/PlugIns/MyRAMTests.xctest --target-triple arm64-apple-ios17.0-simulator --binary-file /tmp/MYR175-Classify-Baseline-iOS/Build/Products/Debug-iphonesimulator/MyRAM.app/PlugIns/MyRAMTests.xctest/MyRAMTests --dependency-file /tmp/MYR175-Classify-Baseline-iOS/Build/Intermediates.noindex/MyRAM.build/Debug-iphonesimulator/MyRAMTests.build/Objects-normal/arm64/MyRAMTests_dependency_info.dat --stringsdata-file /tmp/MYR175-Classify-Baseline-iOS/Build/Intermediates.noindex/MyRAM.build/Debug-iphonesimulator/MyRAMTests.build/Objects-normal/arm64/ExtractedAppShortcutsMetadata.stringsdata --source-file-list /tmp/MYR175-Classify-Baseline-iOS/Build/Intermediates.noindex/MyRAM.build/Debug-iphonesimulator/MyRAMTests.build/Objects-normal/arm64/MyRAMTests.SwiftFileList --metadata-file-list /tmp/MYR175-Classify-Baseline-iOS/Build/Intermediates.noindex/MyRAM.build/Debug-iphonesimulator/MyRAMTests.build/MyRAMTests.DependencyMetadataFileList --static-metadata-file-list /tmp/MYR175-Classify-Baseline-iOS/Build/Intermediates.noindex/MyRAM.build/Debug-iphonesimulator/MyRAMTests.build/MyRAMTests.DependencyStaticMetadataFileList --swift-const-vals-list /tmp/MYR175-Classify-Baseline-iOS/Build/Intermediates.noindex/MyRAM.build/Debug-iphonesimulator/MyRAMTests.build/Objects-normal/arm64/MyRAMTests.SwiftConstValuesFileList --compile-time-extraction --deployment-aware-processing --validate-assistant-intents --no-app-shortcuts-localization
2026-08-04 15:35:13.087 appintentsmetadataprocessor[8197:30374] Starting appintentsmetadataprocessor export
2026-08-04 15:35:13.100 appintentsmetadataprocessor[8197:30374] Extracted no relevant App Intents symbols, skipping writing output

AppIntentsSSUTraining (in target 'MyRAMTests' from project 'MyRAM')
    cd /Users/runner/work/MyRAM-iOS/MyRAM-iOS/Baseline
    /Applications/Xcode_26.5.app/Contents/Developer/Toolchains/XcodeDefault.xctoolchain/usr/bin/appintentsnltrainingprocessor --infoplist-path /tmp/MYR175-Classify-Baseline-iOS/Build/Products/Debug-iphonesimulator/MyRAM.app/PlugIns/MyRAMTests.xctest/Info.plist --temp-dir-path /tmp/MYR175-Classify-Baseline-iOS/Build/Intermediates.noindex/MyRAM.build/Debug-iphonesimulator/MyRAMTests.build/ssu --bundle-id com.apexcoretechs.MyRAMTests --product-path /tmp/MYR175-Classify-Baseline-iOS/Build/Products/Debug-iphonesimulator/MyRAM.app/PlugIns/MyRAMTests.xctest --extracted-metadata-path /tmp/MYR175-Classify-Baseline-iOS/Build/Products/Debug-iphonesimulator/MyRAM.app/PlugIns/MyRAMTests.xctest/Metadata.appintents --metadata-file-list /tmp/MYR175-Classify-Baseline-iOS/Build/Intermediates.noindex/MyRAM.build/Debug-iphonesimulator/MyRAMTests.build/MyRAMTests.DependencyMetadataFileList --source-file /tmp/MYR175-Classify-Baseline-iOS/Build/Products/Debug-iphonesimulator/MyRAM.app/PlugIns/MyRAMTests.xctest/Info.plist --archive-ssu-assets
2026-08-04 15:35:13.122 appintentsnltrainingprocessor[8198:30377] Parsing options for appintentsnltrainingprocessor
2026-08-04 15:35:13.123 appintentsnltrainingprocessor[8198:30377] Starting AppIntents SSU YAML Generation
2026-08-04 15:35:13.123 appintentsnltrainingprocessor[8198:30377] No AppShortcuts found - Skipping.

RegisterExecutionPolicyException /tmp/MYR175-Classify-Baseline-iOS/Build/Products/Debug-iphonesimulator/MyRAM.app/PlugIns/MyRAMTests.xctest (in target 'MyRAMTests' from project 'MyRAM')
    cd /Users/runner/work/MyRAM-iOS/MyRAM-iOS/Baseline
    builtin-RegisterExecutionPolicyException /tmp/MYR175-Classify-Baseline-iOS/Build/Products/Debug-iphonesimulator/MyRAM.app/PlugIns/MyRAMTests.xctest

Touch /tmp/MYR175-Classify-Baseline-iOS/Build/Products/Debug-iphonesimulator/MyRAM.app/PlugIns/MyRAMTests.xctest (in target 'MyRAMTests' from project 'MyRAM')
    cd /Users/runner/work/MyRAM-iOS/MyRAM-iOS/Baseline
    /usr/bin/touch -c /tmp/MYR175-Classify-Baseline-iOS/Build/Products/Debug-iphonesimulator/MyRAM.app/PlugIns/MyRAMTests.xctest

RegisterExecutionPolicyException /tmp/MYR175-Classify-Baseline-iOS/Build/Products/Debug-iphonesimulator/MyRAM.app (in target 'MyRAM' from project 'MyRAM')
    cd /Users/runner/work/MyRAM-iOS/MyRAM-iOS/Baseline
    builtin-RegisterExecutionPolicyException /tmp/MYR175-Classify-Baseline-iOS/Build/Products/Debug-iphonesimulator/MyRAM.app

Validate /tmp/MYR175-Classify-Baseline-iOS/Build/Products/Debug-iphonesimulator/MyRAM.app (in target 'MyRAM' from project 'MyRAM')
    cd /Users/runner/work/MyRAM-iOS/MyRAM-iOS/Baseline
    builtin-validationUtility /tmp/MYR175-Classify-Baseline-iOS/Build/Products/Debug-iphonesimulator/MyRAM.app -shallow-bundle -infoplist-subpath Info.plist

Touch /tmp/MYR175-Classify-Baseline-iOS/Build/Products/Debug-iphonesimulator/MyRAM.app (in target 'MyRAM' from project 'MyRAM')
    cd /Users/runner/work/MyRAM-iOS/MyRAM-iOS/Baseline
    /usr/bin/touch -c /tmp/MYR175-Classify-Baseline-iOS/Build/Products/Debug-iphonesimulator/MyRAM.app

ProcessInfoPlistFile /tmp/MYR175-Classify-Baseline-iOS/Build/Products/Debug-iphonesimulator/MyRAMUITests-Runner.app/PlugIns/MyRAMUITests.xctest/Info.plist /tmp/MYR175-Classify-Baseline-iOS/Build/Intermediates.noindex/MyRAM.build/Debug-iphonesimulator/MyRAMUITests.build/empty-MyRAMUITests.plist (in target 'MyRAMUITests' from project 'MyRAM')
    cd /Users/runner/work/MyRAM-iOS/MyRAM-iOS/Baseline
    builtin-infoPlistUtility /tmp/MYR175-Classify-Baseline-iOS/Build/Intermediates.noindex/MyRAM.build/Debug-iphonesimulator/MyRAMUITests.build/empty-MyRAMUITests.plist -producttype com.apple.product-type.bundle.ui-testing -expandbuildsettings -format binary -platform iphonesimulator -additionalcontentfile /tmp/MYR175-Classify-Baseline-iOS/Build/Intermediates.noindex/MyRAM.build/Debug-iphonesimulator/MyRAMUITests.build/ProductTypeInfoPlistAdditions.plist -o /tmp/MYR175-Classify-Baseline-iOS/Build/Products/Debug-iphonesimulator/MyRAMUITests-Runner.app/PlugIns/MyRAMUITests.xctest/Info.plist

Ld /tmp/MYR175-Classify-Baseline-iOS/Build/Products/Debug-iphonesimulator/MyRAMUITests-Runner.app/PlugIns/MyRAMUITests.xctest/MyRAMUITests normal (in target 'MyRAMUITests' from project 'MyRAM')
    cd /Users/runner/work/MyRAM-iOS/MyRAM-iOS/Baseline
    /Applications/Xcode_26.5.app/Contents/Developer/Toolchains/XcodeDefault.xctoolchain/usr/bin/clang -Xlinker -reproducible -target arm64-apple-ios17.0-simulator -bundle -isysroot /Applications/Xcode_26.5.app/Contents/Developer/Platforms/iPhoneSimulator.platform/Developer/SDKs/iPhoneSimulator26.5.sdk -O0 -L/tmp/MYR175-Classify-Baseline-iOS/Build/Intermediates.noindex/EagerLinkingTBDs/Debug-iphonesimulator -L/tmp/MYR175-Classify-Baseline-iOS/Build/Products/Debug-iphonesimulator -L/Applications/Xcode_26.5.app/Contents/Developer/Platforms/iPhoneSimulator.platform/Developer/usr/lib -F/tmp/MYR175-Classify-Baseline-iOS/Build/Intermediates.noindex/EagerLinkingTBDs/Debug-iphonesimulator -F/tmp/MYR175-Classify-Baseline-iOS/Build/Products/Debug-iphonesimulator -iframework /Applications/Xcode_26.5.app/Contents/Developer/Platforms/iPhoneSimulator.platform/Developer/Library/Frameworks -iframework /Applications/Xcode_26.5.app/Contents/Developer/Platforms/iPhoneSimulator.platform/Developer/SDKs/iPhoneSimulator26.5.sdk/Developer/Library/Frameworks -filelist /tmp/MYR175-Classify-Baseline-iOS/Build/Intermediates.noindex/MyRAM.build/Debug-iphonesimulator/MyRAMUITests.build/Objects-normal/arm64/MyRAMUITests.LinkFileList -Xlinker -rpath -Xlinker /usr/lib/swift -Xlinker -rpath -Xlinker @loader_path/Frameworks -Xlinker -dead_strip -Xlinker -object_path_lto -Xlinker /tmp/MYR175-Classify-Baseline-iOS/Build/Intermediates.noindex/MyRAM.build/Debug-iphonesimulator/MyRAMUITests.build/Objects-normal/arm64/MyRAMUITests_lto.o -rdynamic -Xlinker -no_deduplicate -Xlinker -objc_abi_version -Xlinker 2 -Xlinker -dependency_info -Xlinker /tmp/MYR175-Classify-Baseline-iOS/Build/Intermediates.noindex/MyRAM.build/Debug-iphonesimulator/MyRAMUITests.build/Objects-normal/arm64/MyRAMUITests_dependency_info.dat -fobjc-link-runtime -L/Applications/Xcode_26.5.app/Contents/Developer/Toolchains/XcodeDefault.xctoolchain/usr/lib/swift/iphonesimulator -L/usr/lib/swift -Xlinker -add_ast_path -Xlinker /tmp/MYR175-Classify-Baseline-iOS/Build/Intermediates.noindex/MyRAM.build/Debug-iphonesimulator/MyRAMUITests.build/Objects-normal/arm64/MyRAMUITests.swiftmodule @/tmp/MYR175-Classify-Baseline-iOS/Build/Intermediates.noindex/MyRAM.build/Debug-iphonesimulator/MyRAMUITests.build/Objects-normal/arm64/MyRAMUITests-linker-args.resp -Xlinker -needed_framework -Xlinker XCTest -framework XCTest -Xlinker -needed-lXCTestSwiftSupport -lXCTestSwiftSupport -o /tmp/MYR175-Classify-Baseline-iOS/Build/Products/Debug-iphonesimulator/MyRAMUITests-Runner.app/PlugIns/MyRAMUITests.xctest/MyRAMUITests

ExtractAppIntentsMetadata (in target 'MyRAMUITests' from project 'MyRAM')
    cd /Users/runner/work/MyRAM-iOS/MyRAM-iOS/Baseline
    /Applications/Xcode_26.5.app/Contents/Developer/Toolchains/XcodeDefault.xctoolchain/usr/bin/appintentsmetadataprocessor --toolchain-dir /var/run/com.apple.security.cryptexd/mnt/com.apple.MobileAsset.MetalToolchain-v17.6.42.0.IemA5J/Metal.xctoolchain --module-name MyRAMUITests --sdk-root /Applications/Xcode_26.5.app/Contents/Developer/Platforms/iPhoneSimulator.platform/Developer/SDKs/iPhoneSimulator26.5.sdk --xcode-version 17F42 --platform-family iOS --deployment-target 17.0 --bundle-identifier com.apexcoretechs.MyRAMUITests --output /tmp/MYR175-Classify-Baseline-iOS/Build/Products/Debug-iphonesimulator/MyRAMUITests-Runner.app/PlugIns/MyRAMUITests.xctest --target-triple arm64-apple-ios17.0-simulator --binary-file /tmp/MYR175-Classify-Baseline-iOS/Build/Products/Debug-iphonesimulator/MyRAMUITests-Runner.app/PlugIns/MyRAMUITests.xctest/MyRAMUITests --dependency-file /tmp/MYR175-Classify-Baseline-iOS/Build/Intermediates.noindex/MyRAM.build/Debug-iphonesimulator/MyRAMUITests.build/Objects-normal/arm64/MyRAMUITests_dependency_info.dat --stringsdata-file /tmp/MYR175-Classify-Baseline-iOS/Build/Intermediates.noindex/MyRAM.build/Debug-iphonesimulator/MyRAMUITests.build/Objects-normal/arm64/ExtractedAppShortcutsMetadata.stringsdata --source-file-list /tmp/MYR175-Classify-Baseline-iOS/Build/Intermediates.noindex/MyRAM.build/Debug-iphonesimulator/MyRAMUITests.build/Objects-normal/arm64/MyRAMUITests.SwiftFileList --metadata-file-list /tmp/MYR175-Classify-Baseline-iOS/Build/Intermediates.noindex/MyRAM.build/Debug-iphonesimulator/MyRAMUITests.build/MyRAMUITests.DependencyMetadataFileList --static-metadata-file-list /tmp/MYR175-Classify-Baseline-iOS/Build/Intermediates.noindex/MyRAM.build/Debug-iphonesimulator/MyRAMUITests.build/MyRAMUITests.DependencyStaticMetadataFileList --swift-const-vals-list /tmp/MYR175-Classify-Baseline-iOS/Build/Intermediates.noindex/MyRAM.build/Debug-iphonesimulator/MyRAMUITests.build/Objects-normal/arm64/MyRAMUITests.SwiftConstValuesFileList --compile-time-extraction --deployment-aware-processing --validate-assistant-intents --no-app-shortcuts-localization
2026-08-04 15:35:13.556 appintentsmetadataprocessor[8225:30448] Starting appintentsmetadataprocessor export
2026-08-04 15:35:13.557 appintentsmetadataprocessor[8225:30448] warning: Metadata extraction skipped. No AppIntents.framework dependency found.

CopySwiftLibs /tmp/MYR175-Classify-Baseline-iOS/Build/Products/Debug-iphonesimulator/MyRAMUITests-Runner.app/PlugIns/MyRAMUITests.xctest (in target 'MyRAMUITests' from project 'MyRAM')
    cd /Users/runner/work/MyRAM-iOS/MyRAM-iOS/Baseline
    builtin-swiftStdLibTool --copy --verbose --scan-executable /tmp/MYR175-Classify-Baseline-iOS/Build/Products/Debug-iphonesimulator/MyRAMUITests-Runner.app/PlugIns/MyRAMUITests.xctest/MyRAMUITests --scan-folder /tmp/MYR175-Classify-Baseline-iOS/Build/Products/Debug-iphonesimulator/MyRAMUITests-Runner.app/PlugIns/MyRAMUITests.xctest/Frameworks --scan-folder /tmp/MYR175-Classify-Baseline-iOS/Build/Products/Debug-iphonesimulator/MyRAMUITests-Runner.app/PlugIns/MyRAMUITests.xctest/PlugIns --scan-folder /tmp/MYR175-Classify-Baseline-iOS/Build/Products/Debug-iphonesimulator/MyRAMUITests-Runner.app/PlugIns/MyRAMUITests.xctest/SystemExtensions --scan-folder /tmp/MYR175-Classify-Baseline-iOS/Build/Products/Debug-iphonesimulator/MyRAMUITests-Runner.app/PlugIns/MyRAMUITests.xctest/Extensions --platform iphonesimulator --toolchain /var/run/com.apple.security.cryptexd/mnt/com.apple.MobileAsset.MetalToolchain-v17.6.42.0.IemA5J/Metal.xctoolchain --toolchain /Applications/Xcode_26.5.app/Contents/Developer/Toolchains/XcodeDefault.xctoolchain --destination /tmp/MYR175-Classify-Baseline-iOS/Build/Products/Debug-iphonesimulator/MyRAMUITests-Runner.app/PlugIns/MyRAMUITests.xctest/Frameworks --strip-bitcode --scan-executable /Applications/Xcode_26.5.app/Contents/Developer/Platforms/iPhoneSimulator.platform/Developer/usr/lib/libXCTestSwiftSupport.dylib --strip-bitcode-tool /Applications/Xcode_26.5.app/Contents/Developer/Toolchains/XcodeDefault.xctoolchain/usr/bin/bitcode_strip --emit-dependency-info /tmp/MYR175-Classify-Baseline-iOS/Build/Intermediates.noindex/MyRAM.build/Debug-iphonesimulator/MyRAMUITests.build/SwiftStdLibToolInputDependencies.dep --filter-for-swift-os
Ignoring --strip-bitcode because --sign was not passed

AppIntentsSSUTraining (in target 'MyRAMUITests' from project 'MyRAM')
    cd /Users/runner/work/MyRAM-iOS/MyRAM-iOS/Baseline
    /Applications/Xcode_26.5.app/Contents/Developer/Toolchains/XcodeDefault.xctoolchain/usr/bin/appintentsnltrainingprocessor --infoplist-path /tmp/MYR175-Classify-Baseline-iOS/Build/Products/Debug-iphonesimulator/MyRAMUITests-Runner.app/PlugIns/MyRAMUITests.xctest/Info.plist --temp-dir-path /tmp/MYR175-Classify-Baseline-iOS/Build/Intermediates.noindex/MyRAM.build/Debug-iphonesimulator/MyRAMUITests.build/ssu --bundle-id com.apexcoretechs.MyRAMUITests --product-path /tmp/MYR175-Classify-Baseline-iOS/Build/Products/Debug-iphonesimulator/MyRAMUITests-Runner.app/PlugIns/MyRAMUITests.xctest --extracted-metadata-path /tmp/MYR175-Classify-Baseline-iOS/Build/Products/Debug-iphonesimulator/MyRAMUITests-Runner.app/PlugIns/MyRAMUITests.xctest/Metadata.appintents --metadata-file-list /tmp/MYR175-Classify-Baseline-iOS/Build/Intermediates.noindex/MyRAM.build/Debug-iphonesimulator/MyRAMUITests.build/MyRAMUITests.DependencyMetadataFileList --source-file /tmp/MYR175-Classify-Baseline-iOS/Build/Products/Debug-iphonesimulator/MyRAMUITests-Runner.app/PlugIns/MyRAMUITests.xctest/Info.plist --archive-ssu-assets
2026-08-04 15:35:13.575 appintentsnltrainingprocessor[8231:30460] Parsing options for appintentsnltrainingprocessor
2026-08-04 15:35:13.576 appintentsnltrainingprocessor[8231:30460] Starting AppIntents SSU YAML Generation
2026-08-04 15:35:13.576 appintentsnltrainingprocessor[8231:30460] No AppShortcuts found - Skipping.

MkDir /tmp/MYR175-Classify-Baseline-iOS/Build/Products/Debug-iphonesimulator/MyRAMUITests-Runner.app (in target 'MyRAMUITests' from project 'MyRAM')
    cd /Users/runner/work/MyRAM-iOS/MyRAM-iOS/Baseline
    /bin/mkdir -p /tmp/MYR175-Classify-Baseline-iOS/Build/Products/Debug-iphonesimulator/MyRAMUITests-Runner.app

CopyPlistFile /tmp/MYR175-Classify-Baseline-iOS/Build/Products/Debug-iphonesimulator/MyRAMUITests-Runner.app/Info.plist /Applications/Xcode_26.5.app/Contents/Developer/Platforms/iPhoneSimulator.platform/Developer/Library/Xcode/Agents/XCTRunner.app/Info.plist (in target 'MyRAMUITests' from project 'MyRAM')
    cd /Users/runner/work/MyRAM-iOS/MyRAM-iOS/Baseline
    builtin-copyPlist --validate --convert xml1 --macro-expansion WRAPPEDPRODUCTNAME MyRAMUITests-Runner --macro-expansion WRAPPEDPRODUCTBUNDLEIDENTIFIER com.apexcoretechs.MyRAMUITests.xctrunner --macro-expansion TESTPRODUCTNAME MyRAMUITests --macro-expansion TESTPRODUCTBUNDLEIDENTIFIER com.apexcoretechs.MyRAMUITests --copy-value UIDeviceFamily /tmp/MYR175-Classify-Baseline-iOS/Build/Products/Debug-iphonesimulator/MyRAMUITests-Runner.app/PlugIns/MyRAMUITests.xctest/Info.plist --outdir /tmp/MYR175-Classify-Baseline-iOS/Build/Products/Debug-iphonesimulator/MyRAMUITests-Runner.app -- /Applications/Xcode_26.5.app/Contents/Developer/Platforms/iPhoneSimulator.platform/Developer/Library/Xcode/Agents/XCTRunner.app/Info.plist

CopyAndPreserveArchs /tmp/MYR175-Classify-Baseline-iOS/Build/Products/Debug-iphonesimulator/MyRAMUITests-Runner.app/MyRAMUITests-Runner (in target 'MyRAMUITests' from project 'MyRAM')
    cd /Users/runner/work/MyRAM-iOS/MyRAM-iOS/Baseline
    /Applications/Xcode_26.5.app/Contents/Developer/Toolchains/XcodeDefault.xctoolchain/usr/bin/lipo /Applications/Xcode_26.5.app/Contents/Developer/Platforms/iPhoneSimulator.platform/Developer/Library/Xcode/Agents/XCTRunner.app/XCTRunner -output /tmp/MYR175-Classify-Baseline-iOS/Build/Products/Debug-iphonesimulator/MyRAMUITests-Runner.app/MyRAMUITests-Runner -extract arm64

Copy /tmp/MYR175-Classify-Baseline-iOS/Build/Products/Debug-iphonesimulator/MyRAMUITests-Runner.app/PkgInfo /Applications/Xcode_26.5.app/Contents/Developer/Platforms/iPhoneSimulator.platform/Developer/Library/Xcode/Agents/XCTRunner.app/PkgInfo (in target 'MyRAMUITests' from project 'MyRAM')
    cd /Users/runner/work/MyRAM-iOS/MyRAM-iOS/Baseline
    builtin-copy -exclude .DS_Store -exclude CVS -exclude .svn -exclude .git -exclude .hg -resolve-src-symlinks /Applications/Xcode_26.5.app/Contents/Developer/Platforms/iPhoneSimulator.platform/Developer/Library/Xcode/Agents/XCTRunner.app/PkgInfo /tmp/MYR175-Classify-Baseline-iOS/Build/Products/Debug-iphonesimulator/MyRAMUITests-Runner.app

Copy /tmp/MYR175-Classify-Baseline-iOS/Build/Products/Debug-iphonesimulator/MyRAMUITests-Runner.app/Frameworks/libXCTestSwiftSupport.dylib /Applications/Xcode_26.5.app/Contents/Developer/Platforms/iPhoneSimulator.platform/Developer/usr/lib/libXCTestSwiftSupport.dylib (in target 'MyRAMUITests' from project 'MyRAM')
    cd /Users/runner/work/MyRAM-iOS/MyRAM-iOS/Baseline
    builtin-copy -exclude .DS_Store -exclude CVS -exclude .svn -exclude .git -exclude .hg -exclude Headers -exclude PrivateHeaders -exclude Modules -exclude \*.tbd -resolve-src-symlinks /Applications/Xcode_26.5.app/Contents/Developer/Platforms/iPhoneSimulator.platform/Developer/usr/lib/libXCTestSwiftSupport.dylib /tmp/MYR175-Classify-Baseline-iOS/Build/Products/Debug-iphonesimulator/MyRAMUITests-Runner.app/Frameworks

Copy /tmp/MYR175-Classify-Baseline-iOS/Build/Products/Debug-iphonesimulator/MyRAMUITests-Runner.app/Frameworks/XCUnit.framework /Applications/Xcode_26.5.app/Contents/Developer/Platforms/iPhoneSimulator.platform/Developer/Library/PrivateFrameworks/XCUnit.framework (in target 'MyRAMUITests' from project 'MyRAM')
    cd /Users/runner/work/MyRAM-iOS/MyRAM-iOS/Baseline
    builtin-copy -exclude .DS_Store -exclude CVS -exclude .svn -exclude .git -exclude .hg -exclude Headers -exclude PrivateHeaders -exclude Modules -exclude \*.tbd -resolve-src-symlinks /Applications/Xcode_26.5.app/Contents/Developer/Platforms/iPhoneSimulator.platform/Developer/Library/PrivateFrameworks/XCUnit.framework /tmp/MYR175-Classify-Baseline-iOS/Build/Products/Debug-iphonesimulator/MyRAMUITests-Runner.app/Frameworks

Copy /tmp/MYR175-Classify-Baseline-iOS/Build/Products/Debug-iphonesimulator/MyRAMUITests-Runner.app/Frameworks/XCUIAutomation.framework /Applications/Xcode_26.5.app/Contents/Developer/Platforms/iPhoneSimulator.platform/Developer/Library/Frameworks/XCUIAutomation.framework (in target 'MyRAMUITests' from project 'MyRAM')
    cd /Users/runner/work/MyRAM-iOS/MyRAM-iOS/Baseline
    builtin-copy -exclude .DS_Store -exclude CVS -exclude .svn -exclude .git -exclude .hg -exclude Headers -exclude PrivateHeaders -exclude Modules -exclude \*.tbd -resolve-src-symlinks /Applications/Xcode_26.5.app/Contents/Developer/Platforms/iPhoneSimulator.platform/Developer/Library/Frameworks/XCUIAutomation.framework /tmp/MYR175-Classify-Baseline-iOS/Build/Products/Debug-iphonesimulator/MyRAMUITests-Runner.app/Frameworks

Copy /tmp/MYR175-Classify-Baseline-iOS/Build/Products/Debug-iphonesimulator/MyRAMUITests-Runner.app/Frameworks/XCTestSupport.framework /Applications/Xcode_26.5.app/Contents/Developer/Platforms/iPhoneSimulator.platform/Developer/Library/PrivateFrameworks/XCTestSupport.framework (in target 'MyRAMUITests' from project 'MyRAM')
    cd /Users/runner/work/MyRAM-iOS/MyRAM-iOS/Baseline
    builtin-copy -exclude .DS_Store -exclude CVS -exclude .svn -exclude .git -exclude .hg -exclude Headers -exclude PrivateHeaders -exclude Modules -exclude \*.tbd -resolve-src-symlinks /Applications/Xcode_26.5.app/Contents/Developer/Platforms/iPhoneSimulator.platform/Developer/Library/PrivateFrameworks/XCTestSupport.framework /tmp/MYR175-Classify-Baseline-iOS/Build/Products/Debug-iphonesimulator/MyRAMUITests-Runner.app/Frameworks

Copy /tmp/MYR175-Classify-Baseline-iOS/Build/Products/Debug-iphonesimulator/MyRAMUITests-Runner.app/Frameworks/XCTestCore.framework /Applications/Xcode_26.5.app/Contents/Developer/Platforms/iPhoneSimulator.platform/Developer/Library/PrivateFrameworks/XCTestCore.framework (in target 'MyRAMUITests' from project 'MyRAM')
    cd /Users/runner/work/MyRAM-iOS/MyRAM-iOS/Baseline
    builtin-copy -exclude .DS_Store -exclude CVS -exclude .svn -exclude .git -exclude .hg -exclude Headers -exclude PrivateHeaders -exclude Modules -exclude \*.tbd -resolve-src-symlinks /Applications/Xcode_26.5.app/Contents/Developer/Platforms/iPhoneSimulator.platform/Developer/Library/PrivateFrameworks/XCTestCore.framework /tmp/MYR175-Classify-Baseline-iOS/Build/Products/Debug-iphonesimulator/MyRAMUITests-Runner.app/Frameworks

Copy /tmp/MYR175-Classify-Baseline-iOS/Build/Products/Debug-iphonesimulator/MyRAMUITests-Runner.app/Frameworks/XCTest.framework /Applications/Xcode_26.5.app/Contents/Developer/Platforms/iPhoneSimulator.platform/Developer/Library/Frameworks/XCTest.framework (in target 'MyRAMUITests' from project 'MyRAM')
    cd /Users/runner/work/MyRAM-iOS/MyRAM-iOS/Baseline
    builtin-copy -exclude .DS_Store -exclude CVS -exclude .svn -exclude .git -exclude .hg -exclude Headers -exclude PrivateHeaders -exclude Modules -exclude \*.tbd -resolve-src-symlinks /Applications/Xcode_26.5.app/Contents/Developer/Platforms/iPhoneSimulator.platform/Developer/Library/Frameworks/XCTest.framework /tmp/MYR175-Classify-Baseline-iOS/Build/Products/Debug-iphonesimulator/MyRAMUITests-Runner.app/Frameworks

Copy /tmp/MYR175-Classify-Baseline-iOS/Build/Products/Debug-iphonesimulator/MyRAMUITests-Runner.app/Frameworks/XCTAutomationSupport.framework /Applications/Xcode_26.5.app/Contents/Developer/Platforms/iPhoneSimulator.platform/Developer/Library/PrivateFrameworks/XCTAutomationSupport.framework (in target 'MyRAMUITests' from project 'MyRAM')
    cd /Users/runner/work/MyRAM-iOS/MyRAM-iOS/Baseline
    builtin-copy -exclude .DS_Store -exclude CVS -exclude .svn -exclude .git -exclude .hg -exclude Headers -exclude PrivateHeaders -exclude Modules -exclude \*.tbd -resolve-src-symlinks /Applications/Xcode_26.5.app/Contents/Developer/Platforms/iPhoneSimulator.platform/Developer/Library/PrivateFrameworks/XCTAutomationSupport.framework /tmp/MYR175-Classify-Baseline-iOS/Build/Products/Debug-iphonesimulator/MyRAMUITests-Runner.app/Frameworks

Copy /tmp/MYR175-Classify-Baseline-iOS/Build/Products/Debug-iphonesimulator/MyRAMUITests-Runner.app/Frameworks/Testing.framework /Applications/Xcode_26.5.app/Contents/Developer/Platforms/iPhoneSimulator.platform/Developer/Library/Frameworks/Testing.framework (in target 'MyRAMUITests' from project 'MyRAM')
    cd /Users/runner/work/MyRAM-iOS/MyRAM-iOS/Baseline
    builtin-copy -exclude .DS_Store -exclude CVS -exclude .svn -exclude .git -exclude .hg -exclude Headers -exclude PrivateHeaders -exclude Modules -exclude \*.tbd -resolve-src-symlinks /Applications/Xcode_26.5.app/Contents/Developer/Platforms/iPhoneSimulator.platform/Developer/Library/Frameworks/Testing.framework /tmp/MYR175-Classify-Baseline-iOS/Build/Products/Debug-iphonesimulator/MyRAMUITests-Runner.app/Frameworks

RegisterExecutionPolicyException /tmp/MYR175-Classify-Baseline-iOS/Build/Products/Debug-iphonesimulator/MyRAMUITests-Runner.app/PlugIns/MyRAMUITests.xctest (in target 'MyRAMUITests' from project 'MyRAM')
    cd /Users/runner/work/MyRAM-iOS/MyRAM-iOS/Baseline
    builtin-RegisterExecutionPolicyException /tmp/MYR175-Classify-Baseline-iOS/Build/Products/Debug-iphonesimulator/MyRAMUITests-Runner.app/PlugIns/MyRAMUITests.xctest

Touch /tmp/MYR175-Classify-Baseline-iOS/Build/Products/Debug-iphonesimulator/MyRAMUITests-Runner.app/PlugIns/MyRAMUITests.xctest (in target 'MyRAMUITests' from project 'MyRAM')
    cd /Users/runner/work/MyRAM-iOS/MyRAM-iOS/Baseline
    /usr/bin/touch -c /tmp/MYR175-Classify-Baseline-iOS/Build/Products/Debug-iphonesimulator/MyRAMUITests-Runner.app/PlugIns/MyRAMUITests.xctest

✅ Fresh SwiftData store initialized successfully
2026-08-04 15:36:14.859064+0000 MyRAM[8967:34077] [Type Declaration Issues] Type "net.daringfireball.markdown" was expected to be declared and imported in the Info.plist of MyRAM.app, but it was not found.
2026-08-04 15:36:15.022310+0000 MyRAM[8967:35348] [General] Failed to send CA Event for app launch measurements for ca_event_type: 0 event_name: com.apple.app_launch_measurement.FirstFramePresentationMetric
2026-08-04 15:36:15.413419+0000 MyRAM[8967:34077] [unspecified] container_create_or_lookup_app_group_path_by_app_group_identifier: client is not entitled
2026-08-04 15:36:15.565946+0000 MyRAM[8967:35347] [General] Failed to send CA Event for app launch measurements for ca_event_type: 1 event_name: com.apple.app_launch_measurement.ExtendedLaunchMetrics
Test Suite 'Selected tests' started at 2026-08-04 15:36:16.049.
Test Suite 'MyRAMTests.xctest' started at 2026-08-04 15:36:16.050.
Test Suite 'SyncConvergencePlanningTests' started at 2026-08-04 15:36:16.050.
Test Case '-[MyRAMTests.SyncConvergencePlanningTests testAllRetainedBodyOperationsRouteNone]' started.
Test Case '-[MyRAMTests.SyncConvergencePlanningTests testAllRetainedBodyOperationsRouteNone]' passed (0.024 seconds).
Test Case '-[MyRAMTests.SyncConvergencePlanningTests testAnchoredBatchFailsPlanningBeforeCanonicalWork]' started.
Test Case '-[MyRAMTests.SyncConvergencePlanningTests testAnchoredBatchFailsPlanningBeforeCanonicalWork]' passed (0.010 seconds).
Test Case '-[MyRAMTests.SyncConvergencePlanningTests testCanonicalDigestExplicitlyRejectsAnchoredBatch]' started.
Test Case '-[MyRAMTests.SyncConvergencePlanningTests testCanonicalDigestExplicitlyRejectsAnchoredBatch]' passed (0.005 seconds).
Test Case '-[MyRAMTests.SyncConvergencePlanningTests testCanonicalPayloadDigestV1GoldenVectorMatrix]' started.
Test Case '-[MyRAMTests.SyncConvergencePlanningTests testCanonicalPayloadDigestV1GoldenVectorMatrix]' passed (0.062 seconds).
Test Case '-[MyRAMTests.SyncConvergencePlanningTests testCanonicalPayloadDigestV1IsStableAndOrderSensitive]' started.
Test Case '-[MyRAMTests.SyncConvergencePlanningTests testCanonicalPayloadDigestV1IsStableAndOrderSensitive]' passed (0.001 seconds).
Test Case '-[MyRAMTests.SyncConvergencePlanningTests testCommittedResultV1GoldenVectorMatrix]' started.
Test Case '-[MyRAMTests.SyncConvergencePlanningTests testCommittedResultV1GoldenVectorMatrix]' passed (0.006 seconds).
Test Case '-[MyRAMTests.SyncConvergencePlanningTests testCommittedResultV1OrderingAndChangeSensitivity]' started.
Test Case '-[MyRAMTests.SyncConvergencePlanningTests testCommittedResultV1OrderingAndChangeSensitivity]' passed (0.002 seconds).
Test Case '-[MyRAMTests.SyncConvergencePlanningTests testCommittedResultV1ReconciliationHashFieldOrderIsSignificant]' started.
Test Case '-[MyRAMTests.SyncConvergencePlanningTests testCommittedResultV1ReconciliationHashFieldOrderIsSignificant]' passed (0.001 seconds).
Test Case '-[MyRAMTests.SyncConvergencePlanningTests testCommittedResultV1ReconciliationReservedVariantIsPinned]' started.
Test Case '-[MyRAMTests.SyncConvergencePlanningTests testCommittedResultV1ReconciliationReservedVariantIsPinned]' passed (0.001 seconds).
Test Case '-[MyRAMTests.SyncConvergencePlanningTests testCompetingValidNilBaseBranchesBacktrackToTargetPath]' started.
Test Case '-[MyRAMTests.SyncConvergencePlanningTests testCompetingValidNilBaseBranchesBacktrackToTargetPath]' passed (0.127 seconds).
Test Case '-[MyRAMTests.SyncConvergencePlanningTests testConcurrentDeleteRebasesLaterInsertOffsetBackward]' started.
Test Case '-[MyRAMTests.SyncConvergencePlanningTests testConcurrentDeleteRebasesLaterInsertOffsetBackward]' passed (0.003 seconds).
Test Case '-[MyRAMTests.SyncConvergencePlanningTests testConcurrentEditsConvergeToIdenticalBodyRegardlessOfWhichSideIsLocal]' started.
Test Case '-[MyRAMTests.SyncConvergencePlanningTests testConcurrentEditsConvergeToIdenticalBodyRegardlessOfWhichSideIsLocal]' passed (0.003 seconds).
Test Case '-[MyRAMTests.SyncConvergencePlanningTests testConcurrentInsertsRebaseOffsetsInsteadOfCorruptingLaterText]' started.
Test Case '-[MyRAMTests.SyncConvergencePlanningTests testConcurrentInsertsRebaseOffsetsInsteadOfCorruptingLaterText]' passed (0.002 seconds).
Test Case '-[MyRAMTests.SyncConvergencePlanningTests testConcurrentSameBaseOperationsConvergeInsteadOfCorruptingHistory]' started.
Test Case '-[MyRAMTests.SyncConvergencePlanningTests testConcurrentSameBaseOperationsConvergeInsteadOfCorruptingHistory]' passed (0.002 seconds).
Test Case '-[MyRAMTests.SyncConvergencePlanningTests testContradictoryDuplicateBatchIdentityFailsBeforeCommit]' started.
Test Case '-[MyRAMTests.SyncConvergencePlanningTests testContradictoryDuplicateBatchIdentityFailsBeforeCommit]' passed (0.001 seconds).
Test Case '-[MyRAMTests.SyncConvergencePlanningTests testContradictoryFullRecordAndTombstoneFailsBeforeCommit]' started.
Test Case '-[MyRAMTests.SyncConvergencePlanningTests testContradictoryFullRecordAndTombstoneFailsBeforeCommit]' passed (0.001 seconds).
Test Case '-[MyRAMTests.SyncConvergencePlanningTests testContradictoryOperationIdentityFailsBeforeCommit]' started.
Test Case '-[MyRAMTests.SyncConvergencePlanningTests testContradictoryOperationIdentityFailsBeforeCommit]' passed (0.001 seconds).
Test Case '-[MyRAMTests.SyncConvergencePlanningTests testContradictoryTitleWinnerAuthorityFailsBeforeCommit]' started.
Test Case '-[MyRAMTests.SyncConvergencePlanningTests testContradictoryTitleWinnerAuthorityFailsBeforeCommit]' passed (0.001 seconds).
Test Case '-[MyRAMTests.SyncConvergencePlanningTests testCorruptRetainedOperationResultFailsBeforeCommit]' started.
Test Case '-[MyRAMTests.SyncConvergencePlanningTests testCorruptRetainedOperationResultFailsBeforeCommit]' passed (0.001 seconds).
Test Case '-[MyRAMTests.SyncConvergencePlanningTests testCreationPlanningDoesNotRequireExistingProjectedNote]' started.
Test Case '-[MyRAMTests.SyncConvergencePlanningTests testCreationPlanningDoesNotRequireExistingProjectedNote]' passed (0.001 seconds).
Test Case '-[MyRAMTests.SyncConvergencePlanningTests testCycleAndDuplicateResultOperationsDoNotReExploreBodies]' started.
Test Case '-[MyRAMTests.SyncConvergencePlanningTests testCycleAndDuplicateResultOperationsDoNotReExploreBodies]' passed (0.008 seconds).
Test Case '-[MyRAMTests.SyncConvergencePlanningTests testDisjointNoteSelectionIsIndependentOfQueueEnumerationOrder]' started.
Test Case '-[MyRAMTests.SyncConvergencePlanningTests testDisjointNoteSelectionIsIndependentOfQueueEnumerationOrder]' passed (0.001 seconds).
Test Case '-[MyRAMTests.SyncConvergencePlanningTests testEarlierMultiNoteEvidenceBatchBlocksItsOtherNotes]' started.
Test Case '-[MyRAMTests.SyncConvergencePlanningTests testEarlierMultiNoteEvidenceBatchBlocksItsOtherNotes]' passed (0.001 seconds).
Test Case '-[MyRAMTests.SyncConvergencePlanningTests testEarlierMultiNoteQueuedBatchIsNotPartiallyConsumedAsUnionEvidence]' started.
Test Case '-[MyRAMTests.SyncConvergencePlanningTests testEarlierMultiNoteQueuedBatchIsNotPartiallyConsumedAsUnionEvidence]' passed (0.001 seconds).
Test Case '-[MyRAMTests.SyncConvergencePlanningTests testExplicitCandidateQueuePositionLimitsEvidenceToEarlierBatches]' started.
Test Case '-[MyRAMTests.SyncConvergencePlanningTests testExplicitCandidateQueuePositionLimitsEvidenceToEarlierBatches]' passed (0.001 seconds).
Test Case '-[MyRAMTests.SyncConvergencePlanningTests testHistoryHardOverflowDefersBeforePlan]' started.
Test Case '-[MyRAMTests.SyncConvergencePlanningTests testHistoryHardOverflowDefersBeforePlan]' passed (0.001 seconds).
Test Case '-[MyRAMTests.SyncConvergencePlanningTests testIdenticalPreviouslyIncorporatedBatchReturnsCleanupPlan]' started.
Test Case '-[MyRAMTests.SyncConvergencePlanningTests testIdenticalPreviouslyIncorporatedBatchReturnsCleanupPlan]' passed (0.001 seconds).
Test Case '-[MyRAMTests.SyncConvergencePlanningTests testLaterQueuedSameNoteSuccessorIsBlockedFromEvidenceSelection]' started.
Test Case '-[MyRAMTests.SyncConvergencePlanningTests testLaterQueuedSameNoteSuccessorIsBlockedFromEvidenceSelection]' passed (0.036 seconds).
Test Case '-[MyRAMTests.SyncConvergencePlanningTests testLegacyPositionalEffectPreservesExpectedTextNoop]' started.
Test Case '-[MyRAMTests.SyncConvergencePlanningTests testLegacyPositionalEffectPreservesExpectedTextNoop]' passed (0.002 seconds).
Test Case '-[MyRAMTests.SyncConvergencePlanningTests testLifecycleDivergencePreservesLiveNoteWithoutBlockingPlan]' started.
Test Case '-[MyRAMTests.SyncConvergencePlanningTests testLifecycleDivergencePreservesLiveNoteWithoutBlockingPlan]' passed (0.001 seconds).
Test Case '-[MyRAMTests.SyncConvergencePlanningTests testLifecycleForMissingNoteIsConsumedWithoutBlockingPlan]' started.
Test Case '-[MyRAMTests.SyncConvergencePlanningTests testLifecycleForMissingNoteIsConsumedWithoutBlockingPlan]' passed (0.002 seconds).
Test Case '-[MyRAMTests.SyncConvergencePlanningTests testMalformedRetainedReplayKeyFailsAsCorruptHistoryWithoutFallbackOrdering]' started.
Test Case '-[MyRAMTests.SyncConvergencePlanningTests testMalformedRetainedReplayKeyFailsAsCorruptHistoryWithoutFallbackOrdering]' passed (0.003 seconds).
Test Case '-[MyRAMTests.SyncConvergencePlanningTests testMissingHistoricalBaseDefersAsUnreconstructableBase]' started.
Test Case '-[MyRAMTests.SyncConvergencePlanningTests testMissingHistoricalBaseDefersAsUnreconstructableBase]' passed (0.001 seconds).
Test Case '-[MyRAMTests.SyncConvergencePlanningTests testMixedRetainedAndExecutableBodyOperationsRouteIncrementalWithOnlyNewWork]' started.
Test Case '-[MyRAMTests.SyncConvergencePlanningTests testMixedRetainedAndExecutableBodyOperationsRouteIncrementalWithOnlyNewWork]' passed (0.002 seconds).
Test Case '-[MyRAMTests.SyncConvergencePlanningTests testNilBaseRetainedOperationWithoutEvidenceIsNeverGuessedIntoChain]' started.
Test Case '-[MyRAMTests.SyncConvergencePlanningTests testNilBaseRetainedOperationWithoutEvidenceIsNeverGuessedIntoChain]' passed (0.001 seconds).
Test Case '-[MyRAMTests.SyncConvergencePlanningTests testNilBaseRetainedOperationWithResultHashReconstructsChain]' started.
Test Case '-[MyRAMTests.SyncConvergencePlanningTests testNilBaseRetainedOperationWithResultHashReconstructsChain]' passed (0.002 seconds).
Test Case '-[MyRAMTests.SyncConvergencePlanningTests testPlanningSuccessReturnsPlannedOutcome]' started.
Test Case '-[MyRAMTests.SyncConvergencePlanningTests testPlanningSuccessReturnsPlannedOutcome]' passed (0.001 seconds).
Test Case '-[MyRAMTests.SyncConvergencePlanningTests testProjectedNoteEffectKindMembershipRejectsInvalidSets]' started.
Test Case '-[MyRAMTests.SyncConvergencePlanningTests testProjectedNoteEffectKindMembershipRejectsInvalidSets]' passed (0.001 seconds).
Test Case '-[MyRAMTests.SyncConvergencePlanningTests testProjectedNoteEffectV1GoldenVectorPreservesMainContract]' started.
Test Case '-[MyRAMTests.SyncConvergencePlanningTests testProjectedNoteEffectV1GoldenVectorPreservesMainContract]' passed (0.001 seconds).
Test Case '-[MyRAMTests.SyncConvergencePlanningTests testProjectedNoteEffectV1IsKindPermutationIndependent]' started.
Test Case '-[MyRAMTests.SyncConvergencePlanningTests testProjectedNoteEffectV1IsKindPermutationIndependent]' passed (0.041 seconds).
Test Case '-[MyRAMTests.SyncConvergencePlanningTests testProjectedNoteEffectV1MultiEffectPermutationIndependence]' started.
Test Case '-[MyRAMTests.SyncConvergencePlanningTests testProjectedNoteEffectV1MultiEffectPermutationIndependence]' passed (0.001 seconds).
Test Case '-[MyRAMTests.SyncConvergencePlanningTests testQueuedSameNoteEvidenceParticipatesInConflictUnion]' started.
Test Case '-[MyRAMTests.SyncConvergencePlanningTests testQueuedSameNoteEvidenceParticipatesInConflictUnion]' passed (0.002 seconds).
Test Case '-[MyRAMTests.SyncConvergencePlanningTests testReconstructedConflictDroppingUnprovenTextReturnsUnprovenTextLoss]' started.
Test Case '-[MyRAMTests.SyncConvergencePlanningTests testReconstructedConflictDroppingUnprovenTextReturnsUnprovenTextLoss]' passed (0.002 seconds).
Test Case '-[MyRAMTests.SyncConvergencePlanningTests testReconstructedConflictUsesDeleteEvidenceForWholeNoteRouting]' started.
Test Case '-[MyRAMTests.SyncConvergencePlanningTests testReconstructedConflictUsesDeleteEvidenceForWholeNoteRouting]' passed (0.002 seconds).
Test Case '-[MyRAMTests.SyncConvergencePlanningTests testReconstructionFromRetainedOperationDoesNotReplayConsumedHistoryTwice]' started.
Test Case '-[MyRAMTests.SyncConvergencePlanningTests testReconstructionFromRetainedOperationDoesNotReplayConsumedHistoryTwice]' passed (0.002 seconds).
Test Case '-[MyRAMTests.SyncConvergencePlanningTests testReconstructionStressWithHundredsOfNilBaseCandidatesCompletesBounded]' started.
Test Case '-[MyRAMTests.SyncConvergencePlanningTests testReconstructionStressWithHundredsOfNilBaseCandidatesCompletesBounded]' passed (6.266 seconds).
Test Case '-[MyRAMTests.SyncConvergencePlanningTests testRetainedChainInvalidRangeFailsAsCorruptHistory]' started.
Test Case '-[MyRAMTests.SyncConvergencePlanningTests testRetainedChainInvalidRangeFailsAsCorruptHistory]' passed (0.001 seconds).
Test Case '-[MyRAMTests.SyncConvergencePlanningTests testRetainedIdentityContradictionFailsClosed]' started.
Test Case '-[MyRAMTests.SyncConvergencePlanningTests testRetainedIdentityContradictionFailsClosed]' passed (0.001 seconds).
Test Case '-[MyRAMTests.SyncConvergencePlanningTests testRetainedIdentityIdempotencyPreventsDoubleApplication]' started.
Test Case '-[MyRAMTests.SyncConvergencePlanningTests testRetainedIdentityIdempotencyPreventsDoubleApplication]' passed (0.001 seconds).
Test Case '-[MyRAMTests.SyncConvergencePlanningTests testSameBatchChainedOperationsSurviveReconstructedConflict]' started.
Test Case '-[MyRAMTests.SyncConvergencePlanningTests testSameBatchChainedOperationsSurviveReconstructedConflict]' passed (0.002 seconds).
Test Case '-[MyRAMTests.SyncConvergencePlanningTests testSoftHistoryPressureDefersNewEvidenceGrowth]' started.
Test Case '-[MyRAMTests.SyncConvergencePlanningTests testSoftHistoryPressureDefersNewEvidenceGrowth]' passed (0.001 seconds).
Test Case '-[MyRAMTests.SyncConvergencePlanningTests testTitleHigherCanonicalKeyWinsAndLowerKeyIsIgnored]' started.
Test Case '-[MyRAMTests.SyncConvergencePlanningTests testTitleHigherCanonicalKeyWinsAndLowerKeyIsIgnored]' passed (0.001 seconds).
Test Case '-[MyRAMTests.SyncConvergencePlanningTests testTwoBodyOperationsInOneBatchProduceOneCompleteEffectAndOneBodyEvidence]' started.
Test Case '-[MyRAMTests.SyncConvergencePlanningTests testTwoBodyOperationsInOneBatchProduceOneCompleteEffectAndOneBodyEvidence]' passed (0.002 seconds).
Test Case '-[MyRAMTests.SyncConvergencePlanningTests testTwoRetainedConcurrentCandidatesDoNotCorruptMergedReplay]' started.
Test Case '-[MyRAMTests.SyncConvergencePlanningTests testTwoRetainedConcurrentCandidatesDoNotCorruptMergedReplay]' passed (0.002 seconds).
Test Case '-[MyRAMTests.SyncConvergencePlanningTests testUnencodablePlannedOperationAccountingFailsClosed]' started.
Test Case '-[MyRAMTests.SyncConvergencePlanningTests testUnencodablePlannedOperationAccountingFailsClosed]' passed (0.001 seconds).
Test Case '-[MyRAMTests.SyncConvergencePlanningTests testUnknownHashedBodyDefersWithRealDeclaredHash]' started.
Test Case '-[MyRAMTests.SyncConvergencePlanningTests testUnknownHashedBodyDefersWithRealDeclaredHash]' passed (0.001 seconds).
Test Case '-[MyRAMTests.SyncConvergencePlanningTests testUnknownTitleAndLegacyBodyProduceCompatibilityNoops]' started.
Test Case '-[MyRAMTests.SyncConvergencePlanningTests testUnknownTitleAndLegacyBodyProduceCompatibilityNoops]' passed (0.001 seconds).
Test Case '-[MyRAMTests.SyncConvergencePlanningTests testUnrelatedNilBaseRetainedBranchDoesNotBlockValidReconstruction]' started.
Test Case '-[MyRAMTests.SyncConvergencePlanningTests testUnrelatedNilBaseRetainedBranchDoesNotBlockValidReconstruction]' passed (0.003 seconds).
Test Case '-[MyRAMTests.SyncConvergencePlanningTests testUnsupportedReconciliationDefersBatch]' started.
Test Case '-[MyRAMTests.SyncConvergencePlanningTests testUnsupportedReconciliationDefersBatch]' passed (0.001 seconds).
Test Case '-[MyRAMTests.SyncConvergencePlanningTests testUnsupportedStoredDigestFormatFailsBeforeCommit]' started.
Test Case '-[MyRAMTests.SyncConvergencePlanningTests testUnsupportedStoredDigestFormatFailsBeforeCommit]' passed (0.001 seconds).
Test Case '-[MyRAMTests.SyncConvergencePlanningTests testValidatorRejectsMissingSourceOperationBlockedSuccessorRoutingAndHistoryMismatch]' started.
Test Case '-[MyRAMTests.SyncConvergencePlanningTests testValidatorRejectsMissingSourceOperationBlockedSuccessorRoutingAndHistoryMismatch]' passed (0.003 seconds).
Test Suite 'SyncConvergencePlanningTests' passed at 2026-08-04 15:36:22.966.
	 Executed 61 tests, with 0 failures (0 unexpected) in 6.659 (6.916) seconds
Test Suite 'MyRAMTests.xctest' passed at 2026-08-04 15:36:22.966.
	 Executed 61 tests, with 0 failures (0 unexpected) in 6.659 (6.916) seconds
Test Suite 'Selected tests' passed at 2026-08-04 15:36:22.966.
	 Executed 61 tests, with 0 failures (0 unexpected) in 6.659 (6.917) seconds
2026-08-04 15:36:23.804 xcodebuild[6887:26873] [MT] IDETestOperationsObserverDebug: 70.109 elapsed -- Testing started completed.
2026-08-04 15:36:23.805 xcodebuild[6887:26873] [MT] IDETestOperationsObserverDebug: 0.000 sec, +0.000 sec -- start
2026-08-04 15:36:23.805 xcodebuild[6887:26873] [MT] IDETestOperationsObserverDebug: 70.109 sec, +70.109 sec -- end

Test session results, code coverage, and logs:
	/tmp/MYR175-Classify-Baseline-iOS/Logs/Test/Test-MyRAM-2026.08.04_15-34-22-+0000.xcresult

** TEST SUCCEEDED **

Testing started
