Command line invocation:
    /Applications/Xcode_26.5.app/Contents/Developer/usr/bin/xcodebuild -project MyRAM.xcodeproj -scheme MyRAM -destination "platform=iOS Simulator,id=FC5FEF2A-E933-4515-AAEF-C9FC16651D0B" -destination-timeout 180 -parallel-testing-enabled NO -derivedDataPath /tmp/MYR175-Classify-Candidate-iOS CODE_SIGNING_ALLOWED=NO CODE_SIGNING_REQUIRED=NO CODE_SIGN_IDENTITY= test "-only-testing:MyRAMTests/SyncConvergencePlanningTests"

Build settings from command line:
    CODE_SIGN_IDENTITY = 
    CODE_SIGNING_ALLOWED = NO
    CODE_SIGNING_REQUIRED = NO

Resolve Package Graph


Resolved source packages:
  AnchoredSequenceCore: /Users/runner/work/MyRAM-iOS/MyRAM-iOS/Candidate/Packages/AnchoredSequenceCore @ local
  NearbySyncCore: /Users/runner/work/MyRAM-iOS/MyRAM-iOS/NearbySyncCore @ local

--- xcodebuild: WARNING: Using the first of multiple matching destinations:
{ platform:iOS Simulator, arch:arm64, id:FC5FEF2A-E933-4515-AAEF-C9FC16651D0B, OS:26.5, name:iPhone 17 }
{ platform:iOS Simulator, arch:x86_64, id:FC5FEF2A-E933-4515-AAEF-C9FC16651D0B, OS:26.5, name:iPhone 17 }
note: Using codesigning identity override: 
ComputePackagePrebuildTargetDependencyGraph

Prepare packages

CreateBuildRequest

SendProjectDescription

CreateBuildOperation

ComputeTargetDependencyGraph
note: Building targets in dependency order
note: Target dependency graph (8 targets)
    Target 'MyRAMUITests' in project 'MyRAM'
        ➜ Explicit dependency on target 'MyRAM' in project 'MyRAM'
    Target 'MyRAMTests' in project 'MyRAM'
        ➜ Explicit dependency on target 'MyRAM' in project 'MyRAM'
        ➜ Explicit dependency on target 'AnchoredSequenceCore' in project 'AnchoredSequenceCore'
    Target 'MyRAM' in project 'MyRAM'
        ➜ Explicit dependency on target 'MyRAMWidgetExtension' in project 'MyRAM'
        ➜ Explicit dependency on target 'NearbySyncCore' in project 'NearbySyncCore'
        ➜ Explicit dependency on target 'AnchoredSequenceCore' in project 'AnchoredSequenceCore'
    Target 'AnchoredSequenceCore' in project 'AnchoredSequenceCore'
        ➜ Explicit dependency on target 'AnchoredSequenceCore' in project 'AnchoredSequenceCore'
    Target 'AnchoredSequenceCore' in project 'AnchoredSequenceCore' (no dependencies)
    Target 'NearbySyncCore' in project 'NearbySyncCore'
        ➜ Explicit dependency on target 'NearbySyncCore' in project 'NearbySyncCore'
    Target 'NearbySyncCore' in project 'NearbySyncCore' (no dependencies)
    Target 'MyRAMWidgetExtension' in project 'MyRAM' (no dependencies)

GatherProvisioningInputs

CreateBuildDescription

ExecuteExternalTool /Applications/Xcode_26.5.app/Contents/Developer/usr/bin/actool --version --output-format xml1

ExecuteExternalTool /Applications/Xcode_26.5.app/Contents/Developer/Toolchains/XcodeDefault.xctoolchain/usr/bin/swiftc --version

ExecuteExternalTool /Applications/Xcode_26.5.app/Contents/Developer/usr/bin/actool --print-asset-tag-combinations --output-format xml1 /Users/runner/work/MyRAM-iOS/MyRAM-iOS/Candidate/MyRAM/Preview Content/Preview Assets.xcassets /Users/runner/work/MyRAM-iOS/MyRAM-iOS/Candidate/MyRAM/Assets.xcassets

ExecuteExternalTool /Applications/Xcode_26.5.app/Contents/Developer/Toolchains/XcodeDefault.xctoolchain/usr/bin/ld -version_details

ExecuteExternalTool /Applications/Xcode_26.5.app/Contents/Developer/Toolchains/XcodeDefault.xctoolchain/usr/bin/clang -v -E -dM -isysroot /Applications/Xcode_26.5.app/Contents/Developer/Platforms/iPhoneSimulator.platform/Developer/SDKs/iPhoneSimulator26.5.sdk -x c -c /dev/null

Build description signature: 810ee07be8631f010e80a35a56b5ea90
Build description path: /tmp/MYR175-Classify-Candidate-iOS/Build/Intermediates.noindex/XCBuildData/810ee07be8631f010e80a35a56b5ea90.xcbuilddata
CreateBuildDirectory /tmp/MYR175-Classify-Candidate-iOS/Build/Products
    cd /Users/runner/work/MyRAM-iOS/MyRAM-iOS/Candidate/MyRAM.xcodeproj
    builtin-create-build-directory /tmp/MYR175-Classify-Candidate-iOS/Build/Products

CreateBuildDirectory /tmp/MYR175-Classify-Candidate-iOS/Build/Intermediates.noindex
    cd /Users/runner/work/MyRAM-iOS/MyRAM-iOS/Candidate/MyRAM.xcodeproj
    builtin-create-build-directory /tmp/MYR175-Classify-Candidate-iOS/Build/Intermediates.noindex

ClangStatCache /Applications/Xcode_26.5.app/Contents/Developer/Toolchains/XcodeDefault.xctoolchain/usr/bin/clang-stat-cache /Applications/Xcode_26.5.app/Contents/Developer/Platforms/iPhoneSimulator.platform/Developer/SDKs/iPhoneSimulator26.5.sdk /tmp/MYR175-Classify-Candidate-iOS/SDKStatCaches.noindex/iphonesimulator26.5-23F73-688ef53f1462e2c8f657fdc38a81448ffb7d586738ff35573a713a18216ade27.sdkstatcache
    cd /Users/runner/work/MyRAM-iOS/MyRAM-iOS/Candidate/MyRAM.xcodeproj
    /Applications/Xcode_26.5.app/Contents/Developer/Toolchains/XcodeDefault.xctoolchain/usr/bin/clang-stat-cache /Applications/Xcode_26.5.app/Contents/Developer/Platforms/iPhoneSimulator.platform/Developer/SDKs/iPhoneSimulator26.5.sdk -o /tmp/MYR175-Classify-Candidate-iOS/SDKStatCaches.noindex/iphonesimulator26.5-23F73-688ef53f1462e2c8f657fdc38a81448ffb7d586738ff35573a713a18216ade27.sdkstatcache

WriteAuxiliaryFile /tmp/MYR175-Classify-Candidate-iOS/Build/Intermediates.noindex/MyRAM.build/Debug-iphonesimulator/MyRAM-98a9cbde253e8e955bc92731eb290203-VFS-iphonesimulator/all-product-headers.yaml
    cd /Users/runner/work/MyRAM-iOS/MyRAM-iOS/Candidate/MyRAM.xcodeproj
    write-file /tmp/MYR175-Classify-Candidate-iOS/Build/Intermediates.noindex/MyRAM.build/Debug-iphonesimulator/MyRAM-98a9cbde253e8e955bc92731eb290203-VFS-iphonesimulator/all-product-headers.yaml

CreateBuildDirectory /tmp/MYR175-Classify-Candidate-iOS/Build/Products/Debug-iphonesimulator
    cd /Users/runner/work/MyRAM-iOS/MyRAM-iOS/Candidate/MyRAM.xcodeproj
    builtin-create-build-directory /tmp/MYR175-Classify-Candidate-iOS/Build/Products/Debug-iphonesimulator

CreateBuildDirectory /tmp/MYR175-Classify-Candidate-iOS/Build/Intermediates.noindex/SwiftExplicitPrecompiledModules
    cd /Users/runner/work/MyRAM-iOS/MyRAM-iOS/Candidate/MyRAM.xcodeproj
    builtin-create-build-directory /tmp/MYR175-Classify-Candidate-iOS/Build/Intermediates.noindex/SwiftExplicitPrecompiledModules

CreateBuildDirectory /tmp/MYR175-Classify-Candidate-iOS/Build/Intermediates.noindex/ExplicitPrecompiledModules
    cd /Users/runner/work/MyRAM-iOS/MyRAM-iOS/Candidate/MyRAM.xcodeproj
    builtin-create-build-directory /tmp/MYR175-Classify-Candidate-iOS/Build/Intermediates.noindex/ExplicitPrecompiledModules

CreateBuildDirectory /tmp/MYR175-Classify-Candidate-iOS/Build/Intermediates.noindex/EagerLinkingTBDs/Debug-iphonesimulator
    cd /Users/runner/work/MyRAM-iOS/MyRAM-iOS/Candidate/MyRAM.xcodeproj
    builtin-create-build-directory /tmp/MYR175-Classify-Candidate-iOS/Build/Intermediates.noindex/EagerLinkingTBDs/Debug-iphonesimulator

CreateBuildDirectory /tmp/MYR175-Classify-Candidate-iOS/Build/Products/Debug-iphonesimulator/PackageFrameworks
    cd /Users/runner/work/MyRAM-iOS/MyRAM-iOS/Candidate/MyRAM.xcodeproj
    builtin-create-build-directory /tmp/MYR175-Classify-Candidate-iOS/Build/Products/Debug-iphonesimulator/PackageFrameworks

WriteAuxiliaryFile /tmp/MYR175-Classify-Candidate-iOS/Build/Intermediates.noindex/NearbySyncCore.build/Debug-iphonesimulator/NearbySyncCore.build/Objects-normal/arm64/NearbySyncCore.SwiftFileList (in target 'NearbySyncCore' from project 'NearbySyncCore')
    cd /Users/runner/work/MyRAM-iOS/MyRAM-iOS/NearbySyncCore
    write-file /tmp/MYR175-Classify-Candidate-iOS/Build/Intermediates.noindex/NearbySyncCore.build/Debug-iphonesimulator/NearbySyncCore.build/Objects-normal/arm64/NearbySyncCore.SwiftFileList

WriteAuxiliaryFile /tmp/MYR175-Classify-Candidate-iOS/Build/Intermediates.noindex/NearbySyncCore.build/Debug-iphonesimulator/NearbySyncCore.build/Objects-normal/arm64/NearbySyncCore_const_extract_protocols.json (in target 'NearbySyncCore' from project 'NearbySyncCore')
    cd /Users/runner/work/MyRAM-iOS/MyRAM-iOS/NearbySyncCore
    write-file /tmp/MYR175-Classify-Candidate-iOS/Build/Intermediates.noindex/NearbySyncCore.build/Debug-iphonesimulator/NearbySyncCore.build/Objects-normal/arm64/NearbySyncCore_const_extract_protocols.json

WriteAuxiliaryFile /tmp/MYR175-Classify-Candidate-iOS/Build/Intermediates.noindex/NearbySyncCore.build/Debug-iphonesimulator/NearbySyncCore.build/Objects-normal/arm64/NearbySyncCore.SwiftConstValuesFileList (in target 'NearbySyncCore' from project 'NearbySyncCore')
    cd /Users/runner/work/MyRAM-iOS/MyRAM-iOS/NearbySyncCore
    write-file /tmp/MYR175-Classify-Candidate-iOS/Build/Intermediates.noindex/NearbySyncCore.build/Debug-iphonesimulator/NearbySyncCore.build/Objects-normal/arm64/NearbySyncCore.SwiftConstValuesFileList

WriteAuxiliaryFile /tmp/MYR175-Classify-Candidate-iOS/Build/Intermediates.noindex/NearbySyncCore.build/Debug-iphonesimulator/NearbySyncCore.build/Objects-normal/arm64/NearbySyncCore.LinkFileList (in target 'NearbySyncCore' from project 'NearbySyncCore')
    cd /Users/runner/work/MyRAM-iOS/MyRAM-iOS/NearbySyncCore
    write-file /tmp/MYR175-Classify-Candidate-iOS/Build/Intermediates.noindex/NearbySyncCore.build/Debug-iphonesimulator/NearbySyncCore.build/Objects-normal/arm64/NearbySyncCore.LinkFileList

WriteAuxiliaryFile /tmp/MYR175-Classify-Candidate-iOS/Build/Intermediates.noindex/NearbySyncCore.build/Debug-iphonesimulator/NearbySyncCore.build/Objects-normal/arm64/NearbySyncCore-OutputFileMap.json (in target 'NearbySyncCore' from project 'NearbySyncCore')
    cd /Users/runner/work/MyRAM-iOS/MyRAM-iOS/NearbySyncCore
    write-file /tmp/MYR175-Classify-Candidate-iOS/Build/Intermediates.noindex/NearbySyncCore.build/Debug-iphonesimulator/NearbySyncCore.build/Objects-normal/arm64/NearbySyncCore-OutputFileMap.json

WriteAuxiliaryFile /tmp/MYR175-Classify-Candidate-iOS/Build/Intermediates.noindex/NearbySyncCore.build/Debug-iphonesimulator/NearbySyncCore.build/NearbySyncCore.modulemap (in target 'NearbySyncCore' from project 'NearbySyncCore')
    cd /Users/runner/work/MyRAM-iOS/MyRAM-iOS/NearbySyncCore
    write-file /tmp/MYR175-Classify-Candidate-iOS/Build/Intermediates.noindex/NearbySyncCore.build/Debug-iphonesimulator/NearbySyncCore.build/NearbySyncCore.modulemap

WriteAuxiliaryFile /tmp/MYR175-Classify-Candidate-iOS/Build/Intermediates.noindex/NearbySyncCore.build/Debug-iphonesimulator/NearbySyncCore.build/NearbySyncCore.DependencyStaticMetadataFileList (in target 'NearbySyncCore' from project 'NearbySyncCore')
    cd /Users/runner/work/MyRAM-iOS/MyRAM-iOS/NearbySyncCore
    write-file /tmp/MYR175-Classify-Candidate-iOS/Build/Intermediates.noindex/NearbySyncCore.build/Debug-iphonesimulator/NearbySyncCore.build/NearbySyncCore.DependencyStaticMetadataFileList

WriteAuxiliaryFile /tmp/MYR175-Classify-Candidate-iOS/Build/Intermediates.noindex/NearbySyncCore.build/Debug-iphonesimulator/NearbySyncCore.build/NearbySyncCore.DependencyMetadataFileList (in target 'NearbySyncCore' from project 'NearbySyncCore')
    cd /Users/runner/work/MyRAM-iOS/MyRAM-iOS/NearbySyncCore
    write-file /tmp/MYR175-Classify-Candidate-iOS/Build/Intermediates.noindex/NearbySyncCore.build/Debug-iphonesimulator/NearbySyncCore.build/NearbySyncCore.DependencyMetadataFileList

WriteAuxiliaryFile /tmp/MYR175-Classify-Candidate-iOS/Build/Intermediates.noindex/MyRAM.build/Debug-iphonesimulator/MyRAMWidgetExtension.build/Objects-normal/arm64/MyRAMWidgetExtension_const_extract_protocols.json (in target 'MyRAMWidgetExtension' from project 'MyRAM')
    cd /Users/runner/work/MyRAM-iOS/MyRAM-iOS/Candidate
    write-file /tmp/MYR175-Classify-Candidate-iOS/Build/Intermediates.noindex/MyRAM.build/Debug-iphonesimulator/MyRAMWidgetExtension.build/Objects-normal/arm64/MyRAMWidgetExtension_const_extract_protocols.json

Copy /tmp/MYR175-Classify-Candidate-iOS/Build/Intermediates.noindex/GeneratedModuleMaps-iphonesimulator/NearbySyncCore.modulemap /tmp/MYR175-Classify-Candidate-iOS/Build/Intermediates.noindex/NearbySyncCore.build/Debug-iphonesimulator/NearbySyncCore.build/NearbySyncCore.modulemap (in target 'NearbySyncCore' from project 'NearbySyncCore')
    cd /Users/runner/work/MyRAM-iOS/MyRAM-iOS/NearbySyncCore
    builtin-copy -exclude .DS_Store -exclude CVS -exclude .svn -exclude .git -exclude .hg -resolve-src-symlinks /tmp/MYR175-Classify-Candidate-iOS/Build/Intermediates.noindex/NearbySyncCore.build/Debug-iphonesimulator/NearbySyncCore.build/NearbySyncCore.modulemap /tmp/MYR175-Classify-Candidate-iOS/Build/Intermediates.noindex/GeneratedModuleMaps-iphonesimulator

WriteAuxiliaryFile /tmp/MYR175-Classify-Candidate-iOS/Build/Intermediates.noindex/MyRAM.build/Debug-iphonesimulator/MyRAMWidgetExtension.build/Objects-normal/arm64/MyRAMWidgetExtension.SwiftFileList (in target 'MyRAMWidgetExtension' from project 'MyRAM')
    cd /Users/runner/work/MyRAM-iOS/MyRAM-iOS/Candidate
    write-file /tmp/MYR175-Classify-Candidate-iOS/Build/Intermediates.noindex/MyRAM.build/Debug-iphonesimulator/MyRAMWidgetExtension.build/Objects-normal/arm64/MyRAMWidgetExtension.SwiftFileList

WriteAuxiliaryFile /tmp/MYR175-Classify-Candidate-iOS/Build/Intermediates.noindex/MyRAM.build/Debug-iphonesimulator/MyRAMWidgetExtension.build/Objects-normal/arm64/MyRAMWidgetExtension.SwiftConstValuesFileList (in target 'MyRAMWidgetExtension' from project 'MyRAM')
    cd /Users/runner/work/MyRAM-iOS/MyRAM-iOS/Candidate
    write-file /tmp/MYR175-Classify-Candidate-iOS/Build/Intermediates.noindex/MyRAM.build/Debug-iphonesimulator/MyRAMWidgetExtension.build/Objects-normal/arm64/MyRAMWidgetExtension.SwiftConstValuesFileList

WriteAuxiliaryFile /tmp/MYR175-Classify-Candidate-iOS/Build/Intermediates.noindex/MyRAM.build/Debug-iphonesimulator/MyRAMWidgetExtension.build/Objects-normal/arm64/MyRAMWidgetExtension.LinkFileList (in target 'MyRAMWidgetExtension' from project 'MyRAM')
    cd /Users/runner/work/MyRAM-iOS/MyRAM-iOS/Candidate
    write-file /tmp/MYR175-Classify-Candidate-iOS/Build/Intermediates.noindex/MyRAM.build/Debug-iphonesimulator/MyRAMWidgetExtension.build/Objects-normal/arm64/MyRAMWidgetExtension.LinkFileList

WriteAuxiliaryFile /tmp/MYR175-Classify-Candidate-iOS/Build/Intermediates.noindex/MyRAM.build/Debug-iphonesimulator/MyRAMWidgetExtension.build/Objects-normal/arm64/MyRAMWidgetExtension-OutputFileMap.json (in target 'MyRAMWidgetExtension' from project 'MyRAM')
    cd /Users/runner/work/MyRAM-iOS/MyRAM-iOS/Candidate
    write-file /tmp/MYR175-Classify-Candidate-iOS/Build/Intermediates.noindex/MyRAM.build/Debug-iphonesimulator/MyRAMWidgetExtension.build/Objects-normal/arm64/MyRAMWidgetExtension-OutputFileMap.json

WriteAuxiliaryFile /tmp/MYR175-Classify-Candidate-iOS/Build/Intermediates.noindex/MyRAM.build/Debug-iphonesimulator/MyRAMWidgetExtension.build/MyRAMWidgetExtension.hmap (in target 'MyRAMWidgetExtension' from project 'MyRAM')
    cd /Users/runner/work/MyRAM-iOS/MyRAM-iOS/Candidate
    write-file /tmp/MYR175-Classify-Candidate-iOS/Build/Intermediates.noindex/MyRAM.build/Debug-iphonesimulator/MyRAMWidgetExtension.build/MyRAMWidgetExtension.hmap

WriteAuxiliaryFile /tmp/MYR175-Classify-Candidate-iOS/Build/Intermediates.noindex/MyRAM.build/Debug-iphonesimulator/MyRAMWidgetExtension.build/MyRAMWidgetExtension.DependencyStaticMetadataFileList (in target 'MyRAMWidgetExtension' from project 'MyRAM')
    cd /Users/runner/work/MyRAM-iOS/MyRAM-iOS/Candidate
    write-file /tmp/MYR175-Classify-Candidate-iOS/Build/Intermediates.noindex/MyRAM.build/Debug-iphonesimulator/MyRAMWidgetExtension.build/MyRAMWidgetExtension.DependencyStaticMetadataFileList

WriteAuxiliaryFile /tmp/MYR175-Classify-Candidate-iOS/Build/Intermediates.noindex/MyRAM.build/Debug-iphonesimulator/MyRAMWidgetExtension.build/MyRAMWidgetExtension.DependencyMetadataFileList (in target 'MyRAMWidgetExtension' from project 'MyRAM')
    cd /Users/runner/work/MyRAM-iOS/MyRAM-iOS/Candidate
    write-file /tmp/MYR175-Classify-Candidate-iOS/Build/Intermediates.noindex/MyRAM.build/Debug-iphonesimulator/MyRAMWidgetExtension.build/MyRAMWidgetExtension.DependencyMetadataFileList

WriteAuxiliaryFile /tmp/MYR175-Classify-Candidate-iOS/Build/Intermediates.noindex/MyRAM.build/Debug-iphonesimulator/MyRAMWidgetExtension.build/MyRAMWidgetExtension-project-headers.hmap (in target 'MyRAMWidgetExtension' from project 'MyRAM')
    cd /Users/runner/work/MyRAM-iOS/MyRAM-iOS/Candidate
    write-file /tmp/MYR175-Classify-Candidate-iOS/Build/Intermediates.noindex/MyRAM.build/Debug-iphonesimulator/MyRAMWidgetExtension.build/MyRAMWidgetExtension-project-headers.hmap

WriteAuxiliaryFile /tmp/MYR175-Classify-Candidate-iOS/Build/Intermediates.noindex/MyRAM.build/Debug-iphonesimulator/MyRAMWidgetExtension.build/MyRAMWidgetExtension-own-target-headers.hmap (in target 'MyRAMWidgetExtension' from project 'MyRAM')
    cd /Users/runner/work/MyRAM-iOS/MyRAM-iOS/Candidate
    write-file /tmp/MYR175-Classify-Candidate-iOS/Build/Intermediates.noindex/MyRAM.build/Debug-iphonesimulator/MyRAMWidgetExtension.build/MyRAMWidgetExtension-own-target-headers.hmap

WriteAuxiliaryFile /tmp/MYR175-Classify-Candidate-iOS/Build/Intermediates.noindex/MyRAM.build/Debug-iphonesimulator/MyRAMWidgetExtension.build/MyRAMWidgetExtension-generated-files.hmap (in target 'MyRAMWidgetExtension' from project 'MyRAM')
    cd /Users/runner/work/MyRAM-iOS/MyRAM-iOS/Candidate
    write-file /tmp/MYR175-Classify-Candidate-iOS/Build/Intermediates.noindex/MyRAM.build/Debug-iphonesimulator/MyRAMWidgetExtension.build/MyRAMWidgetExtension-generated-files.hmap

WriteAuxiliaryFile /tmp/MYR175-Classify-Candidate-iOS/Build/Intermediates.noindex/MyRAM.build/Debug-iphonesimulator/MyRAMWidgetExtension.build/MyRAMWidgetExtension-all-target-headers.hmap (in target 'MyRAMWidgetExtension' from project 'MyRAM')
    cd /Users/runner/work/MyRAM-iOS/MyRAM-iOS/Candidate
    write-file /tmp/MYR175-Classify-Candidate-iOS/Build/Intermediates.noindex/MyRAM.build/Debug-iphonesimulator/MyRAMWidgetExtension.build/MyRAMWidgetExtension-all-target-headers.hmap

WriteAuxiliaryFile /tmp/MYR175-Classify-Candidate-iOS/Build/Intermediates.noindex/MyRAM.build/Debug-iphonesimulator/MyRAMWidgetExtension.build/MyRAMWidgetExtension-all-non-framework-target-headers.hmap (in target 'MyRAMWidgetExtension' from project 'MyRAM')
    cd /Users/runner/work/MyRAM-iOS/MyRAM-iOS/Candidate
    write-file /tmp/MYR175-Classify-Candidate-iOS/Build/Intermediates.noindex/MyRAM.build/Debug-iphonesimulator/MyRAMWidgetExtension.build/MyRAMWidgetExtension-all-non-framework-target-headers.hmap

WriteAuxiliaryFile /tmp/MYR175-Classify-Candidate-iOS/Build/Intermediates.noindex/MyRAM.build/Debug-iphonesimulator/MyRAMWidgetExtension.build/MyRAMWidgetExtension-DebugEntryPoint-normal-arm64.txt (in target 'MyRAMWidgetExtension' from project 'MyRAM')
    cd /Users/runner/work/MyRAM-iOS/MyRAM-iOS/Candidate
    write-file /tmp/MYR175-Classify-Candidate-iOS/Build/Intermediates.noindex/MyRAM.build/Debug-iphonesimulator/MyRAMWidgetExtension.build/MyRAMWidgetExtension-DebugEntryPoint-normal-arm64.txt

WriteAuxiliaryFile /tmp/MYR175-Classify-Candidate-iOS/Build/Intermediates.noindex/MyRAM.build/Debug-iphonesimulator/MyRAMWidgetExtension.build/MyRAMWidgetExtension-DebugDylibPath-normal-arm64.txt (in target 'MyRAMWidgetExtension' from project 'MyRAM')
    cd /Users/runner/work/MyRAM-iOS/MyRAM-iOS/Candidate
    write-file /tmp/MYR175-Classify-Candidate-iOS/Build/Intermediates.noindex/MyRAM.build/Debug-iphonesimulator/MyRAMWidgetExtension.build/MyRAMWidgetExtension-DebugDylibPath-normal-arm64.txt

WriteAuxiliaryFile /tmp/MYR175-Classify-Candidate-iOS/Build/Intermediates.noindex/MyRAM.build/Debug-iphonesimulator/MyRAMWidgetExtension.build/MyRAMWidgetExtension-DebugDylibInstallName-normal-arm64.txt (in target 'MyRAMWidgetExtension' from project 'MyRAM')
    cd /Users/runner/work/MyRAM-iOS/MyRAM-iOS/Candidate
    write-file /tmp/MYR175-Classify-Candidate-iOS/Build/Intermediates.noindex/MyRAM.build/Debug-iphonesimulator/MyRAMWidgetExtension.build/MyRAMWidgetExtension-DebugDylibInstallName-normal-arm64.txt

WriteAuxiliaryFile /tmp/MYR175-Classify-Candidate-iOS/Build/Intermediates.noindex/MyRAM.build/Debug-iphonesimulator/MyRAMUITests.build/empty-MyRAMUITests.plist (in target 'MyRAMUITests' from project 'MyRAM')
    cd /Users/runner/work/MyRAM-iOS/MyRAM-iOS/Candidate
    write-file /tmp/MYR175-Classify-Candidate-iOS/Build/Intermediates.noindex/MyRAM.build/Debug-iphonesimulator/MyRAMUITests.build/empty-MyRAMUITests.plist

WriteAuxiliaryFile /tmp/MYR175-Classify-Candidate-iOS/Build/Intermediates.noindex/MyRAM.build/Debug-iphonesimulator/MyRAMUITests.build/ProductTypeInfoPlistAdditions.plist (in target 'MyRAMUITests' from project 'MyRAM')
    cd /Users/runner/work/MyRAM-iOS/MyRAM-iOS/Candidate
    write-file /tmp/MYR175-Classify-Candidate-iOS/Build/Intermediates.noindex/MyRAM.build/Debug-iphonesimulator/MyRAMUITests.build/ProductTypeInfoPlistAdditions.plist

WriteAuxiliaryFile /tmp/MYR175-Classify-Candidate-iOS/Build/Intermediates.noindex/MyRAM.build/Debug-iphonesimulator/MyRAMUITests.build/Objects-normal/arm64/MyRAMUITests_const_extract_protocols.json (in target 'MyRAMUITests' from project 'MyRAM')
    cd /Users/runner/work/MyRAM-iOS/MyRAM-iOS/Candidate
    write-file /tmp/MYR175-Classify-Candidate-iOS/Build/Intermediates.noindex/MyRAM.build/Debug-iphonesimulator/MyRAMUITests.build/Objects-normal/arm64/MyRAMUITests_const_extract_protocols.json

WriteAuxiliaryFile /tmp/MYR175-Classify-Candidate-iOS/Build/Intermediates.noindex/MyRAM.build/Debug-iphonesimulator/MyRAMUITests.build/Objects-normal/arm64/MyRAMUITests.SwiftFileList (in target 'MyRAMUITests' from project 'MyRAM')
    cd /Users/runner/work/MyRAM-iOS/MyRAM-iOS/Candidate
    write-file /tmp/MYR175-Classify-Candidate-iOS/Build/Intermediates.noindex/MyRAM.build/Debug-iphonesimulator/MyRAMUITests.build/Objects-normal/arm64/MyRAMUITests.SwiftFileList

WriteAuxiliaryFile /tmp/MYR175-Classify-Candidate-iOS/Build/Intermediates.noindex/MyRAM.build/Debug-iphonesimulator/MyRAMUITests.build/Objects-normal/arm64/MyRAMUITests.SwiftConstValuesFileList (in target 'MyRAMUITests' from project 'MyRAM')
    cd /Users/runner/work/MyRAM-iOS/MyRAM-iOS/Candidate
    write-file /tmp/MYR175-Classify-Candidate-iOS/Build/Intermediates.noindex/MyRAM.build/Debug-iphonesimulator/MyRAMUITests.build/Objects-normal/arm64/MyRAMUITests.SwiftConstValuesFileList

WriteAuxiliaryFile /tmp/MYR175-Classify-Candidate-iOS/Build/Intermediates.noindex/MyRAM.build/Debug-iphonesimulator/MyRAMUITests.build/Objects-normal/arm64/MyRAMUITests.LinkFileList (in target 'MyRAMUITests' from project 'MyRAM')
    cd /Users/runner/work/MyRAM-iOS/MyRAM-iOS/Candidate
    write-file /tmp/MYR175-Classify-Candidate-iOS/Build/Intermediates.noindex/MyRAM.build/Debug-iphonesimulator/MyRAMUITests.build/Objects-normal/arm64/MyRAMUITests.LinkFileList

WriteAuxiliaryFile /tmp/MYR175-Classify-Candidate-iOS/Build/Intermediates.noindex/MyRAM.build/Debug-iphonesimulator/MyRAMUITests.build/Objects-normal/arm64/MyRAMUITests-OutputFileMap.json (in target 'MyRAMUITests' from project 'MyRAM')
    cd /Users/runner/work/MyRAM-iOS/MyRAM-iOS/Candidate
    write-file /tmp/MYR175-Classify-Candidate-iOS/Build/Intermediates.noindex/MyRAM.build/Debug-iphonesimulator/MyRAMUITests.build/Objects-normal/arm64/MyRAMUITests-OutputFileMap.json

WriteAuxiliaryFile /tmp/MYR175-Classify-Candidate-iOS/Build/Intermediates.noindex/MyRAM.build/Debug-iphonesimulator/MyRAMUITests.build/MyRAMUITests.hmap (in target 'MyRAMUITests' from project 'MyRAM')
    cd /Users/runner/work/MyRAM-iOS/MyRAM-iOS/Candidate
    write-file /tmp/MYR175-Classify-Candidate-iOS/Build/Intermediates.noindex/MyRAM.build/Debug-iphonesimulator/MyRAMUITests.build/MyRAMUITests.hmap

WriteAuxiliaryFile /tmp/MYR175-Classify-Candidate-iOS/Build/Intermediates.noindex/MyRAM.build/Debug-iphonesimulator/MyRAMUITests.build/MyRAMUITests.DependencyStaticMetadataFileList (in target 'MyRAMUITests' from project 'MyRAM')
    cd /Users/runner/work/MyRAM-iOS/MyRAM-iOS/Candidate
    write-file /tmp/MYR175-Classify-Candidate-iOS/Build/Intermediates.noindex/MyRAM.build/Debug-iphonesimulator/MyRAMUITests.build/MyRAMUITests.DependencyStaticMetadataFileList

WriteAuxiliaryFile /tmp/MYR175-Classify-Candidate-iOS/Build/Intermediates.noindex/MyRAM.build/Debug-iphonesimulator/MyRAMUITests.build/MyRAMUITests.DependencyMetadataFileList (in target 'MyRAMUITests' from project 'MyRAM')
    cd /Users/runner/work/MyRAM-iOS/MyRAM-iOS/Candidate
    write-file /tmp/MYR175-Classify-Candidate-iOS/Build/Intermediates.noindex/MyRAM.build/Debug-iphonesimulator/MyRAMUITests.build/MyRAMUITests.DependencyMetadataFileList

WriteAuxiliaryFile /tmp/MYR175-Classify-Candidate-iOS/Build/Intermediates.noindex/MyRAM.build/Debug-iphonesimulator/MyRAMUITests.build/MyRAMUITests-project-headers.hmap (in target 'MyRAMUITests' from project 'MyRAM')
    cd /Users/runner/work/MyRAM-iOS/MyRAM-iOS/Candidate
    write-file /tmp/MYR175-Classify-Candidate-iOS/Build/Intermediates.noindex/MyRAM.build/Debug-iphonesimulator/MyRAMUITests.build/MyRAMUITests-project-headers.hmap

WriteAuxiliaryFile /tmp/MYR175-Classify-Candidate-iOS/Build/Intermediates.noindex/MyRAM.build/Debug-iphonesimulator/MyRAMUITests.build/MyRAMUITests-own-target-headers.hmap (in target 'MyRAMUITests' from project 'MyRAM')
    cd /Users/runner/work/MyRAM-iOS/MyRAM-iOS/Candidate
    write-file /tmp/MYR175-Classify-Candidate-iOS/Build/Intermediates.noindex/MyRAM.build/Debug-iphonesimulator/MyRAMUITests.build/MyRAMUITests-own-target-headers.hmap

WriteAuxiliaryFile /tmp/MYR175-Classify-Candidate-iOS/Build/Intermediates.noindex/MyRAM.build/Debug-iphonesimulator/MyRAMUITests.build/MyRAMUITests-generated-files.hmap (in target 'MyRAMUITests' from project 'MyRAM')
    cd /Users/runner/work/MyRAM-iOS/MyRAM-iOS/Candidate
    write-file /tmp/MYR175-Classify-Candidate-iOS/Build/Intermediates.noindex/MyRAM.build/Debug-iphonesimulator/MyRAMUITests.build/MyRAMUITests-generated-files.hmap

WriteAuxiliaryFile /tmp/MYR175-Classify-Candidate-iOS/Build/Intermediates.noindex/MyRAM.build/Debug-iphonesimulator/MyRAMUITests.build/MyRAMUITests-all-target-headers.hmap (in target 'MyRAMUITests' from project 'MyRAM')
    cd /Users/runner/work/MyRAM-iOS/MyRAM-iOS/Candidate
    write-file /tmp/MYR175-Classify-Candidate-iOS/Build/Intermediates.noindex/MyRAM.build/Debug-iphonesimulator/MyRAMUITests.build/MyRAMUITests-all-target-headers.hmap

WriteAuxiliaryFile /tmp/MYR175-Classify-Candidate-iOS/Build/Intermediates.noindex/MyRAM.build/Debug-iphonesimulator/MyRAMUITests.build/MyRAMUITests-all-non-framework-target-headers.hmap (in target 'MyRAMUITests' from project 'MyRAM')
    cd /Users/runner/work/MyRAM-iOS/MyRAM-iOS/Candidate
    write-file /tmp/MYR175-Classify-Candidate-iOS/Build/Intermediates.noindex/MyRAM.build/Debug-iphonesimulator/MyRAMUITests.build/MyRAMUITests-all-non-framework-target-headers.hmap

WriteAuxiliaryFile /tmp/MYR175-Classify-Candidate-iOS/Build/Intermediates.noindex/MyRAM.build/Debug-iphonesimulator/MyRAMTests.build/empty-MyRAMTests.plist (in target 'MyRAMTests' from project 'MyRAM')
    cd /Users/runner/work/MyRAM-iOS/MyRAM-iOS/Candidate
    write-file /tmp/MYR175-Classify-Candidate-iOS/Build/Intermediates.noindex/MyRAM.build/Debug-iphonesimulator/MyRAMTests.build/empty-MyRAMTests.plist

WriteAuxiliaryFile /tmp/MYR175-Classify-Candidate-iOS/Build/Intermediates.noindex/MyRAM.build/Debug-iphonesimulator/MyRAMTests.build/Objects-normal/arm64/MyRAMTests_const_extract_protocols.json (in target 'MyRAMTests' from project 'MyRAM')
    cd /Users/runner/work/MyRAM-iOS/MyRAM-iOS/Candidate
    write-file /tmp/MYR175-Classify-Candidate-iOS/Build/Intermediates.noindex/MyRAM.build/Debug-iphonesimulator/MyRAMTests.build/Objects-normal/arm64/MyRAMTests_const_extract_protocols.json

WriteAuxiliaryFile /tmp/MYR175-Classify-Candidate-iOS/Build/Intermediates.noindex/MyRAM.build/Debug-iphonesimulator/MyRAMTests.build/Objects-normal/arm64/MyRAMTests.SwiftFileList (in target 'MyRAMTests' from project 'MyRAM')
    cd /Users/runner/work/MyRAM-iOS/MyRAM-iOS/Candidate
    write-file /tmp/MYR175-Classify-Candidate-iOS/Build/Intermediates.noindex/MyRAM.build/Debug-iphonesimulator/MyRAMTests.build/Objects-normal/arm64/MyRAMTests.SwiftFileList

WriteAuxiliaryFile /tmp/MYR175-Classify-Candidate-iOS/Build/Intermediates.noindex/MyRAM.build/Debug-iphonesimulator/MyRAMTests.build/Objects-normal/arm64/MyRAMTests.SwiftConstValuesFileList (in target 'MyRAMTests' from project 'MyRAM')
    cd /Users/runner/work/MyRAM-iOS/MyRAM-iOS/Candidate
    write-file /tmp/MYR175-Classify-Candidate-iOS/Build/Intermediates.noindex/MyRAM.build/Debug-iphonesimulator/MyRAMTests.build/Objects-normal/arm64/MyRAMTests.SwiftConstValuesFileList

WriteAuxiliaryFile /tmp/MYR175-Classify-Candidate-iOS/Build/Intermediates.noindex/MyRAM.build/Debug-iphonesimulator/MyRAMTests.build/Objects-normal/arm64/MyRAMTests.LinkFileList (in target 'MyRAMTests' from project 'MyRAM')
    cd /Users/runner/work/MyRAM-iOS/MyRAM-iOS/Candidate
    write-file /tmp/MYR175-Classify-Candidate-iOS/Build/Intermediates.noindex/MyRAM.build/Debug-iphonesimulator/MyRAMTests.build/Objects-normal/arm64/MyRAMTests.LinkFileList

WriteAuxiliaryFile /tmp/MYR175-Classify-Candidate-iOS/Build/Intermediates.noindex/MyRAM.build/Debug-iphonesimulator/MyRAMTests.build/Objects-normal/arm64/MyRAMTests-OutputFileMap.json (in target 'MyRAMTests' from project 'MyRAM')
    cd /Users/runner/work/MyRAM-iOS/MyRAM-iOS/Candidate
    write-file /tmp/MYR175-Classify-Candidate-iOS/Build/Intermediates.noindex/MyRAM.build/Debug-iphonesimulator/MyRAMTests.build/Objects-normal/arm64/MyRAMTests-OutputFileMap.json

WriteAuxiliaryFile /tmp/MYR175-Classify-Candidate-iOS/Build/Intermediates.noindex/MyRAM.build/Debug-iphonesimulator/MyRAMTests.build/MyRAMTests.hmap (in target 'MyRAMTests' from project 'MyRAM')
    cd /Users/runner/work/MyRAM-iOS/MyRAM-iOS/Candidate
    write-file /tmp/MYR175-Classify-Candidate-iOS/Build/Intermediates.noindex/MyRAM.build/Debug-iphonesimulator/MyRAMTests.build/MyRAMTests.hmap

WriteAuxiliaryFile /tmp/MYR175-Classify-Candidate-iOS/Build/Intermediates.noindex/MyRAM.build/Debug-iphonesimulator/MyRAMTests.build/MyRAMTests.DependencyStaticMetadataFileList (in target 'MyRAMTests' from project 'MyRAM')
    cd /Users/runner/work/MyRAM-iOS/MyRAM-iOS/Candidate
    write-file /tmp/MYR175-Classify-Candidate-iOS/Build/Intermediates.noindex/MyRAM.build/Debug-iphonesimulator/MyRAMTests.build/MyRAMTests.DependencyStaticMetadataFileList

WriteAuxiliaryFile /tmp/MYR175-Classify-Candidate-iOS/Build/Intermediates.noindex/MyRAM.build/Debug-iphonesimulator/MyRAMTests.build/MyRAMTests.DependencyMetadataFileList (in target 'MyRAMTests' from project 'MyRAM')
    cd /Users/runner/work/MyRAM-iOS/MyRAM-iOS/Candidate
    write-file /tmp/MYR175-Classify-Candidate-iOS/Build/Intermediates.noindex/MyRAM.build/Debug-iphonesimulator/MyRAMTests.build/MyRAMTests.DependencyMetadataFileList

WriteAuxiliaryFile /tmp/MYR175-Classify-Candidate-iOS/Build/Intermediates.noindex/MyRAM.build/Debug-iphonesimulator/MyRAMTests.build/MyRAMTests-project-headers.hmap (in target 'MyRAMTests' from project 'MyRAM')
    cd /Users/runner/work/MyRAM-iOS/MyRAM-iOS/Candidate
    write-file /tmp/MYR175-Classify-Candidate-iOS/Build/Intermediates.noindex/MyRAM.build/Debug-iphonesimulator/MyRAMTests.build/MyRAMTests-project-headers.hmap

WriteAuxiliaryFile /tmp/MYR175-Classify-Candidate-iOS/Build/Intermediates.noindex/MyRAM.build/Debug-iphonesimulator/MyRAMTests.build/MyRAMTests-own-target-headers.hmap (in target 'MyRAMTests' from project 'MyRAM')
    cd /Users/runner/work/MyRAM-iOS/MyRAM-iOS/Candidate
    write-file /tmp/MYR175-Classify-Candidate-iOS/Build/Intermediates.noindex/MyRAM.build/Debug-iphonesimulator/MyRAMTests.build/MyRAMTests-own-target-headers.hmap

WriteAuxiliaryFile /tmp/MYR175-Classify-Candidate-iOS/Build/Intermediates.noindex/MyRAM.build/Debug-iphonesimulator/MyRAMTests.build/MyRAMTests-generated-files.hmap (in target 'MyRAMTests' from project 'MyRAM')
    cd /Users/runner/work/MyRAM-iOS/MyRAM-iOS/Candidate
    write-file /tmp/MYR175-Classify-Candidate-iOS/Build/Intermediates.noindex/MyRAM.build/Debug-iphonesimulator/MyRAMTests.build/MyRAMTests-generated-files.hmap

WriteAuxiliaryFile /tmp/MYR175-Classify-Candidate-iOS/Build/Intermediates.noindex/MyRAM.build/Debug-iphonesimulator/MyRAMTests.build/MyRAMTests-all-target-headers.hmap (in target 'MyRAMTests' from project 'MyRAM')
    cd /Users/runner/work/MyRAM-iOS/MyRAM-iOS/Candidate
    write-file /tmp/MYR175-Classify-Candidate-iOS/Build/Intermediates.noindex/MyRAM.build/Debug-iphonesimulator/MyRAMTests.build/MyRAMTests-all-target-headers.hmap

WriteAuxiliaryFile /tmp/MYR175-Classify-Candidate-iOS/Build/Intermediates.noindex/MyRAM.build/Debug-iphonesimulator/MyRAMTests.build/MyRAMTests-all-non-framework-target-headers.hmap (in target 'MyRAMTests' from project 'MyRAM')
    cd /Users/runner/work/MyRAM-iOS/MyRAM-iOS/Candidate
    write-file /tmp/MYR175-Classify-Candidate-iOS/Build/Intermediates.noindex/MyRAM.build/Debug-iphonesimulator/MyRAMTests.build/MyRAMTests-all-non-framework-target-headers.hmap

WriteAuxiliaryFile /tmp/MYR175-Classify-Candidate-iOS/Build/Intermediates.noindex/MyRAM.build/Debug-iphonesimulator/MyRAM.build/Objects-normal/arm64/MyRAM_const_extract_protocols.json (in target 'MyRAM' from project 'MyRAM')
    cd /Users/runner/work/MyRAM-iOS/MyRAM-iOS/Candidate
    write-file /tmp/MYR175-Classify-Candidate-iOS/Build/Intermediates.noindex/MyRAM.build/Debug-iphonesimulator/MyRAM.build/Objects-normal/arm64/MyRAM_const_extract_protocols.json

WriteAuxiliaryFile /tmp/MYR175-Classify-Candidate-iOS/Build/Intermediates.noindex/MyRAM.build/Debug-iphonesimulator/MyRAM.build/Objects-normal/arm64/MyRAM.SwiftFileList (in target 'MyRAM' from project 'MyRAM')
    cd /Users/runner/work/MyRAM-iOS/MyRAM-iOS/Candidate
    write-file /tmp/MYR175-Classify-Candidate-iOS/Build/Intermediates.noindex/MyRAM.build/Debug-iphonesimulator/MyRAM.build/Objects-normal/arm64/MyRAM.SwiftFileList

WriteAuxiliaryFile /tmp/MYR175-Classify-Candidate-iOS/Build/Intermediates.noindex/MyRAM.build/Debug-iphonesimulator/MyRAM.build/Objects-normal/arm64/MyRAM.SwiftConstValuesFileList (in target 'MyRAM' from project 'MyRAM')
    cd /Users/runner/work/MyRAM-iOS/MyRAM-iOS/Candidate
    write-file /tmp/MYR175-Classify-Candidate-iOS/Build/Intermediates.noindex/MyRAM.build/Debug-iphonesimulator/MyRAM.build/Objects-normal/arm64/MyRAM.SwiftConstValuesFileList

WriteAuxiliaryFile /tmp/MYR175-Classify-Candidate-iOS/Build/Intermediates.noindex/MyRAM.build/Debug-iphonesimulator/MyRAM.build/Objects-normal/arm64/MyRAM.LinkFileList (in target 'MyRAM' from project 'MyRAM')
    cd /Users/runner/work/MyRAM-iOS/MyRAM-iOS/Candidate
    write-file /tmp/MYR175-Classify-Candidate-iOS/Build/Intermediates.noindex/MyRAM.build/Debug-iphonesimulator/MyRAM.build/Objects-normal/arm64/MyRAM.LinkFileList

WriteAuxiliaryFile /tmp/MYR175-Classify-Candidate-iOS/Build/Intermediates.noindex/MyRAM.build/Debug-iphonesimulator/MyRAM.build/Objects-normal/arm64/MyRAM-OutputFileMap.json (in target 'MyRAM' from project 'MyRAM')
    cd /Users/runner/work/MyRAM-iOS/MyRAM-iOS/Candidate
    write-file /tmp/MYR175-Classify-Candidate-iOS/Build/Intermediates.noindex/MyRAM.build/Debug-iphonesimulator/MyRAM.build/Objects-normal/arm64/MyRAM-OutputFileMap.json

WriteAuxiliaryFile /tmp/MYR175-Classify-Candidate-iOS/Build/Intermediates.noindex/MyRAM.build/Debug-iphonesimulator/MyRAM.build/MyRAM.hmap (in target 'MyRAM' from project 'MyRAM')
    cd /Users/runner/work/MyRAM-iOS/MyRAM-iOS/Candidate
    write-file /tmp/MYR175-Classify-Candidate-iOS/Build/Intermediates.noindex/MyRAM.build/Debug-iphonesimulator/MyRAM.build/MyRAM.hmap

WriteAuxiliaryFile /tmp/MYR175-Classify-Candidate-iOS/Build/Intermediates.noindex/MyRAM.build/Debug-iphonesimulator/MyRAM.build/MyRAM.DependencyStaticMetadataFileList (in target 'MyRAM' from project 'MyRAM')
    cd /Users/runner/work/MyRAM-iOS/MyRAM-iOS/Candidate
    write-file /tmp/MYR175-Classify-Candidate-iOS/Build/Intermediates.noindex/MyRAM.build/Debug-iphonesimulator/MyRAM.build/MyRAM.DependencyStaticMetadataFileList

WriteAuxiliaryFile /tmp/MYR175-Classify-Candidate-iOS/Build/Intermediates.noindex/MyRAM.build/Debug-iphonesimulator/MyRAM.build/MyRAM.DependencyMetadataFileList (in target 'MyRAM' from project 'MyRAM')
    cd /Users/runner/work/MyRAM-iOS/MyRAM-iOS/Candidate
    write-file /tmp/MYR175-Classify-Candidate-iOS/Build/Intermediates.noindex/MyRAM.build/Debug-iphonesimulator/MyRAM.build/MyRAM.DependencyMetadataFileList

WriteAuxiliaryFile /tmp/MYR175-Classify-Candidate-iOS/Build/Intermediates.noindex/MyRAM.build/Debug-iphonesimulator/MyRAM.build/MyRAM-project-headers.hmap (in target 'MyRAM' from project 'MyRAM')
    cd /Users/runner/work/MyRAM-iOS/MyRAM-iOS/Candidate
    write-file /tmp/MYR175-Classify-Candidate-iOS/Build/Intermediates.noindex/MyRAM.build/Debug-iphonesimulator/MyRAM.build/MyRAM-project-headers.hmap

WriteAuxiliaryFile /tmp/MYR175-Classify-Candidate-iOS/Build/Intermediates.noindex/MyRAM.build/Debug-iphonesimulator/MyRAM.build/MyRAM-own-target-headers.hmap (in target 'MyRAM' from project 'MyRAM')
    cd /Users/runner/work/MyRAM-iOS/MyRAM-iOS/Candidate
    write-file /tmp/MYR175-Classify-Candidate-iOS/Build/Intermediates.noindex/MyRAM.build/Debug-iphonesimulator/MyRAM.build/MyRAM-own-target-headers.hmap

WriteAuxiliaryFile /tmp/MYR175-Classify-Candidate-iOS/Build/Intermediates.noindex/MyRAM.build/Debug-iphonesimulator/MyRAM.build/MyRAM-generated-files.hmap (in target 'MyRAM' from project 'MyRAM')
    cd /Users/runner/work/MyRAM-iOS/MyRAM-iOS/Candidate
    write-file /tmp/MYR175-Classify-Candidate-iOS/Build/Intermediates.noindex/MyRAM.build/Debug-iphonesimulator/MyRAM.build/MyRAM-generated-files.hmap

WriteAuxiliaryFile /tmp/MYR175-Classify-Candidate-iOS/Build/Intermediates.noindex/MyRAM.build/Debug-iphonesimulator/MyRAM.build/MyRAM-all-target-headers.hmap (in target 'MyRAM' from project 'MyRAM')
    cd /Users/runner/work/MyRAM-iOS/MyRAM-iOS/Candidate
    write-file /tmp/MYR175-Classify-Candidate-iOS/Build/Intermediates.noindex/MyRAM.build/Debug-iphonesimulator/MyRAM.build/MyRAM-all-target-headers.hmap

WriteAuxiliaryFile /tmp/MYR175-Classify-Candidate-iOS/Build/Intermediates.noindex/MyRAM.build/Debug-iphonesimulator/MyRAM.build/MyRAM-all-non-framework-target-headers.hmap (in target 'MyRAM' from project 'MyRAM')
    cd /Users/runner/work/MyRAM-iOS/MyRAM-iOS/Candidate
    write-file /tmp/MYR175-Classify-Candidate-iOS/Build/Intermediates.noindex/MyRAM.build/Debug-iphonesimulator/MyRAM.build/MyRAM-all-non-framework-target-headers.hmap

WriteAuxiliaryFile /tmp/MYR175-Classify-Candidate-iOS/Build/Intermediates.noindex/MyRAM.build/Debug-iphonesimulator/MyRAM.build/MyRAM-DebugDylibPath-normal-arm64.txt (in target 'MyRAM' from project 'MyRAM')
    cd /Users/runner/work/MyRAM-iOS/MyRAM-iOS/Candidate
    write-file /tmp/MYR175-Classify-Candidate-iOS/Build/Intermediates.noindex/MyRAM.build/Debug-iphonesimulator/MyRAM.build/MyRAM-DebugDylibPath-normal-arm64.txt

WriteAuxiliaryFile /tmp/MYR175-Classify-Candidate-iOS/Build/Intermediates.noindex/MyRAM.build/Debug-iphonesimulator/MyRAM.build/MyRAM-DebugDylibInstallName-normal-arm64.txt (in target 'MyRAM' from project 'MyRAM')
    cd /Users/runner/work/MyRAM-iOS/MyRAM-iOS/Candidate
    write-file /tmp/MYR175-Classify-Candidate-iOS/Build/Intermediates.noindex/MyRAM.build/Debug-iphonesimulator/MyRAM.build/MyRAM-DebugDylibInstallName-normal-arm64.txt

WriteAuxiliaryFile /tmp/MYR175-Classify-Candidate-iOS/Build/Intermediates.noindex/AnchoredSequenceCore.build/Debug-iphonesimulator/AnchoredSequenceCore.build/Objects-normal/arm64/AnchoredSequenceCore_const_extract_protocols.json (in target 'AnchoredSequenceCore' from project 'AnchoredSequenceCore')
    cd /Users/runner/work/MyRAM-iOS/MyRAM-iOS/Candidate/Packages/AnchoredSequenceCore
    write-file /tmp/MYR175-Classify-Candidate-iOS/Build/Intermediates.noindex/AnchoredSequenceCore.build/Debug-iphonesimulator/AnchoredSequenceCore.build/Objects-normal/arm64/AnchoredSequenceCore_const_extract_protocols.json

WriteAuxiliaryFile /tmp/MYR175-Classify-Candidate-iOS/Build/Intermediates.noindex/AnchoredSequenceCore.build/Debug-iphonesimulator/AnchoredSequenceCore.build/Objects-normal/arm64/AnchoredSequenceCore.SwiftFileList (in target 'AnchoredSequenceCore' from project 'AnchoredSequenceCore')
    cd /Users/runner/work/MyRAM-iOS/MyRAM-iOS/Candidate/Packages/AnchoredSequenceCore
    write-file /tmp/MYR175-Classify-Candidate-iOS/Build/Intermediates.noindex/AnchoredSequenceCore.build/Debug-iphonesimulator/AnchoredSequenceCore.build/Objects-normal/arm64/AnchoredSequenceCore.SwiftFileList

WriteAuxiliaryFile /tmp/MYR175-Classify-Candidate-iOS/Build/Intermediates.noindex/AnchoredSequenceCore.build/Debug-iphonesimulator/AnchoredSequenceCore.build/Objects-normal/arm64/AnchoredSequenceCore.SwiftConstValuesFileList (in target 'AnchoredSequenceCore' from project 'AnchoredSequenceCore')
    cd /Users/runner/work/MyRAM-iOS/MyRAM-iOS/Candidate/Packages/AnchoredSequenceCore
    write-file /tmp/MYR175-Classify-Candidate-iOS/Build/Intermediates.noindex/AnchoredSequenceCore.build/Debug-iphonesimulator/AnchoredSequenceCore.build/Objects-normal/arm64/AnchoredSequenceCore.SwiftConstValuesFileList

WriteAuxiliaryFile /tmp/MYR175-Classify-Candidate-iOS/Build/Intermediates.noindex/AnchoredSequenceCore.build/Debug-iphonesimulator/AnchoredSequenceCore.build/Objects-normal/arm64/AnchoredSequenceCore.LinkFileList (in target 'AnchoredSequenceCore' from project 'AnchoredSequenceCore')
    cd /Users/runner/work/MyRAM-iOS/MyRAM-iOS/Candidate/Packages/AnchoredSequenceCore
    write-file /tmp/MYR175-Classify-Candidate-iOS/Build/Intermediates.noindex/AnchoredSequenceCore.build/Debug-iphonesimulator/AnchoredSequenceCore.build/Objects-normal/arm64/AnchoredSequenceCore.LinkFileList

WriteAuxiliaryFile /tmp/MYR175-Classify-Candidate-iOS/Build/Intermediates.noindex/AnchoredSequenceCore.build/Debug-iphonesimulator/AnchoredSequenceCore.build/Objects-normal/arm64/AnchoredSequenceCore-OutputFileMap.json (in target 'AnchoredSequenceCore' from project 'AnchoredSequenceCore')
    cd /Users/runner/work/MyRAM-iOS/MyRAM-iOS/Candidate/Packages/AnchoredSequenceCore
    write-file /tmp/MYR175-Classify-Candidate-iOS/Build/Intermediates.noindex/AnchoredSequenceCore.build/Debug-iphonesimulator/AnchoredSequenceCore.build/Objects-normal/arm64/AnchoredSequenceCore-OutputFileMap.json

WriteAuxiliaryFile /tmp/MYR175-Classify-Candidate-iOS/Build/Intermediates.noindex/AnchoredSequenceCore.build/Debug-iphonesimulator/AnchoredSequenceCore.build/AnchoredSequenceCore.modulemap (in target 'AnchoredSequenceCore' from project 'AnchoredSequenceCore')
    cd /Users/runner/work/MyRAM-iOS/MyRAM-iOS/Candidate/Packages/AnchoredSequenceCore
    write-file /tmp/MYR175-Classify-Candidate-iOS/Build/Intermediates.noindex/AnchoredSequenceCore.build/Debug-iphonesimulator/AnchoredSequenceCore.build/AnchoredSequenceCore.modulemap

WriteAuxiliaryFile /tmp/MYR175-Classify-Candidate-iOS/Build/Intermediates.noindex/AnchoredSequenceCore.build/Debug-iphonesimulator/AnchoredSequenceCore.build/AnchoredSequenceCore.DependencyStaticMetadataFileList (in target 'AnchoredSequenceCore' from project 'AnchoredSequenceCore')
    cd /Users/runner/work/MyRAM-iOS/MyRAM-iOS/Candidate/Packages/AnchoredSequenceCore
    write-file /tmp/MYR175-Classify-Candidate-iOS/Build/Intermediates.noindex/AnchoredSequenceCore.build/Debug-iphonesimulator/AnchoredSequenceCore.build/AnchoredSequenceCore.DependencyStaticMetadataFileList

WriteAuxiliaryFile /tmp/MYR175-Classify-Candidate-iOS/Build/Intermediates.noindex/AnchoredSequenceCore.build/Debug-iphonesimulator/AnchoredSequenceCore.build/AnchoredSequenceCore.DependencyMetadataFileList (in target 'AnchoredSequenceCore' from project 'AnchoredSequenceCore')
    cd /Users/runner/work/MyRAM-iOS/MyRAM-iOS/Candidate/Packages/AnchoredSequenceCore
    write-file /tmp/MYR175-Classify-Candidate-iOS/Build/Intermediates.noindex/AnchoredSequenceCore.build/Debug-iphonesimulator/AnchoredSequenceCore.build/AnchoredSequenceCore.DependencyMetadataFileList

WriteAuxiliaryFile /tmp/MYR175-Classify-Candidate-iOS/Build/Intermediates.noindex/AnchoredSequenceCore.build/Debug-iphonesimulator/AnchoredSequenceCore\ product.build/empty-AnchoredSequenceCore_-65B9EEE52AB2106_PackageProduct.plist (in target 'AnchoredSequenceCore' from project 'AnchoredSequenceCore')
    cd /Users/runner/work/MyRAM-iOS/MyRAM-iOS/Candidate/Packages/AnchoredSequenceCore
    write-file /tmp/MYR175-Classify-Candidate-iOS/Build/Intermediates.noindex/AnchoredSequenceCore.build/Debug-iphonesimulator/AnchoredSequenceCore\ product.build/empty-AnchoredSequenceCore_-65B9EEE52AB2106_PackageProduct.plist

Copy /tmp/MYR175-Classify-Candidate-iOS/Build/Intermediates.noindex/GeneratedModuleMaps-iphonesimulator/AnchoredSequenceCore.modulemap /tmp/MYR175-Classify-Candidate-iOS/Build/Intermediates.noindex/AnchoredSequenceCore.build/Debug-iphonesimulator/AnchoredSequenceCore.build/AnchoredSequenceCore.modulemap (in target 'AnchoredSequenceCore' from project 'AnchoredSequenceCore')
    cd /Users/runner/work/MyRAM-iOS/MyRAM-iOS/Candidate/Packages/AnchoredSequenceCore
    builtin-copy -exclude .DS_Store -exclude CVS -exclude .svn -exclude .git -exclude .hg -resolve-src-symlinks /tmp/MYR175-Classify-Candidate-iOS/Build/Intermediates.noindex/AnchoredSequenceCore.build/Debug-iphonesimulator/AnchoredSequenceCore.build/AnchoredSequenceCore.modulemap /tmp/MYR175-Classify-Candidate-iOS/Build/Intermediates.noindex/GeneratedModuleMaps-iphonesimulator

WriteAuxiliaryFile /tmp/MYR175-Classify-Candidate-iOS/Build/Intermediates.noindex/AnchoredSequenceCore.build/Debug-iphonesimulator/AnchoredSequenceCore\ product.build/Objects-normal/arm64/AnchoredSequenceCore_-65B9EEE52AB2106_PackageProduct.LinkFileList (in target 'AnchoredSequenceCore' from project 'AnchoredSequenceCore')
    cd /Users/runner/work/MyRAM-iOS/MyRAM-iOS/Candidate/Packages/AnchoredSequenceCore
    write-file /tmp/MYR175-Classify-Candidate-iOS/Build/Intermediates.noindex/AnchoredSequenceCore.build/Debug-iphonesimulator/AnchoredSequenceCore\ product.build/Objects-normal/arm64/AnchoredSequenceCore_-65B9EEE52AB2106_PackageProduct.LinkFileList

WriteAuxiliaryFile /tmp/MYR175-Classify-Candidate-iOS/Build/Intermediates.noindex/AnchoredSequenceCore.build/Debug-iphonesimulator/AnchoredSequenceCore\ product.build/AnchoredSequenceCore_-65B9EEE52AB2106_PackageProduct.DependencyStaticMetadataFileList (in target 'AnchoredSequenceCore' from project 'AnchoredSequenceCore')
    cd /Users/runner/work/MyRAM-iOS/MyRAM-iOS/Candidate/Packages/AnchoredSequenceCore
    write-file /tmp/MYR175-Classify-Candidate-iOS/Build/Intermediates.noindex/AnchoredSequenceCore.build/Debug-iphonesimulator/AnchoredSequenceCore\ product.build/AnchoredSequenceCore_-65B9EEE52AB2106_PackageProduct.DependencyStaticMetadataFileList

WriteAuxiliaryFile /tmp/MYR175-Classify-Candidate-iOS/Build/Intermediates.noindex/AnchoredSequenceCore.build/Debug-iphonesimulator/AnchoredSequenceCore\ product.build/AnchoredSequenceCore_-65B9EEE52AB2106_PackageProduct.DependencyMetadataFileList (in target 'AnchoredSequenceCore' from project 'AnchoredSequenceCore')
    cd /Users/runner/work/MyRAM-iOS/MyRAM-iOS/Candidate/Packages/AnchoredSequenceCore
    write-file /tmp/MYR175-Classify-Candidate-iOS/Build/Intermediates.noindex/AnchoredSequenceCore.build/Debug-iphonesimulator/AnchoredSequenceCore\ product.build/AnchoredSequenceCore_-65B9EEE52AB2106_PackageProduct.DependencyMetadataFileList

MkDir /tmp/MYR175-Classify-Candidate-iOS/Build/Products/Debug-iphonesimulator/MyRAMWidgetExtension.appex (in target 'MyRAMWidgetExtension' from project 'MyRAM')
    cd /Users/runner/work/MyRAM-iOS/MyRAM-iOS/Candidate
    /bin/mkdir -p /tmp/MYR175-Classify-Candidate-iOS/Build/Products/Debug-iphonesimulator/MyRAMWidgetExtension.appex

MkDir /tmp/MYR175-Classify-Candidate-iOS/Build/Products/Debug-iphonesimulator/MyRAMUITests-Runner.app/PlugIns/MyRAMUITests.xctest (in target 'MyRAMUITests' from project 'MyRAM')
    cd /Users/runner/work/MyRAM-iOS/MyRAM-iOS/Candidate
    /bin/mkdir -p /tmp/MYR175-Classify-Candidate-iOS/Build/Products/Debug-iphonesimulator/MyRAMUITests-Runner.app/PlugIns/MyRAMUITests.xctest

MkDir /tmp/MYR175-Classify-Candidate-iOS/Build/Products/Debug-iphonesimulator/MyRAM.app/PlugIns/MyRAMTests.xctest/Frameworks (in target 'MyRAMTests' from project 'MyRAM')
    cd /Users/runner/work/MyRAM-iOS/MyRAM-iOS/Candidate
    /bin/mkdir -p /tmp/MYR175-Classify-Candidate-iOS/Build/Products/Debug-iphonesimulator/MyRAM.app/PlugIns/MyRAMTests.xctest/Frameworks

MkDir /tmp/MYR175-Classify-Candidate-iOS/Build/Products/Debug-iphonesimulator/MyRAM.app/PlugIns/MyRAMTests.xctest (in target 'MyRAMTests' from project 'MyRAM')
    cd /Users/runner/work/MyRAM-iOS/MyRAM-iOS/Candidate
    /bin/mkdir -p /tmp/MYR175-Classify-Candidate-iOS/Build/Products/Debug-iphonesimulator/MyRAM.app/PlugIns/MyRAMTests.xctest

MkDir /tmp/MYR175-Classify-Candidate-iOS/Build/Products/Debug-iphonesimulator/MyRAM.app/PlugIns (in target 'MyRAM' from project 'MyRAM')
    cd /Users/runner/work/MyRAM-iOS/MyRAM-iOS/Candidate
    /bin/mkdir -p /tmp/MYR175-Classify-Candidate-iOS/Build/Products/Debug-iphonesimulator/MyRAM.app/PlugIns

MkDir /tmp/MYR175-Classify-Candidate-iOS/Build/Products/Debug-iphonesimulator/MyRAM.app/Frameworks (in target 'MyRAM' from project 'MyRAM')
    cd /Users/runner/work/MyRAM-iOS/MyRAM-iOS/Candidate
    /bin/mkdir -p /tmp/MYR175-Classify-Candidate-iOS/Build/Products/Debug-iphonesimulator/MyRAM.app/Frameworks

MkDir /tmp/MYR175-Classify-Candidate-iOS/Build/Products/Debug-iphonesimulator/MyRAM.app (in target 'MyRAM' from project 'MyRAM')
    cd /Users/runner/work/MyRAM-iOS/MyRAM-iOS/Candidate
    /bin/mkdir -p /tmp/MYR175-Classify-Candidate-iOS/Build/Products/Debug-iphonesimulator/MyRAM.app

MkDir /tmp/MYR175-Classify-Candidate-iOS/Build/Products/Debug-iphonesimulator/PackageFrameworks/AnchoredSequenceCore_-65B9EEE52AB2106_PackageProduct.framework (in target 'AnchoredSequenceCore' from project 'AnchoredSequenceCore')
    cd /Users/runner/work/MyRAM-iOS/MyRAM-iOS/Candidate/Packages/AnchoredSequenceCore
    /bin/mkdir -p /tmp/MYR175-Classify-Candidate-iOS/Build/Products/Debug-iphonesimulator/PackageFrameworks/AnchoredSequenceCore_-65B9EEE52AB2106_PackageProduct.framework

Ld /tmp/MYR175-Classify-Candidate-iOS/Build/Products/Debug-iphonesimulator/MyRAMWidgetExtension.appex/__preview.dylib normal (in target 'MyRAMWidgetExtension' from project 'MyRAM')
    cd /Users/runner/work/MyRAM-iOS/MyRAM-iOS/Candidate
    /Applications/Xcode_26.5.app/Contents/Developer/Toolchains/XcodeDefault.xctoolchain/usr/bin/clang -Xlinker -reproducible -target arm64-apple-ios17.0-simulator -dynamiclib -isysroot /Applications/Xcode_26.5.app/Contents/Developer/Platforms/iPhoneSimulator.platform/Developer/SDKs/iPhoneSimulator26.5.sdk -O0 -L/tmp/MYR175-Classify-Candidate-iOS/Build/Products/Debug-iphonesimulator -F/tmp/MYR175-Classify-Candidate-iOS/Build/Products/Debug-iphonesimulator -install_name @rpath/MyRAMWidgetExtension.debug.dylib -Xlinker -dead_strip -rdynamic -Xlinker -no_deduplicate -Xlinker -objc_abi_version -Xlinker 2 -Xlinker -dependency_info -Xlinker /tmp/MYR175-Classify-Candidate-iOS/Build/Intermediates.noindex/MyRAM.build/Debug-iphonesimulator/MyRAMWidgetExtension.build/Objects-normal/arm64/MyRAMWidgetExtension_dependency_info.dat -o /tmp/MYR175-Classify-Candidate-iOS/Build/Products/Debug-iphonesimulator/MyRAMWidgetExtension.appex/__preview.dylib

MkDir /tmp/MYR175-Classify-Candidate-iOS/Build/Intermediates.noindex/MyRAM.build/Debug-iphonesimulator/MyRAMWidgetExtension.build/assetcatalog_output/unthinned (in target 'MyRAMWidgetExtension' from project 'MyRAM')
    cd /Users/runner/work/MyRAM-iOS/MyRAM-iOS/Candidate
    /bin/mkdir -p /tmp/MYR175-Classify-Candidate-iOS/Build/Intermediates.noindex/MyRAM.build/Debug-iphonesimulator/MyRAMWidgetExtension.build/assetcatalog_output/unthinned

MkDir /tmp/MYR175-Classify-Candidate-iOS/Build/Intermediates.noindex/MyRAM.build/Debug-iphonesimulator/MyRAMWidgetExtension.build/assetcatalog_output/thinned (in target 'MyRAMWidgetExtension' from project 'MyRAM')
    cd /Users/runner/work/MyRAM-iOS/MyRAM-iOS/Candidate
    /bin/mkdir -p /tmp/MYR175-Classify-Candidate-iOS/Build/Intermediates.noindex/MyRAM.build/Debug-iphonesimulator/MyRAMWidgetExtension.build/assetcatalog_output/thinned

GenerateAssetSymbols /Users/runner/work/MyRAM-iOS/MyRAM-iOS/Candidate/MyRAMWidget/Assets.xcassets (in target 'MyRAMWidgetExtension' from project 'MyRAM')
    cd /Users/runner/work/MyRAM-iOS/MyRAM-iOS/Candidate
    /Applications/Xcode_26.5.app/Contents/Developer/usr/bin/actool /Users/runner/work/MyRAM-iOS/MyRAM-iOS/Candidate/MyRAMWidget/Assets.xcassets --compile /tmp/MYR175-Classify-Candidate-iOS/Build/Products/Debug-iphonesimulator/MyRAMWidgetExtension.appex --output-format human-readable-text --notices --warnings --export-dependency-info /tmp/MYR175-Classify-Candidate-iOS/Build/Intermediates.noindex/MyRAM.build/Debug-iphonesimulator/MyRAMWidgetExtension.build/assetcatalog_dependencies --output-partial-info-plist /tmp/MYR175-Classify-Candidate-iOS/Build/Intermediates.noindex/MyRAM.build/Debug-iphonesimulator/MyRAMWidgetExtension.build/assetcatalog_generated_info.plist --accent-color AccentColor --widget-background-color WidgetBackground --compress-pngs --enable-on-demand-resources NO --standalone-icon-behavior all --development-region en --target-device iphone --target-device ipad --minimum-deployment-target 17.0 --platform iphonesimulator --bundle-identifier com.northsignalstudio.myram.dev.widget --generate-swift-asset-symbols /tmp/MYR175-Classify-Candidate-iOS/Build/Intermediates.noindex/MyRAM.build/Debug-iphonesimulator/MyRAMWidgetExtension.build/DerivedSources/GeneratedAssetSymbols.swift --generate-objc-asset-symbols /tmp/MYR175-Classify-Candidate-iOS/Build/Intermediates.noindex/MyRAM.build/Debug-iphonesimulator/MyRAMWidgetExtension.build/DerivedSources/GeneratedAssetSymbols.h --generate-asset-symbol-index /tmp/MYR175-Classify-Candidate-iOS/Build/Intermediates.noindex/MyRAM.build/Debug-iphonesimulator/MyRAMWidgetExtension.build/DerivedSources/GeneratedAssetSymbols-Index.plist
/* com.apple.actool.compilation-results */
/tmp/MYR175-Classify-Candidate-iOS/Build/Intermediates.noindex/MyRAM.build/Debug-iphonesimulator/MyRAMWidgetExtension.build/DerivedSources/GeneratedAssetSymbols-Index.plist
/tmp/MYR175-Classify-Candidate-iOS/Build/Intermediates.noindex/MyRAM.build/Debug-iphonesimulator/MyRAMWidgetExtension.build/DerivedSources/GeneratedAssetSymbols.h
/tmp/MYR175-Classify-Candidate-iOS/Build/Intermediates.noindex/MyRAM.build/Debug-iphonesimulator/MyRAMWidgetExtension.build/DerivedSources/GeneratedAssetSymbols.swift


CompileAssetCatalogVariant thinned /tmp/MYR175-Classify-Candidate-iOS/Build/Products/Debug-iphonesimulator/MyRAMWidgetExtension.appex /Users/runner/work/MyRAM-iOS/MyRAM-iOS/Candidate/MyRAMWidget/Assets.xcassets (in target 'MyRAMWidgetExtension' from project 'MyRAM')
    cd /Users/runner/work/MyRAM-iOS/MyRAM-iOS/Candidate
    /Applications/Xcode_26.5.app/Contents/Developer/usr/bin/actool /Users/runner/work/MyRAM-iOS/MyRAM-iOS/Candidate/MyRAMWidget/Assets.xcassets --compile /tmp/MYR175-Classify-Candidate-iOS/Build/Intermediates.noindex/MyRAM.build/Debug-iphonesimulator/MyRAMWidgetExtension.build/assetcatalog_output/thinned --output-format human-readable-text --notices --warnings --export-dependency-info /tmp/MYR175-Classify-Candidate-iOS/Build/Intermediates.noindex/MyRAM.build/Debug-iphonesimulator/MyRAMWidgetExtension.build/assetcatalog_dependencies_thinned --output-partial-info-plist /tmp/MYR175-Classify-Candidate-iOS/Build/Intermediates.noindex/MyRAM.build/Debug-iphonesimulator/MyRAMWidgetExtension.build/assetcatalog_generated_info.plist_thinned --accent-color AccentColor --widget-background-color WidgetBackground --compress-pngs --enable-on-demand-resources NO --standalone-icon-behavior all --filter-for-thinning-device-configuration iPhone18,3 --filter-for-device-os-version 26.5 --development-region en --target-device iphone --target-device ipad --minimum-deployment-target 17.0 --platform iphonesimulator
/* com.apple.actool.compilation-results */
/tmp/MYR175-Classify-Candidate-iOS/Build/Intermediates.noindex/MyRAM.build/Debug-iphonesimulator/MyRAMWidgetExtension.build/assetcatalog_generated_info.plist_thinned


LinkAssetCatalog /Users/runner/work/MyRAM-iOS/MyRAM-iOS/Candidate/MyRAMWidget/Assets.xcassets (in target 'MyRAMWidgetExtension' from project 'MyRAM')
    cd /Users/runner/work/MyRAM-iOS/MyRAM-iOS/Candidate
    builtin-linkAssetCatalog --thinned /tmp/MYR175-Classify-Candidate-iOS/Build/Intermediates.noindex/MyRAM.build/Debug-iphonesimulator/MyRAMWidgetExtension.build/assetcatalog_output/thinned --thinned-dependencies /tmp/MYR175-Classify-Candidate-iOS/Build/Intermediates.noindex/MyRAM.build/Debug-iphonesimulator/MyRAMWidgetExtension.build/assetcatalog_dependencies_thinned --thinned-info-plist-content /tmp/MYR175-Classify-Candidate-iOS/Build/Intermediates.noindex/MyRAM.build/Debug-iphonesimulator/MyRAMWidgetExtension.build/assetcatalog_generated_info.plist_thinned --unthinned /tmp/MYR175-Classify-Candidate-iOS/Build/Intermediates.noindex/MyRAM.build/Debug-iphonesimulator/MyRAMWidgetExtension.build/assetcatalog_output/unthinned --unthinned-dependencies /tmp/MYR175-Classify-Candidate-iOS/Build/Intermediates.noindex/MyRAM.build/Debug-iphonesimulator/MyRAMWidgetExtension.build/assetcatalog_dependencies_unthinned --unthinned-info-plist-content /tmp/MYR175-Classify-Candidate-iOS/Build/Intermediates.noindex/MyRAM.build/Debug-iphonesimulator/MyRAMWidgetExtension.build/assetcatalog_generated_info.plist_unthinned --output /tmp/MYR175-Classify-Candidate-iOS/Build/Products/Debug-iphonesimulator/MyRAMWidgetExtension.appex --plist-output /tmp/MYR175-Classify-Candidate-iOS/Build/Intermediates.noindex/MyRAM.build/Debug-iphonesimulator/MyRAMWidgetExtension.build/assetcatalog_generated_info.plist

ProcessInfoPlistFile /tmp/MYR175-Classify-Candidate-iOS/Build/Products/Debug-iphonesimulator/MyRAMWidgetExtension.appex/Info.plist /Users/runner/work/MyRAM-iOS/MyRAM-iOS/Candidate/MyRAMWidget/Info.plist (in target 'MyRAMWidgetExtension' from project 'MyRAM')
    cd /Users/runner/work/MyRAM-iOS/MyRAM-iOS/Candidate
    builtin-infoPlistUtility /Users/runner/work/MyRAM-iOS/MyRAM-iOS/Candidate/MyRAMWidget/Info.plist -producttype com.apple.product-type.app-extension -expandbuildsettings -format binary -platform iphonesimulator -additionalcontentfile /tmp/MYR175-Classify-Candidate-iOS/Build/Intermediates.noindex/MyRAM.build/Debug-iphonesimulator/MyRAMWidgetExtension.build/assetcatalog_generated_info.plist -o /tmp/MYR175-Classify-Candidate-iOS/Build/Products/Debug-iphonesimulator/MyRAMWidgetExtension.appex/Info.plist

SwiftDriver NearbySyncCore normal arm64 com.apple.xcode.tools.swift.compiler (in target 'NearbySyncCore' from project 'NearbySyncCore')
    cd /Users/runner/work/MyRAM-iOS/MyRAM-iOS/Candidate/MyRAM.xcodeproj
    builtin-SwiftDriver -- /Applications/Xcode_26.5.app/Contents/Developer/Toolchains/XcodeDefault.xctoolchain/usr/bin/swiftc -module-name NearbySyncCore -Onone @/tmp/MYR175-Classify-Candidate-iOS/Build/Intermediates.noindex/NearbySyncCore.build/Debug-iphonesimulator/NearbySyncCore.build/Objects-normal/arm64/NearbySyncCore.SwiftFileList -DSWIFT_PACKAGE -DDEBUG -DSWIFT_MODULE_RESOURCE_BUNDLE_UNAVAILABLE -DXcode -plugin-path /Applications/Xcode_26.5.app/Contents/Developer/Toolchains/XcodeDefault.xctoolchain/usr/lib/swift/host/plugins/testing -enable-experimental-feature DebugDescriptionMacro -sdk /Applications/Xcode_26.5.app/Contents/Developer/Platforms/iPhoneSimulator.platform/Developer/SDKs/iPhoneSimulator26.5.sdk -target arm64-apple-ios17.0-simulator -g -module-cache-path /tmp/MYR175-Classify-Candidate-iOS/ModuleCache.noindex -Xfrontend -serialize-debugging-options -enable-testing -suppress-warnings -index-store-path /tmp/MYR175-Classify-Candidate-iOS/Index.noindex/DataStore -Xcc -D_LIBCPP_HARDENING_MODE\=_LIBCPP_HARDENING_MODE_DEBUG -swift-version 5 -I /tmp/MYR175-Classify-Candidate-iOS/Build/Products/Debug-iphonesimulator -Isystem /Applications/Xcode_26.5.app/Contents/Developer/Platforms/iPhoneSimulator.platform/Developer/usr/lib -F /tmp/MYR175-Classify-Candidate-iOS/Build/Products/Debug-iphonesimulator -F /Applications/Xcode_26.5.app/Contents/Developer/Platforms/iPhoneSimulator.platform/Developer/Library/Frameworks -F /Applications/Xcode_26.5.app/Contents/Developer/Platforms/iPhoneSimulator.platform/Developer/SDKs/iPhoneSimulator26.5.sdk/Developer/Library/Frameworks -c -j3 -enable-batch-mode -incremental -Xcc -ivfsstatcache -Xcc /tmp/MYR175-Classify-Candidate-iOS/SDKStatCaches.noindex/iphonesimulator26.5-23F73-688ef53f1462e2c8f657fdc38a81448ffb7d586738ff35573a713a18216ade27.sdkstatcache -output-file-map /tmp/MYR175-Classify-Candidate-iOS/Build/Intermediates.noindex/NearbySyncCore.build/Debug-iphonesimulator/NearbySyncCore.build/Objects-normal/arm64/NearbySyncCore-OutputFileMap.json -use-frontend-parseable-output -save-temps -no-color-diagnostics -explicit-module-build -module-cache-path /tmp/MYR175-Classify-Candidate-iOS/Build/Intermediates.noindex/SwiftExplicitPrecompiledModules -clang-scanner-module-cache-path /tmp/MYR175-Classify-Candidate-iOS/ModuleCache.noindex -sdk-module-cache-path /tmp/MYR175-Classify-Candidate-iOS/ModuleCache.noindex -serialize-diagnostics -emit-dependencies -emit-module -emit-module-path /tmp/MYR175-Classify-Candidate-iOS/Build/Intermediates.noindex/NearbySyncCore.build/Debug-iphonesimulator/NearbySyncCore.build/Objects-normal/arm64/NearbySyncCore.swiftmodule -validate-clang-modules-once -clang-build-session-file /tmp/MYR175-Classify-Candidate-iOS/ModuleCache.noindex/Session.modulevalidation -package-name nearbysynccore -Xcc -I/tmp/MYR175-Classify-Candidate-iOS/Build/Intermediates.noindex/NearbySyncCore.build/Debug-iphonesimulator/NearbySyncCore.build/swift-overrides.hmap -emit-const-values -Xfrontend -const-gather-protocols-file -Xfrontend /tmp/MYR175-Classify-Candidate-iOS/Build/Intermediates.noindex/NearbySyncCore.build/Debug-iphonesimulator/NearbySyncCore.build/Objects-normal/arm64/NearbySyncCore_const_extract_protocols.json -Xcc -I/tmp/MYR175-Classify-Candidate-iOS/Build/Products/Debug-iphonesimulator/include -Xcc -I/tmp/MYR175-Classify-Candidate-iOS/Build/Intermediates.noindex/NearbySyncCore.build/Debug-iphonesimulator/NearbySyncCore.build/DerivedSources-normal/arm64 -Xcc -I/tmp/MYR175-Classify-Candidate-iOS/Build/Intermediates.noindex/NearbySyncCore.build/Debug-iphonesimulator/NearbySyncCore.build/DerivedSources/arm64 -Xcc -I/tmp/MYR175-Classify-Candidate-iOS/Build/Intermediates.noindex/NearbySyncCore.build/Debug-iphonesimulator/NearbySyncCore.build/DerivedSources -Xcc -DSWIFT_PACKAGE -Xcc -DDEBUG\=1 -emit-objc-header -emit-objc-header-path /tmp/MYR175-Classify-Candidate-iOS/Build/Intermediates.noindex/NearbySyncCore.build/Debug-iphonesimulator/NearbySyncCore.build/Objects-normal/arm64/NearbySyncCore-Swift.h -working-directory /Users/runner/work/MyRAM-iOS/MyRAM-iOS/Candidate/MyRAM.xcodeproj -experimental-emit-module-separately -disable-cmo

SwiftDriver MyRAMWidgetExtension normal arm64 com.apple.xcode.tools.swift.compiler (in target 'MyRAMWidgetExtension' from project 'MyRAM')
    cd /Users/runner/work/MyRAM-iOS/MyRAM-iOS/Candidate
    builtin-SwiftDriver -- /Applications/Xcode_26.5.app/Contents/Developer/Toolchains/XcodeDefault.xctoolchain/usr/bin/swiftc -module-name MyRAMWidgetExtension -Onone @/tmp/MYR175-Classify-Candidate-iOS/Build/Intermediates.noindex/MyRAM.build/Debug-iphonesimulator/MyRAMWidgetExtension.build/Objects-normal/arm64/MyRAMWidgetExtension.SwiftFileList -DDEBUG -enable-bare-slash-regex -enable-upcoming-feature DisableOutwardActorInference -enable-upcoming-feature InferSendableFromCaptures -enable-upcoming-feature GlobalActorIsolatedTypesUsability -enable-upcoming-feature MemberImportVisibility -enable-upcoming-feature InferIsolatedConformances -enable-upcoming-feature NonisolatedNonsendingByDefault -enable-experimental-feature DebugDescriptionMacro -sdk /Applications/Xcode_26.5.app/Contents/Developer/Platforms/iPhoneSimulator.platform/Developer/SDKs/iPhoneSimulator26.5.sdk -target arm64-apple-ios17.0-simulator -g -module-cache-path /tmp/MYR175-Classify-Candidate-iOS/ModuleCache.noindex -Xfrontend -serialize-debugging-options -application-extension -enable-testing -index-store-path /tmp/MYR175-Classify-Candidate-iOS/Index.noindex/DataStore -Xcc -D_LIBCPP_HARDENING_MODE\=_LIBCPP_HARDENING_MODE_DEBUG -swift-version 5 -I /tmp/MYR175-Classify-Candidate-iOS/Build/Products/Debug-iphonesimulator -F /tmp/MYR175-Classify-Candidate-iOS/Build/Products/Debug-iphonesimulator -emit-localized-strings -emit-localized-strings-path /tmp/MYR175-Classify-Candidate-iOS/Build/Intermediates.noindex/MyRAM.build/Debug-iphonesimulator/MyRAMWidgetExtension.build/Objects-normal/arm64 -c -j3 -enable-batch-mode -incremental -Xcc -ivfsstatcache -Xcc /tmp/MYR175-Classify-Candidate-iOS/SDKStatCaches.noindex/iphonesimulator26.5-23F73-688ef53f1462e2c8f657fdc38a81448ffb7d586738ff35573a713a18216ade27.sdkstatcache -output-file-map /tmp/MYR175-Classify-Candidate-iOS/Build/Intermediates.noindex/MyRAM.build/Debug-iphonesimulator/MyRAMWidgetExtension.build/Objects-normal/arm64/MyRAMWidgetExtension-OutputFileMap.json -use-frontend-parseable-output -save-temps -no-color-diagnostics -explicit-module-build -module-cache-path /tmp/MYR175-Classify-Candidate-iOS/Build/Intermediates.noindex/SwiftExplicitPrecompiledModules -clang-scanner-module-cache-path /tmp/MYR175-Classify-Candidate-iOS/ModuleCache.noindex -sdk-module-cache-path /tmp/MYR175-Classify-Candidate-iOS/ModuleCache.noindex -serialize-diagnostics -emit-dependencies -emit-module -emit-module-path /tmp/MYR175-Classify-Candidate-iOS/Build/Intermediates.noindex/MyRAM.build/Debug-iphonesimulator/MyRAMWidgetExtension.build/Objects-normal/arm64/MyRAMWidgetExtension.swiftmodule -validate-clang-modules-once -clang-build-session-file /tmp/MYR175-Classify-Candidate-iOS/ModuleCache.noindex/Session.modulevalidation -Xcc -I/tmp/MYR175-Classify-Candidate-iOS/Build/Intermediates.noindex/MyRAM.build/Debug-iphonesimulator/MyRAMWidgetExtension.build/swift-overrides.hmap -emit-const-values -Xfrontend -const-gather-protocols-file -Xfrontend /tmp/MYR175-Classify-Candidate-iOS/Build/Intermediates.noindex/MyRAM.build/Debug-iphonesimulator/MyRAMWidgetExtension.build/Objects-normal/arm64/MyRAMWidgetExtension_const_extract_protocols.json -Xcc -iquote -Xcc /tmp/MYR175-Classify-Candidate-iOS/Build/Intermediates.noindex/MyRAM.build/Debug-iphonesimulator/MyRAMWidgetExtension.build/MyRAMWidgetExtension-generated-files.hmap -Xcc -I/tmp/MYR175-Classify-Candidate-iOS/Build/Intermediates.noindex/MyRAM.build/Debug-iphonesimulator/MyRAMWidgetExtension.build/MyRAMWidgetExtension-own-target-headers.hmap -Xcc -I/tmp/MYR175-Classify-Candidate-iOS/Build/Intermediates.noindex/MyRAM.build/Debug-iphonesimulator/MyRAMWidgetExtension.build/MyRAMWidgetExtension-all-non-framework-target-headers.hmap -Xcc -ivfsoverlay -Xcc /tmp/MYR175-Classify-Candidate-iOS/Build/Intermediates.noindex/MyRAM.build/Debug-iphonesimulator/MyRAM-98a9cbde253e8e955bc92731eb290203-VFS-iphonesimulator/all-product-headers.yaml -Xcc -iquote -Xcc /tmp/MYR175-Classify-Candidate-iOS/Build/Intermediates.noindex/MyRAM.build/Debug-iphonesimulator/MyRAMWidgetExtension.build/MyRAMWidgetExtension-project-headers.hmap -Xcc -I/tmp/MYR175-Classify-Candidate-iOS/Build/Products/Debug-iphonesimulator/include -Xcc -I/tmp/MYR175-Classify-Candidate-iOS/Build/Intermediates.noindex/MyRAM.build/Debug-iphonesimulator/MyRAMWidgetExtension.build/DerivedSources-normal/arm64 -Xcc -I/tmp/MYR175-Classify-Candidate-iOS/Build/Intermediates.noindex/MyRAM.build/Debug-iphonesimulator/MyRAMWidgetExtension.build/DerivedSources/arm64 -Xcc -I/tmp/MYR175-Classify-Candidate-iOS/Build/Intermediates.noindex/MyRAM.build/Debug-iphonesimulator/MyRAMWidgetExtension.build/DerivedSources -Xcc -DDEBUG\=1 -emit-objc-header -emit-objc-header-path /tmp/MYR175-Classify-Candidate-iOS/Build/Intermediates.noindex/MyRAM.build/Debug-iphonesimulator/MyRAMWidgetExtension.build/Objects-normal/arm64/MyRAMWidgetExtension-Swift.h -working-directory /Users/runner/work/MyRAM-iOS/MyRAM-iOS/Candidate -experimental-emit-module-separately -disable-cmo

SwiftDriver AnchoredSequenceCore normal arm64 com.apple.xcode.tools.swift.compiler (in target 'AnchoredSequenceCore' from project 'AnchoredSequenceCore')
    cd /Users/runner/work/MyRAM-iOS/MyRAM-iOS/Candidate/MyRAM.xcodeproj
    builtin-SwiftDriver -- /Applications/Xcode_26.5.app/Contents/Developer/Toolchains/XcodeDefault.xctoolchain/usr/bin/swiftc -module-name AnchoredSequenceCore -Onone @/tmp/MYR175-Classify-Candidate-iOS/Build/Intermediates.noindex/AnchoredSequenceCore.build/Debug-iphonesimulator/AnchoredSequenceCore.build/Objects-normal/arm64/AnchoredSequenceCore.SwiftFileList -DSWIFT_PACKAGE -DDEBUG -DSWIFT_MODULE_RESOURCE_BUNDLE_UNAVAILABLE -DXcode -plugin-path /Applications/Xcode_26.5.app/Contents/Developer/Toolchains/XcodeDefault.xctoolchain/usr/lib/swift/host/plugins/testing -enable-experimental-feature DebugDescriptionMacro -sdk /Applications/Xcode_26.5.app/Contents/Developer/Platforms/iPhoneSimulator.platform/Developer/SDKs/iPhoneSimulator26.5.sdk -target arm64-apple-ios17.0-simulator -g -module-cache-path /tmp/MYR175-Classify-Candidate-iOS/ModuleCache.noindex -Xfrontend -serialize-debugging-options -enable-testing -suppress-warnings -index-store-path /tmp/MYR175-Classify-Candidate-iOS/Index.noindex/DataStore -Xcc -D_LIBCPP_HARDENING_MODE\=_LIBCPP_HARDENING_MODE_DEBUG -swift-version 5 -I /tmp/MYR175-Classify-Candidate-iOS/Build/Products/Debug-iphonesimulator -Isystem /Applications/Xcode_26.5.app/Contents/Developer/Platforms/iPhoneSimulator.platform/Developer/usr/lib -F /tmp/MYR175-Classify-Candidate-iOS/Build/Products/Debug-iphonesimulator -F /Applications/Xcode_26.5.app/Contents/Developer/Platforms/iPhoneSimulator.platform/Developer/Library/Frameworks -F /Applications/Xcode_26.5.app/Contents/Developer/Platforms/iPhoneSimulator.platform/Developer/SDKs/iPhoneSimulator26.5.sdk/Developer/Library/Frameworks -c -j3 -enable-batch-mode -incremental -Xcc -ivfsstatcache -Xcc /tmp/MYR175-Classify-Candidate-iOS/SDKStatCaches.noindex/iphonesimulator26.5-23F73-688ef53f1462e2c8f657fdc38a81448ffb7d586738ff35573a713a18216ade27.sdkstatcache -output-file-map /tmp/MYR175-Classify-Candidate-iOS/Build/Intermediates.noindex/AnchoredSequenceCore.build/Debug-iphonesimulator/AnchoredSequenceCore.build/Objects-normal/arm64/AnchoredSequenceCore-OutputFileMap.json -use-frontend-parseable-output -save-temps -no-color-diagnostics -explicit-module-build -module-cache-path /tmp/MYR175-Classify-Candidate-iOS/Build/Intermediates.noindex/SwiftExplicitPrecompiledModules -clang-scanner-module-cache-path /tmp/MYR175-Classify-Candidate-iOS/ModuleCache.noindex -sdk-module-cache-path /tmp/MYR175-Classify-Candidate-iOS/ModuleCache.noindex -serialize-diagnostics -emit-dependencies -emit-module -emit-module-path /tmp/MYR175-Classify-Candidate-iOS/Build/Intermediates.noindex/AnchoredSequenceCore.build/Debug-iphonesimulator/AnchoredSequenceCore.build/Objects-normal/arm64/AnchoredSequenceCore.swiftmodule -validate-clang-modules-once -clang-build-session-file /tmp/MYR175-Classify-Candidate-iOS/ModuleCache.noindex/Session.modulevalidation -package-name anchoredsequencecore -Xcc -I/tmp/MYR175-Classify-Candidate-iOS/Build/Intermediates.noindex/AnchoredSequenceCore.build/Debug-iphonesimulator/AnchoredSequenceCore.build/swift-overrides.hmap -emit-const-values -Xfrontend -const-gather-protocols-file -Xfrontend /tmp/MYR175-Classify-Candidate-iOS/Build/Intermediates.noindex/AnchoredSequenceCore.build/Debug-iphonesimulator/AnchoredSequenceCore.build/Objects-normal/arm64/AnchoredSequenceCore_const_extract_protocols.json -Xcc -I/tmp/MYR175-Classify-Candidate-iOS/Build/Products/Debug-iphonesimulator/include -Xcc -I/tmp/MYR175-Classify-Candidate-iOS/Build/Intermediates.noindex/AnchoredSequenceCore.build/Debug-iphonesimulator/AnchoredSequenceCore.build/DerivedSources-normal/arm64 -Xcc -I/tmp/MYR175-Classify-Candidate-iOS/Build/Intermediates.noindex/AnchoredSequenceCore.build/Debug-iphonesimulator/AnchoredSequenceCore.build/DerivedSources/arm64 -Xcc -I/tmp/MYR175-Classify-Candidate-iOS/Build/Intermediates.noindex/AnchoredSequenceCore.build/Debug-iphonesimulator/AnchoredSequenceCore.build/DerivedSources -Xcc -DSWIFT_PACKAGE -Xcc -DDEBUG\=1 -emit-objc-header -emit-objc-header-path /tmp/MYR175-Classify-Candidate-iOS/Build/Intermediates.noindex/AnchoredSequenceCore.build/Debug-iphonesimulator/AnchoredSequenceCore.build/Objects-normal/arm64/AnchoredSequenceCore-Swift.h -working-directory /Users/runner/work/MyRAM-iOS/MyRAM-iOS/Candidate/MyRAM.xcodeproj -experimental-emit-module-separately -disable-cmo

SwiftExplicitDependencyGeneratePcm arm64 /tmp/MYR175-Classify-Candidate-iOS/ModuleCache.noindex/_AvailabilityInternal-7CW6FON506QRNQGI22WR77GVO.pcm

SwiftExplicitDependencyGeneratePcm arm64 /tmp/MYR175-Classify-Candidate-iOS/ModuleCache.noindex/_Builtin_stddef-E0DBDSSQMWOCROUQO8BPGGVTM.pcm

SwiftExplicitDependencyGeneratePcm arm64 /tmp/MYR175-Classify-Candidate-iOS/ModuleCache.noindex/ptrauth-3HSRV1PB788G5I5LS5ZP5UZ3M.pcm

SwiftExplicitDependencyGeneratePcm arm64 /tmp/MYR175-Classify-Candidate-iOS/ModuleCache.noindex/ptrcheck-9F8062ET2R6QONZ8VGKFAITUW.pcm

SwiftExplicitDependencyGeneratePcm arm64 /tmp/MYR175-Classify-Candidate-iOS/ModuleCache.noindex/_SwiftConcurrencyShims-3YNNPVC0RK2CQA3O8PYW3MHT0.pcm

SwiftExplicitDependencyGeneratePcm arm64 /tmp/MYR175-Classify-Candidate-iOS/ModuleCache.noindex/SwiftShims-BZZT27G7EZG3EXRA7NCAAT9D7.pcm

SwiftExplicitDependencyGeneratePcm arm64 /tmp/MYR175-Classify-Candidate-iOS/ModuleCache.noindex/_Builtin_float-9OVUZO34H0Q6REWP07KMM4ACQ.pcm

SwiftExplicitDependencyGeneratePcm arm64 /tmp/MYR175-Classify-Candidate-iOS/ModuleCache.noindex/_Builtin_stdarg-AFXQDE0EAAQNNAW7WMU3VQZ0Q.pcm

SwiftExplicitDependencyGeneratePcm arm64 /tmp/MYR175-Classify-Candidate-iOS/ModuleCache.noindex/_Builtin_stdbool-E1W85RL2NA6XYCIFZWT4GWL2E.pcm

SwiftExplicitDependencyGeneratePcm arm64 /tmp/MYR175-Classify-Candidate-iOS/ModuleCache.noindex/_DarwinFoundation1-47HNNVA5VE0CWPVING1SXSS8U.pcm

SwiftExplicitDependencyGeneratePcm arm64 /tmp/MYR175-Classify-Candidate-iOS/ModuleCache.noindex/_Builtin_limits-43GQQ6HS98HMHS37CUGL75MPX.pcm

SwiftExplicitDependencyGeneratePcm arm64 /tmp/MYR175-Classify-Candidate-iOS/ModuleCache.noindex/_DarwinFoundation2-5UEYC1HAZNCYW14IH2YTHCKYB.pcm

SwiftExplicitDependencyGeneratePcm arm64 /tmp/MYR175-Classify-Candidate-iOS/ModuleCache.noindex/sys_types-R5BN5GWFRJIX6JN7WRHMTT78.pcm

SwiftExplicitDependencyGeneratePcm arm64 /tmp/MYR175-Classify-Candidate-iOS/ModuleCache.noindex/_Builtin_stdint-50N62X5SAQF7Y4M9JGNPFMXT5.pcm

SwiftExplicitDependencyGeneratePcm arm64 /tmp/MYR175-Classify-Candidate-iOS/ModuleCache.noindex/_DarwinFoundation3-5XV2Y4SK2LGW7U6VGPQ36KEI5.pcm

SwiftExplicitDependencyGeneratePcm arm64 /tmp/MYR175-Classify-Candidate-iOS/ModuleCache.noindex/_Builtin_inttypes-BKUDPZVN9RC1Q4FS6OOJDXYLH.pcm

SwiftExplicitDependencyGeneratePcm arm64 /tmp/MYR175-Classify-Candidate-iOS/ModuleCache.noindex/Darwin-A61O0N68S6K6L9YV7VFIOKYCC.pcm

SwiftExplicitDependencyGeneratePcm arm64 /tmp/MYR175-Classify-Candidate-iOS/ModuleCache.noindex/_Builtin_float-BK8DYJU7PQI1MAB9SH1TMOS4N.pcm

SwiftExplicitDependencyGeneratePcm arm64 /tmp/MYR175-Classify-Candidate-iOS/ModuleCache.noindex/SwiftShims-77RQMR3JVUHRJMNG709AQYY0.pcm

SwiftExplicitDependencyGeneratePcm arm64 /tmp/MYR175-Classify-Candidate-iOS/ModuleCache.noindex/ptrauth-A9I6JNR39ZNB5LRZ55FGZCY8X.pcm

SwiftExplicitDependencyGeneratePcm arm64 /tmp/MYR175-Classify-Candidate-iOS/ModuleCache.noindex/_Builtin_stddef-6VMJ86RFEBBNOORH9YB29Y89P.pcm

SwiftExplicitDependencyGeneratePcm arm64 /tmp/MYR175-Classify-Candidate-iOS/ModuleCache.noindex/_Builtin_stdbool-A5EBL812MENMJV1GVDI144DYM.pcm

SwiftExplicitDependencyGeneratePcm arm64 /tmp/MYR175-Classify-Candidate-iOS/ModuleCache.noindex/_SwiftConcurrencyShims-B79ICGG5XL5BT2QCWB7ZX5PC8.pcm

SwiftExplicitDependencyGeneratePcm arm64 /tmp/MYR175-Classify-Candidate-iOS/ModuleCache.noindex/_Builtin_stdarg-CB616NUHGVO89LPFOHTRSVFX8.pcm

SwiftExplicitDependencyGeneratePcm arm64 /tmp/MYR175-Classify-Candidate-iOS/ModuleCache.noindex/DeveloperToolsSupport-ESKPE0285QQXJ0RKB1VZ17SOM.pcm

SwiftExplicitDependencyGeneratePcm arm64 /tmp/MYR175-Classify-Candidate-iOS/ModuleCache.noindex/_AvailabilityInternal-4YLFUXGGHTMQDT9SXQWL2JYZJ.pcm

SwiftExplicitDependencyGeneratePcm arm64 /tmp/MYR175-Classify-Candidate-iOS/ModuleCache.noindex/ObjectiveC-2XD6FG8OZHP4OJCC4M5Q5YF58.pcm

SwiftExplicitDependencyGeneratePcm arm64 /tmp/MYR175-Classify-Candidate-iOS/ModuleCache.noindex/ActivityKit-9VZC94O36TNIB9QUDV9D74KVP.pcm

SwiftExplicitDependencyGeneratePcm arm64 /tmp/MYR175-Classify-Candidate-iOS/ModuleCache.noindex/ptrcheck-AP9CK9X63QBW9A7LCOE3DORJS.pcm

SwiftExplicitDependencyGeneratePcm arm64 /tmp/MYR175-Classify-Candidate-iOS/ModuleCache.noindex/_DarwinFoundation1-AR1YQZ02041Q2XZF0GS5GPYJV.pcm

SwiftExplicitDependencyGeneratePcm arm64 /tmp/MYR175-Classify-Candidate-iOS/ModuleCache.noindex/os_object-EWO555RBKAZZWK1AE425PV890.pcm

SwiftExplicitDependencyGeneratePcm arm64 /tmp/MYR175-Classify-Candidate-iOS/ModuleCache.noindex/_DarwinFoundation2-7250QUQB52ADYPYE0K2LF0Y80.pcm

SwiftExplicitDependencyGeneratePcm arm64 /tmp/MYR175-Classify-Candidate-iOS/ModuleCache.noindex/os_workgroup-DFZKC9LSKSPNQ6NKHBAGH7DCM.pcm

SwiftExplicitDependencyGeneratePcm arm64 /tmp/MYR175-Classify-Candidate-iOS/ModuleCache.noindex/_Builtin_limits-5NKJ2VCXG0KPLVQA9SSSBWOWK.pcm

SwiftExplicitDependencyGeneratePcm arm64 /tmp/MYR175-Classify-Candidate-iOS/ModuleCache.noindex/ExtensionFoundation-AGXHNSBDX99WENCE5D9WMPDS6.pcm

SwiftExplicitDependencyGeneratePcm arm64 /tmp/MYR175-Classify-Candidate-iOS/ModuleCache.noindex/Dispatch-1CC9LJ5MECBG3T14VM00KQUPG.pcm

SwiftExplicitDependencyGeneratePcm arm64 /tmp/MYR175-Classify-Candidate-iOS/ModuleCache.noindex/sys_types-20SOBNCXQQ7DUAVC4G8RHKB3R.pcm

SwiftExplicitDependencyGeneratePcm arm64 /tmp/MYR175-Classify-Candidate-iOS/ModuleCache.noindex/_Builtin_stdint-A3J5IBQ8CUDALUR1GDIB9ZNIA.pcm

SwiftExplicitDependencyGeneratePcm arm64 /tmp/MYR175-Classify-Candidate-iOS/ModuleCache.noindex/_Builtin_tgmath-8TYTYSIGJV9E17HCOV0FZ2UNR.pcm

SwiftExplicitDependencyGeneratePcm arm64 /tmp/MYR175-Classify-Candidate-iOS/ModuleCache.noindex/CoreFoundation-DUUSV813BFAJXLYV9QSOE6K0E.pcm

SwiftExplicitDependencyGeneratePcm arm64 /tmp/MYR175-Classify-Candidate-iOS/ModuleCache.noindex/XPC-5X2T9A2L5MEC2JLQNS2XQWC53.pcm

SwiftExplicitDependencyGeneratePcm arm64 /tmp/MYR175-Classify-Candidate-iOS/ModuleCache.noindex/_Builtin_intrinsics-9ZRSJKJPXYRRWNE8GKF2FH7VR.pcm

SwiftExplicitDependencyGeneratePcm arm64 /tmp/MYR175-Classify-Candidate-iOS/ModuleCache.noindex/_DarwinFoundation3-CBIHYQFQKE7GDSJVOCLI6TVDA.pcm

SwiftExplicitDependencyGeneratePcm arm64 /tmp/MYR175-Classify-Candidate-iOS/ModuleCache.noindex/_Builtin_stdatomic-84AG8L40Z8VL5H4H4NGLFSQR2.pcm

SwiftExplicitDependencyGeneratePcm arm64 /tmp/MYR175-Classify-Candidate-iOS/ModuleCache.noindex/Security-9CXQ4ETW3YXSTF63R733HDIN9.pcm

SwiftExplicitDependencyGeneratePcm arm64 /tmp/MYR175-Classify-Candidate-iOS/ModuleCache.noindex/CFNetwork-9RWN3N4X9GTOMNS1XY934653S.pcm

SwiftExplicitDependencyGeneratePcm arm64 /tmp/MYR175-Classify-Candidate-iOS/ModuleCache.noindex/_Builtin_inttypes-CHYJBX50ONMWNS8FZB93SHYKZ.pcm

SwiftExplicitDependencyGeneratePcm arm64 /tmp/MYR175-Classify-Candidate-iOS/ModuleCache.noindex/simd-6065BAL6RBMM63XXSTDFKS3RN.pcm

SwiftExplicitDependencyGeneratePcm arm64 /tmp/MYR175-Classify-Candidate-iOS/ModuleCache.noindex/Foundation-4EFWSJX5P9VP2T9QC77QJ8Y61.pcm

SwiftExplicitDependencyGeneratePcm arm64 /tmp/MYR175-Classify-Candidate-iOS/ModuleCache.noindex/Darwin-CVVETTH8ACCPWVI8BCEIFVAY9.pcm

SwiftExplicitDependencyGeneratePcm arm64 /tmp/MYR175-Classify-Candidate-iOS/ModuleCache.noindex/ObjectiveC-1ZG5F1L4C2L135HWL440JVPX7.pcm

SwiftExplicitDependencyGeneratePcm arm64 /tmp/MYR175-Classify-Candidate-iOS/ModuleCache.noindex/MachO-9X2EVKJHQL1RGED9WOQ21PQC2.pcm

SwiftEmitModule normal arm64 Emitting\ module\ for\ NearbySyncCore (in target 'NearbySyncCore' from project 'NearbySyncCore')
EmitSwiftModule normal arm64 (in target 'NearbySyncCore' from project 'NearbySyncCore')
    cd /Users/runner/work/MyRAM-iOS/MyRAM-iOS/Candidate/MyRAM.xcodeproj
    

SwiftExplicitDependencyGeneratePcm arm64 /tmp/MYR175-Classify-Candidate-iOS/ModuleCache.noindex/os_object-1767B7VAWLCX2ZWHEMH37YCTR.pcm

SwiftExplicitDependencyGeneratePcm arm64 /tmp/MYR175-Classify-Candidate-iOS/ModuleCache.noindex/LocalAuthentication-7EAD59RWLIFY3Z1HIYUK63M2A.pcm

SwiftExplicitDependencyGeneratePcm arm64 /tmp/MYR175-Classify-Candidate-iOS/ModuleCache.noindex/Spatial-E5YPTX14226BRNU2QTH79KXW7.pcm

SwiftExplicitDependencyGeneratePcm arm64 /tmp/MYR175-Classify-Candidate-iOS/ModuleCache.noindex/os_workgroup-AQKKSJN5F3A8ILK780MFHQGL0.pcm

SwiftEmitModule normal arm64 Emitting\ module\ for\ AnchoredSequenceCore (in target 'AnchoredSequenceCore' from project 'AnchoredSequenceCore')
EmitSwiftModule normal arm64 (in target 'AnchoredSequenceCore' from project 'AnchoredSequenceCore')
    cd /Users/runner/work/MyRAM-iOS/MyRAM-iOS/Candidate/MyRAM.xcodeproj
    

SwiftExplicitDependencyGeneratePcm arm64 /tmp/MYR175-Classify-Candidate-iOS/ModuleCache.noindex/Dispatch-BBV6GV0T8C4ST58BKQG3C84UX.pcm

SwiftDriverJobDiscovery normal arm64 Emitting module for NearbySyncCore (in target 'NearbySyncCore' from project 'NearbySyncCore')

SwiftDriver\ Compilation\ Requirements NearbySyncCore normal arm64 com.apple.xcode.tools.swift.compiler (in target 'NearbySyncCore' from project 'NearbySyncCore')
    cd /Users/runner/work/MyRAM-iOS/MyRAM-iOS/Candidate/MyRAM.xcodeproj
    builtin-Swift-Compilation-Requirements -- /Applications/Xcode_26.5.app/Contents/Developer/Toolchains/XcodeDefault.xctoolchain/usr/bin/swiftc -module-name NearbySyncCore -Onone @/tmp/MYR175-Classify-Candidate-iOS/Build/Intermediates.noindex/NearbySyncCore.build/Debug-iphonesimulator/NearbySyncCore.build/Objects-normal/arm64/NearbySyncCore.SwiftFileList -DSWIFT_PACKAGE -DDEBUG -DSWIFT_MODULE_RESOURCE_BUNDLE_UNAVAILABLE -DXcode -plugin-path /Applications/Xcode_26.5.app/Contents/Developer/Toolchains/XcodeDefault.xctoolchain/usr/lib/swift/host/plugins/testing -enable-experimental-feature DebugDescriptionMacro -sdk /Applications/Xcode_26.5.app/Contents/Developer/Platforms/iPhoneSimulator.platform/Developer/SDKs/iPhoneSimulator26.5.sdk -target arm64-apple-ios17.0-simulator -g -module-cache-path /tmp/MYR175-Classify-Candidate-iOS/ModuleCache.noindex -Xfrontend -serialize-debugging-options -enable-testing -suppress-warnings -index-store-path /tmp/MYR175-Classify-Candidate-iOS/Index.noindex/DataStore -Xcc -D_LIBCPP_HARDENING_MODE\=_LIBCPP_HARDENING_MODE_DEBUG -swift-version 5 -I /tmp/MYR175-Classify-Candidate-iOS/Build/Products/Debug-iphonesimulator -Isystem /Applications/Xcode_26.5.app/Contents/Developer/Platforms/iPhoneSimulator.platform/Developer/usr/lib -F /tmp/MYR175-Classify-Candidate-iOS/Build/Products/Debug-iphonesimulator -F /Applications/Xcode_26.5.app/Contents/Developer/Platforms/iPhoneSimulator.platform/Developer/Library/Frameworks -F /Applications/Xcode_26.5.app/Contents/Developer/Platforms/iPhoneSimulator.platform/Developer/SDKs/iPhoneSimulator26.5.sdk/Developer/Library/Frameworks -c -j3 -enable-batch-mode -incremental -Xcc -ivfsstatcache -Xcc /tmp/MYR175-Classify-Candidate-iOS/SDKStatCaches.noindex/iphonesimulator26.5-23F73-688ef53f1462e2c8f657fdc38a81448ffb7d586738ff35573a713a18216ade27.sdkstatcache -output-file-map /tmp/MYR175-Classify-Candidate-iOS/Build/Intermediates.noindex/NearbySyncCore.build/Debug-iphonesimulator/NearbySyncCore.build/Objects-normal/arm64/NearbySyncCore-OutputFileMap.json -use-frontend-parseable-output -save-temps -no-color-diagnostics -explicit-module-build -module-cache-path /tmp/MYR175-Classify-Candidate-iOS/Build/Intermediates.noindex/SwiftExplicitPrecompiledModules -clang-scanner-module-cache-path /tmp/MYR175-Classify-Candidate-iOS/ModuleCache.noindex -sdk-module-cache-path /tmp/MYR175-Classify-Candidate-iOS/ModuleCache.noindex -serialize-diagnostics -emit-dependencies -emit-module -emit-module-path /tmp/MYR175-Classify-Candidate-iOS/Build/Intermediates.noindex/NearbySyncCore.build/Debug-iphonesimulator/NearbySyncCore.build/Objects-normal/arm64/NearbySyncCore.swiftmodule -validate-clang-modules-once -clang-build-session-file /tmp/MYR175-Classify-Candidate-iOS/ModuleCache.noindex/Session.modulevalidation -package-name nearbysynccore -Xcc -I/tmp/MYR175-Classify-Candidate-iOS/Build/Intermediates.noindex/NearbySyncCore.build/Debug-iphonesimulator/NearbySyncCore.build/swift-overrides.hmap -emit-const-values -Xfrontend -const-gather-protocols-file -Xfrontend /tmp/MYR175-Classify-Candidate-iOS/Build/Intermediates.noindex/NearbySyncCore.build/Debug-iphonesimulator/NearbySyncCore.build/Objects-normal/arm64/NearbySyncCore_const_extract_protocols.json -Xcc -I/tmp/MYR175-Classify-Candidate-iOS/Build/Products/Debug-iphonesimulator/include -Xcc -I/tmp/MYR175-Classify-Candidate-iOS/Build/Intermediates.noindex/NearbySyncCore.build/Debug-iphonesimulator/NearbySyncCore.build/DerivedSources-normal/arm64 -Xcc -I/tmp/MYR175-Classify-Candidate-iOS/Build/Intermediates.noindex/NearbySyncCore.build/Debug-iphonesimulator/NearbySyncCore.build/DerivedSources/arm64 -Xcc -I/tmp/MYR175-Classify-Candidate-iOS/Build/Intermediates.noindex/NearbySyncCore.build/Debug-iphonesimulator/NearbySyncCore.build/DerivedSources -Xcc -DSWIFT_PACKAGE -Xcc -DDEBUG\=1 -emit-objc-header -emit-objc-header-path /tmp/MYR175-Classify-Candidate-iOS/Build/Intermediates.noindex/NearbySyncCore.build/Debug-iphonesimulator/NearbySyncCore.build/Objects-normal/arm64/NearbySyncCore-Swift.h -working-directory /Users/runner/work/MyRAM-iOS/MyRAM-iOS/Candidate/MyRAM.xcodeproj -experimental-emit-module-separately -disable-cmo

SwiftCompile normal arm64 Compiling\ SyncModels.swift,\ SyncQueue.swift /Users/runner/work/MyRAM-iOS/MyRAM-iOS/NearbySyncCore/Sources/NearbySyncCore/SyncModels.swift /Users/runner/work/MyRAM-iOS/MyRAM-iOS/NearbySyncCore/Sources/NearbySyncCore/SyncQueue.swift (in target 'NearbySyncCore' from project 'NearbySyncCore')
SwiftCompile normal arm64 /Users/runner/work/MyRAM-iOS/MyRAM-iOS/NearbySyncCore/Sources/NearbySyncCore/SyncModels.swift (in target 'NearbySyncCore' from project 'NearbySyncCore')
    cd /Users/runner/work/MyRAM-iOS/MyRAM-iOS/Candidate/MyRAM.xcodeproj
    

SwiftCompile normal arm64 /Users/runner/work/MyRAM-iOS/MyRAM-iOS/NearbySyncCore/Sources/NearbySyncCore/SyncQueue.swift (in target 'NearbySyncCore' from project 'NearbySyncCore')
    cd /Users/runner/work/MyRAM-iOS/MyRAM-iOS/Candidate/MyRAM.xcodeproj
    

SwiftMergeGeneratedHeaders /tmp/MYR175-Classify-Candidate-iOS/Build/Intermediates.noindex/GeneratedModuleMaps-iphonesimulator/NearbySyncCore-Swift.h /tmp/MYR175-Classify-Candidate-iOS/Build/Intermediates.noindex/NearbySyncCore.build/Debug-iphonesimulator/NearbySyncCore.build/Objects-normal/arm64/NearbySyncCore-Swift.h (in target 'NearbySyncCore' from project 'NearbySyncCore')
    cd /Users/runner/work/MyRAM-iOS/MyRAM-iOS/NearbySyncCore
    builtin-swiftHeaderTool -arch arm64 /tmp/MYR175-Classify-Candidate-iOS/Build/Intermediates.noindex/NearbySyncCore.build/Debug-iphonesimulator/NearbySyncCore.build/Objects-normal/arm64/NearbySyncCore-Swift.h -o /tmp/MYR175-Classify-Candidate-iOS/Build/Intermediates.noindex/GeneratedModuleMaps-iphonesimulator/NearbySyncCore-Swift.h

SwiftDriverJobDiscovery normal arm64 Emitting module for AnchoredSequenceCore (in target 'AnchoredSequenceCore' from project 'AnchoredSequenceCore')

Copy /tmp/MYR175-Classify-Candidate-iOS/Build/Products/Debug-iphonesimulator/NearbySyncCore.swiftmodule/arm64-apple-ios-simulator.swiftmodule /tmp/MYR175-Classify-Candidate-iOS/Build/Intermediates.noindex/NearbySyncCore.build/Debug-iphonesimulator/NearbySyncCore.build/Objects-normal/arm64/NearbySyncCore.swiftmodule (in target 'NearbySyncCore' from project 'NearbySyncCore')
    cd /Users/runner/work/MyRAM-iOS/MyRAM-iOS/NearbySyncCore
    builtin-copy -exclude .DS_Store -exclude CVS -exclude .svn -exclude .git -exclude .hg -resolve-src-symlinks -rename /tmp/MYR175-Classify-Candidate-iOS/Build/Intermediates.noindex/NearbySyncCore.build/Debug-iphonesimulator/NearbySyncCore.build/Objects-normal/arm64/NearbySyncCore.swiftmodule /tmp/MYR175-Classify-Candidate-iOS/Build/Products/Debug-iphonesimulator/NearbySyncCore.swiftmodule/arm64-apple-ios-simulator.swiftmodule

Copy /tmp/MYR175-Classify-Candidate-iOS/Build/Products/Debug-iphonesimulator/NearbySyncCore.swiftmodule/arm64-apple-ios-simulator.swiftdoc /tmp/MYR175-Classify-Candidate-iOS/Build/Intermediates.noindex/NearbySyncCore.build/Debug-iphonesimulator/NearbySyncCore.build/Objects-normal/arm64/NearbySyncCore.swiftdoc (in target 'NearbySyncCore' from project 'NearbySyncCore')
    cd /Users/runner/work/MyRAM-iOS/MyRAM-iOS/NearbySyncCore
    builtin-copy -exclude .DS_Store -exclude CVS -exclude .svn -exclude .git -exclude .hg -resolve-src-symlinks -rename /tmp/MYR175-Classify-Candidate-iOS/Build/Intermediates.noindex/NearbySyncCore.build/Debug-iphonesimulator/NearbySyncCore.build/Objects-normal/arm64/NearbySyncCore.swiftdoc /tmp/MYR175-Classify-Candidate-iOS/Build/Products/Debug-iphonesimulator/NearbySyncCore.swiftmodule/arm64-apple-ios-simulator.swiftdoc

Copy /tmp/MYR175-Classify-Candidate-iOS/Build/Products/Debug-iphonesimulator/NearbySyncCore.swiftmodule/arm64-apple-ios-simulator.abi.json /tmp/MYR175-Classify-Candidate-iOS/Build/Intermediates.noindex/NearbySyncCore.build/Debug-iphonesimulator/NearbySyncCore.build/Objects-normal/arm64/NearbySyncCore.abi.json (in target 'NearbySyncCore' from project 'NearbySyncCore')
    cd /Users/runner/work/MyRAM-iOS/MyRAM-iOS/NearbySyncCore
    builtin-copy -exclude .DS_Store -exclude CVS -exclude .svn -exclude .git -exclude .hg -resolve-src-symlinks -rename /tmp/MYR175-Classify-Candidate-iOS/Build/Intermediates.noindex/NearbySyncCore.build/Debug-iphonesimulator/NearbySyncCore.build/Objects-normal/arm64/NearbySyncCore.abi.json /tmp/MYR175-Classify-Candidate-iOS/Build/Products/Debug-iphonesimulator/NearbySyncCore.swiftmodule/arm64-apple-ios-simulator.abi.json

Copy /tmp/MYR175-Classify-Candidate-iOS/Build/Products/Debug-iphonesimulator/NearbySyncCore.swiftmodule/Project/arm64-apple-ios-simulator.swiftsourceinfo /tmp/MYR175-Classify-Candidate-iOS/Build/Intermediates.noindex/NearbySyncCore.build/Debug-iphonesimulator/NearbySyncCore.build/Objects-normal/arm64/NearbySyncCore.swiftsourceinfo (in target 'NearbySyncCore' from project 'NearbySyncCore')
    cd /Users/runner/work/MyRAM-iOS/MyRAM-iOS/NearbySyncCore
    builtin-copy -exclude .DS_Store -exclude CVS -exclude .svn -exclude .git -exclude .hg -resolve-src-symlinks -rename /tmp/MYR175-Classify-Candidate-iOS/Build/Intermediates.noindex/NearbySyncCore.build/Debug-iphonesimulator/NearbySyncCore.build/Objects-normal/arm64/NearbySyncCore.swiftsourceinfo /tmp/MYR175-Classify-Candidate-iOS/Build/Products/Debug-iphonesimulator/NearbySyncCore.swiftmodule/Project/arm64-apple-ios-simulator.swiftsourceinfo

SwiftDriver\ Compilation\ Requirements AnchoredSequenceCore normal arm64 com.apple.xcode.tools.swift.compiler (in target 'AnchoredSequenceCore' from project 'AnchoredSequenceCore')
    cd /Users/runner/work/MyRAM-iOS/MyRAM-iOS/Candidate/MyRAM.xcodeproj
    builtin-Swift-Compilation-Requirements -- /Applications/Xcode_26.5.app/Contents/Developer/Toolchains/XcodeDefault.xctoolchain/usr/bin/swiftc -module-name AnchoredSequenceCore -Onone @/tmp/MYR175-Classify-Candidate-iOS/Build/Intermediates.noindex/AnchoredSequenceCore.build/Debug-iphonesimulator/AnchoredSequenceCore.build/Objects-normal/arm64/AnchoredSequenceCore.SwiftFileList -DSWIFT_PACKAGE -DDEBUG -DSWIFT_MODULE_RESOURCE_BUNDLE_UNAVAILABLE -DXcode -plugin-path /Applications/Xcode_26.5.app/Contents/Developer/Toolchains/XcodeDefault.xctoolchain/usr/lib/swift/host/plugins/testing -enable-experimental-feature DebugDescriptionMacro -sdk /Applications/Xcode_26.5.app/Contents/Developer/Platforms/iPhoneSimulator.platform/Developer/SDKs/iPhoneSimulator26.5.sdk -target arm64-apple-ios17.0-simulator -g -module-cache-path /tmp/MYR175-Classify-Candidate-iOS/ModuleCache.noindex -Xfrontend -serialize-debugging-options -enable-testing -suppress-warnings -index-store-path /tmp/MYR175-Classify-Candidate-iOS/Index.noindex/DataStore -Xcc -D_LIBCPP_HARDENING_MODE\=_LIBCPP_HARDENING_MODE_DEBUG -swift-version 5 -I /tmp/MYR175-Classify-Candidate-iOS/Build/Products/Debug-iphonesimulator -Isystem /Applications/Xcode_26.5.app/Contents/Developer/Platforms/iPhoneSimulator.platform/Developer/usr/lib -F /tmp/MYR175-Classify-Candidate-iOS/Build/Products/Debug-iphonesimulator -F /Applications/Xcode_26.5.app/Contents/Developer/Platforms/iPhoneSimulator.platform/Developer/Library/Frameworks -F /Applications/Xcode_26.5.app/Contents/Developer/Platforms/iPhoneSimulator.platform/Developer/SDKs/iPhoneSimulator26.5.sdk/Developer/Library/Frameworks -c -j3 -enable-batch-mode -incremental -Xcc -ivfsstatcache -Xcc /tmp/MYR175-Classify-Candidate-iOS/SDKStatCaches.noindex/iphonesimulator26.5-23F73-688ef53f1462e2c8f657fdc38a81448ffb7d586738ff35573a713a18216ade27.sdkstatcache -output-file-map /tmp/MYR175-Classify-Candidate-iOS/Build/Intermediates.noindex/AnchoredSequenceCore.build/Debug-iphonesimulator/AnchoredSequenceCore.build/Objects-normal/arm64/AnchoredSequenceCore-OutputFileMap.json -use-frontend-parseable-output -save-temps -no-color-diagnostics -explicit-module-build -module-cache-path /tmp/MYR175-Classify-Candidate-iOS/Build/Intermediates.noindex/SwiftExplicitPrecompiledModules -clang-scanner-module-cache-path /tmp/MYR175-Classify-Candidate-iOS/ModuleCache.noindex -sdk-module-cache-path /tmp/MYR175-Classify-Candidate-iOS/ModuleCache.noindex -serialize-diagnostics -emit-dependencies -emit-module -emit-module-path /tmp/MYR175-Classify-Candidate-iOS/Build/Intermediates.noindex/AnchoredSequenceCore.build/Debug-iphonesimulator/AnchoredSequenceCore.build/Objects-normal/arm64/AnchoredSequenceCore.swiftmodule -validate-clang-modules-once -clang-build-session-file /tmp/MYR175-Classify-Candidate-iOS/ModuleCache.noindex/Session.modulevalidation -package-name anchoredsequencecore -Xcc -I/tmp/MYR175-Classify-Candidate-iOS/Build/Intermediates.noindex/AnchoredSequenceCore.build/Debug-iphonesimulator/AnchoredSequenceCore.build/swift-overrides.hmap -emit-const-values -Xfrontend -const-gather-protocols-file -Xfrontend /tmp/MYR175-Classify-Candidate-iOS/Build/Intermediates.noindex/AnchoredSequenceCore.build/Debug-iphonesimulator/AnchoredSequenceCore.build/Objects-normal/arm64/AnchoredSequenceCore_const_extract_protocols.json -Xcc -I/tmp/MYR175-Classify-Candidate-iOS/Build/Products/Debug-iphonesimulator/include -Xcc -I/tmp/MYR175-Classify-Candidate-iOS/Build/Intermediates.noindex/AnchoredSequenceCore.build/Debug-iphonesimulator/AnchoredSequenceCore.build/DerivedSources-normal/arm64 -Xcc -I/tmp/MYR175-Classify-Candidate-iOS/Build/Intermediates.noindex/AnchoredSequenceCore.build/Debug-iphonesimulator/AnchoredSequenceCore.build/DerivedSources/arm64 -Xcc -I/tmp/MYR175-Classify-Candidate-iOS/Build/Intermediates.noindex/AnchoredSequenceCore.build/Debug-iphonesimulator/AnchoredSequenceCore.build/DerivedSources -Xcc -DSWIFT_PACKAGE -Xcc -DDEBUG\=1 -emit-objc-header -emit-objc-header-path /tmp/MYR175-Classify-Candidate-iOS/Build/Intermediates.noindex/AnchoredSequenceCore.build/Debug-iphonesimulator/AnchoredSequenceCore.build/Objects-normal/arm64/AnchoredSequenceCore-Swift.h -working-directory /Users/runner/work/MyRAM-iOS/MyRAM-iOS/Candidate/MyRAM.xcodeproj -experimental-emit-module-separately -disable-cmo

SwiftExplicitDependencyGeneratePcm arm64 /tmp/MYR175-Classify-Candidate-iOS/ModuleCache.noindex/CoreFoundation-CZ6RF9TWIM7T9O5651HO3H1IH.pcm

SwiftExplicitDependencyGeneratePcm arm64 /tmp/MYR175-Classify-Candidate-iOS/ModuleCache.noindex/XPC-F2ANIOYA6AHLT0KD0JDRR51NO.pcm

SwiftMergeGeneratedHeaders /tmp/MYR175-Classify-Candidate-iOS/Build/Intermediates.noindex/GeneratedModuleMaps-iphonesimulator/AnchoredSequenceCore-Swift.h /tmp/MYR175-Classify-Candidate-iOS/Build/Intermediates.noindex/AnchoredSequenceCore.build/Debug-iphonesimulator/AnchoredSequenceCore.build/Objects-normal/arm64/AnchoredSequenceCore-Swift.h (in target 'AnchoredSequenceCore' from project 'AnchoredSequenceCore')
    cd /Users/runner/work/MyRAM-iOS/MyRAM-iOS/Candidate/Packages/AnchoredSequenceCore
    builtin-swiftHeaderTool -arch arm64 /tmp/MYR175-Classify-Candidate-iOS/Build/Intermediates.noindex/AnchoredSequenceCore.build/Debug-iphonesimulator/AnchoredSequenceCore.build/Objects-normal/arm64/AnchoredSequenceCore-Swift.h -o /tmp/MYR175-Classify-Candidate-iOS/Build/Intermediates.noindex/GeneratedModuleMaps-iphonesimulator/AnchoredSequenceCore-Swift.h

Copy /tmp/MYR175-Classify-Candidate-iOS/Build/Products/Debug-iphonesimulator/AnchoredSequenceCore.swiftmodule/arm64-apple-ios-simulator.swiftmodule /tmp/MYR175-Classify-Candidate-iOS/Build/Intermediates.noindex/AnchoredSequenceCore.build/Debug-iphonesimulator/AnchoredSequenceCore.build/Objects-normal/arm64/AnchoredSequenceCore.swiftmodule (in target 'AnchoredSequenceCore' from project 'AnchoredSequenceCore')
    cd /Users/runner/work/MyRAM-iOS/MyRAM-iOS/Candidate/Packages/AnchoredSequenceCore
    builtin-copy -exclude .DS_Store -exclude CVS -exclude .svn -exclude .git -exclude .hg -resolve-src-symlinks -rename /tmp/MYR175-Classify-Candidate-iOS/Build/Intermediates.noindex/AnchoredSequenceCore.build/Debug-iphonesimulator/AnchoredSequenceCore.build/Objects-normal/arm64/AnchoredSequenceCore.swiftmodule /tmp/MYR175-Classify-Candidate-iOS/Build/Products/Debug-iphonesimulator/AnchoredSequenceCore.swiftmodule/arm64-apple-ios-simulator.swiftmodule

Copy /tmp/MYR175-Classify-Candidate-iOS/Build/Products/Debug-iphonesimulator/AnchoredSequenceCore.swiftmodule/arm64-apple-ios-simulator.swiftdoc /tmp/MYR175-Classify-Candidate-iOS/Build/Intermediates.noindex/AnchoredSequenceCore.build/Debug-iphonesimulator/AnchoredSequenceCore.build/Objects-normal/arm64/AnchoredSequenceCore.swiftdoc (in target 'AnchoredSequenceCore' from project 'AnchoredSequenceCore')
    cd /Users/runner/work/MyRAM-iOS/MyRAM-iOS/Candidate/Packages/AnchoredSequenceCore
    builtin-copy -exclude .DS_Store -exclude CVS -exclude .svn -exclude .git -exclude .hg -resolve-src-symlinks -rename /tmp/MYR175-Classify-Candidate-iOS/Build/Intermediates.noindex/AnchoredSequenceCore.build/Debug-iphonesimulator/AnchoredSequenceCore.build/Objects-normal/arm64/AnchoredSequenceCore.swiftdoc /tmp/MYR175-Classify-Candidate-iOS/Build/Products/Debug-iphonesimulator/AnchoredSequenceCore.swiftmodule/arm64-apple-ios-simulator.swiftdoc

Copy /tmp/MYR175-Classify-Candidate-iOS/Build/Products/Debug-iphonesimulator/AnchoredSequenceCore.swiftmodule/arm64-apple-ios-simulator.abi.json /tmp/MYR175-Classify-Candidate-iOS/Build/Intermediates.noindex/AnchoredSequenceCore.build/Debug-iphonesimulator/AnchoredSequenceCore.build/Objects-normal/arm64/AnchoredSequenceCore.abi.json (in target 'AnchoredSequenceCore' from project 'AnchoredSequenceCore')
    cd /Users/runner/work/MyRAM-iOS/MyRAM-iOS/Candidate/Packages/AnchoredSequenceCore
    builtin-copy -exclude .DS_Store -exclude CVS -exclude .svn -exclude .git -exclude .hg -resolve-src-symlinks -rename /tmp/MYR175-Classify-Candidate-iOS/Build/Intermediates.noindex/AnchoredSequenceCore.build/Debug-iphonesimulator/AnchoredSequenceCore.build/Objects-normal/arm64/AnchoredSequenceCore.abi.json /tmp/MYR175-Classify-Candidate-iOS/Build/Products/Debug-iphonesimulator/AnchoredSequenceCore.swiftmodule/arm64-apple-ios-simulator.abi.json

Copy /tmp/MYR175-Classify-Candidate-iOS/Build/Products/Debug-iphonesimulator/AnchoredSequenceCore.swiftmodule/Project/arm64-apple-ios-simulator.swiftsourceinfo /tmp/MYR175-Classify-Candidate-iOS/Build/Intermediates.noindex/AnchoredSequenceCore.build/Debug-iphonesimulator/AnchoredSequenceCore.build/Objects-normal/arm64/AnchoredSequenceCore.swiftsourceinfo (in target 'AnchoredSequenceCore' from project 'AnchoredSequenceCore')
    cd /Users/runner/work/MyRAM-iOS/MyRAM-iOS/Candidate/Packages/AnchoredSequenceCore
    builtin-copy -exclude .DS_Store -exclude CVS -exclude .svn -exclude .git -exclude .hg -resolve-src-symlinks -rename /tmp/MYR175-Classify-Candidate-iOS/Build/Intermediates.noindex/AnchoredSequenceCore.build/Debug-iphonesimulator/AnchoredSequenceCore.build/Objects-normal/arm64/AnchoredSequenceCore.swiftsourceinfo /tmp/MYR175-Classify-Candidate-iOS/Build/Products/Debug-iphonesimulator/AnchoredSequenceCore.swiftmodule/Project/arm64-apple-ios-simulator.swiftsourceinfo

SwiftExplicitDependencyGeneratePcm arm64 /tmp/MYR175-Classify-Candidate-iOS/ModuleCache.noindex/os-EQ7YR0PZKXEZULZSB5FNVR43N.pcm

SwiftExplicitDependencyGeneratePcm arm64 /tmp/MYR175-Classify-Candidate-iOS/ModuleCache.noindex/dnssd-AWQYG087RO2WK3BGVAABY3F2I.pcm

SwiftCompile normal arm64 Compiling\ SyncStore.swift,\ TrustedPeerStore.swift /Users/runner/work/MyRAM-iOS/MyRAM-iOS/NearbySyncCore/Sources/NearbySyncCore/SyncStore.swift /Users/runner/work/MyRAM-iOS/MyRAM-iOS/NearbySyncCore/Sources/NearbySyncCore/TrustedPeerStore.swift (in target 'NearbySyncCore' from project 'NearbySyncCore')

SwiftCompile normal arm64 /Users/runner/work/MyRAM-iOS/MyRAM-iOS/NearbySyncCore/Sources/NearbySyncCore/SyncStore.swift (in target 'NearbySyncCore' from project 'NearbySyncCore')
    cd /Users/runner/work/MyRAM-iOS/MyRAM-iOS/Candidate/MyRAM.xcodeproj
    

SwiftCompile normal arm64 /Users/runner/work/MyRAM-iOS/MyRAM-iOS/NearbySyncCore/Sources/NearbySyncCore/TrustedPeerStore.swift (in target 'NearbySyncCore' from project 'NearbySyncCore')
    cd /Users/runner/work/MyRAM-iOS/MyRAM-iOS/Candidate/MyRAM.xcodeproj
    

SwiftExplicitDependencyGeneratePcm arm64 /tmp/MYR175-Classify-Candidate-iOS/ModuleCache.noindex/Security-7PX1LX0BVNM5E1B4W3RPKFY4F.pcm

SwiftExplicitDependencyGeneratePcm arm64 /tmp/MYR175-Classify-Candidate-iOS/ModuleCache.noindex/CFNetwork-CIAFW0IOOWT79J0DYHS0JRW5H.pcm

SwiftExplicitDependencyGeneratePcm arm64 /tmp/MYR175-Classify-Candidate-iOS/ModuleCache.noindex/CoreGraphics-AX2Y5YOIGWCRB93A385B38HQ7.pcm

SwiftExplicitDependencyGeneratePcm arm64 /tmp/MYR175-Classify-Candidate-iOS/ModuleCache.noindex/Foundation-9HJ01B15FCI28JHAIUKXVI37E.pcm

SwiftExplicitDependencyGeneratePcm arm64 /tmp/MYR175-Classify-Candidate-iOS/ModuleCache.noindex/ImageIO-60XU5NKYFRMW324BDD2TPZVW6.pcm

SwiftExplicitDependencyGeneratePcm arm64 /tmp/MYR175-Classify-Candidate-iOS/ModuleCache.noindex/Accessibility-90CQ5MZSUNYJNMX5QC9X1096Q.pcm

SwiftExplicitDependencyGeneratePcm arm64 /tmp/MYR175-Classify-Candidate-iOS/ModuleCache.noindex/CoreTransferable-2D6D4NQVQWTBB83JAABZAZSGM.pcm

SwiftExplicitDependencyGeneratePcm arm64 /tmp/MYR175-Classify-Candidate-iOS/ModuleCache.noindex/UserNotifications-66ZSG3M601PILWPPS6ZSBB260.pcm

SwiftExplicitDependencyGeneratePcm arm64 /tmp/MYR175-Classify-Candidate-iOS/ModuleCache.noindex/WidgetKit-4AS2JH6R1N2P5OIU8BTS408T8.pcm

SwiftExplicitDependencyGeneratePcm arm64 /tmp/MYR175-Classify-Candidate-iOS/ModuleCache.noindex/OSLog-B44PAGE8E60CIHWETM6TU74IY.pcm

SwiftExplicitDependencyGeneratePcm arm64 /tmp/MYR175-Classify-Candidate-iOS/ModuleCache.noindex/CoreData-F59AMMJ79AC3DIC939311HIZV.pcm

SwiftExplicitDependencyGeneratePcm arm64 /tmp/MYR175-Classify-Candidate-iOS/ModuleCache.noindex/FileProvider-DO0SBE2E6M7YB7E87XOYD4QHN.pcm

SwiftExplicitDependencyGeneratePcm arm64 /tmp/MYR175-Classify-Candidate-iOS/ModuleCache.noindex/Network-75OMYPK7EVT4S1OXMT2LUK6FM.pcm

SwiftExplicitDependencyGeneratePcm arm64 /tmp/MYR175-Classify-Candidate-iOS/ModuleCache.noindex/DataDetection-SEKNQ2KA3DPUX0T4BG60RAXA.pcm

SwiftExplicitDependencyGeneratePcm arm64 /tmp/MYR175-Classify-Candidate-iOS/ModuleCache.noindex/UniformTypeIdentifiers-DEC709AAILSB3U1B47AOGZOOV.pcm

SwiftExplicitDependencyGeneratePcm arm64 /tmp/MYR175-Classify-Candidate-iOS/ModuleCache.noindex/CoreText-7PMFP0QPTVOLJVGDECQXB8OI3.pcm

SwiftExplicitDependencyGeneratePcm arm64 /tmp/MYR175-Classify-Candidate-iOS/ModuleCache.noindex/CoreSpotlight-6K7VLW4867OA3QN9473H4XBJR.pcm

SwiftDriverJobDiscovery normal arm64 Compiling SyncStore.swift, TrustedPeerStore.swift (in target 'NearbySyncCore' from project 'NearbySyncCore')

SwiftExplicitDependencyGeneratePcm arm64 /tmp/MYR175-Classify-Candidate-iOS/ModuleCache.noindex/IOSurface-5YL6GON4TO32B9VG9T3VX4RVV.pcm

SwiftExplicitDependencyGeneratePcm arm64 /tmp/MYR175-Classify-Candidate-iOS/ModuleCache.noindex/UIUtilities-DT2SAZKGTN01VB2LM7880Q28D.pcm

SwiftDriverJobDiscovery normal arm64 Compiling SyncModels.swift, SyncQueue.swift (in target 'NearbySyncCore' from project 'NearbySyncCore')

SwiftExplicitDependencyGeneratePcm arm64 /tmp/MYR175-Classify-Candidate-iOS/ModuleCache.noindex/AppIntents-EC7IR9CPB9LF0FV7ARTV19UIF.pcm

SwiftExplicitDependencyGeneratePcm arm64 /tmp/MYR175-Classify-Candidate-iOS/ModuleCache.noindex/_LocationEssentials-BN4XG6QF19GJKX5UI94QB7072.pcm

SwiftExplicitDependencyGeneratePcm arm64 /tmp/MYR175-Classify-Candidate-iOS/ModuleCache.noindex/OpenGLES-3C1515ITFAOLLUQQ0GF4L2ZPS.pcm

SwiftExplicitDependencyGeneratePcm arm64 /tmp/MYR175-Classify-Candidate-iOS/ModuleCache.noindex/RelevanceKit-EX6KQI9HCLQCKLFPAEG1BPRKF.pcm

SwiftExplicitDependencyGeneratePcm arm64 /tmp/MYR175-Classify-Candidate-iOS/ModuleCache.noindex/Metal-DXUZPTEXAXCVI9E26TZCW3Z63.pcm

SwiftExplicitDependencyGeneratePcm arm64 /tmp/MYR175-Classify-Candidate-iOS/ModuleCache.noindex/CoreLocation-9HJQPQKPXOT8ANQ1TCSRJ3R95.pcm

SwiftExplicitDependencyGeneratePcm arm64 /tmp/MYR175-Classify-Candidate-iOS/ModuleCache.noindex/Symbols-8Z1BYJPKEUNSONPORAWTW7EOD.pcm

SwiftCompile normal arm64 Compiling\ DebouncedChangeSender.swift,\ SyncEngine.swift /Users/runner/work/MyRAM-iOS/MyRAM-iOS/NearbySyncCore/Sources/NearbySyncCore/DebouncedChangeSender.swift /Users/runner/work/MyRAM-iOS/MyRAM-iOS/NearbySyncCore/Sources/NearbySyncCore/SyncEngine.swift (in target 'NearbySyncCore' from project 'NearbySyncCore')
SwiftCompile normal arm64 /Users/runner/work/MyRAM-iOS/MyRAM-iOS/NearbySyncCore/Sources/NearbySyncCore/DebouncedChangeSender.swift (in target 'NearbySyncCore' from project 'NearbySyncCore')
    cd /Users/runner/work/MyRAM-iOS/MyRAM-iOS/Candidate/MyRAM.xcodeproj
    

SwiftCompile normal arm64 /Users/runner/work/MyRAM-iOS/MyRAM-iOS/NearbySyncCore/Sources/NearbySyncCore/SyncEngine.swift (in target 'NearbySyncCore' from project 'NearbySyncCore')
    cd /Users/runner/work/MyRAM-iOS/MyRAM-iOS/Candidate/MyRAM.xcodeproj
    

SwiftExplicitDependencyGeneratePcm arm64 /tmp/MYR175-Classify-Candidate-iOS/ModuleCache.noindex/Intents-CPBC7JOKEAZKB73ESETVM7XU5.pcm

SwiftExplicitDependencyGeneratePcm arm64 /tmp/MYR175-Classify-Candidate-iOS/ModuleCache.noindex/CoreVideo-3VMI87B7KQBO1OTHXV5E8AK5F.pcm

SwiftExplicitDependencyGeneratePcm arm64 /tmp/MYR175-Classify-Candidate-iOS/ModuleCache.noindex/CoreImage-B3X9F621Z2QPLBGGH5ESIJIIU.pcm

SwiftExplicitDependencyGeneratePcm arm64 /tmp/MYR175-Classify-Candidate-iOS/ModuleCache.noindex/QuartzCore-427CB5JUB3BNDAOU9H668BNIH.pcm

SwiftDriverJobDiscovery normal arm64 Compiling DebouncedChangeSender.swift, SyncEngine.swift (in target 'NearbySyncCore' from project 'NearbySyncCore')

SwiftDriver\ Compilation NearbySyncCore normal arm64 com.apple.xcode.tools.swift.compiler (in target 'NearbySyncCore' from project 'NearbySyncCore')
    cd /Users/runner/work/MyRAM-iOS/MyRAM-iOS/Candidate/MyRAM.xcodeproj
    builtin-Swift-Compilation -- /Applications/Xcode_26.5.app/Contents/Developer/Toolchains/XcodeDefault.xctoolchain/usr/bin/swiftc -module-name NearbySyncCore -Onone @/tmp/MYR175-Classify-Candidate-iOS/Build/Intermediates.noindex/NearbySyncCore.build/Debug-iphonesimulator/NearbySyncCore.build/Objects-normal/arm64/NearbySyncCore.SwiftFileList -DSWIFT_PACKAGE -DDEBUG -DSWIFT_MODULE_RESOURCE_BUNDLE_UNAVAILABLE -DXcode -plugin-path /Applications/Xcode_26.5.app/Contents/Developer/Toolchains/XcodeDefault.xctoolchain/usr/lib/swift/host/plugins/testing -enable-experimental-feature DebugDescriptionMacro -sdk /Applications/Xcode_26.5.app/Contents/Developer/Platforms/iPhoneSimulator.platform/Developer/SDKs/iPhoneSimulator26.5.sdk -target arm64-apple-ios17.0-simulator -g -module-cache-path /tmp/MYR175-Classify-Candidate-iOS/ModuleCache.noindex -Xfrontend -serialize-debugging-options -enable-testing -suppress-warnings -index-store-path /tmp/MYR175-Classify-Candidate-iOS/Index.noindex/DataStore -Xcc -D_LIBCPP_HARDENING_MODE\=_LIBCPP_HARDENING_MODE_DEBUG -swift-version 5 -I /tmp/MYR175-Classify-Candidate-iOS/Build/Products/Debug-iphonesimulator -Isystem /Applications/Xcode_26.5.app/Contents/Developer/Platforms/iPhoneSimulator.platform/Developer/usr/lib -F /tmp/MYR175-Classify-Candidate-iOS/Build/Products/Debug-iphonesimulator -F /Applications/Xcode_26.5.app/Contents/Developer/Platforms/iPhoneSimulator.platform/Developer/Library/Frameworks -F /Applications/Xcode_26.5.app/Contents/Developer/Platforms/iPhoneSimulator.platform/Developer/SDKs/iPhoneSimulator26.5.sdk/Developer/Library/Frameworks -c -j3 -enable-batch-mode -incremental -Xcc -ivfsstatcache -Xcc /tmp/MYR175-Classify-Candidate-iOS/SDKStatCaches.noindex/iphonesimulator26.5-23F73-688ef53f1462e2c8f657fdc38a81448ffb7d586738ff35573a713a18216ade27.sdkstatcache -output-file-map /tmp/MYR175-Classify-Candidate-iOS/Build/Intermediates.noindex/NearbySyncCore.build/Debug-iphonesimulator/NearbySyncCore.build/Objects-normal/arm64/NearbySyncCore-OutputFileMap.json -use-frontend-parseable-output -save-temps -no-color-diagnostics -explicit-module-build -module-cache-path /tmp/MYR175-Classify-Candidate-iOS/Build/Intermediates.noindex/SwiftExplicitPrecompiledModules -clang-scanner-module-cache-path /tmp/MYR175-Classify-Candidate-iOS/ModuleCache.noindex -sdk-module-cache-path /tmp/MYR175-Classify-Candidate-iOS/ModuleCache.noindex -serialize-diagnostics -emit-dependencies -emit-module -emit-module-path /tmp/MYR175-Classify-Candidate-iOS/Build/Intermediates.noindex/NearbySyncCore.build/Debug-iphonesimulator/NearbySyncCore.build/Objects-normal/arm64/NearbySyncCore.swiftmodule -validate-clang-modules-once -clang-build-session-file /tmp/MYR175-Classify-Candidate-iOS/ModuleCache.noindex/Session.modulevalidation -package-name nearbysynccore -Xcc -I/tmp/MYR175-Classify-Candidate-iOS/Build/Intermediates.noindex/NearbySyncCore.build/Debug-iphonesimulator/NearbySyncCore.build/swift-overrides.hmap -emit-const-values -Xfrontend -const-gather-protocols-file -Xfrontend /tmp/MYR175-Classify-Candidate-iOS/Build/Intermediates.noindex/NearbySyncCore.build/Debug-iphonesimulator/NearbySyncCore.build/Objects-normal/arm64/NearbySyncCore_const_extract_protocols.json -Xcc -I/tmp/MYR175-Classify-Candidate-iOS/Build/Products/Debug-iphonesimulator/include -Xcc -I/tmp/MYR175-Classify-Candidate-iOS/Build/Intermediates.noindex/NearbySyncCore.build/Debug-iphonesimulator/NearbySyncCore.build/DerivedSources-normal/arm64 -Xcc -I/tmp/MYR175-Classify-Candidate-iOS/Build/Intermediates.noindex/NearbySyncCore.build/Debug-iphonesimulator/NearbySyncCore.build/DerivedSources/arm64 -Xcc -I/tmp/MYR175-Classify-Candidate-iOS/Build/Intermediates.noindex/NearbySyncCore.build/Debug-iphonesimulator/NearbySyncCore.build/DerivedSources -Xcc -DSWIFT_PACKAGE -Xcc -DDEBUG\=1 -emit-objc-header -emit-objc-header-path /tmp/MYR175-Classify-Candidate-iOS/Build/Intermediates.noindex/NearbySyncCore.build/Debug-iphonesimulator/NearbySyncCore.build/Objects-normal/arm64/NearbySyncCore-Swift.h -working-directory /Users/runner/work/MyRAM-iOS/MyRAM-iOS/Candidate/MyRAM.xcodeproj -experimental-emit-module-separately -disable-cmo

SwiftCompile normal arm64 Compiling\ SyncSequenceIdentity.swift,\ SyncTextLegacyBootstrap.swift /Users/runner/work/MyRAM-iOS/MyRAM-iOS/Candidate/Packages/AnchoredSequenceCore/Sources/AnchoredSequenceCore/SyncSequenceIdentity.swift /Users/runner/work/MyRAM-iOS/MyRAM-iOS/Candidate/Packages/AnchoredSequenceCore/Sources/AnchoredSequenceCore/SyncTextLegacyBootstrap.swift (in target 'AnchoredSequenceCore' from project 'AnchoredSequenceCore')
SwiftCompile normal arm64 /Users/runner/work/MyRAM-iOS/MyRAM-iOS/Candidate/Packages/AnchoredSequenceCore/Sources/AnchoredSequenceCore/SyncSequenceIdentity.swift (in target 'AnchoredSequenceCore' from project 'AnchoredSequenceCore')
    cd /Users/runner/work/MyRAM-iOS/MyRAM-iOS/Candidate/MyRAM.xcodeproj
    

SwiftCompile normal arm64 /Users/runner/work/MyRAM-iOS/MyRAM-iOS/Candidate/Packages/AnchoredSequenceCore/Sources/AnchoredSequenceCore/SyncTextLegacyBootstrap.swift (in target 'AnchoredSequenceCore' from project 'AnchoredSequenceCore')
    cd /Users/runner/work/MyRAM-iOS/MyRAM-iOS/Candidate/MyRAM.xcodeproj
    

SwiftCompile normal arm64 Compiling\ SyncActorSequenceReservation.swift,\ SyncOperationIDOrder.swift /Users/runner/work/MyRAM-iOS/MyRAM-iOS/Candidate/Packages/AnchoredSequenceCore/Sources/AnchoredSequenceCore/SyncActorSequenceReservation.swift /Users/runner/work/MyRAM-iOS/MyRAM-iOS/Candidate/Packages/AnchoredSequenceCore/Sources/AnchoredSequenceCore/SyncOperationIDOrder.swift (in target 'AnchoredSequenceCore' from project 'AnchoredSequenceCore')

SwiftCompile normal arm64 /Users/runner/work/MyRAM-iOS/MyRAM-iOS/Candidate/Packages/AnchoredSequenceCore/Sources/AnchoredSequenceCore/SyncActorSequenceReservation.swift (in target 'AnchoredSequenceCore' from project 'AnchoredSequenceCore')
    cd /Users/runner/work/MyRAM-iOS/MyRAM-iOS/Candidate/MyRAM.xcodeproj
    

SwiftCompile normal arm64 /Users/runner/work/MyRAM-iOS/MyRAM-iOS/Candidate/Packages/AnchoredSequenceCore/Sources/AnchoredSequenceCore/SyncOperationIDOrder.swift (in target 'AnchoredSequenceCore' from project 'AnchoredSequenceCore')
    cd /Users/runner/work/MyRAM-iOS/MyRAM-iOS/Candidate/MyRAM.xcodeproj
    

SwiftCompile normal arm64 Compiling\ SyncTextOperationPayload.swift,\ SyncTextSequenceState.swift /Users/runner/work/MyRAM-iOS/MyRAM-iOS/Candidate/Packages/AnchoredSequenceCore/Sources/AnchoredSequenceCore/SyncTextOperationPayload.swift /Users/runner/work/MyRAM-iOS/MyRAM-iOS/Candidate/Packages/AnchoredSequenceCore/Sources/AnchoredSequenceCore/SyncTextSequenceState.swift (in target 'AnchoredSequenceCore' from project 'AnchoredSequenceCore')
SwiftCompile normal arm64 /Users/runner/work/MyRAM-iOS/MyRAM-iOS/Candidate/Packages/AnchoredSequenceCore/Sources/AnchoredSequenceCore/SyncTextOperationPayload.swift (in target 'AnchoredSequenceCore' from project 'AnchoredSequenceCore')
    cd /Users/runner/work/MyRAM-iOS/MyRAM-iOS/Candidate/MyRAM.xcodeproj
    

SwiftCompile normal arm64 /Users/runner/work/MyRAM-iOS/MyRAM-iOS/Candidate/Packages/AnchoredSequenceCore/Sources/AnchoredSequenceCore/SyncTextSequenceState.swift (in target 'AnchoredSequenceCore' from project 'AnchoredSequenceCore')
    cd /Users/runner/work/MyRAM-iOS/MyRAM-iOS/Candidate/MyRAM.xcodeproj
    

SwiftExplicitDependencyGeneratePcm arm64 /tmp/MYR175-Classify-Candidate-iOS/ModuleCache.noindex/UIKit-CL4JMANT1CXRGEC2MQYFA4KFB.pcm

SwiftDriverJobDiscovery normal arm64 Compiling SyncActorSequenceReservation.swift, SyncOperationIDOrder.swift (in target 'AnchoredSequenceCore' from project 'AnchoredSequenceCore')

SwiftExplicitDependencyGeneratePcm arm64 /tmp/MYR175-Classify-Candidate-iOS/ModuleCache.noindex/SwiftUICore-198OQPH5KP6KWTR7JDR13YOG3.pcm

SwiftDriverJobDiscovery normal arm64 Compiling SyncSequenceIdentity.swift, SyncTextLegacyBootstrap.swift (in target 'AnchoredSequenceCore' from project 'AnchoredSequenceCore')

Ld /tmp/MYR175-Classify-Candidate-iOS/Build/Products/Debug-iphonesimulator/NearbySyncCore.o normal (in target 'NearbySyncCore' from project 'NearbySyncCore')
    cd /Users/runner/work/MyRAM-iOS/MyRAM-iOS/NearbySyncCore
    /Applications/Xcode_26.5.app/Contents/Developer/Toolchains/XcodeDefault.xctoolchain/usr/bin/clang -Xlinker -reproducible -target arm64-apple-ios17.0-simulator -r -isysroot /Applications/Xcode_26.5.app/Contents/Developer/Platforms/iPhoneSimulator.platform/Developer/SDKs/iPhoneSimulator26.5.sdk -O0 -w -F/tmp/MYR175-Classify-Candidate-iOS/Build/Intermediates.noindex/EagerLinkingTBDs/Debug-iphonesimulator -F/tmp/MYR175-Classify-Candidate-iOS/Build/Products/Debug-iphonesimulator -iframework /Applications/Xcode_26.5.app/Contents/Developer/Platforms/iPhoneSimulator.platform/Developer/Library/Frameworks -iframework /Applications/Xcode_26.5.app/Contents/Developer/Platforms/iPhoneSimulator.platform/Developer/SDKs/iPhoneSimulator26.5.sdk/Developer/Library/Frameworks -filelist /tmp/MYR175-Classify-Candidate-iOS/Build/Intermediates.noindex/NearbySyncCore.build/Debug-iphonesimulator/NearbySyncCore.build/Objects-normal/arm64/NearbySyncCore.LinkFileList -nostdlib -Xlinker -object_path_lto -Xlinker /tmp/MYR175-Classify-Candidate-iOS/Build/Intermediates.noindex/NearbySyncCore.build/Debug-iphonesimulator/NearbySyncCore.build/Objects-normal/arm64/NearbySyncCore_lto.o -Xlinker -no_deduplicate -Xlinker -objc_abi_version -Xlinker 2 -Xlinker -dependency_info -Xlinker /tmp/MYR175-Classify-Candidate-iOS/Build/Intermediates.noindex/NearbySyncCore.build/Debug-iphonesimulator/NearbySyncCore.build/Objects-normal/arm64/NearbySyncCore_dependency_info.dat -fobjc-link-runtime -L/Applications/Xcode_26.5.app/Contents/Developer/Toolchains/XcodeDefault.xctoolchain/usr/lib/swift/iphonesimulator -L/usr/lib/swift -Xlinker -add_ast_path -Xlinker /tmp/MYR175-Classify-Candidate-iOS/Build/Intermediates.noindex/NearbySyncCore.build/Debug-iphonesimulator/NearbySyncCore.build/Objects-normal/arm64/NearbySyncCore.swiftmodule @/tmp/MYR175-Classify-Candidate-iOS/Build/Intermediates.noindex/NearbySyncCore.build/Debug-iphonesimulator/NearbySyncCore.build/Objects-normal/arm64/NearbySyncCore-linker-args.resp -o /tmp/MYR175-Classify-Candidate-iOS/Build/Products/Debug-iphonesimulator/NearbySyncCore.o

ExtractAppIntentsMetadata (in target 'NearbySyncCore' from project 'NearbySyncCore')
    cd /Users/runner/work/MyRAM-iOS/MyRAM-iOS/NearbySyncCore
    /Applications/Xcode_26.5.app/Contents/Developer/Toolchains/XcodeDefault.xctoolchain/usr/bin/appintentsmetadataprocessor --toolchain-dir /var/run/com.apple.security.cryptexd/mnt/com.apple.MobileAsset.MetalToolchain-v17.6.42.0.IemA5J/Metal.xctoolchain --module-name NearbySyncCore --sdk-root /Applications/Xcode_26.5.app/Contents/Developer/Platforms/iPhoneSimulator.platform/Developer/SDKs/iPhoneSimulator26.5.sdk --xcode-version 17F42 --platform-family iOS --deployment-target 17.0 --bundle-identifier nearbysynccore.NearbySyncCore --output /tmp/MYR175-Classify-Candidate-iOS/Build/Products/Debug-iphonesimulator/NearbySyncCore.appintents --target-triple arm64-apple-ios17.0-simulator --binary-file /tmp/MYR175-Classify-Candidate-iOS/Build/Products/Debug-iphonesimulator/NearbySyncCore.o --dependency-file /tmp/MYR175-Classify-Candidate-iOS/Build/Intermediates.noindex/NearbySyncCore.build/Debug-iphonesimulator/NearbySyncCore.build/Objects-normal/arm64/NearbySyncCore_dependency_info.dat --stringsdata-file /tmp/MYR175-Classify-Candidate-iOS/Build/Intermediates.noindex/NearbySyncCore.build/Debug-iphonesimulator/NearbySyncCore.build/Objects-normal/arm64/ExtractedAppShortcutsMetadata.stringsdata --source-file-list /tmp/MYR175-Classify-Candidate-iOS/Build/Intermediates.noindex/NearbySyncCore.build/Debug-iphonesimulator/NearbySyncCore.build/Objects-normal/arm64/NearbySyncCore.SwiftFileList --metadata-file-list /tmp/MYR175-Classify-Candidate-iOS/Build/Intermediates.noindex/NearbySyncCore.build/Debug-iphonesimulator/NearbySyncCore.build/NearbySyncCore.DependencyMetadataFileList --static-metadata-file-list /tmp/MYR175-Classify-Candidate-iOS/Build/Intermediates.noindex/NearbySyncCore.build/Debug-iphonesimulator/NearbySyncCore.build/NearbySyncCore.DependencyStaticMetadataFileList --swift-const-vals-list /tmp/MYR175-Classify-Candidate-iOS/Build/Intermediates.noindex/NearbySyncCore.build/Debug-iphonesimulator/NearbySyncCore.build/Objects-normal/arm64/NearbySyncCore.SwiftConstValuesFileList --force --compile-time-extraction --deployment-aware-processing --validate-assistant-intents --no-app-shortcuts-localization
2026-08-04 15:30:24.421 appintentsmetadataprocessor[2753:11446] Starting appintentsmetadataprocessor export
2026-08-04 15:30:24.455 appintentsmetadataprocessor[2753:11446] Extracted no relevant App Intents symbols, skipping writing output

RegisterExecutionPolicyException /tmp/MYR175-Classify-Candidate-iOS/Build/Products/Debug-iphonesimulator/NearbySyncCore.o (in target 'NearbySyncCore' from project 'NearbySyncCore')
    cd /Users/runner/work/MyRAM-iOS/MyRAM-iOS/NearbySyncCore
    builtin-RegisterExecutionPolicyException /tmp/MYR175-Classify-Candidate-iOS/Build/Products/Debug-iphonesimulator/NearbySyncCore.o

SwiftExplicitDependencyGeneratePcm arm64 /tmp/MYR175-Classify-Candidate-iOS/ModuleCache.noindex/SwiftUI-TAY16JFH2IKRTDBMXAJLREGO.pcm

SwiftEmitModule normal arm64 Emitting\ module\ for\ MyRAMWidgetExtension (in target 'MyRAMWidgetExtension' from project 'MyRAM')
EmitSwiftModule normal arm64 (in target 'MyRAMWidgetExtension' from project 'MyRAM')
    cd /Users/runner/work/MyRAM-iOS/MyRAM-iOS/Candidate
    

SwiftCompile normal arm64 Compiling\ MyRAMWidgetRuntimeConfiguration.swift,\ MyRAMWidgetSnapshotStore.swift,\ MyRAMWidget.swift /Users/runner/work/MyRAM-iOS/MyRAM-iOS/Candidate/MyRAM/WidgetShared/MyRAMWidgetRuntimeConfiguration.swift /Users/runner/work/MyRAM-iOS/MyRAM-iOS/Candidate/MyRAM/WidgetShared/MyRAMWidgetSnapshotStore.swift /Users/runner/work/MyRAM-iOS/MyRAM-iOS/Candidate/MyRAMWidget/MyRAMWidget.swift (in target 'MyRAMWidgetExtension' from project 'MyRAM')
SwiftCompile normal arm64 /Users/runner/work/MyRAM-iOS/MyRAM-iOS/Candidate/MyRAM/WidgetShared/MyRAMWidgetRuntimeConfiguration.swift (in target 'MyRAMWidgetExtension' from project 'MyRAM')
    cd /Users/runner/work/MyRAM-iOS/MyRAM-iOS/Candidate
    

SwiftCompile normal arm64 /Users/runner/work/MyRAM-iOS/MyRAM-iOS/Candidate/MyRAM/WidgetShared/MyRAMWidgetSnapshotStore.swift (in target 'MyRAMWidgetExtension' from project 'MyRAM')
    cd /Users/runner/work/MyRAM-iOS/MyRAM-iOS/Candidate
    

SwiftCompile normal arm64 /Users/runner/work/MyRAM-iOS/MyRAM-iOS/Candidate/MyRAMWidget/MyRAMWidget.swift (in target 'MyRAMWidgetExtension' from project 'MyRAM')
    cd /Users/runner/work/MyRAM-iOS/MyRAM-iOS/Candidate
    

SwiftCompile normal arm64 Compiling\ MyRAMWidgetSnapshotCodec.swift,\ MyRAMWidgetDeepLink.swift,\ MyRAMWidgetSnapshot.swift /Users/runner/work/MyRAM-iOS/MyRAM-iOS/Candidate/MyRAM/WidgetShared/MyRAMWidgetSnapshotCodec.swift /Users/runner/work/MyRAM-iOS/MyRAM-iOS/Candidate/MyRAM/WidgetShared/MyRAMWidgetDeepLink.swift /Users/runner/work/MyRAM-iOS/MyRAM-iOS/Candidate/MyRAM/WidgetShared/MyRAMWidgetSnapshot.swift (in target 'MyRAMWidgetExtension' from project 'MyRAM')

SwiftCompile normal arm64 /Users/runner/work/MyRAM-iOS/MyRAM-iOS/Candidate/MyRAM/WidgetShared/MyRAMWidgetSnapshotCodec.swift (in target 'MyRAMWidgetExtension' from project 'MyRAM')
    cd /Users/runner/work/MyRAM-iOS/MyRAM-iOS/Candidate
    

SwiftCompile normal arm64 /Users/runner/work/MyRAM-iOS/MyRAM-iOS/Candidate/MyRAM/WidgetShared/MyRAMWidgetDeepLink.swift (in target 'MyRAMWidgetExtension' from project 'MyRAM')
    cd /Users/runner/work/MyRAM-iOS/MyRAM-iOS/Candidate
    

SwiftCompile normal arm64 /Users/runner/work/MyRAM-iOS/MyRAM-iOS/Candidate/MyRAM/WidgetShared/MyRAMWidgetSnapshot.swift (in target 'MyRAMWidgetExtension' from project 'MyRAM')
    cd /Users/runner/work/MyRAM-iOS/MyRAM-iOS/Candidate
    

SwiftDriverJobDiscovery normal arm64 Compiling SyncTextOperationPayload.swift, SyncTextSequenceState.swift (in target 'AnchoredSequenceCore' from project 'AnchoredSequenceCore')

SwiftCompile normal arm64 Compiling\ MyRAMWidgetBundle.swift,\ MyRAMWidgetContentSelectionPolicy.swift,\ GeneratedAssetSymbols.swift /Users/runner/work/MyRAM-iOS/MyRAM-iOS/Candidate/MyRAMWidget/MyRAMWidgetBundle.swift /Users/runner/work/MyRAM-iOS/MyRAM-iOS/Candidate/MyRAM/WidgetShared/MyRAMWidgetContentSelectionPolicy.swift /tmp/MYR175-Classify-Candidate-iOS/Build/Intermediates.noindex/MyRAM.build/Debug-iphonesimulator/MyRAMWidgetExtension.build/DerivedSources/GeneratedAssetSymbols.swift (in target 'MyRAMWidgetExtension' from project 'MyRAM')
SwiftCompile normal arm64 /Users/runner/work/MyRAM-iOS/MyRAM-iOS/Candidate/MyRAMWidget/MyRAMWidgetBundle.swift (in target 'MyRAMWidgetExtension' from project 'MyRAM')
    cd /Users/runner/work/MyRAM-iOS/MyRAM-iOS/Candidate
    

SwiftCompile normal arm64 /Users/runner/work/MyRAM-iOS/MyRAM-iOS/Candidate/MyRAM/WidgetShared/MyRAMWidgetContentSelectionPolicy.swift (in target 'MyRAMWidgetExtension' from project 'MyRAM')
    cd /Users/runner/work/MyRAM-iOS/MyRAM-iOS/Candidate
    

SwiftCompile normal arm64 /tmp/MYR175-Classify-Candidate-iOS/Build/Intermediates.noindex/MyRAM.build/Debug-iphonesimulator/MyRAMWidgetExtension.build/DerivedSources/GeneratedAssetSymbols.swift (in target 'MyRAMWidgetExtension' from project 'MyRAM')
    cd /Users/runner/work/MyRAM-iOS/MyRAM-iOS/Candidate
    

SwiftDriverJobDiscovery normal arm64 Emitting module for MyRAMWidgetExtension (in target 'MyRAMWidgetExtension' from project 'MyRAM')

SwiftDriver\ Compilation\ Requirements MyRAMWidgetExtension normal arm64 com.apple.xcode.tools.swift.compiler (in target 'MyRAMWidgetExtension' from project 'MyRAM')
    cd /Users/runner/work/MyRAM-iOS/MyRAM-iOS/Candidate
    builtin-Swift-Compilation-Requirements -- /Applications/Xcode_26.5.app/Contents/Developer/Toolchains/XcodeDefault.xctoolchain/usr/bin/swiftc -module-name MyRAMWidgetExtension -Onone @/tmp/MYR175-Classify-Candidate-iOS/Build/Intermediates.noindex/MyRAM.build/Debug-iphonesimulator/MyRAMWidgetExtension.build/Objects-normal/arm64/MyRAMWidgetExtension.SwiftFileList -DDEBUG -enable-bare-slash-regex -enable-upcoming-feature DisableOutwardActorInference -enable-upcoming-feature InferSendableFromCaptures -enable-upcoming-feature GlobalActorIsolatedTypesUsability -enable-upcoming-feature MemberImportVisibility -enable-upcoming-feature InferIsolatedConformances -enable-upcoming-feature NonisolatedNonsendingByDefault -enable-experimental-feature DebugDescriptionMacro -sdk /Applications/Xcode_26.5.app/Contents/Developer/Platforms/iPhoneSimulator.platform/Developer/SDKs/iPhoneSimulator26.5.sdk -target arm64-apple-ios17.0-simulator -g -module-cache-path /tmp/MYR175-Classify-Candidate-iOS/ModuleCache.noindex -Xfrontend -serialize-debugging-options -application-extension -enable-testing -index-store-path /tmp/MYR175-Classify-Candidate-iOS/Index.noindex/DataStore -Xcc -D_LIBCPP_HARDENING_MODE\=_LIBCPP_HARDENING_MODE_DEBUG -swift-version 5 -I /tmp/MYR175-Classify-Candidate-iOS/Build/Products/Debug-iphonesimulator -F /tmp/MYR175-Classify-Candidate-iOS/Build/Products/Debug-iphonesimulator -emit-localized-strings -emit-localized-strings-path /tmp/MYR175-Classify-Candidate-iOS/Build/Intermediates.noindex/MyRAM.build/Debug-iphonesimulator/MyRAMWidgetExtension.build/Objects-normal/arm64 -c -j3 -enable-batch-mode -incremental -Xcc -ivfsstatcache -Xcc /tmp/MYR175-Classify-Candidate-iOS/SDKStatCaches.noindex/iphonesimulator26.5-23F73-688ef53f1462e2c8f657fdc38a81448ffb7d586738ff35573a713a18216ade27.sdkstatcache -output-file-map /tmp/MYR175-Classify-Candidate-iOS/Build/Intermediates.noindex/MyRAM.build/Debug-iphonesimulator/MyRAMWidgetExtension.build/Objects-normal/arm64/MyRAMWidgetExtension-OutputFileMap.json -use-frontend-parseable-output -save-temps -no-color-diagnostics -explicit-module-build -module-cache-path /tmp/MYR175-Classify-Candidate-iOS/Build/Intermediates.noindex/SwiftExplicitPrecompiledModules -clang-scanner-module-cache-path /tmp/MYR175-Classify-Candidate-iOS/ModuleCache.noindex -sdk-module-cache-path /tmp/MYR175-Classify-Candidate-iOS/ModuleCache.noindex -serialize-diagnostics -emit-dependencies -emit-module -emit-module-path /tmp/MYR175-Classify-Candidate-iOS/Build/Intermediates.noindex/MyRAM.build/Debug-iphonesimulator/MyRAMWidgetExtension.build/Objects-normal/arm64/MyRAMWidgetExtension.swiftmodule -validate-clang-modules-once -clang-build-session-file /tmp/MYR175-Classify-Candidate-iOS/ModuleCache.noindex/Session.modulevalidation -Xcc -I/tmp/MYR175-Classify-Candidate-iOS/Build/Intermediates.noindex/MyRAM.build/Debug-iphonesimulator/MyRAMWidgetExtension.build/swift-overrides.hmap -emit-const-values -Xfrontend -const-gather-protocols-file -Xfrontend /tmp/MYR175-Classify-Candidate-iOS/Build/Intermediates.noindex/MyRAM.build/Debug-iphonesimulator/MyRAMWidgetExtension.build/Objects-normal/arm64/MyRAMWidgetExtension_const_extract_protocols.json -Xcc -iquote -Xcc /tmp/MYR175-Classify-Candidate-iOS/Build/Intermediates.noindex/MyRAM.build/Debug-iphonesimulator/MyRAMWidgetExtension.build/MyRAMWidgetExtension-generated-files.hmap -Xcc -I/tmp/MYR175-Classify-Candidate-iOS/Build/Intermediates.noindex/MyRAM.build/Debug-iphonesimulator/MyRAMWidgetExtension.build/MyRAMWidgetExtension-own-target-headers.hmap -Xcc -I/tmp/MYR175-Classify-Candidate-iOS/Build/Intermediates.noindex/MyRAM.build/Debug-iphonesimulator/MyRAMWidgetExtension.build/MyRAMWidgetExtension-all-non-framework-target-headers.hmap -Xcc -ivfsoverlay -Xcc /tmp/MYR175-Classify-Candidate-iOS/Build/Intermediates.noindex/MyRAM.build/Debug-iphonesimulator/MyRAM-98a9cbde253e8e955bc92731eb290203-VFS-iphonesimulator/all-product-headers.yaml -Xcc -iquote -Xcc /tmp/MYR175-Classify-Candidate-iOS/Build/Intermediates.noindex/MyRAM.build/Debug-iphonesimulator/MyRAMWidgetExtension.build/MyRAMWidgetExtension-project-headers.hmap -Xcc -I/tmp/MYR175-Classify-Candidate-iOS/Build/Products/Debug-iphonesimulator/include -Xcc -I/tmp/MYR175-Classify-Candidate-iOS/Build/Intermediates.noindex/MyRAM.build/Debug-iphonesimulator/MyRAMWidgetExtension.build/DerivedSources-normal/arm64 -Xcc -I/tmp/MYR175-Classify-Candidate-iOS/Build/Intermediates.noindex/MyRAM.build/Debug-iphonesimulator/MyRAMWidgetExtension.build/DerivedSources/arm64 -Xcc -I/tmp/MYR175-Classify-Candidate-iOS/Build/Intermediates.noindex/MyRAM.build/Debug-iphonesimulator/MyRAMWidgetExtension.build/DerivedSources -Xcc -DDEBUG\=1 -emit-objc-header -emit-objc-header-path /tmp/MYR175-Classify-Candidate-iOS/Build/Intermediates.noindex/MyRAM.build/Debug-iphonesimulator/MyRAMWidgetExtension.build/Objects-normal/arm64/MyRAMWidgetExtension-Swift.h -working-directory /Users/runner/work/MyRAM-iOS/MyRAM-iOS/Candidate -experimental-emit-module-separately -disable-cmo

SwiftDriverJobDiscovery normal arm64 Compiling MyRAMWidgetSnapshotCodec.swift, MyRAMWidgetDeepLink.swift, MyRAMWidgetSnapshot.swift (in target 'MyRAMWidgetExtension' from project 'MyRAM')

SwiftDriver\ Compilation AnchoredSequenceCore normal arm64 com.apple.xcode.tools.swift.compiler (in target 'AnchoredSequenceCore' from project 'AnchoredSequenceCore')
    cd /Users/runner/work/MyRAM-iOS/MyRAM-iOS/Candidate/MyRAM.xcodeproj
    builtin-Swift-Compilation -- /Applications/Xcode_26.5.app/Contents/Developer/Toolchains/XcodeDefault.xctoolchain/usr/bin/swiftc -module-name AnchoredSequenceCore -Onone @/tmp/MYR175-Classify-Candidate-iOS/Build/Intermediates.noindex/AnchoredSequenceCore.build/Debug-iphonesimulator/AnchoredSequenceCore.build/Objects-normal/arm64/AnchoredSequenceCore.SwiftFileList -DSWIFT_PACKAGE -DDEBUG -DSWIFT_MODULE_RESOURCE_BUNDLE_UNAVAILABLE -DXcode -plugin-path /Applications/Xcode_26.5.app/Contents/Developer/Toolchains/XcodeDefault.xctoolchain/usr/lib/swift/host/plugins/testing -enable-experimental-feature DebugDescriptionMacro -sdk /Applications/Xcode_26.5.app/Contents/Developer/Platforms/iPhoneSimulator.platform/Developer/SDKs/iPhoneSimulator26.5.sdk -target arm64-apple-ios17.0-simulator -g -module-cache-path /tmp/MYR175-Classify-Candidate-iOS/ModuleCache.noindex -Xfrontend -serialize-debugging-options -enable-testing -suppress-warnings -index-store-path /tmp/MYR175-Classify-Candidate-iOS/Index.noindex/DataStore -Xcc -D_LIBCPP_HARDENING_MODE\=_LIBCPP_HARDENING_MODE_DEBUG -swift-version 5 -I /tmp/MYR175-Classify-Candidate-iOS/Build/Products/Debug-iphonesimulator -Isystem /Applications/Xcode_26.5.app/Contents/Developer/Platforms/iPhoneSimulator.platform/Developer/usr/lib -F /tmp/MYR175-Classify-Candidate-iOS/Build/Products/Debug-iphonesimulator -F /Applications/Xcode_26.5.app/Contents/Developer/Platforms/iPhoneSimulator.platform/Developer/Library/Frameworks -F /Applications/Xcode_26.5.app/Contents/Developer/Platforms/iPhoneSimulator.platform/Developer/SDKs/iPhoneSimulator26.5.sdk/Developer/Library/Frameworks -c -j3 -enable-batch-mode -incremental -Xcc -ivfsstatcache -Xcc /tmp/MYR175-Classify-Candidate-iOS/SDKStatCaches.noindex/iphonesimulator26.5-23F73-688ef53f1462e2c8f657fdc38a81448ffb7d586738ff35573a713a18216ade27.sdkstatcache -output-file-map /tmp/MYR175-Classify-Candidate-iOS/Build/Intermediates.noindex/AnchoredSequenceCore.build/Debug-iphonesimulator/AnchoredSequenceCore.build/Objects-normal/arm64/AnchoredSequenceCore-OutputFileMap.json -use-frontend-parseable-output -save-temps -no-color-diagnostics -explicit-module-build -module-cache-path /tmp/MYR175-Classify-Candidate-iOS/Build/Intermediates.noindex/SwiftExplicitPrecompiledModules -clang-scanner-module-cache-path /tmp/MYR175-Classify-Candidate-iOS/ModuleCache.noindex -sdk-module-cache-path /tmp/MYR175-Classify-Candidate-iOS/ModuleCache.noindex -serialize-diagnostics -emit-dependencies -emit-module -emit-module-path /tmp/MYR175-Classify-Candidate-iOS/Build/Intermediates.noindex/AnchoredSequenceCore.build/Debug-iphonesimulator/AnchoredSequenceCore.build/Objects-normal/arm64/AnchoredSequenceCore.swiftmodule -validate-clang-modules-once -clang-build-session-file /tmp/MYR175-Classify-Candidate-iOS/ModuleCache.noindex/Session.modulevalidation -package-name anchoredsequencecore -Xcc -I/tmp/MYR175-Classify-Candidate-iOS/Build/Intermediates.noindex/AnchoredSequenceCore.build/Debug-iphonesimulator/AnchoredSequenceCore.build/swift-overrides.hmap -emit-const-values -Xfrontend -const-gather-protocols-file -Xfrontend /tmp/MYR175-Classify-Candidate-iOS/Build/Intermediates.noindex/AnchoredSequenceCore.build/Debug-iphonesimulator/AnchoredSequenceCore.build/Objects-normal/arm64/AnchoredSequenceCore_const_extract_protocols.json -Xcc -I/tmp/MYR175-Classify-Candidate-iOS/Build/Products/Debug-iphonesimulator/include -Xcc -I/tmp/MYR175-Classify-Candidate-iOS/Build/Intermediates.noindex/AnchoredSequenceCore.build/Debug-iphonesimulator/AnchoredSequenceCore.build/DerivedSources-normal/arm64 -Xcc -I/tmp/MYR175-Classify-Candidate-iOS/Build/Intermediates.noindex/AnchoredSequenceCore.build/Debug-iphonesimulator/AnchoredSequenceCore.build/DerivedSources/arm64 -Xcc -I/tmp/MYR175-Classify-Candidate-iOS/Build/Intermediates.noindex/AnchoredSequenceCore.build/Debug-iphonesimulator/AnchoredSequenceCore.build/DerivedSources -Xcc -DSWIFT_PACKAGE -Xcc -DDEBUG\=1 -emit-objc-header -emit-objc-header-path /tmp/MYR175-Classify-Candidate-iOS/Build/Intermediates.noindex/AnchoredSequenceCore.build/Debug-iphonesimulator/AnchoredSequenceCore.build/Objects-normal/arm64/AnchoredSequenceCore-Swift.h -working-directory /Users/runner/work/MyRAM-iOS/MyRAM-iOS/Candidate/MyRAM.xcodeproj -experimental-emit-module-separately -disable-cmo

SwiftMergeGeneratedHeaders /tmp/MYR175-Classify-Candidate-iOS/Build/Intermediates.noindex/MyRAM.build/Debug-iphonesimulator/MyRAMWidgetExtension.build/DerivedSources/MyRAMWidgetExtension-Swift.h /tmp/MYR175-Classify-Candidate-iOS/Build/Intermediates.noindex/MyRAM.build/Debug-iphonesimulator/MyRAMWidgetExtension.build/Objects-normal/arm64/MyRAMWidgetExtension-Swift.h (in target 'MyRAMWidgetExtension' from project 'MyRAM')
    cd /Users/runner/work/MyRAM-iOS/MyRAM-iOS/Candidate
    builtin-swiftHeaderTool -arch arm64 /tmp/MYR175-Classify-Candidate-iOS/Build/Intermediates.noindex/MyRAM.build/Debug-iphonesimulator/MyRAMWidgetExtension.build/Objects-normal/arm64/MyRAMWidgetExtension-Swift.h -o /tmp/MYR175-Classify-Candidate-iOS/Build/Intermediates.noindex/MyRAM.build/Debug-iphonesimulator/MyRAMWidgetExtension.build/DerivedSources/MyRAMWidgetExtension-Swift.h

Copy /tmp/MYR175-Classify-Candidate-iOS/Build/Products/Debug-iphonesimulator/MyRAMWidgetExtension.swiftmodule/arm64-apple-ios-simulator.swiftmodule /tmp/MYR175-Classify-Candidate-iOS/Build/Intermediates.noindex/MyRAM.build/Debug-iphonesimulator/MyRAMWidgetExtension.build/Objects-normal/arm64/MyRAMWidgetExtension.swiftmodule (in target 'MyRAMWidgetExtension' from project 'MyRAM')
    cd /Users/runner/work/MyRAM-iOS/MyRAM-iOS/Candidate
    builtin-copy -exclude .DS_Store -exclude CVS -exclude .svn -exclude .git -exclude .hg -resolve-src-symlinks -rename /tmp/MYR175-Classify-Candidate-iOS/Build/Intermediates.noindex/MyRAM.build/Debug-iphonesimulator/MyRAMWidgetExtension.build/Objects-normal/arm64/MyRAMWidgetExtension.swiftmodule /tmp/MYR175-Classify-Candidate-iOS/Build/Products/Debug-iphonesimulator/MyRAMWidgetExtension.swiftmodule/arm64-apple-ios-simulator.swiftmodule

Copy /tmp/MYR175-Classify-Candidate-iOS/Build/Products/Debug-iphonesimulator/MyRAMWidgetExtension.swiftmodule/arm64-apple-ios-simulator.swiftdoc /tmp/MYR175-Classify-Candidate-iOS/Build/Intermediates.noindex/MyRAM.build/Debug-iphonesimulator/MyRAMWidgetExtension.build/Objects-normal/arm64/MyRAMWidgetExtension.swiftdoc (in target 'MyRAMWidgetExtension' from project 'MyRAM')
    cd /Users/runner/work/MyRAM-iOS/MyRAM-iOS/Candidate
    builtin-copy -exclude .DS_Store -exclude CVS -exclude .svn -exclude .git -exclude .hg -resolve-src-symlinks -rename /tmp/MYR175-Classify-Candidate-iOS/Build/Intermediates.noindex/MyRAM.build/Debug-iphonesimulator/MyRAMWidgetExtension.build/Objects-normal/arm64/MyRAMWidgetExtension.swiftdoc /tmp/MYR175-Classify-Candidate-iOS/Build/Products/Debug-iphonesimulator/MyRAMWidgetExtension.swiftmodule/arm64-apple-ios-simulator.swiftdoc

Copy /tmp/MYR175-Classify-Candidate-iOS/Build/Products/Debug-iphonesimulator/MyRAMWidgetExtension.swiftmodule/arm64-apple-ios-simulator.abi.json /tmp/MYR175-Classify-Candidate-iOS/Build/Intermediates.noindex/MyRAM.build/Debug-iphonesimulator/MyRAMWidgetExtension.build/Objects-normal/arm64/MyRAMWidgetExtension.abi.json (in target 'MyRAMWidgetExtension' from project 'MyRAM')
    cd /Users/runner/work/MyRAM-iOS/MyRAM-iOS/Candidate
    builtin-copy -exclude .DS_Store -exclude CVS -exclude .svn -exclude .git -exclude .hg -resolve-src-symlinks -rename /tmp/MYR175-Classify-Candidate-iOS/Build/Intermediates.noindex/MyRAM.build/Debug-iphonesimulator/MyRAMWidgetExtension.build/Objects-normal/arm64/MyRAMWidgetExtension.abi.json /tmp/MYR175-Classify-Candidate-iOS/Build/Products/Debug-iphonesimulator/MyRAMWidgetExtension.swiftmodule/arm64-apple-ios-simulator.abi.json

Copy /tmp/MYR175-Classify-Candidate-iOS/Build/Products/Debug-iphonesimulator/MyRAMWidgetExtension.swiftmodule/Project/arm64-apple-ios-simulator.swiftsourceinfo /tmp/MYR175-Classify-Candidate-iOS/Build/Intermediates.noindex/MyRAM.build/Debug-iphonesimulator/MyRAMWidgetExtension.build/Objects-normal/arm64/MyRAMWidgetExtension.swiftsourceinfo (in target 'MyRAMWidgetExtension' from project 'MyRAM')
    cd /Users/runner/work/MyRAM-iOS/MyRAM-iOS/Candidate
    builtin-copy -exclude .DS_Store -exclude CVS -exclude .svn -exclude .git -exclude .hg -resolve-src-symlinks -rename /tmp/MYR175-Classify-Candidate-iOS/Build/Intermediates.noindex/MyRAM.build/Debug-iphonesimulator/MyRAMWidgetExtension.build/Objects-normal/arm64/MyRAMWidgetExtension.swiftsourceinfo /tmp/MYR175-Classify-Candidate-iOS/Build/Products/Debug-iphonesimulator/MyRAMWidgetExtension.swiftmodule/Project/arm64-apple-ios-simulator.swiftsourceinfo

Ld /tmp/MYR175-Classify-Candidate-iOS/Build/Products/Debug-iphonesimulator/AnchoredSequenceCore.o normal (in target 'AnchoredSequenceCore' from project 'AnchoredSequenceCore')
    cd /Users/runner/work/MyRAM-iOS/MyRAM-iOS/Candidate/Packages/AnchoredSequenceCore
    /Applications/Xcode_26.5.app/Contents/Developer/Toolchains/XcodeDefault.xctoolchain/usr/bin/clang -Xlinker -reproducible -target arm64-apple-ios17.0-simulator -r -isysroot /Applications/Xcode_26.5.app/Contents/Developer/Platforms/iPhoneSimulator.platform/Developer/SDKs/iPhoneSimulator26.5.sdk -O0 -w -F/tmp/MYR175-Classify-Candidate-iOS/Build/Intermediates.noindex/EagerLinkingTBDs/Debug-iphonesimulator -F/tmp/MYR175-Classify-Candidate-iOS/Build/Products/Debug-iphonesimulator -iframework /Applications/Xcode_26.5.app/Contents/Developer/Platforms/iPhoneSimulator.platform/Developer/Library/Frameworks -iframework /Applications/Xcode_26.5.app/Contents/Developer/Platforms/iPhoneSimulator.platform/Developer/SDKs/iPhoneSimulator26.5.sdk/Developer/Library/Frameworks -filelist /tmp/MYR175-Classify-Candidate-iOS/Build/Intermediates.noindex/AnchoredSequenceCore.build/Debug-iphonesimulator/AnchoredSequenceCore.build/Objects-normal/arm64/AnchoredSequenceCore.LinkFileList -nostdlib -Xlinker -object_path_lto -Xlinker /tmp/MYR175-Classify-Candidate-iOS/Build/Intermediates.noindex/AnchoredSequenceCore.build/Debug-iphonesimulator/AnchoredSequenceCore.build/Objects-normal/arm64/AnchoredSequenceCore_lto.o -Xlinker -no_deduplicate -Xlinker -objc_abi_version -Xlinker 2 -Xlinker -dependency_info -Xlinker /tmp/MYR175-Classify-Candidate-iOS/Build/Intermediates.noindex/AnchoredSequenceCore.build/Debug-iphonesimulator/AnchoredSequenceCore.build/Objects-normal/arm64/AnchoredSequenceCore_dependency_info.dat -fobjc-link-runtime -L/Applications/Xcode_26.5.app/Contents/Developer/Toolchains/XcodeDefault.xctoolchain/usr/lib/swift/iphonesimulator -L/usr/lib/swift -Xlinker -add_ast_path -Xlinker /tmp/MYR175-Classify-Candidate-iOS/Build/Intermediates.noindex/AnchoredSequenceCore.build/Debug-iphonesimulator/AnchoredSequenceCore.build/Objects-normal/arm64/AnchoredSequenceCore.swiftmodule @/tmp/MYR175-Classify-Candidate-iOS/Build/Intermediates.noindex/AnchoredSequenceCore.build/Debug-iphonesimulator/AnchoredSequenceCore.build/Objects-normal/arm64/AnchoredSequenceCore-linker-args.resp -o /tmp/MYR175-Classify-Candidate-iOS/Build/Products/Debug-iphonesimulator/AnchoredSequenceCore.o

ExtractAppIntentsMetadata (in target 'AnchoredSequenceCore' from project 'AnchoredSequenceCore')
    cd /Users/runner/work/MyRAM-iOS/MyRAM-iOS/Candidate/Packages/AnchoredSequenceCore
    /Applications/Xcode_26.5.app/Contents/Developer/Toolchains/XcodeDefault.xctoolchain/usr/bin/appintentsmetadataprocessor --toolchain-dir /var/run/com.apple.security.cryptexd/mnt/com.apple.MobileAsset.MetalToolchain-v17.6.42.0.IemA5J/Metal.xctoolchain --module-name AnchoredSequenceCore --sdk-root /Applications/Xcode_26.5.app/Contents/Developer/Platforms/iPhoneSimulator.platform/Developer/SDKs/iPhoneSimulator26.5.sdk --xcode-version 17F42 --platform-family iOS --deployment-target 17.0 --bundle-identifier anchoredsequencecore.AnchoredSequenceCore --output /tmp/MYR175-Classify-Candidate-iOS/Build/Products/Debug-iphonesimulator/AnchoredSequenceCore.appintents --target-triple arm64-apple-ios17.0-simulator --binary-file /tmp/MYR175-Classify-Candidate-iOS/Build/Products/Debug-iphonesimulator/AnchoredSequenceCore.o --dependency-file /tmp/MYR175-Classify-Candidate-iOS/Build/Intermediates.noindex/AnchoredSequenceCore.build/Debug-iphonesimulator/AnchoredSequenceCore.build/Objects-normal/arm64/AnchoredSequenceCore_dependency_info.dat --stringsdata-file /tmp/MYR175-Classify-Candidate-iOS/Build/Intermediates.noindex/AnchoredSequenceCore.build/Debug-iphonesimulator/AnchoredSequenceCore.build/Objects-normal/arm64/ExtractedAppShortcutsMetadata.stringsdata --source-file-list /tmp/MYR175-Classify-Candidate-iOS/Build/Intermediates.noindex/AnchoredSequenceCore.build/Debug-iphonesimulator/AnchoredSequenceCore.build/Objects-normal/arm64/AnchoredSequenceCore.SwiftFileList --metadata-file-list /tmp/MYR175-Classify-Candidate-iOS/Build/Intermediates.noindex/AnchoredSequenceCore.build/Debug-iphonesimulator/AnchoredSequenceCore.build/AnchoredSequenceCore.DependencyMetadataFileList --static-metadata-file-list /tmp/MYR175-Classify-Candidate-iOS/Build/Intermediates.noindex/AnchoredSequenceCore.build/Debug-iphonesimulator/AnchoredSequenceCore.build/AnchoredSequenceCore.DependencyStaticMetadataFileList --swift-const-vals-list /tmp/MYR175-Classify-Candidate-iOS/Build/Intermediates.noindex/AnchoredSequenceCore.build/Debug-iphonesimulator/AnchoredSequenceCore.build/Objects-normal/arm64/AnchoredSequenceCore.SwiftConstValuesFileList --force --compile-time-extraction --deployment-aware-processing --validate-assistant-intents --no-app-shortcuts-localization
2026-08-04 15:30:25.218 appintentsmetadataprocessor[2767:11492] Starting appintentsmetadataprocessor export
2026-08-04 15:30:25.231 appintentsmetadataprocessor[2767:11492] Extracted no relevant App Intents symbols, skipping writing output

MkDir /tmp/MYR175-Classify-Candidate-iOS/Build/Intermediates.noindex/MyRAM.build/Debug-iphonesimulator/MyRAM.build/assetcatalog_output/unthinned (in target 'MyRAM' from project 'MyRAM')
    cd /Users/runner/work/MyRAM-iOS/MyRAM-iOS/Candidate
    /bin/mkdir -p /tmp/MYR175-Classify-Candidate-iOS/Build/Intermediates.noindex/MyRAM.build/Debug-iphonesimulator/MyRAM.build/assetcatalog_output/unthinned

MkDir /tmp/MYR175-Classify-Candidate-iOS/Build/Intermediates.noindex/MyRAM.build/Debug-iphonesimulator/MyRAM.build/assetcatalog_output/thinned (in target 'MyRAM' from project 'MyRAM')
    cd /Users/runner/work/MyRAM-iOS/MyRAM-iOS/Candidate
    /bin/mkdir -p /tmp/MYR175-Classify-Candidate-iOS/Build/Intermediates.noindex/MyRAM.build/Debug-iphonesimulator/MyRAM.build/assetcatalog_output/thinned

GenerateAssetSymbols /Users/runner/work/MyRAM-iOS/MyRAM-iOS/Candidate/MyRAM/Preview\ Content/Preview\ Assets.xcassets /Users/runner/work/MyRAM-iOS/MyRAM-iOS/Candidate/MyRAM/Assets.xcassets (in target 'MyRAM' from project 'MyRAM')
    cd /Users/runner/work/MyRAM-iOS/MyRAM-iOS/Candidate
    /Applications/Xcode_26.5.app/Contents/Developer/usr/bin/actool /Users/runner/work/MyRAM-iOS/MyRAM-iOS/Candidate/MyRAM/Preview\ Content/Preview\ Assets.xcassets /Users/runner/work/MyRAM-iOS/MyRAM-iOS/Candidate/MyRAM/Assets.xcassets --compile /tmp/MYR175-Classify-Candidate-iOS/Build/Products/Debug-iphonesimulator/MyRAM.app --output-format human-readable-text --notices --warnings --export-dependency-info /tmp/MYR175-Classify-Candidate-iOS/Build/Intermediates.noindex/MyRAM.build/Debug-iphonesimulator/MyRAM.build/assetcatalog_dependencies --output-partial-info-plist /tmp/MYR175-Classify-Candidate-iOS/Build/Intermediates.noindex/MyRAM.build/Debug-iphonesimulator/MyRAM.build/assetcatalog_generated_info.plist --app-icon AppIcon --accent-color AccentColor --compress-pngs --enable-on-demand-resources YES --development-region en --target-device iphone --target-device ipad --minimum-deployment-target 17.0 --platform iphonesimulator --bundle-identifier com.northsignalstudio.myram.dev --generate-swift-asset-symbols /tmp/MYR175-Classify-Candidate-iOS/Build/Intermediates.noindex/MyRAM.build/Debug-iphonesimulator/MyRAM.build/DerivedSources/GeneratedAssetSymbols.swift --generate-objc-asset-symbols /tmp/MYR175-Classify-Candidate-iOS/Build/Intermediates.noindex/MyRAM.build/Debug-iphonesimulator/MyRAM.build/DerivedSources/GeneratedAssetSymbols.h --generate-asset-symbol-index /tmp/MYR175-Classify-Candidate-iOS/Build/Intermediates.noindex/MyRAM.build/Debug-iphonesimulator/MyRAM.build/DerivedSources/GeneratedAssetSymbols-Index.plist
/* com.apple.actool.compilation-results */
/tmp/MYR175-Classify-Candidate-iOS/Build/Intermediates.noindex/MyRAM.build/Debug-iphonesimulator/MyRAM.build/DerivedSources/GeneratedAssetSymbols-Index.plist
/tmp/MYR175-Classify-Candidate-iOS/Build/Intermediates.noindex/MyRAM.build/Debug-iphonesimulator/MyRAM.build/DerivedSources/GeneratedAssetSymbols.h
/tmp/MYR175-Classify-Candidate-iOS/Build/Intermediates.noindex/MyRAM.build/Debug-iphonesimulator/MyRAM.build/DerivedSources/GeneratedAssetSymbols.swift


CompileAssetCatalogVariant thinned /tmp/MYR175-Classify-Candidate-iOS/Build/Products/Debug-iphonesimulator/MyRAM.app /Users/runner/work/MyRAM-iOS/MyRAM-iOS/Candidate/MyRAM/Preview\ Content/Preview\ Assets.xcassets /Users/runner/work/MyRAM-iOS/MyRAM-iOS/Candidate/MyRAM/Assets.xcassets (in target 'MyRAM' from project 'MyRAM')
    cd /Users/runner/work/MyRAM-iOS/MyRAM-iOS/Candidate
    /Applications/Xcode_26.5.app/Contents/Developer/usr/bin/actool /Users/runner/work/MyRAM-iOS/MyRAM-iOS/Candidate/MyRAM/Preview\ Content/Preview\ Assets.xcassets /Users/runner/work/MyRAM-iOS/MyRAM-iOS/Candidate/MyRAM/Assets.xcassets --compile /tmp/MYR175-Classify-Candidate-iOS/Build/Intermediates.noindex/MyRAM.build/Debug-iphonesimulator/MyRAM.build/assetcatalog_output/thinned --output-format human-readable-text --notices --warnings --export-dependency-info /tmp/MYR175-Classify-Candidate-iOS/Build/Intermediates.noindex/MyRAM.build/Debug-iphonesimulator/MyRAM.build/assetcatalog_dependencies_thinned --output-partial-info-plist /tmp/MYR175-Classify-Candidate-iOS/Build/Intermediates.noindex/MyRAM.build/Debug-iphonesimulator/MyRAM.build/assetcatalog_generated_info.plist_thinned --app-icon AppIcon --accent-color AccentColor --compress-pngs --enable-on-demand-resources YES --filter-for-thinning-device-configuration iPhone18,3 --filter-for-device-os-version 26.5 --development-region en --target-device iphone --target-device ipad --minimum-deployment-target 17.0 --platform iphonesimulator
/* com.apple.actool.document.notices */
/Users/runner/work/MyRAM-iOS/MyRAM-iOS/Candidate/MyRAM/Assets.xcassets:./AppIcon.appiconset/[][ipad][76x76][][][1x][][][][]: notice: 76x76@1x app icons only apply to iPad apps targeting releases of iOS prior to 10.0.
/* com.apple.actool.compilation-results */
/tmp/MYR175-Classify-Candidate-iOS/Build/Intermediates.noindex/MyRAM.build/Debug-iphonesimulator/MyRAM.build/assetcatalog_generated_info.plist_thinned
/tmp/MYR175-Classify-Candidate-iOS/Build/Intermediates.noindex/MyRAM.build/Debug-iphonesimulator/MyRAM.build/assetcatalog_output/thinned/AppIcon60x60@2x.png
/tmp/MYR175-Classify-Candidate-iOS/Build/Intermediates.noindex/MyRAM.build/Debug-iphonesimulator/MyRAM.build/assetcatalog_output/thinned/AppIcon76x76@2x~ipad.png
/tmp/MYR175-Classify-Candidate-iOS/Build/Intermediates.noindex/MyRAM.build/Debug-iphonesimulator/MyRAM.build/assetcatalog_output/thinned/Assets.car


SwiftDriverJobDiscovery normal arm64 Compiling MyRAMWidgetRuntimeConfiguration.swift, MyRAMWidgetSnapshotStore.swift, MyRAMWidget.swift (in target 'MyRAMWidgetExtension' from project 'MyRAM')

SwiftDriver MyRAM normal arm64 com.apple.xcode.tools.swift.compiler (in target 'MyRAM' from project 'MyRAM')
    cd /Users/runner/work/MyRAM-iOS/MyRAM-iOS/Candidate
    builtin-SwiftDriver -- /Applications/Xcode_26.5.app/Contents/Developer/Toolchains/XcodeDefault.xctoolchain/usr/bin/swiftc -module-name MyRAM -Onone @/tmp/MYR175-Classify-Candidate-iOS/Build/Intermediates.noindex/MyRAM.build/Debug-iphonesimulator/MyRAM.build/Objects-normal/arm64/MyRAM.SwiftFileList -DDEBUG -enable-bare-slash-regex -enable-experimental-feature DebugDescriptionMacro -sdk /Applications/Xcode_26.5.app/Contents/Developer/Platforms/iPhoneSimulator.platform/Developer/SDKs/iPhoneSimulator26.5.sdk -target arm64-apple-ios17.0-simulator -g -module-cache-path /tmp/MYR175-Classify-Candidate-iOS/ModuleCache.noindex -Xfrontend -serialize-debugging-options -enable-testing -index-store-path /tmp/MYR175-Classify-Candidate-iOS/Index.noindex/DataStore -Xcc -D_LIBCPP_HARDENING_MODE\=_LIBCPP_HARDENING_MODE_DEBUG -swift-version 5 -I /tmp/MYR175-Classify-Candidate-iOS/Build/Products/Debug-iphonesimulator -F /tmp/MYR175-Classify-Candidate-iOS/Build/Products/Debug-iphonesimulator/PackageFrameworks -F /tmp/MYR175-Classify-Candidate-iOS/Build/Products/Debug-iphonesimulator/PackageFrameworks -F /tmp/MYR175-Classify-Candidate-iOS/Build/Products/Debug-iphonesimulator -emit-localized-strings -emit-localized-strings-path /tmp/MYR175-Classify-Candidate-iOS/Build/Intermediates.noindex/MyRAM.build/Debug-iphonesimulator/MyRAM.build/Objects-normal/arm64 -c -j3 -enable-batch-mode -incremental -Xcc -ivfsstatcache -Xcc /tmp/MYR175-Classify-Candidate-iOS/SDKStatCaches.noindex/iphonesimulator26.5-23F73-688ef53f1462e2c8f657fdc38a81448ffb7d586738ff35573a713a18216ade27.sdkstatcache -output-file-map /tmp/MYR175-Classify-Candidate-iOS/Build/Intermediates.noindex/MyRAM.build/Debug-iphonesimulator/MyRAM.build/Objects-normal/arm64/MyRAM-OutputFileMap.json -use-frontend-parseable-output -save-temps -no-color-diagnostics -explicit-module-build -module-cache-path /tmp/MYR175-Classify-Candidate-iOS/Build/Intermediates.noindex/SwiftExplicitPrecompiledModules -clang-scanner-module-cache-path /tmp/MYR175-Classify-Candidate-iOS/ModuleCache.noindex -sdk-module-cache-path /tmp/MYR175-Classify-Candidate-iOS/ModuleCache.noindex -serialize-diagnostics -emit-dependencies -emit-module -emit-module-path /tmp/MYR175-Classify-Candidate-iOS/Build/Intermediates.noindex/MyRAM.build/Debug-iphonesimulator/MyRAM.build/Objects-normal/arm64/MyRAM.swiftmodule -validate-clang-modules-once -clang-build-session-file /tmp/MYR175-Classify-Candidate-iOS/ModuleCache.noindex/Session.modulevalidation -Xcc -I/tmp/MYR175-Classify-Candidate-iOS/Build/Intermediates.noindex/MyRAM.build/Debug-iphonesimulator/MyRAM.build/swift-overrides.hmap -emit-const-values -Xfrontend -const-gather-protocols-file -Xfrontend /tmp/MYR175-Classify-Candidate-iOS/Build/Intermediates.noindex/MyRAM.build/Debug-iphonesimulator/MyRAM.build/Objects-normal/arm64/MyRAM_const_extract_protocols.json -Xcc -iquote -Xcc /tmp/MYR175-Classify-Candidate-iOS/Build/Intermediates.noindex/MyRAM.build/Debug-iphonesimulator/MyRAM.build/MyRAM-generated-files.hmap -Xcc -I/tmp/MYR175-Classify-Candidate-iOS/Build/Intermediates.noindex/MyRAM.build/Debug-iphonesimulator/MyRAM.build/MyRAM-own-target-headers.hmap -Xcc -I/tmp/MYR175-Classify-Candidate-iOS/Build/Intermediates.noindex/MyRAM.build/Debug-iphonesimulator/MyRAM.build/MyRAM-all-non-framework-target-headers.hmap -Xcc -ivfsoverlay -Xcc /tmp/MYR175-Classify-Candidate-iOS/Build/Intermediates.noindex/MyRAM.build/Debug-iphonesimulator/MyRAM-98a9cbde253e8e955bc92731eb290203-VFS-iphonesimulator/all-product-headers.yaml -Xcc -iquote -Xcc /tmp/MYR175-Classify-Candidate-iOS/Build/Intermediates.noindex/MyRAM.build/Debug-iphonesimulator/MyRAM.build/MyRAM-project-headers.hmap -Xcc -I/tmp/MYR175-Classify-Candidate-iOS/Build/Products/Debug-iphonesimulator/include -Xcc -I/tmp/MYR175-Classify-Candidate-iOS/Build/Intermediates.noindex/MyRAM.build/Debug-iphonesimulator/MyRAM.build/DerivedSources-normal/arm64 -Xcc -I/tmp/MYR175-Classify-Candidate-iOS/Build/Intermediates.noindex/MyRAM.build/Debug-iphonesimulator/MyRAM.build/DerivedSources/arm64 -Xcc -I/tmp/MYR175-Classify-Candidate-iOS/Build/Intermediates.noindex/MyRAM.build/Debug-iphonesimulator/MyRAM.build/DerivedSources -Xcc -DDEBUG\=1 -emit-objc-header -emit-objc-header-path /tmp/MYR175-Classify-Candidate-iOS/Build/Intermediates.noindex/MyRAM.build/Debug-iphonesimulator/MyRAM.build/Objects-normal/arm64/MyRAM-Swift.h -working-directory /Users/runner/work/MyRAM-iOS/MyRAM-iOS/Candidate -experimental-emit-module-separately -disable-cmo

SwiftDriverJobDiscovery normal arm64 Compiling MyRAMWidgetBundle.swift, MyRAMWidgetContentSelectionPolicy.swift, GeneratedAssetSymbols.swift (in target 'MyRAMWidgetExtension' from project 'MyRAM')

SwiftDriver\ Compilation MyRAMWidgetExtension normal arm64 com.apple.xcode.tools.swift.compiler (in target 'MyRAMWidgetExtension' from project 'MyRAM')
    cd /Users/runner/work/MyRAM-iOS/MyRAM-iOS/Candidate
    builtin-Swift-Compilation -- /Applications/Xcode_26.5.app/Contents/Developer/Toolchains/XcodeDefault.xctoolchain/usr/bin/swiftc -module-name MyRAMWidgetExtension -Onone @/tmp/MYR175-Classify-Candidate-iOS/Build/Intermediates.noindex/MyRAM.build/Debug-iphonesimulator/MyRAMWidgetExtension.build/Objects-normal/arm64/MyRAMWidgetExtension.SwiftFileList -DDEBUG -enable-bare-slash-regex -enable-upcoming-feature DisableOutwardActorInference -enable-upcoming-feature InferSendableFromCaptures -enable-upcoming-feature GlobalActorIsolatedTypesUsability -enable-upcoming-feature MemberImportVisibility -enable-upcoming-feature InferIsolatedConformances -enable-upcoming-feature NonisolatedNonsendingByDefault -enable-experimental-feature DebugDescriptionMacro -sdk /Applications/Xcode_26.5.app/Contents/Developer/Platforms/iPhoneSimulator.platform/Developer/SDKs/iPhoneSimulator26.5.sdk -target arm64-apple-ios17.0-simulator -g -module-cache-path /tmp/MYR175-Classify-Candidate-iOS/ModuleCache.noindex -Xfrontend -serialize-debugging-options -application-extension -enable-testing -index-store-path /tmp/MYR175-Classify-Candidate-iOS/Index.noindex/DataStore -Xcc -D_LIBCPP_HARDENING_MODE\=_LIBCPP_HARDENING_MODE_DEBUG -swift-version 5 -I /tmp/MYR175-Classify-Candidate-iOS/Build/Products/Debug-iphonesimulator -F /tmp/MYR175-Classify-Candidate-iOS/Build/Products/Debug-iphonesimulator -emit-localized-strings -emit-localized-strings-path /tmp/MYR175-Classify-Candidate-iOS/Build/Intermediates.noindex/MyRAM.build/Debug-iphonesimulator/MyRAMWidgetExtension.build/Objects-normal/arm64 -c -j3 -enable-batch-mode -incremental -Xcc -ivfsstatcache -Xcc /tmp/MYR175-Classify-Candidate-iOS/SDKStatCaches.noindex/iphonesimulator26.5-23F73-688ef53f1462e2c8f657fdc38a81448ffb7d586738ff35573a713a18216ade27.sdkstatcache -output-file-map /tmp/MYR175-Classify-Candidate-iOS/Build/Intermediates.noindex/MyRAM.build/Debug-iphonesimulator/MyRAMWidgetExtension.build/Objects-normal/arm64/MyRAMWidgetExtension-OutputFileMap.json -use-frontend-parseable-output -save-temps -no-color-diagnostics -explicit-module-build -module-cache-path /tmp/MYR175-Classify-Candidate-iOS/Build/Intermediates.noindex/SwiftExplicitPrecompiledModules -clang-scanner-module-cache-path /tmp/MYR175-Classify-Candidate-iOS/ModuleCache.noindex -sdk-module-cache-path /tmp/MYR175-Classify-Candidate-iOS/ModuleCache.noindex -serialize-diagnostics -emit-dependencies -emit-module -emit-module-path /tmp/MYR175-Classify-Candidate-iOS/Build/Intermediates.noindex/MyRAM.build/Debug-iphonesimulator/MyRAMWidgetExtension.build/Objects-normal/arm64/MyRAMWidgetExtension.swiftmodule -validate-clang-modules-once -clang-build-session-file /tmp/MYR175-Classify-Candidate-iOS/ModuleCache.noindex/Session.modulevalidation -Xcc -I/tmp/MYR175-Classify-Candidate-iOS/Build/Intermediates.noindex/MyRAM.build/Debug-iphonesimulator/MyRAMWidgetExtension.build/swift-overrides.hmap -emit-const-values -Xfrontend -const-gather-protocols-file -Xfrontend /tmp/MYR175-Classify-Candidate-iOS/Build/Intermediates.noindex/MyRAM.build/Debug-iphonesimulator/MyRAMWidgetExtension.build/Objects-normal/arm64/MyRAMWidgetExtension_const_extract_protocols.json -Xcc -iquote -Xcc /tmp/MYR175-Classify-Candidate-iOS/Build/Intermediates.noindex/MyRAM.build/Debug-iphonesimulator/MyRAMWidgetExtension.build/MyRAMWidgetExtension-generated-files.hmap -Xcc -I/tmp/MYR175-Classify-Candidate-iOS/Build/Intermediates.noindex/MyRAM.build/Debug-iphonesimulator/MyRAMWidgetExtension.build/MyRAMWidgetExtension-own-target-headers.hmap -Xcc -I/tmp/MYR175-Classify-Candidate-iOS/Build/Intermediates.noindex/MyRAM.build/Debug-iphonesimulator/MyRAMWidgetExtension.build/MyRAMWidgetExtension-all-non-framework-target-headers.hmap -Xcc -ivfsoverlay -Xcc /tmp/MYR175-Classify-Candidate-iOS/Build/Intermediates.noindex/MyRAM.build/Debug-iphonesimulator/MyRAM-98a9cbde253e8e955bc92731eb290203-VFS-iphonesimulator/all-product-headers.yaml -Xcc -iquote -Xcc /tmp/MYR175-Classify-Candidate-iOS/Build/Intermediates.noindex/MyRAM.build/Debug-iphonesimulator/MyRAMWidgetExtension.build/MyRAMWidgetExtension-project-headers.hmap -Xcc -I/tmp/MYR175-Classify-Candidate-iOS/Build/Products/Debug-iphonesimulator/include -Xcc -I/tmp/MYR175-Classify-Candidate-iOS/Build/Intermediates.noindex/MyRAM.build/Debug-iphonesimulator/MyRAMWidgetExtension.build/DerivedSources-normal/arm64 -Xcc -I/tmp/MYR175-Classify-Candidate-iOS/Build/Intermediates.noindex/MyRAM.build/Debug-iphonesimulator/MyRAMWidgetExtension.build/DerivedSources/arm64 -Xcc -I/tmp/MYR175-Classify-Candidate-iOS/Build/Intermediates.noindex/MyRAM.build/Debug-iphonesimulator/MyRAMWidgetExtension.build/DerivedSources -Xcc -DDEBUG\=1 -emit-objc-header -emit-objc-header-path /tmp/MYR175-Classify-Candidate-iOS/Build/Intermediates.noindex/MyRAM.build/Debug-iphonesimulator/MyRAMWidgetExtension.build/Objects-normal/arm64/MyRAMWidgetExtension-Swift.h -working-directory /Users/runner/work/MyRAM-iOS/MyRAM-iOS/Candidate -experimental-emit-module-separately -disable-cmo

Ld /tmp/MYR175-Classify-Candidate-iOS/Build/Products/Debug-iphonesimulator/MyRAMWidgetExtension.appex/MyRAMWidgetExtension.debug.dylib normal (in target 'MyRAMWidgetExtension' from project 'MyRAM')
    cd /Users/runner/work/MyRAM-iOS/MyRAM-iOS/Candidate
    /Applications/Xcode_26.5.app/Contents/Developer/Toolchains/XcodeDefault.xctoolchain/usr/bin/clang -Xlinker -reproducible -target arm64-apple-ios17.0-simulator -dynamiclib -isysroot /Applications/Xcode_26.5.app/Contents/Developer/Platforms/iPhoneSimulator.platform/Developer/SDKs/iPhoneSimulator26.5.sdk -O0 -L/tmp/MYR175-Classify-Candidate-iOS/Build/Intermediates.noindex/EagerLinkingTBDs/Debug-iphonesimulator -L/tmp/MYR175-Classify-Candidate-iOS/Build/Products/Debug-iphonesimulator -F/tmp/MYR175-Classify-Candidate-iOS/Build/Intermediates.noindex/EagerLinkingTBDs/Debug-iphonesimulator -F/tmp/MYR175-Classify-Candidate-iOS/Build/Products/Debug-iphonesimulator -filelist /tmp/MYR175-Classify-Candidate-iOS/Build/Intermediates.noindex/MyRAM.build/Debug-iphonesimulator/MyRAMWidgetExtension.build/Objects-normal/arm64/MyRAMWidgetExtension.LinkFileList -install_name @rpath/MyRAMWidgetExtension.debug.dylib -Xlinker -rpath -Xlinker /usr/lib/swift -Xlinker -rpath -Xlinker @executable_path/Frameworks -Xlinker -rpath -Xlinker @executable_path/../../Frameworks -Xlinker -dead_strip -Xlinker -object_path_lto -Xlinker /tmp/MYR175-Classify-Candidate-iOS/Build/Intermediates.noindex/MyRAM.build/Debug-iphonesimulator/MyRAMWidgetExtension.build/Objects-normal/arm64/MyRAMWidgetExtension_lto.o -rdynamic -Xlinker -no_deduplicate -Xlinker -objc_abi_version -Xlinker 2 -Xlinker -dependency_info -Xlinker /tmp/MYR175-Classify-Candidate-iOS/Build/Intermediates.noindex/MyRAM.build/Debug-iphonesimulator/MyRAMWidgetExtension.build/Objects-normal/arm64/MyRAMWidgetExtension_dependency_info.dat -fapplication-extension -fobjc-link-runtime -L/Applications/Xcode_26.5.app/Contents/Developer/Toolchains/XcodeDefault.xctoolchain/usr/lib/swift/iphonesimulator -L/usr/lib/swift -Xlinker -add_ast_path -Xlinker /tmp/MYR175-Classify-Candidate-iOS/Build/Intermediates.noindex/MyRAM.build/Debug-iphonesimulator/MyRAMWidgetExtension.build/Objects-normal/arm64/MyRAMWidgetExtension.swiftmodule @/tmp/MYR175-Classify-Candidate-iOS/Build/Intermediates.noindex/MyRAM.build/Debug-iphonesimulator/MyRAMWidgetExtension.build/Objects-normal/arm64/MyRAMWidgetExtension-linker-args.resp -Xlinker -alias -Xlinker _NSExtensionMain -Xlinker ___debug_main_executable_dylib_entry_point -framework SwiftUI -framework WidgetKit -o /tmp/MYR175-Classify-Candidate-iOS/Build/Products/Debug-iphonesimulator/MyRAMWidgetExtension.appex/MyRAMWidgetExtension.debug.dylib

ConstructStubExecutorLinkFileList /tmp/MYR175-Classify-Candidate-iOS/Build/Intermediates.noindex/MyRAM.build/Debug-iphonesimulator/MyRAMWidgetExtension.build/MyRAMWidgetExtension-ExecutorLinkFileList-normal-arm64.txt (in target 'MyRAMWidgetExtension' from project 'MyRAM')
    cd /Users/runner/work/MyRAM-iOS/MyRAM-iOS/Candidate
    construct-stub-executor-link-file-list /tmp/MYR175-Classify-Candidate-iOS/Build/Products/Debug-iphonesimulator/MyRAMWidgetExtension.appex/MyRAMWidgetExtension.debug.dylib /Applications/Xcode_26.5.app/Contents/Developer/Platforms/iPhoneSimulator.platform/Developer/usr/lib/libPreviewsJITStubExecutor_no_swift_entry_point.a /Applications/Xcode_26.5.app/Contents/Developer/Platforms/iPhoneSimulator.platform/Developer/usr/lib/libPreviewsJITStubExecutor.a --output /tmp/MYR175-Classify-Candidate-iOS/Build/Intermediates.noindex/MyRAM.build/Debug-iphonesimulator/MyRAMWidgetExtension.build/MyRAMWidgetExtension-ExecutorLinkFileList-normal-arm64.txt
note: Using stub executor library with Swift entry point. (in target 'MyRAMWidgetExtension' from project 'MyRAM')

Ld /tmp/MYR175-Classify-Candidate-iOS/Build/Products/Debug-iphonesimulator/MyRAMWidgetExtension.appex/MyRAMWidgetExtension normal (in target 'MyRAMWidgetExtension' from project 'MyRAM')
    cd /Users/runner/work/MyRAM-iOS/MyRAM-iOS/Candidate
    /Applications/Xcode_26.5.app/Contents/Developer/Toolchains/XcodeDefault.xctoolchain/usr/bin/clang -Xlinker -reproducible -target arm64-apple-ios17.0-simulator -isysroot /Applications/Xcode_26.5.app/Contents/Developer/Platforms/iPhoneSimulator.platform/Developer/SDKs/iPhoneSimulator26.5.sdk -O0 -L/tmp/MYR175-Classify-Candidate-iOS/Build/Products/Debug-iphonesimulator -F/tmp/MYR175-Classify-Candidate-iOS/Build/Products/Debug-iphonesimulator -Xlinker -rpath -Xlinker @executable_path -Xlinker -rpath -Xlinker @executable_path/Frameworks -Xlinker -rpath -Xlinker @executable_path/../../Frameworks -rdynamic -Xlinker -no_deduplicate -Xlinker -objc_abi_version -Xlinker 2 -e ___debug_blank_executor_main -Xlinker -sectcreate -Xlinker __TEXT -Xlinker __debug_dylib -Xlinker /tmp/MYR175-Classify-Candidate-iOS/Build/Intermediates.noindex/MyRAM.build/Debug-iphonesimulator/MyRAMWidgetExtension.build/MyRAMWidgetExtension-DebugDylibPath-normal-arm64.txt -Xlinker -sectcreate -Xlinker __TEXT -Xlinker __debug_entry -Xlinker /tmp/MYR175-Classify-Candidate-iOS/Build/Intermediates.noindex/MyRAM.build/Debug-iphonesimulator/MyRAMWidgetExtension.build/MyRAMWidgetExtension-DebugEntryPoint-normal-arm64.txt -Xlinker -sectcreate -Xlinker __TEXT -Xlinker __debug_instlnm -Xlinker /tmp/MYR175-Classify-Candidate-iOS/Build/Intermediates.noindex/MyRAM.build/Debug-iphonesimulator/MyRAMWidgetExtension.build/MyRAMWidgetExtension-DebugDylibInstallName-normal-arm64.txt -Xlinker -filelist -Xlinker /tmp/MYR175-Classify-Candidate-iOS/Build/Intermediates.noindex/MyRAM.build/Debug-iphonesimulator/MyRAMWidgetExtension.build/MyRAMWidgetExtension-ExecutorLinkFileList-normal-arm64.txt /tmp/MYR175-Classify-Candidate-iOS/Build/Products/Debug-iphonesimulator/MyRAMWidgetExtension.appex/MyRAMWidgetExtension.debug.dylib -o /tmp/MYR175-Classify-Candidate-iOS/Build/Products/Debug-iphonesimulator/MyRAMWidgetExtension.appex/MyRAMWidgetExtension

ExtractAppIntentsMetadata (in target 'MyRAMWidgetExtension' from project 'MyRAM')
    cd /Users/runner/work/MyRAM-iOS/MyRAM-iOS/Candidate
    /Applications/Xcode_26.5.app/Contents/Developer/Toolchains/XcodeDefault.xctoolchain/usr/bin/appintentsmetadataprocessor --toolchain-dir /var/run/com.apple.security.cryptexd/mnt/com.apple.MobileAsset.MetalToolchain-v17.6.42.0.IemA5J/Metal.xctoolchain --module-name MyRAMWidgetExtension --sdk-root /Applications/Xcode_26.5.app/Contents/Developer/Platforms/iPhoneSimulator.platform/Developer/SDKs/iPhoneSimulator26.5.sdk --xcode-version 17F42 --platform-family iOS --deployment-target 17.0 --bundle-identifier com.northsignalstudio.myram.dev.widget --output /tmp/MYR175-Classify-Candidate-iOS/Build/Products/Debug-iphonesimulator/MyRAMWidgetExtension.appex --target-triple arm64-apple-ios17.0-simulator --binary-file /tmp/MYR175-Classify-Candidate-iOS/Build/Products/Debug-iphonesimulator/MyRAMWidgetExtension.appex/MyRAMWidgetExtension --dependency-file /tmp/MYR175-Classify-Candidate-iOS/Build/Intermediates.noindex/MyRAM.build/Debug-iphonesimulator/MyRAMWidgetExtension.build/Objects-normal/arm64/MyRAMWidgetExtension_dependency_info.dat --stringsdata-file /tmp/MYR175-Classify-Candidate-iOS/Build/Intermediates.noindex/MyRAM.build/Debug-iphonesimulator/MyRAMWidgetExtension.build/Objects-normal/arm64/ExtractedAppShortcutsMetadata.stringsdata --source-file-list /tmp/MYR175-Classify-Candidate-iOS/Build/Intermediates.noindex/MyRAM.build/Debug-iphonesimulator/MyRAMWidgetExtension.build/Objects-normal/arm64/MyRAMWidgetExtension.SwiftFileList --metadata-file-list /tmp/MYR175-Classify-Candidate-iOS/Build/Intermediates.noindex/MyRAM.build/Debug-iphonesimulator/MyRAMWidgetExtension.build/MyRAMWidgetExtension.DependencyMetadataFileList --static-metadata-file-list /tmp/MYR175-Classify-Candidate-iOS/Build/Intermediates.noindex/MyRAM.build/Debug-iphonesimulator/MyRAMWidgetExtension.build/MyRAMWidgetExtension.DependencyStaticMetadataFileList --swift-const-vals-list /tmp/MYR175-Classify-Candidate-iOS/Build/Intermediates.noindex/MyRAM.build/Debug-iphonesimulator/MyRAMWidgetExtension.build/Objects-normal/arm64/MyRAMWidgetExtension.SwiftConstValuesFileList --compile-time-extraction --deployment-aware-processing --validate-assistant-intents --no-app-shortcuts-localization
2026-08-04 15:30:29.138 appintentsmetadataprocessor[2790:11626] Starting appintentsmetadataprocessor export
2026-08-04 15:30:29.163 appintentsmetadataprocessor[2790:11626] Extracted no relevant App Intents symbols, skipping writing output

AppIntentsSSUTraining (in target 'MyRAMWidgetExtension' from project 'MyRAM')
    cd /Users/runner/work/MyRAM-iOS/MyRAM-iOS/Candidate
    /Applications/Xcode_26.5.app/Contents/Developer/Toolchains/XcodeDefault.xctoolchain/usr/bin/appintentsnltrainingprocessor --infoplist-path /tmp/MYR175-Classify-Candidate-iOS/Build/Products/Debug-iphonesimulator/MyRAMWidgetExtension.appex/Info.plist --temp-dir-path /tmp/MYR175-Classify-Candidate-iOS/Build/Intermediates.noindex/MyRAM.build/Debug-iphonesimulator/MyRAMWidgetExtension.build/ssu --bundle-id com.northsignalstudio.myram.dev.widget --product-path /tmp/MYR175-Classify-Candidate-iOS/Build/Products/Debug-iphonesimulator/MyRAMWidgetExtension.appex --extracted-metadata-path /tmp/MYR175-Classify-Candidate-iOS/Build/Products/Debug-iphonesimulator/MyRAMWidgetExtension.appex/Metadata.appintents --metadata-file-list /tmp/MYR175-Classify-Candidate-iOS/Build/Intermediates.noindex/MyRAM.build/Debug-iphonesimulator/MyRAMWidgetExtension.build/MyRAMWidgetExtension.DependencyMetadataFileList --source-file /tmp/MYR175-Classify-Candidate-iOS/Build/Products/Debug-iphonesimulator/MyRAMWidgetExtension.appex/Info.plist --archive-ssu-assets
2026-08-04 15:30:29.271 appintentsnltrainingprocessor[2792:11634] Parsing options for appintentsnltrainingprocessor
2026-08-04 15:30:29.272 appintentsnltrainingprocessor[2792:11634] Starting AppIntents SSU YAML Generation
2026-08-04 15:30:29.279 appintentsnltrainingprocessor[2792:11634] No AppShortcuts found - Skipping.

RegisterExecutionPolicyException /tmp/MYR175-Classify-Candidate-iOS/Build/Products/Debug-iphonesimulator/AnchoredSequenceCore.o (in target 'AnchoredSequenceCore' from project 'AnchoredSequenceCore')
    cd /Users/runner/work/MyRAM-iOS/MyRAM-iOS/Candidate/Packages/AnchoredSequenceCore
    builtin-RegisterExecutionPolicyException /tmp/MYR175-Classify-Candidate-iOS/Build/Products/Debug-iphonesimulator/AnchoredSequenceCore.o

ProcessInfoPlistFile /tmp/MYR175-Classify-Candidate-iOS/Build/Products/Debug-iphonesimulator/PackageFrameworks/AnchoredSequenceCore_-65B9EEE52AB2106_PackageProduct.framework/Info.plist /tmp/MYR175-Classify-Candidate-iOS/Build/Intermediates.noindex/AnchoredSequenceCore.build/Debug-iphonesimulator/AnchoredSequenceCore\ product.build/empty-AnchoredSequenceCore_-65B9EEE52AB2106_PackageProduct.plist (in target 'AnchoredSequenceCore' from project 'AnchoredSequenceCore')
    cd /Users/runner/work/MyRAM-iOS/MyRAM-iOS/Candidate/Packages/AnchoredSequenceCore
    builtin-infoPlistUtility /tmp/MYR175-Classify-Candidate-iOS/Build/Intermediates.noindex/AnchoredSequenceCore.build/Debug-iphonesimulator/AnchoredSequenceCore\ product.build/empty-AnchoredSequenceCore_-65B9EEE52AB2106_PackageProduct.plist -producttype com.apple.product-type.framework -expandbuildsettings -format binary -platform iphonesimulator -o /tmp/MYR175-Classify-Candidate-iOS/Build/Products/Debug-iphonesimulator/PackageFrameworks/AnchoredSequenceCore_-65B9EEE52AB2106_PackageProduct.framework/Info.plist

Ld /tmp/MYR175-Classify-Candidate-iOS/Build/Products/Debug-iphonesimulator/PackageFrameworks/AnchoredSequenceCore_-65B9EEE52AB2106_PackageProduct.framework/AnchoredSequenceCore_-65B9EEE52AB2106_PackageProduct normal (in target 'AnchoredSequenceCore' from project 'AnchoredSequenceCore')
    cd /Users/runner/work/MyRAM-iOS/MyRAM-iOS/Candidate/Packages/AnchoredSequenceCore
    /Applications/Xcode_26.5.app/Contents/Developer/Toolchains/XcodeDefault.xctoolchain/usr/bin/clang -Xlinker -reproducible -target arm64-apple-ios17.0-simulator -dynamiclib -isysroot /Applications/Xcode_26.5.app/Contents/Developer/Platforms/iPhoneSimulator.platform/Developer/SDKs/iPhoneSimulator26.5.sdk -O0 -w -L/tmp/MYR175-Classify-Candidate-iOS/Build/Intermediates.noindex/EagerLinkingTBDs/Debug-iphonesimulator -L/tmp/MYR175-Classify-Candidate-iOS/Build/Products/Debug-iphonesimulator -L/Applications/Xcode_26.5.app/Contents/Developer/Platforms/iPhoneSimulator.platform/Developer/usr/lib -F/tmp/MYR175-Classify-Candidate-iOS/Build/Intermediates.noindex/EagerLinkingTBDs/Debug-iphonesimulator -F/tmp/MYR175-Classify-Candidate-iOS/Build/Products/Debug-iphonesimulator/PackageFrameworks -F/tmp/MYR175-Classify-Candidate-iOS/Build/Products/Debug-iphonesimulator -iframework /Applications/Xcode_26.5.app/Contents/Developer/Platforms/iPhoneSimulator.platform/Developer/Library/Frameworks -iframework /Applications/Xcode_26.5.app/Contents/Developer/Platforms/iPhoneSimulator.platform/Developer/SDKs/iPhoneSimulator26.5.sdk/Developer/Library/Frameworks -filelist /tmp/MYR175-Classify-Candidate-iOS/Build/Intermediates.noindex/AnchoredSequenceCore.build/Debug-iphonesimulator/AnchoredSequenceCore\ product.build/Objects-normal/arm64/AnchoredSequenceCore_-65B9EEE52AB2106_PackageProduct.LinkFileList -install_name @rpath/AnchoredSequenceCore_-65B9EEE52AB2106_PackageProduct.framework/AnchoredSequenceCore_-65B9EEE52AB2106_PackageProduct -Xlinker -rpath -Xlinker /usr/lib/swift -Xlinker -rpath -Xlinker /tmp/MYR175-Classify-Candidate-iOS/Build/Products/Debug-iphonesimulator/PackageFrameworks -Xlinker -dead_strip -Xlinker -object_path_lto -Xlinker /tmp/MYR175-Classify-Candidate-iOS/Build/Intermediates.noindex/AnchoredSequenceCore.build/Debug-iphonesimulator/AnchoredSequenceCore\ product.build/Objects-normal/arm64/AnchoredSequenceCore_-65B9EEE52AB2106_PackageProduct_lto.o -rdynamic -Xlinker -no_deduplicate -Xlinker -objc_abi_version -Xlinker 2 -Xlinker -dependency_info -Xlinker /tmp/MYR175-Classify-Candidate-iOS/Build/Intermediates.noindex/AnchoredSequenceCore.build/Debug-iphonesimulator/AnchoredSequenceCore\ product.build/Objects-normal/arm64/AnchoredSequenceCore_-65B9EEE52AB2106_PackageProduct_dependency_info.dat -fobjc-link-runtime -L/Applications/Xcode_26.5.app/Contents/Developer/Toolchains/XcodeDefault.xctoolchain/usr/lib/swift/iphonesimulator -L/usr/lib/swift -Wl,-no_warn_duplicate_libraries -o /tmp/MYR175-Classify-Candidate-iOS/Build/Products/Debug-iphonesimulator/PackageFrameworks/AnchoredSequenceCore_-65B9EEE52AB2106_PackageProduct.framework/AnchoredSequenceCore_-65B9EEE52AB2106_PackageProduct -Xlinker -add_ast_path -Xlinker /tmp/MYR175-Classify-Candidate-iOS/Build/Intermediates.noindex/AnchoredSequenceCore.build/Debug-iphonesimulator/AnchoredSequenceCore.build/Objects-normal/arm64/AnchoredSequenceCore.swiftmodule @/tmp/MYR175-Classify-Candidate-iOS/Build/Intermediates.noindex/AnchoredSequenceCore.build/Debug-iphonesimulator/AnchoredSequenceCore.build/Objects-normal/arm64/AnchoredSequenceCore-linker-args.resp

RegisterExecutionPolicyException /tmp/MYR175-Classify-Candidate-iOS/Build/Products/Debug-iphonesimulator/MyRAMWidgetExtension.appex (in target 'MyRAMWidgetExtension' from project 'MyRAM')
    cd /Users/runner/work/MyRAM-iOS/MyRAM-iOS/Candidate
    builtin-RegisterExecutionPolicyException /tmp/MYR175-Classify-Candidate-iOS/Build/Products/Debug-iphonesimulator/MyRAMWidgetExtension.appex

Touch /tmp/MYR175-Classify-Candidate-iOS/Build/Products/Debug-iphonesimulator/MyRAMWidgetExtension.appex (in target 'MyRAMWidgetExtension' from project 'MyRAM')
    cd /Users/runner/work/MyRAM-iOS/MyRAM-iOS/Candidate
    /usr/bin/touch -c /tmp/MYR175-Classify-Candidate-iOS/Build/Products/Debug-iphonesimulator/MyRAMWidgetExtension.appex

GenerateTAPI /tmp/MYR175-Classify-Candidate-iOS/Build/Intermediates.noindex/EagerLinkingTBDs/Debug-iphonesimulator/AnchoredSequenceCore_-65B9EEE52AB2106_PackageProduct.framework/AnchoredSequenceCore_-65B9EEE52AB2106_PackageProduct.tbd (in target 'AnchoredSequenceCore' from project 'AnchoredSequenceCore')
    cd /Users/runner/work/MyRAM-iOS/MyRAM-iOS/Candidate/Packages/AnchoredSequenceCore
    /Applications/Xcode_26.5.app/Contents/Developer/Toolchains/XcodeDefault.xctoolchain/usr/bin/tapi stubify -isysroot /Applications/Xcode_26.5.app/Contents/Developer/Platforms/iPhoneSimulator.platform/Developer/SDKs/iPhoneSimulator26.5.sdk -F/tmp/MYR175-Classify-Candidate-iOS/Build/Products/Debug-iphonesimulator/PackageFrameworks -F/tmp/MYR175-Classify-Candidate-iOS/Build/Products/Debug-iphonesimulator -iframework /Applications/Xcode_26.5.app/Contents/Developer/Platforms/iPhoneSimulator.platform/Developer/Library/Frameworks -iframework /Applications/Xcode_26.5.app/Contents/Developer/Platforms/iPhoneSimulator.platform/Developer/SDKs/iPhoneSimulator26.5.sdk/Developer/Library/Frameworks -L/tmp/MYR175-Classify-Candidate-iOS/Build/Products/Debug-iphonesimulator -L/Applications/Xcode_26.5.app/Contents/Developer/Platforms/iPhoneSimulator.platform/Developer/usr/lib /tmp/MYR175-Classify-Candidate-iOS/Build/Products/Debug-iphonesimulator/PackageFrameworks/AnchoredSequenceCore_-65B9EEE52AB2106_PackageProduct.framework/AnchoredSequenceCore_-65B9EEE52AB2106_PackageProduct -o /tmp/MYR175-Classify-Candidate-iOS/Build/Intermediates.noindex/EagerLinkingTBDs/Debug-iphonesimulator/AnchoredSequenceCore_-65B9EEE52AB2106_PackageProduct.framework/AnchoredSequenceCore_-65B9EEE52AB2106_PackageProduct.tbd

RegisterExecutionPolicyException /tmp/MYR175-Classify-Candidate-iOS/Build/Products/Debug-iphonesimulator/PackageFrameworks/AnchoredSequenceCore_-65B9EEE52AB2106_PackageProduct.framework (in target 'AnchoredSequenceCore' from project 'AnchoredSequenceCore')
    cd /Users/runner/work/MyRAM-iOS/MyRAM-iOS/Candidate/Packages/AnchoredSequenceCore
    builtin-RegisterExecutionPolicyException /tmp/MYR175-Classify-Candidate-iOS/Build/Products/Debug-iphonesimulator/PackageFrameworks/AnchoredSequenceCore_-65B9EEE52AB2106_PackageProduct.framework

Touch /tmp/MYR175-Classify-Candidate-iOS/Build/Products/Debug-iphonesimulator/PackageFrameworks/AnchoredSequenceCore_-65B9EEE52AB2106_PackageProduct.framework (in target 'AnchoredSequenceCore' from project 'AnchoredSequenceCore')
    cd /Users/runner/work/MyRAM-iOS/MyRAM-iOS/Candidate/Packages/AnchoredSequenceCore
    /usr/bin/touch -c /tmp/MYR175-Classify-Candidate-iOS/Build/Products/Debug-iphonesimulator/PackageFrameworks/AnchoredSequenceCore_-65B9EEE52AB2106_PackageProduct.framework

Ld /tmp/MYR175-Classify-Candidate-iOS/Build/Products/Debug-iphonesimulator/MyRAM.app/__preview.dylib normal (in target 'MyRAM' from project 'MyRAM')
    cd /Users/runner/work/MyRAM-iOS/MyRAM-iOS/Candidate
    /Applications/Xcode_26.5.app/Contents/Developer/Toolchains/XcodeDefault.xctoolchain/usr/bin/clang -Xlinker -reproducible -target arm64-apple-ios17.0-simulator -dynamiclib -isysroot /Applications/Xcode_26.5.app/Contents/Developer/Platforms/iPhoneSimulator.platform/Developer/SDKs/iPhoneSimulator26.5.sdk -O0 -L/tmp/MYR175-Classify-Candidate-iOS/Build/Products/Debug-iphonesimulator -F/tmp/MYR175-Classify-Candidate-iOS/Build/Products/Debug-iphonesimulator/PackageFrameworks -F/tmp/MYR175-Classify-Candidate-iOS/Build/Products/Debug-iphonesimulator/PackageFrameworks -F/tmp/MYR175-Classify-Candidate-iOS/Build/Products/Debug-iphonesimulator -install_name @rpath/MyRAM.debug.dylib -Xlinker -dead_strip -rdynamic -Xlinker -no_deduplicate -Xlinker -objc_abi_version -Xlinker 2 -Xlinker -dependency_info -Xlinker /tmp/MYR175-Classify-Candidate-iOS/Build/Intermediates.noindex/MyRAM.build/Debug-iphonesimulator/MyRAM.build/Objects-normal/arm64/MyRAM_dependency_info.dat -o /tmp/MYR175-Classify-Candidate-iOS/Build/Products/Debug-iphonesimulator/MyRAM.app/__preview.dylib

ValidateDevelopmentAssets /tmp/MYR175-Classify-Candidate-iOS/Build/Intermediates.noindex/MyRAM.build/Debug-iphonesimulator/MyRAM.build (in target 'MyRAM' from project 'MyRAM')
    cd /Users/runner/work/MyRAM-iOS/MyRAM-iOS/Candidate
    builtin-validate-development-assets --validate YES_ERROR /Users/runner/work/MyRAM-iOS/MyRAM-iOS/Candidate/MyRAM/Preview\ Content

CpResource /tmp/MYR175-Classify-Candidate-iOS/Build/Products/Debug-iphonesimulator/MyRAM.app/.gitignore /Users/runner/work/MyRAM-iOS/MyRAM-iOS/Candidate/.gitignore (in target 'MyRAM' from project 'MyRAM')
    cd /Users/runner/work/MyRAM-iOS/MyRAM-iOS/Candidate
    builtin-copy -exclude .DS_Store -exclude CVS -exclude .svn -exclude .git -exclude .hg -resolve-src-symlinks /Users/runner/work/MyRAM-iOS/MyRAM-iOS/Candidate/.gitignore /tmp/MYR175-Classify-Candidate-iOS/Build/Products/Debug-iphonesimulator/MyRAM.app

Copy /tmp/MYR175-Classify-Candidate-iOS/Build/Products/Debug-iphonesimulator/MyRAM.app/Frameworks/libXCTestSwiftSupport.dylib /Applications/Xcode_26.5.app/Contents/Developer/Platforms/iPhoneSimulator.platform/Developer/usr/lib/libXCTestSwiftSupport.dylib (in target 'MyRAM' from project 'MyRAM')
    cd /Users/runner/work/MyRAM-iOS/MyRAM-iOS/Candidate
    builtin-copy -exclude .DS_Store -exclude CVS -exclude .svn -exclude .git -exclude .hg -exclude Headers -exclude PrivateHeaders -exclude Modules -exclude \*.tbd -resolve-src-symlinks /Applications/Xcode_26.5.app/Contents/Developer/Platforms/iPhoneSimulator.platform/Developer/usr/lib/libXCTestSwiftSupport.dylib /tmp/MYR175-Classify-Candidate-iOS/Build/Products/Debug-iphonesimulator/MyRAM.app/Frameworks

Copy /tmp/MYR175-Classify-Candidate-iOS/Build/Products/Debug-iphonesimulator/MyRAM.app/Frameworks/libXCTestBundleInject.dylib /Applications/Xcode_26.5.app/Contents/Developer/Platforms/iPhoneSimulator.platform/Developer/usr/lib/libXCTestBundleInject.dylib (in target 'MyRAM' from project 'MyRAM')
    cd /Users/runner/work/MyRAM-iOS/MyRAM-iOS/Candidate
    builtin-copy -exclude .DS_Store -exclude CVS -exclude .svn -exclude .git -exclude .hg -exclude Headers -exclude PrivateHeaders -exclude Modules -exclude \*.tbd -resolve-src-symlinks /Applications/Xcode_26.5.app/Contents/Developer/Platforms/iPhoneSimulator.platform/Developer/usr/lib/libXCTestBundleInject.dylib /tmp/MYR175-Classify-Candidate-iOS/Build/Products/Debug-iphonesimulator/MyRAM.app/Frameworks

Copy /tmp/MYR175-Classify-Candidate-iOS/Build/Products/Debug-iphonesimulator/MyRAM.app/Frameworks/XCUnit.framework /Applications/Xcode_26.5.app/Contents/Developer/Platforms/iPhoneSimulator.platform/Developer/Library/PrivateFrameworks/XCUnit.framework (in target 'MyRAM' from project 'MyRAM')
    cd /Users/runner/work/MyRAM-iOS/MyRAM-iOS/Candidate
    builtin-copy -exclude .DS_Store -exclude CVS -exclude .svn -exclude .git -exclude .hg -exclude Headers -exclude PrivateHeaders -exclude Modules -exclude \*.tbd -resolve-src-symlinks /Applications/Xcode_26.5.app/Contents/Developer/Platforms/iPhoneSimulator.platform/Developer/Library/PrivateFrameworks/XCUnit.framework /tmp/MYR175-Classify-Candidate-iOS/Build/Products/Debug-iphonesimulator/MyRAM.app/Frameworks

Copy /tmp/MYR175-Classify-Candidate-iOS/Build/Products/Debug-iphonesimulator/MyRAM.app/Frameworks/XCUIAutomation.framework /Applications/Xcode_26.5.app/Contents/Developer/Platforms/iPhoneSimulator.platform/Developer/Library/Frameworks/XCUIAutomation.framework (in target 'MyRAM' from project 'MyRAM')
    cd /Users/runner/work/MyRAM-iOS/MyRAM-iOS/Candidate
    builtin-copy -exclude .DS_Store -exclude CVS -exclude .svn -exclude .git -exclude .hg -exclude Headers -exclude PrivateHeaders -exclude Modules -exclude \*.tbd -resolve-src-symlinks /Applications/Xcode_26.5.app/Contents/Developer/Platforms/iPhoneSimulator.platform/Developer/Library/Frameworks/XCUIAutomation.framework /tmp/MYR175-Classify-Candidate-iOS/Build/Products/Debug-iphonesimulator/MyRAM.app/Frameworks

Copy /tmp/MYR175-Classify-Candidate-iOS/Build/Products/Debug-iphonesimulator/MyRAM.app/Frameworks/XCTestSupport.framework /Applications/Xcode_26.5.app/Contents/Developer/Platforms/iPhoneSimulator.platform/Developer/Library/PrivateFrameworks/XCTestSupport.framework (in target 'MyRAM' from project 'MyRAM')
    cd /Users/runner/work/MyRAM-iOS/MyRAM-iOS/Candidate
    builtin-copy -exclude .DS_Store -exclude CVS -exclude .svn -exclude .git -exclude .hg -exclude Headers -exclude PrivateHeaders -exclude Modules -exclude \*.tbd -resolve-src-symlinks /Applications/Xcode_26.5.app/Contents/Developer/Platforms/iPhoneSimulator.platform/Developer/Library/PrivateFrameworks/XCTestSupport.framework /tmp/MYR175-Classify-Candidate-iOS/Build/Products/Debug-iphonesimulator/MyRAM.app/Frameworks

Copy /tmp/MYR175-Classify-Candidate-iOS/Build/Products/Debug-iphonesimulator/MyRAM.app/Frameworks/XCTestCore.framework /Applications/Xcode_26.5.app/Contents/Developer/Platforms/iPhoneSimulator.platform/Developer/Library/PrivateFrameworks/XCTestCore.framework (in target 'MyRAM' from project 'MyRAM')
    cd /Users/runner/work/MyRAM-iOS/MyRAM-iOS/Candidate
    builtin-copy -exclude .DS_Store -exclude CVS -exclude .svn -exclude .git -exclude .hg -exclude Headers -exclude PrivateHeaders -exclude Modules -exclude \*.tbd -resolve-src-symlinks /Applications/Xcode_26.5.app/Contents/Developer/Platforms/iPhoneSimulator.platform/Developer/Library/PrivateFrameworks/XCTestCore.framework /tmp/MYR175-Classify-Candidate-iOS/Build/Products/Debug-iphonesimulator/MyRAM.app/Frameworks

Copy /tmp/MYR175-Classify-Candidate-iOS/Build/Products/Debug-iphonesimulator/MyRAM.app/Frameworks/XCTest.framework /Applications/Xcode_26.5.app/Contents/Developer/Platforms/iPhoneSimulator.platform/Developer/Library/Frameworks/XCTest.framework (in target 'MyRAM' from project 'MyRAM')
    cd /Users/runner/work/MyRAM-iOS/MyRAM-iOS/Candidate
    builtin-copy -exclude .DS_Store -exclude CVS -exclude .svn -exclude .git -exclude .hg -exclude Headers -exclude PrivateHeaders -exclude Modules -exclude \*.tbd -resolve-src-symlinks /Applications/Xcode_26.5.app/Contents/Developer/Platforms/iPhoneSimulator.platform/Developer/Library/Frameworks/XCTest.framework /tmp/MYR175-Classify-Candidate-iOS/Build/Products/Debug-iphonesimulator/MyRAM.app/Frameworks

Copy /tmp/MYR175-Classify-Candidate-iOS/Build/Products/Debug-iphonesimulator/MyRAM.app/Frameworks/XCTAutomationSupport.framework /Applications/Xcode_26.5.app/Contents/Developer/Platforms/iPhoneSimulator.platform/Developer/Library/PrivateFrameworks/XCTAutomationSupport.framework (in target 'MyRAM' from project 'MyRAM')
    cd /Users/runner/work/MyRAM-iOS/MyRAM-iOS/Candidate
    builtin-copy -exclude .DS_Store -exclude CVS -exclude .svn -exclude .git -exclude .hg -exclude Headers -exclude PrivateHeaders -exclude Modules -exclude \*.tbd -resolve-src-symlinks /Applications/Xcode_26.5.app/Contents/Developer/Platforms/iPhoneSimulator.platform/Developer/Library/PrivateFrameworks/XCTAutomationSupport.framework /tmp/MYR175-Classify-Candidate-iOS/Build/Products/Debug-iphonesimulator/MyRAM.app/Frameworks

Copy /tmp/MYR175-Classify-Candidate-iOS/Build/Products/Debug-iphonesimulator/MyRAM.app/Frameworks/Testing.framework /Applications/Xcode_26.5.app/Contents/Developer/Platforms/iPhoneSimulator.platform/Developer/Library/Frameworks/Testing.framework (in target 'MyRAM' from project 'MyRAM')
    cd /Users/runner/work/MyRAM-iOS/MyRAM-iOS/Candidate
    builtin-copy -exclude .DS_Store -exclude CVS -exclude .svn -exclude .git -exclude .hg -exclude Headers -exclude PrivateHeaders -exclude Modules -exclude \*.tbd -resolve-src-symlinks /Applications/Xcode_26.5.app/Contents/Developer/Platforms/iPhoneSimulator.platform/Developer/Library/Frameworks/Testing.framework /tmp/MYR175-Classify-Candidate-iOS/Build/Products/Debug-iphonesimulator/MyRAM.app/Frameworks

Copy /tmp/MYR175-Classify-Candidate-iOS/Build/Products/Debug-iphonesimulator/MyRAM.app/Frameworks/AnchoredSequenceCore_-65B9EEE52AB2106_PackageProduct.framework /tmp/MYR175-Classify-Candidate-iOS/Build/Products/Debug-iphonesimulator/PackageFrameworks/AnchoredSequenceCore_-65B9EEE52AB2106_PackageProduct.framework (in target 'MyRAM' from project 'MyRAM')
    cd /Users/runner/work/MyRAM-iOS/MyRAM-iOS/Candidate
    builtin-copy -exclude .DS_Store -exclude CVS -exclude .svn -exclude .git -exclude .hg -resolve-src-symlinks -remove-static-executable /tmp/MYR175-Classify-Candidate-iOS/Build/Products/Debug-iphonesimulator/PackageFrameworks/AnchoredSequenceCore_-65B9EEE52AB2106_PackageProduct.framework /tmp/MYR175-Classify-Candidate-iOS/Build/Products/Debug-iphonesimulator/MyRAM.app/Frameworks

SwiftExplicitDependencyGeneratePcm arm64 /tmp/MYR175-Classify-Candidate-iOS/ModuleCache.noindex/DeveloperToolsSupport-82YL71PEGFF0TDGC5Z560OM42.pcm

SwiftExplicitDependencyGeneratePcm arm64 /tmp/MYR175-Classify-Candidate-iOS/ModuleCache.noindex/SwiftShims-4XJBBCQZZMQ4X3Y8IOCVKSLZ4.pcm

SwiftExplicitDependencyGeneratePcm arm64 /tmp/MYR175-Classify-Candidate-iOS/ModuleCache.noindex/_Builtin_stdbool-28NC7BJTQERI445RTBRXVQ3KF.pcm

SwiftExplicitDependencyGeneratePcm arm64 /tmp/MYR175-Classify-Candidate-iOS/ModuleCache.noindex/_Builtin_float-E6E6Y1JJ1KOX69406Y9RP9GAP.pcm

SwiftExplicitDependencyGeneratePcm arm64 /tmp/MYR175-Classify-Candidate-iOS/ModuleCache.noindex/ptrauth-A8SPT6GKUNJJ5MNGDLLSJVQCN.pcm

SwiftExplicitDependencyGeneratePcm arm64 /tmp/MYR175-Classify-Candidate-iOS/ModuleCache.noindex/_AvailabilityInternal-B9AXHDDRG0YSDTPCHJIVC63TO.pcm

SwiftExplicitDependencyGeneratePcm arm64 /tmp/MYR175-Classify-Candidate-iOS/ModuleCache.noindex/_Builtin_stdarg-8A0Y1G0RLPUZ2UK42ABIFWN4.pcm

SwiftExplicitDependencyGeneratePcm arm64 /tmp/MYR175-Classify-Candidate-iOS/ModuleCache.noindex/ActivityKit-ACR070WOWTEWENIQK7XRSLRS5.pcm

SwiftExplicitDependencyGeneratePcm arm64 /tmp/MYR175-Classify-Candidate-iOS/ModuleCache.noindex/ptrcheck-4R6Q7IJHCYMQTLVDGUT98HTBM.pcm

SwiftExplicitDependencyGeneratePcm arm64 /tmp/MYR175-Classify-Candidate-iOS/ModuleCache.noindex/_SwiftConcurrencyShims-8FRD6P9GPXW14L353ZAQC6P2J.pcm

SwiftExplicitDependencyGeneratePcm arm64 /tmp/MYR175-Classify-Candidate-iOS/ModuleCache.noindex/_Builtin_stddef-APW8S7QOB5ZJ8TGGC19PANJ5E.pcm

SwiftExplicitDependencyGeneratePcm arm64 /tmp/MYR175-Classify-Candidate-iOS/ModuleCache.noindex/_DarwinFoundation1-3WK6IVT5UJDWO6RMGP5QOB0EQ.pcm

SwiftExplicitDependencyGeneratePcm arm64 /tmp/MYR175-Classify-Candidate-iOS/ModuleCache.noindex/ExtensionFoundation-2NCZZV6HG2K1BTIFUKEVERVJ3.pcm

SwiftExplicitDependencyGeneratePcm arm64 /tmp/MYR175-Classify-Candidate-iOS/ModuleCache.noindex/_DarwinFoundation2-AE7Q1C6853PR6QBXSVZVRVOQW.pcm

SwiftExplicitDependencyGeneratePcm arm64 /tmp/MYR175-Classify-Candidate-iOS/ModuleCache.noindex/_Builtin_limits-62ZCP31996DDSKRL847MCQOIM.pcm

SwiftExplicitDependencyGeneratePcm arm64 /tmp/MYR175-Classify-Candidate-iOS/ModuleCache.noindex/_Builtin_tgmath-BOJK40TW2UQHK8IPXT5MUQTSS.pcm

SwiftExplicitDependencyGeneratePcm arm64 /tmp/MYR175-Classify-Candidate-iOS/ModuleCache.noindex/_Builtin_stdint-3WTFFHSL59KUNG6HMP9W7THIR.pcm

SwiftExplicitDependencyGeneratePcm arm64 /tmp/MYR175-Classify-Candidate-iOS/ModuleCache.noindex/sys_types-5RXHDFYKY8AS5CN6REVUQ8O9W.pcm

SwiftExplicitDependencyGeneratePcm arm64 /tmp/MYR175-Classify-Candidate-iOS/ModuleCache.noindex/_Builtin_stdatomic-47XHXYTDX9DR4YSS8N959IPPQ.pcm

SwiftExplicitDependencyGeneratePcm arm64 /tmp/MYR175-Classify-Candidate-iOS/ModuleCache.noindex/_Builtin_intrinsics-5NQM89UE54FY8TVOAWW2OKUJC.pcm

SwiftExplicitDependencyGeneratePcm arm64 /tmp/MYR175-Classify-Candidate-iOS/ModuleCache.noindex/_DarwinFoundation3-8JIAD1RT7UJH3FMK5V0WG89BZ.pcm

SwiftExplicitDependencyGeneratePcm arm64 /tmp/MYR175-Classify-Candidate-iOS/ModuleCache.noindex/_Builtin_inttypes-1J6OLM2F0US5OPWT14IT80Q99.pcm

SwiftExplicitDependencyGeneratePcm arm64 /tmp/MYR175-Classify-Candidate-iOS/ModuleCache.noindex/Darwin-BWD8HYN2RIPQ1EBIZOB4BEC1.pcm

SwiftExplicitDependencyGeneratePcm arm64 /tmp/MYR175-Classify-Candidate-iOS/ModuleCache.noindex/simd-1KU9G9LCM9I76SUIY70PU47YM.pcm

SwiftExplicitDependencyGeneratePcm arm64 /tmp/MYR175-Classify-Candidate-iOS/ModuleCache.noindex/ObjectiveC-AMNW785VSVMQRB0Z69XAZOFN8.pcm

SwiftExplicitDependencyGeneratePcm arm64 /tmp/MYR175-Classify-Candidate-iOS/ModuleCache.noindex/MachO-7RPF3J9TO1VMEHFZUIBHNYWKX.pcm

SwiftExplicitDependencyGeneratePcm arm64 /tmp/MYR175-Classify-Candidate-iOS/ModuleCache.noindex/os_object-BZ4Q0J3V3H7QJPIV5W6W4BNO6.pcm

SwiftExplicitDependencyGeneratePcm arm64 /tmp/MYR175-Classify-Candidate-iOS/ModuleCache.noindex/os_workgroup-4D3XQBVMLIGNHTN7Q44NXIWY7.pcm

SwiftExplicitDependencyGeneratePcm arm64 /tmp/MYR175-Classify-Candidate-iOS/ModuleCache.noindex/Spatial-DMTL0DLJR502UKMWEKDWJ816K.pcm

SwiftExplicitDependencyGeneratePcm arm64 /tmp/MYR175-Classify-Candidate-iOS/ModuleCache.noindex/Dispatch-5UOEKF6XS4UXZNWLI6NZGTV3J.pcm

SwiftExplicitDependencyGeneratePcm arm64 /tmp/MYR175-Classify-Candidate-iOS/ModuleCache.noindex/dnssd-AF66ST3CEMSU4XE52TVHYG5QK.pcm

SwiftExplicitDependencyGeneratePcm arm64 /tmp/MYR175-Classify-Candidate-iOS/ModuleCache.noindex/XPC-31LFI9LDRC335WOAQ62G5QYK2.pcm

SwiftExplicitDependencyGeneratePcm arm64 /tmp/MYR175-Classify-Candidate-iOS/ModuleCache.noindex/CoreFoundation-30TBZU2ZWHXGS13G1IDY6F1VU.pcm

SwiftExplicitDependencyGeneratePcm arm64 /tmp/MYR175-Classify-Candidate-iOS/ModuleCache.noindex/os-BQ188384XF0C46A20VS5HX1RS.pcm

SwiftExplicitDependencyGeneratePcm arm64 /tmp/MYR175-Classify-Candidate-iOS/ModuleCache.noindex/CoreAudioTypes-7DHZ2XE7JPT8SA3DASHY3C2WA.pcm

SwiftExplicitDependencyGeneratePcm arm64 /tmp/MYR175-Classify-Candidate-iOS/ModuleCache.noindex/Security-31J5M6PDU5OARU74HJ1OM8CRZ.pcm

SwiftExplicitDependencyGeneratePcm arm64 /tmp/MYR175-Classify-Candidate-iOS/ModuleCache.noindex/CFNetwork-385T6C9GE3RBO1C4TILGCDQLG.pcm

SwiftExplicitDependencyGeneratePcm arm64 /tmp/MYR175-Classify-Candidate-iOS/ModuleCache.noindex/CoreAudio-9UMJ5T3HWAAWIXG2ALGYHWS6A.pcm

SwiftExplicitDependencyGeneratePcm arm64 /tmp/MYR175-Classify-Candidate-iOS/ModuleCache.noindex/CoreGraphics-BUVU95AYMHEOYGUIFT79XJ19Y.pcm

SwiftExplicitDependencyGeneratePcm arm64 /tmp/MYR175-Classify-Candidate-iOS/ModuleCache.noindex/Foundation-32JQYZ8NSU2285DZ6D23925WD.pcm

SwiftExplicitDependencyGeneratePcm arm64 /tmp/MYR175-Classify-Candidate-iOS/ModuleCache.noindex/CoreText-CURF4BY1YRG0KWSZZQ4WWS47L.pcm

SwiftExplicitDependencyGeneratePcm arm64 /tmp/MYR175-Classify-Candidate-iOS/ModuleCache.noindex/ImageIO-2Y2JLYY7FHN1770EUKR5EXY1N.pcm

SwiftExplicitDependencyGeneratePcm arm64 /tmp/MYR175-Classify-Candidate-iOS/ModuleCache.noindex/UniformTypeIdentifiers-4X7F6LMP2SMUQ3190CEZKCNLC.pcm

SwiftExplicitDependencyGeneratePcm arm64 /tmp/MYR175-Classify-Candidate-iOS/ModuleCache.noindex/UIUtilities-CBGVK03FD8YQE5VDENJUTCF3L.pcm

SwiftExplicitDependencyGeneratePcm arm64 /tmp/MYR175-Classify-Candidate-iOS/ModuleCache.noindex/AppIntents-ETC2SLOZYAVNJTLX4JIANDPBV.pcm

SwiftExplicitDependencyGeneratePcm arm64 /tmp/MYR175-Classify-Candidate-iOS/ModuleCache.noindex/FileProvider-8RIMEMFJWNS02XD5AYG0XFRR9.pcm

SwiftExplicitDependencyGeneratePcm arm64 /tmp/MYR175-Classify-Candidate-iOS/ModuleCache.noindex/CoreSpotlight-8G0EKSB9BZ1ZE5SIC8E8MD25V.pcm

SwiftExplicitDependencyGeneratePcm arm64 /tmp/MYR175-Classify-Candidate-iOS/ModuleCache.noindex/WidgetKit-DII88YPKQSIA1TVSTOB5QVM2D.pcm

SwiftExplicitDependencyGeneratePcm arm64 /tmp/MYR175-Classify-Candidate-iOS/ModuleCache.noindex/CoreTransferable-23GX4RSFJ5KXCR8JX0SSTS3BP.pcm

SwiftExplicitDependencyGeneratePcm arm64 /tmp/MYR175-Classify-Candidate-iOS/ModuleCache.noindex/RelevanceKit-D9A964B1WV345R8E5LVL0EKVV.pcm

SwiftExplicitDependencyGeneratePcm arm64 /tmp/MYR175-Classify-Candidate-iOS/ModuleCache.noindex/Symbols-CW77JGK6LE7525ELJT78HUKCF.pcm

SwiftExplicitDependencyGeneratePcm arm64 /tmp/MYR175-Classify-Candidate-iOS/ModuleCache.noindex/CoreData-BTSHWH1A7PUYZXA90GQCFROW3.pcm

SwiftExplicitDependencyGeneratePcm arm64 /tmp/MYR175-Classify-Candidate-iOS/ModuleCache.noindex/Accessibility-6UU7JE0JNAXAB7A2H9LYLEJC7.pcm

SwiftExplicitDependencyGeneratePcm arm64 /tmp/MYR175-Classify-Candidate-iOS/ModuleCache.noindex/_LocationEssentials-BEQBRU3ZQC1627CTSNUJGGI1B.pcm

SwiftExplicitDependencyGeneratePcm arm64 /tmp/MYR175-Classify-Candidate-iOS/ModuleCache.noindex/OpenGLES-3UVY6H17QMPNPSM5J5MVSZFD7.pcm

SwiftExplicitDependencyGeneratePcm arm64 /tmp/MYR175-Classify-Candidate-iOS/ModuleCache.noindex/DataDetection-Z8B1WP8YOHGKO2QG6SLB6LDO.pcm

SwiftExplicitDependencyGeneratePcm arm64 /tmp/MYR175-Classify-Candidate-iOS/ModuleCache.noindex/CoreLocation-2TJSX31TA391I6GTT6QOKZ1NA.pcm

SwiftExplicitDependencyGeneratePcm arm64 /tmp/MYR175-Classify-Candidate-iOS/ModuleCache.noindex/Network-C9YY02T15GC95G56Y5S811840.pcm

SwiftExplicitDependencyGeneratePcm arm64 /tmp/MYR175-Classify-Candidate-iOS/ModuleCache.noindex/OSLog-A7C18E73MLQ07TJXU3M94VR3B.pcm

SwiftExplicitDependencyGeneratePcm arm64 /tmp/MYR175-Classify-Candidate-iOS/ModuleCache.noindex/NaturalLanguage-2KVRQ69IUUW2YNR7A6BNLVC27.pcm

SwiftExplicitDependencyGeneratePcm arm64 /tmp/MYR175-Classify-Candidate-iOS/ModuleCache.noindex/AVRouting-6QGA0B54JITIZVEUEDEGY6Z8V.pcm

SwiftExplicitDependencyGeneratePcm arm64 /tmp/MYR175-Classify-Candidate-iOS/ModuleCache.noindex/UserNotifications-736J7UWZLH1SI72O10ZBVZGEX.pcm

SwiftExplicitDependencyGeneratePcm arm64 /tmp/MYR175-Classify-Candidate-iOS/ModuleCache.noindex/IOSurface-B1IYGPR53L8VZ15W2QSKKX51.pcm

SwiftExplicitDependencyGeneratePcm arm64 /tmp/MYR175-Classify-Candidate-iOS/ModuleCache.noindex/LocalAuthentication-9U74N39QS8YMBK8Q61160HR12.pcm

SwiftExplicitDependencyGeneratePcm arm64 /tmp/MYR175-Classify-Candidate-iOS/ModuleCache.noindex/Intents-BF06HBRA7G8FCEQ6KAKSX9UMI.pcm

SwiftExplicitDependencyGeneratePcm arm64 /tmp/MYR175-Classify-Candidate-iOS/ModuleCache.noindex/Metal-7J4NHXS8JNM2H63EMG25SC4PH.pcm

SwiftExplicitDependencyGeneratePcm arm64 /tmp/MYR175-Classify-Candidate-iOS/ModuleCache.noindex/CoreMIDI-81H6ZFOKM6WFHNBPO0JC9TN4I.pcm

SwiftExplicitDependencyGeneratePcm arm64 /tmp/MYR175-Classify-Candidate-iOS/ModuleCache.noindex/CoreVideo-7WYXKC2X33NZVMLCJN779P2L1.pcm

SwiftExplicitDependencyGeneratePcm arm64 /tmp/MYR175-Classify-Candidate-iOS/ModuleCache.noindex/AudioToolbox-60FNCQHNXPZLUZXAXA8DDBU3K.pcm

SwiftExplicitDependencyGeneratePcm arm64 /tmp/MYR175-Classify-Candidate-iOS/ModuleCache.noindex/Accelerate-8AWAMV4X8JQ78PFT5HNNQ3E8V.pcm

SwiftExplicitDependencyGeneratePcm arm64 /tmp/MYR175-Classify-Candidate-iOS/ModuleCache.noindex/CoreML-6FIDP2UI6QRHK2GNIQWUUVK56.pcm

SwiftExplicitDependencyGeneratePcm arm64 /tmp/MYR175-Classify-Candidate-iOS/ModuleCache.noindex/CoreMedia-7IM6Y8KYQHK5WQ601VOFJ5JD2.pcm

SwiftExplicitDependencyGeneratePcm arm64 /tmp/MYR175-Classify-Candidate-iOS/ModuleCache.noindex/CoreImage-4QKCLURT10MJZ5ZYXB7DZ6BZU.pcm

SwiftExplicitDependencyGeneratePcm arm64 /tmp/MYR175-Classify-Candidate-iOS/ModuleCache.noindex/QuartzCore-ELL7FB5556YNPV80SMRX095PY.pcm

SwiftExplicitDependencyGeneratePcm arm64 /tmp/MYR175-Classify-Candidate-iOS/ModuleCache.noindex/Vision-3DSY441BVBMPYK61R6V32K3OP.pcm

SwiftExplicitDependencyGeneratePcm arm64 /tmp/MYR175-Classify-Candidate-iOS/ModuleCache.noindex/AVFAudio-4EVFS8VW6XEGWLCMGLMSYVI8R.pcm

SwiftExplicitDependencyGeneratePcm arm64 /tmp/MYR175-Classify-Candidate-iOS/ModuleCache.noindex/UIKit-AM2RJQDK6V8628JHAKFP9MXE5.pcm

SwiftExplicitDependencyGeneratePcm arm64 /tmp/MYR175-Classify-Candidate-iOS/ModuleCache.noindex/SwiftUICore-2TMK52BGLXA4Y2UTO6C0DLI1A.pcm

SwiftExplicitDependencyGeneratePcm arm64 /tmp/MYR175-Classify-Candidate-iOS/ModuleCache.noindex/MediaToolbox-6IMZHJ0DD3I17AOK39AZU625N.pcm

LinkAssetCatalog /Users/runner/work/MyRAM-iOS/MyRAM-iOS/Candidate/MyRAM/Preview\ Content/Preview\ Assets.xcassets /Users/runner/work/MyRAM-iOS/MyRAM-iOS/Candidate/MyRAM/Assets.xcassets (in target 'MyRAM' from project 'MyRAM')
    cd /Users/runner/work/MyRAM-iOS/MyRAM-iOS/Candidate
    builtin-linkAssetCatalog --thinned /tmp/MYR175-Classify-Candidate-iOS/Build/Intermediates.noindex/MyRAM.build/Debug-iphonesimulator/MyRAM.build/assetcatalog_output/thinned --thinned-dependencies /tmp/MYR175-Classify-Candidate-iOS/Build/Intermediates.noindex/MyRAM.build/Debug-iphonesimulator/MyRAM.build/assetcatalog_dependencies_thinned --thinned-info-plist-content /tmp/MYR175-Classify-Candidate-iOS/Build/Intermediates.noindex/MyRAM.build/Debug-iphonesimulator/MyRAM.build/assetcatalog_generated_info.plist_thinned --unthinned /tmp/MYR175-Classify-Candidate-iOS/Build/Intermediates.noindex/MyRAM.build/Debug-iphonesimulator/MyRAM.build/assetcatalog_output/unthinned --unthinned-dependencies /tmp/MYR175-Classify-Candidate-iOS/Build/Intermediates.noindex/MyRAM.build/Debug-iphonesimulator/MyRAM.build/assetcatalog_dependencies_unthinned --unthinned-info-plist-content /tmp/MYR175-Classify-Candidate-iOS/Build/Intermediates.noindex/MyRAM.build/Debug-iphonesimulator/MyRAM.build/assetcatalog_generated_info.plist_unthinned --output /tmp/MYR175-Classify-Candidate-iOS/Build/Products/Debug-iphonesimulator/MyRAM.app --plist-output /tmp/MYR175-Classify-Candidate-iOS/Build/Intermediates.noindex/MyRAM.build/Debug-iphonesimulator/MyRAM.build/assetcatalog_generated_info.plist
note: Emplaced /tmp/MYR175-Classify-Candidate-iOS/Build/Products/Debug-iphonesimulator/MyRAM.app/Assets.car (in target 'MyRAM' from project 'MyRAM')
note: Emplaced /tmp/MYR175-Classify-Candidate-iOS/Build/Products/Debug-iphonesimulator/MyRAM.app/AppIcon76x76@2x~ipad.png (in target 'MyRAM' from project 'MyRAM')
note: Emplaced /tmp/MYR175-Classify-Candidate-iOS/Build/Products/Debug-iphonesimulator/MyRAM.app/AppIcon60x60@2x.png (in target 'MyRAM' from project 'MyRAM')

SwiftExplicitDependencyGeneratePcm arm64 /tmp/MYR175-Classify-Candidate-iOS/ModuleCache.noindex/AVFoundation-2PZJPB81QPGSNKH698Y5WHJP6.pcm

SwiftExplicitDependencyGeneratePcm arm64 /tmp/MYR175-Classify-Candidate-iOS/ModuleCache.noindex/Photos-D15K4XWYOL8JLI2AWAVNOH1PL.pcm

SwiftExplicitDependencyGeneratePcm arm64 /tmp/MYR175-Classify-Candidate-iOS/ModuleCache.noindex/SwiftUI-51DYDXWFWUDE8LTONWDM9HO25.pcm

SwiftExplicitDependencyGeneratePcm arm64 /tmp/MYR175-Classify-Candidate-iOS/ModuleCache.noindex/VisionKit-8H9Y2NCNUWHEAAMJSO3MEEA2H.pcm

SwiftExplicitDependencyGeneratePcm arm64 /tmp/MYR175-Classify-Candidate-iOS/ModuleCache.noindex/MultipeerConnectivity-ITWLKG076E7CLORI2HZJFDRE.pcm

SwiftExplicitDependencyGeneratePcm arm64 /tmp/MYR175-Classify-Candidate-iOS/ModuleCache.noindex/PhotosUI-60RS959NFDQVVR5OE921E3416.pcm

SwiftEmitModule normal arm64 Emitting\ module\ for\ MyRAM (in target 'MyRAM' from project 'MyRAM')

EmitSwiftModule normal arm64 (in target 'MyRAM' from project 'MyRAM')
    cd /Users/runner/work/MyRAM-iOS/MyRAM-iOS/Candidate
    

SwiftCompile normal arm64 Compiling\ SwiftDataSyncConvergencePostCommitStore.swift,\ SyncConvergencePostCommitExecutor.swift,\ SyncConvergenceLocalObligation.swift,\ FileBackedSyncConvergenceLocalObligationQueue.swift,\ SyncConvergenceDrainPassScheduler.swift,\ SyncConvergenceRuntime.swift,\ SyncBatchUnsentQueue.swift,\ FileBackedSyncBatchQueue.swift,\ NotesViewModel.swift,\ MyRAMSyncModels.swift,\ MyRAMApp.swift,\ MyRAMSchema.swift,\ Note.swift,\ MyRAMSyncChangeApplier.swift,\ MyRAMLegacySyncChangeValidator.swift,\ MyRAMSyncConflictService.swift,\ SyncConflictStore.swift,\ Folder.swift,\ MyRAMDeviceIdentity.swift,\ MyRAMLegacySyncPayloadBuilder.swift,\ PendingSyncStatus.swift,\ PendingSyncRecoveryCoordinator.swift,\ MyRAMWidgetContentSelectionPolicy.swift /Users/runner/work/MyRAM-iOS/MyRAM-iOS/Candidate/MyRAM/Sync/Convergence/SwiftDataSyncConvergencePostCommitStore.swift /Users/runner/work/MyRAM-iOS/MyRAM-iOS/Candidate/MyRAM/Sync/Convergence/SyncConvergencePostCommitExecutor.swift /Users/runner/work/MyRAM-iOS/MyRAM-iOS/Candidate/MyRAM/Sync/Convergence/SyncConvergenceLocalObligation.swift /Users/runner/work/MyRAM-iOS/MyRAM-iOS/Candidate/MyRAM/Sync/Convergence/FileBackedSyncConvergenceLocalObligationQueue.swift /Users/runner/work/MyRAM-iOS/MyRAM-iOS/Candidate/MyRAM/Sync/Convergence/SyncConvergenceDrainPassScheduler.swift /Users/runner/work/MyRAM-iOS/MyRAM-iOS/Candidate/MyRAM/Sync/Convergence/SyncConvergenceRuntime.swift /Users/runner/work/MyRAM-iOS/MyRAM-iOS/Candidate/MyRAM/Sync/Batch/SyncBatchUnsentQueue.swift /Users/runner/work/MyRAM-iOS/MyRAM-iOS/Candidate/MyRAM/Sync/Batch/FileBackedSyncBatchQueue.swift /Users/runner/work/MyRAM-iOS/MyRAM-iOS/Candidate/MyRAM/ViewModels/NotesViewModel.swift /Users/runner/work/MyRAM-iOS/MyRAM-iOS/Candidate/MyRAM/Sync/MyRAMSyncModels.swift /Users/runner/work/MyRAM-iOS/MyRAM-iOS/Candidate/MyRAM/MyRAMApp.swift /Users/runner/work/MyRAM-iOS/MyRAM-iOS/Candidate/MyRAM/MyRAMSchema.swift /Users/runner/work/MyRAM-iOS/MyRAM-iOS/Candidate/MyRAM/Models/Note.swift /Users/runner/work/MyRAM-iOS/MyRAM-iOS/Candidate/MyRAM/Sync/MyRAMSyncChangeApplier.swift /Users/runner/work/MyRAM-iOS/MyRAM-iOS/Candidate/MyRAM/Sync/Legacy/MyRAMLegacySyncChangeValidator.swift /Users/runner/work/MyRAM-iOS/MyRAM-iOS/Candidate/MyRAM/Sync/MyRAMSyncConflictService.swift /Users/runner/work/MyRAM-iOS/MyRAM-iOS/Candidate/MyRAM/Sync/SyncConflictStore.swift /Users/runner/work/MyRAM-iOS/MyRAM-iOS/Candidate/MyRAM/Models/Folder.swift /Users/runner/work/MyRAM-iOS/MyRAM-iOS/Candidate/MyRAM/Sync/MyRAMDeviceIdentity.swift /Users/runner/work/MyRAM-iOS/MyRAM-iOS/Candidate/MyRAM/Sync/MyRAMLegacySyncPayloadBuilder.swift /Users/runner/work/MyRAM-iOS/MyRAM-iOS/Candidate/MyRAM/Sync/PendingSyncStatus.swift /Users/runner/work/MyRAM-iOS/MyRAM-iOS/Candidate/MyRAM/Sync/Recovery/PendingSyncRecoveryCoordinator.swift /Users/runner/work/MyRAM-iOS/MyRAM-iOS/Candidate/MyRAM/WidgetShared/MyRAMWidgetContentSelectionPolicy.swift (in target 'MyRAM' from project 'MyRAM')
SwiftCompile normal arm64 /Users/runner/work/MyRAM-iOS/MyRAM-iOS/Candidate/MyRAM/Sync/Convergence/SwiftDataSyncConvergencePostCommitStore.swift (in target 'MyRAM' from project 'MyRAM')
    cd /Users/runner/work/MyRAM-iOS/MyRAM-iOS/Candidate
    

SwiftCompile normal arm64 /Users/runner/work/MyRAM-iOS/MyRAM-iOS/Candidate/MyRAM/Sync/Convergence/SyncConvergencePostCommitExecutor.swift (in target 'MyRAM' from project 'MyRAM')
    cd /Users/runner/work/MyRAM-iOS/MyRAM-iOS/Candidate
    

SwiftCompile normal arm64 /Users/runner/work/MyRAM-iOS/MyRAM-iOS/Candidate/MyRAM/Sync/Convergence/SyncConvergenceLocalObligation.swift (in target 'MyRAM' from project 'MyRAM')
    cd /Users/runner/work/MyRAM-iOS/MyRAM-iOS/Candidate
    

SwiftCompile normal arm64 /Users/runner/work/MyRAM-iOS/MyRAM-iOS/Candidate/MyRAM/Sync/Convergence/FileBackedSyncConvergenceLocalObligationQueue.swift (in target 'MyRAM' from project 'MyRAM')
    cd /Users/runner/work/MyRAM-iOS/MyRAM-iOS/Candidate
    

SwiftCompile normal arm64 /Users/runner/work/MyRAM-iOS/MyRAM-iOS/Candidate/MyRAM/Sync/Convergence/SyncConvergenceDrainPassScheduler.swift (in target 'MyRAM' from project 'MyRAM')
    cd /Users/runner/work/MyRAM-iOS/MyRAM-iOS/Candidate
    

SwiftCompile normal arm64 /Users/runner/work/MyRAM-iOS/MyRAM-iOS/Candidate/MyRAM/Sync/Convergence/SyncConvergenceRuntime.swift (in target 'MyRAM' from project 'MyRAM')
    cd /Users/runner/work/MyRAM-iOS/MyRAM-iOS/Candidate
    

SwiftCompile normal arm64 /Users/runner/work/MyRAM-iOS/MyRAM-iOS/Candidate/MyRAM/Sync/Batch/SyncBatchUnsentQueue.swift (in target 'MyRAM' from project 'MyRAM')
    cd /Users/runner/work/MyRAM-iOS/MyRAM-iOS/Candidate
    

SwiftCompile normal arm64 /Users/runner/work/MyRAM-iOS/MyRAM-iOS/Candidate/MyRAM/Sync/Batch/FileBackedSyncBatchQueue.swift (in target 'MyRAM' from project 'MyRAM')
    cd /Users/runner/work/MyRAM-iOS/MyRAM-iOS/Candidate
    

SwiftCompile normal arm64 /Users/runner/work/MyRAM-iOS/MyRAM-iOS/Candidate/MyRAM/ViewModels/NotesViewModel.swift (in target 'MyRAM' from project 'MyRAM')
    cd /Users/runner/work/MyRAM-iOS/MyRAM-iOS/Candidate
    

SwiftCompile normal arm64 /Users/runner/work/MyRAM-iOS/MyRAM-iOS/Candidate/MyRAM/Sync/MyRAMSyncModels.swift (in target 'MyRAM' from project 'MyRAM')
    cd /Users/runner/work/MyRAM-iOS/MyRAM-iOS/Candidate
    

SwiftCompile normal arm64 /Users/runner/work/MyRAM-iOS/MyRAM-iOS/Candidate/MyRAM/MyRAMApp.swift (in target 'MyRAM' from project 'MyRAM')
    cd /Users/runner/work/MyRAM-iOS/MyRAM-iOS/Candidate
    

SwiftCompile normal arm64 /Users/runner/work/MyRAM-iOS/MyRAM-iOS/Candidate/MyRAM/MyRAMSchema.swift (in target 'MyRAM' from project 'MyRAM')
    cd /Users/runner/work/MyRAM-iOS/MyRAM-iOS/Candidate
    

SwiftCompile normal arm64 /Users/runner/work/MyRAM-iOS/MyRAM-iOS/Candidate/MyRAM/Models/Note.swift (in target 'MyRAM' from project 'MyRAM')
    cd /Users/runner/work/MyRAM-iOS/MyRAM-iOS/Candidate
    

SwiftCompile normal arm64 /Users/runner/work/MyRAM-iOS/MyRAM-iOS/Candidate/MyRAM/Sync/MyRAMSyncChangeApplier.swift (in target 'MyRAM' from project 'MyRAM')
    cd /Users/runner/work/MyRAM-iOS/MyRAM-iOS/Candidate
    

SwiftCompile normal arm64 /Users/runner/work/MyRAM-iOS/MyRAM-iOS/Candidate/MyRAM/Sync/Legacy/MyRAMLegacySyncChangeValidator.swift (in target 'MyRAM' from project 'MyRAM')
    cd /Users/runner/work/MyRAM-iOS/MyRAM-iOS/Candidate
    

SwiftCompile normal arm64 /Users/runner/work/MyRAM-iOS/MyRAM-iOS/Candidate/MyRAM/Sync/MyRAMSyncConflictService.swift (in target 'MyRAM' from project 'MyRAM')
    cd /Users/runner/work/MyRAM-iOS/MyRAM-iOS/Candidate
    

SwiftCompile normal arm64 /Users/runner/work/MyRAM-iOS/MyRAM-iOS/Candidate/MyRAM/Sync/SyncConflictStore.swift (in target 'MyRAM' from project 'MyRAM')
    cd /Users/runner/work/MyRAM-iOS/MyRAM-iOS/Candidate
    

SwiftCompile normal arm64 /Users/runner/work/MyRAM-iOS/MyRAM-iOS/Candidate/MyRAM/Models/Folder.swift (in target 'MyRAM' from project 'MyRAM')
    cd /Users/runner/work/MyRAM-iOS/MyRAM-iOS/Candidate
    

SwiftCompile normal arm64 /Users/runner/work/MyRAM-iOS/MyRAM-iOS/Candidate/MyRAM/Sync/MyRAMDeviceIdentity.swift (in target 'MyRAM' from project 'MyRAM')
    cd /Users/runner/work/MyRAM-iOS/MyRAM-iOS/Candidate
    

SwiftCompile normal arm64 /Users/runner/work/MyRAM-iOS/MyRAM-iOS/Candidate/MyRAM/Sync/MyRAMLegacySyncPayloadBuilder.swift (in target 'MyRAM' from project 'MyRAM')
    cd /Users/runner/work/MyRAM-iOS/MyRAM-iOS/Candidate
    

SwiftCompile normal arm64 /Users/runner/work/MyRAM-iOS/MyRAM-iOS/Candidate/MyRAM/Sync/PendingSyncStatus.swift (in target 'MyRAM' from project 'MyRAM')
    cd /Users/runner/work/MyRAM-iOS/MyRAM-iOS/Candidate
    

SwiftCompile normal arm64 /Users/runner/work/MyRAM-iOS/MyRAM-iOS/Candidate/MyRAM/Sync/Recovery/PendingSyncRecoveryCoordinator.swift (in target 'MyRAM' from project 'MyRAM')
    cd /Users/runner/work/MyRAM-iOS/MyRAM-iOS/Candidate
    

SwiftCompile normal arm64 /Users/runner/work/MyRAM-iOS/MyRAM-iOS/Candidate/MyRAM/WidgetShared/MyRAMWidgetContentSelectionPolicy.swift (in target 'MyRAM' from project 'MyRAM')
    cd /Users/runner/work/MyRAM-iOS/MyRAM-iOS/Candidate
    

SwiftCompile normal arm64 Compiling\ MyRAMExternalOpenDispatcher.swift,\ MyRAMWidgetHostCoordinator.swift,\ MyRAMWidgetNoteRouting.swift,\ MyRAMWidgetSelectionButton.swift,\ MarkdownFileIO.swift,\ MarkdownPreview.swift,\ MarkdownPreviewModePolicy.swift,\ MarkdownPreviewUIKitSyncExecutor.swift,\ MarkdownPreviewUIKitDeferredScheduler.swift,\ MarkdownPreviewUIKitEditorResignation.swift,\ MarkdownPreviewUIKitPostResignationReconciliation.swift,\ MarkdownPreviewUIKitAcceptedRestoreSupersession.swift,\ NoteEditorFileOperationBridge.swift,\ NoteSequenceStateRecord.swift,\ NoteSequenceStateBootstrapAdapter.swift,\ NoteSequenceStateFullBodyIntegration.swift,\ NoteSequenceStateBootstrapMigrator.swift,\ SwiftDataNoteSequenceStateStore.swift,\ MyRAMSyncOperationIDAllocator.swift,\ FileBackedSyncOperationIDReservationStore.swift,\ Item.swift,\ RTFCoding.swift,\ AttributedTextStorageKeys.swift /Users/runner/work/MyRAM-iOS/MyRAM-iOS/Candidate/MyRAM/WidgetHost/MyRAMExternalOpenDispatcher.swift /Users/runner/work/MyRAM-iOS/MyRAM-iOS/Candidate/MyRAM/WidgetHost/MyRAMWidgetHostCoordinator.swift /Users/runner/work/MyRAM-iOS/MyRAM-iOS/Candidate/MyRAM/WidgetHost/MyRAMWidgetNoteRouting.swift /Users/runner/work/MyRAM-iOS/MyRAM-iOS/Candidate/MyRAM/WidgetHost/MyRAMWidgetSelectionButton.swift /Users/runner/work/MyRAM-iOS/MyRAM-iOS/Candidate/MyRAM/Markdown/MarkdownFileIO.swift /Users/runner/work/MyRAM-iOS/MyRAM-iOS/Candidate/MyRAM/Markdown/MarkdownPreview.swift /Users/runner/work/MyRAM-iOS/MyRAM-iOS/Candidate/MyRAM/Markdown/MarkdownPreviewModePolicy.swift /Users/runner/work/MyRAM-iOS/MyRAM-iOS/Candidate/MyRAM/Markdown/MarkdownPreviewUIKitSyncExecutor.swift /Users/runner/work/MyRAM-iOS/MyRAM-iOS/Candidate/MyRAM/Markdown/MarkdownPreviewUIKitDeferredScheduler.swift /Users/runner/work/MyRAM-iOS/MyRAM-iOS/Candidate/MyRAM/Markdown/MarkdownPreviewUIKitEditorResignation.swift /Users/runner/work/MyRAM-iOS/MyRAM-iOS/Candidate/MyRAM/Markdown/MarkdownPreviewUIKitPostResignationReconciliation.swift /Users/runner/work/MyRAM-iOS/MyRAM-iOS/Candidate/MyRAM/Markdown/MarkdownPreviewUIKitAcceptedRestoreSupersession.swift /Users/runner/work/MyRAM-iOS/MyRAM-iOS/Candidate/MyRAM/Views/NoteEditorFileOperationBridge.swift /Users/runner/work/MyRAM-iOS/MyRAM-iOS/Candidate/MyRAM/Sync/AnchoredSequence/NoteSequenceStateRecord.swift /Users/runner/work/MyRAM-iOS/MyRAM-iOS/Candidate/MyRAM/Sync/AnchoredSequence/NoteSequenceStateBootstrapAdapter.swift /Users/runner/work/MyRAM-iOS/MyRAM-iOS/Candidate/MyRAM/Sync/AnchoredSequence/NoteSequenceStateFullBodyIntegration.swift /Users/runner/work/MyRAM-iOS/MyRAM-iOS/Candidate/MyRAM/Sync/AnchoredSequence/NoteSequenceStateBootstrapMigrator.swift /Users/runner/work/MyRAM-iOS/MyRAM-iOS/Candidate/MyRAM/Sync/AnchoredSequence/SwiftDataNoteSequenceStateStore.swift /Users/runner/work/MyRAM-iOS/MyRAM-iOS/Candidate/MyRAM/Sync/AnchoredSequence/MyRAMSyncOperationIDAllocator.swift /Users/runner/work/MyRAM-iOS/MyRAM-iOS/Candidate/MyRAM/Sync/AnchoredSequence/FileBackedSyncOperationIDReservationStore.swift /Users/runner/work/MyRAM-iOS/MyRAM-iOS/Candidate/MyRAM/Item.swift /Users/runner/work/MyRAM-iOS/MyRAM-iOS/Candidate/MyRAM/Persistence/RTFCoding.swift /Users/runner/work/MyRAM-iOS/MyRAM-iOS/Candidate/MyRAM/Persistence/AttributedTextStorageKeys.swift (in target 'MyRAM' from project 'MyRAM')

SwiftCompile normal arm64 /Users/runner/work/MyRAM-iOS/MyRAM-iOS/Candidate/MyRAM/WidgetHost/MyRAMExternalOpenDispatcher.swift (in target 'MyRAM' from project 'MyRAM')
    cd /Users/runner/work/MyRAM-iOS/MyRAM-iOS/Candidate
    

SwiftCompile normal arm64 /Users/runner/work/MyRAM-iOS/MyRAM-iOS/Candidate/MyRAM/WidgetHost/MyRAMWidgetHostCoordinator.swift (in target 'MyRAM' from project 'MyRAM')
    cd /Users/runner/work/MyRAM-iOS/MyRAM-iOS/Candidate
    

SwiftCompile normal arm64 /Users/runner/work/MyRAM-iOS/MyRAM-iOS/Candidate/MyRAM/WidgetHost/MyRAMWidgetNoteRouting.swift (in target 'MyRAM' from project 'MyRAM')
    cd /Users/runner/work/MyRAM-iOS/MyRAM-iOS/Candidate
    

SwiftCompile normal arm64 /Users/runner/work/MyRAM-iOS/MyRAM-iOS/Candidate/MyRAM/WidgetHost/MyRAMWidgetSelectionButton.swift (in target 'MyRAM' from project 'MyRAM')
    cd /Users/runner/work/MyRAM-iOS/MyRAM-iOS/Candidate
    

SwiftCompile normal arm64 /Users/runner/work/MyRAM-iOS/MyRAM-iOS/Candidate/MyRAM/Markdown/MarkdownFileIO.swift (in target 'MyRAM' from project 'MyRAM')
    cd /Users/runner/work/MyRAM-iOS/MyRAM-iOS/Candidate
    

SwiftCompile normal arm64 /Users/runner/work/MyRAM-iOS/MyRAM-iOS/Candidate/MyRAM/Markdown/MarkdownPreview.swift (in target 'MyRAM' from project 'MyRAM')
    cd /Users/runner/work/MyRAM-iOS/MyRAM-iOS/Candidate
    

SwiftCompile normal arm64 /Users/runner/work/MyRAM-iOS/MyRAM-iOS/Candidate/MyRAM/Markdown/MarkdownPreviewModePolicy.swift (in target 'MyRAM' from project 'MyRAM')
    cd /Users/runner/work/MyRAM-iOS/MyRAM-iOS/Candidate
    

SwiftCompile normal arm64 /Users/runner/work/MyRAM-iOS/MyRAM-iOS/Candidate/MyRAM/Markdown/MarkdownPreviewUIKitSyncExecutor.swift (in target 'MyRAM' from project 'MyRAM')
    cd /Users/runner/work/MyRAM-iOS/MyRAM-iOS/Candidate
    

SwiftCompile normal arm64 /Users/runner/work/MyRAM-iOS/MyRAM-iOS/Candidate/MyRAM/Markdown/MarkdownPreviewUIKitDeferredScheduler.swift (in target 'MyRAM' from project 'MyRAM')
    cd /Users/runner/work/MyRAM-iOS/MyRAM-iOS/Candidate
    

SwiftCompile normal arm64 /Users/runner/work/MyRAM-iOS/MyRAM-iOS/Candidate/MyRAM/Markdown/MarkdownPreviewUIKitEditorResignation.swift (in target 'MyRAM' from project 'MyRAM')
    cd /Users/runner/work/MyRAM-iOS/MyRAM-iOS/Candidate
    

SwiftCompile normal arm64 /Users/runner/work/MyRAM-iOS/MyRAM-iOS/Candidate/MyRAM/Markdown/MarkdownPreviewUIKitPostResignationReconciliation.swift (in target 'MyRAM' from project 'MyRAM')
    cd /Users/runner/work/MyRAM-iOS/MyRAM-iOS/Candidate
    

SwiftCompile normal arm64 /Users/runner/work/MyRAM-iOS/MyRAM-iOS/Candidate/MyRAM/Markdown/MarkdownPreviewUIKitAcceptedRestoreSupersession.swift (in target 'MyRAM' from project 'MyRAM')
    cd /Users/runner/work/MyRAM-iOS/MyRAM-iOS/Candidate
    

SwiftCompile normal arm64 /Users/runner/work/MyRAM-iOS/MyRAM-iOS/Candidate/MyRAM/Views/NoteEditorFileOperationBridge.swift (in target 'MyRAM' from project 'MyRAM')
    cd /Users/runner/work/MyRAM-iOS/MyRAM-iOS/Candidate
    

SwiftCompile normal arm64 /Users/runner/work/MyRAM-iOS/MyRAM-iOS/Candidate/MyRAM/Sync/AnchoredSequence/NoteSequenceStateRecord.swift (in target 'MyRAM' from project 'MyRAM')
    cd /Users/runner/work/MyRAM-iOS/MyRAM-iOS/Candidate
    

SwiftCompile normal arm64 /Users/runner/work/MyRAM-iOS/MyRAM-iOS/Candidate/MyRAM/Sync/AnchoredSequence/NoteSequenceStateBootstrapAdapter.swift (in target 'MyRAM' from project 'MyRAM')
    cd /Users/runner/work/MyRAM-iOS/MyRAM-iOS/Candidate
    

SwiftCompile normal arm64 /Users/runner/work/MyRAM-iOS/MyRAM-iOS/Candidate/MyRAM/Sync/AnchoredSequence/NoteSequenceStateFullBodyIntegration.swift (in target 'MyRAM' from project 'MyRAM')
    cd /Users/runner/work/MyRAM-iOS/MyRAM-iOS/Candidate
    

SwiftCompile normal arm64 /Users/runner/work/MyRAM-iOS/MyRAM-iOS/Candidate/MyRAM/Sync/AnchoredSequence/NoteSequenceStateBootstrapMigrator.swift (in target 'MyRAM' from project 'MyRAM')
    cd /Users/runner/work/MyRAM-iOS/MyRAM-iOS/Candidate
    

SwiftCompile normal arm64 /Users/runner/work/MyRAM-iOS/MyRAM-iOS/Candidate/MyRAM/Sync/AnchoredSequence/SwiftDataNoteSequenceStateStore.swift (in target 'MyRAM' from project 'MyRAM')
    cd /Users/runner/work/MyRAM-iOS/MyRAM-iOS/Candidate
    

SwiftCompile normal arm64 /Users/runner/work/MyRAM-iOS/MyRAM-iOS/Candidate/MyRAM/Sync/AnchoredSequence/MyRAMSyncOperationIDAllocator.swift (in target 'MyRAM' from project 'MyRAM')
    cd /Users/runner/work/MyRAM-iOS/MyRAM-iOS/Candidate
    

SwiftCompile normal arm64 /Users/runner/work/MyRAM-iOS/MyRAM-iOS/Candidate/MyRAM/Sync/AnchoredSequence/FileBackedSyncOperationIDReservationStore.swift (in target 'MyRAM' from project 'MyRAM')
    cd /Users/runner/work/MyRAM-iOS/MyRAM-iOS/Candidate
    

SwiftCompile normal arm64 /Users/runner/work/MyRAM-iOS/MyRAM-iOS/Candidate/MyRAM/Item.swift (in target 'MyRAM' from project 'MyRAM')
    cd /Users/runner/work/MyRAM-iOS/MyRAM-iOS/Candidate
    

SwiftCompile normal arm64 /Users/runner/work/MyRAM-iOS/MyRAM-iOS/Candidate/MyRAM/Persistence/RTFCoding.swift (in target 'MyRAM' from project 'MyRAM')
    cd /Users/runner/work/MyRAM-iOS/MyRAM-iOS/Candidate
    

SwiftCompile normal arm64 /Users/runner/work/MyRAM-iOS/MyRAM-iOS/Candidate/MyRAM/Persistence/AttributedTextStorageKeys.swift (in target 'MyRAM' from project 'MyRAM')
    cd /Users/runner/work/MyRAM-iOS/MyRAM-iOS/Candidate
    

SwiftCompile normal arm64 Compiling\ EditorSelectionRangeResolver.swift,\ EditorFocusSelectionPolicy.swift,\ EditorFormattingCommandResolver.swift,\ EditorFormattingMutationApplier.swift,\ EditorFormattingStateResolver.swift,\ NoteIntelligence.swift,\ NoteEditorView.swift,\ EditorTextViewFactory.swift,\ EditorProfilingFixtures.swift,\ BareTextViewProfilingView.swift,\ EditorChecklistRendering.swift,\ EditorPolicies.swift,\ AppliedEditorMutation.swift,\ ActiveEditorApplicationPolicy.swift,\ ActiveEditorSyncUpdateHandler.swift,\ EditorSelectionMapper.swift,\ EditorRemoteApplyResult.swift,\ UIKitEditorSyncBridge.swift,\ MyRAMSyncController.swift,\ NotesListView.swift,\ PersistenceManager.swift,\ GeneratedAssetSymbols.swift /Users/runner/work/MyRAM-iOS/MyRAM-iOS/Candidate/MyRAM/Views/Editor/EditorSelectionRangeResolver.swift /Users/runner/work/MyRAM-iOS/MyRAM-iOS/Candidate/MyRAM/Views/Editor/EditorFocusSelectionPolicy.swift /Users/runner/work/MyRAM-iOS/MyRAM-iOS/Candidate/MyRAM/Views/Editor/EditorFormattingCommandResolver.swift /Users/runner/work/MyRAM-iOS/MyRAM-iOS/Candidate/MyRAM/Views/Editor/EditorFormattingMutationApplier.swift /Users/runner/work/MyRAM-iOS/MyRAM-iOS/Candidate/MyRAM/Views/Editor/EditorFormattingStateResolver.swift /Users/runner/work/MyRAM-iOS/MyRAM-iOS/Candidate/MyRAM/NoteIntelligence.swift /Users/runner/work/MyRAM-iOS/MyRAM-iOS/Candidate/MyRAM/Views/NoteEditorView.swift /Users/runner/work/MyRAM-iOS/MyRAM-iOS/Candidate/MyRAM/Views/Editor/EditorTextViewFactory.swift /Users/runner/work/MyRAM-iOS/MyRAM-iOS/Candidate/MyRAM/Views/Editor/EditorProfilingFixtures.swift /Users/runner/work/MyRAM-iOS/MyRAM-iOS/Candidate/MyRAM/Views/Editor/BareTextViewProfilingView.swift /Users/runner/work/MyRAM-iOS/MyRAM-iOS/Candidate/MyRAM/Views/Editor/EditorChecklistRendering.swift /Users/runner/work/MyRAM-iOS/MyRAM-iOS/Candidate/MyRAM/Views/Editor/EditorPolicies.swift /Users/runner/work/MyRAM-iOS/MyRAM-iOS/Candidate/MyRAM/Sync/EditorApplication/AppliedEditorMutation.swift /Users/runner/work/MyRAM-iOS/MyRAM-iOS/Candidate/MyRAM/Sync/EditorApplication/ActiveEditorApplicationPolicy.swift /Users/runner/work/MyRAM-iOS/MyRAM-iOS/Candidate/MyRAM/Sync/EditorApplication/ActiveEditorSyncUpdateHandler.swift /Users/runner/work/MyRAM-iOS/MyRAM-iOS/Candidate/MyRAM/Sync/EditorApplication/EditorSelectionMapper.swift /Users/runner/work/MyRAM-iOS/MyRAM-iOS/Candidate/MyRAM/Sync/EditorApplication/EditorRemoteApplyResult.swift /Users/runner/work/MyRAM-iOS/MyRAM-iOS/Candidate/MyRAM/Views/Editor/UIKitEditorSyncBridge.swift /Users/runner/work/MyRAM-iOS/MyRAM-iOS/Candidate/MyRAM/Sync/MyRAMSyncController.swift /Users/runner/work/MyRAM-iOS/MyRAM-iOS/Candidate/MyRAM/Views/NotesListView.swift /Users/runner/work/MyRAM-iOS/MyRAM-iOS/Candidate/MyRAM/PersistenceManager.swift /tmp/MYR175-Classify-Candidate-iOS/Build/Intermediates.noindex/MyRAM.build/Debug-iphonesimulator/MyRAM.build/DerivedSources/GeneratedAssetSymbols.swift (in target 'MyRAM' from project 'MyRAM')
SwiftCompile normal arm64 /Users/runner/work/MyRAM-iOS/MyRAM-iOS/Candidate/MyRAM/Views/Editor/EditorSelectionRangeResolver.swift (in target 'MyRAM' from project 'MyRAM')
    cd /Users/runner/work/MyRAM-iOS/MyRAM-iOS/Candidate
    

SwiftCompile normal arm64 /Users/runner/work/MyRAM-iOS/MyRAM-iOS/Candidate/MyRAM/Views/Editor/EditorFocusSelectionPolicy.swift (in target 'MyRAM' from project 'MyRAM')
    cd /Users/runner/work/MyRAM-iOS/MyRAM-iOS/Candidate
    

SwiftCompile normal arm64 /Users/runner/work/MyRAM-iOS/MyRAM-iOS/Candidate/MyRAM/Views/Editor/EditorFormattingCommandResolver.swift (in target 'MyRAM' from project 'MyRAM')
    cd /Users/runner/work/MyRAM-iOS/MyRAM-iOS/Candidate
    

SwiftCompile normal arm64 /Users/runner/work/MyRAM-iOS/MyRAM-iOS/Candidate/MyRAM/Views/Editor/EditorFormattingMutationApplier.swift (in target 'MyRAM' from project 'MyRAM')
    cd /Users/runner/work/MyRAM-iOS/MyRAM-iOS/Candidate
    

SwiftCompile normal arm64 /Users/runner/work/MyRAM-iOS/MyRAM-iOS/Candidate/MyRAM/Views/Editor/EditorFormattingStateResolver.swift (in target 'MyRAM' from project 'MyRAM')
    cd /Users/runner/work/MyRAM-iOS/MyRAM-iOS/Candidate
    

SwiftCompile normal arm64 /Users/runner/work/MyRAM-iOS/MyRAM-iOS/Candidate/MyRAM/NoteIntelligence.swift (in target 'MyRAM' from project 'MyRAM')
    cd /Users/runner/work/MyRAM-iOS/MyRAM-iOS/Candidate
    

SwiftCompile normal arm64 /Users/runner/work/MyRAM-iOS/MyRAM-iOS/Candidate/MyRAM/Views/NoteEditorView.swift (in target 'MyRAM' from project 'MyRAM')
    cd /Users/runner/work/MyRAM-iOS/MyRAM-iOS/Candidate
    

SwiftCompile normal arm64 /Users/runner/work/MyRAM-iOS/MyRAM-iOS/Candidate/MyRAM/Views/Editor/EditorTextViewFactory.swift (in target 'MyRAM' from project 'MyRAM')
    cd /Users/runner/work/MyRAM-iOS/MyRAM-iOS/Candidate
    

SwiftCompile normal arm64 /Users/runner/work/MyRAM-iOS/MyRAM-iOS/Candidate/MyRAM/Views/Editor/EditorProfilingFixtures.swift (in target 'MyRAM' from project 'MyRAM')
    cd /Users/runner/work/MyRAM-iOS/MyRAM-iOS/Candidate
    

SwiftCompile normal arm64 /Users/runner/work/MyRAM-iOS/MyRAM-iOS/Candidate/MyRAM/Views/Editor/BareTextViewProfilingView.swift (in target 'MyRAM' from project 'MyRAM')
    cd /Users/runner/work/MyRAM-iOS/MyRAM-iOS/Candidate
    

SwiftCompile normal arm64 /Users/runner/work/MyRAM-iOS/MyRAM-iOS/Candidate/MyRAM/Views/Editor/EditorChecklistRendering.swift (in target 'MyRAM' from project 'MyRAM')
    cd /Users/runner/work/MyRAM-iOS/MyRAM-iOS/Candidate
    

SwiftCompile normal arm64 /Users/runner/work/MyRAM-iOS/MyRAM-iOS/Candidate/MyRAM/Views/Editor/EditorPolicies.swift (in target 'MyRAM' from project 'MyRAM')
    cd /Users/runner/work/MyRAM-iOS/MyRAM-iOS/Candidate
    

SwiftCompile normal arm64 /Users/runner/work/MyRAM-iOS/MyRAM-iOS/Candidate/MyRAM/Sync/EditorApplication/AppliedEditorMutation.swift (in target 'MyRAM' from project 'MyRAM')
    cd /Users/runner/work/MyRAM-iOS/MyRAM-iOS/Candidate
    

SwiftCompile normal arm64 /Users/runner/work/MyRAM-iOS/MyRAM-iOS/Candidate/MyRAM/Sync/EditorApplication/ActiveEditorApplicationPolicy.swift (in target 'MyRAM' from project 'MyRAM')
    cd /Users/runner/work/MyRAM-iOS/MyRAM-iOS/Candidate
    

SwiftCompile normal arm64 /Users/runner/work/MyRAM-iOS/MyRAM-iOS/Candidate/MyRAM/Sync/EditorApplication/ActiveEditorSyncUpdateHandler.swift (in target 'MyRAM' from project 'MyRAM')
    cd /Users/runner/work/MyRAM-iOS/MyRAM-iOS/Candidate
    

SwiftCompile normal arm64 /Users/runner/work/MyRAM-iOS/MyRAM-iOS/Candidate/MyRAM/Sync/EditorApplication/EditorSelectionMapper.swift (in target 'MyRAM' from project 'MyRAM')
    cd /Users/runner/work/MyRAM-iOS/MyRAM-iOS/Candidate
    

SwiftCompile normal arm64 /Users/runner/work/MyRAM-iOS/MyRAM-iOS/Candidate/MyRAM/Sync/EditorApplication/EditorRemoteApplyResult.swift (in target 'MyRAM' from project 'MyRAM')
    cd /Users/runner/work/MyRAM-iOS/MyRAM-iOS/Candidate
    

SwiftCompile normal arm64 /Users/runner/work/MyRAM-iOS/MyRAM-iOS/Candidate/MyRAM/Views/Editor/UIKitEditorSyncBridge.swift (in target 'MyRAM' from project 'MyRAM')
    cd /Users/runner/work/MyRAM-iOS/MyRAM-iOS/Candidate
    

SwiftCompile normal arm64 /Users/runner/work/MyRAM-iOS/MyRAM-iOS/Candidate/MyRAM/Sync/MyRAMSyncController.swift (in target 'MyRAM' from project 'MyRAM')
    cd /Users/runner/work/MyRAM-iOS/MyRAM-iOS/Candidate
    

SwiftCompile normal arm64 /Users/runner/work/MyRAM-iOS/MyRAM-iOS/Candidate/MyRAM/Views/NotesListView.swift (in target 'MyRAM' from project 'MyRAM')
    cd /Users/runner/work/MyRAM-iOS/MyRAM-iOS/Candidate
    

SwiftCompile normal arm64 /Users/runner/work/MyRAM-iOS/MyRAM-iOS/Candidate/MyRAM/PersistenceManager.swift (in target 'MyRAM' from project 'MyRAM')
    cd /Users/runner/work/MyRAM-iOS/MyRAM-iOS/Candidate
    

SwiftCompile normal arm64 /tmp/MYR175-Classify-Candidate-iOS/Build/Intermediates.noindex/MyRAM.build/Debug-iphonesimulator/MyRAM.build/DerivedSources/GeneratedAssetSymbols.swift (in target 'MyRAM' from project 'MyRAM')
    cd /Users/runner/work/MyRAM-iOS/MyRAM-iOS/Candidate
    

SwiftDriverJobDiscovery normal arm64 Emitting module for MyRAM (in target 'MyRAM' from project 'MyRAM')

SwiftDriver\ Compilation\ Requirements MyRAM normal arm64 com.apple.xcode.tools.swift.compiler (in target 'MyRAM' from project 'MyRAM')
    cd /Users/runner/work/MyRAM-iOS/MyRAM-iOS/Candidate
    builtin-Swift-Compilation-Requirements -- /Applications/Xcode_26.5.app/Contents/Developer/Toolchains/XcodeDefault.xctoolchain/usr/bin/swiftc -module-name MyRAM -Onone @/tmp/MYR175-Classify-Candidate-iOS/Build/Intermediates.noindex/MyRAM.build/Debug-iphonesimulator/MyRAM.build/Objects-normal/arm64/MyRAM.SwiftFileList -DDEBUG -enable-bare-slash-regex -enable-experimental-feature DebugDescriptionMacro -sdk /Applications/Xcode_26.5.app/Contents/Developer/Platforms/iPhoneSimulator.platform/Developer/SDKs/iPhoneSimulator26.5.sdk -target arm64-apple-ios17.0-simulator -g -module-cache-path /tmp/MYR175-Classify-Candidate-iOS/ModuleCache.noindex -Xfrontend -serialize-debugging-options -enable-testing -index-store-path /tmp/MYR175-Classify-Candidate-iOS/Index.noindex/DataStore -Xcc -D_LIBCPP_HARDENING_MODE\=_LIBCPP_HARDENING_MODE_DEBUG -swift-version 5 -I /tmp/MYR175-Classify-Candidate-iOS/Build/Products/Debug-iphonesimulator -F /tmp/MYR175-Classify-Candidate-iOS/Build/Products/Debug-iphonesimulator/PackageFrameworks -F /tmp/MYR175-Classify-Candidate-iOS/Build/Products/Debug-iphonesimulator/PackageFrameworks -F /tmp/MYR175-Classify-Candidate-iOS/Build/Products/Debug-iphonesimulator -emit-localized-strings -emit-localized-strings-path /tmp/MYR175-Classify-Candidate-iOS/Build/Intermediates.noindex/MyRAM.build/Debug-iphonesimulator/MyRAM.build/Objects-normal/arm64 -c -j3 -enable-batch-mode -incremental -Xcc -ivfsstatcache -Xcc /tmp/MYR175-Classify-Candidate-iOS/SDKStatCaches.noindex/iphonesimulator26.5-23F73-688ef53f1462e2c8f657fdc38a81448ffb7d586738ff35573a713a18216ade27.sdkstatcache -output-file-map /tmp/MYR175-Classify-Candidate-iOS/Build/Intermediates.noindex/MyRAM.build/Debug-iphonesimulator/MyRAM.build/Objects-normal/arm64/MyRAM-OutputFileMap.json -use-frontend-parseable-output -save-temps -no-color-diagnostics -explicit-module-build -module-cache-path /tmp/MYR175-Classify-Candidate-iOS/Build/Intermediates.noindex/SwiftExplicitPrecompiledModules -clang-scanner-module-cache-path /tmp/MYR175-Classify-Candidate-iOS/ModuleCache.noindex -sdk-module-cache-path /tmp/MYR175-Classify-Candidate-iOS/ModuleCache.noindex -serialize-diagnostics -emit-dependencies -emit-module -emit-module-path /tmp/MYR175-Classify-Candidate-iOS/Build/Intermediates.noindex/MyRAM.build/Debug-iphonesimulator/MyRAM.build/Objects-normal/arm64/MyRAM.swiftmodule -validate-clang-modules-once -clang-build-session-file /tmp/MYR175-Classify-Candidate-iOS/ModuleCache.noindex/Session.modulevalidation -Xcc -I/tmp/MYR175-Classify-Candidate-iOS/Build/Intermediates.noindex/MyRAM.build/Debug-iphonesimulator/MyRAM.build/swift-overrides.hmap -emit-const-values -Xfrontend -const-gather-protocols-file -Xfrontend /tmp/MYR175-Classify-Candidate-iOS/Build/Intermediates.noindex/MyRAM.build/Debug-iphonesimulator/MyRAM.build/Objects-normal/arm64/MyRAM_const_extract_protocols.json -Xcc -iquote -Xcc /tmp/MYR175-Classify-Candidate-iOS/Build/Intermediates.noindex/MyRAM.build/Debug-iphonesimulator/MyRAM.build/MyRAM-generated-files.hmap -Xcc -I/tmp/MYR175-Classify-Candidate-iOS/Build/Intermediates.noindex/MyRAM.build/Debug-iphonesimulator/MyRAM.build/MyRAM-own-target-headers.hmap -Xcc -I/tmp/MYR175-Classify-Candidate-iOS/Build/Intermediates.noindex/MyRAM.build/Debug-iphonesimulator/MyRAM.build/MyRAM-all-non-framework-target-headers.hmap -Xcc -ivfsoverlay -Xcc /tmp/MYR175-Classify-Candidate-iOS/Build/Intermediates.noindex/MyRAM.build/Debug-iphonesimulator/MyRAM-98a9cbde253e8e955bc92731eb290203-VFS-iphonesimulator/all-product-headers.yaml -Xcc -iquote -Xcc /tmp/MYR175-Classify-Candidate-iOS/Build/Intermediates.noindex/MyRAM.build/Debug-iphonesimulator/MyRAM.build/MyRAM-project-headers.hmap -Xcc -I/tmp/MYR175-Classify-Candidate-iOS/Build/Products/Debug-iphonesimulator/include -Xcc -I/tmp/MYR175-Classify-Candidate-iOS/Build/Intermediates.noindex/MyRAM.build/Debug-iphonesimulator/MyRAM.build/DerivedSources-normal/arm64 -Xcc -I/tmp/MYR175-Classify-Candidate-iOS/Build/Intermediates.noindex/MyRAM.build/Debug-iphonesimulator/MyRAM.build/DerivedSources/arm64 -Xcc -I/tmp/MYR175-Classify-Candidate-iOS/Build/Intermediates.noindex/MyRAM.build/Debug-iphonesimulator/MyRAM.build/DerivedSources -Xcc -DDEBUG\=1 -emit-objc-header -emit-objc-header-path /tmp/MYR175-Classify-Candidate-iOS/Build/Intermediates.noindex/MyRAM.build/Debug-iphonesimulator/MyRAM.build/Objects-normal/arm64/MyRAM-Swift.h -working-directory /Users/runner/work/MyRAM-iOS/MyRAM-iOS/Candidate -experimental-emit-module-separately -disable-cmo

SwiftDriverJobDiscovery normal arm64 Compiling MyRAMExternalOpenDispatcher.swift, MyRAMWidgetHostCoordinator.swift, MyRAMWidgetNoteRouting.swift, MyRAMWidgetSelectionButton.swift, MarkdownFileIO.swift, MarkdownPreview.swift, MarkdownPreviewModePolicy.swift, MarkdownPreviewUIKitSyncExecutor.swift, MarkdownPreviewUIKitDeferredScheduler.swift, MarkdownPreviewUIKitEditorResignation.swift, MarkdownPreviewUIKitPostResignationReconciliation.swift, MarkdownPreviewUIKitAcceptedRestoreSupersession.swift, NoteEditorFileOperationBridge.swift, NoteSequenceStateRecord.swift, NoteSequenceStateBootstrapAdapter.swift, NoteSequenceStateFullBodyIntegration.swift, NoteSequenceStateBootstrapMigrator.swift, SwiftDataNoteSequenceStateStore.swift, MyRAMSyncOperationIDAllocator.swift, FileBackedSyncOperationIDReservationStore.swift, Item.swift, RTFCoding.swift, AttributedTextStorageKeys.swift (in target 'MyRAM' from project 'MyRAM')

SwiftCompile normal arm64 Compiling\ SyncBatchPayload.swift,\ SyncBatchAnchoredPayloadAdapter.swift,\ SyncBatchAnchoredPayloadPolicy.swift,\ SyncBatchPeerCapability.swift,\ SyncBatchTransportAdmissionPlanner.swift,\ SyncBatchEnvelope.swift,\ MultipeerSyncMessageEnvelope.swift,\ SyncBatchSeenBatchStore.swift,\ SyncBatchUTF16Helpers.swift,\ SyncBatchNoteChangeCapture.swift,\ SyncConvergenceTypes.swift,\ SyncConvergenceModels.swift,\ SyncConvergencePlanningTypes.swift,\ SyncConvergenceRewriteSafetyPolicy.swift,\ ExplicitDeleteProvenanceTypes.swift,\ ExplicitDeleteProvenanceBuilder.swift,\ ExplicitDeleteProvenanceValidator.swift,\ SyncConvergencePlanner.swift,\ IncrementalEditIntegrationTypes.swift,\ RetainedOperationCausalGraph.swift,\ SwiftDataSyncConvergencePersistenceTransaction.swift,\ SyncConvergencePostCommitTypes.swift,\ SyncConvergencePostCommitGating.swift /Users/runner/work/MyRAM-iOS/MyRAM-iOS/Candidate/MyRAM/Sync/Batch/SyncBatchPayload.swift /Users/runner/work/MyRAM-iOS/MyRAM-iOS/Candidate/MyRAM/Sync/Batch/SyncBatchAnchoredPayloadAdapter.swift /Users/runner/work/MyRAM-iOS/MyRAM-iOS/Candidate/MyRAM/Sync/Batch/SyncBatchAnchoredPayloadPolicy.swift /Users/runner/work/MyRAM-iOS/MyRAM-iOS/Candidate/MyRAM/Sync/Batch/SyncBatchPeerCapability.swift /Users/runner/work/MyRAM-iOS/MyRAM-iOS/Candidate/MyRAM/Sync/Batch/SyncBatchTransportAdmissionPlanner.swift /Users/runner/work/MyRAM-iOS/MyRAM-iOS/Candidate/MyRAM/Sync/Batch/SyncBatchEnvelope.swift /Users/runner/work/MyRAM-iOS/MyRAM-iOS/Candidate/MyRAM/Sync/Batch/MultipeerSyncMessageEnvelope.swift /Users/runner/work/MyRAM-iOS/MyRAM-iOS/Candidate/MyRAM/Sync/Batch/SyncBatchSeenBatchStore.swift /Users/runner/work/MyRAM-iOS/MyRAM-iOS/Candidate/MyRAM/Sync/Batch/SyncBatchUTF16Helpers.swift /Users/runner/work/MyRAM-iOS/MyRAM-iOS/Candidate/MyRAM/Sync/Batch/SyncBatchNoteChangeCapture.swift /Users/runner/work/MyRAM-iOS/MyRAM-iOS/Candidate/MyRAM/Sync/Convergence/SyncConvergenceTypes.swift /Users/runner/work/MyRAM-iOS/MyRAM-iOS/Candidate/MyRAM/Sync/Convergence/SyncConvergenceModels.swift /Users/runner/work/MyRAM-iOS/MyRAM-iOS/Candidate/MyRAM/Sync/Convergence/SyncConvergencePlanningTypes.swift /Users/runner/work/MyRAM-iOS/MyRAM-iOS/Candidate/MyRAM/Sync/Convergence/SyncConvergenceRewriteSafetyPolicy.swift /Users/runner/work/MyRAM-iOS/MyRAM-iOS/Candidate/MyRAM/Sync/Convergence/ExplicitDeleteProvenanceTypes.swift /Users/runner/work/MyRAM-iOS/MyRAM-iOS/Candidate/MyRAM/Sync/Convergence/ExplicitDeleteProvenanceBuilder.swift /Users/runner/work/MyRAM-iOS/MyRAM-iOS/Candidate/MyRAM/Sync/Convergence/ExplicitDeleteProvenanceValidator.swift /Users/runner/work/MyRAM-iOS/MyRAM-iOS/Candidate/MyRAM/Sync/Convergence/SyncConvergencePlanner.swift /Users/runner/work/MyRAM-iOS/MyRAM-iOS/Candidate/MyRAM/Sync/Convergence/IncrementalEditIntegrationTypes.swift /Users/runner/work/MyRAM-iOS/MyRAM-iOS/Candidate/MyRAM/Sync/Convergence/RetainedOperationCausalGraph.swift /Users/runner/work/MyRAM-iOS/MyRAM-iOS/Candidate/MyRAM/Sync/Convergence/SwiftDataSyncConvergencePersistenceTransaction.swift /Users/runner/work/MyRAM-iOS/MyRAM-iOS/Candidate/MyRAM/Sync/Convergence/SyncConvergencePostCommitTypes.swift /Users/runner/work/MyRAM-iOS/MyRAM-iOS/Candidate/MyRAM/Sync/Convergence/SyncConvergencePostCommitGating.swift (in target 'MyRAM' from project 'MyRAM')

SwiftCompile normal arm64 /Users/runner/work/MyRAM-iOS/MyRAM-iOS/Candidate/MyRAM/Sync/Batch/SyncBatchPayload.swift (in target 'MyRAM' from project 'MyRAM')
    cd /Users/runner/work/MyRAM-iOS/MyRAM-iOS/Candidate
    

SwiftCompile normal arm64 /Users/runner/work/MyRAM-iOS/MyRAM-iOS/Candidate/MyRAM/Sync/Batch/SyncBatchAnchoredPayloadAdapter.swift (in target 'MyRAM' from project 'MyRAM')
    cd /Users/runner/work/MyRAM-iOS/MyRAM-iOS/Candidate
    

SwiftCompile normal arm64 /Users/runner/work/MyRAM-iOS/MyRAM-iOS/Candidate/MyRAM/Sync/Batch/SyncBatchAnchoredPayloadPolicy.swift (in target 'MyRAM' from project 'MyRAM')
    cd /Users/runner/work/MyRAM-iOS/MyRAM-iOS/Candidate
    

SwiftCompile normal arm64 /Users/runner/work/MyRAM-iOS/MyRAM-iOS/Candidate/MyRAM/Sync/Batch/SyncBatchPeerCapability.swift (in target 'MyRAM' from project 'MyRAM')
    cd /Users/runner/work/MyRAM-iOS/MyRAM-iOS/Candidate
    

SwiftCompile normal arm64 /Users/runner/work/MyRAM-iOS/MyRAM-iOS/Candidate/MyRAM/Sync/Batch/SyncBatchTransportAdmissionPlanner.swift (in target 'MyRAM' from project 'MyRAM')
    cd /Users/runner/work/MyRAM-iOS/MyRAM-iOS/Candidate
    

SwiftCompile normal arm64 /Users/runner/work/MyRAM-iOS/MyRAM-iOS/Candidate/MyRAM/Sync/Batch/SyncBatchEnvelope.swift (in target 'MyRAM' from project 'MyRAM')
    cd /Users/runner/work/MyRAM-iOS/MyRAM-iOS/Candidate
    

SwiftCompile normal arm64 /Users/runner/work/MyRAM-iOS/MyRAM-iOS/Candidate/MyRAM/Sync/Batch/MultipeerSyncMessageEnvelope.swift (in target 'MyRAM' from project 'MyRAM')
    cd /Users/runner/work/MyRAM-iOS/MyRAM-iOS/Candidate
    

SwiftCompile normal arm64 /Users/runner/work/MyRAM-iOS/MyRAM-iOS/Candidate/MyRAM/Sync/Batch/SyncBatchSeenBatchStore.swift (in target 'MyRAM' from project 'MyRAM')
    cd /Users/runner/work/MyRAM-iOS/MyRAM-iOS/Candidate
    

SwiftCompile normal arm64 /Users/runner/work/MyRAM-iOS/MyRAM-iOS/Candidate/MyRAM/Sync/Batch/SyncBatchUTF16Helpers.swift (in target 'MyRAM' from project 'MyRAM')
    cd /Users/runner/work/MyRAM-iOS/MyRAM-iOS/Candidate
    

SwiftCompile normal arm64 /Users/runner/work/MyRAM-iOS/MyRAM-iOS/Candidate/MyRAM/Sync/Batch/SyncBatchNoteChangeCapture.swift (in target 'MyRAM' from project 'MyRAM')
    cd /Users/runner/work/MyRAM-iOS/MyRAM-iOS/Candidate
    

SwiftCompile normal arm64 /Users/runner/work/MyRAM-iOS/MyRAM-iOS/Candidate/MyRAM/Sync/Convergence/SyncConvergenceTypes.swift (in target 'MyRAM' from project 'MyRAM')
    cd /Users/runner/work/MyRAM-iOS/MyRAM-iOS/Candidate
    

SwiftCompile normal arm64 /Users/runner/work/MyRAM-iOS/MyRAM-iOS/Candidate/MyRAM/Sync/Convergence/SyncConvergenceModels.swift (in target 'MyRAM' from project 'MyRAM')
    cd /Users/runner/work/MyRAM-iOS/MyRAM-iOS/Candidate
    

SwiftCompile normal arm64 /Users/runner/work/MyRAM-iOS/MyRAM-iOS/Candidate/MyRAM/Sync/Convergence/SyncConvergencePlanningTypes.swift (in target 'MyRAM' from project 'MyRAM')
    cd /Users/runner/work/MyRAM-iOS/MyRAM-iOS/Candidate
    

SwiftCompile normal arm64 /Users/runner/work/MyRAM-iOS/MyRAM-iOS/Candidate/MyRAM/Sync/Convergence/SyncConvergenceRewriteSafetyPolicy.swift (in target 'MyRAM' from project 'MyRAM')
    cd /Users/runner/work/MyRAM-iOS/MyRAM-iOS/Candidate
    

SwiftCompile normal arm64 /Users/runner/work/MyRAM-iOS/MyRAM-iOS/Candidate/MyRAM/Sync/Convergence/ExplicitDeleteProvenanceTypes.swift (in target 'MyRAM' from project 'MyRAM')
    cd /Users/runner/work/MyRAM-iOS/MyRAM-iOS/Candidate
    

SwiftCompile normal arm64 /Users/runner/work/MyRAM-iOS/MyRAM-iOS/Candidate/MyRAM/Sync/Convergence/ExplicitDeleteProvenanceBuilder.swift (in target 'MyRAM' from project 'MyRAM')
    cd /Users/runner/work/MyRAM-iOS/MyRAM-iOS/Candidate
    

SwiftCompile normal arm64 /Users/runner/work/MyRAM-iOS/MyRAM-iOS/Candidate/MyRAM/Sync/Convergence/ExplicitDeleteProvenanceValidator.swift (in target 'MyRAM' from project 'MyRAM')
    cd /Users/runner/work/MyRAM-iOS/MyRAM-iOS/Candidate
    

SwiftCompile normal arm64 /Users/runner/work/MyRAM-iOS/MyRAM-iOS/Candidate/MyRAM/Sync/Convergence/SyncConvergencePlanner.swift (in target 'MyRAM' from project 'MyRAM')
    cd /Users/runner/work/MyRAM-iOS/MyRAM-iOS/Candidate
    

SwiftCompile normal arm64 /Users/runner/work/MyRAM-iOS/MyRAM-iOS/Candidate/MyRAM/Sync/Convergence/IncrementalEditIntegrationTypes.swift (in target 'MyRAM' from project 'MyRAM')
    cd /Users/runner/work/MyRAM-iOS/MyRAM-iOS/Candidate
    

SwiftCompile normal arm64 /Users/runner/work/MyRAM-iOS/MyRAM-iOS/Candidate/MyRAM/Sync/Convergence/RetainedOperationCausalGraph.swift (in target 'MyRAM' from project 'MyRAM')
    cd /Users/runner/work/MyRAM-iOS/MyRAM-iOS/Candidate
    

SwiftCompile normal arm64 /Users/runner/work/MyRAM-iOS/MyRAM-iOS/Candidate/MyRAM/Sync/Convergence/SwiftDataSyncConvergencePersistenceTransaction.swift (in target 'MyRAM' from project 'MyRAM')
    cd /Users/runner/work/MyRAM-iOS/MyRAM-iOS/Candidate
    

SwiftCompile normal arm64 /Users/runner/work/MyRAM-iOS/MyRAM-iOS/Candidate/MyRAM/Sync/Convergence/SyncConvergencePostCommitTypes.swift (in target 'MyRAM' from project 'MyRAM')
    cd /Users/runner/work/MyRAM-iOS/MyRAM-iOS/Candidate
    

SwiftCompile normal arm64 /Users/runner/work/MyRAM-iOS/MyRAM-iOS/Candidate/MyRAM/Sync/Convergence/SyncConvergencePostCommitGating.swift (in target 'MyRAM' from project 'MyRAM')
    cd /Users/runner/work/MyRAM-iOS/MyRAM-iOS/Candidate
    

SwiftMergeGeneratedHeaders /tmp/MYR175-Classify-Candidate-iOS/Build/Intermediates.noindex/MyRAM.build/Debug-iphonesimulator/MyRAM.build/DerivedSources/MyRAM-Swift.h /tmp/MYR175-Classify-Candidate-iOS/Build/Intermediates.noindex/MyRAM.build/Debug-iphonesimulator/MyRAM.build/Objects-normal/arm64/MyRAM-Swift.h (in target 'MyRAM' from project 'MyRAM')
    cd /Users/runner/work/MyRAM-iOS/MyRAM-iOS/Candidate
    builtin-swiftHeaderTool -arch arm64 /tmp/MYR175-Classify-Candidate-iOS/Build/Intermediates.noindex/MyRAM.build/Debug-iphonesimulator/MyRAM.build/Objects-normal/arm64/MyRAM-Swift.h -o /tmp/MYR175-Classify-Candidate-iOS/Build/Intermediates.noindex/MyRAM.build/Debug-iphonesimulator/MyRAM.build/DerivedSources/MyRAM-Swift.h

SwiftDriverJobDiscovery normal arm64 Compiling SwiftDataSyncConvergencePostCommitStore.swift, SyncConvergencePostCommitExecutor.swift, SyncConvergenceLocalObligation.swift, FileBackedSyncConvergenceLocalObligationQueue.swift, SyncConvergenceDrainPassScheduler.swift, SyncConvergenceRuntime.swift, SyncBatchUnsentQueue.swift, FileBackedSyncBatchQueue.swift, NotesViewModel.swift, MyRAMSyncModels.swift, MyRAMApp.swift, MyRAMSchema.swift, Note.swift, MyRAMSyncChangeApplier.swift, MyRAMLegacySyncChangeValidator.swift, MyRAMSyncConflictService.swift, SyncConflictStore.swift, Folder.swift, MyRAMDeviceIdentity.swift, MyRAMLegacySyncPayloadBuilder.swift, PendingSyncStatus.swift, PendingSyncRecoveryCoordinator.swift, MyRAMWidgetContentSelectionPolicy.swift (in target 'MyRAM' from project 'MyRAM')

Copy /tmp/MYR175-Classify-Candidate-iOS/Build/Products/Debug-iphonesimulator/MyRAM.swiftmodule/arm64-apple-ios-simulator.swiftmodule /tmp/MYR175-Classify-Candidate-iOS/Build/Intermediates.noindex/MyRAM.build/Debug-iphonesimulator/MyRAM.build/Objects-normal/arm64/MyRAM.swiftmodule (in target 'MyRAM' from project 'MyRAM')
    cd /Users/runner/work/MyRAM-iOS/MyRAM-iOS/Candidate
    builtin-copy -exclude .DS_Store -exclude CVS -exclude .svn -exclude .git -exclude .hg -resolve-src-symlinks -rename /tmp/MYR175-Classify-Candidate-iOS/Build/Intermediates.noindex/MyRAM.build/Debug-iphonesimulator/MyRAM.build/Objects-normal/arm64/MyRAM.swiftmodule /tmp/MYR175-Classify-Candidate-iOS/Build/Products/Debug-iphonesimulator/MyRAM.swiftmodule/arm64-apple-ios-simulator.swiftmodule

Copy /tmp/MYR175-Classify-Candidate-iOS/Build/Products/Debug-iphonesimulator/MyRAM.swiftmodule/arm64-apple-ios-simulator.swiftdoc /tmp/MYR175-Classify-Candidate-iOS/Build/Intermediates.noindex/MyRAM.build/Debug-iphonesimulator/MyRAM.build/Objects-normal/arm64/MyRAM.swiftdoc (in target 'MyRAM' from project 'MyRAM')
    cd /Users/runner/work/MyRAM-iOS/MyRAM-iOS/Candidate
    builtin-copy -exclude .DS_Store -exclude CVS -exclude .svn -exclude .git -exclude .hg -resolve-src-symlinks -rename /tmp/MYR175-Classify-Candidate-iOS/Build/Intermediates.noindex/MyRAM.build/Debug-iphonesimulator/MyRAM.build/Objects-normal/arm64/MyRAM.swiftdoc /tmp/MYR175-Classify-Candidate-iOS/Build/Products/Debug-iphonesimulator/MyRAM.swiftmodule/arm64-apple-ios-simulator.swiftdoc

Copy /tmp/MYR175-Classify-Candidate-iOS/Build/Products/Debug-iphonesimulator/MyRAM.swiftmodule/arm64-apple-ios-simulator.abi.json /tmp/MYR175-Classify-Candidate-iOS/Build/Intermediates.noindex/MyRAM.build/Debug-iphonesimulator/MyRAM.build/Objects-normal/arm64/MyRAM.abi.json (in target 'MyRAM' from project 'MyRAM')
    cd /Users/runner/work/MyRAM-iOS/MyRAM-iOS/Candidate
    builtin-copy -exclude .DS_Store -exclude CVS -exclude .svn -exclude .git -exclude .hg -resolve-src-symlinks -rename /tmp/MYR175-Classify-Candidate-iOS/Build/Intermediates.noindex/MyRAM.build/Debug-iphonesimulator/MyRAM.build/Objects-normal/arm64/MyRAM.abi.json /tmp/MYR175-Classify-Candidate-iOS/Build/Products/Debug-iphonesimulator/MyRAM.swiftmodule/arm64-apple-ios-simulator.abi.json

Copy /tmp/MYR175-Classify-Candidate-iOS/Build/Products/Debug-iphonesimulator/MyRAM.swiftmodule/Project/arm64-apple-ios-simulator.swiftsourceinfo /tmp/MYR175-Classify-Candidate-iOS/Build/Intermediates.noindex/MyRAM.build/Debug-iphonesimulator/MyRAM.build/Objects-normal/arm64/MyRAM.swiftsourceinfo (in target 'MyRAM' from project 'MyRAM')
    cd /Users/runner/work/MyRAM-iOS/MyRAM-iOS/Candidate
    builtin-copy -exclude .DS_Store -exclude CVS -exclude .svn -exclude .git -exclude .hg -resolve-src-symlinks -rename /tmp/MYR175-Classify-Candidate-iOS/Build/Intermediates.noindex/MyRAM.build/Debug-iphonesimulator/MyRAM.build/Objects-normal/arm64/MyRAM.swiftsourceinfo /tmp/MYR175-Classify-Candidate-iOS/Build/Products/Debug-iphonesimulator/MyRAM.swiftmodule/Project/arm64-apple-ios-simulator.swiftsourceinfo

SwiftCompile normal arm64 Compiling\ MyRAMWidgetSnapshotStore.swift,\ MyRAMWidgetSnapshot.swift,\ MyRAMWidgetDeepLink.swift,\ MyRAMWidgetRuntimeConfiguration.swift,\ MyRAMWidgetSnapshotCodec.swift,\ PendingSyncRecoveryJournal.swift,\ SyncRecoveryStateBuilder.swift,\ EditorTextPlacementResolver.swift,\ NearbySyncView.swift,\ SyncConflictViews.swift,\ IPhoneSyncBatchAccumulator.swift,\ IPhoneSyncBatchCaptureHook.swift,\ IPhoneSyncBatchApplier.swift,\ DebugDemoDataGenerator.swift,\ EditorPasteFormatter.swift,\ EditorTimingPolicy.swift,\ SyncStatusIndicator.swift,\ MyRAMPlatform.swift,\ EditorSelectionProfiling.swift,\ EditorSearchHighlighting.swift,\ EditorSearchMatchResolver.swift,\ EditorSearchSession.swift,\ EditorRichTextContentCodec.swift /Users/runner/work/MyRAM-iOS/MyRAM-iOS/Candidate/MyRAM/WidgetShared/MyRAMWidgetSnapshotStore.swift /Users/runner/work/MyRAM-iOS/MyRAM-iOS/Candidate/MyRAM/WidgetShared/MyRAMWidgetSnapshot.swift /Users/runner/work/MyRAM-iOS/MyRAM-iOS/Candidate/MyRAM/WidgetShared/MyRAMWidgetDeepLink.swift /Users/runner/work/MyRAM-iOS/MyRAM-iOS/Candidate/MyRAM/WidgetShared/MyRAMWidgetRuntimeConfiguration.swift /Users/runner/work/MyRAM-iOS/MyRAM-iOS/Candidate/MyRAM/WidgetShared/MyRAMWidgetSnapshotCodec.swift /Users/runner/work/MyRAM-iOS/MyRAM-iOS/Candidate/MyRAM/Sync/Recovery/PendingSyncRecoveryJournal.swift /Users/runner/work/MyRAM-iOS/MyRAM-iOS/Candidate/MyRAM/Sync/Recovery/SyncRecoveryStateBuilder.swift /Users/runner/work/MyRAM-iOS/MyRAM-iOS/Candidate/MyRAM/Views/Editor/EditorTextPlacementResolver.swift /Users/runner/work/MyRAM-iOS/MyRAM-iOS/Candidate/MyRAM/Views/NearbySyncView.swift /Users/runner/work/MyRAM-iOS/MyRAM-iOS/Candidate/MyRAM/Views/SyncConflictViews.swift /Users/runner/work/MyRAM-iOS/MyRAM-iOS/Candidate/MyRAM/iOS/Sync/Batch/IPhoneSyncBatchAccumulator.swift /Users/runner/work/MyRAM-iOS/MyRAM-iOS/Candidate/MyRAM/iOS/Sync/Batch/IPhoneSyncBatchCaptureHook.swift /Users/runner/work/MyRAM-iOS/MyRAM-iOS/Candidate/MyRAM/iOS/Sync/Batch/IPhoneSyncBatchApplier.swift /Users/runner/work/MyRAM-iOS/MyRAM-iOS/Candidate/MyRAM/DebugDemoDataGenerator.swift /Users/runner/work/MyRAM-iOS/MyRAM-iOS/Candidate/MyRAM/Views/Editor/EditorPasteFormatter.swift /Users/runner/work/MyRAM-iOS/MyRAM-iOS/Candidate/MyRAM/Views/Editor/EditorTimingPolicy.swift /Users/runner/work/MyRAM-iOS/MyRAM-iOS/Candidate/MyRAM/Views/SyncStatusIndicator.swift /Users/runner/work/MyRAM-iOS/MyRAM-iOS/Candidate/MyRAM/Platform/MyRAMPlatform.swift /Users/runner/work/MyRAM-iOS/MyRAM-iOS/Candidate/MyRAM/Views/Editor/EditorSelectionProfiling.swift /Users/runner/work/MyRAM-iOS/MyRAM-iOS/Candidate/MyRAM/Views/Editor/EditorSearchHighlighting.swift /Users/runner/work/MyRAM-iOS/MyRAM-iOS/Candidate/MyRAM/Views/Editor/EditorSearchMatchResolver.swift /Users/runner/work/MyRAM-iOS/MyRAM-iOS/Candidate/MyRAM/Views/Editor/EditorSearchSession.swift /Users/runner/work/MyRAM-iOS/MyRAM-iOS/Candidate/MyRAM/Views/Editor/EditorRichTextContentCodec.swift (in target 'MyRAM' from project 'MyRAM')

SwiftCompile normal arm64 /Users/runner/work/MyRAM-iOS/MyRAM-iOS/Candidate/MyRAM/WidgetShared/MyRAMWidgetSnapshotStore.swift (in target 'MyRAM' from project 'MyRAM')
    cd /Users/runner/work/MyRAM-iOS/MyRAM-iOS/Candidate
    

SwiftCompile normal arm64 /Users/runner/work/MyRAM-iOS/MyRAM-iOS/Candidate/MyRAM/WidgetShared/MyRAMWidgetSnapshot.swift (in target 'MyRAM' from project 'MyRAM')
    cd /Users/runner/work/MyRAM-iOS/MyRAM-iOS/Candidate
    

SwiftCompile normal arm64 /Users/runner/work/MyRAM-iOS/MyRAM-iOS/Candidate/MyRAM/WidgetShared/MyRAMWidgetDeepLink.swift (in target 'MyRAM' from project 'MyRAM')
    cd /Users/runner/work/MyRAM-iOS/MyRAM-iOS/Candidate
    

SwiftCompile normal arm64 /Users/runner/work/MyRAM-iOS/MyRAM-iOS/Candidate/MyRAM/WidgetShared/MyRAMWidgetRuntimeConfiguration.swift (in target 'MyRAM' from project 'MyRAM')
    cd /Users/runner/work/MyRAM-iOS/MyRAM-iOS/Candidate
    

SwiftCompile normal arm64 /Users/runner/work/MyRAM-iOS/MyRAM-iOS/Candidate/MyRAM/WidgetShared/MyRAMWidgetSnapshotCodec.swift (in target 'MyRAM' from project 'MyRAM')
    cd /Users/runner/work/MyRAM-iOS/MyRAM-iOS/Candidate
    

SwiftCompile normal arm64 /Users/runner/work/MyRAM-iOS/MyRAM-iOS/Candidate/MyRAM/Sync/Recovery/PendingSyncRecoveryJournal.swift (in target 'MyRAM' from project 'MyRAM')
    cd /Users/runner/work/MyRAM-iOS/MyRAM-iOS/Candidate
    

SwiftCompile normal arm64 /Users/runner/work/MyRAM-iOS/MyRAM-iOS/Candidate/MyRAM/Sync/Recovery/SyncRecoveryStateBuilder.swift (in target 'MyRAM' from project 'MyRAM')
    cd /Users/runner/work/MyRAM-iOS/MyRAM-iOS/Candidate
    

SwiftCompile normal arm64 /Users/runner/work/MyRAM-iOS/MyRAM-iOS/Candidate/MyRAM/Views/Editor/EditorTextPlacementResolver.swift (in target 'MyRAM' from project 'MyRAM')
    cd /Users/runner/work/MyRAM-iOS/MyRAM-iOS/Candidate
    

SwiftCompile normal arm64 /Users/runner/work/MyRAM-iOS/MyRAM-iOS/Candidate/MyRAM/Views/NearbySyncView.swift (in target 'MyRAM' from project 'MyRAM')
    cd /Users/runner/work/MyRAM-iOS/MyRAM-iOS/Candidate
    

SwiftCompile normal arm64 /Users/runner/work/MyRAM-iOS/MyRAM-iOS/Candidate/MyRAM/Views/SyncConflictViews.swift (in target 'MyRAM' from project 'MyRAM')
    cd /Users/runner/work/MyRAM-iOS/MyRAM-iOS/Candidate
    

SwiftCompile normal arm64 /Users/runner/work/MyRAM-iOS/MyRAM-iOS/Candidate/MyRAM/iOS/Sync/Batch/IPhoneSyncBatchAccumulator.swift (in target 'MyRAM' from project 'MyRAM')
    cd /Users/runner/work/MyRAM-iOS/MyRAM-iOS/Candidate
    

SwiftCompile normal arm64 /Users/runner/work/MyRAM-iOS/MyRAM-iOS/Candidate/MyRAM/iOS/Sync/Batch/IPhoneSyncBatchCaptureHook.swift (in target 'MyRAM' from project 'MyRAM')
    cd /Users/runner/work/MyRAM-iOS/MyRAM-iOS/Candidate
    

SwiftCompile normal arm64 /Users/runner/work/MyRAM-iOS/MyRAM-iOS/Candidate/MyRAM/iOS/Sync/Batch/IPhoneSyncBatchApplier.swift (in target 'MyRAM' from project 'MyRAM')
    cd /Users/runner/work/MyRAM-iOS/MyRAM-iOS/Candidate
    

SwiftCompile normal arm64 /Users/runner/work/MyRAM-iOS/MyRAM-iOS/Candidate/MyRAM/DebugDemoDataGenerator.swift (in target 'MyRAM' from project 'MyRAM')
    cd /Users/runner/work/MyRAM-iOS/MyRAM-iOS/Candidate
    

SwiftCompile normal arm64 /Users/runner/work/MyRAM-iOS/MyRAM-iOS/Candidate/MyRAM/Views/Editor/EditorPasteFormatter.swift (in target 'MyRAM' from project 'MyRAM')
    cd /Users/runner/work/MyRAM-iOS/MyRAM-iOS/Candidate
    

SwiftCompile normal arm64 /Users/runner/work/MyRAM-iOS/MyRAM-iOS/Candidate/MyRAM/Views/Editor/EditorTimingPolicy.swift (in target 'MyRAM' from project 'MyRAM')
    cd /Users/runner/work/MyRAM-iOS/MyRAM-iOS/Candidate
    

SwiftCompile normal arm64 /Users/runner/work/MyRAM-iOS/MyRAM-iOS/Candidate/MyRAM/Views/SyncStatusIndicator.swift (in target 'MyRAM' from project 'MyRAM')
    cd /Users/runner/work/MyRAM-iOS/MyRAM-iOS/Candidate
    

SwiftCompile normal arm64 /Users/runner/work/MyRAM-iOS/MyRAM-iOS/Candidate/MyRAM/Platform/MyRAMPlatform.swift (in target 'MyRAM' from project 'MyRAM')
    cd /Users/runner/work/MyRAM-iOS/MyRAM-iOS/Candidate
    

SwiftCompile normal arm64 /Users/runner/work/MyRAM-iOS/MyRAM-iOS/Candidate/MyRAM/Views/Editor/EditorSelectionProfiling.swift (in target 'MyRAM' from project 'MyRAM')
    cd /Users/runner/work/MyRAM-iOS/MyRAM-iOS/Candidate
    

SwiftCompile normal arm64 /Users/runner/work/MyRAM-iOS/MyRAM-iOS/Candidate/MyRAM/Views/Editor/EditorSearchHighlighting.swift (in target 'MyRAM' from project 'MyRAM')
    cd /Users/runner/work/MyRAM-iOS/MyRAM-iOS/Candidate
    

SwiftCompile normal arm64 /Users/runner/work/MyRAM-iOS/MyRAM-iOS/Candidate/MyRAM/Views/Editor/EditorSearchMatchResolver.swift (in target 'MyRAM' from project 'MyRAM')
    cd /Users/runner/work/MyRAM-iOS/MyRAM-iOS/Candidate
    

SwiftCompile normal arm64 /Users/runner/work/MyRAM-iOS/MyRAM-iOS/Candidate/MyRAM/Views/Editor/EditorSearchSession.swift (in target 'MyRAM' from project 'MyRAM')
    cd /Users/runner/work/MyRAM-iOS/MyRAM-iOS/Candidate
    

SwiftCompile normal arm64 /Users/runner/work/MyRAM-iOS/MyRAM-iOS/Candidate/MyRAM/Views/Editor/EditorRichTextContentCodec.swift (in target 'MyRAM' from project 'MyRAM')
    cd /Users/runner/work/MyRAM-iOS/MyRAM-iOS/Candidate
    

SwiftDriverJobDiscovery normal arm64 Compiling MyRAMWidgetSnapshotStore.swift, MyRAMWidgetSnapshot.swift, MyRAMWidgetDeepLink.swift, MyRAMWidgetRuntimeConfiguration.swift, MyRAMWidgetSnapshotCodec.swift, PendingSyncRecoveryJournal.swift, SyncRecoveryStateBuilder.swift, EditorTextPlacementResolver.swift, NearbySyncView.swift, SyncConflictViews.swift, IPhoneSyncBatchAccumulator.swift, IPhoneSyncBatchCaptureHook.swift, IPhoneSyncBatchApplier.swift, DebugDemoDataGenerator.swift, EditorPasteFormatter.swift, EditorTimingPolicy.swift, SyncStatusIndicator.swift, MyRAMPlatform.swift, EditorSelectionProfiling.swift, EditorSearchHighlighting.swift, EditorSearchMatchResolver.swift, EditorSearchSession.swift, EditorRichTextContentCodec.swift (in target 'MyRAM' from project 'MyRAM')

SwiftDriver MyRAMUITests normal arm64 com.apple.xcode.tools.swift.compiler (in target 'MyRAMUITests' from project 'MyRAM')
    cd /Users/runner/work/MyRAM-iOS/MyRAM-iOS/Candidate
    builtin-SwiftDriver -- /Applications/Xcode_26.5.app/Contents/Developer/Toolchains/XcodeDefault.xctoolchain/usr/bin/swiftc -module-name MyRAMUITests -Onone @/tmp/MYR175-Classify-Candidate-iOS/Build/Intermediates.noindex/MyRAM.build/Debug-iphonesimulator/MyRAMUITests.build/Objects-normal/arm64/MyRAMUITests.SwiftFileList -DDEBUG -module-alias Testing\=_Testing_Unavailable -plugin-path /Applications/Xcode_26.5.app/Contents/Developer/Toolchains/XcodeDefault.xctoolchain/usr/lib/swift/host/plugins/testing -enable-bare-slash-regex -enable-experimental-feature DebugDescriptionMacro -sdk /Applications/Xcode_26.5.app/Contents/Developer/Platforms/iPhoneSimulator.platform/Developer/SDKs/iPhoneSimulator26.5.sdk -target arm64-apple-ios17.0-simulator -g -module-cache-path /tmp/MYR175-Classify-Candidate-iOS/ModuleCache.noindex -Xfrontend -serialize-debugging-options -enable-testing -index-store-path /tmp/MYR175-Classify-Candidate-iOS/Index.noindex/DataStore -Xcc -D_LIBCPP_HARDENING_MODE\=_LIBCPP_HARDENING_MODE_DEBUG -swift-version 5 -I /tmp/MYR175-Classify-Candidate-iOS/Build/Products/Debug-iphonesimulator -Isystem /Applications/Xcode_26.5.app/Contents/Developer/Platforms/iPhoneSimulator.platform/Developer/usr/lib -F /tmp/MYR175-Classify-Candidate-iOS/Build/Products/Debug-iphonesimulator -F /Applications/Xcode_26.5.app/Contents/Developer/Platforms/iPhoneSimulator.platform/Developer/Library/Frameworks -F /Applications/Xcode_26.5.app/Contents/Developer/Platforms/iPhoneSimulator.platform/Developer/SDKs/iPhoneSimulator26.5.sdk/Developer/Library/Frameworks -c -j3 -enable-batch-mode -incremental -Xcc -ivfsstatcache -Xcc /tmp/MYR175-Classify-Candidate-iOS/SDKStatCaches.noindex/iphonesimulator26.5-23F73-688ef53f1462e2c8f657fdc38a81448ffb7d586738ff35573a713a18216ade27.sdkstatcache -output-file-map /tmp/MYR175-Classify-Candidate-iOS/Build/Intermediates.noindex/MyRAM.build/Debug-iphonesimulator/MyRAMUITests.build/Objects-normal/arm64/MyRAMUITests-OutputFileMap.json -use-frontend-parseable-output -save-temps -no-color-diagnostics -explicit-module-build -module-cache-path /tmp/MYR175-Classify-Candidate-iOS/Build/Intermediates.noindex/SwiftExplicitPrecompiledModules -clang-scanner-module-cache-path /tmp/MYR175-Classify-Candidate-iOS/ModuleCache.noindex -sdk-module-cache-path /tmp/MYR175-Classify-Candidate-iOS/ModuleCache.noindex -serialize-diagnostics -emit-dependencies -emit-module -emit-module-path /tmp/MYR175-Classify-Candidate-iOS/Build/Intermediates.noindex/MyRAM.build/Debug-iphonesimulator/MyRAMUITests.build/Objects-normal/arm64/MyRAMUITests.swiftmodule -validate-clang-modules-once -clang-build-session-file /tmp/MYR175-Classify-Candidate-iOS/ModuleCache.noindex/Session.modulevalidation -Xcc -I/tmp/MYR175-Classify-Candidate-iOS/Build/Intermediates.noindex/MyRAM.build/Debug-iphonesimulator/MyRAMUITests.build/swift-overrides.hmap -emit-const-values -Xfrontend -const-gather-protocols-file -Xfrontend /tmp/MYR175-Classify-Candidate-iOS/Build/Intermediates.noindex/MyRAM.build/Debug-iphonesimulator/MyRAMUITests.build/Objects-normal/arm64/MyRAMUITests_const_extract_protocols.json -Xcc -iquote -Xcc /tmp/MYR175-Classify-Candidate-iOS/Build/Intermediates.noindex/MyRAM.build/Debug-iphonesimulator/MyRAMUITests.build/MyRAMUITests-generated-files.hmap -Xcc -I/tmp/MYR175-Classify-Candidate-iOS/Build/Intermediates.noindex/MyRAM.build/Debug-iphonesimulator/MyRAMUITests.build/MyRAMUITests-own-target-headers.hmap -Xcc -I/tmp/MYR175-Classify-Candidate-iOS/Build/Intermediates.noindex/MyRAM.build/Debug-iphonesimulator/MyRAMUITests.build/MyRAMUITests-all-non-framework-target-headers.hmap -Xcc -ivfsoverlay -Xcc /tmp/MYR175-Classify-Candidate-iOS/Build/Intermediates.noindex/MyRAM.build/Debug-iphonesimulator/MyRAM-98a9cbde253e8e955bc92731eb290203-VFS-iphonesimulator/all-product-headers.yaml -Xcc -iquote -Xcc /tmp/MYR175-Classify-Candidate-iOS/Build/Intermediates.noindex/MyRAM.build/Debug-iphonesimulator/MyRAMUITests.build/MyRAMUITests-project-headers.hmap -Xcc -I/tmp/MYR175-Classify-Candidate-iOS/Build/Products/Debug-iphonesimulator/include -Xcc -I/tmp/MYR175-Classify-Candidate-iOS/Build/Intermediates.noindex/MyRAM.build/Debug-iphonesimulator/MyRAMUITests.build/DerivedSources-normal/arm64 -Xcc -I/tmp/MYR175-Classify-Candidate-iOS/Build/Intermediates.noindex/MyRAM.build/Debug-iphonesimulator/MyRAMUITests.build/DerivedSources/arm64 -Xcc -I/tmp/MYR175-Classify-Candidate-iOS/Build/Intermediates.noindex/MyRAM.build/Debug-iphonesimulator/MyRAMUITests.build/DerivedSources -Xcc -DDEBUG\=1 -emit-objc-header -emit-objc-header-path /tmp/MYR175-Classify-Candidate-iOS/Build/Intermediates.noindex/MyRAM.build/Debug-iphonesimulator/MyRAMUITests.build/Objects-normal/arm64/MyRAMUITests-Swift.h -working-directory /Users/runner/work/MyRAM-iOS/MyRAM-iOS/Candidate -experimental-emit-module-separately -disable-cmo

SwiftDriver MyRAMTests normal arm64 com.apple.xcode.tools.swift.compiler (in target 'MyRAMTests' from project 'MyRAM')
    cd /Users/runner/work/MyRAM-iOS/MyRAM-iOS/Candidate
    builtin-SwiftDriver -- /Applications/Xcode_26.5.app/Contents/Developer/Toolchains/XcodeDefault.xctoolchain/usr/bin/swiftc -module-name MyRAMTests -Onone @/tmp/MYR175-Classify-Candidate-iOS/Build/Intermediates.noindex/MyRAM.build/Debug-iphonesimulator/MyRAMTests.build/Objects-normal/arm64/MyRAMTests.SwiftFileList -DDEBUG -plugin-path /Applications/Xcode_26.5.app/Contents/Developer/Toolchains/XcodeDefault.xctoolchain/usr/lib/swift/host/plugins/testing -enable-bare-slash-regex -enable-experimental-feature DebugDescriptionMacro -sdk /Applications/Xcode_26.5.app/Contents/Developer/Platforms/iPhoneSimulator.platform/Developer/SDKs/iPhoneSimulator26.5.sdk -target arm64-apple-ios17.0-simulator -g -module-cache-path /tmp/MYR175-Classify-Candidate-iOS/ModuleCache.noindex -Xfrontend -serialize-debugging-options -enable-testing -index-store-path /tmp/MYR175-Classify-Candidate-iOS/Index.noindex/DataStore -Xcc -D_LIBCPP_HARDENING_MODE\=_LIBCPP_HARDENING_MODE_DEBUG -swift-version 5 -I /tmp/MYR175-Classify-Candidate-iOS/Build/Products/Debug-iphonesimulator -Isystem /Applications/Xcode_26.5.app/Contents/Developer/Platforms/iPhoneSimulator.platform/Developer/usr/lib -F /tmp/MYR175-Classify-Candidate-iOS/Build/Products/Debug-iphonesimulator/PackageFrameworks -F /tmp/MYR175-Classify-Candidate-iOS/Build/Products/Debug-iphonesimulator/PackageFrameworks -F /tmp/MYR175-Classify-Candidate-iOS/Build/Products/Debug-iphonesimulator/PackageFrameworks -F /tmp/MYR175-Classify-Candidate-iOS/Build/Products/Debug-iphonesimulator -F /Applications/Xcode_26.5.app/Contents/Developer/Platforms/iPhoneSimulator.platform/Developer/Library/Frameworks -F /Applications/Xcode_26.5.app/Contents/Developer/Platforms/iPhoneSimulator.platform/Developer/SDKs/iPhoneSimulator26.5.sdk/Developer/Library/Frameworks -c -j3 -enable-batch-mode -incremental -Xcc -ivfsstatcache -Xcc /tmp/MYR175-Classify-Candidate-iOS/SDKStatCaches.noindex/iphonesimulator26.5-23F73-688ef53f1462e2c8f657fdc38a81448ffb7d586738ff35573a713a18216ade27.sdkstatcache -output-file-map /tmp/MYR175-Classify-Candidate-iOS/Build/Intermediates.noindex/MyRAM.build/Debug-iphonesimulator/MyRAMTests.build/Objects-normal/arm64/MyRAMTests-OutputFileMap.json -use-frontend-parseable-output -save-temps -no-color-diagnostics -explicit-module-build -module-cache-path /tmp/MYR175-Classify-Candidate-iOS/Build/Intermediates.noindex/SwiftExplicitPrecompiledModules -clang-scanner-module-cache-path /tmp/MYR175-Classify-Candidate-iOS/ModuleCache.noindex -sdk-module-cache-path /tmp/MYR175-Classify-Candidate-iOS/ModuleCache.noindex -serialize-diagnostics -emit-dependencies -emit-module -emit-module-path /tmp/MYR175-Classify-Candidate-iOS/Build/Intermediates.noindex/MyRAM.build/Debug-iphonesimulator/MyRAMTests.build/Objects-normal/arm64/MyRAMTests.swiftmodule -validate-clang-modules-once -clang-build-session-file /tmp/MYR175-Classify-Candidate-iOS/ModuleCache.noindex/Session.modulevalidation -Xcc -I/tmp/MYR175-Classify-Candidate-iOS/Build/Intermediates.noindex/MyRAM.build/Debug-iphonesimulator/MyRAMTests.build/swift-overrides.hmap -emit-const-values -Xfrontend -const-gather-protocols-file -Xfrontend /tmp/MYR175-Classify-Candidate-iOS/Build/Intermediates.noindex/MyRAM.build/Debug-iphonesimulator/MyRAMTests.build/Objects-normal/arm64/MyRAMTests_const_extract_protocols.json -Xcc -iquote -Xcc /tmp/MYR175-Classify-Candidate-iOS/Build/Intermediates.noindex/MyRAM.build/Debug-iphonesimulator/MyRAMTests.build/MyRAMTests-generated-files.hmap -Xcc -I/tmp/MYR175-Classify-Candidate-iOS/Build/Intermediates.noindex/MyRAM.build/Debug-iphonesimulator/MyRAMTests.build/MyRAMTests-own-target-headers.hmap -Xcc -I/tmp/MYR175-Classify-Candidate-iOS/Build/Intermediates.noindex/MyRAM.build/Debug-iphonesimulator/MyRAMTests.build/MyRAMTests-all-non-framework-target-headers.hmap -Xcc -ivfsoverlay -Xcc /tmp/MYR175-Classify-Candidate-iOS/Build/Intermediates.noindex/MyRAM.build/Debug-iphonesimulator/MyRAM-98a9cbde253e8e955bc92731eb290203-VFS-iphonesimulator/all-product-headers.yaml -Xcc -iquote -Xcc /tmp/MYR175-Classify-Candidate-iOS/Build/Intermediates.noindex/MyRAM.build/Debug-iphonesimulator/MyRAMTests.build/MyRAMTests-project-headers.hmap -Xcc -I/tmp/MYR175-Classify-Candidate-iOS/Build/Products/Debug-iphonesimulator/include -Xcc -I/tmp/MYR175-Classify-Candidate-iOS/Build/Intermediates.noindex/MyRAM.build/Debug-iphonesimulator/MyRAMTests.build/DerivedSources-normal/arm64 -Xcc -I/tmp/MYR175-Classify-Candidate-iOS/Build/Intermediates.noindex/MyRAM.build/Debug-iphonesimulator/MyRAMTests.build/DerivedSources/arm64 -Xcc -I/tmp/MYR175-Classify-Candidate-iOS/Build/Intermediates.noindex/MyRAM.build/Debug-iphonesimulator/MyRAMTests.build/DerivedSources -Xcc -DDEBUG\=1 -emit-objc-header -emit-objc-header-path /tmp/MYR175-Classify-Candidate-iOS/Build/Intermediates.noindex/MyRAM.build/Debug-iphonesimulator/MyRAMTests.build/Objects-normal/arm64/MyRAMTests-Swift.h -working-directory /Users/runner/work/MyRAM-iOS/MyRAM-iOS/Candidate -experimental-emit-module-separately -disable-cmo

SwiftExplicitDependencyGeneratePcm arm64 /tmp/MYR175-Classify-Candidate-iOS/Build/Intermediates.noindex/SwiftExplicitPrecompiledModules/XCUIAutomation-DIAFWK1X6EQG8490WV11CZFAE.pcm

SwiftDriverJobDiscovery normal arm64 Compiling SyncBatchPayload.swift, SyncBatchAnchoredPayloadAdapter.swift, SyncBatchAnchoredPayloadPolicy.swift, SyncBatchPeerCapability.swift, SyncBatchTransportAdmissionPlanner.swift, SyncBatchEnvelope.swift, MultipeerSyncMessageEnvelope.swift, SyncBatchSeenBatchStore.swift, SyncBatchUTF16Helpers.swift, SyncBatchNoteChangeCapture.swift, SyncConvergenceTypes.swift, SyncConvergenceModels.swift, SyncConvergencePlanningTypes.swift, SyncConvergenceRewriteSafetyPolicy.swift, ExplicitDeleteProvenanceTypes.swift, ExplicitDeleteProvenanceBuilder.swift, ExplicitDeleteProvenanceValidator.swift, SyncConvergencePlanner.swift, IncrementalEditIntegrationTypes.swift, RetainedOperationCausalGraph.swift, SwiftDataSyncConvergencePersistenceTransaction.swift, SyncConvergencePostCommitTypes.swift, SyncConvergencePostCommitGating.swift (in target 'MyRAM' from project 'MyRAM')

SwiftExplicitDependencyGeneratePcm arm64 /tmp/MYR175-Classify-Candidate-iOS/Build/Intermediates.noindex/SwiftExplicitPrecompiledModules/XCTest-8517KF4DRHULC8ALE0WCUAGXN.pcm

SwiftExplicitDependencyCompileModuleFromInterface arm64 /tmp/MYR175-Classify-Candidate-iOS/Build/Intermediates.noindex/SwiftExplicitPrecompiledModules/XCUIAutomation-2PA9SPUTP8L2R.swiftmodule

SwiftExplicitDependencyCompileModuleFromInterface arm64 /tmp/MYR175-Classify-Candidate-iOS/Build/Intermediates.noindex/SwiftExplicitPrecompiledModules/XCTest-3J2FBMNT2NEIA.swiftmodule

SwiftEmitModule normal arm64 Emitting\ module\ for\ MyRAMUITests (in target 'MyRAMUITests' from project 'MyRAM')

EmitSwiftModule normal arm64 (in target 'MyRAMUITests' from project 'MyRAM')
    cd /Users/runner/work/MyRAM-iOS/MyRAM-iOS/Candidate
    

SwiftCompile normal arm64 Compiling\ MyRAMUITestsLaunchTests.swift /Users/runner/work/MyRAM-iOS/MyRAM-iOS/Candidate/MyRAMUITests/MyRAMUITestsLaunchTests.swift (in target 'MyRAMUITests' from project 'MyRAM')

SwiftCompile normal arm64 /Users/runner/work/MyRAM-iOS/MyRAM-iOS/Candidate/MyRAMUITests/MyRAMUITestsLaunchTests.swift (in target 'MyRAMUITests' from project 'MyRAM')
    cd /Users/runner/work/MyRAM-iOS/MyRAM-iOS/Candidate
    

SwiftDriverJobDiscovery normal arm64 Emitting module for MyRAMUITests (in target 'MyRAMUITests' from project 'MyRAM')

SwiftDriver\ Compilation\ Requirements MyRAMUITests normal arm64 com.apple.xcode.tools.swift.compiler (in target 'MyRAMUITests' from project 'MyRAM')
    cd /Users/runner/work/MyRAM-iOS/MyRAM-iOS/Candidate
    builtin-Swift-Compilation-Requirements -- /Applications/Xcode_26.5.app/Contents/Developer/Toolchains/XcodeDefault.xctoolchain/usr/bin/swiftc -module-name MyRAMUITests -Onone @/tmp/MYR175-Classify-Candidate-iOS/Build/Intermediates.noindex/MyRAM.build/Debug-iphonesimulator/MyRAMUITests.build/Objects-normal/arm64/MyRAMUITests.SwiftFileList -DDEBUG -module-alias Testing\=_Testing_Unavailable -plugin-path /Applications/Xcode_26.5.app/Contents/Developer/Toolchains/XcodeDefault.xctoolchain/usr/lib/swift/host/plugins/testing -enable-bare-slash-regex -enable-experimental-feature DebugDescriptionMacro -sdk /Applications/Xcode_26.5.app/Contents/Developer/Platforms/iPhoneSimulator.platform/Developer/SDKs/iPhoneSimulator26.5.sdk -target arm64-apple-ios17.0-simulator -g -module-cache-path /tmp/MYR175-Classify-Candidate-iOS/ModuleCache.noindex -Xfrontend -serialize-debugging-options -enable-testing -index-store-path /tmp/MYR175-Classify-Candidate-iOS/Index.noindex/DataStore -Xcc -D_LIBCPP_HARDENING_MODE\=_LIBCPP_HARDENING_MODE_DEBUG -swift-version 5 -I /tmp/MYR175-Classify-Candidate-iOS/Build/Products/Debug-iphonesimulator -Isystem /Applications/Xcode_26.5.app/Contents/Developer/Platforms/iPhoneSimulator.platform/Developer/usr/lib -F /tmp/MYR175-Classify-Candidate-iOS/Build/Products/Debug-iphonesimulator -F /Applications/Xcode_26.5.app/Contents/Developer/Platforms/iPhoneSimulator.platform/Developer/Library/Frameworks -F /Applications/Xcode_26.5.app/Contents/Developer/Platforms/iPhoneSimulator.platform/Developer/SDKs/iPhoneSimulator26.5.sdk/Developer/Library/Frameworks -c -j3 -enable-batch-mode -incremental -Xcc -ivfsstatcache -Xcc /tmp/MYR175-Classify-Candidate-iOS/SDKStatCaches.noindex/iphonesimulator26.5-23F73-688ef53f1462e2c8f657fdc38a81448ffb7d586738ff35573a713a18216ade27.sdkstatcache -output-file-map /tmp/MYR175-Classify-Candidate-iOS/Build/Intermediates.noindex/MyRAM.build/Debug-iphonesimulator/MyRAMUITests.build/Objects-normal/arm64/MyRAMUITests-OutputFileMap.json -use-frontend-parseable-output -save-temps -no-color-diagnostics -explicit-module-build -module-cache-path /tmp/MYR175-Classify-Candidate-iOS/Build/Intermediates.noindex/SwiftExplicitPrecompiledModules -clang-scanner-module-cache-path /tmp/MYR175-Classify-Candidate-iOS/ModuleCache.noindex -sdk-module-cache-path /tmp/MYR175-Classify-Candidate-iOS/ModuleCache.noindex -serialize-diagnostics -emit-dependencies -emit-module -emit-module-path /tmp/MYR175-Classify-Candidate-iOS/Build/Intermediates.noindex/MyRAM.build/Debug-iphonesimulator/MyRAMUITests.build/Objects-normal/arm64/MyRAMUITests.swiftmodule -validate-clang-modules-once -clang-build-session-file /tmp/MYR175-Classify-Candidate-iOS/ModuleCache.noindex/Session.modulevalidation -Xcc -I/tmp/MYR175-Classify-Candidate-iOS/Build/Intermediates.noindex/MyRAM.build/Debug-iphonesimulator/MyRAMUITests.build/swift-overrides.hmap -emit-const-values -Xfrontend -const-gather-protocols-file -Xfrontend /tmp/MYR175-Classify-Candidate-iOS/Build/Intermediates.noindex/MyRAM.build/Debug-iphonesimulator/MyRAMUITests.build/Objects-normal/arm64/MyRAMUITests_const_extract_protocols.json -Xcc -iquote -Xcc /tmp/MYR175-Classify-Candidate-iOS/Build/Intermediates.noindex/MyRAM.build/Debug-iphonesimulator/MyRAMUITests.build/MyRAMUITests-generated-files.hmap -Xcc -I/tmp/MYR175-Classify-Candidate-iOS/Build/Intermediates.noindex/MyRAM.build/Debug-iphonesimulator/MyRAMUITests.build/MyRAMUITests-own-target-headers.hmap -Xcc -I/tmp/MYR175-Classify-Candidate-iOS/Build/Intermediates.noindex/MyRAM.build/Debug-iphonesimulator/MyRAMUITests.build/MyRAMUITests-all-non-framework-target-headers.hmap -Xcc -ivfsoverlay -Xcc /tmp/MYR175-Classify-Candidate-iOS/Build/Intermediates.noindex/MyRAM.build/Debug-iphonesimulator/MyRAM-98a9cbde253e8e955bc92731eb290203-VFS-iphonesimulator/all-product-headers.yaml -Xcc -iquote -Xcc /tmp/MYR175-Classify-Candidate-iOS/Build/Intermediates.noindex/MyRAM.build/Debug-iphonesimulator/MyRAMUITests.build/MyRAMUITests-project-headers.hmap -Xcc -I/tmp/MYR175-Classify-Candidate-iOS/Build/Products/Debug-iphonesimulator/include -Xcc -I/tmp/MYR175-Classify-Candidate-iOS/Build/Intermediates.noindex/MyRAM.build/Debug-iphonesimulator/MyRAMUITests.build/DerivedSources-normal/arm64 -Xcc -I/tmp/MYR175-Classify-Candidate-iOS/Build/Intermediates.noindex/MyRAM.build/Debug-iphonesimulator/MyRAMUITests.build/DerivedSources/arm64 -Xcc -I/tmp/MYR175-Classify-Candidate-iOS/Build/Intermediates.noindex/MyRAM.build/Debug-iphonesimulator/MyRAMUITests.build/DerivedSources -Xcc -DDEBUG\=1 -emit-objc-header -emit-objc-header-path /tmp/MYR175-Classify-Candidate-iOS/Build/Intermediates.noindex/MyRAM.build/Debug-iphonesimulator/MyRAMUITests.build/Objects-normal/arm64/MyRAMUITests-Swift.h -working-directory /Users/runner/work/MyRAM-iOS/MyRAM-iOS/Candidate -experimental-emit-module-separately -disable-cmo

SwiftCompile normal arm64 Compiling\ MarkdownPreviewUITests.swift /Users/runner/work/MyRAM-iOS/MyRAM-iOS/Candidate/MyRAMUITests/MarkdownPreviewUITests.swift (in target 'MyRAMUITests' from project 'MyRAM')

SwiftCompile normal arm64 /Users/runner/work/MyRAM-iOS/MyRAM-iOS/Candidate/MyRAMUITests/MarkdownPreviewUITests.swift (in target 'MyRAMUITests' from project 'MyRAM')
    cd /Users/runner/work/MyRAM-iOS/MyRAM-iOS/Candidate
    

SwiftMergeGeneratedHeaders /tmp/MYR175-Classify-Candidate-iOS/Build/Intermediates.noindex/MyRAM.build/Debug-iphonesimulator/MyRAMUITests.build/DerivedSources/MyRAMUITests-Swift.h /tmp/MYR175-Classify-Candidate-iOS/Build/Intermediates.noindex/MyRAM.build/Debug-iphonesimulator/MyRAMUITests.build/Objects-normal/arm64/MyRAMUITests-Swift.h (in target 'MyRAMUITests' from project 'MyRAM')
    cd /Users/runner/work/MyRAM-iOS/MyRAM-iOS/Candidate
    builtin-swiftHeaderTool -arch arm64 /tmp/MYR175-Classify-Candidate-iOS/Build/Intermediates.noindex/MyRAM.build/Debug-iphonesimulator/MyRAMUITests.build/Objects-normal/arm64/MyRAMUITests-Swift.h -o /tmp/MYR175-Classify-Candidate-iOS/Build/Intermediates.noindex/MyRAM.build/Debug-iphonesimulator/MyRAMUITests.build/DerivedSources/MyRAMUITests-Swift.h

SwiftDriverJobDiscovery normal arm64 Compiling MyRAMUITestsLaunchTests.swift (in target 'MyRAMUITests' from project 'MyRAM')

Copy /tmp/MYR175-Classify-Candidate-iOS/Build/Products/Debug-iphonesimulator/MyRAMUITests.swiftmodule/arm64-apple-ios-simulator.swiftmodule /tmp/MYR175-Classify-Candidate-iOS/Build/Intermediates.noindex/MyRAM.build/Debug-iphonesimulator/MyRAMUITests.build/Objects-normal/arm64/MyRAMUITests.swiftmodule (in target 'MyRAMUITests' from project 'MyRAM')
    cd /Users/runner/work/MyRAM-iOS/MyRAM-iOS/Candidate
    builtin-copy -exclude .DS_Store -exclude CVS -exclude .svn -exclude .git -exclude .hg -resolve-src-symlinks -rename /tmp/MYR175-Classify-Candidate-iOS/Build/Intermediates.noindex/MyRAM.build/Debug-iphonesimulator/MyRAMUITests.build/Objects-normal/arm64/MyRAMUITests.swiftmodule /tmp/MYR175-Classify-Candidate-iOS/Build/Products/Debug-iphonesimulator/MyRAMUITests.swiftmodule/arm64-apple-ios-simulator.swiftmodule

Copy /tmp/MYR175-Classify-Candidate-iOS/Build/Products/Debug-iphonesimulator/MyRAMUITests.swiftmodule/arm64-apple-ios-simulator.swiftdoc /tmp/MYR175-Classify-Candidate-iOS/Build/Intermediates.noindex/MyRAM.build/Debug-iphonesimulator/MyRAMUITests.build/Objects-normal/arm64/MyRAMUITests.swiftdoc (in target 'MyRAMUITests' from project 'MyRAM')
    cd /Users/runner/work/MyRAM-iOS/MyRAM-iOS/Candidate
    builtin-copy -exclude .DS_Store -exclude CVS -exclude .svn -exclude .git -exclude .hg -resolve-src-symlinks -rename /tmp/MYR175-Classify-Candidate-iOS/Build/Intermediates.noindex/MyRAM.build/Debug-iphonesimulator/MyRAMUITests.build/Objects-normal/arm64/MyRAMUITests.swiftdoc /tmp/MYR175-Classify-Candidate-iOS/Build/Products/Debug-iphonesimulator/MyRAMUITests.swiftmodule/arm64-apple-ios-simulator.swiftdoc

Copy /tmp/MYR175-Classify-Candidate-iOS/Build/Products/Debug-iphonesimulator/MyRAMUITests.swiftmodule/arm64-apple-ios-simulator.abi.json /tmp/MYR175-Classify-Candidate-iOS/Build/Intermediates.noindex/MyRAM.build/Debug-iphonesimulator/MyRAMUITests.build/Objects-normal/arm64/MyRAMUITests.abi.json (in target 'MyRAMUITests' from project 'MyRAM')
    cd /Users/runner/work/MyRAM-iOS/MyRAM-iOS/Candidate
    builtin-copy -exclude .DS_Store -exclude CVS -exclude .svn -exclude .git -exclude .hg -resolve-src-symlinks -rename /tmp/MYR175-Classify-Candidate-iOS/Build/Intermediates.noindex/MyRAM.build/Debug-iphonesimulator/MyRAMUITests.build/Objects-normal/arm64/MyRAMUITests.abi.json /tmp/MYR175-Classify-Candidate-iOS/Build/Products/Debug-iphonesimulator/MyRAMUITests.swiftmodule/arm64-apple-ios-simulator.abi.json

Copy /tmp/MYR175-Classify-Candidate-iOS/Build/Products/Debug-iphonesimulator/MyRAMUITests.swiftmodule/Project/arm64-apple-ios-simulator.swiftsourceinfo /tmp/MYR175-Classify-Candidate-iOS/Build/Intermediates.noindex/MyRAM.build/Debug-iphonesimulator/MyRAMUITests.build/Objects-normal/arm64/MyRAMUITests.swiftsourceinfo (in target 'MyRAMUITests' from project 'MyRAM')
    cd /Users/runner/work/MyRAM-iOS/MyRAM-iOS/Candidate
    builtin-copy -exclude .DS_Store -exclude CVS -exclude .svn -exclude .git -exclude .hg -resolve-src-symlinks -rename /tmp/MYR175-Classify-Candidate-iOS/Build/Intermediates.noindex/MyRAM.build/Debug-iphonesimulator/MyRAMUITests.build/Objects-normal/arm64/MyRAMUITests.swiftsourceinfo /tmp/MYR175-Classify-Candidate-iOS/Build/Products/Debug-iphonesimulator/MyRAMUITests.swiftmodule/Project/arm64-apple-ios-simulator.swiftsourceinfo

SwiftEmitModule normal arm64 Emitting\ module\ for\ MyRAMTests (in target 'MyRAMTests' from project 'MyRAM')

EmitSwiftModule normal arm64 (in target 'MyRAMTests' from project 'MyRAM')
    cd /Users/runner/work/MyRAM-iOS/MyRAM-iOS/Candidate
    

SwiftCompile normal arm64 Compiling\ MyRAMUITests.swift /Users/runner/work/MyRAM-iOS/MyRAM-iOS/Candidate/MyRAMUITests/MyRAMUITests.swift (in target 'MyRAMUITests' from project 'MyRAM')

SwiftCompile normal arm64 /Users/runner/work/MyRAM-iOS/MyRAM-iOS/Candidate/MyRAMUITests/MyRAMUITests.swift (in target 'MyRAMUITests' from project 'MyRAM')
    cd /Users/runner/work/MyRAM-iOS/MyRAM-iOS/Candidate
    

SwiftDriverJobDiscovery normal arm64 Compiling MarkdownPreviewUITests.swift (in target 'MyRAMUITests' from project 'MyRAM')

SwiftCompile normal arm64 Compiling\ MyRAMWidgetHostTests.swift,\ MarkdownFileIOTests.swift,\ MarkdownFileOperationBoundaryTests.swift,\ MarkdownImportIntegrationTests.swift,\ MarkdownPreviewParserTests.swift,\ MarkdownPreviewIntegrationTests.swift,\ MarkdownPreviewUIKitHarnessTests.swift,\ SwiftDataNoteSequenceStateStoreTests.swift,\ NoteSequenceStateFullBodyIntegrationTests.swift,\ NoteSequenceStateBootstrapMigratorTests.swift,\ MYR170FullBodyPathIntegrationTests.swift,\ MyRAMSyncOperationIDAllocatorTests.swift,\ SyncBatchPayloadCompatibilityTests.swift,\ SyncBatchAnchoredPayloadTests.swift /Users/runner/work/MyRAM-iOS/MyRAM-iOS/Candidate/MyRAMTests/MyRAMWidgetHostTests.swift /Users/runner/work/MyRAM-iOS/MyRAM-iOS/Candidate/MyRAMTests/MarkdownFileIOTests.swift /Users/runner/work/MyRAM-iOS/MyRAM-iOS/Candidate/MyRAMTests/MarkdownFileOperationBoundaryTests.swift /Users/runner/work/MyRAM-iOS/MyRAM-iOS/Candidate/MyRAMTests/MarkdownImportIntegrationTests.swift /Users/runner/work/MyRAM-iOS/MyRAM-iOS/Candidate/MyRAMTests/MarkdownPreviewParserTests.swift /Users/runner/work/MyRAM-iOS/MyRAM-iOS/Candidate/MyRAMTests/MarkdownPreviewIntegrationTests.swift /Users/runner/work/MyRAM-iOS/MyRAM-iOS/Candidate/MyRAMTests/MarkdownPreviewUIKitHarnessTests.swift /Users/runner/work/MyRAM-iOS/MyRAM-iOS/Candidate/MyRAMTests/SwiftDataNoteSequenceStateStoreTests.swift /Users/runner/work/MyRAM-iOS/MyRAM-iOS/Candidate/MyRAMTests/NoteSequenceStateFullBodyIntegrationTests.swift /Users/runner/work/MyRAM-iOS/MyRAM-iOS/Candidate/MyRAMTests/NoteSequenceStateBootstrapMigratorTests.swift /Users/runner/work/MyRAM-iOS/MyRAM-iOS/Candidate/MyRAMTests/MYR170FullBodyPathIntegrationTests.swift /Users/runner/work/MyRAM-iOS/MyRAM-iOS/Candidate/MyRAMTests/MyRAMSyncOperationIDAllocatorTests.swift /Users/runner/work/MyRAM-iOS/MyRAM-iOS/Candidate/MyRAMTests/SyncBatchPayloadCompatibilityTests.swift /Users/runner/work/MyRAM-iOS/MyRAM-iOS/Candidate/MyRAMTests/SyncBatchAnchoredPayloadTests.swift (in target 'MyRAMTests' from project 'MyRAM')

SwiftCompile normal arm64 /Users/runner/work/MyRAM-iOS/MyRAM-iOS/Candidate/MyRAMTests/MyRAMWidgetHostTests.swift (in target 'MyRAMTests' from project 'MyRAM')
    cd /Users/runner/work/MyRAM-iOS/MyRAM-iOS/Candidate
    

SwiftCompile normal arm64 /Users/runner/work/MyRAM-iOS/MyRAM-iOS/Candidate/MyRAMTests/MarkdownFileIOTests.swift (in target 'MyRAMTests' from project 'MyRAM')
    cd /Users/runner/work/MyRAM-iOS/MyRAM-iOS/Candidate
    

SwiftCompile normal arm64 /Users/runner/work/MyRAM-iOS/MyRAM-iOS/Candidate/MyRAMTests/MarkdownFileOperationBoundaryTests.swift (in target 'MyRAMTests' from project 'MyRAM')
    cd /Users/runner/work/MyRAM-iOS/MyRAM-iOS/Candidate
    

SwiftCompile normal arm64 /Users/runner/work/MyRAM-iOS/MyRAM-iOS/Candidate/MyRAMTests/MarkdownImportIntegrationTests.swift (in target 'MyRAMTests' from project 'MyRAM')
    cd /Users/runner/work/MyRAM-iOS/MyRAM-iOS/Candidate
    

SwiftCompile normal arm64 /Users/runner/work/MyRAM-iOS/MyRAM-iOS/Candidate/MyRAMTests/MarkdownPreviewParserTests.swift (in target 'MyRAMTests' from project 'MyRAM')
    cd /Users/runner/work/MyRAM-iOS/MyRAM-iOS/Candidate
    

SwiftCompile normal arm64 /Users/runner/work/MyRAM-iOS/MyRAM-iOS/Candidate/MyRAMTests/MarkdownPreviewIntegrationTests.swift (in target 'MyRAMTests' from project 'MyRAM')
    cd /Users/runner/work/MyRAM-iOS/MyRAM-iOS/Candidate
    

SwiftCompile normal arm64 /Users/runner/work/MyRAM-iOS/MyRAM-iOS/Candidate/MyRAMTests/MarkdownPreviewUIKitHarnessTests.swift (in target 'MyRAMTests' from project 'MyRAM')
    cd /Users/runner/work/MyRAM-iOS/MyRAM-iOS/Candidate
    

SwiftCompile normal arm64 /Users/runner/work/MyRAM-iOS/MyRAM-iOS/Candidate/MyRAMTests/SwiftDataNoteSequenceStateStoreTests.swift (in target 'MyRAMTests' from project 'MyRAM')
    cd /Users/runner/work/MyRAM-iOS/MyRAM-iOS/Candidate
    

SwiftCompile normal arm64 /Users/runner/work/MyRAM-iOS/MyRAM-iOS/Candidate/MyRAMTests/NoteSequenceStateFullBodyIntegrationTests.swift (in target 'MyRAMTests' from project 'MyRAM')
    cd /Users/runner/work/MyRAM-iOS/MyRAM-iOS/Candidate
    

SwiftCompile normal arm64 /Users/runner/work/MyRAM-iOS/MyRAM-iOS/Candidate/MyRAMTests/NoteSequenceStateBootstrapMigratorTests.swift (in target 'MyRAMTests' from project 'MyRAM')
    cd /Users/runner/work/MyRAM-iOS/MyRAM-iOS/Candidate
    

SwiftCompile normal arm64 /Users/runner/work/MyRAM-iOS/MyRAM-iOS/Candidate/MyRAMTests/MYR170FullBodyPathIntegrationTests.swift (in target 'MyRAMTests' from project 'MyRAM')
    cd /Users/runner/work/MyRAM-iOS/MyRAM-iOS/Candidate
    

SwiftCompile normal arm64 /Users/runner/work/MyRAM-iOS/MyRAM-iOS/Candidate/MyRAMTests/MyRAMSyncOperationIDAllocatorTests.swift (in target 'MyRAMTests' from project 'MyRAM')
    cd /Users/runner/work/MyRAM-iOS/MyRAM-iOS/Candidate
    

SwiftCompile normal arm64 /Users/runner/work/MyRAM-iOS/MyRAM-iOS/Candidate/MyRAMTests/SyncBatchPayloadCompatibilityTests.swift (in target 'MyRAMTests' from project 'MyRAM')
    cd /Users/runner/work/MyRAM-iOS/MyRAM-iOS/Candidate
    

SwiftCompile normal arm64 /Users/runner/work/MyRAM-iOS/MyRAM-iOS/Candidate/MyRAMTests/SyncBatchAnchoredPayloadTests.swift (in target 'MyRAMTests' from project 'MyRAM')
    cd /Users/runner/work/MyRAM-iOS/MyRAM-iOS/Candidate
    

SwiftDriverJobDiscovery normal arm64 Compiling MyRAMUITests.swift (in target 'MyRAMUITests' from project 'MyRAM')

SwiftDriver\ Compilation MyRAMUITests normal arm64 com.apple.xcode.tools.swift.compiler (in target 'MyRAMUITests' from project 'MyRAM')
    cd /Users/runner/work/MyRAM-iOS/MyRAM-iOS/Candidate
    builtin-Swift-Compilation -- /Applications/Xcode_26.5.app/Contents/Developer/Toolchains/XcodeDefault.xctoolchain/usr/bin/swiftc -module-name MyRAMUITests -Onone @/tmp/MYR175-Classify-Candidate-iOS/Build/Intermediates.noindex/MyRAM.build/Debug-iphonesimulator/MyRAMUITests.build/Objects-normal/arm64/MyRAMUITests.SwiftFileList -DDEBUG -module-alias Testing\=_Testing_Unavailable -plugin-path /Applications/Xcode_26.5.app/Contents/Developer/Toolchains/XcodeDefault.xctoolchain/usr/lib/swift/host/plugins/testing -enable-bare-slash-regex -enable-experimental-feature DebugDescriptionMacro -sdk /Applications/Xcode_26.5.app/Contents/Developer/Platforms/iPhoneSimulator.platform/Developer/SDKs/iPhoneSimulator26.5.sdk -target arm64-apple-ios17.0-simulator -g -module-cache-path /tmp/MYR175-Classify-Candidate-iOS/ModuleCache.noindex -Xfrontend -serialize-debugging-options -enable-testing -index-store-path /tmp/MYR175-Classify-Candidate-iOS/Index.noindex/DataStore -Xcc -D_LIBCPP_HARDENING_MODE\=_LIBCPP_HARDENING_MODE_DEBUG -swift-version 5 -I /tmp/MYR175-Classify-Candidate-iOS/Build/Products/Debug-iphonesimulator -Isystem /Applications/Xcode_26.5.app/Contents/Developer/Platforms/iPhoneSimulator.platform/Developer/usr/lib -F /tmp/MYR175-Classify-Candidate-iOS/Build/Products/Debug-iphonesimulator -F /Applications/Xcode_26.5.app/Contents/Developer/Platforms/iPhoneSimulator.platform/Developer/Library/Frameworks -F /Applications/Xcode_26.5.app/Contents/Developer/Platforms/iPhoneSimulator.platform/Developer/SDKs/iPhoneSimulator26.5.sdk/Developer/Library/Frameworks -c -j3 -enable-batch-mode -incremental -Xcc -ivfsstatcache -Xcc /tmp/MYR175-Classify-Candidate-iOS/SDKStatCaches.noindex/iphonesimulator26.5-23F73-688ef53f1462e2c8f657fdc38a81448ffb7d586738ff35573a713a18216ade27.sdkstatcache -output-file-map /tmp/MYR175-Classify-Candidate-iOS/Build/Intermediates.noindex/MyRAM.build/Debug-iphonesimulator/MyRAMUITests.build/Objects-normal/arm64/MyRAMUITests-OutputFileMap.json -use-frontend-parseable-output -save-temps -no-color-diagnostics -explicit-module-build -module-cache-path /tmp/MYR175-Classify-Candidate-iOS/Build/Intermediates.noindex/SwiftExplicitPrecompiledModules -clang-scanner-module-cache-path /tmp/MYR175-Classify-Candidate-iOS/ModuleCache.noindex -sdk-module-cache-path /tmp/MYR175-Classify-Candidate-iOS/ModuleCache.noindex -serialize-diagnostics -emit-dependencies -emit-module -emit-module-path /tmp/MYR175-Classify-Candidate-iOS/Build/Intermediates.noindex/MyRAM.build/Debug-iphonesimulator/MyRAMUITests.build/Objects-normal/arm64/MyRAMUITests.swiftmodule -validate-clang-modules-once -clang-build-session-file /tmp/MYR175-Classify-Candidate-iOS/ModuleCache.noindex/Session.modulevalidation -Xcc -I/tmp/MYR175-Classify-Candidate-iOS/Build/Intermediates.noindex/MyRAM.build/Debug-iphonesimulator/MyRAMUITests.build/swift-overrides.hmap -emit-const-values -Xfrontend -const-gather-protocols-file -Xfrontend /tmp/MYR175-Classify-Candidate-iOS/Build/Intermediates.noindex/MyRAM.build/Debug-iphonesimulator/MyRAMUITests.build/Objects-normal/arm64/MyRAMUITests_const_extract_protocols.json -Xcc -iquote -Xcc /tmp/MYR175-Classify-Candidate-iOS/Build/Intermediates.noindex/MyRAM.build/Debug-iphonesimulator/MyRAMUITests.build/MyRAMUITests-generated-files.hmap -Xcc -I/tmp/MYR175-Classify-Candidate-iOS/Build/Intermediates.noindex/MyRAM.build/Debug-iphonesimulator/MyRAMUITests.build/MyRAMUITests-own-target-headers.hmap -Xcc -I/tmp/MYR175-Classify-Candidate-iOS/Build/Intermediates.noindex/MyRAM.build/Debug-iphonesimulator/MyRAMUITests.build/MyRAMUITests-all-non-framework-target-headers.hmap -Xcc -ivfsoverlay -Xcc /tmp/MYR175-Classify-Candidate-iOS/Build/Intermediates.noindex/MyRAM.build/Debug-iphonesimulator/MyRAM-98a9cbde253e8e955bc92731eb290203-VFS-iphonesimulator/all-product-headers.yaml -Xcc -iquote -Xcc /tmp/MYR175-Classify-Candidate-iOS/Build/Intermediates.noindex/MyRAM.build/Debug-iphonesimulator/MyRAMUITests.build/MyRAMUITests-project-headers.hmap -Xcc -I/tmp/MYR175-Classify-Candidate-iOS/Build/Products/Debug-iphonesimulator/include -Xcc -I/tmp/MYR175-Classify-Candidate-iOS/Build/Intermediates.noindex/MyRAM.build/Debug-iphonesimulator/MyRAMUITests.build/DerivedSources-normal/arm64 -Xcc -I/tmp/MYR175-Classify-Candidate-iOS/Build/Intermediates.noindex/MyRAM.build/Debug-iphonesimulator/MyRAMUITests.build/DerivedSources/arm64 -Xcc -I/tmp/MYR175-Classify-Candidate-iOS/Build/Intermediates.noindex/MyRAM.build/Debug-iphonesimulator/MyRAMUITests.build/DerivedSources -Xcc -DDEBUG\=1 -emit-objc-header -emit-objc-header-path /tmp/MYR175-Classify-Candidate-iOS/Build/Intermediates.noindex/MyRAM.build/Debug-iphonesimulator/MyRAMUITests.build/Objects-normal/arm64/MyRAMUITests-Swift.h -working-directory /Users/runner/work/MyRAM-iOS/MyRAM-iOS/Candidate -experimental-emit-module-separately -disable-cmo

SwiftDriverJobDiscovery normal arm64 Emitting module for MyRAMTests (in target 'MyRAMTests' from project 'MyRAM')

SwiftDriver\ Compilation\ Requirements MyRAMTests normal arm64 com.apple.xcode.tools.swift.compiler (in target 'MyRAMTests' from project 'MyRAM')
    cd /Users/runner/work/MyRAM-iOS/MyRAM-iOS/Candidate
    builtin-Swift-Compilation-Requirements -- /Applications/Xcode_26.5.app/Contents/Developer/Toolchains/XcodeDefault.xctoolchain/usr/bin/swiftc -module-name MyRAMTests -Onone @/tmp/MYR175-Classify-Candidate-iOS/Build/Intermediates.noindex/MyRAM.build/Debug-iphonesimulator/MyRAMTests.build/Objects-normal/arm64/MyRAMTests.SwiftFileList -DDEBUG -plugin-path /Applications/Xcode_26.5.app/Contents/Developer/Toolchains/XcodeDefault.xctoolchain/usr/lib/swift/host/plugins/testing -enable-bare-slash-regex -enable-experimental-feature DebugDescriptionMacro -sdk /Applications/Xcode_26.5.app/Contents/Developer/Platforms/iPhoneSimulator.platform/Developer/SDKs/iPhoneSimulator26.5.sdk -target arm64-apple-ios17.0-simulator -g -module-cache-path /tmp/MYR175-Classify-Candidate-iOS/ModuleCache.noindex -Xfrontend -serialize-debugging-options -enable-testing -index-store-path /tmp/MYR175-Classify-Candidate-iOS/Index.noindex/DataStore -Xcc -D_LIBCPP_HARDENING_MODE\=_LIBCPP_HARDENING_MODE_DEBUG -swift-version 5 -I /tmp/MYR175-Classify-Candidate-iOS/Build/Products/Debug-iphonesimulator -Isystem /Applications/Xcode_26.5.app/Contents/Developer/Platforms/iPhoneSimulator.platform/Developer/usr/lib -F /tmp/MYR175-Classify-Candidate-iOS/Build/Products/Debug-iphonesimulator/PackageFrameworks -F /tmp/MYR175-Classify-Candidate-iOS/Build/Products/Debug-iphonesimulator/PackageFrameworks -F /tmp/MYR175-Classify-Candidate-iOS/Build/Products/Debug-iphonesimulator/PackageFrameworks -F /tmp/MYR175-Classify-Candidate-iOS/Build/Products/Debug-iphonesimulator -F /Applications/Xcode_26.5.app/Contents/Developer/Platforms/iPhoneSimulator.platform/Developer/Library/Frameworks -F /Applications/Xcode_26.5.app/Contents/Developer/Platforms/iPhoneSimulator.platform/Developer/SDKs/iPhoneSimulator26.5.sdk/Developer/Library/Frameworks -c -j3 -enable-batch-mode -incremental -Xcc -ivfsstatcache -Xcc /tmp/MYR175-Classify-Candidate-iOS/SDKStatCaches.noindex/iphonesimulator26.5-23F73-688ef53f1462e2c8f657fdc38a81448ffb7d586738ff35573a713a18216ade27.sdkstatcache -output-file-map /tmp/MYR175-Classify-Candidate-iOS/Build/Intermediates.noindex/MyRAM.build/Debug-iphonesimulator/MyRAMTests.build/Objects-normal/arm64/MyRAMTests-OutputFileMap.json -use-frontend-parseable-output -save-temps -no-color-diagnostics -explicit-module-build -module-cache-path /tmp/MYR175-Classify-Candidate-iOS/Build/Intermediates.noindex/SwiftExplicitPrecompiledModules -clang-scanner-module-cache-path /tmp/MYR175-Classify-Candidate-iOS/ModuleCache.noindex -sdk-module-cache-path /tmp/MYR175-Classify-Candidate-iOS/ModuleCache.noindex -serialize-diagnostics -emit-dependencies -emit-module -emit-module-path /tmp/MYR175-Classify-Candidate-iOS/Build/Intermediates.noindex/MyRAM.build/Debug-iphonesimulator/MyRAMTests.build/Objects-normal/arm64/MyRAMTests.swiftmodule -validate-clang-modules-once -clang-build-session-file /tmp/MYR175-Classify-Candidate-iOS/ModuleCache.noindex/Session.modulevalidation -Xcc -I/tmp/MYR175-Classify-Candidate-iOS/Build/Intermediates.noindex/MyRAM.build/Debug-iphonesimulator/MyRAMTests.build/swift-overrides.hmap -emit-const-values -Xfrontend -const-gather-protocols-file -Xfrontend /tmp/MYR175-Classify-Candidate-iOS/Build/Intermediates.noindex/MyRAM.build/Debug-iphonesimulator/MyRAMTests.build/Objects-normal/arm64/MyRAMTests_const_extract_protocols.json -Xcc -iquote -Xcc /tmp/MYR175-Classify-Candidate-iOS/Build/Intermediates.noindex/MyRAM.build/Debug-iphonesimulator/MyRAMTests.build/MyRAMTests-generated-files.hmap -Xcc -I/tmp/MYR175-Classify-Candidate-iOS/Build/Intermediates.noindex/MyRAM.build/Debug-iphonesimulator/MyRAMTests.build/MyRAMTests-own-target-headers.hmap -Xcc -I/tmp/MYR175-Classify-Candidate-iOS/Build/Intermediates.noindex/MyRAM.build/Debug-iphonesimulator/MyRAMTests.build/MyRAMTests-all-non-framework-target-headers.hmap -Xcc -ivfsoverlay -Xcc /tmp/MYR175-Classify-Candidate-iOS/Build/Intermediates.noindex/MyRAM.build/Debug-iphonesimulator/MyRAM-98a9cbde253e8e955bc92731eb290203-VFS-iphonesimulator/all-product-headers.yaml -Xcc -iquote -Xcc /tmp/MYR175-Classify-Candidate-iOS/Build/Intermediates.noindex/MyRAM.build/Debug-iphonesimulator/MyRAMTests.build/MyRAMTests-project-headers.hmap -Xcc -I/tmp/MYR175-Classify-Candidate-iOS/Build/Products/Debug-iphonesimulator/include -Xcc -I/tmp/MYR175-Classify-Candidate-iOS/Build/Intermediates.noindex/MyRAM.build/Debug-iphonesimulator/MyRAMTests.build/DerivedSources-normal/arm64 -Xcc -I/tmp/MYR175-Classify-Candidate-iOS/Build/Intermediates.noindex/MyRAM.build/Debug-iphonesimulator/MyRAMTests.build/DerivedSources/arm64 -Xcc -I/tmp/MYR175-Classify-Candidate-iOS/Build/Intermediates.noindex/MyRAM.build/Debug-iphonesimulator/MyRAMTests.build/DerivedSources -Xcc -DDEBUG\=1 -emit-objc-header -emit-objc-header-path /tmp/MYR175-Classify-Candidate-iOS/Build/Intermediates.noindex/MyRAM.build/Debug-iphonesimulator/MyRAMTests.build/Objects-normal/arm64/MyRAMTests-Swift.h -working-directory /Users/runner/work/MyRAM-iOS/MyRAM-iOS/Candidate -experimental-emit-module-separately -disable-cmo

SwiftCompile normal arm64 Compiling\ SyncBatchEnvelopeV2Tests.swift,\ SyncBatchPeerCapabilityTests.swift,\ SyncBatchTransportAdmissionPlannerTests.swift,\ SyncConvergenceFoundationTests.swift,\ SyncConvergencePlanningTests.swift,\ SyncConvergenceRewriteSafetyPolicyTests.swift,\ SyncConvergenceIncorporationTests.swift,\ SyncConvergencePostCommitTests.swift,\ SyncConvergencePostCommitTestDoubles.swift,\ SyncConvergenceIdentityTestSupport.swift,\ IncrementalEditIntegrationTests.swift,\ ExplicitDeleteProvenanceTests.swift,\ PendingSyncRecoveryTests.swift /Users/runner/work/MyRAM-iOS/MyRAM-iOS/Candidate/MyRAMTests/SyncBatchEnvelopeV2Tests.swift /Users/runner/work/MyRAM-iOS/MyRAM-iOS/Candidate/MyRAMTests/SyncBatchPeerCapabilityTests.swift /Users/runner/work/MyRAM-iOS/MyRAM-iOS/Candidate/MyRAMTests/SyncBatchTransportAdmissionPlannerTests.swift /Users/runner/work/MyRAM-iOS/MyRAM-iOS/Candidate/MyRAMTests/SyncConvergenceFoundationTests.swift /Users/runner/work/MyRAM-iOS/MyRAM-iOS/Candidate/MyRAMTests/SyncConvergencePlanningTests.swift /Users/runner/work/MyRAM-iOS/MyRAM-iOS/Candidate/MyRAMTests/SyncConvergenceRewriteSafetyPolicyTests.swift /Users/runner/work/MyRAM-iOS/MyRAM-iOS/Candidate/MyRAMTests/SyncConvergenceIncorporationTests.swift /Users/runner/work/MyRAM-iOS/MyRAM-iOS/Candidate/MyRAMTests/SyncConvergencePostCommitTests.swift /Users/runner/work/MyRAM-iOS/MyRAM-iOS/Candidate/MyRAMTests/SyncConvergencePostCommitTestDoubles.swift /Users/runner/work/MyRAM-iOS/MyRAM-iOS/Candidate/MyRAMTests/SyncConvergenceIdentityTestSupport.swift /Users/runner/work/MyRAM-iOS/MyRAM-iOS/Candidate/MyRAMTests/IncrementalEditIntegrationTests.swift /Users/runner/work/MyRAM-iOS/MyRAM-iOS/Candidate/MyRAMTests/ExplicitDeleteProvenanceTests.swift /Users/runner/work/MyRAM-iOS/MyRAM-iOS/Candidate/MyRAMTests/PendingSyncRecoveryTests.swift (in target 'MyRAMTests' from project 'MyRAM')
SwiftCompile normal arm64 /Users/runner/work/MyRAM-iOS/MyRAM-iOS/Candidate/MyRAMTests/SyncBatchEnvelopeV2Tests.swift (in target 'MyRAMTests' from project 'MyRAM')
    cd /Users/runner/work/MyRAM-iOS/MyRAM-iOS/Candidate
    

SwiftCompile normal arm64 /Users/runner/work/MyRAM-iOS/MyRAM-iOS/Candidate/MyRAMTests/SyncBatchPeerCapabilityTests.swift (in target 'MyRAMTests' from project 'MyRAM')
    cd /Users/runner/work/MyRAM-iOS/MyRAM-iOS/Candidate
    

SwiftCompile normal arm64 /Users/runner/work/MyRAM-iOS/MyRAM-iOS/Candidate/MyRAMTests/SyncBatchTransportAdmissionPlannerTests.swift (in target 'MyRAMTests' from project 'MyRAM')
    cd /Users/runner/work/MyRAM-iOS/MyRAM-iOS/Candidate
    

SwiftCompile normal arm64 /Users/runner/work/MyRAM-iOS/MyRAM-iOS/Candidate/MyRAMTests/SyncConvergenceFoundationTests.swift (in target 'MyRAMTests' from project 'MyRAM')
    cd /Users/runner/work/MyRAM-iOS/MyRAM-iOS/Candidate
    

SwiftCompile normal arm64 /Users/runner/work/MyRAM-iOS/MyRAM-iOS/Candidate/MyRAMTests/SyncConvergencePlanningTests.swift (in target 'MyRAMTests' from project 'MyRAM')
    cd /Users/runner/work/MyRAM-iOS/MyRAM-iOS/Candidate
    

SwiftCompile normal arm64 /Users/runner/work/MyRAM-iOS/MyRAM-iOS/Candidate/MyRAMTests/SyncConvergenceRewriteSafetyPolicyTests.swift (in target 'MyRAMTests' from project 'MyRAM')
    cd /Users/runner/work/MyRAM-iOS/MyRAM-iOS/Candidate
    

SwiftCompile normal arm64 /Users/runner/work/MyRAM-iOS/MyRAM-iOS/Candidate/MyRAMTests/SyncConvergenceIncorporationTests.swift (in target 'MyRAMTests' from project 'MyRAM')
    cd /Users/runner/work/MyRAM-iOS/MyRAM-iOS/Candidate
    

SwiftCompile normal arm64 /Users/runner/work/MyRAM-iOS/MyRAM-iOS/Candidate/MyRAMTests/SyncConvergencePostCommitTests.swift (in target 'MyRAMTests' from project 'MyRAM')
    cd /Users/runner/work/MyRAM-iOS/MyRAM-iOS/Candidate
    

SwiftCompile normal arm64 /Users/runner/work/MyRAM-iOS/MyRAM-iOS/Candidate/MyRAMTests/SyncConvergencePostCommitTestDoubles.swift (in target 'MyRAMTests' from project 'MyRAM')
    cd /Users/runner/work/MyRAM-iOS/MyRAM-iOS/Candidate
    

SwiftCompile normal arm64 /Users/runner/work/MyRAM-iOS/MyRAM-iOS/Candidate/MyRAMTests/SyncConvergenceIdentityTestSupport.swift (in target 'MyRAMTests' from project 'MyRAM')
    cd /Users/runner/work/MyRAM-iOS/MyRAM-iOS/Candidate
    

SwiftCompile normal arm64 /Users/runner/work/MyRAM-iOS/MyRAM-iOS/Candidate/MyRAMTests/IncrementalEditIntegrationTests.swift (in target 'MyRAMTests' from project 'MyRAM')
    cd /Users/runner/work/MyRAM-iOS/MyRAM-iOS/Candidate
    

SwiftCompile normal arm64 /Users/runner/work/MyRAM-iOS/MyRAM-iOS/Candidate/MyRAMTests/ExplicitDeleteProvenanceTests.swift (in target 'MyRAMTests' from project 'MyRAM')
    cd /Users/runner/work/MyRAM-iOS/MyRAM-iOS/Candidate
    

SwiftCompile normal arm64 /Users/runner/work/MyRAM-iOS/MyRAM-iOS/Candidate/MyRAMTests/PendingSyncRecoveryTests.swift (in target 'MyRAMTests' from project 'MyRAM')
    cd /Users/runner/work/MyRAM-iOS/MyRAM-iOS/Candidate
    

SwiftMergeGeneratedHeaders /tmp/MYR175-Classify-Candidate-iOS/Build/Intermediates.noindex/MyRAM.build/Debug-iphonesimulator/MyRAMTests.build/DerivedSources/MyRAMTests-Swift.h /tmp/MYR175-Classify-Candidate-iOS/Build/Intermediates.noindex/MyRAM.build/Debug-iphonesimulator/MyRAMTests.build/Objects-normal/arm64/MyRAMTests-Swift.h (in target 'MyRAMTests' from project 'MyRAM')
    cd /Users/runner/work/MyRAM-iOS/MyRAM-iOS/Candidate
    builtin-swiftHeaderTool -arch arm64 /tmp/MYR175-Classify-Candidate-iOS/Build/Intermediates.noindex/MyRAM.build/Debug-iphonesimulator/MyRAMTests.build/Objects-normal/arm64/MyRAMTests-Swift.h -o /tmp/MYR175-Classify-Candidate-iOS/Build/Intermediates.noindex/MyRAM.build/Debug-iphonesimulator/MyRAMTests.build/DerivedSources/MyRAMTests-Swift.h

SwiftDriverJobDiscovery normal arm64 Compiling MyRAMWidgetHostTests.swift, MarkdownFileIOTests.swift, MarkdownFileOperationBoundaryTests.swift, MarkdownImportIntegrationTests.swift, MarkdownPreviewParserTests.swift, MarkdownPreviewIntegrationTests.swift, MarkdownPreviewUIKitHarnessTests.swift, SwiftDataNoteSequenceStateStoreTests.swift, NoteSequenceStateFullBodyIntegrationTests.swift, NoteSequenceStateBootstrapMigratorTests.swift, MYR170FullBodyPathIntegrationTests.swift, MyRAMSyncOperationIDAllocatorTests.swift, SyncBatchPayloadCompatibilityTests.swift, SyncBatchAnchoredPayloadTests.swift (in target 'MyRAMTests' from project 'MyRAM')

Copy /tmp/MYR175-Classify-Candidate-iOS/Build/Products/Debug-iphonesimulator/MyRAMTests.swiftmodule/arm64-apple-ios-simulator.swiftmodule /tmp/MYR175-Classify-Candidate-iOS/Build/Intermediates.noindex/MyRAM.build/Debug-iphonesimulator/MyRAMTests.build/Objects-normal/arm64/MyRAMTests.swiftmodule (in target 'MyRAMTests' from project 'MyRAM')
    cd /Users/runner/work/MyRAM-iOS/MyRAM-iOS/Candidate
    builtin-copy -exclude .DS_Store -exclude CVS -exclude .svn -exclude .git -exclude .hg -resolve-src-symlinks -rename /tmp/MYR175-Classify-Candidate-iOS/Build/Intermediates.noindex/MyRAM.build/Debug-iphonesimulator/MyRAMTests.build/Objects-normal/arm64/MyRAMTests.swiftmodule /tmp/MYR175-Classify-Candidate-iOS/Build/Products/Debug-iphonesimulator/MyRAMTests.swiftmodule/arm64-apple-ios-simulator.swiftmodule

Copy /tmp/MYR175-Classify-Candidate-iOS/Build/Products/Debug-iphonesimulator/MyRAMTests.swiftmodule/arm64-apple-ios-simulator.swiftdoc /tmp/MYR175-Classify-Candidate-iOS/Build/Intermediates.noindex/MyRAM.build/Debug-iphonesimulator/MyRAMTests.build/Objects-normal/arm64/MyRAMTests.swiftdoc (in target 'MyRAMTests' from project 'MyRAM')
    cd /Users/runner/work/MyRAM-iOS/MyRAM-iOS/Candidate
    builtin-copy -exclude .DS_Store -exclude CVS -exclude .svn -exclude .git -exclude .hg -resolve-src-symlinks -rename /tmp/MYR175-Classify-Candidate-iOS/Build/Intermediates.noindex/MyRAM.build/Debug-iphonesimulator/MyRAMTests.build/Objects-normal/arm64/MyRAMTests.swiftdoc /tmp/MYR175-Classify-Candidate-iOS/Build/Products/Debug-iphonesimulator/MyRAMTests.swiftmodule/arm64-apple-ios-simulator.swiftdoc

Copy /tmp/MYR175-Classify-Candidate-iOS/Build/Products/Debug-iphonesimulator/MyRAMTests.swiftmodule/arm64-apple-ios-simulator.abi.json /tmp/MYR175-Classify-Candidate-iOS/Build/Intermediates.noindex/MyRAM.build/Debug-iphonesimulator/MyRAMTests.build/Objects-normal/arm64/MyRAMTests.abi.json (in target 'MyRAMTests' from project 'MyRAM')
    cd /Users/runner/work/MyRAM-iOS/MyRAM-iOS/Candidate
    builtin-copy -exclude .DS_Store -exclude CVS -exclude .svn -exclude .git -exclude .hg -resolve-src-symlinks -rename /tmp/MYR175-Classify-Candidate-iOS/Build/Intermediates.noindex/MyRAM.build/Debug-iphonesimulator/MyRAMTests.build/Objects-normal/arm64/MyRAMTests.abi.json /tmp/MYR175-Classify-Candidate-iOS/Build/Products/Debug-iphonesimulator/MyRAMTests.swiftmodule/arm64-apple-ios-simulator.abi.json

Copy /tmp/MYR175-Classify-Candidate-iOS/Build/Products/Debug-iphonesimulator/MyRAMTests.swiftmodule/Project/arm64-apple-ios-simulator.swiftsourceinfo /tmp/MYR175-Classify-Candidate-iOS/Build/Intermediates.noindex/MyRAM.build/Debug-iphonesimulator/MyRAMTests.build/Objects-normal/arm64/MyRAMTests.swiftsourceinfo (in target 'MyRAMTests' from project 'MyRAM')
    cd /Users/runner/work/MyRAM-iOS/MyRAM-iOS/Candidate
    builtin-copy -exclude .DS_Store -exclude CVS -exclude .svn -exclude .git -exclude .hg -resolve-src-symlinks -rename /tmp/MYR175-Classify-Candidate-iOS/Build/Intermediates.noindex/MyRAM.build/Debug-iphonesimulator/MyRAMTests.build/Objects-normal/arm64/MyRAMTests.swiftsourceinfo /tmp/MYR175-Classify-Candidate-iOS/Build/Products/Debug-iphonesimulator/MyRAMTests.swiftmodule/Project/arm64-apple-ios-simulator.swiftsourceinfo

SwiftCompile normal arm64 Compiling\ MyRAMSyncControllerTests.swift,\ SyncBatchUnsentQueueTests.swift,\ IPhoneSyncBatchAccumulatorTests.swift,\ IPhoneSyncBatchApplierTests.swift,\ ActiveEditorApplicationPolicyTests.swift,\ ActiveEditorSyncUpdateHandlerTests.swift,\ EditorSelectionMapperTests.swift,\ UIKitEditorSyncBridgeTests.swift,\ EditorFormattingMutationApplierTests.swift,\ EditorFocusSelectionPolicyTests.swift,\ EditorSearchSessionTests.swift,\ MyRAMTests.swift,\ MyRAMWidgetCoreTests.swift /Users/runner/work/MyRAM-iOS/MyRAM-iOS/Candidate/MyRAMTests/MyRAMSyncControllerTests.swift /Users/runner/work/MyRAM-iOS/MyRAM-iOS/Candidate/MyRAMTests/SyncBatchUnsentQueueTests.swift /Users/runner/work/MyRAM-iOS/MyRAM-iOS/Candidate/MyRAMTests/IPhoneSyncBatchAccumulatorTests.swift /Users/runner/work/MyRAM-iOS/MyRAM-iOS/Candidate/MyRAMTests/IPhoneSyncBatchApplierTests.swift /Users/runner/work/MyRAM-iOS/MyRAM-iOS/Candidate/MyRAMTests/ActiveEditorApplicationPolicyTests.swift /Users/runner/work/MyRAM-iOS/MyRAM-iOS/Candidate/MyRAMTests/ActiveEditorSyncUpdateHandlerTests.swift /Users/runner/work/MyRAM-iOS/MyRAM-iOS/Candidate/MyRAMTests/EditorSelectionMapperTests.swift /Users/runner/work/MyRAM-iOS/MyRAM-iOS/Candidate/MyRAMTests/UIKitEditorSyncBridgeTests.swift /Users/runner/work/MyRAM-iOS/MyRAM-iOS/Candidate/MyRAMTests/EditorFormattingMutationApplierTests.swift /Users/runner/work/MyRAM-iOS/MyRAM-iOS/Candidate/MyRAMTests/EditorFocusSelectionPolicyTests.swift /Users/runner/work/MyRAM-iOS/MyRAM-iOS/Candidate/MyRAMTests/EditorSearchSessionTests.swift /Users/runner/work/MyRAM-iOS/MyRAM-iOS/Candidate/MyRAMTests/MyRAMTests.swift /Users/runner/work/MyRAM-iOS/MyRAM-iOS/Candidate/MyRAMTests/MyRAMWidgetCoreTests.swift (in target 'MyRAMTests' from project 'MyRAM')
SwiftCompile normal arm64 /Users/runner/work/MyRAM-iOS/MyRAM-iOS/Candidate/MyRAMTests/MyRAMSyncControllerTests.swift (in target 'MyRAMTests' from project 'MyRAM')
    cd /Users/runner/work/MyRAM-iOS/MyRAM-iOS/Candidate
    

SwiftCompile normal arm64 /Users/runner/work/MyRAM-iOS/MyRAM-iOS/Candidate/MyRAMTests/SyncBatchUnsentQueueTests.swift (in target 'MyRAMTests' from project 'MyRAM')
    cd /Users/runner/work/MyRAM-iOS/MyRAM-iOS/Candidate
    

SwiftCompile normal arm64 /Users/runner/work/MyRAM-iOS/MyRAM-iOS/Candidate/MyRAMTests/IPhoneSyncBatchAccumulatorTests.swift (in target 'MyRAMTests' from project 'MyRAM')
    cd /Users/runner/work/MyRAM-iOS/MyRAM-iOS/Candidate
    

SwiftCompile normal arm64 /Users/runner/work/MyRAM-iOS/MyRAM-iOS/Candidate/MyRAMTests/IPhoneSyncBatchApplierTests.swift (in target 'MyRAMTests' from project 'MyRAM')
    cd /Users/runner/work/MyRAM-iOS/MyRAM-iOS/Candidate
    

SwiftCompile normal arm64 /Users/runner/work/MyRAM-iOS/MyRAM-iOS/Candidate/MyRAMTests/ActiveEditorApplicationPolicyTests.swift (in target 'MyRAMTests' from project 'MyRAM')
    cd /Users/runner/work/MyRAM-iOS/MyRAM-iOS/Candidate
    

SwiftCompile normal arm64 /Users/runner/work/MyRAM-iOS/MyRAM-iOS/Candidate/MyRAMTests/ActiveEditorSyncUpdateHandlerTests.swift (in target 'MyRAMTests' from project 'MyRAM')
    cd /Users/runner/work/MyRAM-iOS/MyRAM-iOS/Candidate
    

SwiftCompile normal arm64 /Users/runner/work/MyRAM-iOS/MyRAM-iOS/Candidate/MyRAMTests/EditorSelectionMapperTests.swift (in target 'MyRAMTests' from project 'MyRAM')
    cd /Users/runner/work/MyRAM-iOS/MyRAM-iOS/Candidate
    

SwiftCompile normal arm64 /Users/runner/work/MyRAM-iOS/MyRAM-iOS/Candidate/MyRAMTests/UIKitEditorSyncBridgeTests.swift (in target 'MyRAMTests' from project 'MyRAM')
    cd /Users/runner/work/MyRAM-iOS/MyRAM-iOS/Candidate
    

SwiftCompile normal arm64 /Users/runner/work/MyRAM-iOS/MyRAM-iOS/Candidate/MyRAMTests/EditorFormattingMutationApplierTests.swift (in target 'MyRAMTests' from project 'MyRAM')
    cd /Users/runner/work/MyRAM-iOS/MyRAM-iOS/Candidate
    

SwiftCompile normal arm64 /Users/runner/work/MyRAM-iOS/MyRAM-iOS/Candidate/MyRAMTests/EditorFocusSelectionPolicyTests.swift (in target 'MyRAMTests' from project 'MyRAM')
    cd /Users/runner/work/MyRAM-iOS/MyRAM-iOS/Candidate
    

SwiftCompile normal arm64 /Users/runner/work/MyRAM-iOS/MyRAM-iOS/Candidate/MyRAMTests/EditorSearchSessionTests.swift (in target 'MyRAMTests' from project 'MyRAM')
    cd /Users/runner/work/MyRAM-iOS/MyRAM-iOS/Candidate
    

SwiftCompile normal arm64 /Users/runner/work/MyRAM-iOS/MyRAM-iOS/Candidate/MyRAMTests/MyRAMTests.swift (in target 'MyRAMTests' from project 'MyRAM')
    cd /Users/runner/work/MyRAM-iOS/MyRAM-iOS/Candidate
    

SwiftCompile normal arm64 /Users/runner/work/MyRAM-iOS/MyRAM-iOS/Candidate/MyRAMTests/MyRAMWidgetCoreTests.swift (in target 'MyRAMTests' from project 'MyRAM')
    cd /Users/runner/work/MyRAM-iOS/MyRAM-iOS/Candidate
    

SwiftDriverJobDiscovery normal arm64 Compiling EditorSelectionRangeResolver.swift, EditorFocusSelectionPolicy.swift, EditorFormattingCommandResolver.swift, EditorFormattingMutationApplier.swift, EditorFormattingStateResolver.swift, NoteIntelligence.swift, NoteEditorView.swift, EditorTextViewFactory.swift, EditorProfilingFixtures.swift, BareTextViewProfilingView.swift, EditorChecklistRendering.swift, EditorPolicies.swift, AppliedEditorMutation.swift, ActiveEditorApplicationPolicy.swift, ActiveEditorSyncUpdateHandler.swift, EditorSelectionMapper.swift, EditorRemoteApplyResult.swift, UIKitEditorSyncBridge.swift, MyRAMSyncController.swift, NotesListView.swift, PersistenceManager.swift, GeneratedAssetSymbols.swift (in target 'MyRAM' from project 'MyRAM')

SwiftDriver\ Compilation MyRAM normal arm64 com.apple.xcode.tools.swift.compiler (in target 'MyRAM' from project 'MyRAM')
    cd /Users/runner/work/MyRAM-iOS/MyRAM-iOS/Candidate
    builtin-Swift-Compilation -- /Applications/Xcode_26.5.app/Contents/Developer/Toolchains/XcodeDefault.xctoolchain/usr/bin/swiftc -module-name MyRAM -Onone @/tmp/MYR175-Classify-Candidate-iOS/Build/Intermediates.noindex/MyRAM.build/Debug-iphonesimulator/MyRAM.build/Objects-normal/arm64/MyRAM.SwiftFileList -DDEBUG -enable-bare-slash-regex -enable-experimental-feature DebugDescriptionMacro -sdk /Applications/Xcode_26.5.app/Contents/Developer/Platforms/iPhoneSimulator.platform/Developer/SDKs/iPhoneSimulator26.5.sdk -target arm64-apple-ios17.0-simulator -g -module-cache-path /tmp/MYR175-Classify-Candidate-iOS/ModuleCache.noindex -Xfrontend -serialize-debugging-options -enable-testing -index-store-path /tmp/MYR175-Classify-Candidate-iOS/Index.noindex/DataStore -Xcc -D_LIBCPP_HARDENING_MODE\=_LIBCPP_HARDENING_MODE_DEBUG -swift-version 5 -I /tmp/MYR175-Classify-Candidate-iOS/Build/Products/Debug-iphonesimulator -F /tmp/MYR175-Classify-Candidate-iOS/Build/Products/Debug-iphonesimulator/PackageFrameworks -F /tmp/MYR175-Classify-Candidate-iOS/Build/Products/Debug-iphonesimulator/PackageFrameworks -F /tmp/MYR175-Classify-Candidate-iOS/Build/Products/Debug-iphonesimulator -emit-localized-strings -emit-localized-strings-path /tmp/MYR175-Classify-Candidate-iOS/Build/Intermediates.noindex/MyRAM.build/Debug-iphonesimulator/MyRAM.build/Objects-normal/arm64 -c -j3 -enable-batch-mode -incremental -Xcc -ivfsstatcache -Xcc /tmp/MYR175-Classify-Candidate-iOS/SDKStatCaches.noindex/iphonesimulator26.5-23F73-688ef53f1462e2c8f657fdc38a81448ffb7d586738ff35573a713a18216ade27.sdkstatcache -output-file-map /tmp/MYR175-Classify-Candidate-iOS/Build/Intermediates.noindex/MyRAM.build/Debug-iphonesimulator/MyRAM.build/Objects-normal/arm64/MyRAM-OutputFileMap.json -use-frontend-parseable-output -save-temps -no-color-diagnostics -explicit-module-build -module-cache-path /tmp/MYR175-Classify-Candidate-iOS/Build/Intermediates.noindex/SwiftExplicitPrecompiledModules -clang-scanner-module-cache-path /tmp/MYR175-Classify-Candidate-iOS/ModuleCache.noindex -sdk-module-cache-path /tmp/MYR175-Classify-Candidate-iOS/ModuleCache.noindex -serialize-diagnostics -emit-dependencies -emit-module -emit-module-path /tmp/MYR175-Classify-Candidate-iOS/Build/Intermediates.noindex/MyRAM.build/Debug-iphonesimulator/MyRAM.build/Objects-normal/arm64/MyRAM.swiftmodule -validate-clang-modules-once -clang-build-session-file /tmp/MYR175-Classify-Candidate-iOS/ModuleCache.noindex/Session.modulevalidation -Xcc -I/tmp/MYR175-Classify-Candidate-iOS/Build/Intermediates.noindex/MyRAM.build/Debug-iphonesimulator/MyRAM.build/swift-overrides.hmap -emit-const-values -Xfrontend -const-gather-protocols-file -Xfrontend /tmp/MYR175-Classify-Candidate-iOS/Build/Intermediates.noindex/MyRAM.build/Debug-iphonesimulator/MyRAM.build/Objects-normal/arm64/MyRAM_const_extract_protocols.json -Xcc -iquote -Xcc /tmp/MYR175-Classify-Candidate-iOS/Build/Intermediates.noindex/MyRAM.build/Debug-iphonesimulator/MyRAM.build/MyRAM-generated-files.hmap -Xcc -I/tmp/MYR175-Classify-Candidate-iOS/Build/Intermediates.noindex/MyRAM.build/Debug-iphonesimulator/MyRAM.build/MyRAM-own-target-headers.hmap -Xcc -I/tmp/MYR175-Classify-Candidate-iOS/Build/Intermediates.noindex/MyRAM.build/Debug-iphonesimulator/MyRAM.build/MyRAM-all-non-framework-target-headers.hmap -Xcc -ivfsoverlay -Xcc /tmp/MYR175-Classify-Candidate-iOS/Build/Intermediates.noindex/MyRAM.build/Debug-iphonesimulator/MyRAM-98a9cbde253e8e955bc92731eb290203-VFS-iphonesimulator/all-product-headers.yaml -Xcc -iquote -Xcc /tmp/MYR175-Classify-Candidate-iOS/Build/Intermediates.noindex/MyRAM.build/Debug-iphonesimulator/MyRAM.build/MyRAM-project-headers.hmap -Xcc -I/tmp/MYR175-Classify-Candidate-iOS/Build/Products/Debug-iphonesimulator/include -Xcc -I/tmp/MYR175-Classify-Candidate-iOS/Build/Intermediates.noindex/MyRAM.build/Debug-iphonesimulator/MyRAM.build/DerivedSources-normal/arm64 -Xcc -I/tmp/MYR175-Classify-Candidate-iOS/Build/Intermediates.noindex/MyRAM.build/Debug-iphonesimulator/MyRAM.build/DerivedSources/arm64 -Xcc -I/tmp/MYR175-Classify-Candidate-iOS/Build/Intermediates.noindex/MyRAM.build/Debug-iphonesimulator/MyRAM.build/DerivedSources -Xcc -DDEBUG\=1 -emit-objc-header -emit-objc-header-path /tmp/MYR175-Classify-Candidate-iOS/Build/Intermediates.noindex/MyRAM.build/Debug-iphonesimulator/MyRAM.build/Objects-normal/arm64/MyRAM-Swift.h -working-directory /Users/runner/work/MyRAM-iOS/MyRAM-iOS/Candidate -experimental-emit-module-separately -disable-cmo

Ld /tmp/MYR175-Classify-Candidate-iOS/Build/Products/Debug-iphonesimulator/MyRAM.app/MyRAM.debug.dylib normal (in target 'MyRAM' from project 'MyRAM')
    cd /Users/runner/work/MyRAM-iOS/MyRAM-iOS/Candidate
    /Applications/Xcode_26.5.app/Contents/Developer/Toolchains/XcodeDefault.xctoolchain/usr/bin/clang -Xlinker -reproducible -target arm64-apple-ios17.0-simulator -dynamiclib -isysroot /Applications/Xcode_26.5.app/Contents/Developer/Platforms/iPhoneSimulator.platform/Developer/SDKs/iPhoneSimulator26.5.sdk -O0 -L/tmp/MYR175-Classify-Candidate-iOS/Build/Intermediates.noindex/EagerLinkingTBDs/Debug-iphonesimulator -L/tmp/MYR175-Classify-Candidate-iOS/Build/Products/Debug-iphonesimulator -F/tmp/MYR175-Classify-Candidate-iOS/Build/Intermediates.noindex/EagerLinkingTBDs/Debug-iphonesimulator -F/tmp/MYR175-Classify-Candidate-iOS/Build/Products/Debug-iphonesimulator/PackageFrameworks -F/tmp/MYR175-Classify-Candidate-iOS/Build/Products/Debug-iphonesimulator/PackageFrameworks -F/tmp/MYR175-Classify-Candidate-iOS/Build/Products/Debug-iphonesimulator -filelist /tmp/MYR175-Classify-Candidate-iOS/Build/Intermediates.noindex/MyRAM.build/Debug-iphonesimulator/MyRAM.build/Objects-normal/arm64/MyRAM.LinkFileList -install_name @rpath/MyRAM.debug.dylib -Xlinker -rpath -Xlinker /usr/lib/swift -Xlinker -rpath -Xlinker /tmp/MYR175-Classify-Candidate-iOS/Build/Products/Debug-iphonesimulator/PackageFrameworks -Xlinker -rpath -Xlinker @executable_path/Frameworks -Xlinker -dead_strip -Xlinker -object_path_lto -Xlinker /tmp/MYR175-Classify-Candidate-iOS/Build/Intermediates.noindex/MyRAM.build/Debug-iphonesimulator/MyRAM.build/Objects-normal/arm64/MyRAM_lto.o -rdynamic -Xlinker -no_deduplicate -Xlinker -objc_abi_version -Xlinker 2 -Xlinker -dependency_info -Xlinker /tmp/MYR175-Classify-Candidate-iOS/Build/Intermediates.noindex/MyRAM.build/Debug-iphonesimulator/MyRAM.build/Objects-normal/arm64/MyRAM_dependency_info.dat -fobjc-link-runtime -L/Applications/Xcode_26.5.app/Contents/Developer/Toolchains/XcodeDefault.xctoolchain/usr/lib/swift/iphonesimulator -L/usr/lib/swift -Xlinker -add_ast_path -Xlinker /tmp/MYR175-Classify-Candidate-iOS/Build/Intermediates.noindex/MyRAM.build/Debug-iphonesimulator/MyRAM.build/Objects-normal/arm64/MyRAM.swiftmodule @/tmp/MYR175-Classify-Candidate-iOS/Build/Intermediates.noindex/MyRAM.build/Debug-iphonesimulator/MyRAM.build/Objects-normal/arm64/MyRAM-linker-args.resp -Wl,-no_warn_duplicate_libraries -Wl,-no_warn_duplicate_libraries -Xlinker -alias -Xlinker _main -Xlinker ___debug_main_executable_dylib_entry_point /tmp/MYR175-Classify-Candidate-iOS/Build/Products/Debug-iphonesimulator/PackageFrameworks/AnchoredSequenceCore_-65B9EEE52AB2106_PackageProduct.framework/AnchoredSequenceCore_-65B9EEE52AB2106_PackageProduct -o /tmp/MYR175-Classify-Candidate-iOS/Build/Products/Debug-iphonesimulator/MyRAM.app/MyRAM.debug.dylib -Xlinker -add_ast_path -Xlinker /tmp/MYR175-Classify-Candidate-iOS/Build/Intermediates.noindex/NearbySyncCore.build/Debug-iphonesimulator/NearbySyncCore.build/Objects-normal/arm64/NearbySyncCore.swiftmodule @/tmp/MYR175-Classify-Candidate-iOS/Build/Intermediates.noindex/NearbySyncCore.build/Debug-iphonesimulator/NearbySyncCore.build/Objects-normal/arm64/NearbySyncCore-linker-args.resp

ConstructStubExecutorLinkFileList /tmp/MYR175-Classify-Candidate-iOS/Build/Intermediates.noindex/MyRAM.build/Debug-iphonesimulator/MyRAM.build/MyRAM-ExecutorLinkFileList-normal-arm64.txt (in target 'MyRAM' from project 'MyRAM')
    cd /Users/runner/work/MyRAM-iOS/MyRAM-iOS/Candidate
    construct-stub-executor-link-file-list /tmp/MYR175-Classify-Candidate-iOS/Build/Products/Debug-iphonesimulator/MyRAM.app/MyRAM.debug.dylib /Applications/Xcode_26.5.app/Contents/Developer/Platforms/iPhoneSimulator.platform/Developer/usr/lib/libPreviewsJITStubExecutor_no_swift_entry_point.a /Applications/Xcode_26.5.app/Contents/Developer/Platforms/iPhoneSimulator.platform/Developer/usr/lib/libPreviewsJITStubExecutor.a --output /tmp/MYR175-Classify-Candidate-iOS/Build/Intermediates.noindex/MyRAM.build/Debug-iphonesimulator/MyRAM.build/MyRAM-ExecutorLinkFileList-normal-arm64.txt
note: Using stub executor library with Swift entry point. (in target 'MyRAM' from project 'MyRAM')

Ld /tmp/MYR175-Classify-Candidate-iOS/Build/Products/Debug-iphonesimulator/MyRAM.app/MyRAM normal (in target 'MyRAM' from project 'MyRAM')
    cd /Users/runner/work/MyRAM-iOS/MyRAM-iOS/Candidate
    /Applications/Xcode_26.5.app/Contents/Developer/Toolchains/XcodeDefault.xctoolchain/usr/bin/clang -Xlinker -reproducible -target arm64-apple-ios17.0-simulator -isysroot /Applications/Xcode_26.5.app/Contents/Developer/Platforms/iPhoneSimulator.platform/Developer/SDKs/iPhoneSimulator26.5.sdk -O0 -L/tmp/MYR175-Classify-Candidate-iOS/Build/Products/Debug-iphonesimulator -F/tmp/MYR175-Classify-Candidate-iOS/Build/Products/Debug-iphonesimulator/PackageFrameworks -F/tmp/MYR175-Classify-Candidate-iOS/Build/Products/Debug-iphonesimulator/PackageFrameworks -F/tmp/MYR175-Classify-Candidate-iOS/Build/Products/Debug-iphonesimulator -Xlinker -rpath -Xlinker @executable_path -Xlinker -rpath -Xlinker /tmp/MYR175-Classify-Candidate-iOS/Build/Products/Debug-iphonesimulator/PackageFrameworks -Xlinker -rpath -Xlinker @executable_path/Frameworks -rdynamic -Xlinker -no_deduplicate -Xlinker -objc_abi_version -Xlinker 2 -e ___debug_blank_executor_main -Xlinker -sectcreate -Xlinker __TEXT -Xlinker __debug_dylib -Xlinker /tmp/MYR175-Classify-Candidate-iOS/Build/Intermediates.noindex/MyRAM.build/Debug-iphonesimulator/MyRAM.build/MyRAM-DebugDylibPath-normal-arm64.txt -Xlinker -sectcreate -Xlinker __TEXT -Xlinker __debug_instlnm -Xlinker /tmp/MYR175-Classify-Candidate-iOS/Build/Intermediates.noindex/MyRAM.build/Debug-iphonesimulator/MyRAM.build/MyRAM-DebugDylibInstallName-normal-arm64.txt -Xlinker -filelist -Xlinker /tmp/MYR175-Classify-Candidate-iOS/Build/Intermediates.noindex/MyRAM.build/Debug-iphonesimulator/MyRAM.build/MyRAM-ExecutorLinkFileList-normal-arm64.txt /tmp/MYR175-Classify-Candidate-iOS/Build/Products/Debug-iphonesimulator/MyRAM.app/MyRAM.debug.dylib -o /tmp/MYR175-Classify-Candidate-iOS/Build/Products/Debug-iphonesimulator/MyRAM.app/MyRAM

Copy /tmp/MYR175-Classify-Candidate-iOS/Build/Products/Debug-iphonesimulator/MyRAM.app/PlugIns/MyRAMWidgetExtension.appex /tmp/MYR175-Classify-Candidate-iOS/Build/Products/Debug-iphonesimulator/MyRAMWidgetExtension.appex (in target 'MyRAM' from project 'MyRAM')
    cd /Users/runner/work/MyRAM-iOS/MyRAM-iOS/Candidate
    builtin-copy -exclude .DS_Store -exclude CVS -exclude .svn -exclude .git -exclude .hg -exclude Headers -exclude PrivateHeaders -exclude Modules -exclude \*.tbd -resolve-src-symlinks -remove-static-executable /tmp/MYR175-Classify-Candidate-iOS/Build/Products/Debug-iphonesimulator/MyRAMWidgetExtension.appex /tmp/MYR175-Classify-Candidate-iOS/Build/Products/Debug-iphonesimulator/MyRAM.app/PlugIns

ProcessInfoPlistFile /tmp/MYR175-Classify-Candidate-iOS/Build/Products/Debug-iphonesimulator/MyRAM.app/Info.plist /Users/runner/work/MyRAM-iOS/MyRAM-iOS/Candidate/MyRAM/Info.plist (in target 'MyRAM' from project 'MyRAM')
    cd /Users/runner/work/MyRAM-iOS/MyRAM-iOS/Candidate
    builtin-infoPlistUtility /Users/runner/work/MyRAM-iOS/MyRAM-iOS/Candidate/MyRAM/Info.plist -producttype com.apple.product-type.application -genpkginfo /tmp/MYR175-Classify-Candidate-iOS/Build/Products/Debug-iphonesimulator/MyRAM.app/PkgInfo -expandbuildsettings -format binary -platform iphonesimulator -additionalcontentfile /tmp/MYR175-Classify-Candidate-iOS/Build/Intermediates.noindex/MyRAM.build/Debug-iphonesimulator/MyRAM.build/assetcatalog_generated_info.plist -scanforprivacyfile /tmp/MYR175-Classify-Candidate-iOS/Build/Products/Debug-iphonesimulator/MyRAM.app/Frameworks/AnchoredSequenceCore_-65B9EEE52AB2106_PackageProduct.framework -scanforprivacyfile /tmp/MYR175-Classify-Candidate-iOS/Build/Products/Debug-iphonesimulator/MyRAM.app/PlugIns/MyRAMWidgetExtension.appex -o /tmp/MYR175-Classify-Candidate-iOS/Build/Products/Debug-iphonesimulator/MyRAM.app/Info.plist

ValidateEmbeddedBinary /tmp/MYR175-Classify-Candidate-iOS/Build/Products/Debug-iphonesimulator/MyRAM.app/PlugIns/MyRAMWidgetExtension.appex (in target 'MyRAM' from project 'MyRAM')
    cd /Users/runner/work/MyRAM-iOS/MyRAM-iOS/Candidate
    /Applications/Xcode_26.5.app/Contents/Developer/usr/bin/embeddedBinaryValidationUtility /tmp/MYR175-Classify-Candidate-iOS/Build/Products/Debug-iphonesimulator/MyRAM.app/PlugIns/MyRAMWidgetExtension.appex -info-plist-path /tmp/MYR175-Classify-Candidate-iOS/Build/Products/Debug-iphonesimulator/MyRAM.app/Info.plist

ExtractAppIntentsMetadata (in target 'MyRAM' from project 'MyRAM')
    cd /Users/runner/work/MyRAM-iOS/MyRAM-iOS/Candidate
    /Applications/Xcode_26.5.app/Contents/Developer/Toolchains/XcodeDefault.xctoolchain/usr/bin/appintentsmetadataprocessor --toolchain-dir /var/run/com.apple.security.cryptexd/mnt/com.apple.MobileAsset.MetalToolchain-v17.6.42.0.IemA5J/Metal.xctoolchain --module-name MyRAM --sdk-root /Applications/Xcode_26.5.app/Contents/Developer/Platforms/iPhoneSimulator.platform/Developer/SDKs/iPhoneSimulator26.5.sdk --xcode-version 17F42 --platform-family iOS --deployment-target 17.0 --bundle-identifier com.northsignalstudio.myram.dev --output /tmp/MYR175-Classify-Candidate-iOS/Build/Products/Debug-iphonesimulator/MyRAM.app --target-triple arm64-apple-ios17.0-simulator --binary-file /tmp/MYR175-Classify-Candidate-iOS/Build/Products/Debug-iphonesimulator/MyRAM.app/MyRAM --dependency-file /tmp/MYR175-Classify-Candidate-iOS/Build/Intermediates.noindex/MyRAM.build/Debug-iphonesimulator/MyRAM.build/Objects-normal/arm64/MyRAM_dependency_info.dat --stringsdata-file /tmp/MYR175-Classify-Candidate-iOS/Build/Intermediates.noindex/MyRAM.build/Debug-iphonesimulator/MyRAM.build/Objects-normal/arm64/ExtractedAppShortcutsMetadata.stringsdata --source-file-list /tmp/MYR175-Classify-Candidate-iOS/Build/Intermediates.noindex/MyRAM.build/Debug-iphonesimulator/MyRAM.build/Objects-normal/arm64/MyRAM.SwiftFileList --metadata-file-list /tmp/MYR175-Classify-Candidate-iOS/Build/Intermediates.noindex/MyRAM.build/Debug-iphonesimulator/MyRAM.build/MyRAM.DependencyMetadataFileList --static-metadata-file-list /tmp/MYR175-Classify-Candidate-iOS/Build/Intermediates.noindex/MyRAM.build/Debug-iphonesimulator/MyRAM.build/MyRAM.DependencyStaticMetadataFileList --swift-const-vals-list /tmp/MYR175-Classify-Candidate-iOS/Build/Intermediates.noindex/MyRAM.build/Debug-iphonesimulator/MyRAM.build/Objects-normal/arm64/MyRAM.SwiftConstValuesFileList --compile-time-extraction --deployment-aware-processing --validate-assistant-intents --no-app-shortcuts-localization
2026-08-04 15:31:11.120 appintentsmetadataprocessor[3819:14496] Starting appintentsmetadataprocessor export
2026-08-04 15:31:11.145 appintentsmetadataprocessor[3819:14496] Extracted no relevant App Intents symbols, skipping writing output

CopySwiftLibs /tmp/MYR175-Classify-Candidate-iOS/Build/Products/Debug-iphonesimulator/MyRAM.app (in target 'MyRAM' from project 'MyRAM')
    cd /Users/runner/work/MyRAM-iOS/MyRAM-iOS/Candidate
    builtin-swiftStdLibTool --copy --verbose --scan-executable /tmp/MYR175-Classify-Candidate-iOS/Build/Products/Debug-iphonesimulator/MyRAM.app/MyRAM.debug.dylib --scan-folder /tmp/MYR175-Classify-Candidate-iOS/Build/Products/Debug-iphonesimulator/MyRAM.app/Frameworks --scan-folder /tmp/MYR175-Classify-Candidate-iOS/Build/Products/Debug-iphonesimulator/MyRAM.app/PlugIns --scan-folder /tmp/MYR175-Classify-Candidate-iOS/Build/Products/Debug-iphonesimulator/MyRAM.app/SystemExtensions --scan-folder /tmp/MYR175-Classify-Candidate-iOS/Build/Products/Debug-iphonesimulator/MyRAM.app/Extensions --scan-folder /tmp/MYR175-Classify-Candidate-iOS/Build/Products/Debug-iphonesimulator/PackageFrameworks/AnchoredSequenceCore_-65B9EEE52AB2106_PackageProduct.framework --platform iphonesimulator --toolchain /var/run/com.apple.security.cryptexd/mnt/com.apple.MobileAsset.MetalToolchain-v17.6.42.0.IemA5J/Metal.xctoolchain --toolchain /Applications/Xcode_26.5.app/Contents/Developer/Toolchains/XcodeDefault.xctoolchain --destination /tmp/MYR175-Classify-Candidate-iOS/Build/Products/Debug-iphonesimulator/MyRAM.app/Frameworks --strip-bitcode --strip-bitcode-tool /Applications/Xcode_26.5.app/Contents/Developer/Toolchains/XcodeDefault.xctoolchain/usr/bin/bitcode_strip --emit-dependency-info /tmp/MYR175-Classify-Candidate-iOS/Build/Intermediates.noindex/MyRAM.build/Debug-iphonesimulator/MyRAM.build/SwiftStdLibToolInputDependencies.dep --filter-for-swift-os
Ignoring --strip-bitcode because --sign was not passed

AppIntentsSSUTraining (in target 'MyRAM' from project 'MyRAM')
    cd /Users/runner/work/MyRAM-iOS/MyRAM-iOS/Candidate
    /Applications/Xcode_26.5.app/Contents/Developer/Toolchains/XcodeDefault.xctoolchain/usr/bin/appintentsnltrainingprocessor --infoplist-path /tmp/MYR175-Classify-Candidate-iOS/Build/Products/Debug-iphonesimulator/MyRAM.app/Info.plist --temp-dir-path /tmp/MYR175-Classify-Candidate-iOS/Build/Intermediates.noindex/MyRAM.build/Debug-iphonesimulator/MyRAM.build/ssu --bundle-id com.northsignalstudio.myram.dev --product-path /tmp/MYR175-Classify-Candidate-iOS/Build/Products/Debug-iphonesimulator/MyRAM.app --extracted-metadata-path /tmp/MYR175-Classify-Candidate-iOS/Build/Products/Debug-iphonesimulator/MyRAM.app/Metadata.appintents --metadata-file-list /tmp/MYR175-Classify-Candidate-iOS/Build/Intermediates.noindex/MyRAM.build/Debug-iphonesimulator/MyRAM.build/MyRAM.DependencyMetadataFileList --source-file /tmp/MYR175-Classify-Candidate-iOS/Build/Products/Debug-iphonesimulator/MyRAM.app/Info.plist --archive-ssu-assets
2026-08-04 15:31:11.304 appintentsnltrainingprocessor[3840:14545] Parsing options for appintentsnltrainingprocessor
2026-08-04 15:31:11.306 appintentsnltrainingprocessor[3840:14545] Starting AppIntents SSU YAML Generation
2026-08-04 15:31:11.306 appintentsnltrainingprocessor[3840:14545] No AppShortcuts found - Skipping.

ProcessInfoPlistFile /tmp/MYR175-Classify-Candidate-iOS/Build/Products/Debug-iphonesimulator/MyRAM.app/PlugIns/MyRAMTests.xctest/Info.plist /tmp/MYR175-Classify-Candidate-iOS/Build/Intermediates.noindex/MyRAM.build/Debug-iphonesimulator/MyRAMTests.build/empty-MyRAMTests.plist (in target 'MyRAMTests' from project 'MyRAM')
    cd /Users/runner/work/MyRAM-iOS/MyRAM-iOS/Candidate
    builtin-infoPlistUtility /tmp/MYR175-Classify-Candidate-iOS/Build/Intermediates.noindex/MyRAM.build/Debug-iphonesimulator/MyRAMTests.build/empty-MyRAMTests.plist -producttype com.apple.product-type.bundle.unit-test -expandbuildsettings -format binary -platform iphonesimulator -o /tmp/MYR175-Classify-Candidate-iOS/Build/Products/Debug-iphonesimulator/MyRAM.app/PlugIns/MyRAMTests.xctest/Info.plist

CpResource /tmp/MYR175-Classify-Candidate-iOS/Build/Products/Debug-iphonesimulator/MyRAM.app/PlugIns/MyRAMTests.xctest/note-intelligence /Users/runner/work/MyRAM-iOS/MyRAM-iOS/Candidate/docs/note-intelligence (in target 'MyRAMTests' from project 'MyRAM')
    cd /Users/runner/work/MyRAM-iOS/MyRAM-iOS/Candidate
    builtin-copy -exclude .DS_Store -exclude CVS -exclude .svn -exclude .git -exclude .hg -resolve-src-symlinks /Users/runner/work/MyRAM-iOS/MyRAM-iOS/Candidate/docs/note-intelligence /tmp/MYR175-Classify-Candidate-iOS/Build/Products/Debug-iphonesimulator/MyRAM.app/PlugIns/MyRAMTests.xctest

Copy /tmp/MYR175-Classify-Candidate-iOS/Build/Products/Debug-iphonesimulator/MyRAM.app/PlugIns/MyRAMTests.xctest/Frameworks/AnchoredSequenceCore_-65B9EEE52AB2106_PackageProduct.framework /tmp/MYR175-Classify-Candidate-iOS/Build/Products/Debug-iphonesimulator/PackageFrameworks/AnchoredSequenceCore_-65B9EEE52AB2106_PackageProduct.framework (in target 'MyRAMTests' from project 'MyRAM')
    cd /Users/runner/work/MyRAM-iOS/MyRAM-iOS/Candidate
    builtin-copy -exclude .DS_Store -exclude CVS -exclude .svn -exclude .git -exclude .hg -resolve-src-symlinks -remove-static-executable /tmp/MYR175-Classify-Candidate-iOS/Build/Products/Debug-iphonesimulator/PackageFrameworks/AnchoredSequenceCore_-65B9EEE52AB2106_PackageProduct.framework /tmp/MYR175-Classify-Candidate-iOS/Build/Products/Debug-iphonesimulator/MyRAM.app/PlugIns/MyRAMTests.xctest/Frameworks

SwiftDriverJobDiscovery normal arm64 Compiling SyncBatchEnvelopeV2Tests.swift, SyncBatchPeerCapabilityTests.swift, SyncBatchTransportAdmissionPlannerTests.swift, SyncConvergenceFoundationTests.swift, SyncConvergencePlanningTests.swift, SyncConvergenceRewriteSafetyPolicyTests.swift, SyncConvergenceIncorporationTests.swift, SyncConvergencePostCommitTests.swift, SyncConvergencePostCommitTestDoubles.swift, SyncConvergenceIdentityTestSupport.swift, IncrementalEditIntegrationTests.swift, ExplicitDeleteProvenanceTests.swift, PendingSyncRecoveryTests.swift (in target 'MyRAMTests' from project 'MyRAM')

SwiftDriverJobDiscovery normal arm64 Compiling MyRAMSyncControllerTests.swift, SyncBatchUnsentQueueTests.swift, IPhoneSyncBatchAccumulatorTests.swift, IPhoneSyncBatchApplierTests.swift, ActiveEditorApplicationPolicyTests.swift, ActiveEditorSyncUpdateHandlerTests.swift, EditorSelectionMapperTests.swift, UIKitEditorSyncBridgeTests.swift, EditorFormattingMutationApplierTests.swift, EditorFocusSelectionPolicyTests.swift, EditorSearchSessionTests.swift, MyRAMTests.swift, MyRAMWidgetCoreTests.swift (in target 'MyRAMTests' from project 'MyRAM')

SwiftDriver\ Compilation MyRAMTests normal arm64 com.apple.xcode.tools.swift.compiler (in target 'MyRAMTests' from project 'MyRAM')
    cd /Users/runner/work/MyRAM-iOS/MyRAM-iOS/Candidate
    builtin-Swift-Compilation -- /Applications/Xcode_26.5.app/Contents/Developer/Toolchains/XcodeDefault.xctoolchain/usr/bin/swiftc -module-name MyRAMTests -Onone @/tmp/MYR175-Classify-Candidate-iOS/Build/Intermediates.noindex/MyRAM.build/Debug-iphonesimulator/MyRAMTests.build/Objects-normal/arm64/MyRAMTests.SwiftFileList -DDEBUG -plugin-path /Applications/Xcode_26.5.app/Contents/Developer/Toolchains/XcodeDefault.xctoolchain/usr/lib/swift/host/plugins/testing -enable-bare-slash-regex -enable-experimental-feature DebugDescriptionMacro -sdk /Applications/Xcode_26.5.app/Contents/Developer/Platforms/iPhoneSimulator.platform/Developer/SDKs/iPhoneSimulator26.5.sdk -target arm64-apple-ios17.0-simulator -g -module-cache-path /tmp/MYR175-Classify-Candidate-iOS/ModuleCache.noindex -Xfrontend -serialize-debugging-options -enable-testing -index-store-path /tmp/MYR175-Classify-Candidate-iOS/Index.noindex/DataStore -Xcc -D_LIBCPP_HARDENING_MODE\=_LIBCPP_HARDENING_MODE_DEBUG -swift-version 5 -I /tmp/MYR175-Classify-Candidate-iOS/Build/Products/Debug-iphonesimulator -Isystem /Applications/Xcode_26.5.app/Contents/Developer/Platforms/iPhoneSimulator.platform/Developer/usr/lib -F /tmp/MYR175-Classify-Candidate-iOS/Build/Products/Debug-iphonesimulator/PackageFrameworks -F /tmp/MYR175-Classify-Candidate-iOS/Build/Products/Debug-iphonesimulator/PackageFrameworks -F /tmp/MYR175-Classify-Candidate-iOS/Build/Products/Debug-iphonesimulator/PackageFrameworks -F /tmp/MYR175-Classify-Candidate-iOS/Build/Products/Debug-iphonesimulator -F /Applications/Xcode_26.5.app/Contents/Developer/Platforms/iPhoneSimulator.platform/Developer/Library/Frameworks -F /Applications/Xcode_26.5.app/Contents/Developer/Platforms/iPhoneSimulator.platform/Developer/SDKs/iPhoneSimulator26.5.sdk/Developer/Library/Frameworks -c -j3 -enable-batch-mode -incremental -Xcc -ivfsstatcache -Xcc /tmp/MYR175-Classify-Candidate-iOS/SDKStatCaches.noindex/iphonesimulator26.5-23F73-688ef53f1462e2c8f657fdc38a81448ffb7d586738ff35573a713a18216ade27.sdkstatcache -output-file-map /tmp/MYR175-Classify-Candidate-iOS/Build/Intermediates.noindex/MyRAM.build/Debug-iphonesimulator/MyRAMTests.build/Objects-normal/arm64/MyRAMTests-OutputFileMap.json -use-frontend-parseable-output -save-temps -no-color-diagnostics -explicit-module-build -module-cache-path /tmp/MYR175-Classify-Candidate-iOS/Build/Intermediates.noindex/SwiftExplicitPrecompiledModules -clang-scanner-module-cache-path /tmp/MYR175-Classify-Candidate-iOS/ModuleCache.noindex -sdk-module-cache-path /tmp/MYR175-Classify-Candidate-iOS/ModuleCache.noindex -serialize-diagnostics -emit-dependencies -emit-module -emit-module-path /tmp/MYR175-Classify-Candidate-iOS/Build/Intermediates.noindex/MyRAM.build/Debug-iphonesimulator/MyRAMTests.build/Objects-normal/arm64/MyRAMTests.swiftmodule -validate-clang-modules-once -clang-build-session-file /tmp/MYR175-Classify-Candidate-iOS/ModuleCache.noindex/Session.modulevalidation -Xcc -I/tmp/MYR175-Classify-Candidate-iOS/Build/Intermediates.noindex/MyRAM.build/Debug-iphonesimulator/MyRAMTests.build/swift-overrides.hmap -emit-const-values -Xfrontend -const-gather-protocols-file -Xfrontend /tmp/MYR175-Classify-Candidate-iOS/Build/Intermediates.noindex/MyRAM.build/Debug-iphonesimulator/MyRAMTests.build/Objects-normal/arm64/MyRAMTests_const_extract_protocols.json -Xcc -iquote -Xcc /tmp/MYR175-Classify-Candidate-iOS/Build/Intermediates.noindex/MyRAM.build/Debug-iphonesimulator/MyRAMTests.build/MyRAMTests-generated-files.hmap -Xcc -I/tmp/MYR175-Classify-Candidate-iOS/Build/Intermediates.noindex/MyRAM.build/Debug-iphonesimulator/MyRAMTests.build/MyRAMTests-own-target-headers.hmap -Xcc -I/tmp/MYR175-Classify-Candidate-iOS/Build/Intermediates.noindex/MyRAM.build/Debug-iphonesimulator/MyRAMTests.build/MyRAMTests-all-non-framework-target-headers.hmap -Xcc -ivfsoverlay -Xcc /tmp/MYR175-Classify-Candidate-iOS/Build/Intermediates.noindex/MyRAM.build/Debug-iphonesimulator/MyRAM-98a9cbde253e8e955bc92731eb290203-VFS-iphonesimulator/all-product-headers.yaml -Xcc -iquote -Xcc /tmp/MYR175-Classify-Candidate-iOS/Build/Intermediates.noindex/MyRAM.build/Debug-iphonesimulator/MyRAMTests.build/MyRAMTests-project-headers.hmap -Xcc -I/tmp/MYR175-Classify-Candidate-iOS/Build/Products/Debug-iphonesimulator/include -Xcc -I/tmp/MYR175-Classify-Candidate-iOS/Build/Intermediates.noindex/MyRAM.build/Debug-iphonesimulator/MyRAMTests.build/DerivedSources-normal/arm64 -Xcc -I/tmp/MYR175-Classify-Candidate-iOS/Build/Intermediates.noindex/MyRAM.build/Debug-iphonesimulator/MyRAMTests.build/DerivedSources/arm64 -Xcc -I/tmp/MYR175-Classify-Candidate-iOS/Build/Intermediates.noindex/MyRAM.build/Debug-iphonesimulator/MyRAMTests.build/DerivedSources -Xcc -DDEBUG\=1 -emit-objc-header -emit-objc-header-path /tmp/MYR175-Classify-Candidate-iOS/Build/Intermediates.noindex/MyRAM.build/Debug-iphonesimulator/MyRAMTests.build/Objects-normal/arm64/MyRAMTests-Swift.h -working-directory /Users/runner/work/MyRAM-iOS/MyRAM-iOS/Candidate -experimental-emit-module-separately -disable-cmo

Ld /tmp/MYR175-Classify-Candidate-iOS/Build/Products/Debug-iphonesimulator/MyRAM.app/PlugIns/MyRAMTests.xctest/MyRAMTests normal (in target 'MyRAMTests' from project 'MyRAM')
    cd /Users/runner/work/MyRAM-iOS/MyRAM-iOS/Candidate
    /Applications/Xcode_26.5.app/Contents/Developer/Toolchains/XcodeDefault.xctoolchain/usr/bin/clang -Xlinker -reproducible -target arm64-apple-ios17.0-simulator -bundle -isysroot /Applications/Xcode_26.5.app/Contents/Developer/Platforms/iPhoneSimulator.platform/Developer/SDKs/iPhoneSimulator26.5.sdk -O0 -L/tmp/MYR175-Classify-Candidate-iOS/Build/Intermediates.noindex/EagerLinkingTBDs/Debug-iphonesimulator -L/tmp/MYR175-Classify-Candidate-iOS/Build/Products/Debug-iphonesimulator -L/Applications/Xcode_26.5.app/Contents/Developer/Platforms/iPhoneSimulator.platform/Developer/usr/lib -F/tmp/MYR175-Classify-Candidate-iOS/Build/Intermediates.noindex/EagerLinkingTBDs/Debug-iphonesimulator -F/tmp/MYR175-Classify-Candidate-iOS/Build/Products/Debug-iphonesimulator/PackageFrameworks -F/tmp/MYR175-Classify-Candidate-iOS/Build/Products/Debug-iphonesimulator/PackageFrameworks -F/tmp/MYR175-Classify-Candidate-iOS/Build/Products/Debug-iphonesimulator/PackageFrameworks -F/tmp/MYR175-Classify-Candidate-iOS/Build/Products/Debug-iphonesimulator -iframework /Applications/Xcode_26.5.app/Contents/Developer/Platforms/iPhoneSimulator.platform/Developer/Library/Frameworks -iframework /Applications/Xcode_26.5.app/Contents/Developer/Platforms/iPhoneSimulator.platform/Developer/SDKs/iPhoneSimulator26.5.sdk/Developer/Library/Frameworks -filelist /tmp/MYR175-Classify-Candidate-iOS/Build/Intermediates.noindex/MyRAM.build/Debug-iphonesimulator/MyRAMTests.build/Objects-normal/arm64/MyRAMTests.LinkFileList -Xlinker -rpath -Xlinker /usr/lib/swift -Xlinker -rpath -Xlinker /tmp/MYR175-Classify-Candidate-iOS/Build/Products/Debug-iphonesimulator/PackageFrameworks -Xlinker -rpath -Xlinker @loader_path/Frameworks -Xlinker -rpath -Xlinker @executable_path/Frameworks -Xlinker -dead_strip -bundle_loader /tmp/MYR175-Classify-Candidate-iOS/Build/Products/Debug-iphonesimulator/MyRAM.app/MyRAM -Xlinker -object_path_lto -Xlinker /tmp/MYR175-Classify-Candidate-iOS/Build/Intermediates.noindex/MyRAM.build/Debug-iphonesimulator/MyRAMTests.build/Objects-normal/arm64/MyRAMTests_lto.o -rdynamic -Xlinker -no_deduplicate -Xlinker -objc_abi_version -Xlinker 2 -Xlinker -dependency_info -Xlinker /tmp/MYR175-Classify-Candidate-iOS/Build/Intermediates.noindex/MyRAM.build/Debug-iphonesimulator/MyRAMTests.build/Objects-normal/arm64/MyRAMTests_dependency_info.dat -fobjc-link-runtime -L/Applications/Xcode_26.5.app/Contents/Developer/Toolchains/XcodeDefault.xctoolchain/usr/lib/swift/iphonesimulator -L/usr/lib/swift -Xlinker -add_ast_path -Xlinker /tmp/MYR175-Classify-Candidate-iOS/Build/Intermediates.noindex/MyRAM.build/Debug-iphonesimulator/MyRAMTests.build/Objects-normal/arm64/MyRAMTests.swiftmodule @/tmp/MYR175-Classify-Candidate-iOS/Build/Intermediates.noindex/MyRAM.build/Debug-iphonesimulator/MyRAMTests.build/Objects-normal/arm64/MyRAMTests-linker-args.resp -Wl,-no_warn_duplicate_libraries -Wl,-no_warn_duplicate_libraries -Wl,-no_warn_duplicate_libraries -Xlinker -needed_framework -Xlinker XCTest -framework XCTest -Xlinker -needed-lXCTestSwiftSupport -lXCTestSwiftSupport /tmp/MYR175-Classify-Candidate-iOS/Build/Products/Debug-iphonesimulator/PackageFrameworks/AnchoredSequenceCore_-65B9EEE52AB2106_PackageProduct.framework/AnchoredSequenceCore_-65B9EEE52AB2106_PackageProduct /tmp/MYR175-Classify-Candidate-iOS/Build/Products/Debug-iphonesimulator/MyRAM.app/MyRAM.debug.dylib -o /tmp/MYR175-Classify-Candidate-iOS/Build/Products/Debug-iphonesimulator/MyRAM.app/PlugIns/MyRAMTests.xctest/MyRAMTests

CopySwiftLibs /tmp/MYR175-Classify-Candidate-iOS/Build/Products/Debug-iphonesimulator/MyRAM.app/PlugIns/MyRAMTests.xctest (in target 'MyRAMTests' from project 'MyRAM')
    cd /Users/runner/work/MyRAM-iOS/MyRAM-iOS/Candidate
    builtin-swiftStdLibTool --copy --verbose --scan-executable /tmp/MYR175-Classify-Candidate-iOS/Build/Products/Debug-iphonesimulator/MyRAM.app/PlugIns/MyRAMTests.xctest/MyRAMTests --scan-folder /tmp/MYR175-Classify-Candidate-iOS/Build/Products/Debug-iphonesimulator/MyRAM.app/PlugIns/MyRAMTests.xctest/Frameworks --scan-folder /tmp/MYR175-Classify-Candidate-iOS/Build/Products/Debug-iphonesimulator/MyRAM.app/PlugIns/MyRAMTests.xctest/PlugIns --scan-folder /tmp/MYR175-Classify-Candidate-iOS/Build/Products/Debug-iphonesimulator/MyRAM.app/PlugIns/MyRAMTests.xctest/SystemExtensions --scan-folder /tmp/MYR175-Classify-Candidate-iOS/Build/Products/Debug-iphonesimulator/MyRAM.app/PlugIns/MyRAMTests.xctest/Extensions --scan-folder /tmp/MYR175-Classify-Candidate-iOS/Build/Products/Debug-iphonesimulator/PackageFrameworks/AnchoredSequenceCore_-65B9EEE52AB2106_PackageProduct.framework --platform iphonesimulator --toolchain /var/run/com.apple.security.cryptexd/mnt/com.apple.MobileAsset.MetalToolchain-v17.6.42.0.IemA5J/Metal.xctoolchain --toolchain /Applications/Xcode_26.5.app/Contents/Developer/Toolchains/XcodeDefault.xctoolchain --destination /tmp/MYR175-Classify-Candidate-iOS/Build/Products/Debug-iphonesimulator/MyRAM.app/PlugIns/MyRAMTests.xctest/Frameworks --strip-bitcode --scan-executable /Applications/Xcode_26.5.app/Contents/Developer/Platforms/iPhoneSimulator.platform/Developer/usr/lib/libXCTestSwiftSupport.dylib --strip-bitcode-tool /Applications/Xcode_26.5.app/Contents/Developer/Toolchains/XcodeDefault.xctoolchain/usr/bin/bitcode_strip --emit-dependency-info /tmp/MYR175-Classify-Candidate-iOS/Build/Intermediates.noindex/MyRAM.build/Debug-iphonesimulator/MyRAMTests.build/SwiftStdLibToolInputDependencies.dep --filter-for-swift-os
Ignoring --strip-bitcode because --sign was not passed

ExtractAppIntentsMetadata (in target 'MyRAMTests' from project 'MyRAM')
    cd /Users/runner/work/MyRAM-iOS/MyRAM-iOS/Candidate
    /Applications/Xcode_26.5.app/Contents/Developer/Toolchains/XcodeDefault.xctoolchain/usr/bin/appintentsmetadataprocessor --toolchain-dir /var/run/com.apple.security.cryptexd/mnt/com.apple.MobileAsset.MetalToolchain-v17.6.42.0.IemA5J/Metal.xctoolchain --module-name MyRAMTests --sdk-root /Applications/Xcode_26.5.app/Contents/Developer/Platforms/iPhoneSimulator.platform/Developer/SDKs/iPhoneSimulator26.5.sdk --xcode-version 17F42 --platform-family iOS --deployment-target 17.0 --bundle-identifier com.apexcoretechs.MyRAMTests --output /tmp/MYR175-Classify-Candidate-iOS/Build/Products/Debug-iphonesimulator/MyRAM.app/PlugIns/MyRAMTests.xctest --target-triple arm64-apple-ios17.0-simulator --binary-file /tmp/MYR175-Classify-Candidate-iOS/Build/Products/Debug-iphonesimulator/MyRAM.app/PlugIns/MyRAMTests.xctest/MyRAMTests --dependency-file /tmp/MYR175-Classify-Candidate-iOS/Build/Intermediates.noindex/MyRAM.build/Debug-iphonesimulator/MyRAMTests.build/Objects-normal/arm64/MyRAMTests_dependency_info.dat --stringsdata-file /tmp/MYR175-Classify-Candidate-iOS/Build/Intermediates.noindex/MyRAM.build/Debug-iphonesimulator/MyRAMTests.build/Objects-normal/arm64/ExtractedAppShortcutsMetadata.stringsdata --source-file-list /tmp/MYR175-Classify-Candidate-iOS/Build/Intermediates.noindex/MyRAM.build/Debug-iphonesimulator/MyRAMTests.build/Objects-normal/arm64/MyRAMTests.SwiftFileList --metadata-file-list /tmp/MYR175-Classify-Candidate-iOS/Build/Intermediates.noindex/MyRAM.build/Debug-iphonesimulator/MyRAMTests.build/MyRAMTests.DependencyMetadataFileList --static-metadata-file-list /tmp/MYR175-Classify-Candidate-iOS/Build/Intermediates.noindex/MyRAM.build/Debug-iphonesimulator/MyRAMTests.build/MyRAMTests.DependencyStaticMetadataFileList --swift-const-vals-list /tmp/MYR175-Classify-Candidate-iOS/Build/Intermediates.noindex/MyRAM.build/Debug-iphonesimulator/MyRAMTests.build/Objects-normal/arm64/MyRAMTests.SwiftConstValuesFileList --compile-time-extraction --deployment-aware-processing --validate-assistant-intents --no-app-shortcuts-localization
2026-08-04 15:31:17.131 appintentsmetadataprocessor[3871:14726] Starting appintentsmetadataprocessor export
2026-08-04 15:31:17.149 appintentsmetadataprocessor[3871:14726] Extracted no relevant App Intents symbols, skipping writing output

AppIntentsSSUTraining (in target 'MyRAMTests' from project 'MyRAM')
    cd /Users/runner/work/MyRAM-iOS/MyRAM-iOS/Candidate
    /Applications/Xcode_26.5.app/Contents/Developer/Toolchains/XcodeDefault.xctoolchain/usr/bin/appintentsnltrainingprocessor --infoplist-path /tmp/MYR175-Classify-Candidate-iOS/Build/Products/Debug-iphonesimulator/MyRAM.app/PlugIns/MyRAMTests.xctest/Info.plist --temp-dir-path /tmp/MYR175-Classify-Candidate-iOS/Build/Intermediates.noindex/MyRAM.build/Debug-iphonesimulator/MyRAMTests.build/ssu --bundle-id com.apexcoretechs.MyRAMTests --product-path /tmp/MYR175-Classify-Candidate-iOS/Build/Products/Debug-iphonesimulator/MyRAM.app/PlugIns/MyRAMTests.xctest --extracted-metadata-path /tmp/MYR175-Classify-Candidate-iOS/Build/Products/Debug-iphonesimulator/MyRAM.app/PlugIns/MyRAMTests.xctest/Metadata.appintents --metadata-file-list /tmp/MYR175-Classify-Candidate-iOS/Build/Intermediates.noindex/MyRAM.build/Debug-iphonesimulator/MyRAMTests.build/MyRAMTests.DependencyMetadataFileList --source-file /tmp/MYR175-Classify-Candidate-iOS/Build/Products/Debug-iphonesimulator/MyRAM.app/PlugIns/MyRAMTests.xctest/Info.plist --archive-ssu-assets
2026-08-04 15:31:17.168 appintentsnltrainingprocessor[3872:14729] Parsing options for appintentsnltrainingprocessor
2026-08-04 15:31:17.168 appintentsnltrainingprocessor[3872:14729] Starting AppIntents SSU YAML Generation
2026-08-04 15:31:17.168 appintentsnltrainingprocessor[3872:14729] No AppShortcuts found - Skipping.

RegisterExecutionPolicyException /tmp/MYR175-Classify-Candidate-iOS/Build/Products/Debug-iphonesimulator/MyRAM.app/PlugIns/MyRAMTests.xctest (in target 'MyRAMTests' from project 'MyRAM')
    cd /Users/runner/work/MyRAM-iOS/MyRAM-iOS/Candidate
    builtin-RegisterExecutionPolicyException /tmp/MYR175-Classify-Candidate-iOS/Build/Products/Debug-iphonesimulator/MyRAM.app/PlugIns/MyRAMTests.xctest

Touch /tmp/MYR175-Classify-Candidate-iOS/Build/Products/Debug-iphonesimulator/MyRAM.app/PlugIns/MyRAMTests.xctest (in target 'MyRAMTests' from project 'MyRAM')
    cd /Users/runner/work/MyRAM-iOS/MyRAM-iOS/Candidate
    /usr/bin/touch -c /tmp/MYR175-Classify-Candidate-iOS/Build/Products/Debug-iphonesimulator/MyRAM.app/PlugIns/MyRAMTests.xctest

RegisterExecutionPolicyException /tmp/MYR175-Classify-Candidate-iOS/Build/Products/Debug-iphonesimulator/MyRAM.app (in target 'MyRAM' from project 'MyRAM')
    cd /Users/runner/work/MyRAM-iOS/MyRAM-iOS/Candidate
    builtin-RegisterExecutionPolicyException /tmp/MYR175-Classify-Candidate-iOS/Build/Products/Debug-iphonesimulator/MyRAM.app

Validate /tmp/MYR175-Classify-Candidate-iOS/Build/Products/Debug-iphonesimulator/MyRAM.app (in target 'MyRAM' from project 'MyRAM')
    cd /Users/runner/work/MyRAM-iOS/MyRAM-iOS/Candidate
    builtin-validationUtility /tmp/MYR175-Classify-Candidate-iOS/Build/Products/Debug-iphonesimulator/MyRAM.app -shallow-bundle -infoplist-subpath Info.plist

Touch /tmp/MYR175-Classify-Candidate-iOS/Build/Products/Debug-iphonesimulator/MyRAM.app (in target 'MyRAM' from project 'MyRAM')
    cd /Users/runner/work/MyRAM-iOS/MyRAM-iOS/Candidate
    /usr/bin/touch -c /tmp/MYR175-Classify-Candidate-iOS/Build/Products/Debug-iphonesimulator/MyRAM.app

Ld /tmp/MYR175-Classify-Candidate-iOS/Build/Products/Debug-iphonesimulator/MyRAMUITests-Runner.app/PlugIns/MyRAMUITests.xctest/MyRAMUITests normal (in target 'MyRAMUITests' from project 'MyRAM')
    cd /Users/runner/work/MyRAM-iOS/MyRAM-iOS/Candidate
    /Applications/Xcode_26.5.app/Contents/Developer/Toolchains/XcodeDefault.xctoolchain/usr/bin/clang -Xlinker -reproducible -target arm64-apple-ios17.0-simulator -bundle -isysroot /Applications/Xcode_26.5.app/Contents/Developer/Platforms/iPhoneSimulator.platform/Developer/SDKs/iPhoneSimulator26.5.sdk -O0 -L/tmp/MYR175-Classify-Candidate-iOS/Build/Intermediates.noindex/EagerLinkingTBDs/Debug-iphonesimulator -L/tmp/MYR175-Classify-Candidate-iOS/Build/Products/Debug-iphonesimulator -L/Applications/Xcode_26.5.app/Contents/Developer/Platforms/iPhoneSimulator.platform/Developer/usr/lib -F/tmp/MYR175-Classify-Candidate-iOS/Build/Intermediates.noindex/EagerLinkingTBDs/Debug-iphonesimulator -F/tmp/MYR175-Classify-Candidate-iOS/Build/Products/Debug-iphonesimulator -iframework /Applications/Xcode_26.5.app/Contents/Developer/Platforms/iPhoneSimulator.platform/Developer/Library/Frameworks -iframework /Applications/Xcode_26.5.app/Contents/Developer/Platforms/iPhoneSimulator.platform/Developer/SDKs/iPhoneSimulator26.5.sdk/Developer/Library/Frameworks -filelist /tmp/MYR175-Classify-Candidate-iOS/Build/Intermediates.noindex/MyRAM.build/Debug-iphonesimulator/MyRAMUITests.build/Objects-normal/arm64/MyRAMUITests.LinkFileList -Xlinker -rpath -Xlinker /usr/lib/swift -Xlinker -rpath -Xlinker @loader_path/Frameworks -Xlinker -dead_strip -Xlinker -object_path_lto -Xlinker /tmp/MYR175-Classify-Candidate-iOS/Build/Intermediates.noindex/MyRAM.build/Debug-iphonesimulator/MyRAMUITests.build/Objects-normal/arm64/MyRAMUITests_lto.o -rdynamic -Xlinker -no_deduplicate -Xlinker -objc_abi_version -Xlinker 2 -Xlinker -dependency_info -Xlinker /tmp/MYR175-Classify-Candidate-iOS/Build/Intermediates.noindex/MyRAM.build/Debug-iphonesimulator/MyRAMUITests.build/Objects-normal/arm64/MyRAMUITests_dependency_info.dat -fobjc-link-runtime -L/Applications/Xcode_26.5.app/Contents/Developer/Toolchains/XcodeDefault.xctoolchain/usr/lib/swift/iphonesimulator -L/usr/lib/swift -Xlinker -add_ast_path -Xlinker /tmp/MYR175-Classify-Candidate-iOS/Build/Intermediates.noindex/MyRAM.build/Debug-iphonesimulator/MyRAMUITests.build/Objects-normal/arm64/MyRAMUITests.swiftmodule @/tmp/MYR175-Classify-Candidate-iOS/Build/Intermediates.noindex/MyRAM.build/Debug-iphonesimulator/MyRAMUITests.build/Objects-normal/arm64/MyRAMUITests-linker-args.resp -Xlinker -needed_framework -Xlinker XCTest -framework XCTest -Xlinker -needed-lXCTestSwiftSupport -lXCTestSwiftSupport -o /tmp/MYR175-Classify-Candidate-iOS/Build/Products/Debug-iphonesimulator/MyRAMUITests-Runner.app/PlugIns/MyRAMUITests.xctest/MyRAMUITests

ProcessInfoPlistFile /tmp/MYR175-Classify-Candidate-iOS/Build/Products/Debug-iphonesimulator/MyRAMUITests-Runner.app/PlugIns/MyRAMUITests.xctest/Info.plist /tmp/MYR175-Classify-Candidate-iOS/Build/Intermediates.noindex/MyRAM.build/Debug-iphonesimulator/MyRAMUITests.build/empty-MyRAMUITests.plist (in target 'MyRAMUITests' from project 'MyRAM')
    cd /Users/runner/work/MyRAM-iOS/MyRAM-iOS/Candidate
    builtin-infoPlistUtility /tmp/MYR175-Classify-Candidate-iOS/Build/Intermediates.noindex/MyRAM.build/Debug-iphonesimulator/MyRAMUITests.build/empty-MyRAMUITests.plist -producttype com.apple.product-type.bundle.ui-testing -expandbuildsettings -format binary -platform iphonesimulator -additionalcontentfile /tmp/MYR175-Classify-Candidate-iOS/Build/Intermediates.noindex/MyRAM.build/Debug-iphonesimulator/MyRAMUITests.build/ProductTypeInfoPlistAdditions.plist -o /tmp/MYR175-Classify-Candidate-iOS/Build/Products/Debug-iphonesimulator/MyRAMUITests-Runner.app/PlugIns/MyRAMUITests.xctest/Info.plist

ExtractAppIntentsMetadata (in target 'MyRAMUITests' from project 'MyRAM')
    cd /Users/runner/work/MyRAM-iOS/MyRAM-iOS/Candidate
    /Applications/Xcode_26.5.app/Contents/Developer/Toolchains/XcodeDefault.xctoolchain/usr/bin/appintentsmetadataprocessor --toolchain-dir /var/run/com.apple.security.cryptexd/mnt/com.apple.MobileAsset.MetalToolchain-v17.6.42.0.IemA5J/Metal.xctoolchain --module-name MyRAMUITests --sdk-root /Applications/Xcode_26.5.app/Contents/Developer/Platforms/iPhoneSimulator.platform/Developer/SDKs/iPhoneSimulator26.5.sdk --xcode-version 17F42 --platform-family iOS --deployment-target 17.0 --bundle-identifier com.apexcoretechs.MyRAMUITests --output /tmp/MYR175-Classify-Candidate-iOS/Build/Products/Debug-iphonesimulator/MyRAMUITests-Runner.app/PlugIns/MyRAMUITests.xctest --target-triple arm64-apple-ios17.0-simulator --binary-file /tmp/MYR175-Classify-Candidate-iOS/Build/Products/Debug-iphonesimulator/MyRAMUITests-Runner.app/PlugIns/MyRAMUITests.xctest/MyRAMUITests --dependency-file /tmp/MYR175-Classify-Candidate-iOS/Build/Intermediates.noindex/MyRAM.build/Debug-iphonesimulator/MyRAMUITests.build/Objects-normal/arm64/MyRAMUITests_dependency_info.dat --stringsdata-file /tmp/MYR175-Classify-Candidate-iOS/Build/Intermediates.noindex/MyRAM.build/Debug-iphonesimulator/MyRAMUITests.build/Objects-normal/arm64/ExtractedAppShortcutsMetadata.stringsdata --source-file-list /tmp/MYR175-Classify-Candidate-iOS/Build/Intermediates.noindex/MyRAM.build/Debug-iphonesimulator/MyRAMUITests.build/Objects-normal/arm64/MyRAMUITests.SwiftFileList --metadata-file-list /tmp/MYR175-Classify-Candidate-iOS/Build/Intermediates.noindex/MyRAM.build/Debug-iphonesimulator/MyRAMUITests.build/MyRAMUITests.DependencyMetadataFileList --static-metadata-file-list /tmp/MYR175-Classify-Candidate-iOS/Build/Intermediates.noindex/MyRAM.build/Debug-iphonesimulator/MyRAMUITests.build/MyRAMUITests.DependencyStaticMetadataFileList --swift-const-vals-list /tmp/MYR175-Classify-Candidate-iOS/Build/Intermediates.noindex/MyRAM.build/Debug-iphonesimulator/MyRAMUITests.build/Objects-normal/arm64/MyRAMUITests.SwiftConstValuesFileList --compile-time-extraction --deployment-aware-processing --validate-assistant-intents --no-app-shortcuts-localization
2026-08-04 15:31:17.526 appintentsmetadataprocessor[3939:14867] Starting appintentsmetadataprocessor export
2026-08-04 15:31:17.527 appintentsmetadataprocessor[3939:14867] warning: Metadata extraction skipped. No AppIntents.framework dependency found.

CopySwiftLibs /tmp/MYR175-Classify-Candidate-iOS/Build/Products/Debug-iphonesimulator/MyRAMUITests-Runner.app/PlugIns/MyRAMUITests.xctest (in target 'MyRAMUITests' from project 'MyRAM')
    cd /Users/runner/work/MyRAM-iOS/MyRAM-iOS/Candidate
    builtin-swiftStdLibTool --copy --verbose --scan-executable /tmp/MYR175-Classify-Candidate-iOS/Build/Products/Debug-iphonesimulator/MyRAMUITests-Runner.app/PlugIns/MyRAMUITests.xctest/MyRAMUITests --scan-folder /tmp/MYR175-Classify-Candidate-iOS/Build/Products/Debug-iphonesimulator/MyRAMUITests-Runner.app/PlugIns/MyRAMUITests.xctest/Frameworks --scan-folder /tmp/MYR175-Classify-Candidate-iOS/Build/Products/Debug-iphonesimulator/MyRAMUITests-Runner.app/PlugIns/MyRAMUITests.xctest/PlugIns --scan-folder /tmp/MYR175-Classify-Candidate-iOS/Build/Products/Debug-iphonesimulator/MyRAMUITests-Runner.app/PlugIns/MyRAMUITests.xctest/SystemExtensions --scan-folder /tmp/MYR175-Classify-Candidate-iOS/Build/Products/Debug-iphonesimulator/MyRAMUITests-Runner.app/PlugIns/MyRAMUITests.xctest/Extensions --platform iphonesimulator --toolchain /var/run/com.apple.security.cryptexd/mnt/com.apple.MobileAsset.MetalToolchain-v17.6.42.0.IemA5J/Metal.xctoolchain --toolchain /Applications/Xcode_26.5.app/Contents/Developer/Toolchains/XcodeDefault.xctoolchain --destination /tmp/MYR175-Classify-Candidate-iOS/Build/Products/Debug-iphonesimulator/MyRAMUITests-Runner.app/PlugIns/MyRAMUITests.xctest/Frameworks --strip-bitcode --scan-executable /Applications/Xcode_26.5.app/Contents/Developer/Platforms/iPhoneSimulator.platform/Developer/usr/lib/libXCTestSwiftSupport.dylib --strip-bitcode-tool /Applications/Xcode_26.5.app/Contents/Developer/Toolchains/XcodeDefault.xctoolchain/usr/bin/bitcode_strip --emit-dependency-info /tmp/MYR175-Classify-Candidate-iOS/Build/Intermediates.noindex/MyRAM.build/Debug-iphonesimulator/MyRAMUITests.build/SwiftStdLibToolInputDependencies.dep --filter-for-swift-os
Ignoring --strip-bitcode because --sign was not passed

AppIntentsSSUTraining (in target 'MyRAMUITests' from project 'MyRAM')
    cd /Users/runner/work/MyRAM-iOS/MyRAM-iOS/Candidate
    /Applications/Xcode_26.5.app/Contents/Developer/Toolchains/XcodeDefault.xctoolchain/usr/bin/appintentsnltrainingprocessor --infoplist-path /tmp/MYR175-Classify-Candidate-iOS/Build/Products/Debug-iphonesimulator/MyRAMUITests-Runner.app/PlugIns/MyRAMUITests.xctest/Info.plist --temp-dir-path /tmp/MYR175-Classify-Candidate-iOS/Build/Intermediates.noindex/MyRAM.build/Debug-iphonesimulator/MyRAMUITests.build/ssu --bundle-id com.apexcoretechs.MyRAMUITests --product-path /tmp/MYR175-Classify-Candidate-iOS/Build/Products/Debug-iphonesimulator/MyRAMUITests-Runner.app/PlugIns/MyRAMUITests.xctest --extracted-metadata-path /tmp/MYR175-Classify-Candidate-iOS/Build/Products/Debug-iphonesimulator/MyRAMUITests-Runner.app/PlugIns/MyRAMUITests.xctest/Metadata.appintents --metadata-file-list /tmp/MYR175-Classify-Candidate-iOS/Build/Intermediates.noindex/MyRAM.build/Debug-iphonesimulator/MyRAMUITests.build/MyRAMUITests.DependencyMetadataFileList --source-file /tmp/MYR175-Classify-Candidate-iOS/Build/Products/Debug-iphonesimulator/MyRAMUITests-Runner.app/PlugIns/MyRAMUITests.xctest/Info.plist --archive-ssu-assets
2026-08-04 15:31:17.547 appintentsnltrainingprocessor[3944:14876] Parsing options for appintentsnltrainingprocessor
2026-08-04 15:31:17.548 appintentsnltrainingprocessor[3944:14876] Starting AppIntents SSU YAML Generation
2026-08-04 15:31:17.548 appintentsnltrainingprocessor[3944:14876] No AppShortcuts found - Skipping.

CopyPlistFile /tmp/MYR175-Classify-Candidate-iOS/Build/Products/Debug-iphonesimulator/MyRAMUITests-Runner.app/Info.plist /Applications/Xcode_26.5.app/Contents/Developer/Platforms/iPhoneSimulator.platform/Developer/Library/Xcode/Agents/XCTRunner.app/Info.plist (in target 'MyRAMUITests' from project 'MyRAM')
    cd /Users/runner/work/MyRAM-iOS/MyRAM-iOS/Candidate
    builtin-copyPlist --validate --convert xml1 --macro-expansion WRAPPEDPRODUCTNAME MyRAMUITests-Runner --macro-expansion WRAPPEDPRODUCTBUNDLEIDENTIFIER com.apexcoretechs.MyRAMUITests.xctrunner --macro-expansion TESTPRODUCTNAME MyRAMUITests --macro-expansion TESTPRODUCTBUNDLEIDENTIFIER com.apexcoretechs.MyRAMUITests --copy-value UIDeviceFamily /tmp/MYR175-Classify-Candidate-iOS/Build/Products/Debug-iphonesimulator/MyRAMUITests-Runner.app/PlugIns/MyRAMUITests.xctest/Info.plist --outdir /tmp/MYR175-Classify-Candidate-iOS/Build/Products/Debug-iphonesimulator/MyRAMUITests-Runner.app -- /Applications/Xcode_26.5.app/Contents/Developer/Platforms/iPhoneSimulator.platform/Developer/Library/Xcode/Agents/XCTRunner.app/Info.plist

CopyAndPreserveArchs /tmp/MYR175-Classify-Candidate-iOS/Build/Products/Debug-iphonesimulator/MyRAMUITests-Runner.app/MyRAMUITests-Runner (in target 'MyRAMUITests' from project 'MyRAM')
    cd /Users/runner/work/MyRAM-iOS/MyRAM-iOS/Candidate
    /Applications/Xcode_26.5.app/Contents/Developer/Toolchains/XcodeDefault.xctoolchain/usr/bin/lipo /Applications/Xcode_26.5.app/Contents/Developer/Platforms/iPhoneSimulator.platform/Developer/Library/Xcode/Agents/XCTRunner.app/XCTRunner -output /tmp/MYR175-Classify-Candidate-iOS/Build/Products/Debug-iphonesimulator/MyRAMUITests-Runner.app/MyRAMUITests-Runner -extract arm64

MkDir /tmp/MYR175-Classify-Candidate-iOS/Build/Products/Debug-iphonesimulator/MyRAMUITests-Runner.app (in target 'MyRAMUITests' from project 'MyRAM')
    cd /Users/runner/work/MyRAM-iOS/MyRAM-iOS/Candidate
    /bin/mkdir -p /tmp/MYR175-Classify-Candidate-iOS/Build/Products/Debug-iphonesimulator/MyRAMUITests-Runner.app

Copy /tmp/MYR175-Classify-Candidate-iOS/Build/Products/Debug-iphonesimulator/MyRAMUITests-Runner.app/PkgInfo /Applications/Xcode_26.5.app/Contents/Developer/Platforms/iPhoneSimulator.platform/Developer/Library/Xcode/Agents/XCTRunner.app/PkgInfo (in target 'MyRAMUITests' from project 'MyRAM')
    cd /Users/runner/work/MyRAM-iOS/MyRAM-iOS/Candidate
    builtin-copy -exclude .DS_Store -exclude CVS -exclude .svn -exclude .git -exclude .hg -resolve-src-symlinks /Applications/Xcode_26.5.app/Contents/Developer/Platforms/iPhoneSimulator.platform/Developer/Library/Xcode/Agents/XCTRunner.app/PkgInfo /tmp/MYR175-Classify-Candidate-iOS/Build/Products/Debug-iphonesimulator/MyRAMUITests-Runner.app

Copy /tmp/MYR175-Classify-Candidate-iOS/Build/Products/Debug-iphonesimulator/MyRAMUITests-Runner.app/Frameworks/libXCTestSwiftSupport.dylib /Applications/Xcode_26.5.app/Contents/Developer/Platforms/iPhoneSimulator.platform/Developer/usr/lib/libXCTestSwiftSupport.dylib (in target 'MyRAMUITests' from project 'MyRAM')
    cd /Users/runner/work/MyRAM-iOS/MyRAM-iOS/Candidate
    builtin-copy -exclude .DS_Store -exclude CVS -exclude .svn -exclude .git -exclude .hg -exclude Headers -exclude PrivateHeaders -exclude Modules -exclude \*.tbd -resolve-src-symlinks /Applications/Xcode_26.5.app/Contents/Developer/Platforms/iPhoneSimulator.platform/Developer/usr/lib/libXCTestSwiftSupport.dylib /tmp/MYR175-Classify-Candidate-iOS/Build/Products/Debug-iphonesimulator/MyRAMUITests-Runner.app/Frameworks

Copy /tmp/MYR175-Classify-Candidate-iOS/Build/Products/Debug-iphonesimulator/MyRAMUITests-Runner.app/Frameworks/XCUnit.framework /Applications/Xcode_26.5.app/Contents/Developer/Platforms/iPhoneSimulator.platform/Developer/Library/PrivateFrameworks/XCUnit.framework (in target 'MyRAMUITests' from project 'MyRAM')
    cd /Users/runner/work/MyRAM-iOS/MyRAM-iOS/Candidate
    builtin-copy -exclude .DS_Store -exclude CVS -exclude .svn -exclude .git -exclude .hg -exclude Headers -exclude PrivateHeaders -exclude Modules -exclude \*.tbd -resolve-src-symlinks /Applications/Xcode_26.5.app/Contents/Developer/Platforms/iPhoneSimulator.platform/Developer/Library/PrivateFrameworks/XCUnit.framework /tmp/MYR175-Classify-Candidate-iOS/Build/Products/Debug-iphonesimulator/MyRAMUITests-Runner.app/Frameworks

Copy /tmp/MYR175-Classify-Candidate-iOS/Build/Products/Debug-iphonesimulator/MyRAMUITests-Runner.app/Frameworks/XCUIAutomation.framework /Applications/Xcode_26.5.app/Contents/Developer/Platforms/iPhoneSimulator.platform/Developer/Library/Frameworks/XCUIAutomation.framework (in target 'MyRAMUITests' from project 'MyRAM')
    cd /Users/runner/work/MyRAM-iOS/MyRAM-iOS/Candidate
    builtin-copy -exclude .DS_Store -exclude CVS -exclude .svn -exclude .git -exclude .hg -exclude Headers -exclude PrivateHeaders -exclude Modules -exclude \*.tbd -resolve-src-symlinks /Applications/Xcode_26.5.app/Contents/Developer/Platforms/iPhoneSimulator.platform/Developer/Library/Frameworks/XCUIAutomation.framework /tmp/MYR175-Classify-Candidate-iOS/Build/Products/Debug-iphonesimulator/MyRAMUITests-Runner.app/Frameworks

Copy /tmp/MYR175-Classify-Candidate-iOS/Build/Products/Debug-iphonesimulator/MyRAMUITests-Runner.app/Frameworks/XCTestSupport.framework /Applications/Xcode_26.5.app/Contents/Developer/Platforms/iPhoneSimulator.platform/Developer/Library/PrivateFrameworks/XCTestSupport.framework (in target 'MyRAMUITests' from project 'MyRAM')
    cd /Users/runner/work/MyRAM-iOS/MyRAM-iOS/Candidate
    builtin-copy -exclude .DS_Store -exclude CVS -exclude .svn -exclude .git -exclude .hg -exclude Headers -exclude PrivateHeaders -exclude Modules -exclude \*.tbd -resolve-src-symlinks /Applications/Xcode_26.5.app/Contents/Developer/Platforms/iPhoneSimulator.platform/Developer/Library/PrivateFrameworks/XCTestSupport.framework /tmp/MYR175-Classify-Candidate-iOS/Build/Products/Debug-iphonesimulator/MyRAMUITests-Runner.app/Frameworks

Copy /tmp/MYR175-Classify-Candidate-iOS/Build/Products/Debug-iphonesimulator/MyRAMUITests-Runner.app/Frameworks/XCTestCore.framework /Applications/Xcode_26.5.app/Contents/Developer/Platforms/iPhoneSimulator.platform/Developer/Library/PrivateFrameworks/XCTestCore.framework (in target 'MyRAMUITests' from project 'MyRAM')
    cd /Users/runner/work/MyRAM-iOS/MyRAM-iOS/Candidate
    builtin-copy -exclude .DS_Store -exclude CVS -exclude .svn -exclude .git -exclude .hg -exclude Headers -exclude PrivateHeaders -exclude Modules -exclude \*.tbd -resolve-src-symlinks /Applications/Xcode_26.5.app/Contents/Developer/Platforms/iPhoneSimulator.platform/Developer/Library/PrivateFrameworks/XCTestCore.framework /tmp/MYR175-Classify-Candidate-iOS/Build/Products/Debug-iphonesimulator/MyRAMUITests-Runner.app/Frameworks

Copy /tmp/MYR175-Classify-Candidate-iOS/Build/Products/Debug-iphonesimulator/MyRAMUITests-Runner.app/Frameworks/XCTest.framework /Applications/Xcode_26.5.app/Contents/Developer/Platforms/iPhoneSimulator.platform/Developer/Library/Frameworks/XCTest.framework (in target 'MyRAMUITests' from project 'MyRAM')
    cd /Users/runner/work/MyRAM-iOS/MyRAM-iOS/Candidate
    builtin-copy -exclude .DS_Store -exclude CVS -exclude .svn -exclude .git -exclude .hg -exclude Headers -exclude PrivateHeaders -exclude Modules -exclude \*.tbd -resolve-src-symlinks /Applications/Xcode_26.5.app/Contents/Developer/Platforms/iPhoneSimulator.platform/Developer/Library/Frameworks/XCTest.framework /tmp/MYR175-Classify-Candidate-iOS/Build/Products/Debug-iphonesimulator/MyRAMUITests-Runner.app/Frameworks

Copy /tmp/MYR175-Classify-Candidate-iOS/Build/Products/Debug-iphonesimulator/MyRAMUITests-Runner.app/Frameworks/XCTAutomationSupport.framework /Applications/Xcode_26.5.app/Contents/Developer/Platforms/iPhoneSimulator.platform/Developer/Library/PrivateFrameworks/XCTAutomationSupport.framework (in target 'MyRAMUITests' from project 'MyRAM')
    cd /Users/runner/work/MyRAM-iOS/MyRAM-iOS/Candidate
    builtin-copy -exclude .DS_Store -exclude CVS -exclude .svn -exclude .git -exclude .hg -exclude Headers -exclude PrivateHeaders -exclude Modules -exclude \*.tbd -resolve-src-symlinks /Applications/Xcode_26.5.app/Contents/Developer/Platforms/iPhoneSimulator.platform/Developer/Library/PrivateFrameworks/XCTAutomationSupport.framework /tmp/MYR175-Classify-Candidate-iOS/Build/Products/Debug-iphonesimulator/MyRAMUITests-Runner.app/Frameworks

Copy /tmp/MYR175-Classify-Candidate-iOS/Build/Products/Debug-iphonesimulator/MyRAMUITests-Runner.app/Frameworks/Testing.framework /Applications/Xcode_26.5.app/Contents/Developer/Platforms/iPhoneSimulator.platform/Developer/Library/Frameworks/Testing.framework (in target 'MyRAMUITests' from project 'MyRAM')
    cd /Users/runner/work/MyRAM-iOS/MyRAM-iOS/Candidate
    builtin-copy -exclude .DS_Store -exclude CVS -exclude .svn -exclude .git -exclude .hg -exclude Headers -exclude PrivateHeaders -exclude Modules -exclude \*.tbd -resolve-src-symlinks /Applications/Xcode_26.5.app/Contents/Developer/Platforms/iPhoneSimulator.platform/Developer/Library/Frameworks/Testing.framework /tmp/MYR175-Classify-Candidate-iOS/Build/Products/Debug-iphonesimulator/MyRAMUITests-Runner.app/Frameworks

RegisterExecutionPolicyException /tmp/MYR175-Classify-Candidate-iOS/Build/Products/Debug-iphonesimulator/MyRAMUITests-Runner.app/PlugIns/MyRAMUITests.xctest (in target 'MyRAMUITests' from project 'MyRAM')
    cd /Users/runner/work/MyRAM-iOS/MyRAM-iOS/Candidate
    builtin-RegisterExecutionPolicyException /tmp/MYR175-Classify-Candidate-iOS/Build/Products/Debug-iphonesimulator/MyRAMUITests-Runner.app/PlugIns/MyRAMUITests.xctest

Touch /tmp/MYR175-Classify-Candidate-iOS/Build/Products/Debug-iphonesimulator/MyRAMUITests-Runner.app/PlugIns/MyRAMUITests.xctest (in target 'MyRAMUITests' from project 'MyRAM')
    cd /Users/runner/work/MyRAM-iOS/MyRAM-iOS/Candidate
    /usr/bin/touch -c /tmp/MYR175-Classify-Candidate-iOS/Build/Products/Debug-iphonesimulator/MyRAMUITests-Runner.app/PlugIns/MyRAMUITests.xctest

✅ Fresh SwiftData store initialized successfully
2026-08-04 15:33:35.313483+0000 MyRAM[5379:20841] [Type Declaration Issues] Type "net.daringfireball.markdown" was expected to be declared and imported in the Info.plist of MyRAM.app, but it was not found.
2026-08-04 15:33:35.503216+0000 MyRAM[5379:22664] [General] Failed to send CA Event for app launch measurements for ca_event_type: 0 event_name: com.apple.app_launch_measurement.FirstFramePresentationMetric
2026-08-04 15:33:36.088761+0000 MyRAM[5379:20841] [unspecified] container_create_or_lookup_app_group_path_by_app_group_identifier: client is not entitled
2026-08-04 15:33:36.275225+0000 MyRAM[5379:22697] [General] Failed to send CA Event for app launch measurements for ca_event_type: 1 event_name: com.apple.app_launch_measurement.ExtendedLaunchMetrics
Test Suite 'Selected tests' started at 2026-08-04 15:33:39.243.
Test Suite 'MyRAMTests.xctest' started at 2026-08-04 15:33:39.246.
Test Suite 'SyncConvergencePlanningTests' started at 2026-08-04 15:33:39.246.
Test Case '-[MyRAMTests.SyncConvergencePlanningTests testAllRetainedBodyOperationsRouteNone]' started.
Test Case '-[MyRAMTests.SyncConvergencePlanningTests testAllRetainedBodyOperationsRouteNone]' passed (0.033 seconds).
Test Case '-[MyRAMTests.SyncConvergencePlanningTests testAnchoredBatchFailsPlanningBeforeCanonicalWork]' started.
Test Case '-[MyRAMTests.SyncConvergencePlanningTests testAnchoredBatchFailsPlanningBeforeCanonicalWork]' passed (0.008 seconds).
Test Case '-[MyRAMTests.SyncConvergencePlanningTests testCanonicalDigestExplicitlyRejectsAnchoredBatch]' started.
Test Case '-[MyRAMTests.SyncConvergencePlanningTests testCanonicalDigestExplicitlyRejectsAnchoredBatch]' passed (0.002 seconds).
Test Case '-[MyRAMTests.SyncConvergencePlanningTests testCanonicalPayloadDigestV1GoldenVectorMatrix]' started.
Test Case '-[MyRAMTests.SyncConvergencePlanningTests testCanonicalPayloadDigestV1GoldenVectorMatrix]' passed (0.055 seconds).
Test Case '-[MyRAMTests.SyncConvergencePlanningTests testCanonicalPayloadDigestV1IsStableAndOrderSensitive]' started.
Test Case '-[MyRAMTests.SyncConvergencePlanningTests testCanonicalPayloadDigestV1IsStableAndOrderSensitive]' passed (0.001 seconds).
Test Case '-[MyRAMTests.SyncConvergencePlanningTests testCommittedResultV1GoldenVectorMatrix]' started.
Test Case '-[MyRAMTests.SyncConvergencePlanningTests testCommittedResultV1GoldenVectorMatrix]' passed (0.007 seconds).
Test Case '-[MyRAMTests.SyncConvergencePlanningTests testCommittedResultV1OrderingAndChangeSensitivity]' started.
Test Case '-[MyRAMTests.SyncConvergencePlanningTests testCommittedResultV1OrderingAndChangeSensitivity]' passed (0.002 seconds).
Test Case '-[MyRAMTests.SyncConvergencePlanningTests testCommittedResultV1ReconciliationHashFieldOrderIsSignificant]' started.
Test Case '-[MyRAMTests.SyncConvergencePlanningTests testCommittedResultV1ReconciliationHashFieldOrderIsSignificant]' passed (0.002 seconds).
Test Case '-[MyRAMTests.SyncConvergencePlanningTests testCommittedResultV1ReconciliationReservedVariantIsPinned]' started.
Test Case '-[MyRAMTests.SyncConvergencePlanningTests testCommittedResultV1ReconciliationReservedVariantIsPinned]' passed (0.002 seconds).
Test Case '-[MyRAMTests.SyncConvergencePlanningTests testCompetingValidNilBaseBranchesBacktrackToTargetPath]' started.
Test Case '-[MyRAMTests.SyncConvergencePlanningTests testCompetingValidNilBaseBranchesBacktrackToTargetPath]' passed (0.005 seconds).
Test Case '-[MyRAMTests.SyncConvergencePlanningTests testConcurrentDeleteRebasesLaterInsertOffsetBackward]' started.
Test Case '-[MyRAMTests.SyncConvergencePlanningTests testConcurrentDeleteRebasesLaterInsertOffsetBackward]' passed (0.005 seconds).
2026-08-04 15:33:46.474249+0000 MyRAM[5379:22664] [Client] XPC connection interrupted
Test Case '-[MyRAMTests.SyncConvergencePlanningTests testConcurrentEditsConvergeToIdenticalBodyRegardlessOfWhichSideIsLocal]' started.
Test Case '-[MyRAMTests.SyncConvergencePlanningTests testConcurrentEditsConvergeToIdenticalBodyRegardlessOfWhichSideIsLocal]' passed (0.016 seconds).
Test Case '-[MyRAMTests.SyncConvergencePlanningTests testConcurrentInsertsRebaseOffsetsInsteadOfCorruptingLaterText]' started.
Test Case '-[MyRAMTests.SyncConvergencePlanningTests testConcurrentInsertsRebaseOffsetsInsteadOfCorruptingLaterText]' passed (0.001 seconds).
Test Case '-[MyRAMTests.SyncConvergencePlanningTests testConcurrentSameBaseOperationsConvergeInsteadOfCorruptingHistory]' started.
Test Case '-[MyRAMTests.SyncConvergencePlanningTests testConcurrentSameBaseOperationsConvergeInsteadOfCorruptingHistory]' passed (0.002 seconds).
Test Case '-[MyRAMTests.SyncConvergencePlanningTests testContradictoryDuplicateBatchIdentityFailsBeforeCommit]' started.
Test Case '-[MyRAMTests.SyncConvergencePlanningTests testContradictoryDuplicateBatchIdentityFailsBeforeCommit]' passed (0.002 seconds).
Test Case '-[MyRAMTests.SyncConvergencePlanningTests testContradictoryFullRecordAndTombstoneFailsBeforeCommit]' started.
Test Case '-[MyRAMTests.SyncConvergencePlanningTests testContradictoryFullRecordAndTombstoneFailsBeforeCommit]' passed (0.001 seconds).
Test Case '-[MyRAMTests.SyncConvergencePlanningTests testContradictoryOperationIdentityFailsBeforeCommit]' started.
Test Case '-[MyRAMTests.SyncConvergencePlanningTests testContradictoryOperationIdentityFailsBeforeCommit]' passed (0.001 seconds).
Test Case '-[MyRAMTests.SyncConvergencePlanningTests testContradictoryTitleWinnerAuthorityFailsBeforeCommit]' started.
Test Case '-[MyRAMTests.SyncConvergencePlanningTests testContradictoryTitleWinnerAuthorityFailsBeforeCommit]' passed (0.046 seconds).
Test Case '-[MyRAMTests.SyncConvergencePlanningTests testCorruptRetainedOperationResultFailsBeforeCommit]' started.
Test Case '-[MyRAMTests.SyncConvergencePlanningTests testCorruptRetainedOperationResultFailsBeforeCommit]' passed (0.001 seconds).
Test Case '-[MyRAMTests.SyncConvergencePlanningTests testCreationPlanningDoesNotRequireExistingProjectedNote]' started.
Test Case '-[MyRAMTests.SyncConvergencePlanningTests testCreationPlanningDoesNotRequireExistingProjectedNote]' passed (0.002 seconds).
Test Case '-[MyRAMTests.SyncConvergencePlanningTests testCycleAndDuplicateResultOperationsDoNotReExploreBodies]' started.
Test Case '-[MyRAMTests.SyncConvergencePlanningTests testCycleAndDuplicateResultOperationsDoNotReExploreBodies]' passed (0.005 seconds).
Test Case '-[MyRAMTests.SyncConvergencePlanningTests testDisjointNoteSelectionIsIndependentOfQueueEnumerationOrder]' started.
Test Case '-[MyRAMTests.SyncConvergencePlanningTests testDisjointNoteSelectionIsIndependentOfQueueEnumerationOrder]' passed (0.001 seconds).
Test Case '-[MyRAMTests.SyncConvergencePlanningTests testEarlierMultiNoteEvidenceBatchBlocksItsOtherNotes]' started.
Test Case '-[MyRAMTests.SyncConvergencePlanningTests testEarlierMultiNoteEvidenceBatchBlocksItsOtherNotes]' passed (0.002 seconds).
Test Case '-[MyRAMTests.SyncConvergencePlanningTests testEarlierMultiNoteQueuedBatchIsNotPartiallyConsumedAsUnionEvidence]' started.
Test Case '-[MyRAMTests.SyncConvergencePlanningTests testEarlierMultiNoteQueuedBatchIsNotPartiallyConsumedAsUnionEvidence]' passed (0.002 seconds).
Test Case '-[MyRAMTests.SyncConvergencePlanningTests testExplicitCandidateQueuePositionLimitsEvidenceToEarlierBatches]' started.
Test Case '-[MyRAMTests.SyncConvergencePlanningTests testExplicitCandidateQueuePositionLimitsEvidenceToEarlierBatches]' passed (0.001 seconds).
Test Case '-[MyRAMTests.SyncConvergencePlanningTests testHistoryHardOverflowDefersBeforePlan]' started.
Test Case '-[MyRAMTests.SyncConvergencePlanningTests testHistoryHardOverflowDefersBeforePlan]' passed (0.093 seconds).
Test Case '-[MyRAMTests.SyncConvergencePlanningTests testIdenticalPreviouslyIncorporatedBatchReturnsCleanupPlan]' started.
Test Case '-[MyRAMTests.SyncConvergencePlanningTests testIdenticalPreviouslyIncorporatedBatchReturnsCleanupPlan]' passed (0.001 seconds).
Test Case '-[MyRAMTests.SyncConvergencePlanningTests testLaterQueuedSameNoteSuccessorIsBlockedFromEvidenceSelection]' started.
Test Case '-[MyRAMTests.SyncConvergencePlanningTests testLaterQueuedSameNoteSuccessorIsBlockedFromEvidenceSelection]' passed (0.001 seconds).
Test Case '-[MyRAMTests.SyncConvergencePlanningTests testLegacyPositionalEffectPreservesExpectedTextNoop]' started.
Test Case '-[MyRAMTests.SyncConvergencePlanningTests testLegacyPositionalEffectPreservesExpectedTextNoop]' passed (0.001 seconds).
Test Case '-[MyRAMTests.SyncConvergencePlanningTests testLifecycleDivergencePreservesLiveNoteWithoutBlockingPlan]' started.
Test Case '-[MyRAMTests.SyncConvergencePlanningTests testLifecycleDivergencePreservesLiveNoteWithoutBlockingPlan]' passed (0.001 seconds).
Test Case '-[MyRAMTests.SyncConvergencePlanningTests testLifecycleForMissingNoteIsConsumedWithoutBlockingPlan]' started.
Test Case '-[MyRAMTests.SyncConvergencePlanningTests testLifecycleForMissingNoteIsConsumedWithoutBlockingPlan]' passed (0.001 seconds).
Test Case '-[MyRAMTests.SyncConvergencePlanningTests testMalformedRetainedReplayKeyFailsAsCorruptHistoryWithoutFallbackOrdering]' started.
Test Case '-[MyRAMTests.SyncConvergencePlanningTests testMalformedRetainedReplayKeyFailsAsCorruptHistoryWithoutFallbackOrdering]' passed (0.003 seconds).
Test Case '-[MyRAMTests.SyncConvergencePlanningTests testMissingHistoricalBaseDefersAsUnreconstructableBase]' started.
Test Case '-[MyRAMTests.SyncConvergencePlanningTests testMissingHistoricalBaseDefersAsUnreconstructableBase]' passed (0.181 seconds).
Test Case '-[MyRAMTests.SyncConvergencePlanningTests testMixedRetainedAndExecutableBodyOperationsRouteIncrementalWithOnlyNewWork]' started.
Test Case '-[MyRAMTests.SyncConvergencePlanningTests testMixedRetainedAndExecutableBodyOperationsRouteIncrementalWithOnlyNewWork]' passed (0.002 seconds).
Test Case '-[MyRAMTests.SyncConvergencePlanningTests testNilBaseRetainedOperationWithoutEvidenceIsNeverGuessedIntoChain]' started.
Test Case '-[MyRAMTests.SyncConvergencePlanningTests testNilBaseRetainedOperationWithoutEvidenceIsNeverGuessedIntoChain]' passed (0.002 seconds).
Test Case '-[MyRAMTests.SyncConvergencePlanningTests testNilBaseRetainedOperationWithResultHashReconstructsChain]' started.
Test Case '-[MyRAMTests.SyncConvergencePlanningTests testNilBaseRetainedOperationWithResultHashReconstructsChain]' passed (0.002 seconds).
Test Case '-[MyRAMTests.SyncConvergencePlanningTests testPlanningSuccessReturnsPlannedOutcome]' started.
Test Case '-[MyRAMTests.SyncConvergencePlanningTests testPlanningSuccessReturnsPlannedOutcome]' passed (0.002 seconds).
Test Case '-[MyRAMTests.SyncConvergencePlanningTests testProjectedNoteEffectKindMembershipRejectsInvalidSets]' started.
Test Case '-[MyRAMTests.SyncConvergencePlanningTests testProjectedNoteEffectKindMembershipRejectsInvalidSets]' passed (0.001 seconds).
Test Case '-[MyRAMTests.SyncConvergencePlanningTests testProjectedNoteEffectV1GoldenVectorPreservesMainContract]' started.
Test Case '-[MyRAMTests.SyncConvergencePlanningTests testProjectedNoteEffectV1GoldenVectorPreservesMainContract]' passed (0.028 seconds).
Test Case '-[MyRAMTests.SyncConvergencePlanningTests testProjectedNoteEffectV1IsKindPermutationIndependent]' started.
Test Case '-[MyRAMTests.SyncConvergencePlanningTests testProjectedNoteEffectV1IsKindPermutationIndependent]' passed (0.001 seconds).
Test Case '-[MyRAMTests.SyncConvergencePlanningTests testProjectedNoteEffectV1MultiEffectPermutationIndependence]' started.
Test Case '-[MyRAMTests.SyncConvergencePlanningTests testProjectedNoteEffectV1MultiEffectPermutationIndependence]' passed (0.001 seconds).
Test Case '-[MyRAMTests.SyncConvergencePlanningTests testQueuedSameNoteEvidenceParticipatesInConflictUnion]' started.
Test Case '-[MyRAMTests.SyncConvergencePlanningTests testQueuedSameNoteEvidenceParticipatesInConflictUnion]' passed (0.002 seconds).
Test Case '-[MyRAMTests.SyncConvergencePlanningTests testReconstructedConflictDroppingUnprovenTextReturnsUnprovenTextLoss]' started.
Test Case '-[MyRAMTests.SyncConvergencePlanningTests testReconstructedConflictDroppingUnprovenTextReturnsUnprovenTextLoss]' passed (0.002 seconds).
Test Case '-[MyRAMTests.SyncConvergencePlanningTests testReconstructedConflictUsesDeleteEvidenceForWholeNoteRouting]' started.
Test Case '-[MyRAMTests.SyncConvergencePlanningTests testReconstructedConflictUsesDeleteEvidenceForWholeNoteRouting]' passed (0.002 seconds).
Test Case '-[MyRAMTests.SyncConvergencePlanningTests testReconstructionFromRetainedOperationDoesNotReplayConsumedHistoryTwice]' started.
Test Case '-[MyRAMTests.SyncConvergencePlanningTests testReconstructionFromRetainedOperationDoesNotReplayConsumedHistoryTwice]' passed (0.002 seconds).
Test Case '-[MyRAMTests.SyncConvergencePlanningTests testReconstructionStressWithHundredsOfNilBaseCandidatesCompletesBounded]' started.
Test Case '-[MyRAMTests.SyncConvergencePlanningTests testReconstructionStressWithHundredsOfNilBaseCandidatesCompletesBounded]' passed (6.668 seconds).
Test Case '-[MyRAMTests.SyncConvergencePlanningTests testRetainedChainInvalidRangeFailsAsCorruptHistory]' started.
Test Case '-[MyRAMTests.SyncConvergencePlanningTests testRetainedChainInvalidRangeFailsAsCorruptHistory]' passed (0.001 seconds).
Test Case '-[MyRAMTests.SyncConvergencePlanningTests testRetainedIdentityContradictionFailsClosed]' started.
Test Case '-[MyRAMTests.SyncConvergencePlanningTests testRetainedIdentityContradictionFailsClosed]' passed (0.001 seconds).
Test Case '-[MyRAMTests.SyncConvergencePlanningTests testRetainedIdentityIdempotencyPreventsDoubleApplication]' started.
Test Case '-[MyRAMTests.SyncConvergencePlanningTests testRetainedIdentityIdempotencyPreventsDoubleApplication]' passed (0.001 seconds).
Test Case '-[MyRAMTests.SyncConvergencePlanningTests testSameBatchChainedOperationsSurviveReconstructedConflict]' started.
Test Case '-[MyRAMTests.SyncConvergencePlanningTests testSameBatchChainedOperationsSurviveReconstructedConflict]' passed (0.002 seconds).
Test Case '-[MyRAMTests.SyncConvergencePlanningTests testSoftHistoryPressureDefersNewEvidenceGrowth]' started.
Test Case '-[MyRAMTests.SyncConvergencePlanningTests testSoftHistoryPressureDefersNewEvidenceGrowth]' passed (0.001 seconds).
Test Case '-[MyRAMTests.SyncConvergencePlanningTests testTitleHigherCanonicalKeyWinsAndLowerKeyIsIgnored]' started.
Test Case '-[MyRAMTests.SyncConvergencePlanningTests testTitleHigherCanonicalKeyWinsAndLowerKeyIsIgnored]' passed (0.001 seconds).
Test Case '-[MyRAMTests.SyncConvergencePlanningTests testTwoBodyOperationsInOneBatchProduceOneCompleteEffectAndOneBodyEvidence]' started.
Test Case '-[MyRAMTests.SyncConvergencePlanningTests testTwoBodyOperationsInOneBatchProduceOneCompleteEffectAndOneBodyEvidence]' passed (0.002 seconds).
Test Case '-[MyRAMTests.SyncConvergencePlanningTests testTwoRetainedConcurrentCandidatesDoNotCorruptMergedReplay]' started.
Test Case '-[MyRAMTests.SyncConvergencePlanningTests testTwoRetainedConcurrentCandidatesDoNotCorruptMergedReplay]' passed (0.002 seconds).
Test Case '-[MyRAMTests.SyncConvergencePlanningTests testUnencodablePlannedOperationAccountingFailsClosed]' started.
Test Case '-[MyRAMTests.SyncConvergencePlanningTests testUnencodablePlannedOperationAccountingFailsClosed]' passed (0.001 seconds).
Test Case '-[MyRAMTests.SyncConvergencePlanningTests testUnknownHashedBodyDefersWithRealDeclaredHash]' started.
Test Case '-[MyRAMTests.SyncConvergencePlanningTests testUnknownHashedBodyDefersWithRealDeclaredHash]' passed (0.001 seconds).
Test Case '-[MyRAMTests.SyncConvergencePlanningTests testUnknownTitleAndLegacyBodyProduceCompatibilityNoops]' started.
Test Case '-[MyRAMTests.SyncConvergencePlanningTests testUnknownTitleAndLegacyBodyProduceCompatibilityNoops]' passed (0.001 seconds).
Test Case '-[MyRAMTests.SyncConvergencePlanningTests testUnrelatedNilBaseRetainedBranchDoesNotBlockValidReconstruction]' started.
Test Case '-[MyRAMTests.SyncConvergencePlanningTests testUnrelatedNilBaseRetainedBranchDoesNotBlockValidReconstruction]' passed (0.002 seconds).
Test Case '-[MyRAMTests.SyncConvergencePlanningTests testUnsupportedReconciliationDefersBatch]' started.
Test Case '-[MyRAMTests.SyncConvergencePlanningTests testUnsupportedReconciliationDefersBatch]' passed (0.001 seconds).
Test Case '-[MyRAMTests.SyncConvergencePlanningTests testUnsupportedStoredDigestFormatFailsBeforeCommit]' started.
Test Case '-[MyRAMTests.SyncConvergencePlanningTests testUnsupportedStoredDigestFormatFailsBeforeCommit]' passed (0.001 seconds).
Test Case '-[MyRAMTests.SyncConvergencePlanningTests testValidatorRejectsMissingSourceOperationBlockedSuccessorRoutingAndHistoryMismatch]' started.
Test Case '-[MyRAMTests.SyncConvergencePlanningTests testValidatorRejectsMissingSourceOperationBlockedSuccessorRoutingAndHistoryMismatch]' passed (0.003 seconds).
Test Suite 'SyncConvergencePlanningTests' passed at 2026-08-04 15:34:00.994.
	 Executed 61 tests, with 0 failures (0 unexpected) in 7.221 (21.748) seconds
Test Suite 'MyRAMTests.xctest' passed at 2026-08-04 15:34:00.996.
	 Executed 61 tests, with 0 failures (0 unexpected) in 7.221 (21.750) seconds
Test Suite 'Selected tests' passed at 2026-08-04 15:34:00.996.
	 Executed 61 tests, with 0 failures (0 unexpected) in 7.221 (21.753) seconds
2026-08-04 15:34:04.323 xcodebuild[1871:8982] [MT] IDETestOperationsObserverDebug: 166.665 elapsed -- Testing started completed.
2026-08-04 15:34:04.323 xcodebuild[1871:8982] [MT] IDETestOperationsObserverDebug: 0.000 sec, +0.000 sec -- start
2026-08-04 15:34:04.323 xcodebuild[1871:8982] [MT] IDETestOperationsObserverDebug: 166.665 sec, +166.665 sec -- end

Test session results, code coverage, and logs:
	/tmp/MYR175-Classify-Candidate-iOS/Logs/Test/Test-MyRAM-2026.08.04_15-30-08-+0000.xcresult

** TEST SUCCEEDED **

Testing started
