Command line invocation:
    /Applications/Xcode_26.5.app/Contents/Developer/usr/bin/xcodebuild -project MyRAM.xcodeproj -scheme MyRAM -destination "platform=iOS Simulator,id=FC5FEF2A-E933-4515-AAEF-C9FC16651D0B" -destination-timeout 180 -parallel-testing-enabled NO -derivedDataPath /tmp/MYR175-AppClosure-iOS-DD CODE_SIGNING_ALLOWED=NO CODE_SIGNING_REQUIRED=NO CODE_SIGN_IDENTITY= test "-skip-testing:MyRAMUITests"

Build settings from command line:
    CODE_SIGN_IDENTITY = 
    CODE_SIGNING_ALLOWED = NO
    CODE_SIGNING_REQUIRED = NO

Resolve Package Graph


Resolved source packages:
  NearbySyncCore: /Users/runner/work/MyRAM-iOS/MyRAM-iOS/NearbySyncCore @ local
  AnchoredSequenceCore: /Users/runner/work/MyRAM-iOS/MyRAM-iOS/MyRAM-iOS/Packages/AnchoredSequenceCore @ local

--- xcodebuild: WARNING: Using the first of multiple matching destinations:
{ platform:iOS Simulator, arch:arm64, id:FC5FEF2A-E933-4515-AAEF-C9FC16651D0B, OS:26.5, name:iPhone 17 }
{ platform:iOS Simulator, arch:x86_64, id:FC5FEF2A-E933-4515-AAEF-C9FC16651D0B, OS:26.5, name:iPhone 17 }
note: Using codesigning identity override: 
ComputePackagePrebuildTargetDependencyGraph

Prepare packages

CreateBuildRequest

SendProjectDescription

CreateBuildOperation

ComputeTargetDependencyGraph
note: Building targets in dependency order
note: Target dependency graph (8 targets)
    Target 'MyRAMUITests' in project 'MyRAM'
        ➜ Explicit dependency on target 'MyRAM' in project 'MyRAM'
    Target 'MyRAMTests' in project 'MyRAM'
        ➜ Explicit dependency on target 'MyRAM' in project 'MyRAM'
        ➜ Explicit dependency on target 'AnchoredSequenceCore' in project 'AnchoredSequenceCore'
    Target 'MyRAM' in project 'MyRAM'
        ➜ Explicit dependency on target 'MyRAMWidgetExtension' in project 'MyRAM'
        ➜ Explicit dependency on target 'NearbySyncCore' in project 'NearbySyncCore'
        ➜ Explicit dependency on target 'AnchoredSequenceCore' in project 'AnchoredSequenceCore'
    Target 'AnchoredSequenceCore' in project 'AnchoredSequenceCore'
        ➜ Explicit dependency on target 'AnchoredSequenceCore' in project 'AnchoredSequenceCore'
    Target 'AnchoredSequenceCore' in project 'AnchoredSequenceCore' (no dependencies)
    Target 'NearbySyncCore' in project 'NearbySyncCore'
        ➜ Explicit dependency on target 'NearbySyncCore' in project 'NearbySyncCore'
    Target 'NearbySyncCore' in project 'NearbySyncCore' (no dependencies)
    Target 'MyRAMWidgetExtension' in project 'MyRAM' (no dependencies)

GatherProvisioningInputs

CreateBuildDescription

ExecuteExternalTool /Applications/Xcode_26.5.app/Contents/Developer/Toolchains/XcodeDefault.xctoolchain/usr/bin/swiftc --version

ExecuteExternalTool /Applications/Xcode_26.5.app/Contents/Developer/usr/bin/actool --version --output-format xml1

ExecuteExternalTool /Applications/Xcode_26.5.app/Contents/Developer/usr/bin/actool --print-asset-tag-combinations --output-format xml1 /Users/runner/work/MyRAM-iOS/MyRAM-iOS/MyRAM-iOS/MyRAM/Preview Content/Preview Assets.xcassets /Users/runner/work/MyRAM-iOS/MyRAM-iOS/MyRAM-iOS/MyRAM/Assets.xcassets

ExecuteExternalTool /Applications/Xcode_26.5.app/Contents/Developer/Toolchains/XcodeDefault.xctoolchain/usr/bin/ld -version_details

ExecuteExternalTool /Applications/Xcode_26.5.app/Contents/Developer/Toolchains/XcodeDefault.xctoolchain/usr/bin/clang -v -E -dM -isysroot /Applications/Xcode_26.5.app/Contents/Developer/Platforms/iPhoneSimulator.platform/Developer/SDKs/iPhoneSimulator26.5.sdk -x c -c /dev/null

Build description signature: 7498821bc8dae33a0ab68d7e9c70401a
Build description path: /tmp/MYR175-AppClosure-iOS-DD/Build/Intermediates.noindex/XCBuildData/7498821bc8dae33a0ab68d7e9c70401a.xcbuilddata
ClangStatCache /Applications/Xcode_26.5.app/Contents/Developer/Toolchains/XcodeDefault.xctoolchain/usr/bin/clang-stat-cache /Applications/Xcode_26.5.app/Contents/Developer/Platforms/iPhoneSimulator.platform/Developer/SDKs/iPhoneSimulator26.5.sdk /tmp/MYR175-AppClosure-iOS-DD/SDKStatCaches.noindex/iphonesimulator26.5-23F73-688ef53f1462e2c8f657fdc38a81448ffb7d586738ff35573a713a18216ade27.sdkstatcache
    cd /Users/runner/work/MyRAM-iOS/MyRAM-iOS/MyRAM-iOS/MyRAM.xcodeproj
    /Applications/Xcode_26.5.app/Contents/Developer/Toolchains/XcodeDefault.xctoolchain/usr/bin/clang-stat-cache /Applications/Xcode_26.5.app/Contents/Developer/Platforms/iPhoneSimulator.platform/Developer/SDKs/iPhoneSimulator26.5.sdk -o /tmp/MYR175-AppClosure-iOS-DD/SDKStatCaches.noindex/iphonesimulator26.5-23F73-688ef53f1462e2c8f657fdc38a81448ffb7d586738ff35573a713a18216ade27.sdkstatcache

CreateBuildDirectory /tmp/MYR175-AppClosure-iOS-DD/Build/Products
    cd /Users/runner/work/MyRAM-iOS/MyRAM-iOS/MyRAM-iOS/MyRAM.xcodeproj
    builtin-create-build-directory /tmp/MYR175-AppClosure-iOS-DD/Build/Products

CreateBuildDirectory /tmp/MYR175-AppClosure-iOS-DD/Build/Intermediates.noindex
    cd /Users/runner/work/MyRAM-iOS/MyRAM-iOS/MyRAM-iOS/MyRAM.xcodeproj
    builtin-create-build-directory /tmp/MYR175-AppClosure-iOS-DD/Build/Intermediates.noindex

CreateBuildDirectory /tmp/MYR175-AppClosure-iOS-DD/Build/Products/Debug-iphonesimulator
    cd /Users/runner/work/MyRAM-iOS/MyRAM-iOS/MyRAM-iOS/MyRAM.xcodeproj
    builtin-create-build-directory /tmp/MYR175-AppClosure-iOS-DD/Build/Products/Debug-iphonesimulator

WriteAuxiliaryFile /tmp/MYR175-AppClosure-iOS-DD/Build/Intermediates.noindex/MyRAM.build/Debug-iphonesimulator/MyRAM-98a9cbde253e8e955bc92731eb290203-VFS-iphonesimulator/all-product-headers.yaml
    cd /Users/runner/work/MyRAM-iOS/MyRAM-iOS/MyRAM-iOS/MyRAM.xcodeproj
    write-file /tmp/MYR175-AppClosure-iOS-DD/Build/Intermediates.noindex/MyRAM.build/Debug-iphonesimulator/MyRAM-98a9cbde253e8e955bc92731eb290203-VFS-iphonesimulator/all-product-headers.yaml

CreateBuildDirectory /tmp/MYR175-AppClosure-iOS-DD/Build/Intermediates.noindex/SwiftExplicitPrecompiledModules
    cd /Users/runner/work/MyRAM-iOS/MyRAM-iOS/MyRAM-iOS/MyRAM.xcodeproj
    builtin-create-build-directory /tmp/MYR175-AppClosure-iOS-DD/Build/Intermediates.noindex/SwiftExplicitPrecompiledModules

CreateBuildDirectory /tmp/MYR175-AppClosure-iOS-DD/Build/Intermediates.noindex/ExplicitPrecompiledModules
    cd /Users/runner/work/MyRAM-iOS/MyRAM-iOS/MyRAM-iOS/MyRAM.xcodeproj
    builtin-create-build-directory /tmp/MYR175-AppClosure-iOS-DD/Build/Intermediates.noindex/ExplicitPrecompiledModules

CreateBuildDirectory /tmp/MYR175-AppClosure-iOS-DD/Build/Intermediates.noindex/EagerLinkingTBDs/Debug-iphonesimulator
    cd /Users/runner/work/MyRAM-iOS/MyRAM-iOS/MyRAM-iOS/MyRAM.xcodeproj
    builtin-create-build-directory /tmp/MYR175-AppClosure-iOS-DD/Build/Intermediates.noindex/EagerLinkingTBDs/Debug-iphonesimulator

CreateBuildDirectory /tmp/MYR175-AppClosure-iOS-DD/Build/Products/Debug-iphonesimulator/PackageFrameworks
    cd /Users/runner/work/MyRAM-iOS/MyRAM-iOS/MyRAM-iOS/MyRAM.xcodeproj
    builtin-create-build-directory /tmp/MYR175-AppClosure-iOS-DD/Build/Products/Debug-iphonesimulator/PackageFrameworks

WriteAuxiliaryFile /tmp/MYR175-AppClosure-iOS-DD/Build/Intermediates.noindex/NearbySyncCore.build/Debug-iphonesimulator/NearbySyncCore.build/Objects-normal/arm64/NearbySyncCore_const_extract_protocols.json (in target 'NearbySyncCore' from project 'NearbySyncCore')
    cd /Users/runner/work/MyRAM-iOS/MyRAM-iOS/NearbySyncCore
    write-file /tmp/MYR175-AppClosure-iOS-DD/Build/Intermediates.noindex/NearbySyncCore.build/Debug-iphonesimulator/NearbySyncCore.build/Objects-normal/arm64/NearbySyncCore_const_extract_protocols.json

WriteAuxiliaryFile /tmp/MYR175-AppClosure-iOS-DD/Build/Intermediates.noindex/NearbySyncCore.build/Debug-iphonesimulator/NearbySyncCore.build/Objects-normal/arm64/NearbySyncCore.SwiftFileList (in target 'NearbySyncCore' from project 'NearbySyncCore')
    cd /Users/runner/work/MyRAM-iOS/MyRAM-iOS/NearbySyncCore
    write-file /tmp/MYR175-AppClosure-iOS-DD/Build/Intermediates.noindex/NearbySyncCore.build/Debug-iphonesimulator/NearbySyncCore.build/Objects-normal/arm64/NearbySyncCore.SwiftFileList

WriteAuxiliaryFile /tmp/MYR175-AppClosure-iOS-DD/Build/Intermediates.noindex/NearbySyncCore.build/Debug-iphonesimulator/NearbySyncCore.build/Objects-normal/arm64/NearbySyncCore.SwiftConstValuesFileList (in target 'NearbySyncCore' from project 'NearbySyncCore')
    cd /Users/runner/work/MyRAM-iOS/MyRAM-iOS/NearbySyncCore
    write-file /tmp/MYR175-AppClosure-iOS-DD/Build/Intermediates.noindex/NearbySyncCore.build/Debug-iphonesimulator/NearbySyncCore.build/Objects-normal/arm64/NearbySyncCore.SwiftConstValuesFileList

WriteAuxiliaryFile /tmp/MYR175-AppClosure-iOS-DD/Build/Intermediates.noindex/NearbySyncCore.build/Debug-iphonesimulator/NearbySyncCore.build/Objects-normal/arm64/NearbySyncCore.LinkFileList (in target 'NearbySyncCore' from project 'NearbySyncCore')
    cd /Users/runner/work/MyRAM-iOS/MyRAM-iOS/NearbySyncCore
    write-file /tmp/MYR175-AppClosure-iOS-DD/Build/Intermediates.noindex/NearbySyncCore.build/Debug-iphonesimulator/NearbySyncCore.build/Objects-normal/arm64/NearbySyncCore.LinkFileList

WriteAuxiliaryFile /tmp/MYR175-AppClosure-iOS-DD/Build/Intermediates.noindex/NearbySyncCore.build/Debug-iphonesimulator/NearbySyncCore.build/Objects-normal/arm64/NearbySyncCore-OutputFileMap.json (in target 'NearbySyncCore' from project 'NearbySyncCore')
    cd /Users/runner/work/MyRAM-iOS/MyRAM-iOS/NearbySyncCore
    write-file /tmp/MYR175-AppClosure-iOS-DD/Build/Intermediates.noindex/NearbySyncCore.build/Debug-iphonesimulator/NearbySyncCore.build/Objects-normal/arm64/NearbySyncCore-OutputFileMap.json

WriteAuxiliaryFile /tmp/MYR175-AppClosure-iOS-DD/Build/Intermediates.noindex/NearbySyncCore.build/Debug-iphonesimulator/NearbySyncCore.build/NearbySyncCore.modulemap (in target 'NearbySyncCore' from project 'NearbySyncCore')
    cd /Users/runner/work/MyRAM-iOS/MyRAM-iOS/NearbySyncCore
    write-file /tmp/MYR175-AppClosure-iOS-DD/Build/Intermediates.noindex/NearbySyncCore.build/Debug-iphonesimulator/NearbySyncCore.build/NearbySyncCore.modulemap

WriteAuxiliaryFile /tmp/MYR175-AppClosure-iOS-DD/Build/Intermediates.noindex/NearbySyncCore.build/Debug-iphonesimulator/NearbySyncCore.build/NearbySyncCore.DependencyStaticMetadataFileList (in target 'NearbySyncCore' from project 'NearbySyncCore')
    cd /Users/runner/work/MyRAM-iOS/MyRAM-iOS/NearbySyncCore
    write-file /tmp/MYR175-AppClosure-iOS-DD/Build/Intermediates.noindex/NearbySyncCore.build/Debug-iphonesimulator/NearbySyncCore.build/NearbySyncCore.DependencyStaticMetadataFileList

WriteAuxiliaryFile /tmp/MYR175-AppClosure-iOS-DD/Build/Intermediates.noindex/NearbySyncCore.build/Debug-iphonesimulator/NearbySyncCore.build/NearbySyncCore.DependencyMetadataFileList (in target 'NearbySyncCore' from project 'NearbySyncCore')
    cd /Users/runner/work/MyRAM-iOS/MyRAM-iOS/NearbySyncCore
    write-file /tmp/MYR175-AppClosure-iOS-DD/Build/Intermediates.noindex/NearbySyncCore.build/Debug-iphonesimulator/NearbySyncCore.build/NearbySyncCore.DependencyMetadataFileList

Copy /tmp/MYR175-AppClosure-iOS-DD/Build/Intermediates.noindex/GeneratedModuleMaps-iphonesimulator/NearbySyncCore.modulemap /tmp/MYR175-AppClosure-iOS-DD/Build/Intermediates.noindex/NearbySyncCore.build/Debug-iphonesimulator/NearbySyncCore.build/NearbySyncCore.modulemap (in target 'NearbySyncCore' from project 'NearbySyncCore')
    cd /Users/runner/work/MyRAM-iOS/MyRAM-iOS/NearbySyncCore
    builtin-copy -exclude .DS_Store -exclude CVS -exclude .svn -exclude .git -exclude .hg -resolve-src-symlinks /tmp/MYR175-AppClosure-iOS-DD/Build/Intermediates.noindex/NearbySyncCore.build/Debug-iphonesimulator/NearbySyncCore.build/NearbySyncCore.modulemap /tmp/MYR175-AppClosure-iOS-DD/Build/Intermediates.noindex/GeneratedModuleMaps-iphonesimulator

WriteAuxiliaryFile /tmp/MYR175-AppClosure-iOS-DD/Build/Intermediates.noindex/MyRAM.build/Debug-iphonesimulator/MyRAMWidgetExtension.build/Objects-normal/arm64/MyRAMWidgetExtension_const_extract_protocols.json (in target 'MyRAMWidgetExtension' from project 'MyRAM')
    cd /Users/runner/work/MyRAM-iOS/MyRAM-iOS/MyRAM-iOS
    write-file /tmp/MYR175-AppClosure-iOS-DD/Build/Intermediates.noindex/MyRAM.build/Debug-iphonesimulator/MyRAMWidgetExtension.build/Objects-normal/arm64/MyRAMWidgetExtension_const_extract_protocols.json

WriteAuxiliaryFile /tmp/MYR175-AppClosure-iOS-DD/Build/Intermediates.noindex/MyRAM.build/Debug-iphonesimulator/MyRAMWidgetExtension.build/Objects-normal/arm64/MyRAMWidgetExtension.SwiftFileList (in target 'MyRAMWidgetExtension' from project 'MyRAM')
    cd /Users/runner/work/MyRAM-iOS/MyRAM-iOS/MyRAM-iOS
    write-file /tmp/MYR175-AppClosure-iOS-DD/Build/Intermediates.noindex/MyRAM.build/Debug-iphonesimulator/MyRAMWidgetExtension.build/Objects-normal/arm64/MyRAMWidgetExtension.SwiftFileList

WriteAuxiliaryFile /tmp/MYR175-AppClosure-iOS-DD/Build/Intermediates.noindex/MyRAM.build/Debug-iphonesimulator/MyRAMWidgetExtension.build/Objects-normal/arm64/MyRAMWidgetExtension.SwiftConstValuesFileList (in target 'MyRAMWidgetExtension' from project 'MyRAM')
    cd /Users/runner/work/MyRAM-iOS/MyRAM-iOS/MyRAM-iOS
    write-file /tmp/MYR175-AppClosure-iOS-DD/Build/Intermediates.noindex/MyRAM.build/Debug-iphonesimulator/MyRAMWidgetExtension.build/Objects-normal/arm64/MyRAMWidgetExtension.SwiftConstValuesFileList

WriteAuxiliaryFile /tmp/MYR175-AppClosure-iOS-DD/Build/Intermediates.noindex/MyRAM.build/Debug-iphonesimulator/MyRAMWidgetExtension.build/Objects-normal/arm64/MyRAMWidgetExtension.LinkFileList (in target 'MyRAMWidgetExtension' from project 'MyRAM')
    cd /Users/runner/work/MyRAM-iOS/MyRAM-iOS/MyRAM-iOS
    write-file /tmp/MYR175-AppClosure-iOS-DD/Build/Intermediates.noindex/MyRAM.build/Debug-iphonesimulator/MyRAMWidgetExtension.build/Objects-normal/arm64/MyRAMWidgetExtension.LinkFileList

WriteAuxiliaryFile /tmp/MYR175-AppClosure-iOS-DD/Build/Intermediates.noindex/MyRAM.build/Debug-iphonesimulator/MyRAMWidgetExtension.build/Objects-normal/arm64/MyRAMWidgetExtension-OutputFileMap.json (in target 'MyRAMWidgetExtension' from project 'MyRAM')
    cd /Users/runner/work/MyRAM-iOS/MyRAM-iOS/MyRAM-iOS
    write-file /tmp/MYR175-AppClosure-iOS-DD/Build/Intermediates.noindex/MyRAM.build/Debug-iphonesimulator/MyRAMWidgetExtension.build/Objects-normal/arm64/MyRAMWidgetExtension-OutputFileMap.json

WriteAuxiliaryFile /tmp/MYR175-AppClosure-iOS-DD/Build/Intermediates.noindex/MyRAM.build/Debug-iphonesimulator/MyRAMWidgetExtension.build/MyRAMWidgetExtension.hmap (in target 'MyRAMWidgetExtension' from project 'MyRAM')
    cd /Users/runner/work/MyRAM-iOS/MyRAM-iOS/MyRAM-iOS
    write-file /tmp/MYR175-AppClosure-iOS-DD/Build/Intermediates.noindex/MyRAM.build/Debug-iphonesimulator/MyRAMWidgetExtension.build/MyRAMWidgetExtension.hmap

WriteAuxiliaryFile /tmp/MYR175-AppClosure-iOS-DD/Build/Intermediates.noindex/MyRAM.build/Debug-iphonesimulator/MyRAMWidgetExtension.build/MyRAMWidgetExtension.DependencyStaticMetadataFileList (in target 'MyRAMWidgetExtension' from project 'MyRAM')
    cd /Users/runner/work/MyRAM-iOS/MyRAM-iOS/MyRAM-iOS
    write-file /tmp/MYR175-AppClosure-iOS-DD/Build/Intermediates.noindex/MyRAM.build/Debug-iphonesimulator/MyRAMWidgetExtension.build/MyRAMWidgetExtension.DependencyStaticMetadataFileList

WriteAuxiliaryFile /tmp/MYR175-AppClosure-iOS-DD/Build/Intermediates.noindex/MyRAM.build/Debug-iphonesimulator/MyRAMWidgetExtension.build/MyRAMWidgetExtension.DependencyMetadataFileList (in target 'MyRAMWidgetExtension' from project 'MyRAM')
    cd /Users/runner/work/MyRAM-iOS/MyRAM-iOS/MyRAM-iOS
    write-file /tmp/MYR175-AppClosure-iOS-DD/Build/Intermediates.noindex/MyRAM.build/Debug-iphonesimulator/MyRAMWidgetExtension.build/MyRAMWidgetExtension.DependencyMetadataFileList

WriteAuxiliaryFile /tmp/MYR175-AppClosure-iOS-DD/Build/Intermediates.noindex/MyRAM.build/Debug-iphonesimulator/MyRAMWidgetExtension.build/MyRAMWidgetExtension-project-headers.hmap (in target 'MyRAMWidgetExtension' from project 'MyRAM')
    cd /Users/runner/work/MyRAM-iOS/MyRAM-iOS/MyRAM-iOS
    write-file /tmp/MYR175-AppClosure-iOS-DD/Build/Intermediates.noindex/MyRAM.build/Debug-iphonesimulator/MyRAMWidgetExtension.build/MyRAMWidgetExtension-project-headers.hmap

WriteAuxiliaryFile /tmp/MYR175-AppClosure-iOS-DD/Build/Intermediates.noindex/MyRAM.build/Debug-iphonesimulator/MyRAMWidgetExtension.build/MyRAMWidgetExtension-own-target-headers.hmap (in target 'MyRAMWidgetExtension' from project 'MyRAM')
    cd /Users/runner/work/MyRAM-iOS/MyRAM-iOS/MyRAM-iOS
    write-file /tmp/MYR175-AppClosure-iOS-DD/Build/Intermediates.noindex/MyRAM.build/Debug-iphonesimulator/MyRAMWidgetExtension.build/MyRAMWidgetExtension-own-target-headers.hmap

WriteAuxiliaryFile /tmp/MYR175-AppClosure-iOS-DD/Build/Intermediates.noindex/MyRAM.build/Debug-iphonesimulator/MyRAMWidgetExtension.build/MyRAMWidgetExtension-generated-files.hmap (in target 'MyRAMWidgetExtension' from project 'MyRAM')
    cd /Users/runner/work/MyRAM-iOS/MyRAM-iOS/MyRAM-iOS
    write-file /tmp/MYR175-AppClosure-iOS-DD/Build/Intermediates.noindex/MyRAM.build/Debug-iphonesimulator/MyRAMWidgetExtension.build/MyRAMWidgetExtension-generated-files.hmap

WriteAuxiliaryFile /tmp/MYR175-AppClosure-iOS-DD/Build/Intermediates.noindex/MyRAM.build/Debug-iphonesimulator/MyRAMWidgetExtension.build/MyRAMWidgetExtension-all-target-headers.hmap (in target 'MyRAMWidgetExtension' from project 'MyRAM')
    cd /Users/runner/work/MyRAM-iOS/MyRAM-iOS/MyRAM-iOS
    write-file /tmp/MYR175-AppClosure-iOS-DD/Build/Intermediates.noindex/MyRAM.build/Debug-iphonesimulator/MyRAMWidgetExtension.build/MyRAMWidgetExtension-all-target-headers.hmap

WriteAuxiliaryFile /tmp/MYR175-AppClosure-iOS-DD/Build/Intermediates.noindex/MyRAM.build/Debug-iphonesimulator/MyRAMWidgetExtension.build/MyRAMWidgetExtension-all-non-framework-target-headers.hmap (in target 'MyRAMWidgetExtension' from project 'MyRAM')
    cd /Users/runner/work/MyRAM-iOS/MyRAM-iOS/MyRAM-iOS
    write-file /tmp/MYR175-AppClosure-iOS-DD/Build/Intermediates.noindex/MyRAM.build/Debug-iphonesimulator/MyRAMWidgetExtension.build/MyRAMWidgetExtension-all-non-framework-target-headers.hmap

WriteAuxiliaryFile /tmp/MYR175-AppClosure-iOS-DD/Build/Intermediates.noindex/MyRAM.build/Debug-iphonesimulator/MyRAMWidgetExtension.build/MyRAMWidgetExtension-DebugEntryPoint-normal-arm64.txt (in target 'MyRAMWidgetExtension' from project 'MyRAM')
    cd /Users/runner/work/MyRAM-iOS/MyRAM-iOS/MyRAM-iOS
    write-file /tmp/MYR175-AppClosure-iOS-DD/Build/Intermediates.noindex/MyRAM.build/Debug-iphonesimulator/MyRAMWidgetExtension.build/MyRAMWidgetExtension-DebugEntryPoint-normal-arm64.txt

WriteAuxiliaryFile /tmp/MYR175-AppClosure-iOS-DD/Build/Intermediates.noindex/MyRAM.build/Debug-iphonesimulator/MyRAMWidgetExtension.build/MyRAMWidgetExtension-DebugDylibPath-normal-arm64.txt (in target 'MyRAMWidgetExtension' from project 'MyRAM')
    cd /Users/runner/work/MyRAM-iOS/MyRAM-iOS/MyRAM-iOS
    write-file /tmp/MYR175-AppClosure-iOS-DD/Build/Intermediates.noindex/MyRAM.build/Debug-iphonesimulator/MyRAMWidgetExtension.build/MyRAMWidgetExtension-DebugDylibPath-normal-arm64.txt

WriteAuxiliaryFile /tmp/MYR175-AppClosure-iOS-DD/Build/Intermediates.noindex/MyRAM.build/Debug-iphonesimulator/MyRAMWidgetExtension.build/MyRAMWidgetExtension-DebugDylibInstallName-normal-arm64.txt (in target 'MyRAMWidgetExtension' from project 'MyRAM')
    cd /Users/runner/work/MyRAM-iOS/MyRAM-iOS/MyRAM-iOS
    write-file /tmp/MYR175-AppClosure-iOS-DD/Build/Intermediates.noindex/MyRAM.build/Debug-iphonesimulator/MyRAMWidgetExtension.build/MyRAMWidgetExtension-DebugDylibInstallName-normal-arm64.txt

WriteAuxiliaryFile /tmp/MYR175-AppClosure-iOS-DD/Build/Intermediates.noindex/MyRAM.build/Debug-iphonesimulator/MyRAMUITests.build/empty-MyRAMUITests.plist (in target 'MyRAMUITests' from project 'MyRAM')
    cd /Users/runner/work/MyRAM-iOS/MyRAM-iOS/MyRAM-iOS
    write-file /tmp/MYR175-AppClosure-iOS-DD/Build/Intermediates.noindex/MyRAM.build/Debug-iphonesimulator/MyRAMUITests.build/empty-MyRAMUITests.plist

WriteAuxiliaryFile /tmp/MYR175-AppClosure-iOS-DD/Build/Intermediates.noindex/MyRAM.build/Debug-iphonesimulator/MyRAMUITests.build/ProductTypeInfoPlistAdditions.plist (in target 'MyRAMUITests' from project 'MyRAM')
    cd /Users/runner/work/MyRAM-iOS/MyRAM-iOS/MyRAM-iOS
    write-file /tmp/MYR175-AppClosure-iOS-DD/Build/Intermediates.noindex/MyRAM.build/Debug-iphonesimulator/MyRAMUITests.build/ProductTypeInfoPlistAdditions.plist

WriteAuxiliaryFile /tmp/MYR175-AppClosure-iOS-DD/Build/Intermediates.noindex/MyRAM.build/Debug-iphonesimulator/MyRAMUITests.build/Objects-normal/arm64/MyRAMUITests_const_extract_protocols.json (in target 'MyRAMUITests' from project 'MyRAM')
    cd /Users/runner/work/MyRAM-iOS/MyRAM-iOS/MyRAM-iOS
    write-file /tmp/MYR175-AppClosure-iOS-DD/Build/Intermediates.noindex/MyRAM.build/Debug-iphonesimulator/MyRAMUITests.build/Objects-normal/arm64/MyRAMUITests_const_extract_protocols.json

WriteAuxiliaryFile /tmp/MYR175-AppClosure-iOS-DD/Build/Intermediates.noindex/MyRAM.build/Debug-iphonesimulator/MyRAMUITests.build/Objects-normal/arm64/MyRAMUITests.SwiftFileList (in target 'MyRAMUITests' from project 'MyRAM')
    cd /Users/runner/work/MyRAM-iOS/MyRAM-iOS/MyRAM-iOS
    write-file /tmp/MYR175-AppClosure-iOS-DD/Build/Intermediates.noindex/MyRAM.build/Debug-iphonesimulator/MyRAMUITests.build/Objects-normal/arm64/MyRAMUITests.SwiftFileList

WriteAuxiliaryFile /tmp/MYR175-AppClosure-iOS-DD/Build/Intermediates.noindex/MyRAM.build/Debug-iphonesimulator/MyRAMUITests.build/Objects-normal/arm64/MyRAMUITests.SwiftConstValuesFileList (in target 'MyRAMUITests' from project 'MyRAM')
    cd /Users/runner/work/MyRAM-iOS/MyRAM-iOS/MyRAM-iOS
    write-file /tmp/MYR175-AppClosure-iOS-DD/Build/Intermediates.noindex/MyRAM.build/Debug-iphonesimulator/MyRAMUITests.build/Objects-normal/arm64/MyRAMUITests.SwiftConstValuesFileList

WriteAuxiliaryFile /tmp/MYR175-AppClosure-iOS-DD/Build/Intermediates.noindex/MyRAM.build/Debug-iphonesimulator/MyRAMUITests.build/Objects-normal/arm64/MyRAMUITests.LinkFileList (in target 'MyRAMUITests' from project 'MyRAM')
    cd /Users/runner/work/MyRAM-iOS/MyRAM-iOS/MyRAM-iOS
    write-file /tmp/MYR175-AppClosure-iOS-DD/Build/Intermediates.noindex/MyRAM.build/Debug-iphonesimulator/MyRAMUITests.build/Objects-normal/arm64/MyRAMUITests.LinkFileList

WriteAuxiliaryFile /tmp/MYR175-AppClosure-iOS-DD/Build/Intermediates.noindex/MyRAM.build/Debug-iphonesimulator/MyRAMUITests.build/Objects-normal/arm64/MyRAMUITests-OutputFileMap.json (in target 'MyRAMUITests' from project 'MyRAM')
    cd /Users/runner/work/MyRAM-iOS/MyRAM-iOS/MyRAM-iOS
    write-file /tmp/MYR175-AppClosure-iOS-DD/Build/Intermediates.noindex/MyRAM.build/Debug-iphonesimulator/MyRAMUITests.build/Objects-normal/arm64/MyRAMUITests-OutputFileMap.json

WriteAuxiliaryFile /tmp/MYR175-AppClosure-iOS-DD/Build/Intermediates.noindex/MyRAM.build/Debug-iphonesimulator/MyRAMUITests.build/MyRAMUITests.hmap (in target 'MyRAMUITests' from project 'MyRAM')
    cd /Users/runner/work/MyRAM-iOS/MyRAM-iOS/MyRAM-iOS
    write-file /tmp/MYR175-AppClosure-iOS-DD/Build/Intermediates.noindex/MyRAM.build/Debug-iphonesimulator/MyRAMUITests.build/MyRAMUITests.hmap

WriteAuxiliaryFile /tmp/MYR175-AppClosure-iOS-DD/Build/Intermediates.noindex/MyRAM.build/Debug-iphonesimulator/MyRAMUITests.build/MyRAMUITests.DependencyStaticMetadataFileList (in target 'MyRAMUITests' from project 'MyRAM')
    cd /Users/runner/work/MyRAM-iOS/MyRAM-iOS/MyRAM-iOS
    write-file /tmp/MYR175-AppClosure-iOS-DD/Build/Intermediates.noindex/MyRAM.build/Debug-iphonesimulator/MyRAMUITests.build/MyRAMUITests.DependencyStaticMetadataFileList

WriteAuxiliaryFile /tmp/MYR175-AppClosure-iOS-DD/Build/Intermediates.noindex/MyRAM.build/Debug-iphonesimulator/MyRAMUITests.build/MyRAMUITests.DependencyMetadataFileList (in target 'MyRAMUITests' from project 'MyRAM')
    cd /Users/runner/work/MyRAM-iOS/MyRAM-iOS/MyRAM-iOS
    write-file /tmp/MYR175-AppClosure-iOS-DD/Build/Intermediates.noindex/MyRAM.build/Debug-iphonesimulator/MyRAMUITests.build/MyRAMUITests.DependencyMetadataFileList

WriteAuxiliaryFile /tmp/MYR175-AppClosure-iOS-DD/Build/Intermediates.noindex/MyRAM.build/Debug-iphonesimulator/MyRAMUITests.build/MyRAMUITests-project-headers.hmap (in target 'MyRAMUITests' from project 'MyRAM')
    cd /Users/runner/work/MyRAM-iOS/MyRAM-iOS/MyRAM-iOS
    write-file /tmp/MYR175-AppClosure-iOS-DD/Build/Intermediates.noindex/MyRAM.build/Debug-iphonesimulator/MyRAMUITests.build/MyRAMUITests-project-headers.hmap

WriteAuxiliaryFile /tmp/MYR175-AppClosure-iOS-DD/Build/Intermediates.noindex/MyRAM.build/Debug-iphonesimulator/MyRAMUITests.build/MyRAMUITests-own-target-headers.hmap (in target 'MyRAMUITests' from project 'MyRAM')
    cd /Users/runner/work/MyRAM-iOS/MyRAM-iOS/MyRAM-iOS
    write-file /tmp/MYR175-AppClosure-iOS-DD/Build/Intermediates.noindex/MyRAM.build/Debug-iphonesimulator/MyRAMUITests.build/MyRAMUITests-own-target-headers.hmap

WriteAuxiliaryFile /tmp/MYR175-AppClosure-iOS-DD/Build/Intermediates.noindex/MyRAM.build/Debug-iphonesimulator/MyRAMUITests.build/MyRAMUITests-generated-files.hmap (in target 'MyRAMUITests' from project 'MyRAM')
    cd /Users/runner/work/MyRAM-iOS/MyRAM-iOS/MyRAM-iOS
    write-file /tmp/MYR175-AppClosure-iOS-DD/Build/Intermediates.noindex/MyRAM.build/Debug-iphonesimulator/MyRAMUITests.build/MyRAMUITests-generated-files.hmap

WriteAuxiliaryFile /tmp/MYR175-AppClosure-iOS-DD/Build/Intermediates.noindex/MyRAM.build/Debug-iphonesimulator/MyRAMUITests.build/MyRAMUITests-all-target-headers.hmap (in target 'MyRAMUITests' from project 'MyRAM')
    cd /Users/runner/work/MyRAM-iOS/MyRAM-iOS/MyRAM-iOS
    write-file /tmp/MYR175-AppClosure-iOS-DD/Build/Intermediates.noindex/MyRAM.build/Debug-iphonesimulator/MyRAMUITests.build/MyRAMUITests-all-target-headers.hmap

WriteAuxiliaryFile /tmp/MYR175-AppClosure-iOS-DD/Build/Intermediates.noindex/MyRAM.build/Debug-iphonesimulator/MyRAMUITests.build/MyRAMUITests-all-non-framework-target-headers.hmap (in target 'MyRAMUITests' from project 'MyRAM')
    cd /Users/runner/work/MyRAM-iOS/MyRAM-iOS/MyRAM-iOS
    write-file /tmp/MYR175-AppClosure-iOS-DD/Build/Intermediates.noindex/MyRAM.build/Debug-iphonesimulator/MyRAMUITests.build/MyRAMUITests-all-non-framework-target-headers.hmap

WriteAuxiliaryFile /tmp/MYR175-AppClosure-iOS-DD/Build/Intermediates.noindex/MyRAM.build/Debug-iphonesimulator/MyRAMTests.build/empty-MyRAMTests.plist (in target 'MyRAMTests' from project 'MyRAM')
    cd /Users/runner/work/MyRAM-iOS/MyRAM-iOS/MyRAM-iOS
    write-file /tmp/MYR175-AppClosure-iOS-DD/Build/Intermediates.noindex/MyRAM.build/Debug-iphonesimulator/MyRAMTests.build/empty-MyRAMTests.plist

WriteAuxiliaryFile /tmp/MYR175-AppClosure-iOS-DD/Build/Intermediates.noindex/MyRAM.build/Debug-iphonesimulator/MyRAMTests.build/Objects-normal/arm64/MyRAMTests_const_extract_protocols.json (in target 'MyRAMTests' from project 'MyRAM')
    cd /Users/runner/work/MyRAM-iOS/MyRAM-iOS/MyRAM-iOS
    write-file /tmp/MYR175-AppClosure-iOS-DD/Build/Intermediates.noindex/MyRAM.build/Debug-iphonesimulator/MyRAMTests.build/Objects-normal/arm64/MyRAMTests_const_extract_protocols.json

WriteAuxiliaryFile /tmp/MYR175-AppClosure-iOS-DD/Build/Intermediates.noindex/MyRAM.build/Debug-iphonesimulator/MyRAMTests.build/Objects-normal/arm64/MyRAMTests.SwiftFileList (in target 'MyRAMTests' from project 'MyRAM')
    cd /Users/runner/work/MyRAM-iOS/MyRAM-iOS/MyRAM-iOS
    write-file /tmp/MYR175-AppClosure-iOS-DD/Build/Intermediates.noindex/MyRAM.build/Debug-iphonesimulator/MyRAMTests.build/Objects-normal/arm64/MyRAMTests.SwiftFileList

WriteAuxiliaryFile /tmp/MYR175-AppClosure-iOS-DD/Build/Intermediates.noindex/MyRAM.build/Debug-iphonesimulator/MyRAMTests.build/Objects-normal/arm64/MyRAMTests.SwiftConstValuesFileList (in target 'MyRAMTests' from project 'MyRAM')
    cd /Users/runner/work/MyRAM-iOS/MyRAM-iOS/MyRAM-iOS
    write-file /tmp/MYR175-AppClosure-iOS-DD/Build/Intermediates.noindex/MyRAM.build/Debug-iphonesimulator/MyRAMTests.build/Objects-normal/arm64/MyRAMTests.SwiftConstValuesFileList

WriteAuxiliaryFile /tmp/MYR175-AppClosure-iOS-DD/Build/Intermediates.noindex/MyRAM.build/Debug-iphonesimulator/MyRAMTests.build/Objects-normal/arm64/MyRAMTests.LinkFileList (in target 'MyRAMTests' from project 'MyRAM')
    cd /Users/runner/work/MyRAM-iOS/MyRAM-iOS/MyRAM-iOS
    write-file /tmp/MYR175-AppClosure-iOS-DD/Build/Intermediates.noindex/MyRAM.build/Debug-iphonesimulator/MyRAMTests.build/Objects-normal/arm64/MyRAMTests.LinkFileList

WriteAuxiliaryFile /tmp/MYR175-AppClosure-iOS-DD/Build/Intermediates.noindex/MyRAM.build/Debug-iphonesimulator/MyRAMTests.build/Objects-normal/arm64/MyRAMTests-OutputFileMap.json (in target 'MyRAMTests' from project 'MyRAM')
    cd /Users/runner/work/MyRAM-iOS/MyRAM-iOS/MyRAM-iOS
    write-file /tmp/MYR175-AppClosure-iOS-DD/Build/Intermediates.noindex/MyRAM.build/Debug-iphonesimulator/MyRAMTests.build/Objects-normal/arm64/MyRAMTests-OutputFileMap.json

WriteAuxiliaryFile /tmp/MYR175-AppClosure-iOS-DD/Build/Intermediates.noindex/MyRAM.build/Debug-iphonesimulator/MyRAMTests.build/MyRAMTests.hmap (in target 'MyRAMTests' from project 'MyRAM')
    cd /Users/runner/work/MyRAM-iOS/MyRAM-iOS/MyRAM-iOS
    write-file /tmp/MYR175-AppClosure-iOS-DD/Build/Intermediates.noindex/MyRAM.build/Debug-iphonesimulator/MyRAMTests.build/MyRAMTests.hmap

WriteAuxiliaryFile /tmp/MYR175-AppClosure-iOS-DD/Build/Intermediates.noindex/MyRAM.build/Debug-iphonesimulator/MyRAMTests.build/MyRAMTests.DependencyStaticMetadataFileList (in target 'MyRAMTests' from project 'MyRAM')
    cd /Users/runner/work/MyRAM-iOS/MyRAM-iOS/MyRAM-iOS
    write-file /tmp/MYR175-AppClosure-iOS-DD/Build/Intermediates.noindex/MyRAM.build/Debug-iphonesimulator/MyRAMTests.build/MyRAMTests.DependencyStaticMetadataFileList

WriteAuxiliaryFile /tmp/MYR175-AppClosure-iOS-DD/Build/Intermediates.noindex/MyRAM.build/Debug-iphonesimulator/MyRAMTests.build/MyRAMTests.DependencyMetadataFileList (in target 'MyRAMTests' from project 'MyRAM')
    cd /Users/runner/work/MyRAM-iOS/MyRAM-iOS/MyRAM-iOS
    write-file /tmp/MYR175-AppClosure-iOS-DD/Build/Intermediates.noindex/MyRAM.build/Debug-iphonesimulator/MyRAMTests.build/MyRAMTests.DependencyMetadataFileList

WriteAuxiliaryFile /tmp/MYR175-AppClosure-iOS-DD/Build/Intermediates.noindex/MyRAM.build/Debug-iphonesimulator/MyRAMTests.build/MyRAMTests-project-headers.hmap (in target 'MyRAMTests' from project 'MyRAM')
    cd /Users/runner/work/MyRAM-iOS/MyRAM-iOS/MyRAM-iOS
    write-file /tmp/MYR175-AppClosure-iOS-DD/Build/Intermediates.noindex/MyRAM.build/Debug-iphonesimulator/MyRAMTests.build/MyRAMTests-project-headers.hmap

WriteAuxiliaryFile /tmp/MYR175-AppClosure-iOS-DD/Build/Intermediates.noindex/MyRAM.build/Debug-iphonesimulator/MyRAMTests.build/MyRAMTests-own-target-headers.hmap (in target 'MyRAMTests' from project 'MyRAM')
    cd /Users/runner/work/MyRAM-iOS/MyRAM-iOS/MyRAM-iOS
    write-file /tmp/MYR175-AppClosure-iOS-DD/Build/Intermediates.noindex/MyRAM.build/Debug-iphonesimulator/MyRAMTests.build/MyRAMTests-own-target-headers.hmap

WriteAuxiliaryFile /tmp/MYR175-AppClosure-iOS-DD/Build/Intermediates.noindex/MyRAM.build/Debug-iphonesimulator/MyRAMTests.build/MyRAMTests-generated-files.hmap (in target 'MyRAMTests' from project 'MyRAM')
    cd /Users/runner/work/MyRAM-iOS/MyRAM-iOS/MyRAM-iOS
    write-file /tmp/MYR175-AppClosure-iOS-DD/Build/Intermediates.noindex/MyRAM.build/Debug-iphonesimulator/MyRAMTests.build/MyRAMTests-generated-files.hmap

WriteAuxiliaryFile /tmp/MYR175-AppClosure-iOS-DD/Build/Intermediates.noindex/MyRAM.build/Debug-iphonesimulator/MyRAMTests.build/MyRAMTests-all-target-headers.hmap (in target 'MyRAMTests' from project 'MyRAM')
    cd /Users/runner/work/MyRAM-iOS/MyRAM-iOS/MyRAM-iOS
    write-file /tmp/MYR175-AppClosure-iOS-DD/Build/Intermediates.noindex/MyRAM.build/Debug-iphonesimulator/MyRAMTests.build/MyRAMTests-all-target-headers.hmap

WriteAuxiliaryFile /tmp/MYR175-AppClosure-iOS-DD/Build/Intermediates.noindex/MyRAM.build/Debug-iphonesimulator/MyRAMTests.build/MyRAMTests-all-non-framework-target-headers.hmap (in target 'MyRAMTests' from project 'MyRAM')
    cd /Users/runner/work/MyRAM-iOS/MyRAM-iOS/MyRAM-iOS
    write-file /tmp/MYR175-AppClosure-iOS-DD/Build/Intermediates.noindex/MyRAM.build/Debug-iphonesimulator/MyRAMTests.build/MyRAMTests-all-non-framework-target-headers.hmap

WriteAuxiliaryFile /tmp/MYR175-AppClosure-iOS-DD/Build/Intermediates.noindex/MyRAM.build/Debug-iphonesimulator/MyRAM.build/Objects-normal/arm64/MyRAM_const_extract_protocols.json (in target 'MyRAM' from project 'MyRAM')
    cd /Users/runner/work/MyRAM-iOS/MyRAM-iOS/MyRAM-iOS
    write-file /tmp/MYR175-AppClosure-iOS-DD/Build/Intermediates.noindex/MyRAM.build/Debug-iphonesimulator/MyRAM.build/Objects-normal/arm64/MyRAM_const_extract_protocols.json

WriteAuxiliaryFile /tmp/MYR175-AppClosure-iOS-DD/Build/Intermediates.noindex/MyRAM.build/Debug-iphonesimulator/MyRAM.build/Objects-normal/arm64/MyRAM.SwiftFileList (in target 'MyRAM' from project 'MyRAM')
    cd /Users/runner/work/MyRAM-iOS/MyRAM-iOS/MyRAM-iOS
    write-file /tmp/MYR175-AppClosure-iOS-DD/Build/Intermediates.noindex/MyRAM.build/Debug-iphonesimulator/MyRAM.build/Objects-normal/arm64/MyRAM.SwiftFileList

WriteAuxiliaryFile /tmp/MYR175-AppClosure-iOS-DD/Build/Intermediates.noindex/MyRAM.build/Debug-iphonesimulator/MyRAM.build/Objects-normal/arm64/MyRAM.SwiftConstValuesFileList (in target 'MyRAM' from project 'MyRAM')
    cd /Users/runner/work/MyRAM-iOS/MyRAM-iOS/MyRAM-iOS
    write-file /tmp/MYR175-AppClosure-iOS-DD/Build/Intermediates.noindex/MyRAM.build/Debug-iphonesimulator/MyRAM.build/Objects-normal/arm64/MyRAM.SwiftConstValuesFileList

WriteAuxiliaryFile /tmp/MYR175-AppClosure-iOS-DD/Build/Intermediates.noindex/MyRAM.build/Debug-iphonesimulator/MyRAM.build/Objects-normal/arm64/MyRAM.LinkFileList (in target 'MyRAM' from project 'MyRAM')
    cd /Users/runner/work/MyRAM-iOS/MyRAM-iOS/MyRAM-iOS
    write-file /tmp/MYR175-AppClosure-iOS-DD/Build/Intermediates.noindex/MyRAM.build/Debug-iphonesimulator/MyRAM.build/Objects-normal/arm64/MyRAM.LinkFileList

WriteAuxiliaryFile /tmp/MYR175-AppClosure-iOS-DD/Build/Intermediates.noindex/MyRAM.build/Debug-iphonesimulator/MyRAM.build/Objects-normal/arm64/MyRAM-OutputFileMap.json (in target 'MyRAM' from project 'MyRAM')
    cd /Users/runner/work/MyRAM-iOS/MyRAM-iOS/MyRAM-iOS
    write-file /tmp/MYR175-AppClosure-iOS-DD/Build/Intermediates.noindex/MyRAM.build/Debug-iphonesimulator/MyRAM.build/Objects-normal/arm64/MyRAM-OutputFileMap.json

WriteAuxiliaryFile /tmp/MYR175-AppClosure-iOS-DD/Build/Intermediates.noindex/MyRAM.build/Debug-iphonesimulator/MyRAM.build/MyRAM.hmap (in target 'MyRAM' from project 'MyRAM')
    cd /Users/runner/work/MyRAM-iOS/MyRAM-iOS/MyRAM-iOS
    write-file /tmp/MYR175-AppClosure-iOS-DD/Build/Intermediates.noindex/MyRAM.build/Debug-iphonesimulator/MyRAM.build/MyRAM.hmap

WriteAuxiliaryFile /tmp/MYR175-AppClosure-iOS-DD/Build/Intermediates.noindex/MyRAM.build/Debug-iphonesimulator/MyRAM.build/MyRAM.DependencyStaticMetadataFileList (in target 'MyRAM' from project 'MyRAM')
    cd /Users/runner/work/MyRAM-iOS/MyRAM-iOS/MyRAM-iOS
    write-file /tmp/MYR175-AppClosure-iOS-DD/Build/Intermediates.noindex/MyRAM.build/Debug-iphonesimulator/MyRAM.build/MyRAM.DependencyStaticMetadataFileList

WriteAuxiliaryFile /tmp/MYR175-AppClosure-iOS-DD/Build/Intermediates.noindex/MyRAM.build/Debug-iphonesimulator/MyRAM.build/MyRAM.DependencyMetadataFileList (in target 'MyRAM' from project 'MyRAM')
    cd /Users/runner/work/MyRAM-iOS/MyRAM-iOS/MyRAM-iOS
    write-file /tmp/MYR175-AppClosure-iOS-DD/Build/Intermediates.noindex/MyRAM.build/Debug-iphonesimulator/MyRAM.build/MyRAM.DependencyMetadataFileList

WriteAuxiliaryFile /tmp/MYR175-AppClosure-iOS-DD/Build/Intermediates.noindex/MyRAM.build/Debug-iphonesimulator/MyRAM.build/MyRAM-project-headers.hmap (in target 'MyRAM' from project 'MyRAM')
    cd /Users/runner/work/MyRAM-iOS/MyRAM-iOS/MyRAM-iOS
    write-file /tmp/MYR175-AppClosure-iOS-DD/Build/Intermediates.noindex/MyRAM.build/Debug-iphonesimulator/MyRAM.build/MyRAM-project-headers.hmap

WriteAuxiliaryFile /tmp/MYR175-AppClosure-iOS-DD/Build/Intermediates.noindex/MyRAM.build/Debug-iphonesimulator/MyRAM.build/MyRAM-own-target-headers.hmap (in target 'MyRAM' from project 'MyRAM')
    cd /Users/runner/work/MyRAM-iOS/MyRAM-iOS/MyRAM-iOS
    write-file /tmp/MYR175-AppClosure-iOS-DD/Build/Intermediates.noindex/MyRAM.build/Debug-iphonesimulator/MyRAM.build/MyRAM-own-target-headers.hmap

WriteAuxiliaryFile /tmp/MYR175-AppClosure-iOS-DD/Build/Intermediates.noindex/MyRAM.build/Debug-iphonesimulator/MyRAM.build/MyRAM-generated-files.hmap (in target 'MyRAM' from project 'MyRAM')
    cd /Users/runner/work/MyRAM-iOS/MyRAM-iOS/MyRAM-iOS
    write-file /tmp/MYR175-AppClosure-iOS-DD/Build/Intermediates.noindex/MyRAM.build/Debug-iphonesimulator/MyRAM.build/MyRAM-generated-files.hmap

WriteAuxiliaryFile /tmp/MYR175-AppClosure-iOS-DD/Build/Intermediates.noindex/MyRAM.build/Debug-iphonesimulator/MyRAM.build/MyRAM-all-target-headers.hmap (in target 'MyRAM' from project 'MyRAM')
    cd /Users/runner/work/MyRAM-iOS/MyRAM-iOS/MyRAM-iOS
    write-file /tmp/MYR175-AppClosure-iOS-DD/Build/Intermediates.noindex/MyRAM.build/Debug-iphonesimulator/MyRAM.build/MyRAM-all-target-headers.hmap

WriteAuxiliaryFile /tmp/MYR175-AppClosure-iOS-DD/Build/Intermediates.noindex/MyRAM.build/Debug-iphonesimulator/MyRAM.build/MyRAM-all-non-framework-target-headers.hmap (in target 'MyRAM' from project 'MyRAM')
    cd /Users/runner/work/MyRAM-iOS/MyRAM-iOS/MyRAM-iOS
    write-file /tmp/MYR175-AppClosure-iOS-DD/Build/Intermediates.noindex/MyRAM.build/Debug-iphonesimulator/MyRAM.build/MyRAM-all-non-framework-target-headers.hmap

WriteAuxiliaryFile /tmp/MYR175-AppClosure-iOS-DD/Build/Intermediates.noindex/MyRAM.build/Debug-iphonesimulator/MyRAM.build/MyRAM-DebugDylibPath-normal-arm64.txt (in target 'MyRAM' from project 'MyRAM')
    cd /Users/runner/work/MyRAM-iOS/MyRAM-iOS/MyRAM-iOS
    write-file /tmp/MYR175-AppClosure-iOS-DD/Build/Intermediates.noindex/MyRAM.build/Debug-iphonesimulator/MyRAM.build/MyRAM-DebugDylibPath-normal-arm64.txt

WriteAuxiliaryFile /tmp/MYR175-AppClosure-iOS-DD/Build/Intermediates.noindex/MyRAM.build/Debug-iphonesimulator/MyRAM.build/MyRAM-DebugDylibInstallName-normal-arm64.txt (in target 'MyRAM' from project 'MyRAM')
    cd /Users/runner/work/MyRAM-iOS/MyRAM-iOS/MyRAM-iOS
    write-file /tmp/MYR175-AppClosure-iOS-DD/Build/Intermediates.noindex/MyRAM.build/Debug-iphonesimulator/MyRAM.build/MyRAM-DebugDylibInstallName-normal-arm64.txt

WriteAuxiliaryFile /tmp/MYR175-AppClosure-iOS-DD/Build/Intermediates.noindex/AnchoredSequenceCore.build/Debug-iphonesimulator/AnchoredSequenceCore.build/Objects-normal/arm64/AnchoredSequenceCore.SwiftFileList (in target 'AnchoredSequenceCore' from project 'AnchoredSequenceCore')
    cd /Users/runner/work/MyRAM-iOS/MyRAM-iOS/MyRAM-iOS/Packages/AnchoredSequenceCore
    write-file /tmp/MYR175-AppClosure-iOS-DD/Build/Intermediates.noindex/AnchoredSequenceCore.build/Debug-iphonesimulator/AnchoredSequenceCore.build/Objects-normal/arm64/AnchoredSequenceCore.SwiftFileList

WriteAuxiliaryFile /tmp/MYR175-AppClosure-iOS-DD/Build/Intermediates.noindex/AnchoredSequenceCore.build/Debug-iphonesimulator/AnchoredSequenceCore.build/Objects-normal/arm64/AnchoredSequenceCore_const_extract_protocols.json (in target 'AnchoredSequenceCore' from project 'AnchoredSequenceCore')
    cd /Users/runner/work/MyRAM-iOS/MyRAM-iOS/MyRAM-iOS/Packages/AnchoredSequenceCore
    write-file /tmp/MYR175-AppClosure-iOS-DD/Build/Intermediates.noindex/AnchoredSequenceCore.build/Debug-iphonesimulator/AnchoredSequenceCore.build/Objects-normal/arm64/AnchoredSequenceCore_const_extract_protocols.json

WriteAuxiliaryFile /tmp/MYR175-AppClosure-iOS-DD/Build/Intermediates.noindex/AnchoredSequenceCore.build/Debug-iphonesimulator/AnchoredSequenceCore.build/Objects-normal/arm64/AnchoredSequenceCore.SwiftConstValuesFileList (in target 'AnchoredSequenceCore' from project 'AnchoredSequenceCore')
    cd /Users/runner/work/MyRAM-iOS/MyRAM-iOS/MyRAM-iOS/Packages/AnchoredSequenceCore
    write-file /tmp/MYR175-AppClosure-iOS-DD/Build/Intermediates.noindex/AnchoredSequenceCore.build/Debug-iphonesimulator/AnchoredSequenceCore.build/Objects-normal/arm64/AnchoredSequenceCore.SwiftConstValuesFileList

WriteAuxiliaryFile /tmp/MYR175-AppClosure-iOS-DD/Build/Intermediates.noindex/AnchoredSequenceCore.build/Debug-iphonesimulator/AnchoredSequenceCore.build/Objects-normal/arm64/AnchoredSequenceCore.LinkFileList (in target 'AnchoredSequenceCore' from project 'AnchoredSequenceCore')
    cd /Users/runner/work/MyRAM-iOS/MyRAM-iOS/MyRAM-iOS/Packages/AnchoredSequenceCore
    write-file /tmp/MYR175-AppClosure-iOS-DD/Build/Intermediates.noindex/AnchoredSequenceCore.build/Debug-iphonesimulator/AnchoredSequenceCore.build/Objects-normal/arm64/AnchoredSequenceCore.LinkFileList

WriteAuxiliaryFile /tmp/MYR175-AppClosure-iOS-DD/Build/Intermediates.noindex/AnchoredSequenceCore.build/Debug-iphonesimulator/AnchoredSequenceCore.build/Objects-normal/arm64/AnchoredSequenceCore-OutputFileMap.json (in target 'AnchoredSequenceCore' from project 'AnchoredSequenceCore')
    cd /Users/runner/work/MyRAM-iOS/MyRAM-iOS/MyRAM-iOS/Packages/AnchoredSequenceCore
    write-file /tmp/MYR175-AppClosure-iOS-DD/Build/Intermediates.noindex/AnchoredSequenceCore.build/Debug-iphonesimulator/AnchoredSequenceCore.build/Objects-normal/arm64/AnchoredSequenceCore-OutputFileMap.json

WriteAuxiliaryFile /tmp/MYR175-AppClosure-iOS-DD/Build/Intermediates.noindex/AnchoredSequenceCore.build/Debug-iphonesimulator/AnchoredSequenceCore.build/AnchoredSequenceCore.modulemap (in target 'AnchoredSequenceCore' from project 'AnchoredSequenceCore')
    cd /Users/runner/work/MyRAM-iOS/MyRAM-iOS/MyRAM-iOS/Packages/AnchoredSequenceCore
    write-file /tmp/MYR175-AppClosure-iOS-DD/Build/Intermediates.noindex/AnchoredSequenceCore.build/Debug-iphonesimulator/AnchoredSequenceCore.build/AnchoredSequenceCore.modulemap

WriteAuxiliaryFile /tmp/MYR175-AppClosure-iOS-DD/Build/Intermediates.noindex/AnchoredSequenceCore.build/Debug-iphonesimulator/AnchoredSequenceCore.build/AnchoredSequenceCore.DependencyStaticMetadataFileList (in target 'AnchoredSequenceCore' from project 'AnchoredSequenceCore')
    cd /Users/runner/work/MyRAM-iOS/MyRAM-iOS/MyRAM-iOS/Packages/AnchoredSequenceCore
    write-file /tmp/MYR175-AppClosure-iOS-DD/Build/Intermediates.noindex/AnchoredSequenceCore.build/Debug-iphonesimulator/AnchoredSequenceCore.build/AnchoredSequenceCore.DependencyStaticMetadataFileList

WriteAuxiliaryFile /tmp/MYR175-AppClosure-iOS-DD/Build/Intermediates.noindex/AnchoredSequenceCore.build/Debug-iphonesimulator/AnchoredSequenceCore.build/AnchoredSequenceCore.DependencyMetadataFileList (in target 'AnchoredSequenceCore' from project 'AnchoredSequenceCore')
    cd /Users/runner/work/MyRAM-iOS/MyRAM-iOS/MyRAM-iOS/Packages/AnchoredSequenceCore
    write-file /tmp/MYR175-AppClosure-iOS-DD/Build/Intermediates.noindex/AnchoredSequenceCore.build/Debug-iphonesimulator/AnchoredSequenceCore.build/AnchoredSequenceCore.DependencyMetadataFileList

Copy /tmp/MYR175-AppClosure-iOS-DD/Build/Intermediates.noindex/GeneratedModuleMaps-iphonesimulator/AnchoredSequenceCore.modulemap /tmp/MYR175-AppClosure-iOS-DD/Build/Intermediates.noindex/AnchoredSequenceCore.build/Debug-iphonesimulator/AnchoredSequenceCore.build/AnchoredSequenceCore.modulemap (in target 'AnchoredSequenceCore' from project 'AnchoredSequenceCore')
    cd /Users/runner/work/MyRAM-iOS/MyRAM-iOS/MyRAM-iOS/Packages/AnchoredSequenceCore
    builtin-copy -exclude .DS_Store -exclude CVS -exclude .svn -exclude .git -exclude .hg -resolve-src-symlinks /tmp/MYR175-AppClosure-iOS-DD/Build/Intermediates.noindex/AnchoredSequenceCore.build/Debug-iphonesimulator/AnchoredSequenceCore.build/AnchoredSequenceCore.modulemap /tmp/MYR175-AppClosure-iOS-DD/Build/Intermediates.noindex/GeneratedModuleMaps-iphonesimulator

WriteAuxiliaryFile /tmp/MYR175-AppClosure-iOS-DD/Build/Intermediates.noindex/AnchoredSequenceCore.build/Debug-iphonesimulator/AnchoredSequenceCore\ product.build/empty-AnchoredSequenceCore_-65B9EEE52AB2106_PackageProduct.plist (in target 'AnchoredSequenceCore' from project 'AnchoredSequenceCore')
    cd /Users/runner/work/MyRAM-iOS/MyRAM-iOS/MyRAM-iOS/Packages/AnchoredSequenceCore
    write-file /tmp/MYR175-AppClosure-iOS-DD/Build/Intermediates.noindex/AnchoredSequenceCore.build/Debug-iphonesimulator/AnchoredSequenceCore\ product.build/empty-AnchoredSequenceCore_-65B9EEE52AB2106_PackageProduct.plist

WriteAuxiliaryFile /tmp/MYR175-AppClosure-iOS-DD/Build/Intermediates.noindex/AnchoredSequenceCore.build/Debug-iphonesimulator/AnchoredSequenceCore\ product.build/Objects-normal/arm64/AnchoredSequenceCore_-65B9EEE52AB2106_PackageProduct.LinkFileList (in target 'AnchoredSequenceCore' from project 'AnchoredSequenceCore')
    cd /Users/runner/work/MyRAM-iOS/MyRAM-iOS/MyRAM-iOS/Packages/AnchoredSequenceCore
    write-file /tmp/MYR175-AppClosure-iOS-DD/Build/Intermediates.noindex/AnchoredSequenceCore.build/Debug-iphonesimulator/AnchoredSequenceCore\ product.build/Objects-normal/arm64/AnchoredSequenceCore_-65B9EEE52AB2106_PackageProduct.LinkFileList

WriteAuxiliaryFile /tmp/MYR175-AppClosure-iOS-DD/Build/Intermediates.noindex/AnchoredSequenceCore.build/Debug-iphonesimulator/AnchoredSequenceCore\ product.build/AnchoredSequenceCore_-65B9EEE52AB2106_PackageProduct.DependencyStaticMetadataFileList (in target 'AnchoredSequenceCore' from project 'AnchoredSequenceCore')
    cd /Users/runner/work/MyRAM-iOS/MyRAM-iOS/MyRAM-iOS/Packages/AnchoredSequenceCore
    write-file /tmp/MYR175-AppClosure-iOS-DD/Build/Intermediates.noindex/AnchoredSequenceCore.build/Debug-iphonesimulator/AnchoredSequenceCore\ product.build/AnchoredSequenceCore_-65B9EEE52AB2106_PackageProduct.DependencyStaticMetadataFileList

WriteAuxiliaryFile /tmp/MYR175-AppClosure-iOS-DD/Build/Intermediates.noindex/AnchoredSequenceCore.build/Debug-iphonesimulator/AnchoredSequenceCore\ product.build/AnchoredSequenceCore_-65B9EEE52AB2106_PackageProduct.DependencyMetadataFileList (in target 'AnchoredSequenceCore' from project 'AnchoredSequenceCore')
    cd /Users/runner/work/MyRAM-iOS/MyRAM-iOS/MyRAM-iOS/Packages/AnchoredSequenceCore
    write-file /tmp/MYR175-AppClosure-iOS-DD/Build/Intermediates.noindex/AnchoredSequenceCore.build/Debug-iphonesimulator/AnchoredSequenceCore\ product.build/AnchoredSequenceCore_-65B9EEE52AB2106_PackageProduct.DependencyMetadataFileList

MkDir /tmp/MYR175-AppClosure-iOS-DD/Build/Products/Debug-iphonesimulator/MyRAMWidgetExtension.appex (in target 'MyRAMWidgetExtension' from project 'MyRAM')
    cd /Users/runner/work/MyRAM-iOS/MyRAM-iOS/MyRAM-iOS
    /bin/mkdir -p /tmp/MYR175-AppClosure-iOS-DD/Build/Products/Debug-iphonesimulator/MyRAMWidgetExtension.appex

MkDir /tmp/MYR175-AppClosure-iOS-DD/Build/Products/Debug-iphonesimulator/MyRAMUITests-Runner.app/PlugIns/MyRAMUITests.xctest (in target 'MyRAMUITests' from project 'MyRAM')
    cd /Users/runner/work/MyRAM-iOS/MyRAM-iOS/MyRAM-iOS
    /bin/mkdir -p /tmp/MYR175-AppClosure-iOS-DD/Build/Products/Debug-iphonesimulator/MyRAMUITests-Runner.app/PlugIns/MyRAMUITests.xctest

MkDir /tmp/MYR175-AppClosure-iOS-DD/Build/Products/Debug-iphonesimulator/MyRAM.app/PlugIns/MyRAMTests.xctest/Frameworks (in target 'MyRAMTests' from project 'MyRAM')
    cd /Users/runner/work/MyRAM-iOS/MyRAM-iOS/MyRAM-iOS
    /bin/mkdir -p /tmp/MYR175-AppClosure-iOS-DD/Build/Products/Debug-iphonesimulator/MyRAM.app/PlugIns/MyRAMTests.xctest/Frameworks

MkDir /tmp/MYR175-AppClosure-iOS-DD/Build/Products/Debug-iphonesimulator/MyRAM.app/PlugIns/MyRAMTests.xctest (in target 'MyRAMTests' from project 'MyRAM')
    cd /Users/runner/work/MyRAM-iOS/MyRAM-iOS/MyRAM-iOS
    /bin/mkdir -p /tmp/MYR175-AppClosure-iOS-DD/Build/Products/Debug-iphonesimulator/MyRAM.app/PlugIns/MyRAMTests.xctest

MkDir /tmp/MYR175-AppClosure-iOS-DD/Build/Products/Debug-iphonesimulator/MyRAM.app/PlugIns (in target 'MyRAM' from project 'MyRAM')
    cd /Users/runner/work/MyRAM-iOS/MyRAM-iOS/MyRAM-iOS
    /bin/mkdir -p /tmp/MYR175-AppClosure-iOS-DD/Build/Products/Debug-iphonesimulator/MyRAM.app/PlugIns

MkDir /tmp/MYR175-AppClosure-iOS-DD/Build/Products/Debug-iphonesimulator/MyRAM.app/Frameworks (in target 'MyRAM' from project 'MyRAM')
    cd /Users/runner/work/MyRAM-iOS/MyRAM-iOS/MyRAM-iOS
    /bin/mkdir -p /tmp/MYR175-AppClosure-iOS-DD/Build/Products/Debug-iphonesimulator/MyRAM.app/Frameworks

MkDir /tmp/MYR175-AppClosure-iOS-DD/Build/Products/Debug-iphonesimulator/MyRAM.app (in target 'MyRAM' from project 'MyRAM')
    cd /Users/runner/work/MyRAM-iOS/MyRAM-iOS/MyRAM-iOS
    /bin/mkdir -p /tmp/MYR175-AppClosure-iOS-DD/Build/Products/Debug-iphonesimulator/MyRAM.app

MkDir /tmp/MYR175-AppClosure-iOS-DD/Build/Products/Debug-iphonesimulator/PackageFrameworks/AnchoredSequenceCore_-65B9EEE52AB2106_PackageProduct.framework (in target 'AnchoredSequenceCore' from project 'AnchoredSequenceCore')
    cd /Users/runner/work/MyRAM-iOS/MyRAM-iOS/MyRAM-iOS/Packages/AnchoredSequenceCore
    /bin/mkdir -p /tmp/MYR175-AppClosure-iOS-DD/Build/Products/Debug-iphonesimulator/PackageFrameworks/AnchoredSequenceCore_-65B9EEE52AB2106_PackageProduct.framework

Ld /tmp/MYR175-AppClosure-iOS-DD/Build/Products/Debug-iphonesimulator/MyRAMWidgetExtension.appex/__preview.dylib normal (in target 'MyRAMWidgetExtension' from project 'MyRAM')
    cd /Users/runner/work/MyRAM-iOS/MyRAM-iOS/MyRAM-iOS
    /Applications/Xcode_26.5.app/Contents/Developer/Toolchains/XcodeDefault.xctoolchain/usr/bin/clang -Xlinker -reproducible -target arm64-apple-ios17.0-simulator -dynamiclib -isysroot /Applications/Xcode_26.5.app/Contents/Developer/Platforms/iPhoneSimulator.platform/Developer/SDKs/iPhoneSimulator26.5.sdk -O0 -L/tmp/MYR175-AppClosure-iOS-DD/Build/Products/Debug-iphonesimulator -F/tmp/MYR175-AppClosure-iOS-DD/Build/Products/Debug-iphonesimulator -install_name @rpath/MyRAMWidgetExtension.debug.dylib -Xlinker -dead_strip -rdynamic -Xlinker -no_deduplicate -Xlinker -objc_abi_version -Xlinker 2 -Xlinker -dependency_info -Xlinker /tmp/MYR175-AppClosure-iOS-DD/Build/Intermediates.noindex/MyRAM.build/Debug-iphonesimulator/MyRAMWidgetExtension.build/Objects-normal/arm64/MyRAMWidgetExtension_dependency_info.dat -o /tmp/MYR175-AppClosure-iOS-DD/Build/Products/Debug-iphonesimulator/MyRAMWidgetExtension.appex/__preview.dylib

MkDir /tmp/MYR175-AppClosure-iOS-DD/Build/Intermediates.noindex/MyRAM.build/Debug-iphonesimulator/MyRAMWidgetExtension.build/assetcatalog_output/unthinned (in target 'MyRAMWidgetExtension' from project 'MyRAM')
    cd /Users/runner/work/MyRAM-iOS/MyRAM-iOS/MyRAM-iOS
    /bin/mkdir -p /tmp/MYR175-AppClosure-iOS-DD/Build/Intermediates.noindex/MyRAM.build/Debug-iphonesimulator/MyRAMWidgetExtension.build/assetcatalog_output/unthinned

MkDir /tmp/MYR175-AppClosure-iOS-DD/Build/Intermediates.noindex/MyRAM.build/Debug-iphonesimulator/MyRAMWidgetExtension.build/assetcatalog_output/thinned (in target 'MyRAMWidgetExtension' from project 'MyRAM')
    cd /Users/runner/work/MyRAM-iOS/MyRAM-iOS/MyRAM-iOS
    /bin/mkdir -p /tmp/MYR175-AppClosure-iOS-DD/Build/Intermediates.noindex/MyRAM.build/Debug-iphonesimulator/MyRAMWidgetExtension.build/assetcatalog_output/thinned

GenerateAssetSymbols /Users/runner/work/MyRAM-iOS/MyRAM-iOS/MyRAM-iOS/MyRAMWidget/Assets.xcassets (in target 'MyRAMWidgetExtension' from project 'MyRAM')
    cd /Users/runner/work/MyRAM-iOS/MyRAM-iOS/MyRAM-iOS
    /Applications/Xcode_26.5.app/Contents/Developer/usr/bin/actool /Users/runner/work/MyRAM-iOS/MyRAM-iOS/MyRAM-iOS/MyRAMWidget/Assets.xcassets --compile /tmp/MYR175-AppClosure-iOS-DD/Build/Products/Debug-iphonesimulator/MyRAMWidgetExtension.appex --output-format human-readable-text --notices --warnings --export-dependency-info /tmp/MYR175-AppClosure-iOS-DD/Build/Intermediates.noindex/MyRAM.build/Debug-iphonesimulator/MyRAMWidgetExtension.build/assetcatalog_dependencies --output-partial-info-plist /tmp/MYR175-AppClosure-iOS-DD/Build/Intermediates.noindex/MyRAM.build/Debug-iphonesimulator/MyRAMWidgetExtension.build/assetcatalog_generated_info.plist --accent-color AccentColor --widget-background-color WidgetBackground --compress-pngs --enable-on-demand-resources NO --standalone-icon-behavior all --development-region en --target-device iphone --target-device ipad --minimum-deployment-target 17.0 --platform iphonesimulator --bundle-identifier com.northsignalstudio.myram.dev.widget --generate-swift-asset-symbols /tmp/MYR175-AppClosure-iOS-DD/Build/Intermediates.noindex/MyRAM.build/Debug-iphonesimulator/MyRAMWidgetExtension.build/DerivedSources/GeneratedAssetSymbols.swift --generate-objc-asset-symbols /tmp/MYR175-AppClosure-iOS-DD/Build/Intermediates.noindex/MyRAM.build/Debug-iphonesimulator/MyRAMWidgetExtension.build/DerivedSources/GeneratedAssetSymbols.h --generate-asset-symbol-index /tmp/MYR175-AppClosure-iOS-DD/Build/Intermediates.noindex/MyRAM.build/Debug-iphonesimulator/MyRAMWidgetExtension.build/DerivedSources/GeneratedAssetSymbols-Index.plist
/* com.apple.actool.compilation-results */
/tmp/MYR175-AppClosure-iOS-DD/Build/Intermediates.noindex/MyRAM.build/Debug-iphonesimulator/MyRAMWidgetExtension.build/DerivedSources/GeneratedAssetSymbols-Index.plist
/tmp/MYR175-AppClosure-iOS-DD/Build/Intermediates.noindex/MyRAM.build/Debug-iphonesimulator/MyRAMWidgetExtension.build/DerivedSources/GeneratedAssetSymbols.h
/tmp/MYR175-AppClosure-iOS-DD/Build/Intermediates.noindex/MyRAM.build/Debug-iphonesimulator/MyRAMWidgetExtension.build/DerivedSources/GeneratedAssetSymbols.swift


CompileAssetCatalogVariant thinned /tmp/MYR175-AppClosure-iOS-DD/Build/Products/Debug-iphonesimulator/MyRAMWidgetExtension.appex /Users/runner/work/MyRAM-iOS/MyRAM-iOS/MyRAM-iOS/MyRAMWidget/Assets.xcassets (in target 'MyRAMWidgetExtension' from project 'MyRAM')
    cd /Users/runner/work/MyRAM-iOS/MyRAM-iOS/MyRAM-iOS
    /Applications/Xcode_26.5.app/Contents/Developer/usr/bin/actool /Users/runner/work/MyRAM-iOS/MyRAM-iOS/MyRAM-iOS/MyRAMWidget/Assets.xcassets --compile /tmp/MYR175-AppClosure-iOS-DD/Build/Intermediates.noindex/MyRAM.build/Debug-iphonesimulator/MyRAMWidgetExtension.build/assetcatalog_output/thinned --output-format human-readable-text --notices --warnings --export-dependency-info /tmp/MYR175-AppClosure-iOS-DD/Build/Intermediates.noindex/MyRAM.build/Debug-iphonesimulator/MyRAMWidgetExtension.build/assetcatalog_dependencies_thinned --output-partial-info-plist /tmp/MYR175-AppClosure-iOS-DD/Build/Intermediates.noindex/MyRAM.build/Debug-iphonesimulator/MyRAMWidgetExtension.build/assetcatalog_generated_info.plist_thinned --accent-color AccentColor --widget-background-color WidgetBackground --compress-pngs --enable-on-demand-resources NO --standalone-icon-behavior all --filter-for-thinning-device-configuration iPhone18,3 --filter-for-device-os-version 26.5 --development-region en --target-device iphone --target-device ipad --minimum-deployment-target 17.0 --platform iphonesimulator
/* com.apple.actool.compilation-results */
/tmp/MYR175-AppClosure-iOS-DD/Build/Intermediates.noindex/MyRAM.build/Debug-iphonesimulator/MyRAMWidgetExtension.build/assetcatalog_generated_info.plist_thinned


LinkAssetCatalog /Users/runner/work/MyRAM-iOS/MyRAM-iOS/MyRAM-iOS/MyRAMWidget/Assets.xcassets (in target 'MyRAMWidgetExtension' from project 'MyRAM')
    cd /Users/runner/work/MyRAM-iOS/MyRAM-iOS/MyRAM-iOS
    builtin-linkAssetCatalog --thinned /tmp/MYR175-AppClosure-iOS-DD/Build/Intermediates.noindex/MyRAM.build/Debug-iphonesimulator/MyRAMWidgetExtension.build/assetcatalog_output/thinned --thinned-dependencies /tmp/MYR175-AppClosure-iOS-DD/Build/Intermediates.noindex/MyRAM.build/Debug-iphonesimulator/MyRAMWidgetExtension.build/assetcatalog_dependencies_thinned --thinned-info-plist-content /tmp/MYR175-AppClosure-iOS-DD/Build/Intermediates.noindex/MyRAM.build/Debug-iphonesimulator/MyRAMWidgetExtension.build/assetcatalog_generated_info.plist_thinned --unthinned /tmp/MYR175-AppClosure-iOS-DD/Build/Intermediates.noindex/MyRAM.build/Debug-iphonesimulator/MyRAMWidgetExtension.build/assetcatalog_output/unthinned --unthinned-dependencies /tmp/MYR175-AppClosure-iOS-DD/Build/Intermediates.noindex/MyRAM.build/Debug-iphonesimulator/MyRAMWidgetExtension.build/assetcatalog_dependencies_unthinned --unthinned-info-plist-content /tmp/MYR175-AppClosure-iOS-DD/Build/Intermediates.noindex/MyRAM.build/Debug-iphonesimulator/MyRAMWidgetExtension.build/assetcatalog_generated_info.plist_unthinned --output /tmp/MYR175-AppClosure-iOS-DD/Build/Products/Debug-iphonesimulator/MyRAMWidgetExtension.appex --plist-output /tmp/MYR175-AppClosure-iOS-DD/Build/Intermediates.noindex/MyRAM.build/Debug-iphonesimulator/MyRAMWidgetExtension.build/assetcatalog_generated_info.plist

ProcessInfoPlistFile /tmp/MYR175-AppClosure-iOS-DD/Build/Products/Debug-iphonesimulator/MyRAMWidgetExtension.appex/Info.plist /Users/runner/work/MyRAM-iOS/MyRAM-iOS/MyRAM-iOS/MyRAMWidget/Info.plist (in target 'MyRAMWidgetExtension' from project 'MyRAM')
    cd /Users/runner/work/MyRAM-iOS/MyRAM-iOS/MyRAM-iOS
    builtin-infoPlistUtility /Users/runner/work/MyRAM-iOS/MyRAM-iOS/MyRAM-iOS/MyRAMWidget/Info.plist -producttype com.apple.product-type.app-extension -expandbuildsettings -format binary -platform iphonesimulator -additionalcontentfile /tmp/MYR175-AppClosure-iOS-DD/Build/Intermediates.noindex/MyRAM.build/Debug-iphonesimulator/MyRAMWidgetExtension.build/assetcatalog_generated_info.plist -o /tmp/MYR175-AppClosure-iOS-DD/Build/Products/Debug-iphonesimulator/MyRAMWidgetExtension.appex/Info.plist

SwiftDriver NearbySyncCore normal arm64 com.apple.xcode.tools.swift.compiler (in target 'NearbySyncCore' from project 'NearbySyncCore')
    cd /Users/runner/work/MyRAM-iOS/MyRAM-iOS/MyRAM-iOS/MyRAM.xcodeproj
    builtin-SwiftDriver -- /Applications/Xcode_26.5.app/Contents/Developer/Toolchains/XcodeDefault.xctoolchain/usr/bin/swiftc -module-name NearbySyncCore -Onone @/tmp/MYR175-AppClosure-iOS-DD/Build/Intermediates.noindex/NearbySyncCore.build/Debug-iphonesimulator/NearbySyncCore.build/Objects-normal/arm64/NearbySyncCore.SwiftFileList -DSWIFT_PACKAGE -DDEBUG -DSWIFT_MODULE_RESOURCE_BUNDLE_UNAVAILABLE -DXcode -plugin-path /Applications/Xcode_26.5.app/Contents/Developer/Toolchains/XcodeDefault.xctoolchain/usr/lib/swift/host/plugins/testing -enable-experimental-feature DebugDescriptionMacro -sdk /Applications/Xcode_26.5.app/Contents/Developer/Platforms/iPhoneSimulator.platform/Developer/SDKs/iPhoneSimulator26.5.sdk -target arm64-apple-ios17.0-simulator -g -module-cache-path /tmp/MYR175-AppClosure-iOS-DD/ModuleCache.noindex -Xfrontend -serialize-debugging-options -enable-testing -suppress-warnings -index-store-path /tmp/MYR175-AppClosure-iOS-DD/Index.noindex/DataStore -Xcc -D_LIBCPP_HARDENING_MODE\=_LIBCPP_HARDENING_MODE_DEBUG -swift-version 5 -I /tmp/MYR175-AppClosure-iOS-DD/Build/Products/Debug-iphonesimulator -Isystem /Applications/Xcode_26.5.app/Contents/Developer/Platforms/iPhoneSimulator.platform/Developer/usr/lib -F /tmp/MYR175-AppClosure-iOS-DD/Build/Products/Debug-iphonesimulator -F /Applications/Xcode_26.5.app/Contents/Developer/Platforms/iPhoneSimulator.platform/Developer/Library/Frameworks -F /Applications/Xcode_26.5.app/Contents/Developer/Platforms/iPhoneSimulator.platform/Developer/SDKs/iPhoneSimulator26.5.sdk/Developer/Library/Frameworks -c -j3 -enable-batch-mode -incremental -Xcc -ivfsstatcache -Xcc /tmp/MYR175-AppClosure-iOS-DD/SDKStatCaches.noindex/iphonesimulator26.5-23F73-688ef53f1462e2c8f657fdc38a81448ffb7d586738ff35573a713a18216ade27.sdkstatcache -output-file-map /tmp/MYR175-AppClosure-iOS-DD/Build/Intermediates.noindex/NearbySyncCore.build/Debug-iphonesimulator/NearbySyncCore.build/Objects-normal/arm64/NearbySyncCore-OutputFileMap.json -use-frontend-parseable-output -save-temps -no-color-diagnostics -explicit-module-build -module-cache-path /tmp/MYR175-AppClosure-iOS-DD/Build/Intermediates.noindex/SwiftExplicitPrecompiledModules -clang-scanner-module-cache-path /tmp/MYR175-AppClosure-iOS-DD/ModuleCache.noindex -sdk-module-cache-path /tmp/MYR175-AppClosure-iOS-DD/ModuleCache.noindex -serialize-diagnostics -emit-dependencies -emit-module -emit-module-path /tmp/MYR175-AppClosure-iOS-DD/Build/Intermediates.noindex/NearbySyncCore.build/Debug-iphonesimulator/NearbySyncCore.build/Objects-normal/arm64/NearbySyncCore.swiftmodule -validate-clang-modules-once -clang-build-session-file /tmp/MYR175-AppClosure-iOS-DD/ModuleCache.noindex/Session.modulevalidation -package-name nearbysynccore -Xcc -I/tmp/MYR175-AppClosure-iOS-DD/Build/Intermediates.noindex/NearbySyncCore.build/Debug-iphonesimulator/NearbySyncCore.build/swift-overrides.hmap -emit-const-values -Xfrontend -const-gather-protocols-file -Xfrontend /tmp/MYR175-AppClosure-iOS-DD/Build/Intermediates.noindex/NearbySyncCore.build/Debug-iphonesimulator/NearbySyncCore.build/Objects-normal/arm64/NearbySyncCore_const_extract_protocols.json -Xcc -I/tmp/MYR175-AppClosure-iOS-DD/Build/Products/Debug-iphonesimulator/include -Xcc -I/tmp/MYR175-AppClosure-iOS-DD/Build/Intermediates.noindex/NearbySyncCore.build/Debug-iphonesimulator/NearbySyncCore.build/DerivedSources-normal/arm64 -Xcc -I/tmp/MYR175-AppClosure-iOS-DD/Build/Intermediates.noindex/NearbySyncCore.build/Debug-iphonesimulator/NearbySyncCore.build/DerivedSources/arm64 -Xcc -I/tmp/MYR175-AppClosure-iOS-DD/Build/Intermediates.noindex/NearbySyncCore.build/Debug-iphonesimulator/NearbySyncCore.build/DerivedSources -Xcc -DSWIFT_PACKAGE -Xcc -DDEBUG\=1 -emit-objc-header -emit-objc-header-path /tmp/MYR175-AppClosure-iOS-DD/Build/Intermediates.noindex/NearbySyncCore.build/Debug-iphonesimulator/NearbySyncCore.build/Objects-normal/arm64/NearbySyncCore-Swift.h -working-directory /Users/runner/work/MyRAM-iOS/MyRAM-iOS/MyRAM-iOS/MyRAM.xcodeproj -experimental-emit-module-separately -disable-cmo

SwiftDriver MyRAMWidgetExtension normal arm64 com.apple.xcode.tools.swift.compiler (in target 'MyRAMWidgetExtension' from project 'MyRAM')
    cd /Users/runner/work/MyRAM-iOS/MyRAM-iOS/MyRAM-iOS
    builtin-SwiftDriver -- /Applications/Xcode_26.5.app/Contents/Developer/Toolchains/XcodeDefault.xctoolchain/usr/bin/swiftc -module-name MyRAMWidgetExtension -Onone @/tmp/MYR175-AppClosure-iOS-DD/Build/Intermediates.noindex/MyRAM.build/Debug-iphonesimulator/MyRAMWidgetExtension.build/Objects-normal/arm64/MyRAMWidgetExtension.SwiftFileList -DDEBUG -enable-bare-slash-regex -enable-upcoming-feature DisableOutwardActorInference -enable-upcoming-feature InferSendableFromCaptures -enable-upcoming-feature GlobalActorIsolatedTypesUsability -enable-upcoming-feature MemberImportVisibility -enable-upcoming-feature InferIsolatedConformances -enable-upcoming-feature NonisolatedNonsendingByDefault -enable-experimental-feature DebugDescriptionMacro -sdk /Applications/Xcode_26.5.app/Contents/Developer/Platforms/iPhoneSimulator.platform/Developer/SDKs/iPhoneSimulator26.5.sdk -target arm64-apple-ios17.0-simulator -g -module-cache-path /tmp/MYR175-AppClosure-iOS-DD/ModuleCache.noindex -Xfrontend -serialize-debugging-options -application-extension -enable-testing -index-store-path /tmp/MYR175-AppClosure-iOS-DD/Index.noindex/DataStore -Xcc -D_LIBCPP_HARDENING_MODE\=_LIBCPP_HARDENING_MODE_DEBUG -swift-version 5 -I /tmp/MYR175-AppClosure-iOS-DD/Build/Products/Debug-iphonesimulator -F /tmp/MYR175-AppClosure-iOS-DD/Build/Products/Debug-iphonesimulator -emit-localized-strings -emit-localized-strings-path /tmp/MYR175-AppClosure-iOS-DD/Build/Intermediates.noindex/MyRAM.build/Debug-iphonesimulator/MyRAMWidgetExtension.build/Objects-normal/arm64 -c -j3 -enable-batch-mode -incremental -Xcc -ivfsstatcache -Xcc /tmp/MYR175-AppClosure-iOS-DD/SDKStatCaches.noindex/iphonesimulator26.5-23F73-688ef53f1462e2c8f657fdc38a81448ffb7d586738ff35573a713a18216ade27.sdkstatcache -output-file-map /tmp/MYR175-AppClosure-iOS-DD/Build/Intermediates.noindex/MyRAM.build/Debug-iphonesimulator/MyRAMWidgetExtension.build/Objects-normal/arm64/MyRAMWidgetExtension-OutputFileMap.json -use-frontend-parseable-output -save-temps -no-color-diagnostics -explicit-module-build -module-cache-path /tmp/MYR175-AppClosure-iOS-DD/Build/Intermediates.noindex/SwiftExplicitPrecompiledModules -clang-scanner-module-cache-path /tmp/MYR175-AppClosure-iOS-DD/ModuleCache.noindex -sdk-module-cache-path /tmp/MYR175-AppClosure-iOS-DD/ModuleCache.noindex -serialize-diagnostics -emit-dependencies -emit-module -emit-module-path /tmp/MYR175-AppClosure-iOS-DD/Build/Intermediates.noindex/MyRAM.build/Debug-iphonesimulator/MyRAMWidgetExtension.build/Objects-normal/arm64/MyRAMWidgetExtension.swiftmodule -validate-clang-modules-once -clang-build-session-file /tmp/MYR175-AppClosure-iOS-DD/ModuleCache.noindex/Session.modulevalidation -Xcc -I/tmp/MYR175-AppClosure-iOS-DD/Build/Intermediates.noindex/MyRAM.build/Debug-iphonesimulator/MyRAMWidgetExtension.build/swift-overrides.hmap -emit-const-values -Xfrontend -const-gather-protocols-file -Xfrontend /tmp/MYR175-AppClosure-iOS-DD/Build/Intermediates.noindex/MyRAM.build/Debug-iphonesimulator/MyRAMWidgetExtension.build/Objects-normal/arm64/MyRAMWidgetExtension_const_extract_protocols.json -Xcc -iquote -Xcc /tmp/MYR175-AppClosure-iOS-DD/Build/Intermediates.noindex/MyRAM.build/Debug-iphonesimulator/MyRAMWidgetExtension.build/MyRAMWidgetExtension-generated-files.hmap -Xcc -I/tmp/MYR175-AppClosure-iOS-DD/Build/Intermediates.noindex/MyRAM.build/Debug-iphonesimulator/MyRAMWidgetExtension.build/MyRAMWidgetExtension-own-target-headers.hmap -Xcc -I/tmp/MYR175-AppClosure-iOS-DD/Build/Intermediates.noindex/MyRAM.build/Debug-iphonesimulator/MyRAMWidgetExtension.build/MyRAMWidgetExtension-all-non-framework-target-headers.hmap -Xcc -ivfsoverlay -Xcc /tmp/MYR175-AppClosure-iOS-DD/Build/Intermediates.noindex/MyRAM.build/Debug-iphonesimulator/MyRAM-98a9cbde253e8e955bc92731eb290203-VFS-iphonesimulator/all-product-headers.yaml -Xcc -iquote -Xcc /tmp/MYR175-AppClosure-iOS-DD/Build/Intermediates.noindex/MyRAM.build/Debug-iphonesimulator/MyRAMWidgetExtension.build/MyRAMWidgetExtension-project-headers.hmap -Xcc -I/tmp/MYR175-AppClosure-iOS-DD/Build/Products/Debug-iphonesimulator/include -Xcc -I/tmp/MYR175-AppClosure-iOS-DD/Build/Intermediates.noindex/MyRAM.build/Debug-iphonesimulator/MyRAMWidgetExtension.build/DerivedSources-normal/arm64 -Xcc -I/tmp/MYR175-AppClosure-iOS-DD/Build/Intermediates.noindex/MyRAM.build/Debug-iphonesimulator/MyRAMWidgetExtension.build/DerivedSources/arm64 -Xcc -I/tmp/MYR175-AppClosure-iOS-DD/Build/Intermediates.noindex/MyRAM.build/Debug-iphonesimulator/MyRAMWidgetExtension.build/DerivedSources -Xcc -DDEBUG\=1 -emit-objc-header -emit-objc-header-path /tmp/MYR175-AppClosure-iOS-DD/Build/Intermediates.noindex/MyRAM.build/Debug-iphonesimulator/MyRAMWidgetExtension.build/Objects-normal/arm64/MyRAMWidgetExtension-Swift.h -working-directory /Users/runner/work/MyRAM-iOS/MyRAM-iOS/MyRAM-iOS -experimental-emit-module-separately -disable-cmo

SwiftDriver AnchoredSequenceCore normal arm64 com.apple.xcode.tools.swift.compiler (in target 'AnchoredSequenceCore' from project 'AnchoredSequenceCore')
    cd /Users/runner/work/MyRAM-iOS/MyRAM-iOS/MyRAM-iOS/MyRAM.xcodeproj
    builtin-SwiftDriver -- /Applications/Xcode_26.5.app/Contents/Developer/Toolchains/XcodeDefault.xctoolchain/usr/bin/swiftc -module-name AnchoredSequenceCore -Onone @/tmp/MYR175-AppClosure-iOS-DD/Build/Intermediates.noindex/AnchoredSequenceCore.build/Debug-iphonesimulator/AnchoredSequenceCore.build/Objects-normal/arm64/AnchoredSequenceCore.SwiftFileList -DSWIFT_PACKAGE -DDEBUG -DSWIFT_MODULE_RESOURCE_BUNDLE_UNAVAILABLE -DXcode -plugin-path /Applications/Xcode_26.5.app/Contents/Developer/Toolchains/XcodeDefault.xctoolchain/usr/lib/swift/host/plugins/testing -enable-experimental-feature DebugDescriptionMacro -sdk /Applications/Xcode_26.5.app/Contents/Developer/Platforms/iPhoneSimulator.platform/Developer/SDKs/iPhoneSimulator26.5.sdk -target arm64-apple-ios17.0-simulator -g -module-cache-path /tmp/MYR175-AppClosure-iOS-DD/ModuleCache.noindex -Xfrontend -serialize-debugging-options -enable-testing -suppress-warnings -index-store-path /tmp/MYR175-AppClosure-iOS-DD/Index.noindex/DataStore -Xcc -D_LIBCPP_HARDENING_MODE\=_LIBCPP_HARDENING_MODE_DEBUG -swift-version 5 -I /tmp/MYR175-AppClosure-iOS-DD/Build/Products/Debug-iphonesimulator -Isystem /Applications/Xcode_26.5.app/Contents/Developer/Platforms/iPhoneSimulator.platform/Developer/usr/lib -F /tmp/MYR175-AppClosure-iOS-DD/Build/Products/Debug-iphonesimulator -F /Applications/Xcode_26.5.app/Contents/Developer/Platforms/iPhoneSimulator.platform/Developer/Library/Frameworks -F /Applications/Xcode_26.5.app/Contents/Developer/Platforms/iPhoneSimulator.platform/Developer/SDKs/iPhoneSimulator26.5.sdk/Developer/Library/Frameworks -c -j3 -enable-batch-mode -incremental -Xcc -ivfsstatcache -Xcc /tmp/MYR175-AppClosure-iOS-DD/SDKStatCaches.noindex/iphonesimulator26.5-23F73-688ef53f1462e2c8f657fdc38a81448ffb7d586738ff35573a713a18216ade27.sdkstatcache -output-file-map /tmp/MYR175-AppClosure-iOS-DD/Build/Intermediates.noindex/AnchoredSequenceCore.build/Debug-iphonesimulator/AnchoredSequenceCore.build/Objects-normal/arm64/AnchoredSequenceCore-OutputFileMap.json -use-frontend-parseable-output -save-temps -no-color-diagnostics -explicit-module-build -module-cache-path /tmp/MYR175-AppClosure-iOS-DD/Build/Intermediates.noindex/SwiftExplicitPrecompiledModules -clang-scanner-module-cache-path /tmp/MYR175-AppClosure-iOS-DD/ModuleCache.noindex -sdk-module-cache-path /tmp/MYR175-AppClosure-iOS-DD/ModuleCache.noindex -serialize-diagnostics -emit-dependencies -emit-module -emit-module-path /tmp/MYR175-AppClosure-iOS-DD/Build/Intermediates.noindex/AnchoredSequenceCore.build/Debug-iphonesimulator/AnchoredSequenceCore.build/Objects-normal/arm64/AnchoredSequenceCore.swiftmodule -validate-clang-modules-once -clang-build-session-file /tmp/MYR175-AppClosure-iOS-DD/ModuleCache.noindex/Session.modulevalidation -package-name anchoredsequencecore -Xcc -I/tmp/MYR175-AppClosure-iOS-DD/Build/Intermediates.noindex/AnchoredSequenceCore.build/Debug-iphonesimulator/AnchoredSequenceCore.build/swift-overrides.hmap -emit-const-values -Xfrontend -const-gather-protocols-file -Xfrontend /tmp/MYR175-AppClosure-iOS-DD/Build/Intermediates.noindex/AnchoredSequenceCore.build/Debug-iphonesimulator/AnchoredSequenceCore.build/Objects-normal/arm64/AnchoredSequenceCore_const_extract_protocols.json -Xcc -I/tmp/MYR175-AppClosure-iOS-DD/Build/Products/Debug-iphonesimulator/include -Xcc -I/tmp/MYR175-AppClosure-iOS-DD/Build/Intermediates.noindex/AnchoredSequenceCore.build/Debug-iphonesimulator/AnchoredSequenceCore.build/DerivedSources-normal/arm64 -Xcc -I/tmp/MYR175-AppClosure-iOS-DD/Build/Intermediates.noindex/AnchoredSequenceCore.build/Debug-iphonesimulator/AnchoredSequenceCore.build/DerivedSources/arm64 -Xcc -I/tmp/MYR175-AppClosure-iOS-DD/Build/Intermediates.noindex/AnchoredSequenceCore.build/Debug-iphonesimulator/AnchoredSequenceCore.build/DerivedSources -Xcc -DSWIFT_PACKAGE -Xcc -DDEBUG\=1 -emit-objc-header -emit-objc-header-path /tmp/MYR175-AppClosure-iOS-DD/Build/Intermediates.noindex/AnchoredSequenceCore.build/Debug-iphonesimulator/AnchoredSequenceCore.build/Objects-normal/arm64/AnchoredSequenceCore-Swift.h -working-directory /Users/runner/work/MyRAM-iOS/MyRAM-iOS/MyRAM-iOS/MyRAM.xcodeproj -experimental-emit-module-separately -disable-cmo

SwiftExplicitDependencyGeneratePcm arm64 /tmp/MYR175-AppClosure-iOS-DD/ModuleCache.noindex/ptrcheck-5N60PFND9MFO5LWOHS6LS3R8L.pcm

SwiftExplicitDependencyGeneratePcm arm64 /tmp/MYR175-AppClosure-iOS-DD/ModuleCache.noindex/_Builtin_stddef-7RPDOTEDPARLZ1X0J8GFC6WFL.pcm

SwiftExplicitDependencyGeneratePcm arm64 /tmp/MYR175-AppClosure-iOS-DD/ModuleCache.noindex/_Builtin_stdarg-3Y23XFJ1F9TK3Y22UHCHYQS2C.pcm

SwiftExplicitDependencyGeneratePcm arm64 /tmp/MYR175-AppClosure-iOS-DD/ModuleCache.noindex/_Builtin_float-D0XPS96YU0DW2NX8Q2JJCRL16.pcm

SwiftExplicitDependencyGeneratePcm arm64 /tmp/MYR175-AppClosure-iOS-DD/ModuleCache.noindex/_Builtin_stdbool-DCAB9WQFLO7UG4BY9Z4WU1Q42.pcm

SwiftExplicitDependencyGeneratePcm arm64 /tmp/MYR175-AppClosure-iOS-DD/ModuleCache.noindex/SwiftShims-4SEH6SH4SNT9F73YAKXKI8UFA.pcm

SwiftExplicitDependencyGeneratePcm arm64 /tmp/MYR175-AppClosure-iOS-DD/ModuleCache.noindex/_SwiftConcurrencyShims-ANVS1X9BGDHCHV4S5T5TFWT8D.pcm

SwiftExplicitDependencyGeneratePcm arm64 /tmp/MYR175-AppClosure-iOS-DD/ModuleCache.noindex/_AvailabilityInternal-F564T2WF6UGQN19L5F6TICXP9.pcm

SwiftExplicitDependencyGeneratePcm arm64 /tmp/MYR175-AppClosure-iOS-DD/ModuleCache.noindex/ptrauth-13ANPSW31PNAPW7L2WY7R6PD0.pcm

SwiftExplicitDependencyGeneratePcm arm64 /tmp/MYR175-AppClosure-iOS-DD/ModuleCache.noindex/_DarwinFoundation1-CZ8YVNY8KIHEF2GRNFP988Q3Z.pcm

SwiftExplicitDependencyGeneratePcm arm64 /tmp/MYR175-AppClosure-iOS-DD/ModuleCache.noindex/_Builtin_limits-39R0CMQD7R6C8FU5DASIXFUJI.pcm

SwiftExplicitDependencyGeneratePcm arm64 /tmp/MYR175-AppClosure-iOS-DD/ModuleCache.noindex/_DarwinFoundation2-45U82Z077NH2O9QCDCCH094KT.pcm

SwiftExplicitDependencyGeneratePcm arm64 /tmp/MYR175-AppClosure-iOS-DD/ModuleCache.noindex/_Builtin_stdint-6C052VKC0CJ9ZPQV0ARDYSDWO.pcm

SwiftExplicitDependencyGeneratePcm arm64 /tmp/MYR175-AppClosure-iOS-DD/ModuleCache.noindex/sys_types-R4NOHPB2LR5SJ1A38UD3FSRL.pcm

SwiftExplicitDependencyGeneratePcm arm64 /tmp/MYR175-AppClosure-iOS-DD/ModuleCache.noindex/_DarwinFoundation3-2QAAIL8SF83YVU6QI6EORQL6A.pcm

SwiftExplicitDependencyGeneratePcm arm64 /tmp/MYR175-AppClosure-iOS-DD/ModuleCache.noindex/_Builtin_inttypes-2NXMR85SNNFAGWCIOBS0HI55G.pcm

SwiftExplicitDependencyGeneratePcm arm64 /tmp/MYR175-AppClosure-iOS-DD/ModuleCache.noindex/Darwin-8OKQALRCFB712T5GRANH68HE.pcm

SwiftExplicitDependencyGeneratePcm arm64 /tmp/MYR175-AppClosure-iOS-DD/ModuleCache.noindex/_Builtin_stdarg-9SXKIHR3P83O1J7ZO41TRN0MD.pcm

SwiftExplicitDependencyGeneratePcm arm64 /tmp/MYR175-AppClosure-iOS-DD/ModuleCache.noindex/SwiftShims-4H4P2LQKZJ0PM4PP9LPC74ZS2.pcm

SwiftExplicitDependencyGeneratePcm arm64 /tmp/MYR175-AppClosure-iOS-DD/ModuleCache.noindex/_Builtin_stdbool-5B73SWECFC3W80CQ9LN3X71IA.pcm

SwiftExplicitDependencyGeneratePcm arm64 /tmp/MYR175-AppClosure-iOS-DD/ModuleCache.noindex/DeveloperToolsSupport-823M6PN9CVZVD1EVFUB62X187.pcm

SwiftExplicitDependencyGeneratePcm arm64 /tmp/MYR175-AppClosure-iOS-DD/ModuleCache.noindex/ActivityKit-ATKWZJKJS8KCXX0NCLNNO4Q2W.pcm

SwiftExplicitDependencyGeneratePcm arm64 /tmp/MYR175-AppClosure-iOS-DD/ModuleCache.noindex/_SwiftConcurrencyShims-BS91AAIWUF1WZ3T8K5QKB24BW.pcm

SwiftExplicitDependencyGeneratePcm arm64 /tmp/MYR175-AppClosure-iOS-DD/ModuleCache.noindex/_Builtin_stddef-6G93X16L8TCBK5WUDHGDMJT78.pcm

SwiftExplicitDependencyGeneratePcm arm64 /tmp/MYR175-AppClosure-iOS-DD/ModuleCache.noindex/ptrcheck-NRAVDIU7M9NC7W5RU6YXINOY.pcm

SwiftExplicitDependencyGeneratePcm arm64 /tmp/MYR175-AppClosure-iOS-DD/ModuleCache.noindex/_Builtin_float-DLRALZB2VEOED9VFI35VFA098.pcm

SwiftExplicitDependencyGeneratePcm arm64 /tmp/MYR175-AppClosure-iOS-DD/ModuleCache.noindex/_AvailabilityInternal-F1MSWH3WVTLDCH3COOEJCVMXW.pcm

SwiftExplicitDependencyGeneratePcm arm64 /tmp/MYR175-AppClosure-iOS-DD/ModuleCache.noindex/ptrauth-OWKBRQE8D7YMVUIRO9A68F8H.pcm

SwiftExplicitDependencyGeneratePcm arm64 /tmp/MYR175-AppClosure-iOS-DD/ModuleCache.noindex/_DarwinFoundation1-4PV7N09PR5B1O7MZ1OC06B75J.pcm

SwiftExplicitDependencyGeneratePcm arm64 /tmp/MYR175-AppClosure-iOS-DD/ModuleCache.noindex/ExtensionFoundation-BT4XH1EQDS8P4R3F0AM5UKAFU.pcm

SwiftExplicitDependencyGeneratePcm arm64 /tmp/MYR175-AppClosure-iOS-DD/ModuleCache.noindex/_Builtin_limits-DERVEXQJS59GIEVBK2OZI9RX2.pcm

SwiftExplicitDependencyGeneratePcm arm64 /tmp/MYR175-AppClosure-iOS-DD/ModuleCache.noindex/_DarwinFoundation2-6X50077Q7HT0EDFLK1TZPPJUC.pcm

SwiftExplicitDependencyGeneratePcm arm64 /tmp/MYR175-AppClosure-iOS-DD/ModuleCache.noindex/ObjectiveC-3N6G9DNJFASR0M8YH3VLO66UR.pcm

SwiftExplicitDependencyGeneratePcm arm64 /tmp/MYR175-AppClosure-iOS-DD/ModuleCache.noindex/sys_types-6VF4WKXESB5Y15K30MC311WRF.pcm

SwiftExplicitDependencyGeneratePcm arm64 /tmp/MYR175-AppClosure-iOS-DD/ModuleCache.noindex/_Builtin_tgmath-DJDOYVZ9NMEGCJCLCA2R9H64F.pcm

SwiftExplicitDependencyGeneratePcm arm64 /tmp/MYR175-AppClosure-iOS-DD/ModuleCache.noindex/_Builtin_stdint-97D59C9UDRSOJQZXLZOFB66YH.pcm

SwiftExplicitDependencyGeneratePcm arm64 /tmp/MYR175-AppClosure-iOS-DD/ModuleCache.noindex/os_object-51BYZZ6RXKK0R6WFOFEWDPTO5.pcm

SwiftExplicitDependencyGeneratePcm arm64 /tmp/MYR175-AppClosure-iOS-DD/ModuleCache.noindex/_Builtin_intrinsics-CR9S1JZUKJF8CXDLMJWXLVOTV.pcm

SwiftExplicitDependencyGeneratePcm arm64 /tmp/MYR175-AppClosure-iOS-DD/ModuleCache.noindex/_Builtin_stdatomic-DFRDY2OQQP5H5GP81AQJ5OEC4.pcm

SwiftExplicitDependencyGeneratePcm arm64 /tmp/MYR175-AppClosure-iOS-DD/ModuleCache.noindex/_DarwinFoundation3-5KISSNCUNBZAMB8SS7A1YWYXB.pcm

SwiftExplicitDependencyGeneratePcm arm64 /tmp/MYR175-AppClosure-iOS-DD/ModuleCache.noindex/os_workgroup-2SLWSFH86O40W6QPZZ8Q545K5.pcm

SwiftExplicitDependencyGeneratePcm arm64 /tmp/MYR175-AppClosure-iOS-DD/ModuleCache.noindex/_Builtin_inttypes-4L6VODPABSYQN8KONFVOKWNYE.pcm

SwiftExplicitDependencyGeneratePcm arm64 /tmp/MYR175-AppClosure-iOS-DD/ModuleCache.noindex/Dispatch-6LKZSBKI6EK1VSYY6YGIY6WUS.pcm

SwiftExplicitDependencyGeneratePcm arm64 /tmp/MYR175-AppClosure-iOS-DD/ModuleCache.noindex/Darwin-B47N9DGXOXBZY72H9A156H0RG.pcm

SwiftExplicitDependencyGeneratePcm arm64 /tmp/MYR175-AppClosure-iOS-DD/ModuleCache.noindex/XPC-A7CSJV2HVDC29X1OV63QSFHLF.pcm

SwiftExplicitDependencyGeneratePcm arm64 /tmp/MYR175-AppClosure-iOS-DD/ModuleCache.noindex/CoreFoundation-76TXNURUGRU8SWII5IN3K1PFH.pcm

SwiftExplicitDependencyGeneratePcm arm64 /tmp/MYR175-AppClosure-iOS-DD/ModuleCache.noindex/simd-2LOJVPQH3N15VD45XKINW07VW.pcm

SwiftExplicitDependencyGeneratePcm arm64 /tmp/MYR175-AppClosure-iOS-DD/ModuleCache.noindex/Security-9I2ICJAQ15DC3PG8UEIS98IGJ.pcm

SwiftExplicitDependencyGeneratePcm arm64 /tmp/MYR175-AppClosure-iOS-DD/ModuleCache.noindex/CFNetwork-7YGAR6JQ8KO1YJU11MB58FKSF.pcm

SwiftExplicitDependencyGeneratePcm arm64 /tmp/MYR175-AppClosure-iOS-DD/ModuleCache.noindex/ObjectiveC-8D91DZPBR01J7U9A59ISREWKA.pcm

SwiftExplicitDependencyGeneratePcm arm64 /tmp/MYR175-AppClosure-iOS-DD/ModuleCache.noindex/MachO-5N5SF2X2X11YWB2XU27R3BXVC.pcm

SwiftExplicitDependencyGeneratePcm arm64 /tmp/MYR175-AppClosure-iOS-DD/ModuleCache.noindex/Foundation-4KG81RXQSAV8NF5PP5GQQSYLZ.pcm

SwiftExplicitDependencyGeneratePcm arm64 /tmp/MYR175-AppClosure-iOS-DD/ModuleCache.noindex/os_object-CSE0SBL3EB6P1TV6LM2RVMXUC.pcm

SwiftExplicitDependencyGeneratePcm arm64 /tmp/MYR175-AppClosure-iOS-DD/ModuleCache.noindex/os_workgroup-DYM6DKBD2BXAQ99PD31MJQJ1I.pcm

SwiftExplicitDependencyGeneratePcm arm64 /tmp/MYR175-AppClosure-iOS-DD/ModuleCache.noindex/Dispatch-969TDEYWN1K848MBEVKX4R8VH.pcm

SwiftExplicitDependencyGeneratePcm arm64 /tmp/MYR175-AppClosure-iOS-DD/ModuleCache.noindex/Spatial-CSOU2UUBPDCBRHLCP01UHPPDV.pcm

SwiftExplicitDependencyGeneratePcm arm64 /tmp/MYR175-AppClosure-iOS-DD/ModuleCache.noindex/dnssd-CAST5LSA3TJU00P6BTFPFT2EX.pcm

SwiftExplicitDependencyGeneratePcm arm64 /tmp/MYR175-AppClosure-iOS-DD/ModuleCache.noindex/CoreFoundation-8I0LPW6FJRE74V3WM6NIJ89PM.pcm

SwiftExplicitDependencyGeneratePcm arm64 /tmp/MYR175-AppClosure-iOS-DD/ModuleCache.noindex/XPC-ET73YRYRP81JZ75237FWLP30R.pcm

SwiftEmitModule normal arm64 Emitting\ module\ for\ NearbySyncCore (in target 'NearbySyncCore' from project 'NearbySyncCore')

EmitSwiftModule normal arm64 (in target 'NearbySyncCore' from project 'NearbySyncCore')
    cd /Users/runner/work/MyRAM-iOS/MyRAM-iOS/MyRAM-iOS/MyRAM.xcodeproj
    

SwiftExplicitDependencyGeneratePcm arm64 /tmp/MYR175-AppClosure-iOS-DD/ModuleCache.noindex/os-AJUMLGG28G19ERO00D3CF250C.pcm

SwiftExplicitDependencyGeneratePcm arm64 /tmp/MYR175-AppClosure-iOS-DD/ModuleCache.noindex/LocalAuthentication-QL9CSBX3TNMPYIONCFA18Y21.pcm

SwiftExplicitDependencyGeneratePcm arm64 /tmp/MYR175-AppClosure-iOS-DD/ModuleCache.noindex/CoreGraphics-DPAI5MW82211AHE0C9UYLC4V8.pcm

SwiftExplicitDependencyGeneratePcm arm64 /tmp/MYR175-AppClosure-iOS-DD/ModuleCache.noindex/CFNetwork-3I3RQIU7B3DEYZN4SZEP9ISHR.pcm

SwiftEmitModule normal arm64 Emitting\ module\ for\ AnchoredSequenceCore (in target 'AnchoredSequenceCore' from project 'AnchoredSequenceCore')

EmitSwiftModule normal arm64 (in target 'AnchoredSequenceCore' from project 'AnchoredSequenceCore')
    cd /Users/runner/work/MyRAM-iOS/MyRAM-iOS/MyRAM-iOS/MyRAM.xcodeproj
    

SwiftExplicitDependencyGeneratePcm arm64 /tmp/MYR175-AppClosure-iOS-DD/ModuleCache.noindex/Security-70GHFH4HAHE6U49GN9M9CEBGD.pcm

SwiftExplicitDependencyGeneratePcm arm64 /tmp/MYR175-AppClosure-iOS-DD/ModuleCache.noindex/ImageIO-AEN85MZG46E4MPWFVT9NK6FK.pcm

SwiftExplicitDependencyGeneratePcm arm64 /tmp/MYR175-AppClosure-iOS-DD/ModuleCache.noindex/Foundation-REJYN1422P34A473NVZI1J5C.pcm

SwiftDriverJobDiscovery normal arm64 Emitting module for AnchoredSequenceCore (in target 'AnchoredSequenceCore' from project 'AnchoredSequenceCore')

SwiftExplicitDependencyGeneratePcm arm64 /tmp/MYR175-AppClosure-iOS-DD/ModuleCache.noindex/CoreText-243N7VW1NP8TM8UYV6D4B5PCT.pcm

SwiftDriverJobDiscovery normal arm64 Emitting module for NearbySyncCore (in target 'NearbySyncCore' from project 'NearbySyncCore')

SwiftDriver\ Compilation\ Requirements NearbySyncCore normal arm64 com.apple.xcode.tools.swift.compiler (in target 'NearbySyncCore' from project 'NearbySyncCore')
    cd /Users/runner/work/MyRAM-iOS/MyRAM-iOS/MyRAM-iOS/MyRAM.xcodeproj
    builtin-Swift-Compilation-Requirements -- /Applications/Xcode_26.5.app/Contents/Developer/Toolchains/XcodeDefault.xctoolchain/usr/bin/swiftc -module-name NearbySyncCore -Onone @/tmp/MYR175-AppClosure-iOS-DD/Build/Intermediates.noindex/NearbySyncCore.build/Debug-iphonesimulator/NearbySyncCore.build/Objects-normal/arm64/NearbySyncCore.SwiftFileList -DSWIFT_PACKAGE -DDEBUG -DSWIFT_MODULE_RESOURCE_BUNDLE_UNAVAILABLE -DXcode -plugin-path /Applications/Xcode_26.5.app/Contents/Developer/Toolchains/XcodeDefault.xctoolchain/usr/lib/swift/host/plugins/testing -enable-experimental-feature DebugDescriptionMacro -sdk /Applications/Xcode_26.5.app/Contents/Developer/Platforms/iPhoneSimulator.platform/Developer/SDKs/iPhoneSimulator26.5.sdk -target arm64-apple-ios17.0-simulator -g -module-cache-path /tmp/MYR175-AppClosure-iOS-DD/ModuleCache.noindex -Xfrontend -serialize-debugging-options -enable-testing -suppress-warnings -index-store-path /tmp/MYR175-AppClosure-iOS-DD/Index.noindex/DataStore -Xcc -D_LIBCPP_HARDENING_MODE\=_LIBCPP_HARDENING_MODE_DEBUG -swift-version 5 -I /tmp/MYR175-AppClosure-iOS-DD/Build/Products/Debug-iphonesimulator -Isystem /Applications/Xcode_26.5.app/Contents/Developer/Platforms/iPhoneSimulator.platform/Developer/usr/lib -F /tmp/MYR175-AppClosure-iOS-DD/Build/Products/Debug-iphonesimulator -F /Applications/Xcode_26.5.app/Contents/Developer/Platforms/iPhoneSimulator.platform/Developer/Library/Frameworks -F /Applications/Xcode_26.5.app/Contents/Developer/Platforms/iPhoneSimulator.platform/Developer/SDKs/iPhoneSimulator26.5.sdk/Developer/Library/Frameworks -c -j3 -enable-batch-mode -incremental -Xcc -ivfsstatcache -Xcc /tmp/MYR175-AppClosure-iOS-DD/SDKStatCaches.noindex/iphonesimulator26.5-23F73-688ef53f1462e2c8f657fdc38a81448ffb7d586738ff35573a713a18216ade27.sdkstatcache -output-file-map /tmp/MYR175-AppClosure-iOS-DD/Build/Intermediates.noindex/NearbySyncCore.build/Debug-iphonesimulator/NearbySyncCore.build/Objects-normal/arm64/NearbySyncCore-OutputFileMap.json -use-frontend-parseable-output -save-temps -no-color-diagnostics -explicit-module-build -module-cache-path /tmp/MYR175-AppClosure-iOS-DD/Build/Intermediates.noindex/SwiftExplicitPrecompiledModules -clang-scanner-module-cache-path /tmp/MYR175-AppClosure-iOS-DD/ModuleCache.noindex -sdk-module-cache-path /tmp/MYR175-AppClosure-iOS-DD/ModuleCache.noindex -serialize-diagnostics -emit-dependencies -emit-module -emit-module-path /tmp/MYR175-AppClosure-iOS-DD/Build/Intermediates.noindex/NearbySyncCore.build/Debug-iphonesimulator/NearbySyncCore.build/Objects-normal/arm64/NearbySyncCore.swiftmodule -validate-clang-modules-once -clang-build-session-file /tmp/MYR175-AppClosure-iOS-DD/ModuleCache.noindex/Session.modulevalidation -package-name nearbysynccore -Xcc -I/tmp/MYR175-AppClosure-iOS-DD/Build/Intermediates.noindex/NearbySyncCore.build/Debug-iphonesimulator/NearbySyncCore.build/swift-overrides.hmap -emit-const-values -Xfrontend -const-gather-protocols-file -Xfrontend /tmp/MYR175-AppClosure-iOS-DD/Build/Intermediates.noindex/NearbySyncCore.build/Debug-iphonesimulator/NearbySyncCore.build/Objects-normal/arm64/NearbySyncCore_const_extract_protocols.json -Xcc -I/tmp/MYR175-AppClosure-iOS-DD/Build/Products/Debug-iphonesimulator/include -Xcc -I/tmp/MYR175-AppClosure-iOS-DD/Build/Intermediates.noindex/NearbySyncCore.build/Debug-iphonesimulator/NearbySyncCore.build/DerivedSources-normal/arm64 -Xcc -I/tmp/MYR175-AppClosure-iOS-DD/Build/Intermediates.noindex/NearbySyncCore.build/Debug-iphonesimulator/NearbySyncCore.build/DerivedSources/arm64 -Xcc -I/tmp/MYR175-AppClosure-iOS-DD/Build/Intermediates.noindex/NearbySyncCore.build/Debug-iphonesimulator/NearbySyncCore.build/DerivedSources -Xcc -DSWIFT_PACKAGE -Xcc -DDEBUG\=1 -emit-objc-header -emit-objc-header-path /tmp/MYR175-AppClosure-iOS-DD/Build/Intermediates.noindex/NearbySyncCore.build/Debug-iphonesimulator/NearbySyncCore.build/Objects-normal/arm64/NearbySyncCore-Swift.h -working-directory /Users/runner/work/MyRAM-iOS/MyRAM-iOS/MyRAM-iOS/MyRAM.xcodeproj -experimental-emit-module-separately -disable-cmo

SwiftDriver\ Compilation\ Requirements AnchoredSequenceCore normal arm64 com.apple.xcode.tools.swift.compiler (in target 'AnchoredSequenceCore' from project 'AnchoredSequenceCore')
    cd /Users/runner/work/MyRAM-iOS/MyRAM-iOS/MyRAM-iOS/MyRAM.xcodeproj
    builtin-Swift-Compilation-Requirements -- /Applications/Xcode_26.5.app/Contents/Developer/Toolchains/XcodeDefault.xctoolchain/usr/bin/swiftc -module-name AnchoredSequenceCore -Onone @/tmp/MYR175-AppClosure-iOS-DD/Build/Intermediates.noindex/AnchoredSequenceCore.build/Debug-iphonesimulator/AnchoredSequenceCore.build/Objects-normal/arm64/AnchoredSequenceCore.SwiftFileList -DSWIFT_PACKAGE -DDEBUG -DSWIFT_MODULE_RESOURCE_BUNDLE_UNAVAILABLE -DXcode -plugin-path /Applications/Xcode_26.5.app/Contents/Developer/Toolchains/XcodeDefault.xctoolchain/usr/lib/swift/host/plugins/testing -enable-experimental-feature DebugDescriptionMacro -sdk /Applications/Xcode_26.5.app/Contents/Developer/Platforms/iPhoneSimulator.platform/Developer/SDKs/iPhoneSimulator26.5.sdk -target arm64-apple-ios17.0-simulator -g -module-cache-path /tmp/MYR175-AppClosure-iOS-DD/ModuleCache.noindex -Xfrontend -serialize-debugging-options -enable-testing -suppress-warnings -index-store-path /tmp/MYR175-AppClosure-iOS-DD/Index.noindex/DataStore -Xcc -D_LIBCPP_HARDENING_MODE\=_LIBCPP_HARDENING_MODE_DEBUG -swift-version 5 -I /tmp/MYR175-AppClosure-iOS-DD/Build/Products/Debug-iphonesimulator -Isystem /Applications/Xcode_26.5.app/Contents/Developer/Platforms/iPhoneSimulator.platform/Developer/usr/lib -F /tmp/MYR175-AppClosure-iOS-DD/Build/Products/Debug-iphonesimulator -F /Applications/Xcode_26.5.app/Contents/Developer/Platforms/iPhoneSimulator.platform/Developer/Library/Frameworks -F /Applications/Xcode_26.5.app/Contents/Developer/Platforms/iPhoneSimulator.platform/Developer/SDKs/iPhoneSimulator26.5.sdk/Developer/Library/Frameworks -c -j3 -enable-batch-mode -incremental -Xcc -ivfsstatcache -Xcc /tmp/MYR175-AppClosure-iOS-DD/SDKStatCaches.noindex/iphonesimulator26.5-23F73-688ef53f1462e2c8f657fdc38a81448ffb7d586738ff35573a713a18216ade27.sdkstatcache -output-file-map /tmp/MYR175-AppClosure-iOS-DD/Build/Intermediates.noindex/AnchoredSequenceCore.build/Debug-iphonesimulator/AnchoredSequenceCore.build/Objects-normal/arm64/AnchoredSequenceCore-OutputFileMap.json -use-frontend-parseable-output -save-temps -no-color-diagnostics -explicit-module-build -module-cache-path /tmp/MYR175-AppClosure-iOS-DD/Build/Intermediates.noindex/SwiftExplicitPrecompiledModules -clang-scanner-module-cache-path /tmp/MYR175-AppClosure-iOS-DD/ModuleCache.noindex -sdk-module-cache-path /tmp/MYR175-AppClosure-iOS-DD/ModuleCache.noindex -serialize-diagnostics -emit-dependencies -emit-module -emit-module-path /tmp/MYR175-AppClosure-iOS-DD/Build/Intermediates.noindex/AnchoredSequenceCore.build/Debug-iphonesimulator/AnchoredSequenceCore.build/Objects-normal/arm64/AnchoredSequenceCore.swiftmodule -validate-clang-modules-once -clang-build-session-file /tmp/MYR175-AppClosure-iOS-DD/ModuleCache.noindex/Session.modulevalidation -package-name anchoredsequencecore -Xcc -I/tmp/MYR175-AppClosure-iOS-DD/Build/Intermediates.noindex/AnchoredSequenceCore.build/Debug-iphonesimulator/AnchoredSequenceCore.build/swift-overrides.hmap -emit-const-values -Xfrontend -const-gather-protocols-file -Xfrontend /tmp/MYR175-AppClosure-iOS-DD/Build/Intermediates.noindex/AnchoredSequenceCore.build/Debug-iphonesimulator/AnchoredSequenceCore.build/Objects-normal/arm64/AnchoredSequenceCore_const_extract_protocols.json -Xcc -I/tmp/MYR175-AppClosure-iOS-DD/Build/Products/Debug-iphonesimulator/include -Xcc -I/tmp/MYR175-AppClosure-iOS-DD/Build/Intermediates.noindex/AnchoredSequenceCore.build/Debug-iphonesimulator/AnchoredSequenceCore.build/DerivedSources-normal/arm64 -Xcc -I/tmp/MYR175-AppClosure-iOS-DD/Build/Intermediates.noindex/AnchoredSequenceCore.build/Debug-iphonesimulator/AnchoredSequenceCore.build/DerivedSources/arm64 -Xcc -I/tmp/MYR175-AppClosure-iOS-DD/Build/Intermediates.noindex/AnchoredSequenceCore.build/Debug-iphonesimulator/AnchoredSequenceCore.build/DerivedSources -Xcc -DSWIFT_PACKAGE -Xcc -DDEBUG\=1 -emit-objc-header -emit-objc-header-path /tmp/MYR175-AppClosure-iOS-DD/Build/Intermediates.noindex/AnchoredSequenceCore.build/Debug-iphonesimulator/AnchoredSequenceCore.build/Objects-normal/arm64/AnchoredSequenceCore-Swift.h -working-directory /Users/runner/work/MyRAM-iOS/MyRAM-iOS/MyRAM-iOS/MyRAM.xcodeproj -experimental-emit-module-separately -disable-cmo

SwiftCompile normal arm64 Compiling\ DebouncedChangeSender.swift,\ SyncEngine.swift /Users/runner/work/MyRAM-iOS/MyRAM-iOS/NearbySyncCore/Sources/NearbySyncCore/DebouncedChangeSender.swift /Users/runner/work/MyRAM-iOS/MyRAM-iOS/NearbySyncCore/Sources/NearbySyncCore/SyncEngine.swift (in target 'NearbySyncCore' from project 'NearbySyncCore')
SwiftCompile normal arm64 /Users/runner/work/MyRAM-iOS/MyRAM-iOS/NearbySyncCore/Sources/NearbySyncCore/DebouncedChangeSender.swift (in target 'NearbySyncCore' from project 'NearbySyncCore')
    cd /Users/runner/work/MyRAM-iOS/MyRAM-iOS/MyRAM-iOS/MyRAM.xcodeproj
    

SwiftCompile normal arm64 /Users/runner/work/MyRAM-iOS/MyRAM-iOS/NearbySyncCore/Sources/NearbySyncCore/SyncEngine.swift (in target 'NearbySyncCore' from project 'NearbySyncCore')
    cd /Users/runner/work/MyRAM-iOS/MyRAM-iOS/MyRAM-iOS/MyRAM.xcodeproj
    

SwiftMergeGeneratedHeaders /tmp/MYR175-AppClosure-iOS-DD/Build/Intermediates.noindex/GeneratedModuleMaps-iphonesimulator/NearbySyncCore-Swift.h /tmp/MYR175-AppClosure-iOS-DD/Build/Intermediates.noindex/NearbySyncCore.build/Debug-iphonesimulator/NearbySyncCore.build/Objects-normal/arm64/NearbySyncCore-Swift.h (in target 'NearbySyncCore' from project 'NearbySyncCore')
    cd /Users/runner/work/MyRAM-iOS/MyRAM-iOS/NearbySyncCore
    builtin-swiftHeaderTool -arch arm64 /tmp/MYR175-AppClosure-iOS-DD/Build/Intermediates.noindex/NearbySyncCore.build/Debug-iphonesimulator/NearbySyncCore.build/Objects-normal/arm64/NearbySyncCore-Swift.h -o /tmp/MYR175-AppClosure-iOS-DD/Build/Intermediates.noindex/GeneratedModuleMaps-iphonesimulator/NearbySyncCore-Swift.h

Copy /tmp/MYR175-AppClosure-iOS-DD/Build/Products/Debug-iphonesimulator/NearbySyncCore.swiftmodule/arm64-apple-ios-simulator.swiftmodule /tmp/MYR175-AppClosure-iOS-DD/Build/Intermediates.noindex/NearbySyncCore.build/Debug-iphonesimulator/NearbySyncCore.build/Objects-normal/arm64/NearbySyncCore.swiftmodule (in target 'NearbySyncCore' from project 'NearbySyncCore')
    cd /Users/runner/work/MyRAM-iOS/MyRAM-iOS/NearbySyncCore
    builtin-copy -exclude .DS_Store -exclude CVS -exclude .svn -exclude .git -exclude .hg -resolve-src-symlinks -rename /tmp/MYR175-AppClosure-iOS-DD/Build/Intermediates.noindex/NearbySyncCore.build/Debug-iphonesimulator/NearbySyncCore.build/Objects-normal/arm64/NearbySyncCore.swiftmodule /tmp/MYR175-AppClosure-iOS-DD/Build/Products/Debug-iphonesimulator/NearbySyncCore.swiftmodule/arm64-apple-ios-simulator.swiftmodule

Copy /tmp/MYR175-AppClosure-iOS-DD/Build/Products/Debug-iphonesimulator/NearbySyncCore.swiftmodule/arm64-apple-ios-simulator.swiftdoc /tmp/MYR175-AppClosure-iOS-DD/Build/Intermediates.noindex/NearbySyncCore.build/Debug-iphonesimulator/NearbySyncCore.build/Objects-normal/arm64/NearbySyncCore.swiftdoc (in target 'NearbySyncCore' from project 'NearbySyncCore')
    cd /Users/runner/work/MyRAM-iOS/MyRAM-iOS/NearbySyncCore
    builtin-copy -exclude .DS_Store -exclude CVS -exclude .svn -exclude .git -exclude .hg -resolve-src-symlinks -rename /tmp/MYR175-AppClosure-iOS-DD/Build/Intermediates.noindex/NearbySyncCore.build/Debug-iphonesimulator/NearbySyncCore.build/Objects-normal/arm64/NearbySyncCore.swiftdoc /tmp/MYR175-AppClosure-iOS-DD/Build/Products/Debug-iphonesimulator/NearbySyncCore.swiftmodule/arm64-apple-ios-simulator.swiftdoc

Copy /tmp/MYR175-AppClosure-iOS-DD/Build/Products/Debug-iphonesimulator/NearbySyncCore.swiftmodule/arm64-apple-ios-simulator.abi.json /tmp/MYR175-AppClosure-iOS-DD/Build/Intermediates.noindex/NearbySyncCore.build/Debug-iphonesimulator/NearbySyncCore.build/Objects-normal/arm64/NearbySyncCore.abi.json (in target 'NearbySyncCore' from project 'NearbySyncCore')
    cd /Users/runner/work/MyRAM-iOS/MyRAM-iOS/NearbySyncCore
    builtin-copy -exclude .DS_Store -exclude CVS -exclude .svn -exclude .git -exclude .hg -resolve-src-symlinks -rename /tmp/MYR175-AppClosure-iOS-DD/Build/Intermediates.noindex/NearbySyncCore.build/Debug-iphonesimulator/NearbySyncCore.build/Objects-normal/arm64/NearbySyncCore.abi.json /tmp/MYR175-AppClosure-iOS-DD/Build/Products/Debug-iphonesimulator/NearbySyncCore.swiftmodule/arm64-apple-ios-simulator.abi.json

Copy /tmp/MYR175-AppClosure-iOS-DD/Build/Products/Debug-iphonesimulator/NearbySyncCore.swiftmodule/Project/arm64-apple-ios-simulator.swiftsourceinfo /tmp/MYR175-AppClosure-iOS-DD/Build/Intermediates.noindex/NearbySyncCore.build/Debug-iphonesimulator/NearbySyncCore.build/Objects-normal/arm64/NearbySyncCore.swiftsourceinfo (in target 'NearbySyncCore' from project 'NearbySyncCore')
    cd /Users/runner/work/MyRAM-iOS/MyRAM-iOS/NearbySyncCore
    builtin-copy -exclude .DS_Store -exclude CVS -exclude .svn -exclude .git -exclude .hg -resolve-src-symlinks -rename /tmp/MYR175-AppClosure-iOS-DD/Build/Intermediates.noindex/NearbySyncCore.build/Debug-iphonesimulator/NearbySyncCore.build/Objects-normal/arm64/NearbySyncCore.swiftsourceinfo /tmp/MYR175-AppClosure-iOS-DD/Build/Products/Debug-iphonesimulator/NearbySyncCore.swiftmodule/Project/arm64-apple-ios-simulator.swiftsourceinfo

SwiftMergeGeneratedHeaders /tmp/MYR175-AppClosure-iOS-DD/Build/Intermediates.noindex/GeneratedModuleMaps-iphonesimulator/AnchoredSequenceCore-Swift.h /tmp/MYR175-AppClosure-iOS-DD/Build/Intermediates.noindex/AnchoredSequenceCore.build/Debug-iphonesimulator/AnchoredSequenceCore.build/Objects-normal/arm64/AnchoredSequenceCore-Swift.h (in target 'AnchoredSequenceCore' from project 'AnchoredSequenceCore')
    cd /Users/runner/work/MyRAM-iOS/MyRAM-iOS/MyRAM-iOS/Packages/AnchoredSequenceCore
    builtin-swiftHeaderTool -arch arm64 /tmp/MYR175-AppClosure-iOS-DD/Build/Intermediates.noindex/AnchoredSequenceCore.build/Debug-iphonesimulator/AnchoredSequenceCore.build/Objects-normal/arm64/AnchoredSequenceCore-Swift.h -o /tmp/MYR175-AppClosure-iOS-DD/Build/Intermediates.noindex/GeneratedModuleMaps-iphonesimulator/AnchoredSequenceCore-Swift.h

Copy /tmp/MYR175-AppClosure-iOS-DD/Build/Products/Debug-iphonesimulator/AnchoredSequenceCore.swiftmodule/arm64-apple-ios-simulator.swiftmodule /tmp/MYR175-AppClosure-iOS-DD/Build/Intermediates.noindex/AnchoredSequenceCore.build/Debug-iphonesimulator/AnchoredSequenceCore.build/Objects-normal/arm64/AnchoredSequenceCore.swiftmodule (in target 'AnchoredSequenceCore' from project 'AnchoredSequenceCore')
    cd /Users/runner/work/MyRAM-iOS/MyRAM-iOS/MyRAM-iOS/Packages/AnchoredSequenceCore
    builtin-copy -exclude .DS_Store -exclude CVS -exclude .svn -exclude .git -exclude .hg -resolve-src-symlinks -rename /tmp/MYR175-AppClosure-iOS-DD/Build/Intermediates.noindex/AnchoredSequenceCore.build/Debug-iphonesimulator/AnchoredSequenceCore.build/Objects-normal/arm64/AnchoredSequenceCore.swiftmodule /tmp/MYR175-AppClosure-iOS-DD/Build/Products/Debug-iphonesimulator/AnchoredSequenceCore.swiftmodule/arm64-apple-ios-simulator.swiftmodule

Copy /tmp/MYR175-AppClosure-iOS-DD/Build/Products/Debug-iphonesimulator/AnchoredSequenceCore.swiftmodule/arm64-apple-ios-simulator.swiftdoc /tmp/MYR175-AppClosure-iOS-DD/Build/Intermediates.noindex/AnchoredSequenceCore.build/Debug-iphonesimulator/AnchoredSequenceCore.build/Objects-normal/arm64/AnchoredSequenceCore.swiftdoc (in target 'AnchoredSequenceCore' from project 'AnchoredSequenceCore')
    cd /Users/runner/work/MyRAM-iOS/MyRAM-iOS/MyRAM-iOS/Packages/AnchoredSequenceCore
    builtin-copy -exclude .DS_Store -exclude CVS -exclude .svn -exclude .git -exclude .hg -resolve-src-symlinks -rename /tmp/MYR175-AppClosure-iOS-DD/Build/Intermediates.noindex/AnchoredSequenceCore.build/Debug-iphonesimulator/AnchoredSequenceCore.build/Objects-normal/arm64/AnchoredSequenceCore.swiftdoc /tmp/MYR175-AppClosure-iOS-DD/Build/Products/Debug-iphonesimulator/AnchoredSequenceCore.swiftmodule/arm64-apple-ios-simulator.swiftdoc

Copy /tmp/MYR175-AppClosure-iOS-DD/Build/Products/Debug-iphonesimulator/AnchoredSequenceCore.swiftmodule/arm64-apple-ios-simulator.abi.json /tmp/MYR175-AppClosure-iOS-DD/Build/Intermediates.noindex/AnchoredSequenceCore.build/Debug-iphonesimulator/AnchoredSequenceCore.build/Objects-normal/arm64/AnchoredSequenceCore.abi.json (in target 'AnchoredSequenceCore' from project 'AnchoredSequenceCore')
    cd /Users/runner/work/MyRAM-iOS/MyRAM-iOS/MyRAM-iOS/Packages/AnchoredSequenceCore
    builtin-copy -exclude .DS_Store -exclude CVS -exclude .svn -exclude .git -exclude .hg -resolve-src-symlinks -rename /tmp/MYR175-AppClosure-iOS-DD/Build/Intermediates.noindex/AnchoredSequenceCore.build/Debug-iphonesimulator/AnchoredSequenceCore.build/Objects-normal/arm64/AnchoredSequenceCore.abi.json /tmp/MYR175-AppClosure-iOS-DD/Build/Products/Debug-iphonesimulator/AnchoredSequenceCore.swiftmodule/arm64-apple-ios-simulator.abi.json

Copy /tmp/MYR175-AppClosure-iOS-DD/Build/Products/Debug-iphonesimulator/AnchoredSequenceCore.swiftmodule/Project/arm64-apple-ios-simulator.swiftsourceinfo /tmp/MYR175-AppClosure-iOS-DD/Build/Intermediates.noindex/AnchoredSequenceCore.build/Debug-iphonesimulator/AnchoredSequenceCore.build/Objects-normal/arm64/AnchoredSequenceCore.swiftsourceinfo (in target 'AnchoredSequenceCore' from project 'AnchoredSequenceCore')
    cd /Users/runner/work/MyRAM-iOS/MyRAM-iOS/MyRAM-iOS/Packages/AnchoredSequenceCore
    builtin-copy -exclude .DS_Store -exclude CVS -exclude .svn -exclude .git -exclude .hg -resolve-src-symlinks -rename /tmp/MYR175-AppClosure-iOS-DD/Build/Intermediates.noindex/AnchoredSequenceCore.build/Debug-iphonesimulator/AnchoredSequenceCore.build/Objects-normal/arm64/AnchoredSequenceCore.swiftsourceinfo /tmp/MYR175-AppClosure-iOS-DD/Build/Products/Debug-iphonesimulator/AnchoredSequenceCore.swiftmodule/Project/arm64-apple-ios-simulator.swiftsourceinfo

SwiftCompile normal arm64 Compiling\ SyncModels.swift,\ SyncQueue.swift /Users/runner/work/MyRAM-iOS/MyRAM-iOS/NearbySyncCore/Sources/NearbySyncCore/SyncModels.swift /Users/runner/work/MyRAM-iOS/MyRAM-iOS/NearbySyncCore/Sources/NearbySyncCore/SyncQueue.swift (in target 'NearbySyncCore' from project 'NearbySyncCore')
SwiftCompile normal arm64 /Users/runner/work/MyRAM-iOS/MyRAM-iOS/NearbySyncCore/Sources/NearbySyncCore/SyncModels.swift (in target 'NearbySyncCore' from project 'NearbySyncCore')
    cd /Users/runner/work/MyRAM-iOS/MyRAM-iOS/MyRAM-iOS/MyRAM.xcodeproj
    

SwiftCompile normal arm64 /Users/runner/work/MyRAM-iOS/MyRAM-iOS/NearbySyncCore/Sources/NearbySyncCore/SyncQueue.swift (in target 'NearbySyncCore' from project 'NearbySyncCore')
    cd /Users/runner/work/MyRAM-iOS/MyRAM-iOS/MyRAM-iOS/MyRAM.xcodeproj
    

SwiftCompile normal arm64 Compiling\ SyncStore.swift,\ TrustedPeerStore.swift /Users/runner/work/MyRAM-iOS/MyRAM-iOS/NearbySyncCore/Sources/NearbySyncCore/SyncStore.swift /Users/runner/work/MyRAM-iOS/MyRAM-iOS/NearbySyncCore/Sources/NearbySyncCore/TrustedPeerStore.swift (in target 'NearbySyncCore' from project 'NearbySyncCore')

SwiftCompile normal arm64 /Users/runner/work/MyRAM-iOS/MyRAM-iOS/NearbySyncCore/Sources/NearbySyncCore/SyncStore.swift (in target 'NearbySyncCore' from project 'NearbySyncCore')
    cd /Users/runner/work/MyRAM-iOS/MyRAM-iOS/MyRAM-iOS/MyRAM.xcodeproj
    

SwiftCompile normal arm64 /Users/runner/work/MyRAM-iOS/MyRAM-iOS/NearbySyncCore/Sources/NearbySyncCore/TrustedPeerStore.swift (in target 'NearbySyncCore' from project 'NearbySyncCore')
    cd /Users/runner/work/MyRAM-iOS/MyRAM-iOS/MyRAM-iOS/MyRAM.xcodeproj
    

SwiftExplicitDependencyGeneratePcm arm64 /tmp/MYR175-AppClosure-iOS-DD/ModuleCache.noindex/Accessibility-3QYMSK2DKMYVU6A68BAYORTUM.pcm

SwiftDriverJobDiscovery normal arm64 Compiling SyncStore.swift, TrustedPeerStore.swift (in target 'NearbySyncCore' from project 'NearbySyncCore')

SwiftExplicitDependencyGeneratePcm arm64 /tmp/MYR175-AppClosure-iOS-DD/ModuleCache.noindex/RelevanceKit-D4C7BYZD897MI7OZ59H7CZ8EI.pcm

SwiftDriverJobDiscovery normal arm64 Compiling DebouncedChangeSender.swift, SyncEngine.swift (in target 'NearbySyncCore' from project 'NearbySyncCore')

SwiftExplicitDependencyGeneratePcm arm64 /tmp/MYR175-AppClosure-iOS-DD/ModuleCache.noindex/AppIntents-7TFXVA7EZZKGFEQX0RV64BF9J.pcm

SwiftExplicitDependencyGeneratePcm arm64 /tmp/MYR175-AppClosure-iOS-DD/ModuleCache.noindex/WidgetKit-7AZOC4MMJW6V4SBYL3XWCGPS2.pcm

SwiftExplicitDependencyGeneratePcm arm64 /tmp/MYR175-AppClosure-iOS-DD/ModuleCache.noindex/FileProvider-AK0YY7F1FI86ABHPXLFSQPJ44.pcm

SwiftExplicitDependencyGeneratePcm arm64 /tmp/MYR175-AppClosure-iOS-DD/ModuleCache.noindex/CoreTransferable-8Q0KYEZYZA9DXCECSUXT4LSZ0.pcm

SwiftExplicitDependencyGeneratePcm arm64 /tmp/MYR175-AppClosure-iOS-DD/ModuleCache.noindex/CoreData-9DMJQGYEIVMVTYWL4W58NAKA4.pcm

SwiftExplicitDependencyGeneratePcm arm64 /tmp/MYR175-AppClosure-iOS-DD/ModuleCache.noindex/UIUtilities-99M1AGJKI94ZS6Z3OLKYRUI0G.pcm

SwiftExplicitDependencyGeneratePcm arm64 /tmp/MYR175-AppClosure-iOS-DD/ModuleCache.noindex/UniformTypeIdentifiers-6IB6Y3NWHJBI265Z2FBRBSW1S.pcm

SwiftDriverJobDiscovery normal arm64 Compiling SyncModels.swift, SyncQueue.swift (in target 'NearbySyncCore' from project 'NearbySyncCore')

SwiftExplicitDependencyGeneratePcm arm64 /tmp/MYR175-AppClosure-iOS-DD/ModuleCache.noindex/Network-E6JN1G45YPO4SLD8GF8PH4Y4N.pcm

SwiftExplicitDependencyGeneratePcm arm64 /tmp/MYR175-AppClosure-iOS-DD/ModuleCache.noindex/OSLog-CDH19Y52F48PDE7D4NZ5M04LO.pcm

SwiftExplicitDependencyGeneratePcm arm64 /tmp/MYR175-AppClosure-iOS-DD/ModuleCache.noindex/IOSurface-6G6PBL3IFU3T0ENR9X6H9BONC.pcm

SwiftExplicitDependencyGeneratePcm arm64 /tmp/MYR175-AppClosure-iOS-DD/ModuleCache.noindex/DataDetection-40F6ZINIVBGUC515Q0CDZ2EJI.pcm

SwiftExplicitDependencyGeneratePcm arm64 /tmp/MYR175-AppClosure-iOS-DD/ModuleCache.noindex/CoreSpotlight-5F025703EUTKAA96FU1XM7F0B.pcm

SwiftExplicitDependencyGeneratePcm arm64 /tmp/MYR175-AppClosure-iOS-DD/ModuleCache.noindex/OpenGLES-BJWVPU2C9M2BHCKS7TEFG0X2P.pcm

SwiftExplicitDependencyGeneratePcm arm64 /tmp/MYR175-AppClosure-iOS-DD/ModuleCache.noindex/Metal-EGBUTRJN8NJFS3NGFBIYKMV8L.pcm

SwiftExplicitDependencyGeneratePcm arm64 /tmp/MYR175-AppClosure-iOS-DD/ModuleCache.noindex/_LocationEssentials-1NM7JTMYEAG6M0DYU7900D75B.pcm

SwiftExplicitDependencyGeneratePcm arm64 /tmp/MYR175-AppClosure-iOS-DD/ModuleCache.noindex/Symbols-DIPQNA6NGUJKOHV241B19ZKDO.pcm

SwiftExplicitDependencyGeneratePcm arm64 /tmp/MYR175-AppClosure-iOS-DD/ModuleCache.noindex/UserNotifications-18TYGL25X7M5ZXO0NJWESPIK.pcm

SwiftExplicitDependencyGeneratePcm arm64 /tmp/MYR175-AppClosure-iOS-DD/ModuleCache.noindex/CoreLocation-CF70LGPJCW2FM0UG37MU5YJ2S.pcm

SwiftDriver\ Compilation NearbySyncCore normal arm64 com.apple.xcode.tools.swift.compiler (in target 'NearbySyncCore' from project 'NearbySyncCore')
    cd /Users/runner/work/MyRAM-iOS/MyRAM-iOS/MyRAM-iOS/MyRAM.xcodeproj
    builtin-Swift-Compilation -- /Applications/Xcode_26.5.app/Contents/Developer/Toolchains/XcodeDefault.xctoolchain/usr/bin/swiftc -module-name NearbySyncCore -Onone @/tmp/MYR175-AppClosure-iOS-DD/Build/Intermediates.noindex/NearbySyncCore.build/Debug-iphonesimulator/NearbySyncCore.build/Objects-normal/arm64/NearbySyncCore.SwiftFileList -DSWIFT_PACKAGE -DDEBUG -DSWIFT_MODULE_RESOURCE_BUNDLE_UNAVAILABLE -DXcode -plugin-path /Applications/Xcode_26.5.app/Contents/Developer/Toolchains/XcodeDefault.xctoolchain/usr/lib/swift/host/plugins/testing -enable-experimental-feature DebugDescriptionMacro -sdk /Applications/Xcode_26.5.app/Contents/Developer/Platforms/iPhoneSimulator.platform/Developer/SDKs/iPhoneSimulator26.5.sdk -target arm64-apple-ios17.0-simulator -g -module-cache-path /tmp/MYR175-AppClosure-iOS-DD/ModuleCache.noindex -Xfrontend -serialize-debugging-options -enable-testing -suppress-warnings -index-store-path /tmp/MYR175-AppClosure-iOS-DD/Index.noindex/DataStore -Xcc -D_LIBCPP_HARDENING_MODE\=_LIBCPP_HARDENING_MODE_DEBUG -swift-version 5 -I /tmp/MYR175-AppClosure-iOS-DD/Build/Products/Debug-iphonesimulator -Isystem /Applications/Xcode_26.5.app/Contents/Developer/Platforms/iPhoneSimulator.platform/Developer/usr/lib -F /tmp/MYR175-AppClosure-iOS-DD/Build/Products/Debug-iphonesimulator -F /Applications/Xcode_26.5.app/Contents/Developer/Platforms/iPhoneSimulator.platform/Developer/Library/Frameworks -F /Applications/Xcode_26.5.app/Contents/Developer/Platforms/iPhoneSimulator.platform/Developer/SDKs/iPhoneSimulator26.5.sdk/Developer/Library/Frameworks -c -j3 -enable-batch-mode -incremental -Xcc -ivfsstatcache -Xcc /tmp/MYR175-AppClosure-iOS-DD/SDKStatCaches.noindex/iphonesimulator26.5-23F73-688ef53f1462e2c8f657fdc38a81448ffb7d586738ff35573a713a18216ade27.sdkstatcache -output-file-map /tmp/MYR175-AppClosure-iOS-DD/Build/Intermediates.noindex/NearbySyncCore.build/Debug-iphonesimulator/NearbySyncCore.build/Objects-normal/arm64/NearbySyncCore-OutputFileMap.json -use-frontend-parseable-output -save-temps -no-color-diagnostics -explicit-module-build -module-cache-path /tmp/MYR175-AppClosure-iOS-DD/Build/Intermediates.noindex/SwiftExplicitPrecompiledModules -clang-scanner-module-cache-path /tmp/MYR175-AppClosure-iOS-DD/ModuleCache.noindex -sdk-module-cache-path /tmp/MYR175-AppClosure-iOS-DD/ModuleCache.noindex -serialize-diagnostics -emit-dependencies -emit-module -emit-module-path /tmp/MYR175-AppClosure-iOS-DD/Build/Intermediates.noindex/NearbySyncCore.build/Debug-iphonesimulator/NearbySyncCore.build/Objects-normal/arm64/NearbySyncCore.swiftmodule -validate-clang-modules-once -clang-build-session-file /tmp/MYR175-AppClosure-iOS-DD/ModuleCache.noindex/Session.modulevalidation -package-name nearbysynccore -Xcc -I/tmp/MYR175-AppClosure-iOS-DD/Build/Intermediates.noindex/NearbySyncCore.build/Debug-iphonesimulator/NearbySyncCore.build/swift-overrides.hmap -emit-const-values -Xfrontend -const-gather-protocols-file -Xfrontend /tmp/MYR175-AppClosure-iOS-DD/Build/Intermediates.noindex/NearbySyncCore.build/Debug-iphonesimulator/NearbySyncCore.build/Objects-normal/arm64/NearbySyncCore_const_extract_protocols.json -Xcc -I/tmp/MYR175-AppClosure-iOS-DD/Build/Products/Debug-iphonesimulator/include -Xcc -I/tmp/MYR175-AppClosure-iOS-DD/Build/Intermediates.noindex/NearbySyncCore.build/Debug-iphonesimulator/NearbySyncCore.build/DerivedSources-normal/arm64 -Xcc -I/tmp/MYR175-AppClosure-iOS-DD/Build/Intermediates.noindex/NearbySyncCore.build/Debug-iphonesimulator/NearbySyncCore.build/DerivedSources/arm64 -Xcc -I/tmp/MYR175-AppClosure-iOS-DD/Build/Intermediates.noindex/NearbySyncCore.build/Debug-iphonesimulator/NearbySyncCore.build/DerivedSources -Xcc -DSWIFT_PACKAGE -Xcc -DDEBUG\=1 -emit-objc-header -emit-objc-header-path /tmp/MYR175-AppClosure-iOS-DD/Build/Intermediates.noindex/NearbySyncCore.build/Debug-iphonesimulator/NearbySyncCore.build/Objects-normal/arm64/NearbySyncCore-Swift.h -working-directory /Users/runner/work/MyRAM-iOS/MyRAM-iOS/MyRAM-iOS/MyRAM.xcodeproj -experimental-emit-module-separately -disable-cmo

SwiftExplicitDependencyGeneratePcm arm64 /tmp/MYR175-AppClosure-iOS-DD/ModuleCache.noindex/CoreVideo-ASDA87HGWPQOQR87V0GB8UYKJ.pcm

SwiftCompile normal arm64 Compiling\ SyncSequenceIdentity.swift,\ SyncTextLegacyBootstrap.swift /Users/runner/work/MyRAM-iOS/MyRAM-iOS/MyRAM-iOS/Packages/AnchoredSequenceCore/Sources/AnchoredSequenceCore/SyncSequenceIdentity.swift /Users/runner/work/MyRAM-iOS/MyRAM-iOS/MyRAM-iOS/Packages/AnchoredSequenceCore/Sources/AnchoredSequenceCore/SyncTextLegacyBootstrap.swift (in target 'AnchoredSequenceCore' from project 'AnchoredSequenceCore')
SwiftCompile normal arm64 /Users/runner/work/MyRAM-iOS/MyRAM-iOS/MyRAM-iOS/Packages/AnchoredSequenceCore/Sources/AnchoredSequenceCore/SyncSequenceIdentity.swift (in target 'AnchoredSequenceCore' from project 'AnchoredSequenceCore')
    cd /Users/runner/work/MyRAM-iOS/MyRAM-iOS/MyRAM-iOS/MyRAM.xcodeproj
    

SwiftCompile normal arm64 /Users/runner/work/MyRAM-iOS/MyRAM-iOS/MyRAM-iOS/Packages/AnchoredSequenceCore/Sources/AnchoredSequenceCore/SyncTextLegacyBootstrap.swift (in target 'AnchoredSequenceCore' from project 'AnchoredSequenceCore')
    cd /Users/runner/work/MyRAM-iOS/MyRAM-iOS/MyRAM-iOS/MyRAM.xcodeproj
    

SwiftCompile normal arm64 Compiling\ SyncTextOperationPayload.swift,\ SyncTextSequenceState.swift /Users/runner/work/MyRAM-iOS/MyRAM-iOS/MyRAM-iOS/Packages/AnchoredSequenceCore/Sources/AnchoredSequenceCore/SyncTextOperationPayload.swift /Users/runner/work/MyRAM-iOS/MyRAM-iOS/MyRAM-iOS/Packages/AnchoredSequenceCore/Sources/AnchoredSequenceCore/SyncTextSequenceState.swift (in target 'AnchoredSequenceCore' from project 'AnchoredSequenceCore')
SwiftCompile normal arm64 /Users/runner/work/MyRAM-iOS/MyRAM-iOS/MyRAM-iOS/Packages/AnchoredSequenceCore/Sources/AnchoredSequenceCore/SyncTextOperationPayload.swift (in target 'AnchoredSequenceCore' from project 'AnchoredSequenceCore')
    cd /Users/runner/work/MyRAM-iOS/MyRAM-iOS/MyRAM-iOS/MyRAM.xcodeproj
    

SwiftCompile normal arm64 /Users/runner/work/MyRAM-iOS/MyRAM-iOS/MyRAM-iOS/Packages/AnchoredSequenceCore/Sources/AnchoredSequenceCore/SyncTextSequenceState.swift (in target 'AnchoredSequenceCore' from project 'AnchoredSequenceCore')
    cd /Users/runner/work/MyRAM-iOS/MyRAM-iOS/MyRAM-iOS/MyRAM.xcodeproj
    

SwiftExplicitDependencyGeneratePcm arm64 /tmp/MYR175-AppClosure-iOS-DD/ModuleCache.noindex/Intents-4EWVNTB27NZUR0YETXTEPRT43.pcm

SwiftExplicitDependencyGeneratePcm arm64 /tmp/MYR175-AppClosure-iOS-DD/ModuleCache.noindex/QuartzCore-292I88V30B53I0VE94O49SJLN.pcm

SwiftExplicitDependencyGeneratePcm arm64 /tmp/MYR175-AppClosure-iOS-DD/ModuleCache.noindex/CoreImage-578YZ5CD1UKHUGOLI8JJSMOIG.pcm

SwiftExplicitDependencyGeneratePcm arm64 /tmp/MYR175-AppClosure-iOS-DD/ModuleCache.noindex/SwiftUICore-3J2Z65PH0YU2KS83RXTB0ZENG.pcm

SwiftDriverJobDiscovery normal arm64 Compiling SyncSequenceIdentity.swift, SyncTextLegacyBootstrap.swift (in target 'AnchoredSequenceCore' from project 'AnchoredSequenceCore')

SwiftCompile normal arm64 Compiling\ SyncActorSequenceReservation.swift,\ SyncOperationIDOrder.swift /Users/runner/work/MyRAM-iOS/MyRAM-iOS/MyRAM-iOS/Packages/AnchoredSequenceCore/Sources/AnchoredSequenceCore/SyncActorSequenceReservation.swift /Users/runner/work/MyRAM-iOS/MyRAM-iOS/MyRAM-iOS/Packages/AnchoredSequenceCore/Sources/AnchoredSequenceCore/SyncOperationIDOrder.swift (in target 'AnchoredSequenceCore' from project 'AnchoredSequenceCore')

SwiftCompile normal arm64 /Users/runner/work/MyRAM-iOS/MyRAM-iOS/MyRAM-iOS/Packages/AnchoredSequenceCore/Sources/AnchoredSequenceCore/SyncActorSequenceReservation.swift (in target 'AnchoredSequenceCore' from project 'AnchoredSequenceCore')
    cd /Users/runner/work/MyRAM-iOS/MyRAM-iOS/MyRAM-iOS/MyRAM.xcodeproj
    

SwiftCompile normal arm64 /Users/runner/work/MyRAM-iOS/MyRAM-iOS/MyRAM-iOS/Packages/AnchoredSequenceCore/Sources/AnchoredSequenceCore/SyncOperationIDOrder.swift (in target 'AnchoredSequenceCore' from project 'AnchoredSequenceCore')
    cd /Users/runner/work/MyRAM-iOS/MyRAM-iOS/MyRAM-iOS/MyRAM.xcodeproj
    

SwiftExplicitDependencyGeneratePcm arm64 /tmp/MYR175-AppClosure-iOS-DD/ModuleCache.noindex/UIKit-8ILUX6M9S7ZPCSZE2N26ELV0.pcm

SwiftDriverJobDiscovery normal arm64 Compiling SyncActorSequenceReservation.swift, SyncOperationIDOrder.swift (in target 'AnchoredSequenceCore' from project 'AnchoredSequenceCore')

Ld /tmp/MYR175-AppClosure-iOS-DD/Build/Products/Debug-iphonesimulator/NearbySyncCore.o normal (in target 'NearbySyncCore' from project 'NearbySyncCore')
    cd /Users/runner/work/MyRAM-iOS/MyRAM-iOS/NearbySyncCore
    /Applications/Xcode_26.5.app/Contents/Developer/Toolchains/XcodeDefault.xctoolchain/usr/bin/clang -Xlinker -reproducible -target arm64-apple-ios17.0-simulator -r -isysroot /Applications/Xcode_26.5.app/Contents/Developer/Platforms/iPhoneSimulator.platform/Developer/SDKs/iPhoneSimulator26.5.sdk -O0 -w -F/tmp/MYR175-AppClosure-iOS-DD/Build/Intermediates.noindex/EagerLinkingTBDs/Debug-iphonesimulator -F/tmp/MYR175-AppClosure-iOS-DD/Build/Products/Debug-iphonesimulator -iframework /Applications/Xcode_26.5.app/Contents/Developer/Platforms/iPhoneSimulator.platform/Developer/Library/Frameworks -iframework /Applications/Xcode_26.5.app/Contents/Developer/Platforms/iPhoneSimulator.platform/Developer/SDKs/iPhoneSimulator26.5.sdk/Developer/Library/Frameworks -filelist /tmp/MYR175-AppClosure-iOS-DD/Build/Intermediates.noindex/NearbySyncCore.build/Debug-iphonesimulator/NearbySyncCore.build/Objects-normal/arm64/NearbySyncCore.LinkFileList -nostdlib -Xlinker -object_path_lto -Xlinker /tmp/MYR175-AppClosure-iOS-DD/Build/Intermediates.noindex/NearbySyncCore.build/Debug-iphonesimulator/NearbySyncCore.build/Objects-normal/arm64/NearbySyncCore_lto.o -Xlinker -no_deduplicate -Xlinker -objc_abi_version -Xlinker 2 -Xlinker -dependency_info -Xlinker /tmp/MYR175-AppClosure-iOS-DD/Build/Intermediates.noindex/NearbySyncCore.build/Debug-iphonesimulator/NearbySyncCore.build/Objects-normal/arm64/NearbySyncCore_dependency_info.dat -fobjc-link-runtime -L/Applications/Xcode_26.5.app/Contents/Developer/Toolchains/XcodeDefault.xctoolchain/usr/lib/swift/iphonesimulator -L/usr/lib/swift -Xlinker -add_ast_path -Xlinker /tmp/MYR175-AppClosure-iOS-DD/Build/Intermediates.noindex/NearbySyncCore.build/Debug-iphonesimulator/NearbySyncCore.build/Objects-normal/arm64/NearbySyncCore.swiftmodule @/tmp/MYR175-AppClosure-iOS-DD/Build/Intermediates.noindex/NearbySyncCore.build/Debug-iphonesimulator/NearbySyncCore.build/Objects-normal/arm64/NearbySyncCore-linker-args.resp -o /tmp/MYR175-AppClosure-iOS-DD/Build/Products/Debug-iphonesimulator/NearbySyncCore.o

ExtractAppIntentsMetadata (in target 'NearbySyncCore' from project 'NearbySyncCore')
    cd /Users/runner/work/MyRAM-iOS/MyRAM-iOS/NearbySyncCore
    /Applications/Xcode_26.5.app/Contents/Developer/Toolchains/XcodeDefault.xctoolchain/usr/bin/appintentsmetadataprocessor --toolchain-dir /var/run/com.apple.security.cryptexd/mnt/com.apple.MobileAsset.MetalToolchain-v17.6.42.0.4UaXzV/Metal.xctoolchain --module-name NearbySyncCore --sdk-root /Applications/Xcode_26.5.app/Contents/Developer/Platforms/iPhoneSimulator.platform/Developer/SDKs/iPhoneSimulator26.5.sdk --xcode-version 17F42 --platform-family iOS --deployment-target 17.0 --bundle-identifier nearbysynccore.NearbySyncCore --output /tmp/MYR175-AppClosure-iOS-DD/Build/Products/Debug-iphonesimulator/NearbySyncCore.appintents --target-triple arm64-apple-ios17.0-simulator --binary-file /tmp/MYR175-AppClosure-iOS-DD/Build/Products/Debug-iphonesimulator/NearbySyncCore.o --dependency-file /tmp/MYR175-AppClosure-iOS-DD/Build/Intermediates.noindex/NearbySyncCore.build/Debug-iphonesimulator/NearbySyncCore.build/Objects-normal/arm64/NearbySyncCore_dependency_info.dat --stringsdata-file /tmp/MYR175-AppClosure-iOS-DD/Build/Intermediates.noindex/NearbySyncCore.build/Debug-iphonesimulator/NearbySyncCore.build/Objects-normal/arm64/ExtractedAppShortcutsMetadata.stringsdata --source-file-list /tmp/MYR175-AppClosure-iOS-DD/Build/Intermediates.noindex/NearbySyncCore.build/Debug-iphonesimulator/NearbySyncCore.build/Objects-normal/arm64/NearbySyncCore.SwiftFileList --metadata-file-list /tmp/MYR175-AppClosure-iOS-DD/Build/Intermediates.noindex/NearbySyncCore.build/Debug-iphonesimulator/NearbySyncCore.build/NearbySyncCore.DependencyMetadataFileList --static-metadata-file-list /tmp/MYR175-AppClosure-iOS-DD/Build/Intermediates.noindex/NearbySyncCore.build/Debug-iphonesimulator/NearbySyncCore.build/NearbySyncCore.DependencyStaticMetadataFileList --swift-const-vals-list /tmp/MYR175-AppClosure-iOS-DD/Build/Intermediates.noindex/NearbySyncCore.build/Debug-iphonesimulator/NearbySyncCore.build/Objects-normal/arm64/NearbySyncCore.SwiftConstValuesFileList --force --compile-time-extraction --deployment-aware-processing --validate-assistant-intents --no-app-shortcuts-localization
2026-08-04 17:05:04.121 appintentsmetadataprocessor[2510:11144] Starting appintentsmetadataprocessor export
2026-08-04 17:05:04.166 appintentsmetadataprocessor[2510:11144] Extracted no relevant App Intents symbols, skipping writing output

SwiftDriverJobDiscovery normal arm64 Compiling SyncTextOperationPayload.swift, SyncTextSequenceState.swift (in target 'AnchoredSequenceCore' from project 'AnchoredSequenceCore')

SwiftDriver\ Compilation AnchoredSequenceCore normal arm64 com.apple.xcode.tools.swift.compiler (in target 'AnchoredSequenceCore' from project 'AnchoredSequenceCore')
    cd /Users/runner/work/MyRAM-iOS/MyRAM-iOS/MyRAM-iOS/MyRAM.xcodeproj
    builtin-Swift-Compilation -- /Applications/Xcode_26.5.app/Contents/Developer/Toolchains/XcodeDefault.xctoolchain/usr/bin/swiftc -module-name AnchoredSequenceCore -Onone @/tmp/MYR175-AppClosure-iOS-DD/Build/Intermediates.noindex/AnchoredSequenceCore.build/Debug-iphonesimulator/AnchoredSequenceCore.build/Objects-normal/arm64/AnchoredSequenceCore.SwiftFileList -DSWIFT_PACKAGE -DDEBUG -DSWIFT_MODULE_RESOURCE_BUNDLE_UNAVAILABLE -DXcode -plugin-path /Applications/Xcode_26.5.app/Contents/Developer/Toolchains/XcodeDefault.xctoolchain/usr/lib/swift/host/plugins/testing -enable-experimental-feature DebugDescriptionMacro -sdk /Applications/Xcode_26.5.app/Contents/Developer/Platforms/iPhoneSimulator.platform/Developer/SDKs/iPhoneSimulator26.5.sdk -target arm64-apple-ios17.0-simulator -g -module-cache-path /tmp/MYR175-AppClosure-iOS-DD/ModuleCache.noindex -Xfrontend -serialize-debugging-options -enable-testing -suppress-warnings -index-store-path /tmp/MYR175-AppClosure-iOS-DD/Index.noindex/DataStore -Xcc -D_LIBCPP_HARDENING_MODE\=_LIBCPP_HARDENING_MODE_DEBUG -swift-version 5 -I /tmp/MYR175-AppClosure-iOS-DD/Build/Products/Debug-iphonesimulator -Isystem /Applications/Xcode_26.5.app/Contents/Developer/Platforms/iPhoneSimulator.platform/Developer/usr/lib -F /tmp/MYR175-AppClosure-iOS-DD/Build/Products/Debug-iphonesimulator -F /Applications/Xcode_26.5.app/Contents/Developer/Platforms/iPhoneSimulator.platform/Developer/Library/Frameworks -F /Applications/Xcode_26.5.app/Contents/Developer/Platforms/iPhoneSimulator.platform/Developer/SDKs/iPhoneSimulator26.5.sdk/Developer/Library/Frameworks -c -j3 -enable-batch-mode -incremental -Xcc -ivfsstatcache -Xcc /tmp/MYR175-AppClosure-iOS-DD/SDKStatCaches.noindex/iphonesimulator26.5-23F73-688ef53f1462e2c8f657fdc38a81448ffb7d586738ff35573a713a18216ade27.sdkstatcache -output-file-map /tmp/MYR175-AppClosure-iOS-DD/Build/Intermediates.noindex/AnchoredSequenceCore.build/Debug-iphonesimulator/AnchoredSequenceCore.build/Objects-normal/arm64/AnchoredSequenceCore-OutputFileMap.json -use-frontend-parseable-output -save-temps -no-color-diagnostics -explicit-module-build -module-cache-path /tmp/MYR175-AppClosure-iOS-DD/Build/Intermediates.noindex/SwiftExplicitPrecompiledModules -clang-scanner-module-cache-path /tmp/MYR175-AppClosure-iOS-DD/ModuleCache.noindex -sdk-module-cache-path /tmp/MYR175-AppClosure-iOS-DD/ModuleCache.noindex -serialize-diagnostics -emit-dependencies -emit-module -emit-module-path /tmp/MYR175-AppClosure-iOS-DD/Build/Intermediates.noindex/AnchoredSequenceCore.build/Debug-iphonesimulator/AnchoredSequenceCore.build/Objects-normal/arm64/AnchoredSequenceCore.swiftmodule -validate-clang-modules-once -clang-build-session-file /tmp/MYR175-AppClosure-iOS-DD/ModuleCache.noindex/Session.modulevalidation -package-name anchoredsequencecore -Xcc -I/tmp/MYR175-AppClosure-iOS-DD/Build/Intermediates.noindex/AnchoredSequenceCore.build/Debug-iphonesimulator/AnchoredSequenceCore.build/swift-overrides.hmap -emit-const-values -Xfrontend -const-gather-protocols-file -Xfrontend /tmp/MYR175-AppClosure-iOS-DD/Build/Intermediates.noindex/AnchoredSequenceCore.build/Debug-iphonesimulator/AnchoredSequenceCore.build/Objects-normal/arm64/AnchoredSequenceCore_const_extract_protocols.json -Xcc -I/tmp/MYR175-AppClosure-iOS-DD/Build/Products/Debug-iphonesimulator/include -Xcc -I/tmp/MYR175-AppClosure-iOS-DD/Build/Intermediates.noindex/AnchoredSequenceCore.build/Debug-iphonesimulator/AnchoredSequenceCore.build/DerivedSources-normal/arm64 -Xcc -I/tmp/MYR175-AppClosure-iOS-DD/Build/Intermediates.noindex/AnchoredSequenceCore.build/Debug-iphonesimulator/AnchoredSequenceCore.build/DerivedSources/arm64 -Xcc -I/tmp/MYR175-AppClosure-iOS-DD/Build/Intermediates.noindex/AnchoredSequenceCore.build/Debug-iphonesimulator/AnchoredSequenceCore.build/DerivedSources -Xcc -DSWIFT_PACKAGE -Xcc -DDEBUG\=1 -emit-objc-header -emit-objc-header-path /tmp/MYR175-AppClosure-iOS-DD/Build/Intermediates.noindex/AnchoredSequenceCore.build/Debug-iphonesimulator/AnchoredSequenceCore.build/Objects-normal/arm64/AnchoredSequenceCore-Swift.h -working-directory /Users/runner/work/MyRAM-iOS/MyRAM-iOS/MyRAM-iOS/MyRAM.xcodeproj -experimental-emit-module-separately -disable-cmo

Ld /tmp/MYR175-AppClosure-iOS-DD/Build/Products/Debug-iphonesimulator/AnchoredSequenceCore.o normal (in target 'AnchoredSequenceCore' from project 'AnchoredSequenceCore')
    cd /Users/runner/work/MyRAM-iOS/MyRAM-iOS/MyRAM-iOS/Packages/AnchoredSequenceCore
    /Applications/Xcode_26.5.app/Contents/Developer/Toolchains/XcodeDefault.xctoolchain/usr/bin/clang -Xlinker -reproducible -target arm64-apple-ios17.0-simulator -r -isysroot /Applications/Xcode_26.5.app/Contents/Developer/Platforms/iPhoneSimulator.platform/Developer/SDKs/iPhoneSimulator26.5.sdk -O0 -w -F/tmp/MYR175-AppClosure-iOS-DD/Build/Intermediates.noindex/EagerLinkingTBDs/Debug-iphonesimulator -F/tmp/MYR175-AppClosure-iOS-DD/Build/Products/Debug-iphonesimulator -iframework /Applications/Xcode_26.5.app/Contents/Developer/Platforms/iPhoneSimulator.platform/Developer/Library/Frameworks -iframework /Applications/Xcode_26.5.app/Contents/Developer/Platforms/iPhoneSimulator.platform/Developer/SDKs/iPhoneSimulator26.5.sdk/Developer/Library/Frameworks -filelist /tmp/MYR175-AppClosure-iOS-DD/Build/Intermediates.noindex/AnchoredSequenceCore.build/Debug-iphonesimulator/AnchoredSequenceCore.build/Objects-normal/arm64/AnchoredSequenceCore.LinkFileList -nostdlib -Xlinker -object_path_lto -Xlinker /tmp/MYR175-AppClosure-iOS-DD/Build/Intermediates.noindex/AnchoredSequenceCore.build/Debug-iphonesimulator/AnchoredSequenceCore.build/Objects-normal/arm64/AnchoredSequenceCore_lto.o -Xlinker -no_deduplicate -Xlinker -objc_abi_version -Xlinker 2 -Xlinker -dependency_info -Xlinker /tmp/MYR175-AppClosure-iOS-DD/Build/Intermediates.noindex/AnchoredSequenceCore.build/Debug-iphonesimulator/AnchoredSequenceCore.build/Objects-normal/arm64/AnchoredSequenceCore_dependency_info.dat -fobjc-link-runtime -L/Applications/Xcode_26.5.app/Contents/Developer/Toolchains/XcodeDefault.xctoolchain/usr/lib/swift/iphonesimulator -L/usr/lib/swift -Xlinker -add_ast_path -Xlinker /tmp/MYR175-AppClosure-iOS-DD/Build/Intermediates.noindex/AnchoredSequenceCore.build/Debug-iphonesimulator/AnchoredSequenceCore.build/Objects-normal/arm64/AnchoredSequenceCore.swiftmodule @/tmp/MYR175-AppClosure-iOS-DD/Build/Intermediates.noindex/AnchoredSequenceCore.build/Debug-iphonesimulator/AnchoredSequenceCore.build/Objects-normal/arm64/AnchoredSequenceCore-linker-args.resp -o /tmp/MYR175-AppClosure-iOS-DD/Build/Products/Debug-iphonesimulator/AnchoredSequenceCore.o

ExtractAppIntentsMetadata (in target 'AnchoredSequenceCore' from project 'AnchoredSequenceCore')
    cd /Users/runner/work/MyRAM-iOS/MyRAM-iOS/MyRAM-iOS/Packages/AnchoredSequenceCore
    /Applications/Xcode_26.5.app/Contents/Developer/Toolchains/XcodeDefault.xctoolchain/usr/bin/appintentsmetadataprocessor --toolchain-dir /var/run/com.apple.security.cryptexd/mnt/com.apple.MobileAsset.MetalToolchain-v17.6.42.0.4UaXzV/Metal.xctoolchain --module-name AnchoredSequenceCore --sdk-root /Applications/Xcode_26.5.app/Contents/Developer/Platforms/iPhoneSimulator.platform/Developer/SDKs/iPhoneSimulator26.5.sdk --xcode-version 17F42 --platform-family iOS --deployment-target 17.0 --bundle-identifier anchoredsequencecore.AnchoredSequenceCore --output /tmp/MYR175-AppClosure-iOS-DD/Build/Products/Debug-iphonesimulator/AnchoredSequenceCore.appintents --target-triple arm64-apple-ios17.0-simulator --binary-file /tmp/MYR175-AppClosure-iOS-DD/Build/Products/Debug-iphonesimulator/AnchoredSequenceCore.o --dependency-file /tmp/MYR175-AppClosure-iOS-DD/Build/Intermediates.noindex/AnchoredSequenceCore.build/Debug-iphonesimulator/AnchoredSequenceCore.build/Objects-normal/arm64/AnchoredSequenceCore_dependency_info.dat --stringsdata-file /tmp/MYR175-AppClosure-iOS-DD/Build/Intermediates.noindex/AnchoredSequenceCore.build/Debug-iphonesimulator/AnchoredSequenceCore.build/Objects-normal/arm64/ExtractedAppShortcutsMetadata.stringsdata --source-file-list /tmp/MYR175-AppClosure-iOS-DD/Build/Intermediates.noindex/AnchoredSequenceCore.build/Debug-iphonesimulator/AnchoredSequenceCore.build/Objects-normal/arm64/AnchoredSequenceCore.SwiftFileList --metadata-file-list /tmp/MYR175-AppClosure-iOS-DD/Build/Intermediates.noindex/AnchoredSequenceCore.build/Debug-iphonesimulator/AnchoredSequenceCore.build/AnchoredSequenceCore.DependencyMetadataFileList --static-metadata-file-list /tmp/MYR175-AppClosure-iOS-DD/Build/Intermediates.noindex/AnchoredSequenceCore.build/Debug-iphonesimulator/AnchoredSequenceCore.build/AnchoredSequenceCore.DependencyStaticMetadataFileList --swift-const-vals-list /tmp/MYR175-AppClosure-iOS-DD/Build/Intermediates.noindex/AnchoredSequenceCore.build/Debug-iphonesimulator/AnchoredSequenceCore.build/Objects-normal/arm64/AnchoredSequenceCore.SwiftConstValuesFileList --force --compile-time-extraction --deployment-aware-processing --validate-assistant-intents --no-app-shortcuts-localization
2026-08-04 17:05:04.144 appintentsmetadataprocessor[2513:11152] Starting appintentsmetadataprocessor export
2026-08-04 17:05:04.165 appintentsmetadataprocessor[2513:11152] Extracted no relevant App Intents symbols, skipping writing output

RegisterExecutionPolicyException /tmp/MYR175-AppClosure-iOS-DD/Build/Products/Debug-iphonesimulator/NearbySyncCore.o (in target 'NearbySyncCore' from project 'NearbySyncCore')
    cd /Users/runner/work/MyRAM-iOS/MyRAM-iOS/NearbySyncCore
    builtin-RegisterExecutionPolicyException /tmp/MYR175-AppClosure-iOS-DD/Build/Products/Debug-iphonesimulator/NearbySyncCore.o

RegisterExecutionPolicyException /tmp/MYR175-AppClosure-iOS-DD/Build/Products/Debug-iphonesimulator/AnchoredSequenceCore.o (in target 'AnchoredSequenceCore' from project 'AnchoredSequenceCore')
    cd /Users/runner/work/MyRAM-iOS/MyRAM-iOS/MyRAM-iOS/Packages/AnchoredSequenceCore
    builtin-RegisterExecutionPolicyException /tmp/MYR175-AppClosure-iOS-DD/Build/Products/Debug-iphonesimulator/AnchoredSequenceCore.o

ProcessInfoPlistFile /tmp/MYR175-AppClosure-iOS-DD/Build/Products/Debug-iphonesimulator/PackageFrameworks/AnchoredSequenceCore_-65B9EEE52AB2106_PackageProduct.framework/Info.plist /tmp/MYR175-AppClosure-iOS-DD/Build/Intermediates.noindex/AnchoredSequenceCore.build/Debug-iphonesimulator/AnchoredSequenceCore\ product.build/empty-AnchoredSequenceCore_-65B9EEE52AB2106_PackageProduct.plist (in target 'AnchoredSequenceCore' from project 'AnchoredSequenceCore')
    cd /Users/runner/work/MyRAM-iOS/MyRAM-iOS/MyRAM-iOS/Packages/AnchoredSequenceCore
    builtin-infoPlistUtility /tmp/MYR175-AppClosure-iOS-DD/Build/Intermediates.noindex/AnchoredSequenceCore.build/Debug-iphonesimulator/AnchoredSequenceCore\ product.build/empty-AnchoredSequenceCore_-65B9EEE52AB2106_PackageProduct.plist -producttype com.apple.product-type.framework -expandbuildsettings -format binary -platform iphonesimulator -o /tmp/MYR175-AppClosure-iOS-DD/Build/Products/Debug-iphonesimulator/PackageFrameworks/AnchoredSequenceCore_-65B9EEE52AB2106_PackageProduct.framework/Info.plist

Ld /tmp/MYR175-AppClosure-iOS-DD/Build/Products/Debug-iphonesimulator/PackageFrameworks/AnchoredSequenceCore_-65B9EEE52AB2106_PackageProduct.framework/AnchoredSequenceCore_-65B9EEE52AB2106_PackageProduct normal (in target 'AnchoredSequenceCore' from project 'AnchoredSequenceCore')
    cd /Users/runner/work/MyRAM-iOS/MyRAM-iOS/MyRAM-iOS/Packages/AnchoredSequenceCore
    /Applications/Xcode_26.5.app/Contents/Developer/Toolchains/XcodeDefault.xctoolchain/usr/bin/clang -Xlinker -reproducible -target arm64-apple-ios17.0-simulator -dynamiclib -isysroot /Applications/Xcode_26.5.app/Contents/Developer/Platforms/iPhoneSimulator.platform/Developer/SDKs/iPhoneSimulator26.5.sdk -O0 -w -L/tmp/MYR175-AppClosure-iOS-DD/Build/Intermediates.noindex/EagerLinkingTBDs/Debug-iphonesimulator -L/tmp/MYR175-AppClosure-iOS-DD/Build/Products/Debug-iphonesimulator -L/Applications/Xcode_26.5.app/Contents/Developer/Platforms/iPhoneSimulator.platform/Developer/usr/lib -F/tmp/MYR175-AppClosure-iOS-DD/Build/Intermediates.noindex/EagerLinkingTBDs/Debug-iphonesimulator -F/tmp/MYR175-AppClosure-iOS-DD/Build/Products/Debug-iphonesimulator/PackageFrameworks -F/tmp/MYR175-AppClosure-iOS-DD/Build/Products/Debug-iphonesimulator -iframework /Applications/Xcode_26.5.app/Contents/Developer/Platforms/iPhoneSimulator.platform/Developer/Library/Frameworks -iframework /Applications/Xcode_26.5.app/Contents/Developer/Platforms/iPhoneSimulator.platform/Developer/SDKs/iPhoneSimulator26.5.sdk/Developer/Library/Frameworks -filelist /tmp/MYR175-AppClosure-iOS-DD/Build/Intermediates.noindex/AnchoredSequenceCore.build/Debug-iphonesimulator/AnchoredSequenceCore\ product.build/Objects-normal/arm64/AnchoredSequenceCore_-65B9EEE52AB2106_PackageProduct.LinkFileList -install_name @rpath/AnchoredSequenceCore_-65B9EEE52AB2106_PackageProduct.framework/AnchoredSequenceCore_-65B9EEE52AB2106_PackageProduct -Xlinker -rpath -Xlinker /usr/lib/swift -Xlinker -rpath -Xlinker /tmp/MYR175-AppClosure-iOS-DD/Build/Products/Debug-iphonesimulator/PackageFrameworks -Xlinker -dead_strip -Xlinker -object_path_lto -Xlinker /tmp/MYR175-AppClosure-iOS-DD/Build/Intermediates.noindex/AnchoredSequenceCore.build/Debug-iphonesimulator/AnchoredSequenceCore\ product.build/Objects-normal/arm64/AnchoredSequenceCore_-65B9EEE52AB2106_PackageProduct_lto.o -rdynamic -Xlinker -no_deduplicate -Xlinker -objc_abi_version -Xlinker 2 -Xlinker -dependency_info -Xlinker /tmp/MYR175-AppClosure-iOS-DD/Build/Intermediates.noindex/AnchoredSequenceCore.build/Debug-iphonesimulator/AnchoredSequenceCore\ product.build/Objects-normal/arm64/AnchoredSequenceCore_-65B9EEE52AB2106_PackageProduct_dependency_info.dat -fobjc-link-runtime -L/Applications/Xcode_26.5.app/Contents/Developer/Toolchains/XcodeDefault.xctoolchain/usr/lib/swift/iphonesimulator -L/usr/lib/swift -Wl,-no_warn_duplicate_libraries -o /tmp/MYR175-AppClosure-iOS-DD/Build/Products/Debug-iphonesimulator/PackageFrameworks/AnchoredSequenceCore_-65B9EEE52AB2106_PackageProduct.framework/AnchoredSequenceCore_-65B9EEE52AB2106_PackageProduct -Xlinker -add_ast_path -Xlinker /tmp/MYR175-AppClosure-iOS-DD/Build/Intermediates.noindex/AnchoredSequenceCore.build/Debug-iphonesimulator/AnchoredSequenceCore.build/Objects-normal/arm64/AnchoredSequenceCore.swiftmodule @/tmp/MYR175-AppClosure-iOS-DD/Build/Intermediates.noindex/AnchoredSequenceCore.build/Debug-iphonesimulator/AnchoredSequenceCore.build/Objects-normal/arm64/AnchoredSequenceCore-linker-args.resp

GenerateTAPI /tmp/MYR175-AppClosure-iOS-DD/Build/Intermediates.noindex/EagerLinkingTBDs/Debug-iphonesimulator/AnchoredSequenceCore_-65B9EEE52AB2106_PackageProduct.framework/AnchoredSequenceCore_-65B9EEE52AB2106_PackageProduct.tbd (in target 'AnchoredSequenceCore' from project 'AnchoredSequenceCore')
    cd /Users/runner/work/MyRAM-iOS/MyRAM-iOS/MyRAM-iOS/Packages/AnchoredSequenceCore
    /Applications/Xcode_26.5.app/Contents/Developer/Toolchains/XcodeDefault.xctoolchain/usr/bin/tapi stubify -isysroot /Applications/Xcode_26.5.app/Contents/Developer/Platforms/iPhoneSimulator.platform/Developer/SDKs/iPhoneSimulator26.5.sdk -F/tmp/MYR175-AppClosure-iOS-DD/Build/Products/Debug-iphonesimulator/PackageFrameworks -F/tmp/MYR175-AppClosure-iOS-DD/Build/Products/Debug-iphonesimulator -iframework /Applications/Xcode_26.5.app/Contents/Developer/Platforms/iPhoneSimulator.platform/Developer/Library/Frameworks -iframework /Applications/Xcode_26.5.app/Contents/Developer/Platforms/iPhoneSimulator.platform/Developer/SDKs/iPhoneSimulator26.5.sdk/Developer/Library/Frameworks -L/tmp/MYR175-AppClosure-iOS-DD/Build/Products/Debug-iphonesimulator -L/Applications/Xcode_26.5.app/Contents/Developer/Platforms/iPhoneSimulator.platform/Developer/usr/lib /tmp/MYR175-AppClosure-iOS-DD/Build/Products/Debug-iphonesimulator/PackageFrameworks/AnchoredSequenceCore_-65B9EEE52AB2106_PackageProduct.framework/AnchoredSequenceCore_-65B9EEE52AB2106_PackageProduct -o /tmp/MYR175-AppClosure-iOS-DD/Build/Intermediates.noindex/EagerLinkingTBDs/Debug-iphonesimulator/AnchoredSequenceCore_-65B9EEE52AB2106_PackageProduct.framework/AnchoredSequenceCore_-65B9EEE52AB2106_PackageProduct.tbd

SwiftExplicitDependencyGeneratePcm arm64 /tmp/MYR175-AppClosure-iOS-DD/ModuleCache.noindex/SwiftUI-2NBRYZWFRZJ8CYGLE2W17AEPP.pcm

RegisterExecutionPolicyException /tmp/MYR175-AppClosure-iOS-DD/Build/Products/Debug-iphonesimulator/PackageFrameworks/AnchoredSequenceCore_-65B9EEE52AB2106_PackageProduct.framework (in target 'AnchoredSequenceCore' from project 'AnchoredSequenceCore')
    cd /Users/runner/work/MyRAM-iOS/MyRAM-iOS/MyRAM-iOS/Packages/AnchoredSequenceCore
    builtin-RegisterExecutionPolicyException /tmp/MYR175-AppClosure-iOS-DD/Build/Products/Debug-iphonesimulator/PackageFrameworks/AnchoredSequenceCore_-65B9EEE52AB2106_PackageProduct.framework

Touch /tmp/MYR175-AppClosure-iOS-DD/Build/Products/Debug-iphonesimulator/PackageFrameworks/AnchoredSequenceCore_-65B9EEE52AB2106_PackageProduct.framework (in target 'AnchoredSequenceCore' from project 'AnchoredSequenceCore')
    cd /Users/runner/work/MyRAM-iOS/MyRAM-iOS/MyRAM-iOS/Packages/AnchoredSequenceCore
    /usr/bin/touch -c /tmp/MYR175-AppClosure-iOS-DD/Build/Products/Debug-iphonesimulator/PackageFrameworks/AnchoredSequenceCore_-65B9EEE52AB2106_PackageProduct.framework

SwiftEmitModule normal arm64 Emitting\ module\ for\ MyRAMWidgetExtension (in target 'MyRAMWidgetExtension' from project 'MyRAM')

EmitSwiftModule normal arm64 (in target 'MyRAMWidgetExtension' from project 'MyRAM')
    cd /Users/runner/work/MyRAM-iOS/MyRAM-iOS/MyRAM-iOS
    

SwiftCompile normal arm64 Compiling\ MyRAMWidgetSnapshotCodec.swift,\ MyRAMWidgetDeepLink.swift,\ MyRAMWidgetSnapshot.swift /Users/runner/work/MyRAM-iOS/MyRAM-iOS/MyRAM-iOS/MyRAM/WidgetShared/MyRAMWidgetSnapshotCodec.swift /Users/runner/work/MyRAM-iOS/MyRAM-iOS/MyRAM-iOS/MyRAM/WidgetShared/MyRAMWidgetDeepLink.swift /Users/runner/work/MyRAM-iOS/MyRAM-iOS/MyRAM-iOS/MyRAM/WidgetShared/MyRAMWidgetSnapshot.swift (in target 'MyRAMWidgetExtension' from project 'MyRAM')
SwiftCompile normal arm64 /Users/runner/work/MyRAM-iOS/MyRAM-iOS/MyRAM-iOS/MyRAM/WidgetShared/MyRAMWidgetSnapshotCodec.swift (in target 'MyRAMWidgetExtension' from project 'MyRAM')
    cd /Users/runner/work/MyRAM-iOS/MyRAM-iOS/MyRAM-iOS
    

SwiftCompile normal arm64 /Users/runner/work/MyRAM-iOS/MyRAM-iOS/MyRAM-iOS/MyRAM/WidgetShared/MyRAMWidgetDeepLink.swift (in target 'MyRAMWidgetExtension' from project 'MyRAM')
    cd /Users/runner/work/MyRAM-iOS/MyRAM-iOS/MyRAM-iOS
    

SwiftCompile normal arm64 /Users/runner/work/MyRAM-iOS/MyRAM-iOS/MyRAM-iOS/MyRAM/WidgetShared/MyRAMWidgetSnapshot.swift (in target 'MyRAMWidgetExtension' from project 'MyRAM')
    cd /Users/runner/work/MyRAM-iOS/MyRAM-iOS/MyRAM-iOS
    

SwiftCompile normal arm64 Compiling\ MyRAMWidgetBundle.swift,\ MyRAMWidgetContentSelectionPolicy.swift,\ GeneratedAssetSymbols.swift /Users/runner/work/MyRAM-iOS/MyRAM-iOS/MyRAM-iOS/MyRAMWidget/MyRAMWidgetBundle.swift /Users/runner/work/MyRAM-iOS/MyRAM-iOS/MyRAM-iOS/MyRAM/WidgetShared/MyRAMWidgetContentSelectionPolicy.swift /tmp/MYR175-AppClosure-iOS-DD/Build/Intermediates.noindex/MyRAM.build/Debug-iphonesimulator/MyRAMWidgetExtension.build/DerivedSources/GeneratedAssetSymbols.swift (in target 'MyRAMWidgetExtension' from project 'MyRAM')
SwiftCompile normal arm64 /Users/runner/work/MyRAM-iOS/MyRAM-iOS/MyRAM-iOS/MyRAMWidget/MyRAMWidgetBundle.swift (in target 'MyRAMWidgetExtension' from project 'MyRAM')
    cd /Users/runner/work/MyRAM-iOS/MyRAM-iOS/MyRAM-iOS
    

SwiftCompile normal arm64 /Users/runner/work/MyRAM-iOS/MyRAM-iOS/MyRAM-iOS/MyRAM/WidgetShared/MyRAMWidgetContentSelectionPolicy.swift (in target 'MyRAMWidgetExtension' from project 'MyRAM')
    cd /Users/runner/work/MyRAM-iOS/MyRAM-iOS/MyRAM-iOS
    

SwiftCompile normal arm64 /tmp/MYR175-AppClosure-iOS-DD/Build/Intermediates.noindex/MyRAM.build/Debug-iphonesimulator/MyRAMWidgetExtension.build/DerivedSources/GeneratedAssetSymbols.swift (in target 'MyRAMWidgetExtension' from project 'MyRAM')
    cd /Users/runner/work/MyRAM-iOS/MyRAM-iOS/MyRAM-iOS
    

SwiftCompile normal arm64 Compiling\ MyRAMWidgetRuntimeConfiguration.swift,\ MyRAMWidgetSnapshotStore.swift,\ MyRAMWidget.swift /Users/runner/work/MyRAM-iOS/MyRAM-iOS/MyRAM-iOS/MyRAM/WidgetShared/MyRAMWidgetRuntimeConfiguration.swift /Users/runner/work/MyRAM-iOS/MyRAM-iOS/MyRAM-iOS/MyRAM/WidgetShared/MyRAMWidgetSnapshotStore.swift /Users/runner/work/MyRAM-iOS/MyRAM-iOS/MyRAM-iOS/MyRAMWidget/MyRAMWidget.swift (in target 'MyRAMWidgetExtension' from project 'MyRAM')

SwiftCompile normal arm64 /Users/runner/work/MyRAM-iOS/MyRAM-iOS/MyRAM-iOS/MyRAM/WidgetShared/MyRAMWidgetRuntimeConfiguration.swift (in target 'MyRAMWidgetExtension' from project 'MyRAM')
    cd /Users/runner/work/MyRAM-iOS/MyRAM-iOS/MyRAM-iOS
    

SwiftCompile normal arm64 /Users/runner/work/MyRAM-iOS/MyRAM-iOS/MyRAM-iOS/MyRAM/WidgetShared/MyRAMWidgetSnapshotStore.swift (in target 'MyRAMWidgetExtension' from project 'MyRAM')
    cd /Users/runner/work/MyRAM-iOS/MyRAM-iOS/MyRAM-iOS
    

SwiftCompile normal arm64 /Users/runner/work/MyRAM-iOS/MyRAM-iOS/MyRAM-iOS/MyRAMWidget/MyRAMWidget.swift (in target 'MyRAMWidgetExtension' from project 'MyRAM')
    cd /Users/runner/work/MyRAM-iOS/MyRAM-iOS/MyRAM-iOS
    

SwiftDriverJobDiscovery normal arm64 Emitting module for MyRAMWidgetExtension (in target 'MyRAMWidgetExtension' from project 'MyRAM')

SwiftDriver\ Compilation\ Requirements MyRAMWidgetExtension normal arm64 com.apple.xcode.tools.swift.compiler (in target 'MyRAMWidgetExtension' from project 'MyRAM')
    cd /Users/runner/work/MyRAM-iOS/MyRAM-iOS/MyRAM-iOS
    builtin-Swift-Compilation-Requirements -- /Applications/Xcode_26.5.app/Contents/Developer/Toolchains/XcodeDefault.xctoolchain/usr/bin/swiftc -module-name MyRAMWidgetExtension -Onone @/tmp/MYR175-AppClosure-iOS-DD/Build/Intermediates.noindex/MyRAM.build/Debug-iphonesimulator/MyRAMWidgetExtension.build/Objects-normal/arm64/MyRAMWidgetExtension.SwiftFileList -DDEBUG -enable-bare-slash-regex -enable-upcoming-feature DisableOutwardActorInference -enable-upcoming-feature InferSendableFromCaptures -enable-upcoming-feature GlobalActorIsolatedTypesUsability -enable-upcoming-feature MemberImportVisibility -enable-upcoming-feature InferIsolatedConformances -enable-upcoming-feature NonisolatedNonsendingByDefault -enable-experimental-feature DebugDescriptionMacro -sdk /Applications/Xcode_26.5.app/Contents/Developer/Platforms/iPhoneSimulator.platform/Developer/SDKs/iPhoneSimulator26.5.sdk -target arm64-apple-ios17.0-simulator -g -module-cache-path /tmp/MYR175-AppClosure-iOS-DD/ModuleCache.noindex -Xfrontend -serialize-debugging-options -application-extension -enable-testing -index-store-path /tmp/MYR175-AppClosure-iOS-DD/Index.noindex/DataStore -Xcc -D_LIBCPP_HARDENING_MODE\=_LIBCPP_HARDENING_MODE_DEBUG -swift-version 5 -I /tmp/MYR175-AppClosure-iOS-DD/Build/Products/Debug-iphonesimulator -F /tmp/MYR175-AppClosure-iOS-DD/Build/Products/Debug-iphonesimulator -emit-localized-strings -emit-localized-strings-path /tmp/MYR175-AppClosure-iOS-DD/Build/Intermediates.noindex/MyRAM.build/Debug-iphonesimulator/MyRAMWidgetExtension.build/Objects-normal/arm64 -c -j3 -enable-batch-mode -incremental -Xcc -ivfsstatcache -Xcc /tmp/MYR175-AppClosure-iOS-DD/SDKStatCaches.noindex/iphonesimulator26.5-23F73-688ef53f1462e2c8f657fdc38a81448ffb7d586738ff35573a713a18216ade27.sdkstatcache -output-file-map /tmp/MYR175-AppClosure-iOS-DD/Build/Intermediates.noindex/MyRAM.build/Debug-iphonesimulator/MyRAMWidgetExtension.build/Objects-normal/arm64/MyRAMWidgetExtension-OutputFileMap.json -use-frontend-parseable-output -save-temps -no-color-diagnostics -explicit-module-build -module-cache-path /tmp/MYR175-AppClosure-iOS-DD/Build/Intermediates.noindex/SwiftExplicitPrecompiledModules -clang-scanner-module-cache-path /tmp/MYR175-AppClosure-iOS-DD/ModuleCache.noindex -sdk-module-cache-path /tmp/MYR175-AppClosure-iOS-DD/ModuleCache.noindex -serialize-diagnostics -emit-dependencies -emit-module -emit-module-path /tmp/MYR175-AppClosure-iOS-DD/Build/Intermediates.noindex/MyRAM.build/Debug-iphonesimulator/MyRAMWidgetExtension.build/Objects-normal/arm64/MyRAMWidgetExtension.swiftmodule -validate-clang-modules-once -clang-build-session-file /tmp/MYR175-AppClosure-iOS-DD/ModuleCache.noindex/Session.modulevalidation -Xcc -I/tmp/MYR175-AppClosure-iOS-DD/Build/Intermediates.noindex/MyRAM.build/Debug-iphonesimulator/MyRAMWidgetExtension.build/swift-overrides.hmap -emit-const-values -Xfrontend -const-gather-protocols-file -Xfrontend /tmp/MYR175-AppClosure-iOS-DD/Build/Intermediates.noindex/MyRAM.build/Debug-iphonesimulator/MyRAMWidgetExtension.build/Objects-normal/arm64/MyRAMWidgetExtension_const_extract_protocols.json -Xcc -iquote -Xcc /tmp/MYR175-AppClosure-iOS-DD/Build/Intermediates.noindex/MyRAM.build/Debug-iphonesimulator/MyRAMWidgetExtension.build/MyRAMWidgetExtension-generated-files.hmap -Xcc -I/tmp/MYR175-AppClosure-iOS-DD/Build/Intermediates.noindex/MyRAM.build/Debug-iphonesimulator/MyRAMWidgetExtension.build/MyRAMWidgetExtension-own-target-headers.hmap -Xcc -I/tmp/MYR175-AppClosure-iOS-DD/Build/Intermediates.noindex/MyRAM.build/Debug-iphonesimulator/MyRAMWidgetExtension.build/MyRAMWidgetExtension-all-non-framework-target-headers.hmap -Xcc -ivfsoverlay -Xcc /tmp/MYR175-AppClosure-iOS-DD/Build/Intermediates.noindex/MyRAM.build/Debug-iphonesimulator/MyRAM-98a9cbde253e8e955bc92731eb290203-VFS-iphonesimulator/all-product-headers.yaml -Xcc -iquote -Xcc /tmp/MYR175-AppClosure-iOS-DD/Build/Intermediates.noindex/MyRAM.build/Debug-iphonesimulator/MyRAMWidgetExtension.build/MyRAMWidgetExtension-project-headers.hmap -Xcc -I/tmp/MYR175-AppClosure-iOS-DD/Build/Products/Debug-iphonesimulator/include -Xcc -I/tmp/MYR175-AppClosure-iOS-DD/Build/Intermediates.noindex/MyRAM.build/Debug-iphonesimulator/MyRAMWidgetExtension.build/DerivedSources-normal/arm64 -Xcc -I/tmp/MYR175-AppClosure-iOS-DD/Build/Intermediates.noindex/MyRAM.build/Debug-iphonesimulator/MyRAMWidgetExtension.build/DerivedSources/arm64 -Xcc -I/tmp/MYR175-AppClosure-iOS-DD/Build/Intermediates.noindex/MyRAM.build/Debug-iphonesimulator/MyRAMWidgetExtension.build/DerivedSources -Xcc -DDEBUG\=1 -emit-objc-header -emit-objc-header-path /tmp/MYR175-AppClosure-iOS-DD/Build/Intermediates.noindex/MyRAM.build/Debug-iphonesimulator/MyRAMWidgetExtension.build/Objects-normal/arm64/MyRAMWidgetExtension-Swift.h -working-directory /Users/runner/work/MyRAM-iOS/MyRAM-iOS/MyRAM-iOS -experimental-emit-module-separately -disable-cmo

SwiftDriverJobDiscovery normal arm64 Compiling MyRAMWidgetSnapshotCodec.swift, MyRAMWidgetDeepLink.swift, MyRAMWidgetSnapshot.swift (in target 'MyRAMWidgetExtension' from project 'MyRAM')

SwiftMergeGeneratedHeaders /tmp/MYR175-AppClosure-iOS-DD/Build/Intermediates.noindex/MyRAM.build/Debug-iphonesimulator/MyRAMWidgetExtension.build/DerivedSources/MyRAMWidgetExtension-Swift.h /tmp/MYR175-AppClosure-iOS-DD/Build/Intermediates.noindex/MyRAM.build/Debug-iphonesimulator/MyRAMWidgetExtension.build/Objects-normal/arm64/MyRAMWidgetExtension-Swift.h (in target 'MyRAMWidgetExtension' from project 'MyRAM')
    cd /Users/runner/work/MyRAM-iOS/MyRAM-iOS/MyRAM-iOS
    builtin-swiftHeaderTool -arch arm64 /tmp/MYR175-AppClosure-iOS-DD/Build/Intermediates.noindex/MyRAM.build/Debug-iphonesimulator/MyRAMWidgetExtension.build/Objects-normal/arm64/MyRAMWidgetExtension-Swift.h -o /tmp/MYR175-AppClosure-iOS-DD/Build/Intermediates.noindex/MyRAM.build/Debug-iphonesimulator/MyRAMWidgetExtension.build/DerivedSources/MyRAMWidgetExtension-Swift.h

Copy /tmp/MYR175-AppClosure-iOS-DD/Build/Products/Debug-iphonesimulator/MyRAMWidgetExtension.swiftmodule/arm64-apple-ios-simulator.swiftmodule /tmp/MYR175-AppClosure-iOS-DD/Build/Intermediates.noindex/MyRAM.build/Debug-iphonesimulator/MyRAMWidgetExtension.build/Objects-normal/arm64/MyRAMWidgetExtension.swiftmodule (in target 'MyRAMWidgetExtension' from project 'MyRAM')
    cd /Users/runner/work/MyRAM-iOS/MyRAM-iOS/MyRAM-iOS
    builtin-copy -exclude .DS_Store -exclude CVS -exclude .svn -exclude .git -exclude .hg -resolve-src-symlinks -rename /tmp/MYR175-AppClosure-iOS-DD/Build/Intermediates.noindex/MyRAM.build/Debug-iphonesimulator/MyRAMWidgetExtension.build/Objects-normal/arm64/MyRAMWidgetExtension.swiftmodule /tmp/MYR175-AppClosure-iOS-DD/Build/Products/Debug-iphonesimulator/MyRAMWidgetExtension.swiftmodule/arm64-apple-ios-simulator.swiftmodule

Copy /tmp/MYR175-AppClosure-iOS-DD/Build/Products/Debug-iphonesimulator/MyRAMWidgetExtension.swiftmodule/arm64-apple-ios-simulator.swiftdoc /tmp/MYR175-AppClosure-iOS-DD/Build/Intermediates.noindex/MyRAM.build/Debug-iphonesimulator/MyRAMWidgetExtension.build/Objects-normal/arm64/MyRAMWidgetExtension.swiftdoc (in target 'MyRAMWidgetExtension' from project 'MyRAM')
    cd /Users/runner/work/MyRAM-iOS/MyRAM-iOS/MyRAM-iOS
    builtin-copy -exclude .DS_Store -exclude CVS -exclude .svn -exclude .git -exclude .hg -resolve-src-symlinks -rename /tmp/MYR175-AppClosure-iOS-DD/Build/Intermediates.noindex/MyRAM.build/Debug-iphonesimulator/MyRAMWidgetExtension.build/Objects-normal/arm64/MyRAMWidgetExtension.swiftdoc /tmp/MYR175-AppClosure-iOS-DD/Build/Products/Debug-iphonesimulator/MyRAMWidgetExtension.swiftmodule/arm64-apple-ios-simulator.swiftdoc

Copy /tmp/MYR175-AppClosure-iOS-DD/Build/Products/Debug-iphonesimulator/MyRAMWidgetExtension.swiftmodule/arm64-apple-ios-simulator.abi.json /tmp/MYR175-AppClosure-iOS-DD/Build/Intermediates.noindex/MyRAM.build/Debug-iphonesimulator/MyRAMWidgetExtension.build/Objects-normal/arm64/MyRAMWidgetExtension.abi.json (in target 'MyRAMWidgetExtension' from project 'MyRAM')
    cd /Users/runner/work/MyRAM-iOS/MyRAM-iOS/MyRAM-iOS
    builtin-copy -exclude .DS_Store -exclude CVS -exclude .svn -exclude .git -exclude .hg -resolve-src-symlinks -rename /tmp/MYR175-AppClosure-iOS-DD/Build/Intermediates.noindex/MyRAM.build/Debug-iphonesimulator/MyRAMWidgetExtension.build/Objects-normal/arm64/MyRAMWidgetExtension.abi.json /tmp/MYR175-AppClosure-iOS-DD/Build/Products/Debug-iphonesimulator/MyRAMWidgetExtension.swiftmodule/arm64-apple-ios-simulator.abi.json

Copy /tmp/MYR175-AppClosure-iOS-DD/Build/Products/Debug-iphonesimulator/MyRAMWidgetExtension.swiftmodule/Project/arm64-apple-ios-simulator.swiftsourceinfo /tmp/MYR175-AppClosure-iOS-DD/Build/Intermediates.noindex/MyRAM.build/Debug-iphonesimulator/MyRAMWidgetExtension.build/Objects-normal/arm64/MyRAMWidgetExtension.swiftsourceinfo (in target 'MyRAMWidgetExtension' from project 'MyRAM')
    cd /Users/runner/work/MyRAM-iOS/MyRAM-iOS/MyRAM-iOS
    builtin-copy -exclude .DS_Store -exclude CVS -exclude .svn -exclude .git -exclude .hg -resolve-src-symlinks -rename /tmp/MYR175-AppClosure-iOS-DD/Build/Intermediates.noindex/MyRAM.build/Debug-iphonesimulator/MyRAMWidgetExtension.build/Objects-normal/arm64/MyRAMWidgetExtension.swiftsourceinfo /tmp/MYR175-AppClosure-iOS-DD/Build/Products/Debug-iphonesimulator/MyRAMWidgetExtension.swiftmodule/Project/arm64-apple-ios-simulator.swiftsourceinfo

MkDir /tmp/MYR175-AppClosure-iOS-DD/Build/Intermediates.noindex/MyRAM.build/Debug-iphonesimulator/MyRAM.build/assetcatalog_output/unthinned (in target 'MyRAM' from project 'MyRAM')
    cd /Users/runner/work/MyRAM-iOS/MyRAM-iOS/MyRAM-iOS
    /bin/mkdir -p /tmp/MYR175-AppClosure-iOS-DD/Build/Intermediates.noindex/MyRAM.build/Debug-iphonesimulator/MyRAM.build/assetcatalog_output/unthinned

MkDir /tmp/MYR175-AppClosure-iOS-DD/Build/Intermediates.noindex/MyRAM.build/Debug-iphonesimulator/MyRAM.build/assetcatalog_output/thinned (in target 'MyRAM' from project 'MyRAM')
    cd /Users/runner/work/MyRAM-iOS/MyRAM-iOS/MyRAM-iOS
    /bin/mkdir -p /tmp/MYR175-AppClosure-iOS-DD/Build/Intermediates.noindex/MyRAM.build/Debug-iphonesimulator/MyRAM.build/assetcatalog_output/thinned

GenerateAssetSymbols /Users/runner/work/MyRAM-iOS/MyRAM-iOS/MyRAM-iOS/MyRAM/Preview\ Content/Preview\ Assets.xcassets /Users/runner/work/MyRAM-iOS/MyRAM-iOS/MyRAM-iOS/MyRAM/Assets.xcassets (in target 'MyRAM' from project 'MyRAM')
    cd /Users/runner/work/MyRAM-iOS/MyRAM-iOS/MyRAM-iOS
    /Applications/Xcode_26.5.app/Contents/Developer/usr/bin/actool /Users/runner/work/MyRAM-iOS/MyRAM-iOS/MyRAM-iOS/MyRAM/Preview\ Content/Preview\ Assets.xcassets /Users/runner/work/MyRAM-iOS/MyRAM-iOS/MyRAM-iOS/MyRAM/Assets.xcassets --compile /tmp/MYR175-AppClosure-iOS-DD/Build/Products/Debug-iphonesimulator/MyRAM.app --output-format human-readable-text --notices --warnings --export-dependency-info /tmp/MYR175-AppClosure-iOS-DD/Build/Intermediates.noindex/MyRAM.build/Debug-iphonesimulator/MyRAM.build/assetcatalog_dependencies --output-partial-info-plist /tmp/MYR175-AppClosure-iOS-DD/Build/Intermediates.noindex/MyRAM.build/Debug-iphonesimulator/MyRAM.build/assetcatalog_generated_info.plist --app-icon AppIcon --accent-color AccentColor --compress-pngs --enable-on-demand-resources YES --development-region en --target-device iphone --target-device ipad --minimum-deployment-target 17.0 --platform iphonesimulator --bundle-identifier com.northsignalstudio.myram.dev --generate-swift-asset-symbols /tmp/MYR175-AppClosure-iOS-DD/Build/Intermediates.noindex/MyRAM.build/Debug-iphonesimulator/MyRAM.build/DerivedSources/GeneratedAssetSymbols.swift --generate-objc-asset-symbols /tmp/MYR175-AppClosure-iOS-DD/Build/Intermediates.noindex/MyRAM.build/Debug-iphonesimulator/MyRAM.build/DerivedSources/GeneratedAssetSymbols.h --generate-asset-symbol-index /tmp/MYR175-AppClosure-iOS-DD/Build/Intermediates.noindex/MyRAM.build/Debug-iphonesimulator/MyRAM.build/DerivedSources/GeneratedAssetSymbols-Index.plist
/* com.apple.actool.compilation-results */
/tmp/MYR175-AppClosure-iOS-DD/Build/Intermediates.noindex/MyRAM.build/Debug-iphonesimulator/MyRAM.build/DerivedSources/GeneratedAssetSymbols-Index.plist
/tmp/MYR175-AppClosure-iOS-DD/Build/Intermediates.noindex/MyRAM.build/Debug-iphonesimulator/MyRAM.build/DerivedSources/GeneratedAssetSymbols.h
/tmp/MYR175-AppClosure-iOS-DD/Build/Intermediates.noindex/MyRAM.build/Debug-iphonesimulator/MyRAM.build/DerivedSources/GeneratedAssetSymbols.swift


CompileAssetCatalogVariant thinned /tmp/MYR175-AppClosure-iOS-DD/Build/Products/Debug-iphonesimulator/MyRAM.app /Users/runner/work/MyRAM-iOS/MyRAM-iOS/MyRAM-iOS/MyRAM/Preview\ Content/Preview\ Assets.xcassets /Users/runner/work/MyRAM-iOS/MyRAM-iOS/MyRAM-iOS/MyRAM/Assets.xcassets (in target 'MyRAM' from project 'MyRAM')
    cd /Users/runner/work/MyRAM-iOS/MyRAM-iOS/MyRAM-iOS
    /Applications/Xcode_26.5.app/Contents/Developer/usr/bin/actool /Users/runner/work/MyRAM-iOS/MyRAM-iOS/MyRAM-iOS/MyRAM/Preview\ Content/Preview\ Assets.xcassets /Users/runner/work/MyRAM-iOS/MyRAM-iOS/MyRAM-iOS/MyRAM/Assets.xcassets --compile /tmp/MYR175-AppClosure-iOS-DD/Build/Intermediates.noindex/MyRAM.build/Debug-iphonesimulator/MyRAM.build/assetcatalog_output/thinned --output-format human-readable-text --notices --warnings --export-dependency-info /tmp/MYR175-AppClosure-iOS-DD/Build/Intermediates.noindex/MyRAM.build/Debug-iphonesimulator/MyRAM.build/assetcatalog_dependencies_thinned --output-partial-info-plist /tmp/MYR175-AppClosure-iOS-DD/Build/Intermediates.noindex/MyRAM.build/Debug-iphonesimulator/MyRAM.build/assetcatalog_generated_info.plist_thinned --app-icon AppIcon --accent-color AccentColor --compress-pngs --enable-on-demand-resources YES --filter-for-thinning-device-configuration iPhone18,3 --filter-for-device-os-version 26.5 --development-region en --target-device iphone --target-device ipad --minimum-deployment-target 17.0 --platform iphonesimulator
/* com.apple.actool.document.notices */
/Users/runner/work/MyRAM-iOS/MyRAM-iOS/MyRAM-iOS/MyRAM/Assets.xcassets:./AppIcon.appiconset/[][ipad][76x76][][][1x][][][][]: notice: 76x76@1x app icons only apply to iPad apps targeting releases of iOS prior to 10.0.
/* com.apple.actool.compilation-results */
/tmp/MYR175-AppClosure-iOS-DD/Build/Intermediates.noindex/MyRAM.build/Debug-iphonesimulator/MyRAM.build/assetcatalog_generated_info.plist_thinned
/tmp/MYR175-AppClosure-iOS-DD/Build/Intermediates.noindex/MyRAM.build/Debug-iphonesimulator/MyRAM.build/assetcatalog_output/thinned/AppIcon60x60@2x.png
/tmp/MYR175-AppClosure-iOS-DD/Build/Intermediates.noindex/MyRAM.build/Debug-iphonesimulator/MyRAM.build/assetcatalog_output/thinned/AppIcon76x76@2x~ipad.png
/tmp/MYR175-AppClosure-iOS-DD/Build/Intermediates.noindex/MyRAM.build/Debug-iphonesimulator/MyRAM.build/assetcatalog_output/thinned/Assets.car


SwiftDriverJobDiscovery normal arm64 Compiling MyRAMWidgetRuntimeConfiguration.swift, MyRAMWidgetSnapshotStore.swift, MyRAMWidget.swift (in target 'MyRAMWidgetExtension' from project 'MyRAM')

SwiftDriver MyRAM normal arm64 com.apple.xcode.tools.swift.compiler (in target 'MyRAM' from project 'MyRAM')
    cd /Users/runner/work/MyRAM-iOS/MyRAM-iOS/MyRAM-iOS
    builtin-SwiftDriver -- /Applications/Xcode_26.5.app/Contents/Developer/Toolchains/XcodeDefault.xctoolchain/usr/bin/swiftc -module-name MyRAM -Onone @/tmp/MYR175-AppClosure-iOS-DD/Build/Intermediates.noindex/MyRAM.build/Debug-iphonesimulator/MyRAM.build/Objects-normal/arm64/MyRAM.SwiftFileList -DDEBUG -enable-bare-slash-regex -enable-experimental-feature DebugDescriptionMacro -sdk /Applications/Xcode_26.5.app/Contents/Developer/Platforms/iPhoneSimulator.platform/Developer/SDKs/iPhoneSimulator26.5.sdk -target arm64-apple-ios17.0-simulator -g -module-cache-path /tmp/MYR175-AppClosure-iOS-DD/ModuleCache.noindex -Xfrontend -serialize-debugging-options -enable-testing -index-store-path /tmp/MYR175-AppClosure-iOS-DD/Index.noindex/DataStore -Xcc -D_LIBCPP_HARDENING_MODE\=_LIBCPP_HARDENING_MODE_DEBUG -swift-version 5 -I /tmp/MYR175-AppClosure-iOS-DD/Build/Products/Debug-iphonesimulator -F /tmp/MYR175-AppClosure-iOS-DD/Build/Products/Debug-iphonesimulator/PackageFrameworks -F /tmp/MYR175-AppClosure-iOS-DD/Build/Products/Debug-iphonesimulator/PackageFrameworks -F /tmp/MYR175-AppClosure-iOS-DD/Build/Products/Debug-iphonesimulator -emit-localized-strings -emit-localized-strings-path /tmp/MYR175-AppClosure-iOS-DD/Build/Intermediates.noindex/MyRAM.build/Debug-iphonesimulator/MyRAM.build/Objects-normal/arm64 -c -j3 -enable-batch-mode -incremental -Xcc -ivfsstatcache -Xcc /tmp/MYR175-AppClosure-iOS-DD/SDKStatCaches.noindex/iphonesimulator26.5-23F73-688ef53f1462e2c8f657fdc38a81448ffb7d586738ff35573a713a18216ade27.sdkstatcache -output-file-map /tmp/MYR175-AppClosure-iOS-DD/Build/Intermediates.noindex/MyRAM.build/Debug-iphonesimulator/MyRAM.build/Objects-normal/arm64/MyRAM-OutputFileMap.json -use-frontend-parseable-output -save-temps -no-color-diagnostics -explicit-module-build -module-cache-path /tmp/MYR175-AppClosure-iOS-DD/Build/Intermediates.noindex/SwiftExplicitPrecompiledModules -clang-scanner-module-cache-path /tmp/MYR175-AppClosure-iOS-DD/ModuleCache.noindex -sdk-module-cache-path /tmp/MYR175-AppClosure-iOS-DD/ModuleCache.noindex -serialize-diagnostics -emit-dependencies -emit-module -emit-module-path /tmp/MYR175-AppClosure-iOS-DD/Build/Intermediates.noindex/MyRAM.build/Debug-iphonesimulator/MyRAM.build/Objects-normal/arm64/MyRAM.swiftmodule -validate-clang-modules-once -clang-build-session-file /tmp/MYR175-AppClosure-iOS-DD/ModuleCache.noindex/Session.modulevalidation -Xcc -I/tmp/MYR175-AppClosure-iOS-DD/Build/Intermediates.noindex/MyRAM.build/Debug-iphonesimulator/MyRAM.build/swift-overrides.hmap -emit-const-values -Xfrontend -const-gather-protocols-file -Xfrontend /tmp/MYR175-AppClosure-iOS-DD/Build/Intermediates.noindex/MyRAM.build/Debug-iphonesimulator/MyRAM.build/Objects-normal/arm64/MyRAM_const_extract_protocols.json -Xcc -iquote -Xcc /tmp/MYR175-AppClosure-iOS-DD/Build/Intermediates.noindex/MyRAM.build/Debug-iphonesimulator/MyRAM.build/MyRAM-generated-files.hmap -Xcc -I/tmp/MYR175-AppClosure-iOS-DD/Build/Intermediates.noindex/MyRAM.build/Debug-iphonesimulator/MyRAM.build/MyRAM-own-target-headers.hmap -Xcc -I/tmp/MYR175-AppClosure-iOS-DD/Build/Intermediates.noindex/MyRAM.build/Debug-iphonesimulator/MyRAM.build/MyRAM-all-non-framework-target-headers.hmap -Xcc -ivfsoverlay -Xcc /tmp/MYR175-AppClosure-iOS-DD/Build/Intermediates.noindex/MyRAM.build/Debug-iphonesimulator/MyRAM-98a9cbde253e8e955bc92731eb290203-VFS-iphonesimulator/all-product-headers.yaml -Xcc -iquote -Xcc /tmp/MYR175-AppClosure-iOS-DD/Build/Intermediates.noindex/MyRAM.build/Debug-iphonesimulator/MyRAM.build/MyRAM-project-headers.hmap -Xcc -I/tmp/MYR175-AppClosure-iOS-DD/Build/Products/Debug-iphonesimulator/include -Xcc -I/tmp/MYR175-AppClosure-iOS-DD/Build/Intermediates.noindex/MyRAM.build/Debug-iphonesimulator/MyRAM.build/DerivedSources-normal/arm64 -Xcc -I/tmp/MYR175-AppClosure-iOS-DD/Build/Intermediates.noindex/MyRAM.build/Debug-iphonesimulator/MyRAM.build/DerivedSources/arm64 -Xcc -I/tmp/MYR175-AppClosure-iOS-DD/Build/Intermediates.noindex/MyRAM.build/Debug-iphonesimulator/MyRAM.build/DerivedSources -Xcc -DDEBUG\=1 -emit-objc-header -emit-objc-header-path /tmp/MYR175-AppClosure-iOS-DD/Build/Intermediates.noindex/MyRAM.build/Debug-iphonesimulator/MyRAM.build/Objects-normal/arm64/MyRAM-Swift.h -working-directory /Users/runner/work/MyRAM-iOS/MyRAM-iOS/MyRAM-iOS -experimental-emit-module-separately -disable-cmo

SwiftDriverJobDiscovery normal arm64 Compiling MyRAMWidgetBundle.swift, MyRAMWidgetContentSelectionPolicy.swift, GeneratedAssetSymbols.swift (in target 'MyRAMWidgetExtension' from project 'MyRAM')

SwiftDriver\ Compilation MyRAMWidgetExtension normal arm64 com.apple.xcode.tools.swift.compiler (in target 'MyRAMWidgetExtension' from project 'MyRAM')
    cd /Users/runner/work/MyRAM-iOS/MyRAM-iOS/MyRAM-iOS
    builtin-Swift-Compilation -- /Applications/Xcode_26.5.app/Contents/Developer/Toolchains/XcodeDefault.xctoolchain/usr/bin/swiftc -module-name MyRAMWidgetExtension -Onone @/tmp/MYR175-AppClosure-iOS-DD/Build/Intermediates.noindex/MyRAM.build/Debug-iphonesimulator/MyRAMWidgetExtension.build/Objects-normal/arm64/MyRAMWidgetExtension.SwiftFileList -DDEBUG -enable-bare-slash-regex -enable-upcoming-feature DisableOutwardActorInference -enable-upcoming-feature InferSendableFromCaptures -enable-upcoming-feature GlobalActorIsolatedTypesUsability -enable-upcoming-feature MemberImportVisibility -enable-upcoming-feature InferIsolatedConformances -enable-upcoming-feature NonisolatedNonsendingByDefault -enable-experimental-feature DebugDescriptionMacro -sdk /Applications/Xcode_26.5.app/Contents/Developer/Platforms/iPhoneSimulator.platform/Developer/SDKs/iPhoneSimulator26.5.sdk -target arm64-apple-ios17.0-simulator -g -module-cache-path /tmp/MYR175-AppClosure-iOS-DD/ModuleCache.noindex -Xfrontend -serialize-debugging-options -application-extension -enable-testing -index-store-path /tmp/MYR175-AppClosure-iOS-DD/Index.noindex/DataStore -Xcc -D_LIBCPP_HARDENING_MODE\=_LIBCPP_HARDENING_MODE_DEBUG -swift-version 5 -I /tmp/MYR175-AppClosure-iOS-DD/Build/Products/Debug-iphonesimulator -F /tmp/MYR175-AppClosure-iOS-DD/Build/Products/Debug-iphonesimulator -emit-localized-strings -emit-localized-strings-path /tmp/MYR175-AppClosure-iOS-DD/Build/Intermediates.noindex/MyRAM.build/Debug-iphonesimulator/MyRAMWidgetExtension.build/Objects-normal/arm64 -c -j3 -enable-batch-mode -incremental -Xcc -ivfsstatcache -Xcc /tmp/MYR175-AppClosure-iOS-DD/SDKStatCaches.noindex/iphonesimulator26.5-23F73-688ef53f1462e2c8f657fdc38a81448ffb7d586738ff35573a713a18216ade27.sdkstatcache -output-file-map /tmp/MYR175-AppClosure-iOS-DD/Build/Intermediates.noindex/MyRAM.build/Debug-iphonesimulator/MyRAMWidgetExtension.build/Objects-normal/arm64/MyRAMWidgetExtension-OutputFileMap.json -use-frontend-parseable-output -save-temps -no-color-diagnostics -explicit-module-build -module-cache-path /tmp/MYR175-AppClosure-iOS-DD/Build/Intermediates.noindex/SwiftExplicitPrecompiledModules -clang-scanner-module-cache-path /tmp/MYR175-AppClosure-iOS-DD/ModuleCache.noindex -sdk-module-cache-path /tmp/MYR175-AppClosure-iOS-DD/ModuleCache.noindex -serialize-diagnostics -emit-dependencies -emit-module -emit-module-path /tmp/MYR175-AppClosure-iOS-DD/Build/Intermediates.noindex/MyRAM.build/Debug-iphonesimulator/MyRAMWidgetExtension.build/Objects-normal/arm64/MyRAMWidgetExtension.swiftmodule -validate-clang-modules-once -clang-build-session-file /tmp/MYR175-AppClosure-iOS-DD/ModuleCache.noindex/Session.modulevalidation -Xcc -I/tmp/MYR175-AppClosure-iOS-DD/Build/Intermediates.noindex/MyRAM.build/Debug-iphonesimulator/MyRAMWidgetExtension.build/swift-overrides.hmap -emit-const-values -Xfrontend -const-gather-protocols-file -Xfrontend /tmp/MYR175-AppClosure-iOS-DD/Build/Intermediates.noindex/MyRAM.build/Debug-iphonesimulator/MyRAMWidgetExtension.build/Objects-normal/arm64/MyRAMWidgetExtension_const_extract_protocols.json -Xcc -iquote -Xcc /tmp/MYR175-AppClosure-iOS-DD/Build/Intermediates.noindex/MyRAM.build/Debug-iphonesimulator/MyRAMWidgetExtension.build/MyRAMWidgetExtension-generated-files.hmap -Xcc -I/tmp/MYR175-AppClosure-iOS-DD/Build/Intermediates.noindex/MyRAM.build/Debug-iphonesimulator/MyRAMWidgetExtension.build/MyRAMWidgetExtension-own-target-headers.hmap -Xcc -I/tmp/MYR175-AppClosure-iOS-DD/Build/Intermediates.noindex/MyRAM.build/Debug-iphonesimulator/MyRAMWidgetExtension.build/MyRAMWidgetExtension-all-non-framework-target-headers.hmap -Xcc -ivfsoverlay -Xcc /tmp/MYR175-AppClosure-iOS-DD/Build/Intermediates.noindex/MyRAM.build/Debug-iphonesimulator/MyRAM-98a9cbde253e8e955bc92731eb290203-VFS-iphonesimulator/all-product-headers.yaml -Xcc -iquote -Xcc /tmp/MYR175-AppClosure-iOS-DD/Build/Intermediates.noindex/MyRAM.build/Debug-iphonesimulator/MyRAMWidgetExtension.build/MyRAMWidgetExtension-project-headers.hmap -Xcc -I/tmp/MYR175-AppClosure-iOS-DD/Build/Products/Debug-iphonesimulator/include -Xcc -I/tmp/MYR175-AppClosure-iOS-DD/Build/Intermediates.noindex/MyRAM.build/Debug-iphonesimulator/MyRAMWidgetExtension.build/DerivedSources-normal/arm64 -Xcc -I/tmp/MYR175-AppClosure-iOS-DD/Build/Intermediates.noindex/MyRAM.build/Debug-iphonesimulator/MyRAMWidgetExtension.build/DerivedSources/arm64 -Xcc -I/tmp/MYR175-AppClosure-iOS-DD/Build/Intermediates.noindex/MyRAM.build/Debug-iphonesimulator/MyRAMWidgetExtension.build/DerivedSources -Xcc -DDEBUG\=1 -emit-objc-header -emit-objc-header-path /tmp/MYR175-AppClosure-iOS-DD/Build/Intermediates.noindex/MyRAM.build/Debug-iphonesimulator/MyRAMWidgetExtension.build/Objects-normal/arm64/MyRAMWidgetExtension-Swift.h -working-directory /Users/runner/work/MyRAM-iOS/MyRAM-iOS/MyRAM-iOS -experimental-emit-module-separately -disable-cmo

Ld /tmp/MYR175-AppClosure-iOS-DD/Build/Products/Debug-iphonesimulator/MyRAMWidgetExtension.appex/MyRAMWidgetExtension.debug.dylib normal (in target 'MyRAMWidgetExtension' from project 'MyRAM')
    cd /Users/runner/work/MyRAM-iOS/MyRAM-iOS/MyRAM-iOS
    /Applications/Xcode_26.5.app/Contents/Developer/Toolchains/XcodeDefault.xctoolchain/usr/bin/clang -Xlinker -reproducible -target arm64-apple-ios17.0-simulator -dynamiclib -isysroot /Applications/Xcode_26.5.app/Contents/Developer/Platforms/iPhoneSimulator.platform/Developer/SDKs/iPhoneSimulator26.5.sdk -O0 -L/tmp/MYR175-AppClosure-iOS-DD/Build/Intermediates.noindex/EagerLinkingTBDs/Debug-iphonesimulator -L/tmp/MYR175-AppClosure-iOS-DD/Build/Products/Debug-iphonesimulator -F/tmp/MYR175-AppClosure-iOS-DD/Build/Intermediates.noindex/EagerLinkingTBDs/Debug-iphonesimulator -F/tmp/MYR175-AppClosure-iOS-DD/Build/Products/Debug-iphonesimulator -filelist /tmp/MYR175-AppClosure-iOS-DD/Build/Intermediates.noindex/MyRAM.build/Debug-iphonesimulator/MyRAMWidgetExtension.build/Objects-normal/arm64/MyRAMWidgetExtension.LinkFileList -install_name @rpath/MyRAMWidgetExtension.debug.dylib -Xlinker -rpath -Xlinker /usr/lib/swift -Xlinker -rpath -Xlinker @executable_path/Frameworks -Xlinker -rpath -Xlinker @executable_path/../../Frameworks -Xlinker -dead_strip -Xlinker -object_path_lto -Xlinker /tmp/MYR175-AppClosure-iOS-DD/Build/Intermediates.noindex/MyRAM.build/Debug-iphonesimulator/MyRAMWidgetExtension.build/Objects-normal/arm64/MyRAMWidgetExtension_lto.o -rdynamic -Xlinker -no_deduplicate -Xlinker -objc_abi_version -Xlinker 2 -Xlinker -dependency_info -Xlinker /tmp/MYR175-AppClosure-iOS-DD/Build/Intermediates.noindex/MyRAM.build/Debug-iphonesimulator/MyRAMWidgetExtension.build/Objects-normal/arm64/MyRAMWidgetExtension_dependency_info.dat -fapplication-extension -fobjc-link-runtime -L/Applications/Xcode_26.5.app/Contents/Developer/Toolchains/XcodeDefault.xctoolchain/usr/lib/swift/iphonesimulator -L/usr/lib/swift -Xlinker -add_ast_path -Xlinker /tmp/MYR175-AppClosure-iOS-DD/Build/Intermediates.noindex/MyRAM.build/Debug-iphonesimulator/MyRAMWidgetExtension.build/Objects-normal/arm64/MyRAMWidgetExtension.swiftmodule @/tmp/MYR175-AppClosure-iOS-DD/Build/Intermediates.noindex/MyRAM.build/Debug-iphonesimulator/MyRAMWidgetExtension.build/Objects-normal/arm64/MyRAMWidgetExtension-linker-args.resp -Xlinker -alias -Xlinker _NSExtensionMain -Xlinker ___debug_main_executable_dylib_entry_point -framework SwiftUI -framework WidgetKit -o /tmp/MYR175-AppClosure-iOS-DD/Build/Products/Debug-iphonesimulator/MyRAMWidgetExtension.appex/MyRAMWidgetExtension.debug.dylib

ConstructStubExecutorLinkFileList /tmp/MYR175-AppClosure-iOS-DD/Build/Intermediates.noindex/MyRAM.build/Debug-iphonesimulator/MyRAMWidgetExtension.build/MyRAMWidgetExtension-ExecutorLinkFileList-normal-arm64.txt (in target 'MyRAMWidgetExtension' from project 'MyRAM')
    cd /Users/runner/work/MyRAM-iOS/MyRAM-iOS/MyRAM-iOS
    construct-stub-executor-link-file-list /tmp/MYR175-AppClosure-iOS-DD/Build/Products/Debug-iphonesimulator/MyRAMWidgetExtension.appex/MyRAMWidgetExtension.debug.dylib /Applications/Xcode_26.5.app/Contents/Developer/Platforms/iPhoneSimulator.platform/Developer/usr/lib/libPreviewsJITStubExecutor_no_swift_entry_point.a /Applications/Xcode_26.5.app/Contents/Developer/Platforms/iPhoneSimulator.platform/Developer/usr/lib/libPreviewsJITStubExecutor.a --output /tmp/MYR175-AppClosure-iOS-DD/Build/Intermediates.noindex/MyRAM.build/Debug-iphonesimulator/MyRAMWidgetExtension.build/MyRAMWidgetExtension-ExecutorLinkFileList-normal-arm64.txt
note: Using stub executor library with Swift entry point. (in target 'MyRAMWidgetExtension' from project 'MyRAM')

Ld /tmp/MYR175-AppClosure-iOS-DD/Build/Products/Debug-iphonesimulator/MyRAMWidgetExtension.appex/MyRAMWidgetExtension normal (in target 'MyRAMWidgetExtension' from project 'MyRAM')
    cd /Users/runner/work/MyRAM-iOS/MyRAM-iOS/MyRAM-iOS
    /Applications/Xcode_26.5.app/Contents/Developer/Toolchains/XcodeDefault.xctoolchain/usr/bin/clang -Xlinker -reproducible -target arm64-apple-ios17.0-simulator -isysroot /Applications/Xcode_26.5.app/Contents/Developer/Platforms/iPhoneSimulator.platform/Developer/SDKs/iPhoneSimulator26.5.sdk -O0 -L/tmp/MYR175-AppClosure-iOS-DD/Build/Products/Debug-iphonesimulator -F/tmp/MYR175-AppClosure-iOS-DD/Build/Products/Debug-iphonesimulator -Xlinker -rpath -Xlinker @executable_path -Xlinker -rpath -Xlinker @executable_path/Frameworks -Xlinker -rpath -Xlinker @executable_path/../../Frameworks -rdynamic -Xlinker -no_deduplicate -Xlinker -objc_abi_version -Xlinker 2 -e ___debug_blank_executor_main -Xlinker -sectcreate -Xlinker __TEXT -Xlinker __debug_dylib -Xlinker /tmp/MYR175-AppClosure-iOS-DD/Build/Intermediates.noindex/MyRAM.build/Debug-iphonesimulator/MyRAMWidgetExtension.build/MyRAMWidgetExtension-DebugDylibPath-normal-arm64.txt -Xlinker -sectcreate -Xlinker __TEXT -Xlinker __debug_entry -Xlinker /tmp/MYR175-AppClosure-iOS-DD/Build/Intermediates.noindex/MyRAM.build/Debug-iphonesimulator/MyRAMWidgetExtension.build/MyRAMWidgetExtension-DebugEntryPoint-normal-arm64.txt -Xlinker -sectcreate -Xlinker __TEXT -Xlinker __debug_instlnm -Xlinker /tmp/MYR175-AppClosure-iOS-DD/Build/Intermediates.noindex/MyRAM.build/Debug-iphonesimulator/MyRAMWidgetExtension.build/MyRAMWidgetExtension-DebugDylibInstallName-normal-arm64.txt -Xlinker -filelist -Xlinker /tmp/MYR175-AppClosure-iOS-DD/Build/Intermediates.noindex/MyRAM.build/Debug-iphonesimulator/MyRAMWidgetExtension.build/MyRAMWidgetExtension-ExecutorLinkFileList-normal-arm64.txt /tmp/MYR175-AppClosure-iOS-DD/Build/Products/Debug-iphonesimulator/MyRAMWidgetExtension.appex/MyRAMWidgetExtension.debug.dylib -o /tmp/MYR175-AppClosure-iOS-DD/Build/Products/Debug-iphonesimulator/MyRAMWidgetExtension.appex/MyRAMWidgetExtension

ExtractAppIntentsMetadata (in target 'MyRAMWidgetExtension' from project 'MyRAM')
    cd /Users/runner/work/MyRAM-iOS/MyRAM-iOS/MyRAM-iOS
    /Applications/Xcode_26.5.app/Contents/Developer/Toolchains/XcodeDefault.xctoolchain/usr/bin/appintentsmetadataprocessor --toolchain-dir /var/run/com.apple.security.cryptexd/mnt/com.apple.MobileAsset.MetalToolchain-v17.6.42.0.4UaXzV/Metal.xctoolchain --module-name MyRAMWidgetExtension --sdk-root /Applications/Xcode_26.5.app/Contents/Developer/Platforms/iPhoneSimulator.platform/Developer/SDKs/iPhoneSimulator26.5.sdk --xcode-version 17F42 --platform-family iOS --deployment-target 17.0 --bundle-identifier com.northsignalstudio.myram.dev.widget --output /tmp/MYR175-AppClosure-iOS-DD/Build/Products/Debug-iphonesimulator/MyRAMWidgetExtension.appex --target-triple arm64-apple-ios17.0-simulator --binary-file /tmp/MYR175-AppClosure-iOS-DD/Build/Products/Debug-iphonesimulator/MyRAMWidgetExtension.appex/MyRAMWidgetExtension --dependency-file /tmp/MYR175-AppClosure-iOS-DD/Build/Intermediates.noindex/MyRAM.build/Debug-iphonesimulator/MyRAMWidgetExtension.build/Objects-normal/arm64/MyRAMWidgetExtension_dependency_info.dat --stringsdata-file /tmp/MYR175-AppClosure-iOS-DD/Build/Intermediates.noindex/MyRAM.build/Debug-iphonesimulator/MyRAMWidgetExtension.build/Objects-normal/arm64/ExtractedAppShortcutsMetadata.stringsdata --source-file-list /tmp/MYR175-AppClosure-iOS-DD/Build/Intermediates.noindex/MyRAM.build/Debug-iphonesimulator/MyRAMWidgetExtension.build/Objects-normal/arm64/MyRAMWidgetExtension.SwiftFileList --metadata-file-list /tmp/MYR175-AppClosure-iOS-DD/Build/Intermediates.noindex/MyRAM.build/Debug-iphonesimulator/MyRAMWidgetExtension.build/MyRAMWidgetExtension.DependencyMetadataFileList --static-metadata-file-list /tmp/MYR175-AppClosure-iOS-DD/Build/Intermediates.noindex/MyRAM.build/Debug-iphonesimulator/MyRAMWidgetExtension.build/MyRAMWidgetExtension.DependencyStaticMetadataFileList --swift-const-vals-list /tmp/MYR175-AppClosure-iOS-DD/Build/Intermediates.noindex/MyRAM.build/Debug-iphonesimulator/MyRAMWidgetExtension.build/Objects-normal/arm64/MyRAMWidgetExtension.SwiftConstValuesFileList --compile-time-extraction --deployment-aware-processing --validate-assistant-intents --no-app-shortcuts-localization
2026-08-04 17:05:15.434 appintentsmetadataprocessor[2666:11639] Starting appintentsmetadataprocessor export
2026-08-04 17:05:15.495 appintentsmetadataprocessor[2666:11639] Extracted no relevant App Intents symbols, skipping writing output

AppIntentsSSUTraining (in target 'MyRAMWidgetExtension' from project 'MyRAM')
    cd /Users/runner/work/MyRAM-iOS/MyRAM-iOS/MyRAM-iOS
    /Applications/Xcode_26.5.app/Contents/Developer/Toolchains/XcodeDefault.xctoolchain/usr/bin/appintentsnltrainingprocessor --infoplist-path /tmp/MYR175-AppClosure-iOS-DD/Build/Products/Debug-iphonesimulator/MyRAMWidgetExtension.appex/Info.plist --temp-dir-path /tmp/MYR175-AppClosure-iOS-DD/Build/Intermediates.noindex/MyRAM.build/Debug-iphonesimulator/MyRAMWidgetExtension.build/ssu --bundle-id com.northsignalstudio.myram.dev.widget --product-path /tmp/MYR175-AppClosure-iOS-DD/Build/Products/Debug-iphonesimulator/MyRAMWidgetExtension.appex --extracted-metadata-path /tmp/MYR175-AppClosure-iOS-DD/Build/Products/Debug-iphonesimulator/MyRAMWidgetExtension.appex/Metadata.appintents --metadata-file-list /tmp/MYR175-AppClosure-iOS-DD/Build/Intermediates.noindex/MyRAM.build/Debug-iphonesimulator/MyRAMWidgetExtension.build/MyRAMWidgetExtension.DependencyMetadataFileList --source-file /tmp/MYR175-AppClosure-iOS-DD/Build/Products/Debug-iphonesimulator/MyRAMWidgetExtension.appex/Info.plist --archive-ssu-assets
2026-08-04 17:05:15.572 appintentsnltrainingprocessor[2667:11649] Parsing options for appintentsnltrainingprocessor
2026-08-04 17:05:15.574 appintentsnltrainingprocessor[2667:11649] Starting AppIntents SSU YAML Generation
2026-08-04 17:05:15.580 appintentsnltrainingprocessor[2667:11649] No AppShortcuts found - Skipping.

RegisterExecutionPolicyException /tmp/MYR175-AppClosure-iOS-DD/Build/Products/Debug-iphonesimulator/MyRAMWidgetExtension.appex (in target 'MyRAMWidgetExtension' from project 'MyRAM')
    cd /Users/runner/work/MyRAM-iOS/MyRAM-iOS/MyRAM-iOS
    builtin-RegisterExecutionPolicyException /tmp/MYR175-AppClosure-iOS-DD/Build/Products/Debug-iphonesimulator/MyRAMWidgetExtension.appex

Touch /tmp/MYR175-AppClosure-iOS-DD/Build/Products/Debug-iphonesimulator/MyRAMWidgetExtension.appex (in target 'MyRAMWidgetExtension' from project 'MyRAM')
    cd /Users/runner/work/MyRAM-iOS/MyRAM-iOS/MyRAM-iOS
    /usr/bin/touch -c /tmp/MYR175-AppClosure-iOS-DD/Build/Products/Debug-iphonesimulator/MyRAMWidgetExtension.appex

ValidateDevelopmentAssets /tmp/MYR175-AppClosure-iOS-DD/Build/Intermediates.noindex/MyRAM.build/Debug-iphonesimulator/MyRAM.build (in target 'MyRAM' from project 'MyRAM')
    cd /Users/runner/work/MyRAM-iOS/MyRAM-iOS/MyRAM-iOS
    builtin-validate-development-assets --validate YES_ERROR /Users/runner/work/MyRAM-iOS/MyRAM-iOS/MyRAM-iOS/MyRAM/Preview\ Content

Ld /tmp/MYR175-AppClosure-iOS-DD/Build/Products/Debug-iphonesimulator/MyRAM.app/__preview.dylib normal (in target 'MyRAM' from project 'MyRAM')
    cd /Users/runner/work/MyRAM-iOS/MyRAM-iOS/MyRAM-iOS
    /Applications/Xcode_26.5.app/Contents/Developer/Toolchains/XcodeDefault.xctoolchain/usr/bin/clang -Xlinker -reproducible -target arm64-apple-ios17.0-simulator -dynamiclib -isysroot /Applications/Xcode_26.5.app/Contents/Developer/Platforms/iPhoneSimulator.platform/Developer/SDKs/iPhoneSimulator26.5.sdk -O0 -L/tmp/MYR175-AppClosure-iOS-DD/Build/Products/Debug-iphonesimulator -F/tmp/MYR175-AppClosure-iOS-DD/Build/Products/Debug-iphonesimulator/PackageFrameworks -F/tmp/MYR175-AppClosure-iOS-DD/Build/Products/Debug-iphonesimulator/PackageFrameworks -F/tmp/MYR175-AppClosure-iOS-DD/Build/Products/Debug-iphonesimulator -install_name @rpath/MyRAM.debug.dylib -Xlinker -dead_strip -rdynamic -Xlinker -no_deduplicate -Xlinker -objc_abi_version -Xlinker 2 -Xlinker -dependency_info -Xlinker /tmp/MYR175-AppClosure-iOS-DD/Build/Intermediates.noindex/MyRAM.build/Debug-iphonesimulator/MyRAM.build/Objects-normal/arm64/MyRAM_dependency_info.dat -o /tmp/MYR175-AppClosure-iOS-DD/Build/Products/Debug-iphonesimulator/MyRAM.app/__preview.dylib

CpResource /tmp/MYR175-AppClosure-iOS-DD/Build/Products/Debug-iphonesimulator/MyRAM.app/.gitignore /Users/runner/work/MyRAM-iOS/MyRAM-iOS/MyRAM-iOS/.gitignore (in target 'MyRAM' from project 'MyRAM')
    cd /Users/runner/work/MyRAM-iOS/MyRAM-iOS/MyRAM-iOS
    builtin-copy -exclude .DS_Store -exclude CVS -exclude .svn -exclude .git -exclude .hg -resolve-src-symlinks /Users/runner/work/MyRAM-iOS/MyRAM-iOS/MyRAM-iOS/.gitignore /tmp/MYR175-AppClosure-iOS-DD/Build/Products/Debug-iphonesimulator/MyRAM.app

Copy /tmp/MYR175-AppClosure-iOS-DD/Build/Products/Debug-iphonesimulator/MyRAM.app/Frameworks/libXCTestSwiftSupport.dylib /Applications/Xcode_26.5.app/Contents/Developer/Platforms/iPhoneSimulator.platform/Developer/usr/lib/libXCTestSwiftSupport.dylib (in target 'MyRAM' from project 'MyRAM')
    cd /Users/runner/work/MyRAM-iOS/MyRAM-iOS/MyRAM-iOS
    builtin-copy -exclude .DS_Store -exclude CVS -exclude .svn -exclude .git -exclude .hg -exclude Headers -exclude PrivateHeaders -exclude Modules -exclude \*.tbd -resolve-src-symlinks /Applications/Xcode_26.5.app/Contents/Developer/Platforms/iPhoneSimulator.platform/Developer/usr/lib/libXCTestSwiftSupport.dylib /tmp/MYR175-AppClosure-iOS-DD/Build/Products/Debug-iphonesimulator/MyRAM.app/Frameworks

Copy /tmp/MYR175-AppClosure-iOS-DD/Build/Products/Debug-iphonesimulator/MyRAM.app/Frameworks/libXCTestBundleInject.dylib /Applications/Xcode_26.5.app/Contents/Developer/Platforms/iPhoneSimulator.platform/Developer/usr/lib/libXCTestBundleInject.dylib (in target 'MyRAM' from project 'MyRAM')
    cd /Users/runner/work/MyRAM-iOS/MyRAM-iOS/MyRAM-iOS
    builtin-copy -exclude .DS_Store -exclude CVS -exclude .svn -exclude .git -exclude .hg -exclude Headers -exclude PrivateHeaders -exclude Modules -exclude \*.tbd -resolve-src-symlinks /Applications/Xcode_26.5.app/Contents/Developer/Platforms/iPhoneSimulator.platform/Developer/usr/lib/libXCTestBundleInject.dylib /tmp/MYR175-AppClosure-iOS-DD/Build/Products/Debug-iphonesimulator/MyRAM.app/Frameworks

Copy /tmp/MYR175-AppClosure-iOS-DD/Build/Products/Debug-iphonesimulator/MyRAM.app/Frameworks/XCUnit.framework /Applications/Xcode_26.5.app/Contents/Developer/Platforms/iPhoneSimulator.platform/Developer/Library/PrivateFrameworks/XCUnit.framework (in target 'MyRAM' from project 'MyRAM')
    cd /Users/runner/work/MyRAM-iOS/MyRAM-iOS/MyRAM-iOS
    builtin-copy -exclude .DS_Store -exclude CVS -exclude .svn -exclude .git -exclude .hg -exclude Headers -exclude PrivateHeaders -exclude Modules -exclude \*.tbd -resolve-src-symlinks /Applications/Xcode_26.5.app/Contents/Developer/Platforms/iPhoneSimulator.platform/Developer/Library/PrivateFrameworks/XCUnit.framework /tmp/MYR175-AppClosure-iOS-DD/Build/Products/Debug-iphonesimulator/MyRAM.app/Frameworks

Copy /tmp/MYR175-AppClosure-iOS-DD/Build/Products/Debug-iphonesimulator/MyRAM.app/Frameworks/XCUIAutomation.framework /Applications/Xcode_26.5.app/Contents/Developer/Platforms/iPhoneSimulator.platform/Developer/Library/Frameworks/XCUIAutomation.framework (in target 'MyRAM' from project 'MyRAM')
    cd /Users/runner/work/MyRAM-iOS/MyRAM-iOS/MyRAM-iOS
    builtin-copy -exclude .DS_Store -exclude CVS -exclude .svn -exclude .git -exclude .hg -exclude Headers -exclude PrivateHeaders -exclude Modules -exclude \*.tbd -resolve-src-symlinks /Applications/Xcode_26.5.app/Contents/Developer/Platforms/iPhoneSimulator.platform/Developer/Library/Frameworks/XCUIAutomation.framework /tmp/MYR175-AppClosure-iOS-DD/Build/Products/Debug-iphonesimulator/MyRAM.app/Frameworks

Copy /tmp/MYR175-AppClosure-iOS-DD/Build/Products/Debug-iphonesimulator/MyRAM.app/Frameworks/XCTestSupport.framework /Applications/Xcode_26.5.app/Contents/Developer/Platforms/iPhoneSimulator.platform/Developer/Library/PrivateFrameworks/XCTestSupport.framework (in target 'MyRAM' from project 'MyRAM')
    cd /Users/runner/work/MyRAM-iOS/MyRAM-iOS/MyRAM-iOS
    builtin-copy -exclude .DS_Store -exclude CVS -exclude .svn -exclude .git -exclude .hg -exclude Headers -exclude PrivateHeaders -exclude Modules -exclude \*.tbd -resolve-src-symlinks /Applications/Xcode_26.5.app/Contents/Developer/Platforms/iPhoneSimulator.platform/Developer/Library/PrivateFrameworks/XCTestSupport.framework /tmp/MYR175-AppClosure-iOS-DD/Build/Products/Debug-iphonesimulator/MyRAM.app/Frameworks

Copy /tmp/MYR175-AppClosure-iOS-DD/Build/Products/Debug-iphonesimulator/MyRAM.app/Frameworks/XCTestCore.framework /Applications/Xcode_26.5.app/Contents/Developer/Platforms/iPhoneSimulator.platform/Developer/Library/PrivateFrameworks/XCTestCore.framework (in target 'MyRAM' from project 'MyRAM')
    cd /Users/runner/work/MyRAM-iOS/MyRAM-iOS/MyRAM-iOS
    builtin-copy -exclude .DS_Store -exclude CVS -exclude .svn -exclude .git -exclude .hg -exclude Headers -exclude PrivateHeaders -exclude Modules -exclude \*.tbd -resolve-src-symlinks /Applications/Xcode_26.5.app/Contents/Developer/Platforms/iPhoneSimulator.platform/Developer/Library/PrivateFrameworks/XCTestCore.framework /tmp/MYR175-AppClosure-iOS-DD/Build/Products/Debug-iphonesimulator/MyRAM.app/Frameworks

Copy /tmp/MYR175-AppClosure-iOS-DD/Build/Products/Debug-iphonesimulator/MyRAM.app/Frameworks/XCTest.framework /Applications/Xcode_26.5.app/Contents/Developer/Platforms/iPhoneSimulator.platform/Developer/Library/Frameworks/XCTest.framework (in target 'MyRAM' from project 'MyRAM')
    cd /Users/runner/work/MyRAM-iOS/MyRAM-iOS/MyRAM-iOS
    builtin-copy -exclude .DS_Store -exclude CVS -exclude .svn -exclude .git -exclude .hg -exclude Headers -exclude PrivateHeaders -exclude Modules -exclude \*.tbd -resolve-src-symlinks /Applications/Xcode_26.5.app/Contents/Developer/Platforms/iPhoneSimulator.platform/Developer/Library/Frameworks/XCTest.framework /tmp/MYR175-AppClosure-iOS-DD/Build/Products/Debug-iphonesimulator/MyRAM.app/Frameworks

Copy /tmp/MYR175-AppClosure-iOS-DD/Build/Products/Debug-iphonesimulator/MyRAM.app/Frameworks/XCTAutomationSupport.framework /Applications/Xcode_26.5.app/Contents/Developer/Platforms/iPhoneSimulator.platform/Developer/Library/PrivateFrameworks/XCTAutomationSupport.framework (in target 'MyRAM' from project 'MyRAM')
    cd /Users/runner/work/MyRAM-iOS/MyRAM-iOS/MyRAM-iOS
    builtin-copy -exclude .DS_Store -exclude CVS -exclude .svn -exclude .git -exclude .hg -exclude Headers -exclude PrivateHeaders -exclude Modules -exclude \*.tbd -resolve-src-symlinks /Applications/Xcode_26.5.app/Contents/Developer/Platforms/iPhoneSimulator.platform/Developer/Library/PrivateFrameworks/XCTAutomationSupport.framework /tmp/MYR175-AppClosure-iOS-DD/Build/Products/Debug-iphonesimulator/MyRAM.app/Frameworks

Copy /tmp/MYR175-AppClosure-iOS-DD/Build/Products/Debug-iphonesimulator/MyRAM.app/Frameworks/Testing.framework /Applications/Xcode_26.5.app/Contents/Developer/Platforms/iPhoneSimulator.platform/Developer/Library/Frameworks/Testing.framework (in target 'MyRAM' from project 'MyRAM')
    cd /Users/runner/work/MyRAM-iOS/MyRAM-iOS/MyRAM-iOS
    builtin-copy -exclude .DS_Store -exclude CVS -exclude .svn -exclude .git -exclude .hg -exclude Headers -exclude PrivateHeaders -exclude Modules -exclude \*.tbd -resolve-src-symlinks /Applications/Xcode_26.5.app/Contents/Developer/Platforms/iPhoneSimulator.platform/Developer/Library/Frameworks/Testing.framework /tmp/MYR175-AppClosure-iOS-DD/Build/Products/Debug-iphonesimulator/MyRAM.app/Frameworks

Copy /tmp/MYR175-AppClosure-iOS-DD/Build/Products/Debug-iphonesimulator/MyRAM.app/Frameworks/AnchoredSequenceCore_-65B9EEE52AB2106_PackageProduct.framework /tmp/MYR175-AppClosure-iOS-DD/Build/Products/Debug-iphonesimulator/PackageFrameworks/AnchoredSequenceCore_-65B9EEE52AB2106_PackageProduct.framework (in target 'MyRAM' from project 'MyRAM')
    cd /Users/runner/work/MyRAM-iOS/MyRAM-iOS/MyRAM-iOS
    builtin-copy -exclude .DS_Store -exclude CVS -exclude .svn -exclude .git -exclude .hg -resolve-src-symlinks -remove-static-executable /tmp/MYR175-AppClosure-iOS-DD/Build/Products/Debug-iphonesimulator/PackageFrameworks/AnchoredSequenceCore_-65B9EEE52AB2106_PackageProduct.framework /tmp/MYR175-AppClosure-iOS-DD/Build/Products/Debug-iphonesimulator/MyRAM.app/Frameworks

SwiftExplicitDependencyGeneratePcm arm64 /tmp/MYR175-AppClosure-iOS-DD/ModuleCache.noindex/_AvailabilityInternal-2WTXPTKX51OT5CNJ87CQVLMJ8.pcm

SwiftExplicitDependencyGeneratePcm arm64 /tmp/MYR175-AppClosure-iOS-DD/ModuleCache.noindex/_Builtin_float-BR4Z0C1OW3TMPN0474OPKQVH9.pcm

SwiftExplicitDependencyGeneratePcm arm64 /tmp/MYR175-AppClosure-iOS-DD/ModuleCache.noindex/_SwiftConcurrencyShims-ELN8C5FZ2RHN5EBY3R6Y62LGA.pcm

SwiftExplicitDependencyGeneratePcm arm64 /tmp/MYR175-AppClosure-iOS-DD/ModuleCache.noindex/ptrauth-9H3OH41SHPRB7M3HEXAX5BA97.pcm

SwiftExplicitDependencyGeneratePcm arm64 /tmp/MYR175-AppClosure-iOS-DD/ModuleCache.noindex/_Builtin_stdbool-9SQIG27OMAE7W835QSJH5SVVU.pcm

SwiftExplicitDependencyGeneratePcm arm64 /tmp/MYR175-AppClosure-iOS-DD/ModuleCache.noindex/ptrcheck-9OD6YDS6R3RLYMRQW1CVKM7TN.pcm

SwiftExplicitDependencyGeneratePcm arm64 /tmp/MYR175-AppClosure-iOS-DD/ModuleCache.noindex/_Builtin_stdarg-CWA1SXJP295MMV0PAZZZLPFUL.pcm

SwiftExplicitDependencyGeneratePcm arm64 /tmp/MYR175-AppClosure-iOS-DD/ModuleCache.noindex/SwiftShims-5TP14RHWTRM21D91NS4VMH63M.pcm

SwiftExplicitDependencyGeneratePcm arm64 /tmp/MYR175-AppClosure-iOS-DD/ModuleCache.noindex/_DarwinFoundation1-21TH4MVB4ZUCP1SGU8IDX39RW.pcm

SwiftExplicitDependencyGeneratePcm arm64 /tmp/MYR175-AppClosure-iOS-DD/ModuleCache.noindex/_Builtin_stddef-B2CB1D0UAL3E17PLAMP2G51QX.pcm

SwiftExplicitDependencyGeneratePcm arm64 /tmp/MYR175-AppClosure-iOS-DD/ModuleCache.noindex/DeveloperToolsSupport-2YXI2P1883BYEW2QGQLS0OE1Q.pcm

SwiftExplicitDependencyGeneratePcm arm64 /tmp/MYR175-AppClosure-iOS-DD/ModuleCache.noindex/ActivityKit-70Y81I1KQDDWBRP41IISMT016.pcm

SwiftExplicitDependencyGeneratePcm arm64 /tmp/MYR175-AppClosure-iOS-DD/ModuleCache.noindex/ExtensionFoundation-C5B8MRDVEHJGBR26UJTHWAMXS.pcm

SwiftExplicitDependencyGeneratePcm arm64 /tmp/MYR175-AppClosure-iOS-DD/ModuleCache.noindex/_Builtin_limits-4JNC2CTY82CL8C4ZDTIM9EV6C.pcm

SwiftExplicitDependencyGeneratePcm arm64 /tmp/MYR175-AppClosure-iOS-DD/ModuleCache.noindex/_DarwinFoundation2-952RIVOOUNOETO2QX8GC13MTC.pcm

SwiftExplicitDependencyGeneratePcm arm64 /tmp/MYR175-AppClosure-iOS-DD/ModuleCache.noindex/_Builtin_stdint-BNZXSUBJ41WEVNZH8PH5BR8SP.pcm

SwiftExplicitDependencyGeneratePcm arm64 /tmp/MYR175-AppClosure-iOS-DD/ModuleCache.noindex/_Builtin_tgmath-XUQ9NTKTE6L1SVMOPMOJKSRE.pcm

SwiftExplicitDependencyGeneratePcm arm64 /tmp/MYR175-AppClosure-iOS-DD/ModuleCache.noindex/sys_types-1G1EZ7OKI02X81329IWV175JT.pcm

SwiftExplicitDependencyGeneratePcm arm64 /tmp/MYR175-AppClosure-iOS-DD/ModuleCache.noindex/_Builtin_intrinsics-5U8D8MF9IZGNKKZFBU02DY9G5.pcm

SwiftExplicitDependencyGeneratePcm arm64 /tmp/MYR175-AppClosure-iOS-DD/ModuleCache.noindex/_Builtin_stdatomic-DKMLO2XZWNDV2IMDVHQCSGJL0.pcm

SwiftExplicitDependencyGeneratePcm arm64 /tmp/MYR175-AppClosure-iOS-DD/ModuleCache.noindex/_DarwinFoundation3-6AC97ZX3Y8VVDKQB1ZVEES5GI.pcm

SwiftExplicitDependencyGeneratePcm arm64 /tmp/MYR175-AppClosure-iOS-DD/ModuleCache.noindex/_Builtin_inttypes-C6PNS5CSF9HJ5N4OW7ORLXXBC.pcm

SwiftExplicitDependencyGeneratePcm arm64 /tmp/MYR175-AppClosure-iOS-DD/ModuleCache.noindex/simd-EWV2GIEMLH33USAJARXJUJ5CQ.pcm

SwiftExplicitDependencyGeneratePcm arm64 /tmp/MYR175-AppClosure-iOS-DD/ModuleCache.noindex/Darwin-31XUK1VWF4ZT5WKF8KO9TXRI0.pcm

SwiftExplicitDependencyGeneratePcm arm64 /tmp/MYR175-AppClosure-iOS-DD/ModuleCache.noindex/ObjectiveC-D58LQAP48410VAPS77VWXPA8Q.pcm

SwiftExplicitDependencyGeneratePcm arm64 /tmp/MYR175-AppClosure-iOS-DD/ModuleCache.noindex/MachO-26F3SNPQ2TDVG1YEOGKP2DL7E.pcm

SwiftExplicitDependencyGeneratePcm arm64 /tmp/MYR175-AppClosure-iOS-DD/ModuleCache.noindex/os_object-CTEWXLWTDUJRYIY35RZY2OGYE.pcm

SwiftExplicitDependencyGeneratePcm arm64 /tmp/MYR175-AppClosure-iOS-DD/ModuleCache.noindex/os_workgroup-R63E5A467OCW3IAEL8YUF4H3.pcm

SwiftExplicitDependencyGeneratePcm arm64 /tmp/MYR175-AppClosure-iOS-DD/ModuleCache.noindex/Dispatch-7768YIIGO8JPDD47RRBEEVJBB.pcm

SwiftExplicitDependencyGeneratePcm arm64 /tmp/MYR175-AppClosure-iOS-DD/ModuleCache.noindex/Spatial-989L860QXG8O6CUJKT7ZO9CYW.pcm

SwiftExplicitDependencyGeneratePcm arm64 /tmp/MYR175-AppClosure-iOS-DD/ModuleCache.noindex/CoreFoundation-9QLQFFJRX98072ANHOOOC42U3.pcm

SwiftExplicitDependencyGeneratePcm arm64 /tmp/MYR175-AppClosure-iOS-DD/ModuleCache.noindex/XPC-CBPZ5BRBCVGNCVETSVT3YMLRR.pcm

SwiftExplicitDependencyGeneratePcm arm64 /tmp/MYR175-AppClosure-iOS-DD/ModuleCache.noindex/CoreAudioTypes-DT7ITZKVEKFGIUTH5BNHA9AXF.pcm

SwiftExplicitDependencyGeneratePcm arm64 /tmp/MYR175-AppClosure-iOS-DD/ModuleCache.noindex/CFNetwork-14ZLAJCGRRINVOOIDKTV9KWGD.pcm

SwiftExplicitDependencyGeneratePcm arm64 /tmp/MYR175-AppClosure-iOS-DD/ModuleCache.noindex/Security-8GQT5SXD6ZSH3U59YPWTCNN5O.pcm

SwiftExplicitDependencyGeneratePcm arm64 /tmp/MYR175-AppClosure-iOS-DD/ModuleCache.noindex/dnssd-JFDQ83WX1E5PAPWWZDTU76G5.pcm

SwiftExplicitDependencyGeneratePcm arm64 /tmp/MYR175-AppClosure-iOS-DD/ModuleCache.noindex/CoreAudio-854SVLHSSU8SS64JQZWC5280O.pcm

SwiftExplicitDependencyGeneratePcm arm64 /tmp/MYR175-AppClosure-iOS-DD/ModuleCache.noindex/os-B723N5ZPYDAUWB6V1EE5BB7I7.pcm

SwiftExplicitDependencyGeneratePcm arm64 /tmp/MYR175-AppClosure-iOS-DD/ModuleCache.noindex/CoreGraphics-5SLILJRWRBAIKPYRUR75KK8HZ.pcm

LinkAssetCatalog /Users/runner/work/MyRAM-iOS/MyRAM-iOS/MyRAM-iOS/MyRAM/Preview\ Content/Preview\ Assets.xcassets /Users/runner/work/MyRAM-iOS/MyRAM-iOS/MyRAM-iOS/MyRAM/Assets.xcassets (in target 'MyRAM' from project 'MyRAM')
    cd /Users/runner/work/MyRAM-iOS/MyRAM-iOS/MyRAM-iOS
    builtin-linkAssetCatalog --thinned /tmp/MYR175-AppClosure-iOS-DD/Build/Intermediates.noindex/MyRAM.build/Debug-iphonesimulator/MyRAM.build/assetcatalog_output/thinned --thinned-dependencies /tmp/MYR175-AppClosure-iOS-DD/Build/Intermediates.noindex/MyRAM.build/Debug-iphonesimulator/MyRAM.build/assetcatalog_dependencies_thinned --thinned-info-plist-content /tmp/MYR175-AppClosure-iOS-DD/Build/Intermediates.noindex/MyRAM.build/Debug-iphonesimulator/MyRAM.build/assetcatalog_generated_info.plist_thinned --unthinned /tmp/MYR175-AppClosure-iOS-DD/Build/Intermediates.noindex/MyRAM.build/Debug-iphonesimulator/MyRAM.build/assetcatalog_output/unthinned --unthinned-dependencies /tmp/MYR175-AppClosure-iOS-DD/Build/Intermediates.noindex/MyRAM.build/Debug-iphonesimulator/MyRAM.build/assetcatalog_dependencies_unthinned --unthinned-info-plist-content /tmp/MYR175-AppClosure-iOS-DD/Build/Intermediates.noindex/MyRAM.build/Debug-iphonesimulator/MyRAM.build/assetcatalog_generated_info.plist_unthinned --output /tmp/MYR175-AppClosure-iOS-DD/Build/Products/Debug-iphonesimulator/MyRAM.app --plist-output /tmp/MYR175-AppClosure-iOS-DD/Build/Intermediates.noindex/MyRAM.build/Debug-iphonesimulator/MyRAM.build/assetcatalog_generated_info.plist
note: Emplaced /tmp/MYR175-AppClosure-iOS-DD/Build/Products/Debug-iphonesimulator/MyRAM.app/AppIcon76x76@2x~ipad.png (in target 'MyRAM' from project 'MyRAM')
note: Emplaced /tmp/MYR175-AppClosure-iOS-DD/Build/Products/Debug-iphonesimulator/MyRAM.app/AppIcon60x60@2x.png (in target 'MyRAM' from project 'MyRAM')
note: Emplaced /tmp/MYR175-AppClosure-iOS-DD/Build/Products/Debug-iphonesimulator/MyRAM.app/Assets.car (in target 'MyRAM' from project 'MyRAM')

SwiftExplicitDependencyGeneratePcm arm64 /tmp/MYR175-AppClosure-iOS-DD/ModuleCache.noindex/Foundation-6JQVCJHL0E4O4S2J8BQS8T8FR.pcm

SwiftExplicitDependencyGeneratePcm arm64 /tmp/MYR175-AppClosure-iOS-DD/ModuleCache.noindex/ImageIO-5EM1WYBJXLPQ6ILCTZ954VIR6.pcm

SwiftExplicitDependencyGeneratePcm arm64 /tmp/MYR175-AppClosure-iOS-DD/ModuleCache.noindex/CoreText-EKC8LXWTK9XI5S1YOKO9UM0U1.pcm

SwiftExplicitDependencyGeneratePcm arm64 /tmp/MYR175-AppClosure-iOS-DD/ModuleCache.noindex/IOSurface-2XTLWV262RXL3R5WLGWDYVL2W.pcm

SwiftExplicitDependencyGeneratePcm arm64 /tmp/MYR175-AppClosure-iOS-DD/ModuleCache.noindex/AppIntents-DECJ5ZH38FFAB2M56TNQU049O.pcm

SwiftExplicitDependencyGeneratePcm arm64 /tmp/MYR175-AppClosure-iOS-DD/ModuleCache.noindex/CoreData-D4NGCEUA6CHXN3UVQJ6I9UYGZ.pcm

SwiftExplicitDependencyGeneratePcm arm64 /tmp/MYR175-AppClosure-iOS-DD/ModuleCache.noindex/UniformTypeIdentifiers-8152NZZ9JFPV4OOI753LQPYA9.pcm

SwiftExplicitDependencyGeneratePcm arm64 /tmp/MYR175-AppClosure-iOS-DD/ModuleCache.noindex/OpenGLES-53DCP5FIP6J4BHCQFTEO3R953.pcm

SwiftExplicitDependencyGeneratePcm arm64 /tmp/MYR175-AppClosure-iOS-DD/ModuleCache.noindex/CoreTransferable-4VXYHEHA5KU7IPOU1KJA4M50B.pcm

SwiftExplicitDependencyGeneratePcm arm64 /tmp/MYR175-AppClosure-iOS-DD/ModuleCache.noindex/CoreSpotlight-1WTY92EFRQWH9LWRWO6D3QYRG.pcm

SwiftExplicitDependencyGeneratePcm arm64 /tmp/MYR175-AppClosure-iOS-DD/ModuleCache.noindex/_LocationEssentials-8EZL4DPAA7DWX1Y6LL9EF9IZG.pcm

SwiftExplicitDependencyGeneratePcm arm64 /tmp/MYR175-AppClosure-iOS-DD/ModuleCache.noindex/Network-43LOMJNHRICBJGROMNHJIOFQB.pcm

SwiftExplicitDependencyGeneratePcm arm64 /tmp/MYR175-AppClosure-iOS-DD/ModuleCache.noindex/OSLog-938QDM7TAEWB8BYXWOZDS6KEY.pcm

SwiftExplicitDependencyGeneratePcm arm64 /tmp/MYR175-AppClosure-iOS-DD/ModuleCache.noindex/CoreLocation-AA3AFT4HILLBRWSQFE6IKID2T.pcm

SwiftExplicitDependencyGeneratePcm arm64 /tmp/MYR175-AppClosure-iOS-DD/ModuleCache.noindex/UserNotifications-87Z954HO16LVJMOU238LB0XU3.pcm

SwiftExplicitDependencyGeneratePcm arm64 /tmp/MYR175-AppClosure-iOS-DD/ModuleCache.noindex/AVRouting-23YPMT5RKK5RRLQ05KN7T5FBM.pcm

SwiftExplicitDependencyGeneratePcm arm64 /tmp/MYR175-AppClosure-iOS-DD/ModuleCache.noindex/LocalAuthentication-3JPG4HE578IQO1TY21NSZ4TUW.pcm

SwiftExplicitDependencyGeneratePcm arm64 /tmp/MYR175-AppClosure-iOS-DD/ModuleCache.noindex/UIUtilities-BXIBMSYIQMBBQJGGT7WMKWKQM.pcm

SwiftExplicitDependencyGeneratePcm arm64 /tmp/MYR175-AppClosure-iOS-DD/ModuleCache.noindex/NaturalLanguage-F53HL4IUTMJ6T18A9G63F2VE6.pcm

SwiftExplicitDependencyGeneratePcm arm64 /tmp/MYR175-AppClosure-iOS-DD/ModuleCache.noindex/Intents-D1WX9QJSEJVN1TMDPLMDMXOTE.pcm

SwiftExplicitDependencyGeneratePcm arm64 /tmp/MYR175-AppClosure-iOS-DD/ModuleCache.noindex/FileProvider-54YNOFBP7DGP4QBWQ3PJBMJE3.pcm

SwiftExplicitDependencyGeneratePcm arm64 /tmp/MYR175-AppClosure-iOS-DD/ModuleCache.noindex/Symbols-7SXP9SQDYCQU1KN4XV7C93XC4.pcm

SwiftExplicitDependencyGeneratePcm arm64 /tmp/MYR175-AppClosure-iOS-DD/ModuleCache.noindex/RelevanceKit-86DRSWXVNPDZIREGBCB60LXFU.pcm

SwiftExplicitDependencyGeneratePcm arm64 /tmp/MYR175-AppClosure-iOS-DD/ModuleCache.noindex/WidgetKit-A102Y9ZU4CCT8AXNN1H2RJPEL.pcm

SwiftExplicitDependencyGeneratePcm arm64 /tmp/MYR175-AppClosure-iOS-DD/ModuleCache.noindex/CoreMIDI-44FVXUAK4LREUYRUCV3KHWCOZ.pcm

SwiftExplicitDependencyGeneratePcm arm64 /tmp/MYR175-AppClosure-iOS-DD/ModuleCache.noindex/Accessibility-7IJ2NZDNNXIEY7OY32NURVXWY.pcm

SwiftExplicitDependencyGeneratePcm arm64 /tmp/MYR175-AppClosure-iOS-DD/ModuleCache.noindex/DataDetection-AZA1WNAUJQ84TZUFS8SADJX2T.pcm

SwiftExplicitDependencyGeneratePcm arm64 /tmp/MYR175-AppClosure-iOS-DD/ModuleCache.noindex/Metal-284OVCIXPKB52QNQC9L5QBE2B.pcm

SwiftExplicitDependencyGeneratePcm arm64 /tmp/MYR175-AppClosure-iOS-DD/ModuleCache.noindex/AudioToolbox-DT8J3XS9T1ZNROCPPR9VDCREQ.pcm

SwiftExplicitDependencyGeneratePcm arm64 /tmp/MYR175-AppClosure-iOS-DD/ModuleCache.noindex/CoreVideo-6KXGTC514R5A1OLA02FM11CKX.pcm

SwiftExplicitDependencyGeneratePcm arm64 /tmp/MYR175-AppClosure-iOS-DD/ModuleCache.noindex/CoreImage-3N042GKJ764O7L4XGJDV5WQ54.pcm

SwiftExplicitDependencyGeneratePcm arm64 /tmp/MYR175-AppClosure-iOS-DD/ModuleCache.noindex/QuartzCore-5K2MGIXRDX3Z2AK16W3GSCT32.pcm

SwiftExplicitDependencyGeneratePcm arm64 /tmp/MYR175-AppClosure-iOS-DD/ModuleCache.noindex/CoreML-2JJCMGK5ZHETZ424GA15CJEP2.pcm

SwiftExplicitDependencyGeneratePcm arm64 /tmp/MYR175-AppClosure-iOS-DD/ModuleCache.noindex/CoreMedia-CZVAF18AKEG68AXKYE9EQW2AK.pcm

SwiftExplicitDependencyGeneratePcm arm64 /tmp/MYR175-AppClosure-iOS-DD/ModuleCache.noindex/Accelerate-DP6IQDD2U3K5Y0D2IR0Q1UPON.pcm

SwiftExplicitDependencyGeneratePcm arm64 /tmp/MYR175-AppClosure-iOS-DD/ModuleCache.noindex/SwiftUICore-1XT3D3ELFX0LXNJF4Y4XRP518.pcm

SwiftExplicitDependencyGeneratePcm arm64 /tmp/MYR175-AppClosure-iOS-DD/ModuleCache.noindex/UIKit-AV39OMDLNNQT6NTRXPWIG14KZ.pcm

SwiftExplicitDependencyGeneratePcm arm64 /tmp/MYR175-AppClosure-iOS-DD/ModuleCache.noindex/Vision-4638H1BDHJ671GKQVZS28IDJ4.pcm

SwiftExplicitDependencyGeneratePcm arm64 /tmp/MYR175-AppClosure-iOS-DD/ModuleCache.noindex/MediaToolbox-NTTT0SRC8HGDCVV6Q2V6P0P5.pcm

SwiftExplicitDependencyGeneratePcm arm64 /tmp/MYR175-AppClosure-iOS-DD/ModuleCache.noindex/AVFAudio-323AJRVPD3CN0RB5E2T03LFA8.pcm

SwiftExplicitDependencyGeneratePcm arm64 /tmp/MYR175-AppClosure-iOS-DD/ModuleCache.noindex/AVFoundation-DTWBTV6ZTEYGVPPIY2FLCWVZX.pcm

SwiftExplicitDependencyGeneratePcm arm64 /tmp/MYR175-AppClosure-iOS-DD/ModuleCache.noindex/Photos-7R6XL7B7JMA96WWECBOKYLQSV.pcm

SwiftExplicitDependencyGeneratePcm arm64 /tmp/MYR175-AppClosure-iOS-DD/ModuleCache.noindex/MultipeerConnectivity-4HOG3XSDI9VS4ECRINR73H0JT.pcm

SwiftExplicitDependencyGeneratePcm arm64 /tmp/MYR175-AppClosure-iOS-DD/ModuleCache.noindex/PhotosUI-1CIGEFFCVBTMHSICYR3XK02MW.pcm

SwiftExplicitDependencyGeneratePcm arm64 /tmp/MYR175-AppClosure-iOS-DD/ModuleCache.noindex/VisionKit-DQ6JBKX8QVEU5116DE4LV2T62.pcm

SwiftExplicitDependencyGeneratePcm arm64 /tmp/MYR175-AppClosure-iOS-DD/ModuleCache.noindex/SwiftUI-2ZCAGQ2WISY5JYSWFWK3FVPP4.pcm

SwiftEmitModule normal arm64 Emitting\ module\ for\ MyRAM (in target 'MyRAM' from project 'MyRAM')

EmitSwiftModule normal arm64 (in target 'MyRAM' from project 'MyRAM')
    cd /Users/runner/work/MyRAM-iOS/MyRAM-iOS/MyRAM-iOS
    

SwiftCompile normal arm64 Compiling\ MyRAMWidgetSnapshotStore.swift,\ MyRAMWidgetSnapshot.swift,\ MyRAMWidgetDeepLink.swift,\ MyRAMWidgetRuntimeConfiguration.swift,\ MyRAMWidgetSnapshotCodec.swift,\ PendingSyncRecoveryJournal.swift,\ SyncRecoveryStateBuilder.swift,\ EditorTextPlacementResolver.swift,\ NearbySyncView.swift,\ SyncConflictViews.swift,\ IPhoneSyncBatchAccumulator.swift,\ IPhoneSyncBatchCaptureHook.swift,\ IPhoneSyncBatchApplier.swift,\ DebugDemoDataGenerator.swift,\ EditorPasteFormatter.swift,\ EditorTimingPolicy.swift,\ SyncStatusIndicator.swift,\ MyRAMPlatform.swift,\ EditorSelectionProfiling.swift,\ EditorSearchHighlighting.swift,\ EditorSearchMatchResolver.swift,\ EditorSearchSession.swift,\ EditorRichTextContentCodec.swift /Users/runner/work/MyRAM-iOS/MyRAM-iOS/MyRAM-iOS/MyRAM/WidgetShared/MyRAMWidgetSnapshotStore.swift /Users/runner/work/MyRAM-iOS/MyRAM-iOS/MyRAM-iOS/MyRAM/WidgetShared/MyRAMWidgetSnapshot.swift /Users/runner/work/MyRAM-iOS/MyRAM-iOS/MyRAM-iOS/MyRAM/WidgetShared/MyRAMWidgetDeepLink.swift /Users/runner/work/MyRAM-iOS/MyRAM-iOS/MyRAM-iOS/MyRAM/WidgetShared/MyRAMWidgetRuntimeConfiguration.swift /Users/runner/work/MyRAM-iOS/MyRAM-iOS/MyRAM-iOS/MyRAM/WidgetShared/MyRAMWidgetSnapshotCodec.swift /Users/runner/work/MyRAM-iOS/MyRAM-iOS/MyRAM-iOS/MyRAM/Sync/Recovery/PendingSyncRecoveryJournal.swift /Users/runner/work/MyRAM-iOS/MyRAM-iOS/MyRAM-iOS/MyRAM/Sync/Recovery/SyncRecoveryStateBuilder.swift /Users/runner/work/MyRAM-iOS/MyRAM-iOS/MyRAM-iOS/MyRAM/Views/Editor/EditorTextPlacementResolver.swift /Users/runner/work/MyRAM-iOS/MyRAM-iOS/MyRAM-iOS/MyRAM/Views/NearbySyncView.swift /Users/runner/work/MyRAM-iOS/MyRAM-iOS/MyRAM-iOS/MyRAM/Views/SyncConflictViews.swift /Users/runner/work/MyRAM-iOS/MyRAM-iOS/MyRAM-iOS/MyRAM/iOS/Sync/Batch/IPhoneSyncBatchAccumulator.swift /Users/runner/work/MyRAM-iOS/MyRAM-iOS/MyRAM-iOS/MyRAM/iOS/Sync/Batch/IPhoneSyncBatchCaptureHook.swift /Users/runner/work/MyRAM-iOS/MyRAM-iOS/MyRAM-iOS/MyRAM/iOS/Sync/Batch/IPhoneSyncBatchApplier.swift /Users/runner/work/MyRAM-iOS/MyRAM-iOS/MyRAM-iOS/MyRAM/DebugDemoDataGenerator.swift /Users/runner/work/MyRAM-iOS/MyRAM-iOS/MyRAM-iOS/MyRAM/Views/Editor/EditorPasteFormatter.swift /Users/runner/work/MyRAM-iOS/MyRAM-iOS/MyRAM-iOS/MyRAM/Views/Editor/EditorTimingPolicy.swift /Users/runner/work/MyRAM-iOS/MyRAM-iOS/MyRAM-iOS/MyRAM/Views/SyncStatusIndicator.swift /Users/runner/work/MyRAM-iOS/MyRAM-iOS/MyRAM-iOS/MyRAM/Platform/MyRAMPlatform.swift /Users/runner/work/MyRAM-iOS/MyRAM-iOS/MyRAM-iOS/MyRAM/Views/Editor/EditorSelectionProfiling.swift /Users/runner/work/MyRAM-iOS/MyRAM-iOS/MyRAM-iOS/MyRAM/Views/Editor/EditorSearchHighlighting.swift /Users/runner/work/MyRAM-iOS/MyRAM-iOS/MyRAM-iOS/MyRAM/Views/Editor/EditorSearchMatchResolver.swift /Users/runner/work/MyRAM-iOS/MyRAM-iOS/MyRAM-iOS/MyRAM/Views/Editor/EditorSearchSession.swift /Users/runner/work/MyRAM-iOS/MyRAM-iOS/MyRAM-iOS/MyRAM/Views/Editor/EditorRichTextContentCodec.swift (in target 'MyRAM' from project 'MyRAM')
SwiftCompile normal arm64 /Users/runner/work/MyRAM-iOS/MyRAM-iOS/MyRAM-iOS/MyRAM/WidgetShared/MyRAMWidgetSnapshotStore.swift (in target 'MyRAM' from project 'MyRAM')
    cd /Users/runner/work/MyRAM-iOS/MyRAM-iOS/MyRAM-iOS
    

SwiftCompile normal arm64 /Users/runner/work/MyRAM-iOS/MyRAM-iOS/MyRAM-iOS/MyRAM/WidgetShared/MyRAMWidgetSnapshot.swift (in target 'MyRAM' from project 'MyRAM')
    cd /Users/runner/work/MyRAM-iOS/MyRAM-iOS/MyRAM-iOS
    

SwiftCompile normal arm64 /Users/runner/work/MyRAM-iOS/MyRAM-iOS/MyRAM-iOS/MyRAM/WidgetShared/MyRAMWidgetDeepLink.swift (in target 'MyRAM' from project 'MyRAM')
    cd /Users/runner/work/MyRAM-iOS/MyRAM-iOS/MyRAM-iOS
    

SwiftCompile normal arm64 /Users/runner/work/MyRAM-iOS/MyRAM-iOS/MyRAM-iOS/MyRAM/WidgetShared/MyRAMWidgetRuntimeConfiguration.swift (in target 'MyRAM' from project 'MyRAM')
    cd /Users/runner/work/MyRAM-iOS/MyRAM-iOS/MyRAM-iOS
    

SwiftCompile normal arm64 /Users/runner/work/MyRAM-iOS/MyRAM-iOS/MyRAM-iOS/MyRAM/WidgetShared/MyRAMWidgetSnapshotCodec.swift (in target 'MyRAM' from project 'MyRAM')
    cd /Users/runner/work/MyRAM-iOS/MyRAM-iOS/MyRAM-iOS
    

SwiftCompile normal arm64 /Users/runner/work/MyRAM-iOS/MyRAM-iOS/MyRAM-iOS/MyRAM/Sync/Recovery/PendingSyncRecoveryJournal.swift (in target 'MyRAM' from project 'MyRAM')
    cd /Users/runner/work/MyRAM-iOS/MyRAM-iOS/MyRAM-iOS
    

SwiftCompile normal arm64 /Users/runner/work/MyRAM-iOS/MyRAM-iOS/MyRAM-iOS/MyRAM/Sync/Recovery/SyncRecoveryStateBuilder.swift (in target 'MyRAM' from project 'MyRAM')
    cd /Users/runner/work/MyRAM-iOS/MyRAM-iOS/MyRAM-iOS
    

SwiftCompile normal arm64 /Users/runner/work/MyRAM-iOS/MyRAM-iOS/MyRAM-iOS/MyRAM/Views/Editor/EditorTextPlacementResolver.swift (in target 'MyRAM' from project 'MyRAM')
    cd /Users/runner/work/MyRAM-iOS/MyRAM-iOS/MyRAM-iOS
    

SwiftCompile normal arm64 /Users/runner/work/MyRAM-iOS/MyRAM-iOS/MyRAM-iOS/MyRAM/Views/NearbySyncView.swift (in target 'MyRAM' from project 'MyRAM')
    cd /Users/runner/work/MyRAM-iOS/MyRAM-iOS/MyRAM-iOS
    

SwiftCompile normal arm64 /Users/runner/work/MyRAM-iOS/MyRAM-iOS/MyRAM-iOS/MyRAM/Views/SyncConflictViews.swift (in target 'MyRAM' from project 'MyRAM')
    cd /Users/runner/work/MyRAM-iOS/MyRAM-iOS/MyRAM-iOS
    

SwiftCompile normal arm64 /Users/runner/work/MyRAM-iOS/MyRAM-iOS/MyRAM-iOS/MyRAM/iOS/Sync/Batch/IPhoneSyncBatchAccumulator.swift (in target 'MyRAM' from project 'MyRAM')
    cd /Users/runner/work/MyRAM-iOS/MyRAM-iOS/MyRAM-iOS
    

SwiftCompile normal arm64 /Users/runner/work/MyRAM-iOS/MyRAM-iOS/MyRAM-iOS/MyRAM/iOS/Sync/Batch/IPhoneSyncBatchCaptureHook.swift (in target 'MyRAM' from project 'MyRAM')
    cd /Users/runner/work/MyRAM-iOS/MyRAM-iOS/MyRAM-iOS
    

SwiftCompile normal arm64 /Users/runner/work/MyRAM-iOS/MyRAM-iOS/MyRAM-iOS/MyRAM/iOS/Sync/Batch/IPhoneSyncBatchApplier.swift (in target 'MyRAM' from project 'MyRAM')
    cd /Users/runner/work/MyRAM-iOS/MyRAM-iOS/MyRAM-iOS
    

SwiftCompile normal arm64 /Users/runner/work/MyRAM-iOS/MyRAM-iOS/MyRAM-iOS/MyRAM/DebugDemoDataGenerator.swift (in target 'MyRAM' from project 'MyRAM')
    cd /Users/runner/work/MyRAM-iOS/MyRAM-iOS/MyRAM-iOS
    

SwiftCompile normal arm64 /Users/runner/work/MyRAM-iOS/MyRAM-iOS/MyRAM-iOS/MyRAM/Views/Editor/EditorPasteFormatter.swift (in target 'MyRAM' from project 'MyRAM')
    cd /Users/runner/work/MyRAM-iOS/MyRAM-iOS/MyRAM-iOS
    

SwiftCompile normal arm64 /Users/runner/work/MyRAM-iOS/MyRAM-iOS/MyRAM-iOS/MyRAM/Views/Editor/EditorTimingPolicy.swift (in target 'MyRAM' from project 'MyRAM')
    cd /Users/runner/work/MyRAM-iOS/MyRAM-iOS/MyRAM-iOS
    

SwiftCompile normal arm64 /Users/runner/work/MyRAM-iOS/MyRAM-iOS/MyRAM-iOS/MyRAM/Views/SyncStatusIndicator.swift (in target 'MyRAM' from project 'MyRAM')
    cd /Users/runner/work/MyRAM-iOS/MyRAM-iOS/MyRAM-iOS
    

SwiftCompile normal arm64 /Users/runner/work/MyRAM-iOS/MyRAM-iOS/MyRAM-iOS/MyRAM/Platform/MyRAMPlatform.swift (in target 'MyRAM' from project 'MyRAM')
    cd /Users/runner/work/MyRAM-iOS/MyRAM-iOS/MyRAM-iOS
    

SwiftCompile normal arm64 /Users/runner/work/MyRAM-iOS/MyRAM-iOS/MyRAM-iOS/MyRAM/Views/Editor/EditorSelectionProfiling.swift (in target 'MyRAM' from project 'MyRAM')
    cd /Users/runner/work/MyRAM-iOS/MyRAM-iOS/MyRAM-iOS
    

SwiftCompile normal arm64 /Users/runner/work/MyRAM-iOS/MyRAM-iOS/MyRAM-iOS/MyRAM/Views/Editor/EditorSearchHighlighting.swift (in target 'MyRAM' from project 'MyRAM')
    cd /Users/runner/work/MyRAM-iOS/MyRAM-iOS/MyRAM-iOS
    

SwiftCompile normal arm64 /Users/runner/work/MyRAM-iOS/MyRAM-iOS/MyRAM-iOS/MyRAM/Views/Editor/EditorSearchMatchResolver.swift (in target 'MyRAM' from project 'MyRAM')
    cd /Users/runner/work/MyRAM-iOS/MyRAM-iOS/MyRAM-iOS
    

SwiftCompile normal arm64 /Users/runner/work/MyRAM-iOS/MyRAM-iOS/MyRAM-iOS/MyRAM/Views/Editor/EditorSearchSession.swift (in target 'MyRAM' from project 'MyRAM')
    cd /Users/runner/work/MyRAM-iOS/MyRAM-iOS/MyRAM-iOS
    

SwiftCompile normal arm64 /Users/runner/work/MyRAM-iOS/MyRAM-iOS/MyRAM-iOS/MyRAM/Views/Editor/EditorRichTextContentCodec.swift (in target 'MyRAM' from project 'MyRAM')
    cd /Users/runner/work/MyRAM-iOS/MyRAM-iOS/MyRAM-iOS
    

SwiftCompile normal arm64 Compiling\ SyncBatchPayload.swift,\ SyncBatchAnchoredPayloadAdapter.swift,\ SyncBatchAnchoredPayloadPolicy.swift,\ SyncBatchPeerCapability.swift,\ SyncBatchTransportAdmissionPlanner.swift,\ SyncBatchEnvelope.swift,\ MultipeerSyncMessageEnvelope.swift,\ SyncBatchSeenBatchStore.swift,\ SyncBatchUTF16Helpers.swift,\ SyncBatchNoteChangeCapture.swift,\ SyncConvergenceTypes.swift,\ SyncConvergenceModels.swift,\ SyncConvergencePlanningTypes.swift,\ SyncConvergenceRewriteSafetyPolicy.swift,\ ExplicitDeleteProvenanceTypes.swift,\ ExplicitDeleteProvenanceBuilder.swift,\ ExplicitDeleteProvenanceValidator.swift,\ SyncConvergencePlanner.swift,\ IncrementalEditIntegrationTypes.swift,\ RetainedOperationCausalGraph.swift,\ SwiftDataSyncConvergencePersistenceTransaction.swift,\ SyncConvergencePostCommitTypes.swift,\ SyncConvergencePostCommitGating.swift /Users/runner/work/MyRAM-iOS/MyRAM-iOS/MyRAM-iOS/MyRAM/Sync/Batch/SyncBatchPayload.swift /Users/runner/work/MyRAM-iOS/MyRAM-iOS/MyRAM-iOS/MyRAM/Sync/Batch/SyncBatchAnchoredPayloadAdapter.swift /Users/runner/work/MyRAM-iOS/MyRAM-iOS/MyRAM-iOS/MyRAM/Sync/Batch/SyncBatchAnchoredPayloadPolicy.swift /Users/runner/work/MyRAM-iOS/MyRAM-iOS/MyRAM-iOS/MyRAM/Sync/Batch/SyncBatchPeerCapability.swift /Users/runner/work/MyRAM-iOS/MyRAM-iOS/MyRAM-iOS/MyRAM/Sync/Batch/SyncBatchTransportAdmissionPlanner.swift /Users/runner/work/MyRAM-iOS/MyRAM-iOS/MyRAM-iOS/MyRAM/Sync/Batch/SyncBatchEnvelope.swift /Users/runner/work/MyRAM-iOS/MyRAM-iOS/MyRAM-iOS/MyRAM/Sync/Batch/MultipeerSyncMessageEnvelope.swift /Users/runner/work/MyRAM-iOS/MyRAM-iOS/MyRAM-iOS/MyRAM/Sync/Batch/SyncBatchSeenBatchStore.swift /Users/runner/work/MyRAM-iOS/MyRAM-iOS/MyRAM-iOS/MyRAM/Sync/Batch/SyncBatchUTF16Helpers.swift /Users/runner/work/MyRAM-iOS/MyRAM-iOS/MyRAM-iOS/MyRAM/Sync/Batch/SyncBatchNoteChangeCapture.swift /Users/runner/work/MyRAM-iOS/MyRAM-iOS/MyRAM-iOS/MyRAM/Sync/Convergence/SyncConvergenceTypes.swift /Users/runner/work/MyRAM-iOS/MyRAM-iOS/MyRAM-iOS/MyRAM/Sync/Convergence/SyncConvergenceModels.swift /Users/runner/work/MyRAM-iOS/MyRAM-iOS/MyRAM-iOS/MyRAM/Sync/Convergence/SyncConvergencePlanningTypes.swift /Users/runner/work/MyRAM-iOS/MyRAM-iOS/MyRAM-iOS/MyRAM/Sync/Convergence/SyncConvergenceRewriteSafetyPolicy.swift /Users/runner/work/MyRAM-iOS/MyRAM-iOS/MyRAM-iOS/MyRAM/Sync/Convergence/ExplicitDeleteProvenanceTypes.swift /Users/runner/work/MyRAM-iOS/MyRAM-iOS/MyRAM-iOS/MyRAM/Sync/Convergence/ExplicitDeleteProvenanceBuilder.swift /Users/runner/work/MyRAM-iOS/MyRAM-iOS/MyRAM-iOS/MyRAM/Sync/Convergence/ExplicitDeleteProvenanceValidator.swift /Users/runner/work/MyRAM-iOS/MyRAM-iOS/MyRAM-iOS/MyRAM/Sync/Convergence/SyncConvergencePlanner.swift /Users/runner/work/MyRAM-iOS/MyRAM-iOS/MyRAM-iOS/MyRAM/Sync/Convergence/IncrementalEditIntegrationTypes.swift /Users/runner/work/MyRAM-iOS/MyRAM-iOS/MyRAM-iOS/MyRAM/Sync/Convergence/RetainedOperationCausalGraph.swift /Users/runner/work/MyRAM-iOS/MyRAM-iOS/MyRAM-iOS/MyRAM/Sync/Convergence/SwiftDataSyncConvergencePersistenceTransaction.swift /Users/runner/work/MyRAM-iOS/MyRAM-iOS/MyRAM-iOS/MyRAM/Sync/Convergence/SyncConvergencePostCommitTypes.swift /Users/runner/work/MyRAM-iOS/MyRAM-iOS/MyRAM-iOS/MyRAM/Sync/Convergence/SyncConvergencePostCommitGating.swift (in target 'MyRAM' from project 'MyRAM')
SwiftCompile normal arm64 /Users/runner/work/MyRAM-iOS/MyRAM-iOS/MyRAM-iOS/MyRAM/Sync/Batch/SyncBatchPayload.swift (in target 'MyRAM' from project 'MyRAM')
    cd /Users/runner/work/MyRAM-iOS/MyRAM-iOS/MyRAM-iOS
    

SwiftCompile normal arm64 /Users/runner/work/MyRAM-iOS/MyRAM-iOS/MyRAM-iOS/MyRAM/Sync/Batch/SyncBatchAnchoredPayloadAdapter.swift (in target 'MyRAM' from project 'MyRAM')
    cd /Users/runner/work/MyRAM-iOS/MyRAM-iOS/MyRAM-iOS
    

SwiftCompile normal arm64 /Users/runner/work/MyRAM-iOS/MyRAM-iOS/MyRAM-iOS/MyRAM/Sync/Batch/SyncBatchAnchoredPayloadPolicy.swift (in target 'MyRAM' from project 'MyRAM')
    cd /Users/runner/work/MyRAM-iOS/MyRAM-iOS/MyRAM-iOS
    

SwiftCompile normal arm64 /Users/runner/work/MyRAM-iOS/MyRAM-iOS/MyRAM-iOS/MyRAM/Sync/Batch/SyncBatchPeerCapability.swift (in target 'MyRAM' from project 'MyRAM')
    cd /Users/runner/work/MyRAM-iOS/MyRAM-iOS/MyRAM-iOS
    

SwiftCompile normal arm64 /Users/runner/work/MyRAM-iOS/MyRAM-iOS/MyRAM-iOS/MyRAM/Sync/Batch/SyncBatchTransportAdmissionPlanner.swift (in target 'MyRAM' from project 'MyRAM')
    cd /Users/runner/work/MyRAM-iOS/MyRAM-iOS/MyRAM-iOS
    

SwiftCompile normal arm64 /Users/runner/work/MyRAM-iOS/MyRAM-iOS/MyRAM-iOS/MyRAM/Sync/Batch/SyncBatchEnvelope.swift (in target 'MyRAM' from project 'MyRAM')
    cd /Users/runner/work/MyRAM-iOS/MyRAM-iOS/MyRAM-iOS
    

SwiftCompile normal arm64 /Users/runner/work/MyRAM-iOS/MyRAM-iOS/MyRAM-iOS/MyRAM/Sync/Batch/MultipeerSyncMessageEnvelope.swift (in target 'MyRAM' from project 'MyRAM')
    cd /Users/runner/work/MyRAM-iOS/MyRAM-iOS/MyRAM-iOS
    

SwiftCompile normal arm64 /Users/runner/work/MyRAM-iOS/MyRAM-iOS/MyRAM-iOS/MyRAM/Sync/Batch/SyncBatchSeenBatchStore.swift (in target 'MyRAM' from project 'MyRAM')
    cd /Users/runner/work/MyRAM-iOS/MyRAM-iOS/MyRAM-iOS
    

SwiftCompile normal arm64 /Users/runner/work/MyRAM-iOS/MyRAM-iOS/MyRAM-iOS/MyRAM/Sync/Batch/SyncBatchUTF16Helpers.swift (in target 'MyRAM' from project 'MyRAM')
    cd /Users/runner/work/MyRAM-iOS/MyRAM-iOS/MyRAM-iOS
    

SwiftCompile normal arm64 /Users/runner/work/MyRAM-iOS/MyRAM-iOS/MyRAM-iOS/MyRAM/Sync/Batch/SyncBatchNoteChangeCapture.swift (in target 'MyRAM' from project 'MyRAM')
    cd /Users/runner/work/MyRAM-iOS/MyRAM-iOS/MyRAM-iOS
    

SwiftCompile normal arm64 /Users/runner/work/MyRAM-iOS/MyRAM-iOS/MyRAM-iOS/MyRAM/Sync/Convergence/SyncConvergenceTypes.swift (in target 'MyRAM' from project 'MyRAM')
    cd /Users/runner/work/MyRAM-iOS/MyRAM-iOS/MyRAM-iOS
    

SwiftCompile normal arm64 /Users/runner/work/MyRAM-iOS/MyRAM-iOS/MyRAM-iOS/MyRAM/Sync/Convergence/SyncConvergenceModels.swift (in target 'MyRAM' from project 'MyRAM')
    cd /Users/runner/work/MyRAM-iOS/MyRAM-iOS/MyRAM-iOS
    

SwiftCompile normal arm64 /Users/runner/work/MyRAM-iOS/MyRAM-iOS/MyRAM-iOS/MyRAM/Sync/Convergence/SyncConvergencePlanningTypes.swift (in target 'MyRAM' from project 'MyRAM')
    cd /Users/runner/work/MyRAM-iOS/MyRAM-iOS/MyRAM-iOS
    

SwiftCompile normal arm64 /Users/runner/work/MyRAM-iOS/MyRAM-iOS/MyRAM-iOS/MyRAM/Sync/Convergence/SyncConvergenceRewriteSafetyPolicy.swift (in target 'MyRAM' from project 'MyRAM')
    cd /Users/runner/work/MyRAM-iOS/MyRAM-iOS/MyRAM-iOS
    

SwiftCompile normal arm64 /Users/runner/work/MyRAM-iOS/MyRAM-iOS/MyRAM-iOS/MyRAM/Sync/Convergence/ExplicitDeleteProvenanceTypes.swift (in target 'MyRAM' from project 'MyRAM')
    cd /Users/runner/work/MyRAM-iOS/MyRAM-iOS/MyRAM-iOS
    

SwiftCompile normal arm64 /Users/runner/work/MyRAM-iOS/MyRAM-iOS/MyRAM-iOS/MyRAM/Sync/Convergence/ExplicitDeleteProvenanceBuilder.swift (in target 'MyRAM' from project 'MyRAM')
    cd /Users/runner/work/MyRAM-iOS/MyRAM-iOS/MyRAM-iOS
    

SwiftCompile normal arm64 /Users/runner/work/MyRAM-iOS/MyRAM-iOS/MyRAM-iOS/MyRAM/Sync/Convergence/ExplicitDeleteProvenanceValidator.swift (in target 'MyRAM' from project 'MyRAM')
    cd /Users/runner/work/MyRAM-iOS/MyRAM-iOS/MyRAM-iOS
    

SwiftCompile normal arm64 /Users/runner/work/MyRAM-iOS/MyRAM-iOS/MyRAM-iOS/MyRAM/Sync/Convergence/SyncConvergencePlanner.swift (in target 'MyRAM' from project 'MyRAM')
    cd /Users/runner/work/MyRAM-iOS/MyRAM-iOS/MyRAM-iOS
    

SwiftCompile normal arm64 /Users/runner/work/MyRAM-iOS/MyRAM-iOS/MyRAM-iOS/MyRAM/Sync/Convergence/IncrementalEditIntegrationTypes.swift (in target 'MyRAM' from project 'MyRAM')
    cd /Users/runner/work/MyRAM-iOS/MyRAM-iOS/MyRAM-iOS
    

SwiftCompile normal arm64 /Users/runner/work/MyRAM-iOS/MyRAM-iOS/MyRAM-iOS/MyRAM/Sync/Convergence/RetainedOperationCausalGraph.swift (in target 'MyRAM' from project 'MyRAM')
    cd /Users/runner/work/MyRAM-iOS/MyRAM-iOS/MyRAM-iOS
    

SwiftCompile normal arm64 /Users/runner/work/MyRAM-iOS/MyRAM-iOS/MyRAM-iOS/MyRAM/Sync/Convergence/SwiftDataSyncConvergencePersistenceTransaction.swift (in target 'MyRAM' from project 'MyRAM')
    cd /Users/runner/work/MyRAM-iOS/MyRAM-iOS/MyRAM-iOS
    

SwiftCompile normal arm64 /Users/runner/work/MyRAM-iOS/MyRAM-iOS/MyRAM-iOS/MyRAM/Sync/Convergence/SyncConvergencePostCommitTypes.swift (in target 'MyRAM' from project 'MyRAM')
    cd /Users/runner/work/MyRAM-iOS/MyRAM-iOS/MyRAM-iOS
    

SwiftCompile normal arm64 /Users/runner/work/MyRAM-iOS/MyRAM-iOS/MyRAM-iOS/MyRAM/Sync/Convergence/SyncConvergencePostCommitGating.swift (in target 'MyRAM' from project 'MyRAM')
    cd /Users/runner/work/MyRAM-iOS/MyRAM-iOS/MyRAM-iOS
    

SwiftCompile normal arm64 Compiling\ MyRAMExternalOpenDispatcher.swift,\ MyRAMWidgetHostCoordinator.swift,\ MyRAMWidgetNoteRouting.swift,\ MyRAMWidgetSelectionButton.swift,\ MarkdownFileIO.swift,\ MarkdownPreview.swift,\ MarkdownPreviewModePolicy.swift,\ MarkdownPreviewUIKitSyncExecutor.swift,\ MarkdownPreviewUIKitDeferredScheduler.swift,\ MarkdownPreviewUIKitEditorResignation.swift,\ MarkdownPreviewUIKitPostResignationReconciliation.swift,\ MarkdownPreviewUIKitAcceptedRestoreSupersession.swift,\ NoteEditorFileOperationBridge.swift,\ NoteSequenceStateRecord.swift,\ NoteSequenceStateBootstrapAdapter.swift,\ NoteSequenceStateFullBodyIntegration.swift,\ NoteSequenceStateBootstrapMigrator.swift,\ SwiftDataNoteSequenceStateStore.swift,\ MyRAMSyncOperationIDAllocator.swift,\ FileBackedSyncOperationIDReservationStore.swift,\ Item.swift,\ RTFCoding.swift,\ AttributedTextStorageKeys.swift /Users/runner/work/MyRAM-iOS/MyRAM-iOS/MyRAM-iOS/MyRAM/WidgetHost/MyRAMExternalOpenDispatcher.swift /Users/runner/work/MyRAM-iOS/MyRAM-iOS/MyRAM-iOS/MyRAM/WidgetHost/MyRAMWidgetHostCoordinator.swift /Users/runner/work/MyRAM-iOS/MyRAM-iOS/MyRAM-iOS/MyRAM/WidgetHost/MyRAMWidgetNoteRouting.swift /Users/runner/work/MyRAM-iOS/MyRAM-iOS/MyRAM-iOS/MyRAM/WidgetHost/MyRAMWidgetSelectionButton.swift /Users/runner/work/MyRAM-iOS/MyRAM-iOS/MyRAM-iOS/MyRAM/Markdown/MarkdownFileIO.swift /Users/runner/work/MyRAM-iOS/MyRAM-iOS/MyRAM-iOS/MyRAM/Markdown/MarkdownPreview.swift /Users/runner/work/MyRAM-iOS/MyRAM-iOS/MyRAM-iOS/MyRAM/Markdown/MarkdownPreviewModePolicy.swift /Users/runner/work/MyRAM-iOS/MyRAM-iOS/MyRAM-iOS/MyRAM/Markdown/MarkdownPreviewUIKitSyncExecutor.swift /Users/runner/work/MyRAM-iOS/MyRAM-iOS/MyRAM-iOS/MyRAM/Markdown/MarkdownPreviewUIKitDeferredScheduler.swift /Users/runner/work/MyRAM-iOS/MyRAM-iOS/MyRAM-iOS/MyRAM/Markdown/MarkdownPreviewUIKitEditorResignation.swift /Users/runner/work/MyRAM-iOS/MyRAM-iOS/MyRAM-iOS/MyRAM/Markdown/MarkdownPreviewUIKitPostResignationReconciliation.swift /Users/runner/work/MyRAM-iOS/MyRAM-iOS/MyRAM-iOS/MyRAM/Markdown/MarkdownPreviewUIKitAcceptedRestoreSupersession.swift /Users/runner/work/MyRAM-iOS/MyRAM-iOS/MyRAM-iOS/MyRAM/Views/NoteEditorFileOperationBridge.swift /Users/runner/work/MyRAM-iOS/MyRAM-iOS/MyRAM-iOS/MyRAM/Sync/AnchoredSequence/NoteSequenceStateRecord.swift /Users/runner/work/MyRAM-iOS/MyRAM-iOS/MyRAM-iOS/MyRAM/Sync/AnchoredSequence/NoteSequenceStateBootstrapAdapter.swift /Users/runner/work/MyRAM-iOS/MyRAM-iOS/MyRAM-iOS/MyRAM/Sync/AnchoredSequence/NoteSequenceStateFullBodyIntegration.swift /Users/runner/work/MyRAM-iOS/MyRAM-iOS/MyRAM-iOS/MyRAM/Sync/AnchoredSequence/NoteSequenceStateBootstrapMigrator.swift /Users/runner/work/MyRAM-iOS/MyRAM-iOS/MyRAM-iOS/MyRAM/Sync/AnchoredSequence/SwiftDataNoteSequenceStateStore.swift /Users/runner/work/MyRAM-iOS/MyRAM-iOS/MyRAM-iOS/MyRAM/Sync/AnchoredSequence/MyRAMSyncOperationIDAllocator.swift /Users/runner/work/MyRAM-iOS/MyRAM-iOS/MyRAM-iOS/MyRAM/Sync/AnchoredSequence/FileBackedSyncOperationIDReservationStore.swift /Users/runner/work/MyRAM-iOS/MyRAM-iOS/MyRAM-iOS/MyRAM/Item.swift /Users/runner/work/MyRAM-iOS/MyRAM-iOS/MyRAM-iOS/MyRAM/Persistence/RTFCoding.swift /Users/runner/work/MyRAM-iOS/MyRAM-iOS/MyRAM-iOS/MyRAM/Persistence/AttributedTextStorageKeys.swift (in target 'MyRAM' from project 'MyRAM')

SwiftCompile normal arm64 /Users/runner/work/MyRAM-iOS/MyRAM-iOS/MyRAM-iOS/MyRAM/WidgetHost/MyRAMExternalOpenDispatcher.swift (in target 'MyRAM' from project 'MyRAM')
    cd /Users/runner/work/MyRAM-iOS/MyRAM-iOS/MyRAM-iOS
    

SwiftCompile normal arm64 /Users/runner/work/MyRAM-iOS/MyRAM-iOS/MyRAM-iOS/MyRAM/WidgetHost/MyRAMWidgetHostCoordinator.swift (in target 'MyRAM' from project 'MyRAM')
    cd /Users/runner/work/MyRAM-iOS/MyRAM-iOS/MyRAM-iOS
    

SwiftCompile normal arm64 /Users/runner/work/MyRAM-iOS/MyRAM-iOS/MyRAM-iOS/MyRAM/WidgetHost/MyRAMWidgetNoteRouting.swift (in target 'MyRAM' from project 'MyRAM')
    cd /Users/runner/work/MyRAM-iOS/MyRAM-iOS/MyRAM-iOS
    

SwiftCompile normal arm64 /Users/runner/work/MyRAM-iOS/MyRAM-iOS/MyRAM-iOS/MyRAM/WidgetHost/MyRAMWidgetSelectionButton.swift (in target 'MyRAM' from project 'MyRAM')
    cd /Users/runner/work/MyRAM-iOS/MyRAM-iOS/MyRAM-iOS
    

SwiftCompile normal arm64 /Users/runner/work/MyRAM-iOS/MyRAM-iOS/MyRAM-iOS/MyRAM/Markdown/MarkdownFileIO.swift (in target 'MyRAM' from project 'MyRAM')
    cd /Users/runner/work/MyRAM-iOS/MyRAM-iOS/MyRAM-iOS
    

SwiftCompile normal arm64 /Users/runner/work/MyRAM-iOS/MyRAM-iOS/MyRAM-iOS/MyRAM/Markdown/MarkdownPreview.swift (in target 'MyRAM' from project 'MyRAM')
    cd /Users/runner/work/MyRAM-iOS/MyRAM-iOS/MyRAM-iOS
    

SwiftCompile normal arm64 /Users/runner/work/MyRAM-iOS/MyRAM-iOS/MyRAM-iOS/MyRAM/Markdown/MarkdownPreviewModePolicy.swift (in target 'MyRAM' from project 'MyRAM')
    cd /Users/runner/work/MyRAM-iOS/MyRAM-iOS/MyRAM-iOS
    

SwiftCompile normal arm64 /Users/runner/work/MyRAM-iOS/MyRAM-iOS/MyRAM-iOS/MyRAM/Markdown/MarkdownPreviewUIKitSyncExecutor.swift (in target 'MyRAM' from project 'MyRAM')
    cd /Users/runner/work/MyRAM-iOS/MyRAM-iOS/MyRAM-iOS
    

SwiftCompile normal arm64 /Users/runner/work/MyRAM-iOS/MyRAM-iOS/MyRAM-iOS/MyRAM/Markdown/MarkdownPreviewUIKitDeferredScheduler.swift (in target 'MyRAM' from project 'MyRAM')
    cd /Users/runner/work/MyRAM-iOS/MyRAM-iOS/MyRAM-iOS
    

SwiftCompile normal arm64 /Users/runner/work/MyRAM-iOS/MyRAM-iOS/MyRAM-iOS/MyRAM/Markdown/MarkdownPreviewUIKitEditorResignation.swift (in target 'MyRAM' from project 'MyRAM')
    cd /Users/runner/work/MyRAM-iOS/MyRAM-iOS/MyRAM-iOS
    

SwiftCompile normal arm64 /Users/runner/work/MyRAM-iOS/MyRAM-iOS/MyRAM-iOS/MyRAM/Markdown/MarkdownPreviewUIKitPostResignationReconciliation.swift (in target 'MyRAM' from project 'MyRAM')
    cd /Users/runner/work/MyRAM-iOS/MyRAM-iOS/MyRAM-iOS
    

SwiftCompile normal arm64 /Users/runner/work/MyRAM-iOS/MyRAM-iOS/MyRAM-iOS/MyRAM/Markdown/MarkdownPreviewUIKitAcceptedRestoreSupersession.swift (in target 'MyRAM' from project 'MyRAM')
    cd /Users/runner/work/MyRAM-iOS/MyRAM-iOS/MyRAM-iOS
    

SwiftCompile normal arm64 /Users/runner/work/MyRAM-iOS/MyRAM-iOS/MyRAM-iOS/MyRAM/Views/NoteEditorFileOperationBridge.swift (in target 'MyRAM' from project 'MyRAM')
    cd /Users/runner/work/MyRAM-iOS/MyRAM-iOS/MyRAM-iOS
    

SwiftCompile normal arm64 /Users/runner/work/MyRAM-iOS/MyRAM-iOS/MyRAM-iOS/MyRAM/Sync/AnchoredSequence/NoteSequenceStateRecord.swift (in target 'MyRAM' from project 'MyRAM')
    cd /Users/runner/work/MyRAM-iOS/MyRAM-iOS/MyRAM-iOS
    

SwiftCompile normal arm64 /Users/runner/work/MyRAM-iOS/MyRAM-iOS/MyRAM-iOS/MyRAM/Sync/AnchoredSequence/NoteSequenceStateBootstrapAdapter.swift (in target 'MyRAM' from project 'MyRAM')
    cd /Users/runner/work/MyRAM-iOS/MyRAM-iOS/MyRAM-iOS
    

SwiftCompile normal arm64 /Users/runner/work/MyRAM-iOS/MyRAM-iOS/MyRAM-iOS/MyRAM/Sync/AnchoredSequence/NoteSequenceStateFullBodyIntegration.swift (in target 'MyRAM' from project 'MyRAM')
    cd /Users/runner/work/MyRAM-iOS/MyRAM-iOS/MyRAM-iOS
    

SwiftCompile normal arm64 /Users/runner/work/MyRAM-iOS/MyRAM-iOS/MyRAM-iOS/MyRAM/Sync/AnchoredSequence/NoteSequenceStateBootstrapMigrator.swift (in target 'MyRAM' from project 'MyRAM')
    cd /Users/runner/work/MyRAM-iOS/MyRAM-iOS/MyRAM-iOS
    

SwiftCompile normal arm64 /Users/runner/work/MyRAM-iOS/MyRAM-iOS/MyRAM-iOS/MyRAM/Sync/AnchoredSequence/SwiftDataNoteSequenceStateStore.swift (in target 'MyRAM' from project 'MyRAM')
    cd /Users/runner/work/MyRAM-iOS/MyRAM-iOS/MyRAM-iOS
    

SwiftCompile normal arm64 /Users/runner/work/MyRAM-iOS/MyRAM-iOS/MyRAM-iOS/MyRAM/Sync/AnchoredSequence/MyRAMSyncOperationIDAllocator.swift (in target 'MyRAM' from project 'MyRAM')
    cd /Users/runner/work/MyRAM-iOS/MyRAM-iOS/MyRAM-iOS
    

SwiftCompile normal arm64 /Users/runner/work/MyRAM-iOS/MyRAM-iOS/MyRAM-iOS/MyRAM/Sync/AnchoredSequence/FileBackedSyncOperationIDReservationStore.swift (in target 'MyRAM' from project 'MyRAM')
    cd /Users/runner/work/MyRAM-iOS/MyRAM-iOS/MyRAM-iOS
    

SwiftCompile normal arm64 /Users/runner/work/MyRAM-iOS/MyRAM-iOS/MyRAM-iOS/MyRAM/Item.swift (in target 'MyRAM' from project 'MyRAM')
    cd /Users/runner/work/MyRAM-iOS/MyRAM-iOS/MyRAM-iOS
    

SwiftCompile normal arm64 /Users/runner/work/MyRAM-iOS/MyRAM-iOS/MyRAM-iOS/MyRAM/Persistence/RTFCoding.swift (in target 'MyRAM' from project 'MyRAM')
    cd /Users/runner/work/MyRAM-iOS/MyRAM-iOS/MyRAM-iOS
    

SwiftCompile normal arm64 /Users/runner/work/MyRAM-iOS/MyRAM-iOS/MyRAM-iOS/MyRAM/Persistence/AttributedTextStorageKeys.swift (in target 'MyRAM' from project 'MyRAM')
    cd /Users/runner/work/MyRAM-iOS/MyRAM-iOS/MyRAM-iOS
    

SwiftDriverJobDiscovery normal arm64 Emitting module for MyRAM (in target 'MyRAM' from project 'MyRAM')

SwiftDriver\ Compilation\ Requirements MyRAM normal arm64 com.apple.xcode.tools.swift.compiler (in target 'MyRAM' from project 'MyRAM')
    cd /Users/runner/work/MyRAM-iOS/MyRAM-iOS/MyRAM-iOS
    builtin-Swift-Compilation-Requirements -- /Applications/Xcode_26.5.app/Contents/Developer/Toolchains/XcodeDefault.xctoolchain/usr/bin/swiftc -module-name MyRAM -Onone @/tmp/MYR175-AppClosure-iOS-DD/Build/Intermediates.noindex/MyRAM.build/Debug-iphonesimulator/MyRAM.build/Objects-normal/arm64/MyRAM.SwiftFileList -DDEBUG -enable-bare-slash-regex -enable-experimental-feature DebugDescriptionMacro -sdk /Applications/Xcode_26.5.app/Contents/Developer/Platforms/iPhoneSimulator.platform/Developer/SDKs/iPhoneSimulator26.5.sdk -target arm64-apple-ios17.0-simulator -g -module-cache-path /tmp/MYR175-AppClosure-iOS-DD/ModuleCache.noindex -Xfrontend -serialize-debugging-options -enable-testing -index-store-path /tmp/MYR175-AppClosure-iOS-DD/Index.noindex/DataStore -Xcc -D_LIBCPP_HARDENING_MODE\=_LIBCPP_HARDENING_MODE_DEBUG -swift-version 5 -I /tmp/MYR175-AppClosure-iOS-DD/Build/Products/Debug-iphonesimulator -F /tmp/MYR175-AppClosure-iOS-DD/Build/Products/Debug-iphonesimulator/PackageFrameworks -F /tmp/MYR175-AppClosure-iOS-DD/Build/Products/Debug-iphonesimulator/PackageFrameworks -F /tmp/MYR175-AppClosure-iOS-DD/Build/Products/Debug-iphonesimulator -emit-localized-strings -emit-localized-strings-path /tmp/MYR175-AppClosure-iOS-DD/Build/Intermediates.noindex/MyRAM.build/Debug-iphonesimulator/MyRAM.build/Objects-normal/arm64 -c -j3 -enable-batch-mode -incremental -Xcc -ivfsstatcache -Xcc /tmp/MYR175-AppClosure-iOS-DD/SDKStatCaches.noindex/iphonesimulator26.5-23F73-688ef53f1462e2c8f657fdc38a81448ffb7d586738ff35573a713a18216ade27.sdkstatcache -output-file-map /tmp/MYR175-AppClosure-iOS-DD/Build/Intermediates.noindex/MyRAM.build/Debug-iphonesimulator/MyRAM.build/Objects-normal/arm64/MyRAM-OutputFileMap.json -use-frontend-parseable-output -save-temps -no-color-diagnostics -explicit-module-build -module-cache-path /tmp/MYR175-AppClosure-iOS-DD/Build/Intermediates.noindex/SwiftExplicitPrecompiledModules -clang-scanner-module-cache-path /tmp/MYR175-AppClosure-iOS-DD/ModuleCache.noindex -sdk-module-cache-path /tmp/MYR175-AppClosure-iOS-DD/ModuleCache.noindex -serialize-diagnostics -emit-dependencies -emit-module -emit-module-path /tmp/MYR175-AppClosure-iOS-DD/Build/Intermediates.noindex/MyRAM.build/Debug-iphonesimulator/MyRAM.build/Objects-normal/arm64/MyRAM.swiftmodule -validate-clang-modules-once -clang-build-session-file /tmp/MYR175-AppClosure-iOS-DD/ModuleCache.noindex/Session.modulevalidation -Xcc -I/tmp/MYR175-AppClosure-iOS-DD/Build/Intermediates.noindex/MyRAM.build/Debug-iphonesimulator/MyRAM.build/swift-overrides.hmap -emit-const-values -Xfrontend -const-gather-protocols-file -Xfrontend /tmp/MYR175-AppClosure-iOS-DD/Build/Intermediates.noindex/MyRAM.build/Debug-iphonesimulator/MyRAM.build/Objects-normal/arm64/MyRAM_const_extract_protocols.json -Xcc -iquote -Xcc /tmp/MYR175-AppClosure-iOS-DD/Build/Intermediates.noindex/MyRAM.build/Debug-iphonesimulator/MyRAM.build/MyRAM-generated-files.hmap -Xcc -I/tmp/MYR175-AppClosure-iOS-DD/Build/Intermediates.noindex/MyRAM.build/Debug-iphonesimulator/MyRAM.build/MyRAM-own-target-headers.hmap -Xcc -I/tmp/MYR175-AppClosure-iOS-DD/Build/Intermediates.noindex/MyRAM.build/Debug-iphonesimulator/MyRAM.build/MyRAM-all-non-framework-target-headers.hmap -Xcc -ivfsoverlay -Xcc /tmp/MYR175-AppClosure-iOS-DD/Build/Intermediates.noindex/MyRAM.build/Debug-iphonesimulator/MyRAM-98a9cbde253e8e955bc92731eb290203-VFS-iphonesimulator/all-product-headers.yaml -Xcc -iquote -Xcc /tmp/MYR175-AppClosure-iOS-DD/Build/Intermediates.noindex/MyRAM.build/Debug-iphonesimulator/MyRAM.build/MyRAM-project-headers.hmap -Xcc -I/tmp/MYR175-AppClosure-iOS-DD/Build/Products/Debug-iphonesimulator/include -Xcc -I/tmp/MYR175-AppClosure-iOS-DD/Build/Intermediates.noindex/MyRAM.build/Debug-iphonesimulator/MyRAM.build/DerivedSources-normal/arm64 -Xcc -I/tmp/MYR175-AppClosure-iOS-DD/Build/Intermediates.noindex/MyRAM.build/Debug-iphonesimulator/MyRAM.build/DerivedSources/arm64 -Xcc -I/tmp/MYR175-AppClosure-iOS-DD/Build/Intermediates.noindex/MyRAM.build/Debug-iphonesimulator/MyRAM.build/DerivedSources -Xcc -DDEBUG\=1 -emit-objc-header -emit-objc-header-path /tmp/MYR175-AppClosure-iOS-DD/Build/Intermediates.noindex/MyRAM.build/Debug-iphonesimulator/MyRAM.build/Objects-normal/arm64/MyRAM-Swift.h -working-directory /Users/runner/work/MyRAM-iOS/MyRAM-iOS/MyRAM-iOS -experimental-emit-module-separately -disable-cmo

SwiftDriverJobDiscovery normal arm64 Compiling MyRAMWidgetSnapshotStore.swift, MyRAMWidgetSnapshot.swift, MyRAMWidgetDeepLink.swift, MyRAMWidgetRuntimeConfiguration.swift, MyRAMWidgetSnapshotCodec.swift, PendingSyncRecoveryJournal.swift, SyncRecoveryStateBuilder.swift, EditorTextPlacementResolver.swift, NearbySyncView.swift, SyncConflictViews.swift, IPhoneSyncBatchAccumulator.swift, IPhoneSyncBatchCaptureHook.swift, IPhoneSyncBatchApplier.swift, DebugDemoDataGenerator.swift, EditorPasteFormatter.swift, EditorTimingPolicy.swift, SyncStatusIndicator.swift, MyRAMPlatform.swift, EditorSelectionProfiling.swift, EditorSearchHighlighting.swift, EditorSearchMatchResolver.swift, EditorSearchSession.swift, EditorRichTextContentCodec.swift (in target 'MyRAM' from project 'MyRAM')

SwiftCompile normal arm64 Compiling\ EditorSelectionRangeResolver.swift,\ EditorFocusSelectionPolicy.swift,\ EditorFormattingCommandResolver.swift,\ EditorFormattingMutationApplier.swift,\ EditorFormattingStateResolver.swift,\ NoteIntelligence.swift,\ NoteEditorView.swift,\ EditorTextViewFactory.swift,\ EditorProfilingFixtures.swift,\ BareTextViewProfilingView.swift,\ EditorChecklistRendering.swift,\ EditorPolicies.swift,\ AppliedEditorMutation.swift,\ ActiveEditorApplicationPolicy.swift,\ ActiveEditorSyncUpdateHandler.swift,\ EditorSelectionMapper.swift,\ EditorRemoteApplyResult.swift,\ UIKitEditorSyncBridge.swift,\ MyRAMSyncController.swift,\ NotesListView.swift,\ PersistenceManager.swift,\ GeneratedAssetSymbols.swift /Users/runner/work/MyRAM-iOS/MyRAM-iOS/MyRAM-iOS/MyRAM/Views/Editor/EditorSelectionRangeResolver.swift /Users/runner/work/MyRAM-iOS/MyRAM-iOS/MyRAM-iOS/MyRAM/Views/Editor/EditorFocusSelectionPolicy.swift /Users/runner/work/MyRAM-iOS/MyRAM-iOS/MyRAM-iOS/MyRAM/Views/Editor/EditorFormattingCommandResolver.swift /Users/runner/work/MyRAM-iOS/MyRAM-iOS/MyRAM-iOS/MyRAM/Views/Editor/EditorFormattingMutationApplier.swift /Users/runner/work/MyRAM-iOS/MyRAM-iOS/MyRAM-iOS/MyRAM/Views/Editor/EditorFormattingStateResolver.swift /Users/runner/work/MyRAM-iOS/MyRAM-iOS/MyRAM-iOS/MyRAM/NoteIntelligence.swift /Users/runner/work/MyRAM-iOS/MyRAM-iOS/MyRAM-iOS/MyRAM/Views/NoteEditorView.swift /Users/runner/work/MyRAM-iOS/MyRAM-iOS/MyRAM-iOS/MyRAM/Views/Editor/EditorTextViewFactory.swift /Users/runner/work/MyRAM-iOS/MyRAM-iOS/MyRAM-iOS/MyRAM/Views/Editor/EditorProfilingFixtures.swift /Users/runner/work/MyRAM-iOS/MyRAM-iOS/MyRAM-iOS/MyRAM/Views/Editor/BareTextViewProfilingView.swift /Users/runner/work/MyRAM-iOS/MyRAM-iOS/MyRAM-iOS/MyRAM/Views/Editor/EditorChecklistRendering.swift /Users/runner/work/MyRAM-iOS/MyRAM-iOS/MyRAM-iOS/MyRAM/Views/Editor/EditorPolicies.swift /Users/runner/work/MyRAM-iOS/MyRAM-iOS/MyRAM-iOS/MyRAM/Sync/EditorApplication/AppliedEditorMutation.swift /Users/runner/work/MyRAM-iOS/MyRAM-iOS/MyRAM-iOS/MyRAM/Sync/EditorApplication/ActiveEditorApplicationPolicy.swift /Users/runner/work/MyRAM-iOS/MyRAM-iOS/MyRAM-iOS/MyRAM/Sync/EditorApplication/ActiveEditorSyncUpdateHandler.swift /Users/runner/work/MyRAM-iOS/MyRAM-iOS/MyRAM-iOS/MyRAM/Sync/EditorApplication/EditorSelectionMapper.swift /Users/runner/work/MyRAM-iOS/MyRAM-iOS/MyRAM-iOS/MyRAM/Sync/EditorApplication/EditorRemoteApplyResult.swift /Users/runner/work/MyRAM-iOS/MyRAM-iOS/MyRAM-iOS/MyRAM/Views/Editor/UIKitEditorSyncBridge.swift /Users/runner/work/MyRAM-iOS/MyRAM-iOS/MyRAM-iOS/MyRAM/Sync/MyRAMSyncController.swift /Users/runner/work/MyRAM-iOS/MyRAM-iOS/MyRAM-iOS/MyRAM/Views/NotesListView.swift /Users/runner/work/MyRAM-iOS/MyRAM-iOS/MyRAM-iOS/MyRAM/PersistenceManager.swift /tmp/MYR175-AppClosure-iOS-DD/Build/Intermediates.noindex/MyRAM.build/Debug-iphonesimulator/MyRAM.build/DerivedSources/GeneratedAssetSymbols.swift (in target 'MyRAM' from project 'MyRAM')
SwiftCompile normal arm64 /Users/runner/work/MyRAM-iOS/MyRAM-iOS/MyRAM-iOS/MyRAM/Views/Editor/EditorSelectionRangeResolver.swift (in target 'MyRAM' from project 'MyRAM')
    cd /Users/runner/work/MyRAM-iOS/MyRAM-iOS/MyRAM-iOS
    

SwiftCompile normal arm64 /Users/runner/work/MyRAM-iOS/MyRAM-iOS/MyRAM-iOS/MyRAM/Views/Editor/EditorFocusSelectionPolicy.swift (in target 'MyRAM' from project 'MyRAM')
    cd /Users/runner/work/MyRAM-iOS/MyRAM-iOS/MyRAM-iOS
    

SwiftCompile normal arm64 /Users/runner/work/MyRAM-iOS/MyRAM-iOS/MyRAM-iOS/MyRAM/Views/Editor/EditorFormattingCommandResolver.swift (in target 'MyRAM' from project 'MyRAM')
    cd /Users/runner/work/MyRAM-iOS/MyRAM-iOS/MyRAM-iOS
    

SwiftCompile normal arm64 /Users/runner/work/MyRAM-iOS/MyRAM-iOS/MyRAM-iOS/MyRAM/Views/Editor/EditorFormattingMutationApplier.swift (in target 'MyRAM' from project 'MyRAM')
    cd /Users/runner/work/MyRAM-iOS/MyRAM-iOS/MyRAM-iOS
    

SwiftCompile normal arm64 /Users/runner/work/MyRAM-iOS/MyRAM-iOS/MyRAM-iOS/MyRAM/Views/Editor/EditorFormattingStateResolver.swift (in target 'MyRAM' from project 'MyRAM')
    cd /Users/runner/work/MyRAM-iOS/MyRAM-iOS/MyRAM-iOS
    

SwiftCompile normal arm64 /Users/runner/work/MyRAM-iOS/MyRAM-iOS/MyRAM-iOS/MyRAM/NoteIntelligence.swift (in target 'MyRAM' from project 'MyRAM')
    cd /Users/runner/work/MyRAM-iOS/MyRAM-iOS/MyRAM-iOS
    

SwiftCompile normal arm64 /Users/runner/work/MyRAM-iOS/MyRAM-iOS/MyRAM-iOS/MyRAM/Views/NoteEditorView.swift (in target 'MyRAM' from project 'MyRAM')
    cd /Users/runner/work/MyRAM-iOS/MyRAM-iOS/MyRAM-iOS
    

SwiftCompile normal arm64 /Users/runner/work/MyRAM-iOS/MyRAM-iOS/MyRAM-iOS/MyRAM/Views/Editor/EditorTextViewFactory.swift (in target 'MyRAM' from project 'MyRAM')
    cd /Users/runner/work/MyRAM-iOS/MyRAM-iOS/MyRAM-iOS
    

SwiftCompile normal arm64 /Users/runner/work/MyRAM-iOS/MyRAM-iOS/MyRAM-iOS/MyRAM/Views/Editor/EditorProfilingFixtures.swift (in target 'MyRAM' from project 'MyRAM')
    cd /Users/runner/work/MyRAM-iOS/MyRAM-iOS/MyRAM-iOS
    

SwiftCompile normal arm64 /Users/runner/work/MyRAM-iOS/MyRAM-iOS/MyRAM-iOS/MyRAM/Views/Editor/BareTextViewProfilingView.swift (in target 'MyRAM' from project 'MyRAM')
    cd /Users/runner/work/MyRAM-iOS/MyRAM-iOS/MyRAM-iOS
    

SwiftCompile normal arm64 /Users/runner/work/MyRAM-iOS/MyRAM-iOS/MyRAM-iOS/MyRAM/Views/Editor/EditorChecklistRendering.swift (in target 'MyRAM' from project 'MyRAM')
    cd /Users/runner/work/MyRAM-iOS/MyRAM-iOS/MyRAM-iOS
    

SwiftCompile normal arm64 /Users/runner/work/MyRAM-iOS/MyRAM-iOS/MyRAM-iOS/MyRAM/Views/Editor/EditorPolicies.swift (in target 'MyRAM' from project 'MyRAM')
    cd /Users/runner/work/MyRAM-iOS/MyRAM-iOS/MyRAM-iOS
    

SwiftCompile normal arm64 /Users/runner/work/MyRAM-iOS/MyRAM-iOS/MyRAM-iOS/MyRAM/Sync/EditorApplication/AppliedEditorMutation.swift (in target 'MyRAM' from project 'MyRAM')
    cd /Users/runner/work/MyRAM-iOS/MyRAM-iOS/MyRAM-iOS
    

SwiftCompile normal arm64 /Users/runner/work/MyRAM-iOS/MyRAM-iOS/MyRAM-iOS/MyRAM/Sync/EditorApplication/ActiveEditorApplicationPolicy.swift (in target 'MyRAM' from project 'MyRAM')
    cd /Users/runner/work/MyRAM-iOS/MyRAM-iOS/MyRAM-iOS
    

SwiftCompile normal arm64 /Users/runner/work/MyRAM-iOS/MyRAM-iOS/MyRAM-iOS/MyRAM/Sync/EditorApplication/ActiveEditorSyncUpdateHandler.swift (in target 'MyRAM' from project 'MyRAM')
    cd /Users/runner/work/MyRAM-iOS/MyRAM-iOS/MyRAM-iOS
    

SwiftCompile normal arm64 /Users/runner/work/MyRAM-iOS/MyRAM-iOS/MyRAM-iOS/MyRAM/Sync/EditorApplication/EditorSelectionMapper.swift (in target 'MyRAM' from project 'MyRAM')
    cd /Users/runner/work/MyRAM-iOS/MyRAM-iOS/MyRAM-iOS
    

SwiftCompile normal arm64 /Users/runner/work/MyRAM-iOS/MyRAM-iOS/MyRAM-iOS/MyRAM/Sync/EditorApplication/EditorRemoteApplyResult.swift (in target 'MyRAM' from project 'MyRAM')
    cd /Users/runner/work/MyRAM-iOS/MyRAM-iOS/MyRAM-iOS
    

SwiftCompile normal arm64 /Users/runner/work/MyRAM-iOS/MyRAM-iOS/MyRAM-iOS/MyRAM/Views/Editor/UIKitEditorSyncBridge.swift (in target 'MyRAM' from project 'MyRAM')
    cd /Users/runner/work/MyRAM-iOS/MyRAM-iOS/MyRAM-iOS
    

SwiftCompile normal arm64 /Users/runner/work/MyRAM-iOS/MyRAM-iOS/MyRAM-iOS/MyRAM/Sync/MyRAMSyncController.swift (in target 'MyRAM' from project 'MyRAM')
    cd /Users/runner/work/MyRAM-iOS/MyRAM-iOS/MyRAM-iOS
    

SwiftCompile normal arm64 /Users/runner/work/MyRAM-iOS/MyRAM-iOS/MyRAM-iOS/MyRAM/Views/NotesListView.swift (in target 'MyRAM' from project 'MyRAM')
    cd /Users/runner/work/MyRAM-iOS/MyRAM-iOS/MyRAM-iOS
    

SwiftCompile normal arm64 /Users/runner/work/MyRAM-iOS/MyRAM-iOS/MyRAM-iOS/MyRAM/PersistenceManager.swift (in target 'MyRAM' from project 'MyRAM')
    cd /Users/runner/work/MyRAM-iOS/MyRAM-iOS/MyRAM-iOS
    

SwiftCompile normal arm64 /tmp/MYR175-AppClosure-iOS-DD/Build/Intermediates.noindex/MyRAM.build/Debug-iphonesimulator/MyRAM.build/DerivedSources/GeneratedAssetSymbols.swift (in target 'MyRAM' from project 'MyRAM')
    cd /Users/runner/work/MyRAM-iOS/MyRAM-iOS/MyRAM-iOS
    

SwiftMergeGeneratedHeaders /tmp/MYR175-AppClosure-iOS-DD/Build/Intermediates.noindex/MyRAM.build/Debug-iphonesimulator/MyRAM.build/DerivedSources/MyRAM-Swift.h /tmp/MYR175-AppClosure-iOS-DD/Build/Intermediates.noindex/MyRAM.build/Debug-iphonesimulator/MyRAM.build/Objects-normal/arm64/MyRAM-Swift.h (in target 'MyRAM' from project 'MyRAM')
    cd /Users/runner/work/MyRAM-iOS/MyRAM-iOS/MyRAM-iOS
    builtin-swiftHeaderTool -arch arm64 /tmp/MYR175-AppClosure-iOS-DD/Build/Intermediates.noindex/MyRAM.build/Debug-iphonesimulator/MyRAM.build/Objects-normal/arm64/MyRAM-Swift.h -o /tmp/MYR175-AppClosure-iOS-DD/Build/Intermediates.noindex/MyRAM.build/Debug-iphonesimulator/MyRAM.build/DerivedSources/MyRAM-Swift.h

SwiftDriverJobDiscovery normal arm64 Compiling MyRAMExternalOpenDispatcher.swift, MyRAMWidgetHostCoordinator.swift, MyRAMWidgetNoteRouting.swift, MyRAMWidgetSelectionButton.swift, MarkdownFileIO.swift, MarkdownPreview.swift, MarkdownPreviewModePolicy.swift, MarkdownPreviewUIKitSyncExecutor.swift, MarkdownPreviewUIKitDeferredScheduler.swift, MarkdownPreviewUIKitEditorResignation.swift, MarkdownPreviewUIKitPostResignationReconciliation.swift, MarkdownPreviewUIKitAcceptedRestoreSupersession.swift, NoteEditorFileOperationBridge.swift, NoteSequenceStateRecord.swift, NoteSequenceStateBootstrapAdapter.swift, NoteSequenceStateFullBodyIntegration.swift, NoteSequenceStateBootstrapMigrator.swift, SwiftDataNoteSequenceStateStore.swift, MyRAMSyncOperationIDAllocator.swift, FileBackedSyncOperationIDReservationStore.swift, Item.swift, RTFCoding.swift, AttributedTextStorageKeys.swift (in target 'MyRAM' from project 'MyRAM')

Copy /tmp/MYR175-AppClosure-iOS-DD/Build/Products/Debug-iphonesimulator/MyRAM.swiftmodule/arm64-apple-ios-simulator.swiftmodule /tmp/MYR175-AppClosure-iOS-DD/Build/Intermediates.noindex/MyRAM.build/Debug-iphonesimulator/MyRAM.build/Objects-normal/arm64/MyRAM.swiftmodule (in target 'MyRAM' from project 'MyRAM')
    cd /Users/runner/work/MyRAM-iOS/MyRAM-iOS/MyRAM-iOS
    builtin-copy -exclude .DS_Store -exclude CVS -exclude .svn -exclude .git -exclude .hg -resolve-src-symlinks -rename /tmp/MYR175-AppClosure-iOS-DD/Build/Intermediates.noindex/MyRAM.build/Debug-iphonesimulator/MyRAM.build/Objects-normal/arm64/MyRAM.swiftmodule /tmp/MYR175-AppClosure-iOS-DD/Build/Products/Debug-iphonesimulator/MyRAM.swiftmodule/arm64-apple-ios-simulator.swiftmodule

Copy /tmp/MYR175-AppClosure-iOS-DD/Build/Products/Debug-iphonesimulator/MyRAM.swiftmodule/arm64-apple-ios-simulator.swiftdoc /tmp/MYR175-AppClosure-iOS-DD/Build/Intermediates.noindex/MyRAM.build/Debug-iphonesimulator/MyRAM.build/Objects-normal/arm64/MyRAM.swiftdoc (in target 'MyRAM' from project 'MyRAM')
    cd /Users/runner/work/MyRAM-iOS/MyRAM-iOS/MyRAM-iOS
    builtin-copy -exclude .DS_Store -exclude CVS -exclude .svn -exclude .git -exclude .hg -resolve-src-symlinks -rename /tmp/MYR175-AppClosure-iOS-DD/Build/Intermediates.noindex/MyRAM.build/Debug-iphonesimulator/MyRAM.build/Objects-normal/arm64/MyRAM.swiftdoc /tmp/MYR175-AppClosure-iOS-DD/Build/Products/Debug-iphonesimulator/MyRAM.swiftmodule/arm64-apple-ios-simulator.swiftdoc

Copy /tmp/MYR175-AppClosure-iOS-DD/Build/Products/Debug-iphonesimulator/MyRAM.swiftmodule/arm64-apple-ios-simulator.abi.json /tmp/MYR175-AppClosure-iOS-DD/Build/Intermediates.noindex/MyRAM.build/Debug-iphonesimulator/MyRAM.build/Objects-normal/arm64/MyRAM.abi.json (in target 'MyRAM' from project 'MyRAM')
    cd /Users/runner/work/MyRAM-iOS/MyRAM-iOS/MyRAM-iOS
    builtin-copy -exclude .DS_Store -exclude CVS -exclude .svn -exclude .git -exclude .hg -resolve-src-symlinks -rename /tmp/MYR175-AppClosure-iOS-DD/Build/Intermediates.noindex/MyRAM.build/Debug-iphonesimulator/MyRAM.build/Objects-normal/arm64/MyRAM.abi.json /tmp/MYR175-AppClosure-iOS-DD/Build/Products/Debug-iphonesimulator/MyRAM.swiftmodule/arm64-apple-ios-simulator.abi.json

Copy /tmp/MYR175-AppClosure-iOS-DD/Build/Products/Debug-iphonesimulator/MyRAM.swiftmodule/Project/arm64-apple-ios-simulator.swiftsourceinfo /tmp/MYR175-AppClosure-iOS-DD/Build/Intermediates.noindex/MyRAM.build/Debug-iphonesimulator/MyRAM.build/Objects-normal/arm64/MyRAM.swiftsourceinfo (in target 'MyRAM' from project 'MyRAM')
    cd /Users/runner/work/MyRAM-iOS/MyRAM-iOS/MyRAM-iOS
    builtin-copy -exclude .DS_Store -exclude CVS -exclude .svn -exclude .git -exclude .hg -resolve-src-symlinks -rename /tmp/MYR175-AppClosure-iOS-DD/Build/Intermediates.noindex/MyRAM.build/Debug-iphonesimulator/MyRAM.build/Objects-normal/arm64/MyRAM.swiftsourceinfo /tmp/MYR175-AppClosure-iOS-DD/Build/Products/Debug-iphonesimulator/MyRAM.swiftmodule/Project/arm64-apple-ios-simulator.swiftsourceinfo

SwiftCompile normal arm64 Compiling\ SwiftDataSyncConvergencePostCommitStore.swift,\ SyncConvergencePostCommitExecutor.swift,\ SyncConvergenceLocalObligation.swift,\ FileBackedSyncConvergenceLocalObligationQueue.swift,\ SyncConvergenceDrainPassScheduler.swift,\ SyncConvergenceRuntime.swift,\ SyncBatchUnsentQueue.swift,\ FileBackedSyncBatchQueue.swift,\ NotesViewModel.swift,\ MyRAMSyncModels.swift,\ MyRAMApp.swift,\ MyRAMSchema.swift,\ Note.swift,\ MyRAMSyncChangeApplier.swift,\ MyRAMLegacySyncChangeValidator.swift,\ MyRAMSyncConflictService.swift,\ SyncConflictStore.swift,\ Folder.swift,\ MyRAMDeviceIdentity.swift,\ MyRAMLegacySyncPayloadBuilder.swift,\ PendingSyncStatus.swift,\ PendingSyncRecoveryCoordinator.swift,\ MyRAMWidgetContentSelectionPolicy.swift /Users/runner/work/MyRAM-iOS/MyRAM-iOS/MyRAM-iOS/MyRAM/Sync/Convergence/SwiftDataSyncConvergencePostCommitStore.swift /Users/runner/work/MyRAM-iOS/MyRAM-iOS/MyRAM-iOS/MyRAM/Sync/Convergence/SyncConvergencePostCommitExecutor.swift /Users/runner/work/MyRAM-iOS/MyRAM-iOS/MyRAM-iOS/MyRAM/Sync/Convergence/SyncConvergenceLocalObligation.swift /Users/runner/work/MyRAM-iOS/MyRAM-iOS/MyRAM-iOS/MyRAM/Sync/Convergence/FileBackedSyncConvergenceLocalObligationQueue.swift /Users/runner/work/MyRAM-iOS/MyRAM-iOS/MyRAM-iOS/MyRAM/Sync/Convergence/SyncConvergenceDrainPassScheduler.swift /Users/runner/work/MyRAM-iOS/MyRAM-iOS/MyRAM-iOS/MyRAM/Sync/Convergence/SyncConvergenceRuntime.swift /Users/runner/work/MyRAM-iOS/MyRAM-iOS/MyRAM-iOS/MyRAM/Sync/Batch/SyncBatchUnsentQueue.swift /Users/runner/work/MyRAM-iOS/MyRAM-iOS/MyRAM-iOS/MyRAM/Sync/Batch/FileBackedSyncBatchQueue.swift /Users/runner/work/MyRAM-iOS/MyRAM-iOS/MyRAM-iOS/MyRAM/ViewModels/NotesViewModel.swift /Users/runner/work/MyRAM-iOS/MyRAM-iOS/MyRAM-iOS/MyRAM/Sync/MyRAMSyncModels.swift /Users/runner/work/MyRAM-iOS/MyRAM-iOS/MyRAM-iOS/MyRAM/MyRAMApp.swift /Users/runner/work/MyRAM-iOS/MyRAM-iOS/MyRAM-iOS/MyRAM/MyRAMSchema.swift /Users/runner/work/MyRAM-iOS/MyRAM-iOS/MyRAM-iOS/MyRAM/Models/Note.swift /Users/runner/work/MyRAM-iOS/MyRAM-iOS/MyRAM-iOS/MyRAM/Sync/MyRAMSyncChangeApplier.swift /Users/runner/work/MyRAM-iOS/MyRAM-iOS/MyRAM-iOS/MyRAM/Sync/Legacy/MyRAMLegacySyncChangeValidator.swift /Users/runner/work/MyRAM-iOS/MyRAM-iOS/MyRAM-iOS/MyRAM/Sync/MyRAMSyncConflictService.swift /Users/runner/work/MyRAM-iOS/MyRAM-iOS/MyRAM-iOS/MyRAM/Sync/SyncConflictStore.swift /Users/runner/work/MyRAM-iOS/MyRAM-iOS/MyRAM-iOS/MyRAM/Models/Folder.swift /Users/runner/work/MyRAM-iOS/MyRAM-iOS/MyRAM-iOS/MyRAM/Sync/MyRAMDeviceIdentity.swift /Users/runner/work/MyRAM-iOS/MyRAM-iOS/MyRAM-iOS/MyRAM/Sync/MyRAMLegacySyncPayloadBuilder.swift /Users/runner/work/MyRAM-iOS/MyRAM-iOS/MyRAM-iOS/MyRAM/Sync/PendingSyncStatus.swift /Users/runner/work/MyRAM-iOS/MyRAM-iOS/MyRAM-iOS/MyRAM/Sync/Recovery/PendingSyncRecoveryCoordinator.swift /Users/runner/work/MyRAM-iOS/MyRAM-iOS/MyRAM-iOS/MyRAM/WidgetShared/MyRAMWidgetContentSelectionPolicy.swift (in target 'MyRAM' from project 'MyRAM')

SwiftCompile normal arm64 /Users/runner/work/MyRAM-iOS/MyRAM-iOS/MyRAM-iOS/MyRAM/Sync/Convergence/SwiftDataSyncConvergencePostCommitStore.swift (in target 'MyRAM' from project 'MyRAM')
    cd /Users/runner/work/MyRAM-iOS/MyRAM-iOS/MyRAM-iOS
    

SwiftCompile normal arm64 /Users/runner/work/MyRAM-iOS/MyRAM-iOS/MyRAM-iOS/MyRAM/Sync/Convergence/SyncConvergencePostCommitExecutor.swift (in target 'MyRAM' from project 'MyRAM')
    cd /Users/runner/work/MyRAM-iOS/MyRAM-iOS/MyRAM-iOS
    

SwiftCompile normal arm64 /Users/runner/work/MyRAM-iOS/MyRAM-iOS/MyRAM-iOS/MyRAM/Sync/Convergence/SyncConvergenceLocalObligation.swift (in target 'MyRAM' from project 'MyRAM')
    cd /Users/runner/work/MyRAM-iOS/MyRAM-iOS/MyRAM-iOS
    

SwiftCompile normal arm64 /Users/runner/work/MyRAM-iOS/MyRAM-iOS/MyRAM-iOS/MyRAM/Sync/Convergence/FileBackedSyncConvergenceLocalObligationQueue.swift (in target 'MyRAM' from project 'MyRAM')
    cd /Users/runner/work/MyRAM-iOS/MyRAM-iOS/MyRAM-iOS
    

SwiftCompile normal arm64 /Users/runner/work/MyRAM-iOS/MyRAM-iOS/MyRAM-iOS/MyRAM/Sync/Convergence/SyncConvergenceDrainPassScheduler.swift (in target 'MyRAM' from project 'MyRAM')
    cd /Users/runner/work/MyRAM-iOS/MyRAM-iOS/MyRAM-iOS
    

SwiftCompile normal arm64 /Users/runner/work/MyRAM-iOS/MyRAM-iOS/MyRAM-iOS/MyRAM/Sync/Convergence/SyncConvergenceRuntime.swift (in target 'MyRAM' from project 'MyRAM')
    cd /Users/runner/work/MyRAM-iOS/MyRAM-iOS/MyRAM-iOS
    

SwiftCompile normal arm64 /Users/runner/work/MyRAM-iOS/MyRAM-iOS/MyRAM-iOS/MyRAM/Sync/Batch/SyncBatchUnsentQueue.swift (in target 'MyRAM' from project 'MyRAM')
    cd /Users/runner/work/MyRAM-iOS/MyRAM-iOS/MyRAM-iOS
    

SwiftCompile normal arm64 /Users/runner/work/MyRAM-iOS/MyRAM-iOS/MyRAM-iOS/MyRAM/Sync/Batch/FileBackedSyncBatchQueue.swift (in target 'MyRAM' from project 'MyRAM')
    cd /Users/runner/work/MyRAM-iOS/MyRAM-iOS/MyRAM-iOS
    

SwiftCompile normal arm64 /Users/runner/work/MyRAM-iOS/MyRAM-iOS/MyRAM-iOS/MyRAM/ViewModels/NotesViewModel.swift (in target 'MyRAM' from project 'MyRAM')
    cd /Users/runner/work/MyRAM-iOS/MyRAM-iOS/MyRAM-iOS
    

SwiftCompile normal arm64 /Users/runner/work/MyRAM-iOS/MyRAM-iOS/MyRAM-iOS/MyRAM/Sync/MyRAMSyncModels.swift (in target 'MyRAM' from project 'MyRAM')
    cd /Users/runner/work/MyRAM-iOS/MyRAM-iOS/MyRAM-iOS
    

SwiftCompile normal arm64 /Users/runner/work/MyRAM-iOS/MyRAM-iOS/MyRAM-iOS/MyRAM/MyRAMApp.swift (in target 'MyRAM' from project 'MyRAM')
    cd /Users/runner/work/MyRAM-iOS/MyRAM-iOS/MyRAM-iOS
    

SwiftCompile normal arm64 /Users/runner/work/MyRAM-iOS/MyRAM-iOS/MyRAM-iOS/MyRAM/MyRAMSchema.swift (in target 'MyRAM' from project 'MyRAM')
    cd /Users/runner/work/MyRAM-iOS/MyRAM-iOS/MyRAM-iOS
    

SwiftCompile normal arm64 /Users/runner/work/MyRAM-iOS/MyRAM-iOS/MyRAM-iOS/MyRAM/Models/Note.swift (in target 'MyRAM' from project 'MyRAM')
    cd /Users/runner/work/MyRAM-iOS/MyRAM-iOS/MyRAM-iOS
    

SwiftCompile normal arm64 /Users/runner/work/MyRAM-iOS/MyRAM-iOS/MyRAM-iOS/MyRAM/Sync/MyRAMSyncChangeApplier.swift (in target 'MyRAM' from project 'MyRAM')
    cd /Users/runner/work/MyRAM-iOS/MyRAM-iOS/MyRAM-iOS
    

SwiftCompile normal arm64 /Users/runner/work/MyRAM-iOS/MyRAM-iOS/MyRAM-iOS/MyRAM/Sync/Legacy/MyRAMLegacySyncChangeValidator.swift (in target 'MyRAM' from project 'MyRAM')
    cd /Users/runner/work/MyRAM-iOS/MyRAM-iOS/MyRAM-iOS
    

SwiftCompile normal arm64 /Users/runner/work/MyRAM-iOS/MyRAM-iOS/MyRAM-iOS/MyRAM/Sync/MyRAMSyncConflictService.swift (in target 'MyRAM' from project 'MyRAM')
    cd /Users/runner/work/MyRAM-iOS/MyRAM-iOS/MyRAM-iOS
    

SwiftCompile normal arm64 /Users/runner/work/MyRAM-iOS/MyRAM-iOS/MyRAM-iOS/MyRAM/Sync/SyncConflictStore.swift (in target 'MyRAM' from project 'MyRAM')
    cd /Users/runner/work/MyRAM-iOS/MyRAM-iOS/MyRAM-iOS
    

SwiftCompile normal arm64 /Users/runner/work/MyRAM-iOS/MyRAM-iOS/MyRAM-iOS/MyRAM/Models/Folder.swift (in target 'MyRAM' from project 'MyRAM')
    cd /Users/runner/work/MyRAM-iOS/MyRAM-iOS/MyRAM-iOS
    

SwiftCompile normal arm64 /Users/runner/work/MyRAM-iOS/MyRAM-iOS/MyRAM-iOS/MyRAM/Sync/MyRAMDeviceIdentity.swift (in target 'MyRAM' from project 'MyRAM')
    cd /Users/runner/work/MyRAM-iOS/MyRAM-iOS/MyRAM-iOS
    

SwiftCompile normal arm64 /Users/runner/work/MyRAM-iOS/MyRAM-iOS/MyRAM-iOS/MyRAM/Sync/MyRAMLegacySyncPayloadBuilder.swift (in target 'MyRAM' from project 'MyRAM')
    cd /Users/runner/work/MyRAM-iOS/MyRAM-iOS/MyRAM-iOS
    

SwiftCompile normal arm64 /Users/runner/work/MyRAM-iOS/MyRAM-iOS/MyRAM-iOS/MyRAM/Sync/PendingSyncStatus.swift (in target 'MyRAM' from project 'MyRAM')
    cd /Users/runner/work/MyRAM-iOS/MyRAM-iOS/MyRAM-iOS
    

SwiftCompile normal arm64 /Users/runner/work/MyRAM-iOS/MyRAM-iOS/MyRAM-iOS/MyRAM/Sync/Recovery/PendingSyncRecoveryCoordinator.swift (in target 'MyRAM' from project 'MyRAM')
    cd /Users/runner/work/MyRAM-iOS/MyRAM-iOS/MyRAM-iOS
    

SwiftCompile normal arm64 /Users/runner/work/MyRAM-iOS/MyRAM-iOS/MyRAM-iOS/MyRAM/WidgetShared/MyRAMWidgetContentSelectionPolicy.swift (in target 'MyRAM' from project 'MyRAM')
    cd /Users/runner/work/MyRAM-iOS/MyRAM-iOS/MyRAM-iOS
    

SwiftDriverJobDiscovery normal arm64 Compiling SyncBatchPayload.swift, SyncBatchAnchoredPayloadAdapter.swift, SyncBatchAnchoredPayloadPolicy.swift, SyncBatchPeerCapability.swift, SyncBatchTransportAdmissionPlanner.swift, SyncBatchEnvelope.swift, MultipeerSyncMessageEnvelope.swift, SyncBatchSeenBatchStore.swift, SyncBatchUTF16Helpers.swift, SyncBatchNoteChangeCapture.swift, SyncConvergenceTypes.swift, SyncConvergenceModels.swift, SyncConvergencePlanningTypes.swift, SyncConvergenceRewriteSafetyPolicy.swift, ExplicitDeleteProvenanceTypes.swift, ExplicitDeleteProvenanceBuilder.swift, ExplicitDeleteProvenanceValidator.swift, SyncConvergencePlanner.swift, IncrementalEditIntegrationTypes.swift, RetainedOperationCausalGraph.swift, SwiftDataSyncConvergencePersistenceTransaction.swift, SyncConvergencePostCommitTypes.swift, SyncConvergencePostCommitGating.swift (in target 'MyRAM' from project 'MyRAM')

SwiftDriver MyRAMUITests normal arm64 com.apple.xcode.tools.swift.compiler (in target 'MyRAMUITests' from project 'MyRAM')
    cd /Users/runner/work/MyRAM-iOS/MyRAM-iOS/MyRAM-iOS
    builtin-SwiftDriver -- /Applications/Xcode_26.5.app/Contents/Developer/Toolchains/XcodeDefault.xctoolchain/usr/bin/swiftc -module-name MyRAMUITests -Onone @/tmp/MYR175-AppClosure-iOS-DD/Build/Intermediates.noindex/MyRAM.build/Debug-iphonesimulator/MyRAMUITests.build/Objects-normal/arm64/MyRAMUITests.SwiftFileList -DDEBUG -module-alias Testing\=_Testing_Unavailable -plugin-path /Applications/Xcode_26.5.app/Contents/Developer/Toolchains/XcodeDefault.xctoolchain/usr/lib/swift/host/plugins/testing -enable-bare-slash-regex -enable-experimental-feature DebugDescriptionMacro -sdk /Applications/Xcode_26.5.app/Contents/Developer/Platforms/iPhoneSimulator.platform/Developer/SDKs/iPhoneSimulator26.5.sdk -target arm64-apple-ios17.0-simulator -g -module-cache-path /tmp/MYR175-AppClosure-iOS-DD/ModuleCache.noindex -Xfrontend -serialize-debugging-options -enable-testing -index-store-path /tmp/MYR175-AppClosure-iOS-DD/Index.noindex/DataStore -Xcc -D_LIBCPP_HARDENING_MODE\=_LIBCPP_HARDENING_MODE_DEBUG -swift-version 5 -I /tmp/MYR175-AppClosure-iOS-DD/Build/Products/Debug-iphonesimulator -Isystem /Applications/Xcode_26.5.app/Contents/Developer/Platforms/iPhoneSimulator.platform/Developer/usr/lib -F /tmp/MYR175-AppClosure-iOS-DD/Build/Products/Debug-iphonesimulator -F /Applications/Xcode_26.5.app/Contents/Developer/Platforms/iPhoneSimulator.platform/Developer/Library/Frameworks -F /Applications/Xcode_26.5.app/Contents/Developer/Platforms/iPhoneSimulator.platform/Developer/SDKs/iPhoneSimulator26.5.sdk/Developer/Library/Frameworks -c -j3 -enable-batch-mode -incremental -Xcc -ivfsstatcache -Xcc /tmp/MYR175-AppClosure-iOS-DD/SDKStatCaches.noindex/iphonesimulator26.5-23F73-688ef53f1462e2c8f657fdc38a81448ffb7d586738ff35573a713a18216ade27.sdkstatcache -output-file-map /tmp/MYR175-AppClosure-iOS-DD/Build/Intermediates.noindex/MyRAM.build/Debug-iphonesimulator/MyRAMUITests.build/Objects-normal/arm64/MyRAMUITests-OutputFileMap.json -use-frontend-parseable-output -save-temps -no-color-diagnostics -explicit-module-build -module-cache-path /tmp/MYR175-AppClosure-iOS-DD/Build/Intermediates.noindex/SwiftExplicitPrecompiledModules -clang-scanner-module-cache-path /tmp/MYR175-AppClosure-iOS-DD/ModuleCache.noindex -sdk-module-cache-path /tmp/MYR175-AppClosure-iOS-DD/ModuleCache.noindex -serialize-diagnostics -emit-dependencies -emit-module -emit-module-path /tmp/MYR175-AppClosure-iOS-DD/Build/Intermediates.noindex/MyRAM.build/Debug-iphonesimulator/MyRAMUITests.build/Objects-normal/arm64/MyRAMUITests.swiftmodule -validate-clang-modules-once -clang-build-session-file /tmp/MYR175-AppClosure-iOS-DD/ModuleCache.noindex/Session.modulevalidation -Xcc -I/tmp/MYR175-AppClosure-iOS-DD/Build/Intermediates.noindex/MyRAM.build/Debug-iphonesimulator/MyRAMUITests.build/swift-overrides.hmap -emit-const-values -Xfrontend -const-gather-protocols-file -Xfrontend /tmp/MYR175-AppClosure-iOS-DD/Build/Intermediates.noindex/MyRAM.build/Debug-iphonesimulator/MyRAMUITests.build/Objects-normal/arm64/MyRAMUITests_const_extract_protocols.json -Xcc -iquote -Xcc /tmp/MYR175-AppClosure-iOS-DD/Build/Intermediates.noindex/MyRAM.build/Debug-iphonesimulator/MyRAMUITests.build/MyRAMUITests-generated-files.hmap -Xcc -I/tmp/MYR175-AppClosure-iOS-DD/Build/Intermediates.noindex/MyRAM.build/Debug-iphonesimulator/MyRAMUITests.build/MyRAMUITests-own-target-headers.hmap -Xcc -I/tmp/MYR175-AppClosure-iOS-DD/Build/Intermediates.noindex/MyRAM.build/Debug-iphonesimulator/MyRAMUITests.build/MyRAMUITests-all-non-framework-target-headers.hmap -Xcc -ivfsoverlay -Xcc /tmp/MYR175-AppClosure-iOS-DD/Build/Intermediates.noindex/MyRAM.build/Debug-iphonesimulator/MyRAM-98a9cbde253e8e955bc92731eb290203-VFS-iphonesimulator/all-product-headers.yaml -Xcc -iquote -Xcc /tmp/MYR175-AppClosure-iOS-DD/Build/Intermediates.noindex/MyRAM.build/Debug-iphonesimulator/MyRAMUITests.build/MyRAMUITests-project-headers.hmap -Xcc -I/tmp/MYR175-AppClosure-iOS-DD/Build/Products/Debug-iphonesimulator/include -Xcc -I/tmp/MYR175-AppClosure-iOS-DD/Build/Intermediates.noindex/MyRAM.build/Debug-iphonesimulator/MyRAMUITests.build/DerivedSources-normal/arm64 -Xcc -I/tmp/MYR175-AppClosure-iOS-DD/Build/Intermediates.noindex/MyRAM.build/Debug-iphonesimulator/MyRAMUITests.build/DerivedSources/arm64 -Xcc -I/tmp/MYR175-AppClosure-iOS-DD/Build/Intermediates.noindex/MyRAM.build/Debug-iphonesimulator/MyRAMUITests.build/DerivedSources -Xcc -DDEBUG\=1 -emit-objc-header -emit-objc-header-path /tmp/MYR175-AppClosure-iOS-DD/Build/Intermediates.noindex/MyRAM.build/Debug-iphonesimulator/MyRAMUITests.build/Objects-normal/arm64/MyRAMUITests-Swift.h -working-directory /Users/runner/work/MyRAM-iOS/MyRAM-iOS/MyRAM-iOS -experimental-emit-module-separately -disable-cmo

SwiftDriver MyRAMTests normal arm64 com.apple.xcode.tools.swift.compiler (in target 'MyRAMTests' from project 'MyRAM')
    cd /Users/runner/work/MyRAM-iOS/MyRAM-iOS/MyRAM-iOS
    builtin-SwiftDriver -- /Applications/Xcode_26.5.app/Contents/Developer/Toolchains/XcodeDefault.xctoolchain/usr/bin/swiftc -module-name MyRAMTests -Onone @/tmp/MYR175-AppClosure-iOS-DD/Build/Intermediates.noindex/MyRAM.build/Debug-iphonesimulator/MyRAMTests.build/Objects-normal/arm64/MyRAMTests.SwiftFileList -DDEBUG -plugin-path /Applications/Xcode_26.5.app/Contents/Developer/Toolchains/XcodeDefault.xctoolchain/usr/lib/swift/host/plugins/testing -enable-bare-slash-regex -enable-experimental-feature DebugDescriptionMacro -sdk /Applications/Xcode_26.5.app/Contents/Developer/Platforms/iPhoneSimulator.platform/Developer/SDKs/iPhoneSimulator26.5.sdk -target arm64-apple-ios17.0-simulator -g -module-cache-path /tmp/MYR175-AppClosure-iOS-DD/ModuleCache.noindex -Xfrontend -serialize-debugging-options -enable-testing -index-store-path /tmp/MYR175-AppClosure-iOS-DD/Index.noindex/DataStore -Xcc -D_LIBCPP_HARDENING_MODE\=_LIBCPP_HARDENING_MODE_DEBUG -swift-version 5 -I /tmp/MYR175-AppClosure-iOS-DD/Build/Products/Debug-iphonesimulator -Isystem /Applications/Xcode_26.5.app/Contents/Developer/Platforms/iPhoneSimulator.platform/Developer/usr/lib -F /tmp/MYR175-AppClosure-iOS-DD/Build/Products/Debug-iphonesimulator/PackageFrameworks -F /tmp/MYR175-AppClosure-iOS-DD/Build/Products/Debug-iphonesimulator/PackageFrameworks -F /tmp/MYR175-AppClosure-iOS-DD/Build/Products/Debug-iphonesimulator/PackageFrameworks -F /tmp/MYR175-AppClosure-iOS-DD/Build/Products/Debug-iphonesimulator -F /Applications/Xcode_26.5.app/Contents/Developer/Platforms/iPhoneSimulator.platform/Developer/Library/Frameworks -F /Applications/Xcode_26.5.app/Contents/Developer/Platforms/iPhoneSimulator.platform/Developer/SDKs/iPhoneSimulator26.5.sdk/Developer/Library/Frameworks -c -j3 -enable-batch-mode -incremental -Xcc -ivfsstatcache -Xcc /tmp/MYR175-AppClosure-iOS-DD/SDKStatCaches.noindex/iphonesimulator26.5-23F73-688ef53f1462e2c8f657fdc38a81448ffb7d586738ff35573a713a18216ade27.sdkstatcache -output-file-map /tmp/MYR175-AppClosure-iOS-DD/Build/Intermediates.noindex/MyRAM.build/Debug-iphonesimulator/MyRAMTests.build/Objects-normal/arm64/MyRAMTests-OutputFileMap.json -use-frontend-parseable-output -save-temps -no-color-diagnostics -explicit-module-build -module-cache-path /tmp/MYR175-AppClosure-iOS-DD/Build/Intermediates.noindex/SwiftExplicitPrecompiledModules -clang-scanner-module-cache-path /tmp/MYR175-AppClosure-iOS-DD/ModuleCache.noindex -sdk-module-cache-path /tmp/MYR175-AppClosure-iOS-DD/ModuleCache.noindex -serialize-diagnostics -emit-dependencies -emit-module -emit-module-path /tmp/MYR175-AppClosure-iOS-DD/Build/Intermediates.noindex/MyRAM.build/Debug-iphonesimulator/MyRAMTests.build/Objects-normal/arm64/MyRAMTests.swiftmodule -validate-clang-modules-once -clang-build-session-file /tmp/MYR175-AppClosure-iOS-DD/ModuleCache.noindex/Session.modulevalidation -Xcc -I/tmp/MYR175-AppClosure-iOS-DD/Build/Intermediates.noindex/MyRAM.build/Debug-iphonesimulator/MyRAMTests.build/swift-overrides.hmap -emit-const-values -Xfrontend -const-gather-protocols-file -Xfrontend /tmp/MYR175-AppClosure-iOS-DD/Build/Intermediates.noindex/MyRAM.build/Debug-iphonesimulator/MyRAMTests.build/Objects-normal/arm64/MyRAMTests_const_extract_protocols.json -Xcc -iquote -Xcc /tmp/MYR175-AppClosure-iOS-DD/Build/Intermediates.noindex/MyRAM.build/Debug-iphonesimulator/MyRAMTests.build/MyRAMTests-generated-files.hmap -Xcc -I/tmp/MYR175-AppClosure-iOS-DD/Build/Intermediates.noindex/MyRAM.build/Debug-iphonesimulator/MyRAMTests.build/MyRAMTests-own-target-headers.hmap -Xcc -I/tmp/MYR175-AppClosure-iOS-DD/Build/Intermediates.noindex/MyRAM.build/Debug-iphonesimulator/MyRAMTests.build/MyRAMTests-all-non-framework-target-headers.hmap -Xcc -ivfsoverlay -Xcc /tmp/MYR175-AppClosure-iOS-DD/Build/Intermediates.noindex/MyRAM.build/Debug-iphonesimulator/MyRAM-98a9cbde253e8e955bc92731eb290203-VFS-iphonesimulator/all-product-headers.yaml -Xcc -iquote -Xcc /tmp/MYR175-AppClosure-iOS-DD/Build/Intermediates.noindex/MyRAM.build/Debug-iphonesimulator/MyRAMTests.build/MyRAMTests-project-headers.hmap -Xcc -I/tmp/MYR175-AppClosure-iOS-DD/Build/Products/Debug-iphonesimulator/include -Xcc -I/tmp/MYR175-AppClosure-iOS-DD/Build/Intermediates.noindex/MyRAM.build/Debug-iphonesimulator/MyRAMTests.build/DerivedSources-normal/arm64 -Xcc -I/tmp/MYR175-AppClosure-iOS-DD/Build/Intermediates.noindex/MyRAM.build/Debug-iphonesimulator/MyRAMTests.build/DerivedSources/arm64 -Xcc -I/tmp/MYR175-AppClosure-iOS-DD/Build/Intermediates.noindex/MyRAM.build/Debug-iphonesimulator/MyRAMTests.build/DerivedSources -Xcc -DDEBUG\=1 -emit-objc-header -emit-objc-header-path /tmp/MYR175-AppClosure-iOS-DD/Build/Intermediates.noindex/MyRAM.build/Debug-iphonesimulator/MyRAMTests.build/Objects-normal/arm64/MyRAMTests-Swift.h -working-directory /Users/runner/work/MyRAM-iOS/MyRAM-iOS/MyRAM-iOS -experimental-emit-module-separately -disable-cmo

SwiftExplicitDependencyGeneratePcm arm64 /tmp/MYR175-AppClosure-iOS-DD/Build/Intermediates.noindex/SwiftExplicitPrecompiledModules/XCUIAutomation-CREBVUNY17GZUJR7IWMPOUCE6.pcm

SwiftExplicitDependencyCompileModuleFromInterface arm64 /tmp/MYR175-AppClosure-iOS-DD/Build/Intermediates.noindex/SwiftExplicitPrecompiledModules/XCUIAutomation-ZHOUNCRZCEBK.swiftmodule

SwiftExplicitDependencyGeneratePcm arm64 /tmp/MYR175-AppClosure-iOS-DD/Build/Intermediates.noindex/SwiftExplicitPrecompiledModules/XCTest-5U3UM8J8J2PHVECGFG1MO2HU8.pcm

SwiftExplicitDependencyCompileModuleFromInterface arm64 /tmp/MYR175-AppClosure-iOS-DD/Build/Intermediates.noindex/SwiftExplicitPrecompiledModules/XCTest-1QNPPEONUHH9P.swiftmodule

SwiftEmitModule normal arm64 Emitting\ module\ for\ MyRAMUITests (in target 'MyRAMUITests' from project 'MyRAM')

EmitSwiftModule normal arm64 (in target 'MyRAMUITests' from project 'MyRAM')
    cd /Users/runner/work/MyRAM-iOS/MyRAM-iOS/MyRAM-iOS
    

SwiftEmitModule normal arm64 Emitting\ module\ for\ MyRAMTests (in target 'MyRAMTests' from project 'MyRAM')

EmitSwiftModule normal arm64 (in target 'MyRAMTests' from project 'MyRAM')
    cd /Users/runner/work/MyRAM-iOS/MyRAM-iOS/MyRAM-iOS
    

SwiftDriverJobDiscovery normal arm64 Emitting module for MyRAMUITests (in target 'MyRAMUITests' from project 'MyRAM')

SwiftDriver\ Compilation\ Requirements MyRAMUITests normal arm64 com.apple.xcode.tools.swift.compiler (in target 'MyRAMUITests' from project 'MyRAM')
    cd /Users/runner/work/MyRAM-iOS/MyRAM-iOS/MyRAM-iOS
    builtin-Swift-Compilation-Requirements -- /Applications/Xcode_26.5.app/Contents/Developer/Toolchains/XcodeDefault.xctoolchain/usr/bin/swiftc -module-name MyRAMUITests -Onone @/tmp/MYR175-AppClosure-iOS-DD/Build/Intermediates.noindex/MyRAM.build/Debug-iphonesimulator/MyRAMUITests.build/Objects-normal/arm64/MyRAMUITests.SwiftFileList -DDEBUG -module-alias Testing\=_Testing_Unavailable -plugin-path /Applications/Xcode_26.5.app/Contents/Developer/Toolchains/XcodeDefault.xctoolchain/usr/lib/swift/host/plugins/testing -enable-bare-slash-regex -enable-experimental-feature DebugDescriptionMacro -sdk /Applications/Xcode_26.5.app/Contents/Developer/Platforms/iPhoneSimulator.platform/Developer/SDKs/iPhoneSimulator26.5.sdk -target arm64-apple-ios17.0-simulator -g -module-cache-path /tmp/MYR175-AppClosure-iOS-DD/ModuleCache.noindex -Xfrontend -serialize-debugging-options -enable-testing -index-store-path /tmp/MYR175-AppClosure-iOS-DD/Index.noindex/DataStore -Xcc -D_LIBCPP_HARDENING_MODE\=_LIBCPP_HARDENING_MODE_DEBUG -swift-version 5 -I /tmp/MYR175-AppClosure-iOS-DD/Build/Products/Debug-iphonesimulator -Isystem /Applications/Xcode_26.5.app/Contents/Developer/Platforms/iPhoneSimulator.platform/Developer/usr/lib -F /tmp/MYR175-AppClosure-iOS-DD/Build/Products/Debug-iphonesimulator -F /Applications/Xcode_26.5.app/Contents/Developer/Platforms/iPhoneSimulator.platform/Developer/Library/Frameworks -F /Applications/Xcode_26.5.app/Contents/Developer/Platforms/iPhoneSimulator.platform/Developer/SDKs/iPhoneSimulator26.5.sdk/Developer/Library/Frameworks -c -j3 -enable-batch-mode -incremental -Xcc -ivfsstatcache -Xcc /tmp/MYR175-AppClosure-iOS-DD/SDKStatCaches.noindex/iphonesimulator26.5-23F73-688ef53f1462e2c8f657fdc38a81448ffb7d586738ff35573a713a18216ade27.sdkstatcache -output-file-map /tmp/MYR175-AppClosure-iOS-DD/Build/Intermediates.noindex/MyRAM.build/Debug-iphonesimulator/MyRAMUITests.build/Objects-normal/arm64/MyRAMUITests-OutputFileMap.json -use-frontend-parseable-output -save-temps -no-color-diagnostics -explicit-module-build -module-cache-path /tmp/MYR175-AppClosure-iOS-DD/Build/Intermediates.noindex/SwiftExplicitPrecompiledModules -clang-scanner-module-cache-path /tmp/MYR175-AppClosure-iOS-DD/ModuleCache.noindex -sdk-module-cache-path /tmp/MYR175-AppClosure-iOS-DD/ModuleCache.noindex -serialize-diagnostics -emit-dependencies -emit-module -emit-module-path /tmp/MYR175-AppClosure-iOS-DD/Build/Intermediates.noindex/MyRAM.build/Debug-iphonesimulator/MyRAMUITests.build/Objects-normal/arm64/MyRAMUITests.swiftmodule -validate-clang-modules-once -clang-build-session-file /tmp/MYR175-AppClosure-iOS-DD/ModuleCache.noindex/Session.modulevalidation -Xcc -I/tmp/MYR175-AppClosure-iOS-DD/Build/Intermediates.noindex/MyRAM.build/Debug-iphonesimulator/MyRAMUITests.build/swift-overrides.hmap -emit-const-values -Xfrontend -const-gather-protocols-file -Xfrontend /tmp/MYR175-AppClosure-iOS-DD/Build/Intermediates.noindex/MyRAM.build/Debug-iphonesimulator/MyRAMUITests.build/Objects-normal/arm64/MyRAMUITests_const_extract_protocols.json -Xcc -iquote -Xcc /tmp/MYR175-AppClosure-iOS-DD/Build/Intermediates.noindex/MyRAM.build/Debug-iphonesimulator/MyRAMUITests.build/MyRAMUITests-generated-files.hmap -Xcc -I/tmp/MYR175-AppClosure-iOS-DD/Build/Intermediates.noindex/MyRAM.build/Debug-iphonesimulator/MyRAMUITests.build/MyRAMUITests-own-target-headers.hmap -Xcc -I/tmp/MYR175-AppClosure-iOS-DD/Build/Intermediates.noindex/MyRAM.build/Debug-iphonesimulator/MyRAMUITests.build/MyRAMUITests-all-non-framework-target-headers.hmap -Xcc -ivfsoverlay -Xcc /tmp/MYR175-AppClosure-iOS-DD/Build/Intermediates.noindex/MyRAM.build/Debug-iphonesimulator/MyRAM-98a9cbde253e8e955bc92731eb290203-VFS-iphonesimulator/all-product-headers.yaml -Xcc -iquote -Xcc /tmp/MYR175-AppClosure-iOS-DD/Build/Intermediates.noindex/MyRAM.build/Debug-iphonesimulator/MyRAMUITests.build/MyRAMUITests-project-headers.hmap -Xcc -I/tmp/MYR175-AppClosure-iOS-DD/Build/Products/Debug-iphonesimulator/include -Xcc -I/tmp/MYR175-AppClosure-iOS-DD/Build/Intermediates.noindex/MyRAM.build/Debug-iphonesimulator/MyRAMUITests.build/DerivedSources-normal/arm64 -Xcc -I/tmp/MYR175-AppClosure-iOS-DD/Build/Intermediates.noindex/MyRAM.build/Debug-iphonesimulator/MyRAMUITests.build/DerivedSources/arm64 -Xcc -I/tmp/MYR175-AppClosure-iOS-DD/Build/Intermediates.noindex/MyRAM.build/Debug-iphonesimulator/MyRAMUITests.build/DerivedSources -Xcc -DDEBUG\=1 -emit-objc-header -emit-objc-header-path /tmp/MYR175-AppClosure-iOS-DD/Build/Intermediates.noindex/MyRAM.build/Debug-iphonesimulator/MyRAMUITests.build/Objects-normal/arm64/MyRAMUITests-Swift.h -working-directory /Users/runner/work/MyRAM-iOS/MyRAM-iOS/MyRAM-iOS -experimental-emit-module-separately -disable-cmo

SwiftDriverJobDiscovery normal arm64 Emitting module for MyRAMTests (in target 'MyRAMTests' from project 'MyRAM')

SwiftDriver\ Compilation\ Requirements MyRAMTests normal arm64 com.apple.xcode.tools.swift.compiler (in target 'MyRAMTests' from project 'MyRAM')
    cd /Users/runner/work/MyRAM-iOS/MyRAM-iOS/MyRAM-iOS
    builtin-Swift-Compilation-Requirements -- /Applications/Xcode_26.5.app/Contents/Developer/Toolchains/XcodeDefault.xctoolchain/usr/bin/swiftc -module-name MyRAMTests -Onone @/tmp/MYR175-AppClosure-iOS-DD/Build/Intermediates.noindex/MyRAM.build/Debug-iphonesimulator/MyRAMTests.build/Objects-normal/arm64/MyRAMTests.SwiftFileList -DDEBUG -plugin-path /Applications/Xcode_26.5.app/Contents/Developer/Toolchains/XcodeDefault.xctoolchain/usr/lib/swift/host/plugins/testing -enable-bare-slash-regex -enable-experimental-feature DebugDescriptionMacro -sdk /Applications/Xcode_26.5.app/Contents/Developer/Platforms/iPhoneSimulator.platform/Developer/SDKs/iPhoneSimulator26.5.sdk -target arm64-apple-ios17.0-simulator -g -module-cache-path /tmp/MYR175-AppClosure-iOS-DD/ModuleCache.noindex -Xfrontend -serialize-debugging-options -enable-testing -index-store-path /tmp/MYR175-AppClosure-iOS-DD/Index.noindex/DataStore -Xcc -D_LIBCPP_HARDENING_MODE\=_LIBCPP_HARDENING_MODE_DEBUG -swift-version 5 -I /tmp/MYR175-AppClosure-iOS-DD/Build/Products/Debug-iphonesimulator -Isystem /Applications/Xcode_26.5.app/Contents/Developer/Platforms/iPhoneSimulator.platform/Developer/usr/lib -F /tmp/MYR175-AppClosure-iOS-DD/Build/Products/Debug-iphonesimulator/PackageFrameworks -F /tmp/MYR175-AppClosure-iOS-DD/Build/Products/Debug-iphonesimulator/PackageFrameworks -F /tmp/MYR175-AppClosure-iOS-DD/Build/Products/Debug-iphonesimulator/PackageFrameworks -F /tmp/MYR175-AppClosure-iOS-DD/Build/Products/Debug-iphonesimulator -F /Applications/Xcode_26.5.app/Contents/Developer/Platforms/iPhoneSimulator.platform/Developer/Library/Frameworks -F /Applications/Xcode_26.5.app/Contents/Developer/Platforms/iPhoneSimulator.platform/Developer/SDKs/iPhoneSimulator26.5.sdk/Developer/Library/Frameworks -c -j3 -enable-batch-mode -incremental -Xcc -ivfsstatcache -Xcc /tmp/MYR175-AppClosure-iOS-DD/SDKStatCaches.noindex/iphonesimulator26.5-23F73-688ef53f1462e2c8f657fdc38a81448ffb7d586738ff35573a713a18216ade27.sdkstatcache -output-file-map /tmp/MYR175-AppClosure-iOS-DD/Build/Intermediates.noindex/MyRAM.build/Debug-iphonesimulator/MyRAMTests.build/Objects-normal/arm64/MyRAMTests-OutputFileMap.json -use-frontend-parseable-output -save-temps -no-color-diagnostics -explicit-module-build -module-cache-path /tmp/MYR175-AppClosure-iOS-DD/Build/Intermediates.noindex/SwiftExplicitPrecompiledModules -clang-scanner-module-cache-path /tmp/MYR175-AppClosure-iOS-DD/ModuleCache.noindex -sdk-module-cache-path /tmp/MYR175-AppClosure-iOS-DD/ModuleCache.noindex -serialize-diagnostics -emit-dependencies -emit-module -emit-module-path /tmp/MYR175-AppClosure-iOS-DD/Build/Intermediates.noindex/MyRAM.build/Debug-iphonesimulator/MyRAMTests.build/Objects-normal/arm64/MyRAMTests.swiftmodule -validate-clang-modules-once -clang-build-session-file /tmp/MYR175-AppClosure-iOS-DD/ModuleCache.noindex/Session.modulevalidation -Xcc -I/tmp/MYR175-AppClosure-iOS-DD/Build/Intermediates.noindex/MyRAM.build/Debug-iphonesimulator/MyRAMTests.build/swift-overrides.hmap -emit-const-values -Xfrontend -const-gather-protocols-file -Xfrontend /tmp/MYR175-AppClosure-iOS-DD/Build/Intermediates.noindex/MyRAM.build/Debug-iphonesimulator/MyRAMTests.build/Objects-normal/arm64/MyRAMTests_const_extract_protocols.json -Xcc -iquote -Xcc /tmp/MYR175-AppClosure-iOS-DD/Build/Intermediates.noindex/MyRAM.build/Debug-iphonesimulator/MyRAMTests.build/MyRAMTests-generated-files.hmap -Xcc -I/tmp/MYR175-AppClosure-iOS-DD/Build/Intermediates.noindex/MyRAM.build/Debug-iphonesimulator/MyRAMTests.build/MyRAMTests-own-target-headers.hmap -Xcc -I/tmp/MYR175-AppClosure-iOS-DD/Build/Intermediates.noindex/MyRAM.build/Debug-iphonesimulator/MyRAMTests.build/MyRAMTests-all-non-framework-target-headers.hmap -Xcc -ivfsoverlay -Xcc /tmp/MYR175-AppClosure-iOS-DD/Build/Intermediates.noindex/MyRAM.build/Debug-iphonesimulator/MyRAM-98a9cbde253e8e955bc92731eb290203-VFS-iphonesimulator/all-product-headers.yaml -Xcc -iquote -Xcc /tmp/MYR175-AppClosure-iOS-DD/Build/Intermediates.noindex/MyRAM.build/Debug-iphonesimulator/MyRAMTests.build/MyRAMTests-project-headers.hmap -Xcc -I/tmp/MYR175-AppClosure-iOS-DD/Build/Products/Debug-iphonesimulator/include -Xcc -I/tmp/MYR175-AppClosure-iOS-DD/Build/Intermediates.noindex/MyRAM.build/Debug-iphonesimulator/MyRAMTests.build/DerivedSources-normal/arm64 -Xcc -I/tmp/MYR175-AppClosure-iOS-DD/Build/Intermediates.noindex/MyRAM.build/Debug-iphonesimulator/MyRAMTests.build/DerivedSources/arm64 -Xcc -I/tmp/MYR175-AppClosure-iOS-DD/Build/Intermediates.noindex/MyRAM.build/Debug-iphonesimulator/MyRAMTests.build/DerivedSources -Xcc -DDEBUG\=1 -emit-objc-header -emit-objc-header-path /tmp/MYR175-AppClosure-iOS-DD/Build/Intermediates.noindex/MyRAM.build/Debug-iphonesimulator/MyRAMTests.build/Objects-normal/arm64/MyRAMTests-Swift.h -working-directory /Users/runner/work/MyRAM-iOS/MyRAM-iOS/MyRAM-iOS -experimental-emit-module-separately -disable-cmo

SwiftMergeGeneratedHeaders /tmp/MYR175-AppClosure-iOS-DD/Build/Intermediates.noindex/MyRAM.build/Debug-iphonesimulator/MyRAMUITests.build/DerivedSources/MyRAMUITests-Swift.h /tmp/MYR175-AppClosure-iOS-DD/Build/Intermediates.noindex/MyRAM.build/Debug-iphonesimulator/MyRAMUITests.build/Objects-normal/arm64/MyRAMUITests-Swift.h (in target 'MyRAMUITests' from project 'MyRAM')
    cd /Users/runner/work/MyRAM-iOS/MyRAM-iOS/MyRAM-iOS
    builtin-swiftHeaderTool -arch arm64 /tmp/MYR175-AppClosure-iOS-DD/Build/Intermediates.noindex/MyRAM.build/Debug-iphonesimulator/MyRAMUITests.build/Objects-normal/arm64/MyRAMUITests-Swift.h -o /tmp/MYR175-AppClosure-iOS-DD/Build/Intermediates.noindex/MyRAM.build/Debug-iphonesimulator/MyRAMUITests.build/DerivedSources/MyRAMUITests-Swift.h

Copy /tmp/MYR175-AppClosure-iOS-DD/Build/Products/Debug-iphonesimulator/MyRAMUITests.swiftmodule/arm64-apple-ios-simulator.swiftmodule /tmp/MYR175-AppClosure-iOS-DD/Build/Intermediates.noindex/MyRAM.build/Debug-iphonesimulator/MyRAMUITests.build/Objects-normal/arm64/MyRAMUITests.swiftmodule (in target 'MyRAMUITests' from project 'MyRAM')
    cd /Users/runner/work/MyRAM-iOS/MyRAM-iOS/MyRAM-iOS
    builtin-copy -exclude .DS_Store -exclude CVS -exclude .svn -exclude .git -exclude .hg -resolve-src-symlinks -rename /tmp/MYR175-AppClosure-iOS-DD/Build/Intermediates.noindex/MyRAM.build/Debug-iphonesimulator/MyRAMUITests.build/Objects-normal/arm64/MyRAMUITests.swiftmodule /tmp/MYR175-AppClosure-iOS-DD/Build/Products/Debug-iphonesimulator/MyRAMUITests.swiftmodule/arm64-apple-ios-simulator.swiftmodule

Copy /tmp/MYR175-AppClosure-iOS-DD/Build/Products/Debug-iphonesimulator/MyRAMUITests.swiftmodule/arm64-apple-ios-simulator.swiftdoc /tmp/MYR175-AppClosure-iOS-DD/Build/Intermediates.noindex/MyRAM.build/Debug-iphonesimulator/MyRAMUITests.build/Objects-normal/arm64/MyRAMUITests.swiftdoc (in target 'MyRAMUITests' from project 'MyRAM')
    cd /Users/runner/work/MyRAM-iOS/MyRAM-iOS/MyRAM-iOS
    builtin-copy -exclude .DS_Store -exclude CVS -exclude .svn -exclude .git -exclude .hg -resolve-src-symlinks -rename /tmp/MYR175-AppClosure-iOS-DD/Build/Intermediates.noindex/MyRAM.build/Debug-iphonesimulator/MyRAMUITests.build/Objects-normal/arm64/MyRAMUITests.swiftdoc /tmp/MYR175-AppClosure-iOS-DD/Build/Products/Debug-iphonesimulator/MyRAMUITests.swiftmodule/arm64-apple-ios-simulator.swiftdoc

Copy /tmp/MYR175-AppClosure-iOS-DD/Build/Products/Debug-iphonesimulator/MyRAMUITests.swiftmodule/arm64-apple-ios-simulator.abi.json /tmp/MYR175-AppClosure-iOS-DD/Build/Intermediates.noindex/MyRAM.build/Debug-iphonesimulator/MyRAMUITests.build/Objects-normal/arm64/MyRAMUITests.abi.json (in target 'MyRAMUITests' from project 'MyRAM')
    cd /Users/runner/work/MyRAM-iOS/MyRAM-iOS/MyRAM-iOS
    builtin-copy -exclude .DS_Store -exclude CVS -exclude .svn -exclude .git -exclude .hg -resolve-src-symlinks -rename /tmp/MYR175-AppClosure-iOS-DD/Build/Intermediates.noindex/MyRAM.build/Debug-iphonesimulator/MyRAMUITests.build/Objects-normal/arm64/MyRAMUITests.abi.json /tmp/MYR175-AppClosure-iOS-DD/Build/Products/Debug-iphonesimulator/MyRAMUITests.swiftmodule/arm64-apple-ios-simulator.abi.json

Copy /tmp/MYR175-AppClosure-iOS-DD/Build/Products/Debug-iphonesimulator/MyRAMUITests.swiftmodule/Project/arm64-apple-ios-simulator.swiftsourceinfo /tmp/MYR175-AppClosure-iOS-DD/Build/Intermediates.noindex/MyRAM.build/Debug-iphonesimulator/MyRAMUITests.build/Objects-normal/arm64/MyRAMUITests.swiftsourceinfo (in target 'MyRAMUITests' from project 'MyRAM')
    cd /Users/runner/work/MyRAM-iOS/MyRAM-iOS/MyRAM-iOS
    builtin-copy -exclude .DS_Store -exclude CVS -exclude .svn -exclude .git -exclude .hg -resolve-src-symlinks -rename /tmp/MYR175-AppClosure-iOS-DD/Build/Intermediates.noindex/MyRAM.build/Debug-iphonesimulator/MyRAMUITests.build/Objects-normal/arm64/MyRAMUITests.swiftsourceinfo /tmp/MYR175-AppClosure-iOS-DD/Build/Products/Debug-iphonesimulator/MyRAMUITests.swiftmodule/Project/arm64-apple-ios-simulator.swiftsourceinfo

SwiftMergeGeneratedHeaders /tmp/MYR175-AppClosure-iOS-DD/Build/Intermediates.noindex/MyRAM.build/Debug-iphonesimulator/MyRAMTests.build/DerivedSources/MyRAMTests-Swift.h /tmp/MYR175-AppClosure-iOS-DD/Build/Intermediates.noindex/MyRAM.build/Debug-iphonesimulator/MyRAMTests.build/Objects-normal/arm64/MyRAMTests-Swift.h (in target 'MyRAMTests' from project 'MyRAM')
    cd /Users/runner/work/MyRAM-iOS/MyRAM-iOS/MyRAM-iOS
    builtin-swiftHeaderTool -arch arm64 /tmp/MYR175-AppClosure-iOS-DD/Build/Intermediates.noindex/MyRAM.build/Debug-iphonesimulator/MyRAMTests.build/Objects-normal/arm64/MyRAMTests-Swift.h -o /tmp/MYR175-AppClosure-iOS-DD/Build/Intermediates.noindex/MyRAM.build/Debug-iphonesimulator/MyRAMTests.build/DerivedSources/MyRAMTests-Swift.h

Copy /tmp/MYR175-AppClosure-iOS-DD/Build/Products/Debug-iphonesimulator/MyRAMTests.swiftmodule/arm64-apple-ios-simulator.swiftmodule /tmp/MYR175-AppClosure-iOS-DD/Build/Intermediates.noindex/MyRAM.build/Debug-iphonesimulator/MyRAMTests.build/Objects-normal/arm64/MyRAMTests.swiftmodule (in target 'MyRAMTests' from project 'MyRAM')
    cd /Users/runner/work/MyRAM-iOS/MyRAM-iOS/MyRAM-iOS
    builtin-copy -exclude .DS_Store -exclude CVS -exclude .svn -exclude .git -exclude .hg -resolve-src-symlinks -rename /tmp/MYR175-AppClosure-iOS-DD/Build/Intermediates.noindex/MyRAM.build/Debug-iphonesimulator/MyRAMTests.build/Objects-normal/arm64/MyRAMTests.swiftmodule /tmp/MYR175-AppClosure-iOS-DD/Build/Products/Debug-iphonesimulator/MyRAMTests.swiftmodule/arm64-apple-ios-simulator.swiftmodule

Copy /tmp/MYR175-AppClosure-iOS-DD/Build/Products/Debug-iphonesimulator/MyRAMTests.swiftmodule/arm64-apple-ios-simulator.swiftdoc /tmp/MYR175-AppClosure-iOS-DD/Build/Intermediates.noindex/MyRAM.build/Debug-iphonesimulator/MyRAMTests.build/Objects-normal/arm64/MyRAMTests.swiftdoc (in target 'MyRAMTests' from project 'MyRAM')
    cd /Users/runner/work/MyRAM-iOS/MyRAM-iOS/MyRAM-iOS
    builtin-copy -exclude .DS_Store -exclude CVS -exclude .svn -exclude .git -exclude .hg -resolve-src-symlinks -rename /tmp/MYR175-AppClosure-iOS-DD/Build/Intermediates.noindex/MyRAM.build/Debug-iphonesimulator/MyRAMTests.build/Objects-normal/arm64/MyRAMTests.swiftdoc /tmp/MYR175-AppClosure-iOS-DD/Build/Products/Debug-iphonesimulator/MyRAMTests.swiftmodule/arm64-apple-ios-simulator.swiftdoc

Copy /tmp/MYR175-AppClosure-iOS-DD/Build/Products/Debug-iphonesimulator/MyRAMTests.swiftmodule/arm64-apple-ios-simulator.abi.json /tmp/MYR175-AppClosure-iOS-DD/Build/Intermediates.noindex/MyRAM.build/Debug-iphonesimulator/MyRAMTests.build/Objects-normal/arm64/MyRAMTests.abi.json (in target 'MyRAMTests' from project 'MyRAM')
    cd /Users/runner/work/MyRAM-iOS/MyRAM-iOS/MyRAM-iOS
    builtin-copy -exclude .DS_Store -exclude CVS -exclude .svn -exclude .git -exclude .hg -resolve-src-symlinks -rename /tmp/MYR175-AppClosure-iOS-DD/Build/Intermediates.noindex/MyRAM.build/Debug-iphonesimulator/MyRAMTests.build/Objects-normal/arm64/MyRAMTests.abi.json /tmp/MYR175-AppClosure-iOS-DD/Build/Products/Debug-iphonesimulator/MyRAMTests.swiftmodule/arm64-apple-ios-simulator.abi.json

Copy /tmp/MYR175-AppClosure-iOS-DD/Build/Products/Debug-iphonesimulator/MyRAMTests.swiftmodule/Project/arm64-apple-ios-simulator.swiftsourceinfo /tmp/MYR175-AppClosure-iOS-DD/Build/Intermediates.noindex/MyRAM.build/Debug-iphonesimulator/MyRAMTests.build/Objects-normal/arm64/MyRAMTests.swiftsourceinfo (in target 'MyRAMTests' from project 'MyRAM')
    cd /Users/runner/work/MyRAM-iOS/MyRAM-iOS/MyRAM-iOS
    builtin-copy -exclude .DS_Store -exclude CVS -exclude .svn -exclude .git -exclude .hg -resolve-src-symlinks -rename /tmp/MYR175-AppClosure-iOS-DD/Build/Intermediates.noindex/MyRAM.build/Debug-iphonesimulator/MyRAMTests.build/Objects-normal/arm64/MyRAMTests.swiftsourceinfo /tmp/MYR175-AppClosure-iOS-DD/Build/Products/Debug-iphonesimulator/MyRAMTests.swiftmodule/Project/arm64-apple-ios-simulator.swiftsourceinfo

SwiftCompile normal arm64 Compiling\ MarkdownPreviewUITests.swift /Users/runner/work/MyRAM-iOS/MyRAM-iOS/MyRAM-iOS/MyRAMUITests/MarkdownPreviewUITests.swift (in target 'MyRAMUITests' from project 'MyRAM')

SwiftCompile normal arm64 /Users/runner/work/MyRAM-iOS/MyRAM-iOS/MyRAM-iOS/MyRAMUITests/MarkdownPreviewUITests.swift (in target 'MyRAMUITests' from project 'MyRAM')
    cd /Users/runner/work/MyRAM-iOS/MyRAM-iOS/MyRAM-iOS
    

SwiftCompile normal arm64 Compiling\ MyRAMUITests.swift /Users/runner/work/MyRAM-iOS/MyRAM-iOS/MyRAM-iOS/MyRAMUITests/MyRAMUITests.swift (in target 'MyRAMUITests' from project 'MyRAM')

SwiftCompile normal arm64 /Users/runner/work/MyRAM-iOS/MyRAM-iOS/MyRAM-iOS/MyRAMUITests/MyRAMUITests.swift (in target 'MyRAMUITests' from project 'MyRAM')
    cd /Users/runner/work/MyRAM-iOS/MyRAM-iOS/MyRAM-iOS
    

SwiftDriverJobDiscovery normal arm64 Compiling MarkdownPreviewUITests.swift (in target 'MyRAMUITests' from project 'MyRAM')

SwiftCompile normal arm64 Compiling\ MyRAMUITestsLaunchTests.swift /Users/runner/work/MyRAM-iOS/MyRAM-iOS/MyRAM-iOS/MyRAMUITests/MyRAMUITestsLaunchTests.swift (in target 'MyRAMUITests' from project 'MyRAM')

SwiftCompile normal arm64 /Users/runner/work/MyRAM-iOS/MyRAM-iOS/MyRAM-iOS/MyRAMUITests/MyRAMUITestsLaunchTests.swift (in target 'MyRAMUITests' from project 'MyRAM')
    cd /Users/runner/work/MyRAM-iOS/MyRAM-iOS/MyRAM-iOS
    

SwiftDriverJobDiscovery normal arm64 Compiling SwiftDataSyncConvergencePostCommitStore.swift, SyncConvergencePostCommitExecutor.swift, SyncConvergenceLocalObligation.swift, FileBackedSyncConvergenceLocalObligationQueue.swift, SyncConvergenceDrainPassScheduler.swift, SyncConvergenceRuntime.swift, SyncBatchUnsentQueue.swift, FileBackedSyncBatchQueue.swift, NotesViewModel.swift, MyRAMSyncModels.swift, MyRAMApp.swift, MyRAMSchema.swift, Note.swift, MyRAMSyncChangeApplier.swift, MyRAMLegacySyncChangeValidator.swift, MyRAMSyncConflictService.swift, SyncConflictStore.swift, Folder.swift, MyRAMDeviceIdentity.swift, MyRAMLegacySyncPayloadBuilder.swift, PendingSyncStatus.swift, PendingSyncRecoveryCoordinator.swift, MyRAMWidgetContentSelectionPolicy.swift (in target 'MyRAM' from project 'MyRAM')

SwiftCompile normal arm64 Compiling\ SyncBatchEnvelopeV2Tests.swift,\ SyncBatchPeerCapabilityTests.swift,\ SyncBatchTransportAdmissionPlannerTests.swift,\ SyncConvergenceFoundationTests.swift,\ SyncConvergencePlanningTests.swift,\ SyncConvergenceRewriteSafetyPolicyTests.swift,\ SyncConvergenceIncorporationTests.swift,\ SyncConvergencePostCommitTests.swift,\ SyncConvergencePostCommitTestDoubles.swift,\ SyncConvergenceIdentityTestSupport.swift,\ IncrementalEditIntegrationTests.swift,\ ExplicitDeleteProvenanceTests.swift,\ PendingSyncRecoveryTests.swift /Users/runner/work/MyRAM-iOS/MyRAM-iOS/MyRAM-iOS/MyRAMTests/SyncBatchEnvelopeV2Tests.swift /Users/runner/work/MyRAM-iOS/MyRAM-iOS/MyRAM-iOS/MyRAMTests/SyncBatchPeerCapabilityTests.swift /Users/runner/work/MyRAM-iOS/MyRAM-iOS/MyRAM-iOS/MyRAMTests/SyncBatchTransportAdmissionPlannerTests.swift /Users/runner/work/MyRAM-iOS/MyRAM-iOS/MyRAM-iOS/MyRAMTests/SyncConvergenceFoundationTests.swift /Users/runner/work/MyRAM-iOS/MyRAM-iOS/MyRAM-iOS/MyRAMTests/SyncConvergencePlanningTests.swift /Users/runner/work/MyRAM-iOS/MyRAM-iOS/MyRAM-iOS/MyRAMTests/SyncConvergenceRewriteSafetyPolicyTests.swift /Users/runner/work/MyRAM-iOS/MyRAM-iOS/MyRAM-iOS/MyRAMTests/SyncConvergenceIncorporationTests.swift /Users/runner/work/MyRAM-iOS/MyRAM-iOS/MyRAM-iOS/MyRAMTests/SyncConvergencePostCommitTests.swift /Users/runner/work/MyRAM-iOS/MyRAM-iOS/MyRAM-iOS/MyRAMTests/SyncConvergencePostCommitTestDoubles.swift /Users/runner/work/MyRAM-iOS/MyRAM-iOS/MyRAM-iOS/MyRAMTests/SyncConvergenceIdentityTestSupport.swift /Users/runner/work/MyRAM-iOS/MyRAM-iOS/MyRAM-iOS/MyRAMTests/IncrementalEditIntegrationTests.swift /Users/runner/work/MyRAM-iOS/MyRAM-iOS/MyRAM-iOS/MyRAMTests/ExplicitDeleteProvenanceTests.swift /Users/runner/work/MyRAM-iOS/MyRAM-iOS/MyRAM-iOS/MyRAMTests/PendingSyncRecoveryTests.swift (in target 'MyRAMTests' from project 'MyRAM')
SwiftCompile normal arm64 /Users/runner/work/MyRAM-iOS/MyRAM-iOS/MyRAM-iOS/MyRAMTests/SyncBatchEnvelopeV2Tests.swift (in target 'MyRAMTests' from project 'MyRAM')
    cd /Users/runner/work/MyRAM-iOS/MyRAM-iOS/MyRAM-iOS
    

SwiftCompile normal arm64 /Users/runner/work/MyRAM-iOS/MyRAM-iOS/MyRAM-iOS/MyRAMTests/SyncBatchPeerCapabilityTests.swift (in target 'MyRAMTests' from project 'MyRAM')
    cd /Users/runner/work/MyRAM-iOS/MyRAM-iOS/MyRAM-iOS
    

SwiftCompile normal arm64 /Users/runner/work/MyRAM-iOS/MyRAM-iOS/MyRAM-iOS/MyRAMTests/SyncBatchTransportAdmissionPlannerTests.swift (in target 'MyRAMTests' from project 'MyRAM')
    cd /Users/runner/work/MyRAM-iOS/MyRAM-iOS/MyRAM-iOS
    

SwiftCompile normal arm64 /Users/runner/work/MyRAM-iOS/MyRAM-iOS/MyRAM-iOS/MyRAMTests/SyncConvergenceFoundationTests.swift (in target 'MyRAMTests' from project 'MyRAM')
    cd /Users/runner/work/MyRAM-iOS/MyRAM-iOS/MyRAM-iOS
    

SwiftCompile normal arm64 /Users/runner/work/MyRAM-iOS/MyRAM-iOS/MyRAM-iOS/MyRAMTests/SyncConvergencePlanningTests.swift (in target 'MyRAMTests' from project 'MyRAM')
    cd /Users/runner/work/MyRAM-iOS/MyRAM-iOS/MyRAM-iOS
    

SwiftCompile normal arm64 /Users/runner/work/MyRAM-iOS/MyRAM-iOS/MyRAM-iOS/MyRAMTests/SyncConvergenceRewriteSafetyPolicyTests.swift (in target 'MyRAMTests' from project 'MyRAM')
    cd /Users/runner/work/MyRAM-iOS/MyRAM-iOS/MyRAM-iOS
    

SwiftCompile normal arm64 /Users/runner/work/MyRAM-iOS/MyRAM-iOS/MyRAM-iOS/MyRAMTests/SyncConvergenceIncorporationTests.swift (in target 'MyRAMTests' from project 'MyRAM')
    cd /Users/runner/work/MyRAM-iOS/MyRAM-iOS/MyRAM-iOS
    

SwiftCompile normal arm64 /Users/runner/work/MyRAM-iOS/MyRAM-iOS/MyRAM-iOS/MyRAMTests/SyncConvergencePostCommitTests.swift (in target 'MyRAMTests' from project 'MyRAM')
    cd /Users/runner/work/MyRAM-iOS/MyRAM-iOS/MyRAM-iOS
    

SwiftCompile normal arm64 /Users/runner/work/MyRAM-iOS/MyRAM-iOS/MyRAM-iOS/MyRAMTests/SyncConvergencePostCommitTestDoubles.swift (in target 'MyRAMTests' from project 'MyRAM')
    cd /Users/runner/work/MyRAM-iOS/MyRAM-iOS/MyRAM-iOS
    

SwiftCompile normal arm64 /Users/runner/work/MyRAM-iOS/MyRAM-iOS/MyRAM-iOS/MyRAMTests/SyncConvergenceIdentityTestSupport.swift (in target 'MyRAMTests' from project 'MyRAM')
    cd /Users/runner/work/MyRAM-iOS/MyRAM-iOS/MyRAM-iOS
    

SwiftCompile normal arm64 /Users/runner/work/MyRAM-iOS/MyRAM-iOS/MyRAM-iOS/MyRAMTests/IncrementalEditIntegrationTests.swift (in target 'MyRAMTests' from project 'MyRAM')
    cd /Users/runner/work/MyRAM-iOS/MyRAM-iOS/MyRAM-iOS
    

SwiftCompile normal arm64 /Users/runner/work/MyRAM-iOS/MyRAM-iOS/MyRAM-iOS/MyRAMTests/ExplicitDeleteProvenanceTests.swift (in target 'MyRAMTests' from project 'MyRAM')
    cd /Users/runner/work/MyRAM-iOS/MyRAM-iOS/MyRAM-iOS
    

SwiftCompile normal arm64 /Users/runner/work/MyRAM-iOS/MyRAM-iOS/MyRAM-iOS/MyRAMTests/PendingSyncRecoveryTests.swift (in target 'MyRAMTests' from project 'MyRAM')
    cd /Users/runner/work/MyRAM-iOS/MyRAM-iOS/MyRAM-iOS
    

SwiftDriverJobDiscovery normal arm64 Compiling MyRAMUITests.swift (in target 'MyRAMUITests' from project 'MyRAM')

SwiftCompile normal arm64 Compiling\ MyRAMWidgetHostTests.swift,\ MarkdownFileIOTests.swift,\ MarkdownFileOperationBoundaryTests.swift,\ MarkdownImportIntegrationTests.swift,\ MarkdownPreviewParserTests.swift,\ MarkdownPreviewIntegrationTests.swift,\ MarkdownPreviewUIKitHarnessTests.swift,\ SwiftDataNoteSequenceStateStoreTests.swift,\ NoteSequenceStateFullBodyIntegrationTests.swift,\ NoteSequenceStateBootstrapMigratorTests.swift,\ MYR170FullBodyPathIntegrationTests.swift,\ MyRAMSyncOperationIDAllocatorTests.swift,\ SyncBatchPayloadCompatibilityTests.swift,\ SyncBatchAnchoredPayloadTests.swift /Users/runner/work/MyRAM-iOS/MyRAM-iOS/MyRAM-iOS/MyRAMTests/MyRAMWidgetHostTests.swift /Users/runner/work/MyRAM-iOS/MyRAM-iOS/MyRAM-iOS/MyRAMTests/MarkdownFileIOTests.swift /Users/runner/work/MyRAM-iOS/MyRAM-iOS/MyRAM-iOS/MyRAMTests/MarkdownFileOperationBoundaryTests.swift /Users/runner/work/MyRAM-iOS/MyRAM-iOS/MyRAM-iOS/MyRAMTests/MarkdownImportIntegrationTests.swift /Users/runner/work/MyRAM-iOS/MyRAM-iOS/MyRAM-iOS/MyRAMTests/MarkdownPreviewParserTests.swift /Users/runner/work/MyRAM-iOS/MyRAM-iOS/MyRAM-iOS/MyRAMTests/MarkdownPreviewIntegrationTests.swift /Users/runner/work/MyRAM-iOS/MyRAM-iOS/MyRAM-iOS/MyRAMTests/MarkdownPreviewUIKitHarnessTests.swift /Users/runner/work/MyRAM-iOS/MyRAM-iOS/MyRAM-iOS/MyRAMTests/SwiftDataNoteSequenceStateStoreTests.swift /Users/runner/work/MyRAM-iOS/MyRAM-iOS/MyRAM-iOS/MyRAMTests/NoteSequenceStateFullBodyIntegrationTests.swift /Users/runner/work/MyRAM-iOS/MyRAM-iOS/MyRAM-iOS/MyRAMTests/NoteSequenceStateBootstrapMigratorTests.swift /Users/runner/work/MyRAM-iOS/MyRAM-iOS/MyRAM-iOS/MyRAMTests/MYR170FullBodyPathIntegrationTests.swift /Users/runner/work/MyRAM-iOS/MyRAM-iOS/MyRAM-iOS/MyRAMTests/MyRAMSyncOperationIDAllocatorTests.swift /Users/runner/work/MyRAM-iOS/MyRAM-iOS/MyRAM-iOS/MyRAMTests/SyncBatchPayloadCompatibilityTests.swift /Users/runner/work/MyRAM-iOS/MyRAM-iOS/MyRAM-iOS/MyRAMTests/SyncBatchAnchoredPayloadTests.swift (in target 'MyRAMTests' from project 'MyRAM')

SwiftCompile normal arm64 /Users/runner/work/MyRAM-iOS/MyRAM-iOS/MyRAM-iOS/MyRAMTests/MyRAMWidgetHostTests.swift (in target 'MyRAMTests' from project 'MyRAM')
    cd /Users/runner/work/MyRAM-iOS/MyRAM-iOS/MyRAM-iOS
    

SwiftCompile normal arm64 /Users/runner/work/MyRAM-iOS/MyRAM-iOS/MyRAM-iOS/MyRAMTests/MarkdownFileIOTests.swift (in target 'MyRAMTests' from project 'MyRAM')
    cd /Users/runner/work/MyRAM-iOS/MyRAM-iOS/MyRAM-iOS
    

SwiftCompile normal arm64 /Users/runner/work/MyRAM-iOS/MyRAM-iOS/MyRAM-iOS/MyRAMTests/MarkdownFileOperationBoundaryTests.swift (in target 'MyRAMTests' from project 'MyRAM')
    cd /Users/runner/work/MyRAM-iOS/MyRAM-iOS/MyRAM-iOS
    

SwiftCompile normal arm64 /Users/runner/work/MyRAM-iOS/MyRAM-iOS/MyRAM-iOS/MyRAMTests/MarkdownImportIntegrationTests.swift (in target 'MyRAMTests' from project 'MyRAM')
    cd /Users/runner/work/MyRAM-iOS/MyRAM-iOS/MyRAM-iOS
    

SwiftCompile normal arm64 /Users/runner/work/MyRAM-iOS/MyRAM-iOS/MyRAM-iOS/MyRAMTests/MarkdownPreviewParserTests.swift (in target 'MyRAMTests' from project 'MyRAM')
    cd /Users/runner/work/MyRAM-iOS/MyRAM-iOS/MyRAM-iOS
    

SwiftCompile normal arm64 /Users/runner/work/MyRAM-iOS/MyRAM-iOS/MyRAM-iOS/MyRAMTests/MarkdownPreviewIntegrationTests.swift (in target 'MyRAMTests' from project 'MyRAM')
    cd /Users/runner/work/MyRAM-iOS/MyRAM-iOS/MyRAM-iOS
    

SwiftCompile normal arm64 /Users/runner/work/MyRAM-iOS/MyRAM-iOS/MyRAM-iOS/MyRAMTests/MarkdownPreviewUIKitHarnessTests.swift (in target 'MyRAMTests' from project 'MyRAM')
    cd /Users/runner/work/MyRAM-iOS/MyRAM-iOS/MyRAM-iOS
    

SwiftCompile normal arm64 /Users/runner/work/MyRAM-iOS/MyRAM-iOS/MyRAM-iOS/MyRAMTests/SwiftDataNoteSequenceStateStoreTests.swift (in target 'MyRAMTests' from project 'MyRAM')
    cd /Users/runner/work/MyRAM-iOS/MyRAM-iOS/MyRAM-iOS
    

SwiftCompile normal arm64 /Users/runner/work/MyRAM-iOS/MyRAM-iOS/MyRAM-iOS/MyRAMTests/NoteSequenceStateFullBodyIntegrationTests.swift (in target 'MyRAMTests' from project 'MyRAM')
    cd /Users/runner/work/MyRAM-iOS/MyRAM-iOS/MyRAM-iOS
    

SwiftCompile normal arm64 /Users/runner/work/MyRAM-iOS/MyRAM-iOS/MyRAM-iOS/MyRAMTests/NoteSequenceStateBootstrapMigratorTests.swift (in target 'MyRAMTests' from project 'MyRAM')
    cd /Users/runner/work/MyRAM-iOS/MyRAM-iOS/MyRAM-iOS
    

SwiftCompile normal arm64 /Users/runner/work/MyRAM-iOS/MyRAM-iOS/MyRAM-iOS/MyRAMTests/MYR170FullBodyPathIntegrationTests.swift (in target 'MyRAMTests' from project 'MyRAM')
    cd /Users/runner/work/MyRAM-iOS/MyRAM-iOS/MyRAM-iOS
    

SwiftCompile normal arm64 /Users/runner/work/MyRAM-iOS/MyRAM-iOS/MyRAM-iOS/MyRAMTests/MyRAMSyncOperationIDAllocatorTests.swift (in target 'MyRAMTests' from project 'MyRAM')
    cd /Users/runner/work/MyRAM-iOS/MyRAM-iOS/MyRAM-iOS
    

SwiftCompile normal arm64 /Users/runner/work/MyRAM-iOS/MyRAM-iOS/MyRAM-iOS/MyRAMTests/SyncBatchPayloadCompatibilityTests.swift (in target 'MyRAMTests' from project 'MyRAM')
    cd /Users/runner/work/MyRAM-iOS/MyRAM-iOS/MyRAM-iOS
    

SwiftCompile normal arm64 /Users/runner/work/MyRAM-iOS/MyRAM-iOS/MyRAM-iOS/MyRAMTests/SyncBatchAnchoredPayloadTests.swift (in target 'MyRAMTests' from project 'MyRAM')
    cd /Users/runner/work/MyRAM-iOS/MyRAM-iOS/MyRAM-iOS
    

SwiftDriverJobDiscovery normal arm64 Compiling MyRAMUITestsLaunchTests.swift (in target 'MyRAMUITests' from project 'MyRAM')

SwiftDriver\ Compilation MyRAMUITests normal arm64 com.apple.xcode.tools.swift.compiler (in target 'MyRAMUITests' from project 'MyRAM')
    cd /Users/runner/work/MyRAM-iOS/MyRAM-iOS/MyRAM-iOS
    builtin-Swift-Compilation -- /Applications/Xcode_26.5.app/Contents/Developer/Toolchains/XcodeDefault.xctoolchain/usr/bin/swiftc -module-name MyRAMUITests -Onone @/tmp/MYR175-AppClosure-iOS-DD/Build/Intermediates.noindex/MyRAM.build/Debug-iphonesimulator/MyRAMUITests.build/Objects-normal/arm64/MyRAMUITests.SwiftFileList -DDEBUG -module-alias Testing\=_Testing_Unavailable -plugin-path /Applications/Xcode_26.5.app/Contents/Developer/Toolchains/XcodeDefault.xctoolchain/usr/lib/swift/host/plugins/testing -enable-bare-slash-regex -enable-experimental-feature DebugDescriptionMacro -sdk /Applications/Xcode_26.5.app/Contents/Developer/Platforms/iPhoneSimulator.platform/Developer/SDKs/iPhoneSimulator26.5.sdk -target arm64-apple-ios17.0-simulator -g -module-cache-path /tmp/MYR175-AppClosure-iOS-DD/ModuleCache.noindex -Xfrontend -serialize-debugging-options -enable-testing -index-store-path /tmp/MYR175-AppClosure-iOS-DD/Index.noindex/DataStore -Xcc -D_LIBCPP_HARDENING_MODE\=_LIBCPP_HARDENING_MODE_DEBUG -swift-version 5 -I /tmp/MYR175-AppClosure-iOS-DD/Build/Products/Debug-iphonesimulator -Isystem /Applications/Xcode_26.5.app/Contents/Developer/Platforms/iPhoneSimulator.platform/Developer/usr/lib -F /tmp/MYR175-AppClosure-iOS-DD/Build/Products/Debug-iphonesimulator -F /Applications/Xcode_26.5.app/Contents/Developer/Platforms/iPhoneSimulator.platform/Developer/Library/Frameworks -F /Applications/Xcode_26.5.app/Contents/Developer/Platforms/iPhoneSimulator.platform/Developer/SDKs/iPhoneSimulator26.5.sdk/Developer/Library/Frameworks -c -j3 -enable-batch-mode -incremental -Xcc -ivfsstatcache -Xcc /tmp/MYR175-AppClosure-iOS-DD/SDKStatCaches.noindex/iphonesimulator26.5-23F73-688ef53f1462e2c8f657fdc38a81448ffb7d586738ff35573a713a18216ade27.sdkstatcache -output-file-map /tmp/MYR175-AppClosure-iOS-DD/Build/Intermediates.noindex/MyRAM.build/Debug-iphonesimulator/MyRAMUITests.build/Objects-normal/arm64/MyRAMUITests-OutputFileMap.json -use-frontend-parseable-output -save-temps -no-color-diagnostics -explicit-module-build -module-cache-path /tmp/MYR175-AppClosure-iOS-DD/Build/Intermediates.noindex/SwiftExplicitPrecompiledModules -clang-scanner-module-cache-path /tmp/MYR175-AppClosure-iOS-DD/ModuleCache.noindex -sdk-module-cache-path /tmp/MYR175-AppClosure-iOS-DD/ModuleCache.noindex -serialize-diagnostics -emit-dependencies -emit-module -emit-module-path /tmp/MYR175-AppClosure-iOS-DD/Build/Intermediates.noindex/MyRAM.build/Debug-iphonesimulator/MyRAMUITests.build/Objects-normal/arm64/MyRAMUITests.swiftmodule -validate-clang-modules-once -clang-build-session-file /tmp/MYR175-AppClosure-iOS-DD/ModuleCache.noindex/Session.modulevalidation -Xcc -I/tmp/MYR175-AppClosure-iOS-DD/Build/Intermediates.noindex/MyRAM.build/Debug-iphonesimulator/MyRAMUITests.build/swift-overrides.hmap -emit-const-values -Xfrontend -const-gather-protocols-file -Xfrontend /tmp/MYR175-AppClosure-iOS-DD/Build/Intermediates.noindex/MyRAM.build/Debug-iphonesimulator/MyRAMUITests.build/Objects-normal/arm64/MyRAMUITests_const_extract_protocols.json -Xcc -iquote -Xcc /tmp/MYR175-AppClosure-iOS-DD/Build/Intermediates.noindex/MyRAM.build/Debug-iphonesimulator/MyRAMUITests.build/MyRAMUITests-generated-files.hmap -Xcc -I/tmp/MYR175-AppClosure-iOS-DD/Build/Intermediates.noindex/MyRAM.build/Debug-iphonesimulator/MyRAMUITests.build/MyRAMUITests-own-target-headers.hmap -Xcc -I/tmp/MYR175-AppClosure-iOS-DD/Build/Intermediates.noindex/MyRAM.build/Debug-iphonesimulator/MyRAMUITests.build/MyRAMUITests-all-non-framework-target-headers.hmap -Xcc -ivfsoverlay -Xcc /tmp/MYR175-AppClosure-iOS-DD/Build/Intermediates.noindex/MyRAM.build/Debug-iphonesimulator/MyRAM-98a9cbde253e8e955bc92731eb290203-VFS-iphonesimulator/all-product-headers.yaml -Xcc -iquote -Xcc /tmp/MYR175-AppClosure-iOS-DD/Build/Intermediates.noindex/MyRAM.build/Debug-iphonesimulator/MyRAMUITests.build/MyRAMUITests-project-headers.hmap -Xcc -I/tmp/MYR175-AppClosure-iOS-DD/Build/Products/Debug-iphonesimulator/include -Xcc -I/tmp/MYR175-AppClosure-iOS-DD/Build/Intermediates.noindex/MyRAM.build/Debug-iphonesimulator/MyRAMUITests.build/DerivedSources-normal/arm64 -Xcc -I/tmp/MYR175-AppClosure-iOS-DD/Build/Intermediates.noindex/MyRAM.build/Debug-iphonesimulator/MyRAMUITests.build/DerivedSources/arm64 -Xcc -I/tmp/MYR175-AppClosure-iOS-DD/Build/Intermediates.noindex/MyRAM.build/Debug-iphonesimulator/MyRAMUITests.build/DerivedSources -Xcc -DDEBUG\=1 -emit-objc-header -emit-objc-header-path /tmp/MYR175-AppClosure-iOS-DD/Build/Intermediates.noindex/MyRAM.build/Debug-iphonesimulator/MyRAMUITests.build/Objects-normal/arm64/MyRAMUITests-Swift.h -working-directory /Users/runner/work/MyRAM-iOS/MyRAM-iOS/MyRAM-iOS -experimental-emit-module-separately -disable-cmo

SwiftDriverJobDiscovery normal arm64 Compiling MyRAMWidgetHostTests.swift, MarkdownFileIOTests.swift, MarkdownFileOperationBoundaryTests.swift, MarkdownImportIntegrationTests.swift, MarkdownPreviewParserTests.swift, MarkdownPreviewIntegrationTests.swift, MarkdownPreviewUIKitHarnessTests.swift, SwiftDataNoteSequenceStateStoreTests.swift, NoteSequenceStateFullBodyIntegrationTests.swift, NoteSequenceStateBootstrapMigratorTests.swift, MYR170FullBodyPathIntegrationTests.swift, MyRAMSyncOperationIDAllocatorTests.swift, SyncBatchPayloadCompatibilityTests.swift, SyncBatchAnchoredPayloadTests.swift (in target 'MyRAMTests' from project 'MyRAM')

SwiftCompile normal arm64 Compiling\ MyRAMSyncControllerTests.swift,\ SyncBatchUnsentQueueTests.swift,\ IPhoneSyncBatchAccumulatorTests.swift,\ IPhoneSyncBatchApplierTests.swift,\ ActiveEditorApplicationPolicyTests.swift,\ ActiveEditorSyncUpdateHandlerTests.swift,\ EditorSelectionMapperTests.swift,\ UIKitEditorSyncBridgeTests.swift,\ EditorFormattingMutationApplierTests.swift,\ EditorFocusSelectionPolicyTests.swift,\ EditorSearchSessionTests.swift,\ MyRAMTests.swift,\ MyRAMWidgetCoreTests.swift /Users/runner/work/MyRAM-iOS/MyRAM-iOS/MyRAM-iOS/MyRAMTests/MyRAMSyncControllerTests.swift /Users/runner/work/MyRAM-iOS/MyRAM-iOS/MyRAM-iOS/MyRAMTests/SyncBatchUnsentQueueTests.swift /Users/runner/work/MyRAM-iOS/MyRAM-iOS/MyRAM-iOS/MyRAMTests/IPhoneSyncBatchAccumulatorTests.swift /Users/runner/work/MyRAM-iOS/MyRAM-iOS/MyRAM-iOS/MyRAMTests/IPhoneSyncBatchApplierTests.swift /Users/runner/work/MyRAM-iOS/MyRAM-iOS/MyRAM-iOS/MyRAMTests/ActiveEditorApplicationPolicyTests.swift /Users/runner/work/MyRAM-iOS/MyRAM-iOS/MyRAM-iOS/MyRAMTests/ActiveEditorSyncUpdateHandlerTests.swift /Users/runner/work/MyRAM-iOS/MyRAM-iOS/MyRAM-iOS/MyRAMTests/EditorSelectionMapperTests.swift /Users/runner/work/MyRAM-iOS/MyRAM-iOS/MyRAM-iOS/MyRAMTests/UIKitEditorSyncBridgeTests.swift /Users/runner/work/MyRAM-iOS/MyRAM-iOS/MyRAM-iOS/MyRAMTests/EditorFormattingMutationApplierTests.swift /Users/runner/work/MyRAM-iOS/MyRAM-iOS/MyRAM-iOS/MyRAMTests/EditorFocusSelectionPolicyTests.swift /Users/runner/work/MyRAM-iOS/MyRAM-iOS/MyRAM-iOS/MyRAMTests/EditorSearchSessionTests.swift /Users/runner/work/MyRAM-iOS/MyRAM-iOS/MyRAM-iOS/MyRAMTests/MyRAMTests.swift /Users/runner/work/MyRAM-iOS/MyRAM-iOS/MyRAM-iOS/MyRAMTests/MyRAMWidgetCoreTests.swift (in target 'MyRAMTests' from project 'MyRAM')
SwiftCompile normal arm64 /Users/runner/work/MyRAM-iOS/MyRAM-iOS/MyRAM-iOS/MyRAMTests/MyRAMSyncControllerTests.swift (in target 'MyRAMTests' from project 'MyRAM')
    cd /Users/runner/work/MyRAM-iOS/MyRAM-iOS/MyRAM-iOS
    

SwiftCompile normal arm64 /Users/runner/work/MyRAM-iOS/MyRAM-iOS/MyRAM-iOS/MyRAMTests/SyncBatchUnsentQueueTests.swift (in target 'MyRAMTests' from project 'MyRAM')
    cd /Users/runner/work/MyRAM-iOS/MyRAM-iOS/MyRAM-iOS
    

SwiftCompile normal arm64 /Users/runner/work/MyRAM-iOS/MyRAM-iOS/MyRAM-iOS/MyRAMTests/IPhoneSyncBatchAccumulatorTests.swift (in target 'MyRAMTests' from project 'MyRAM')
    cd /Users/runner/work/MyRAM-iOS/MyRAM-iOS/MyRAM-iOS
    

SwiftCompile normal arm64 /Users/runner/work/MyRAM-iOS/MyRAM-iOS/MyRAM-iOS/MyRAMTests/IPhoneSyncBatchApplierTests.swift (in target 'MyRAMTests' from project 'MyRAM')
    cd /Users/runner/work/MyRAM-iOS/MyRAM-iOS/MyRAM-iOS
    

SwiftCompile normal arm64 /Users/runner/work/MyRAM-iOS/MyRAM-iOS/MyRAM-iOS/MyRAMTests/ActiveEditorApplicationPolicyTests.swift (in target 'MyRAMTests' from project 'MyRAM')
    cd /Users/runner/work/MyRAM-iOS/MyRAM-iOS/MyRAM-iOS
    

SwiftCompile normal arm64 /Users/runner/work/MyRAM-iOS/MyRAM-iOS/MyRAM-iOS/MyRAMTests/ActiveEditorSyncUpdateHandlerTests.swift (in target 'MyRAMTests' from project 'MyRAM')
    cd /Users/runner/work/MyRAM-iOS/MyRAM-iOS/MyRAM-iOS
    

SwiftCompile normal arm64 /Users/runner/work/MyRAM-iOS/MyRAM-iOS/MyRAM-iOS/MyRAMTests/EditorSelectionMapperTests.swift (in target 'MyRAMTests' from project 'MyRAM')
    cd /Users/runner/work/MyRAM-iOS/MyRAM-iOS/MyRAM-iOS
    

SwiftCompile normal arm64 /Users/runner/work/MyRAM-iOS/MyRAM-iOS/MyRAM-iOS/MyRAMTests/UIKitEditorSyncBridgeTests.swift (in target 'MyRAMTests' from project 'MyRAM')
    cd /Users/runner/work/MyRAM-iOS/MyRAM-iOS/MyRAM-iOS
    

SwiftCompile normal arm64 /Users/runner/work/MyRAM-iOS/MyRAM-iOS/MyRAM-iOS/MyRAMTests/EditorFormattingMutationApplierTests.swift (in target 'MyRAMTests' from project 'MyRAM')
    cd /Users/runner/work/MyRAM-iOS/MyRAM-iOS/MyRAM-iOS
    

SwiftCompile normal arm64 /Users/runner/work/MyRAM-iOS/MyRAM-iOS/MyRAM-iOS/MyRAMTests/EditorFocusSelectionPolicyTests.swift (in target 'MyRAMTests' from project 'MyRAM')
    cd /Users/runner/work/MyRAM-iOS/MyRAM-iOS/MyRAM-iOS
    

SwiftCompile normal arm64 /Users/runner/work/MyRAM-iOS/MyRAM-iOS/MyRAM-iOS/MyRAMTests/EditorSearchSessionTests.swift (in target 'MyRAMTests' from project 'MyRAM')
    cd /Users/runner/work/MyRAM-iOS/MyRAM-iOS/MyRAM-iOS
    

SwiftCompile normal arm64 /Users/runner/work/MyRAM-iOS/MyRAM-iOS/MyRAM-iOS/MyRAMTests/MyRAMTests.swift (in target 'MyRAMTests' from project 'MyRAM')
    cd /Users/runner/work/MyRAM-iOS/MyRAM-iOS/MyRAM-iOS
    

SwiftCompile normal arm64 /Users/runner/work/MyRAM-iOS/MyRAM-iOS/MyRAM-iOS/MyRAMTests/MyRAMWidgetCoreTests.swift (in target 'MyRAMTests' from project 'MyRAM')
    cd /Users/runner/work/MyRAM-iOS/MyRAM-iOS/MyRAM-iOS
    

SwiftDriverJobDiscovery normal arm64 Compiling EditorSelectionRangeResolver.swift, EditorFocusSelectionPolicy.swift, EditorFormattingCommandResolver.swift, EditorFormattingMutationApplier.swift, EditorFormattingStateResolver.swift, NoteIntelligence.swift, NoteEditorView.swift, EditorTextViewFactory.swift, EditorProfilingFixtures.swift, BareTextViewProfilingView.swift, EditorChecklistRendering.swift, EditorPolicies.swift, AppliedEditorMutation.swift, ActiveEditorApplicationPolicy.swift, ActiveEditorSyncUpdateHandler.swift, EditorSelectionMapper.swift, EditorRemoteApplyResult.swift, UIKitEditorSyncBridge.swift, MyRAMSyncController.swift, NotesListView.swift, PersistenceManager.swift, GeneratedAssetSymbols.swift (in target 'MyRAM' from project 'MyRAM')

SwiftDriver\ Compilation MyRAM normal arm64 com.apple.xcode.tools.swift.compiler (in target 'MyRAM' from project 'MyRAM')
    cd /Users/runner/work/MyRAM-iOS/MyRAM-iOS/MyRAM-iOS
    builtin-Swift-Compilation -- /Applications/Xcode_26.5.app/Contents/Developer/Toolchains/XcodeDefault.xctoolchain/usr/bin/swiftc -module-name MyRAM -Onone @/tmp/MYR175-AppClosure-iOS-DD/Build/Intermediates.noindex/MyRAM.build/Debug-iphonesimulator/MyRAM.build/Objects-normal/arm64/MyRAM.SwiftFileList -DDEBUG -enable-bare-slash-regex -enable-experimental-feature DebugDescriptionMacro -sdk /Applications/Xcode_26.5.app/Contents/Developer/Platforms/iPhoneSimulator.platform/Developer/SDKs/iPhoneSimulator26.5.sdk -target arm64-apple-ios17.0-simulator -g -module-cache-path /tmp/MYR175-AppClosure-iOS-DD/ModuleCache.noindex -Xfrontend -serialize-debugging-options -enable-testing -index-store-path /tmp/MYR175-AppClosure-iOS-DD/Index.noindex/DataStore -Xcc -D_LIBCPP_HARDENING_MODE\=_LIBCPP_HARDENING_MODE_DEBUG -swift-version 5 -I /tmp/MYR175-AppClosure-iOS-DD/Build/Products/Debug-iphonesimulator -F /tmp/MYR175-AppClosure-iOS-DD/Build/Products/Debug-iphonesimulator/PackageFrameworks -F /tmp/MYR175-AppClosure-iOS-DD/Build/Products/Debug-iphonesimulator/PackageFrameworks -F /tmp/MYR175-AppClosure-iOS-DD/Build/Products/Debug-iphonesimulator -emit-localized-strings -emit-localized-strings-path /tmp/MYR175-AppClosure-iOS-DD/Build/Intermediates.noindex/MyRAM.build/Debug-iphonesimulator/MyRAM.build/Objects-normal/arm64 -c -j3 -enable-batch-mode -incremental -Xcc -ivfsstatcache -Xcc /tmp/MYR175-AppClosure-iOS-DD/SDKStatCaches.noindex/iphonesimulator26.5-23F73-688ef53f1462e2c8f657fdc38a81448ffb7d586738ff35573a713a18216ade27.sdkstatcache -output-file-map /tmp/MYR175-AppClosure-iOS-DD/Build/Intermediates.noindex/MyRAM.build/Debug-iphonesimulator/MyRAM.build/Objects-normal/arm64/MyRAM-OutputFileMap.json -use-frontend-parseable-output -save-temps -no-color-diagnostics -explicit-module-build -module-cache-path /tmp/MYR175-AppClosure-iOS-DD/Build/Intermediates.noindex/SwiftExplicitPrecompiledModules -clang-scanner-module-cache-path /tmp/MYR175-AppClosure-iOS-DD/ModuleCache.noindex -sdk-module-cache-path /tmp/MYR175-AppClosure-iOS-DD/ModuleCache.noindex -serialize-diagnostics -emit-dependencies -emit-module -emit-module-path /tmp/MYR175-AppClosure-iOS-DD/Build/Intermediates.noindex/MyRAM.build/Debug-iphonesimulator/MyRAM.build/Objects-normal/arm64/MyRAM.swiftmodule -validate-clang-modules-once -clang-build-session-file /tmp/MYR175-AppClosure-iOS-DD/ModuleCache.noindex/Session.modulevalidation -Xcc -I/tmp/MYR175-AppClosure-iOS-DD/Build/Intermediates.noindex/MyRAM.build/Debug-iphonesimulator/MyRAM.build/swift-overrides.hmap -emit-const-values -Xfrontend -const-gather-protocols-file -Xfrontend /tmp/MYR175-AppClosure-iOS-DD/Build/Intermediates.noindex/MyRAM.build/Debug-iphonesimulator/MyRAM.build/Objects-normal/arm64/MyRAM_const_extract_protocols.json -Xcc -iquote -Xcc /tmp/MYR175-AppClosure-iOS-DD/Build/Intermediates.noindex/MyRAM.build/Debug-iphonesimulator/MyRAM.build/MyRAM-generated-files.hmap -Xcc -I/tmp/MYR175-AppClosure-iOS-DD/Build/Intermediates.noindex/MyRAM.build/Debug-iphonesimulator/MyRAM.build/MyRAM-own-target-headers.hmap -Xcc -I/tmp/MYR175-AppClosure-iOS-DD/Build/Intermediates.noindex/MyRAM.build/Debug-iphonesimulator/MyRAM.build/MyRAM-all-non-framework-target-headers.hmap -Xcc -ivfsoverlay -Xcc /tmp/MYR175-AppClosure-iOS-DD/Build/Intermediates.noindex/MyRAM.build/Debug-iphonesimulator/MyRAM-98a9cbde253e8e955bc92731eb290203-VFS-iphonesimulator/all-product-headers.yaml -Xcc -iquote -Xcc /tmp/MYR175-AppClosure-iOS-DD/Build/Intermediates.noindex/MyRAM.build/Debug-iphonesimulator/MyRAM.build/MyRAM-project-headers.hmap -Xcc -I/tmp/MYR175-AppClosure-iOS-DD/Build/Products/Debug-iphonesimulator/include -Xcc -I/tmp/MYR175-AppClosure-iOS-DD/Build/Intermediates.noindex/MyRAM.build/Debug-iphonesimulator/MyRAM.build/DerivedSources-normal/arm64 -Xcc -I/tmp/MYR175-AppClosure-iOS-DD/Build/Intermediates.noindex/MyRAM.build/Debug-iphonesimulator/MyRAM.build/DerivedSources/arm64 -Xcc -I/tmp/MYR175-AppClosure-iOS-DD/Build/Intermediates.noindex/MyRAM.build/Debug-iphonesimulator/MyRAM.build/DerivedSources -Xcc -DDEBUG\=1 -emit-objc-header -emit-objc-header-path /tmp/MYR175-AppClosure-iOS-DD/Build/Intermediates.noindex/MyRAM.build/Debug-iphonesimulator/MyRAM.build/Objects-normal/arm64/MyRAM-Swift.h -working-directory /Users/runner/work/MyRAM-iOS/MyRAM-iOS/MyRAM-iOS -experimental-emit-module-separately -disable-cmo

Ld /tmp/MYR175-AppClosure-iOS-DD/Build/Products/Debug-iphonesimulator/MyRAM.app/MyRAM.debug.dylib normal (in target 'MyRAM' from project 'MyRAM')
    cd /Users/runner/work/MyRAM-iOS/MyRAM-iOS/MyRAM-iOS
    /Applications/Xcode_26.5.app/Contents/Developer/Toolchains/XcodeDefault.xctoolchain/usr/bin/clang -Xlinker -reproducible -target arm64-apple-ios17.0-simulator -dynamiclib -isysroot /Applications/Xcode_26.5.app/Contents/Developer/Platforms/iPhoneSimulator.platform/Developer/SDKs/iPhoneSimulator26.5.sdk -O0 -L/tmp/MYR175-AppClosure-iOS-DD/Build/Intermediates.noindex/EagerLinkingTBDs/Debug-iphonesimulator -L/tmp/MYR175-AppClosure-iOS-DD/Build/Products/Debug-iphonesimulator -F/tmp/MYR175-AppClosure-iOS-DD/Build/Intermediates.noindex/EagerLinkingTBDs/Debug-iphonesimulator -F/tmp/MYR175-AppClosure-iOS-DD/Build/Products/Debug-iphonesimulator/PackageFrameworks -F/tmp/MYR175-AppClosure-iOS-DD/Build/Products/Debug-iphonesimulator/PackageFrameworks -F/tmp/MYR175-AppClosure-iOS-DD/Build/Products/Debug-iphonesimulator -filelist /tmp/MYR175-AppClosure-iOS-DD/Build/Intermediates.noindex/MyRAM.build/Debug-iphonesimulator/MyRAM.build/Objects-normal/arm64/MyRAM.LinkFileList -install_name @rpath/MyRAM.debug.dylib -Xlinker -rpath -Xlinker /usr/lib/swift -Xlinker -rpath -Xlinker /tmp/MYR175-AppClosure-iOS-DD/Build/Products/Debug-iphonesimulator/PackageFrameworks -Xlinker -rpath -Xlinker @executable_path/Frameworks -Xlinker -dead_strip -Xlinker -object_path_lto -Xlinker /tmp/MYR175-AppClosure-iOS-DD/Build/Intermediates.noindex/MyRAM.build/Debug-iphonesimulator/MyRAM.build/Objects-normal/arm64/MyRAM_lto.o -rdynamic -Xlinker -no_deduplicate -Xlinker -objc_abi_version -Xlinker 2 -Xlinker -dependency_info -Xlinker /tmp/MYR175-AppClosure-iOS-DD/Build/Intermediates.noindex/MyRAM.build/Debug-iphonesimulator/MyRAM.build/Objects-normal/arm64/MyRAM_dependency_info.dat -fobjc-link-runtime -L/Applications/Xcode_26.5.app/Contents/Developer/Toolchains/XcodeDefault.xctoolchain/usr/lib/swift/iphonesimulator -L/usr/lib/swift -Xlinker -add_ast_path -Xlinker /tmp/MYR175-AppClosure-iOS-DD/Build/Intermediates.noindex/MyRAM.build/Debug-iphonesimulator/MyRAM.build/Objects-normal/arm64/MyRAM.swiftmodule @/tmp/MYR175-AppClosure-iOS-DD/Build/Intermediates.noindex/MyRAM.build/Debug-iphonesimulator/MyRAM.build/Objects-normal/arm64/MyRAM-linker-args.resp -Wl,-no_warn_duplicate_libraries -Wl,-no_warn_duplicate_libraries -Xlinker -alias -Xlinker _main -Xlinker ___debug_main_executable_dylib_entry_point /tmp/MYR175-AppClosure-iOS-DD/Build/Products/Debug-iphonesimulator/PackageFrameworks/AnchoredSequenceCore_-65B9EEE52AB2106_PackageProduct.framework/AnchoredSequenceCore_-65B9EEE52AB2106_PackageProduct -o /tmp/MYR175-AppClosure-iOS-DD/Build/Products/Debug-iphonesimulator/MyRAM.app/MyRAM.debug.dylib -Xlinker -add_ast_path -Xlinker /tmp/MYR175-AppClosure-iOS-DD/Build/Intermediates.noindex/NearbySyncCore.build/Debug-iphonesimulator/NearbySyncCore.build/Objects-normal/arm64/NearbySyncCore.swiftmodule @/tmp/MYR175-AppClosure-iOS-DD/Build/Intermediates.noindex/NearbySyncCore.build/Debug-iphonesimulator/NearbySyncCore.build/Objects-normal/arm64/NearbySyncCore-linker-args.resp

ConstructStubExecutorLinkFileList /tmp/MYR175-AppClosure-iOS-DD/Build/Intermediates.noindex/MyRAM.build/Debug-iphonesimulator/MyRAM.build/MyRAM-ExecutorLinkFileList-normal-arm64.txt (in target 'MyRAM' from project 'MyRAM')
    cd /Users/runner/work/MyRAM-iOS/MyRAM-iOS/MyRAM-iOS
    construct-stub-executor-link-file-list /tmp/MYR175-AppClosure-iOS-DD/Build/Products/Debug-iphonesimulator/MyRAM.app/MyRAM.debug.dylib /Applications/Xcode_26.5.app/Contents/Developer/Platforms/iPhoneSimulator.platform/Developer/usr/lib/libPreviewsJITStubExecutor_no_swift_entry_point.a /Applications/Xcode_26.5.app/Contents/Developer/Platforms/iPhoneSimulator.platform/Developer/usr/lib/libPreviewsJITStubExecutor.a --output /tmp/MYR175-AppClosure-iOS-DD/Build/Intermediates.noindex/MyRAM.build/Debug-iphonesimulator/MyRAM.build/MyRAM-ExecutorLinkFileList-normal-arm64.txt
note: Using stub executor library with Swift entry point. (in target 'MyRAM' from project 'MyRAM')

Ld /tmp/MYR175-AppClosure-iOS-DD/Build/Products/Debug-iphonesimulator/MyRAM.app/MyRAM normal (in target 'MyRAM' from project 'MyRAM')
    cd /Users/runner/work/MyRAM-iOS/MyRAM-iOS/MyRAM-iOS
    /Applications/Xcode_26.5.app/Contents/Developer/Toolchains/XcodeDefault.xctoolchain/usr/bin/clang -Xlinker -reproducible -target arm64-apple-ios17.0-simulator -isysroot /Applications/Xcode_26.5.app/Contents/Developer/Platforms/iPhoneSimulator.platform/Developer/SDKs/iPhoneSimulator26.5.sdk -O0 -L/tmp/MYR175-AppClosure-iOS-DD/Build/Products/Debug-iphonesimulator -F/tmp/MYR175-AppClosure-iOS-DD/Build/Products/Debug-iphonesimulator/PackageFrameworks -F/tmp/MYR175-AppClosure-iOS-DD/Build/Products/Debug-iphonesimulator/PackageFrameworks -F/tmp/MYR175-AppClosure-iOS-DD/Build/Products/Debug-iphonesimulator -Xlinker -rpath -Xlinker @executable_path -Xlinker -rpath -Xlinker /tmp/MYR175-AppClosure-iOS-DD/Build/Products/Debug-iphonesimulator/PackageFrameworks -Xlinker -rpath -Xlinker @executable_path/Frameworks -rdynamic -Xlinker -no_deduplicate -Xlinker -objc_abi_version -Xlinker 2 -e ___debug_blank_executor_main -Xlinker -sectcreate -Xlinker __TEXT -Xlinker __debug_dylib -Xlinker /tmp/MYR175-AppClosure-iOS-DD/Build/Intermediates.noindex/MyRAM.build/Debug-iphonesimulator/MyRAM.build/MyRAM-DebugDylibPath-normal-arm64.txt -Xlinker -sectcreate -Xlinker __TEXT -Xlinker __debug_instlnm -Xlinker /tmp/MYR175-AppClosure-iOS-DD/Build/Intermediates.noindex/MyRAM.build/Debug-iphonesimulator/MyRAM.build/MyRAM-DebugDylibInstallName-normal-arm64.txt -Xlinker -filelist -Xlinker /tmp/MYR175-AppClosure-iOS-DD/Build/Intermediates.noindex/MyRAM.build/Debug-iphonesimulator/MyRAM.build/MyRAM-ExecutorLinkFileList-normal-arm64.txt /tmp/MYR175-AppClosure-iOS-DD/Build/Products/Debug-iphonesimulator/MyRAM.app/MyRAM.debug.dylib -o /tmp/MYR175-AppClosure-iOS-DD/Build/Products/Debug-iphonesimulator/MyRAM.app/MyRAM

Copy /tmp/MYR175-AppClosure-iOS-DD/Build/Products/Debug-iphonesimulator/MyRAM.app/PlugIns/MyRAMWidgetExtension.appex /tmp/MYR175-AppClosure-iOS-DD/Build/Products/Debug-iphonesimulator/MyRAMWidgetExtension.appex (in target 'MyRAM' from project 'MyRAM')
    cd /Users/runner/work/MyRAM-iOS/MyRAM-iOS/MyRAM-iOS
    builtin-copy -exclude .DS_Store -exclude CVS -exclude .svn -exclude .git -exclude .hg -exclude Headers -exclude PrivateHeaders -exclude Modules -exclude \*.tbd -resolve-src-symlinks -remove-static-executable /tmp/MYR175-AppClosure-iOS-DD/Build/Products/Debug-iphonesimulator/MyRAMWidgetExtension.appex /tmp/MYR175-AppClosure-iOS-DD/Build/Products/Debug-iphonesimulator/MyRAM.app/PlugIns

ProcessInfoPlistFile /tmp/MYR175-AppClosure-iOS-DD/Build/Products/Debug-iphonesimulator/MyRAM.app/Info.plist /Users/runner/work/MyRAM-iOS/MyRAM-iOS/MyRAM-iOS/MyRAM/Info.plist (in target 'MyRAM' from project 'MyRAM')
    cd /Users/runner/work/MyRAM-iOS/MyRAM-iOS/MyRAM-iOS
    builtin-infoPlistUtility /Users/runner/work/MyRAM-iOS/MyRAM-iOS/MyRAM-iOS/MyRAM/Info.plist -producttype com.apple.product-type.application -genpkginfo /tmp/MYR175-AppClosure-iOS-DD/Build/Products/Debug-iphonesimulator/MyRAM.app/PkgInfo -expandbuildsettings -format binary -platform iphonesimulator -additionalcontentfile /tmp/MYR175-AppClosure-iOS-DD/Build/Intermediates.noindex/MyRAM.build/Debug-iphonesimulator/MyRAM.build/assetcatalog_generated_info.plist -scanforprivacyfile /tmp/MYR175-AppClosure-iOS-DD/Build/Products/Debug-iphonesimulator/MyRAM.app/Frameworks/AnchoredSequenceCore_-65B9EEE52AB2106_PackageProduct.framework -scanforprivacyfile /tmp/MYR175-AppClosure-iOS-DD/Build/Products/Debug-iphonesimulator/MyRAM.app/PlugIns/MyRAMWidgetExtension.appex -o /tmp/MYR175-AppClosure-iOS-DD/Build/Products/Debug-iphonesimulator/MyRAM.app/Info.plist

ValidateEmbeddedBinary /tmp/MYR175-AppClosure-iOS-DD/Build/Products/Debug-iphonesimulator/MyRAM.app/PlugIns/MyRAMWidgetExtension.appex (in target 'MyRAM' from project 'MyRAM')
    cd /Users/runner/work/MyRAM-iOS/MyRAM-iOS/MyRAM-iOS
    /Applications/Xcode_26.5.app/Contents/Developer/usr/bin/embeddedBinaryValidationUtility /tmp/MYR175-AppClosure-iOS-DD/Build/Products/Debug-iphonesimulator/MyRAM.app/PlugIns/MyRAMWidgetExtension.appex -info-plist-path /tmp/MYR175-AppClosure-iOS-DD/Build/Products/Debug-iphonesimulator/MyRAM.app/Info.plist

ExtractAppIntentsMetadata (in target 'MyRAM' from project 'MyRAM')
    cd /Users/runner/work/MyRAM-iOS/MyRAM-iOS/MyRAM-iOS
    /Applications/Xcode_26.5.app/Contents/Developer/Toolchains/XcodeDefault.xctoolchain/usr/bin/appintentsmetadataprocessor --toolchain-dir /var/run/com.apple.security.cryptexd/mnt/com.apple.MobileAsset.MetalToolchain-v17.6.42.0.4UaXzV/Metal.xctoolchain --module-name MyRAM --sdk-root /Applications/Xcode_26.5.app/Contents/Developer/Platforms/iPhoneSimulator.platform/Developer/SDKs/iPhoneSimulator26.5.sdk --xcode-version 17F42 --platform-family iOS --deployment-target 17.0 --bundle-identifier com.northsignalstudio.myram.dev --output /tmp/MYR175-AppClosure-iOS-DD/Build/Products/Debug-iphonesimulator/MyRAM.app --target-triple arm64-apple-ios17.0-simulator --binary-file /tmp/MYR175-AppClosure-iOS-DD/Build/Products/Debug-iphonesimulator/MyRAM.app/MyRAM --dependency-file /tmp/MYR175-AppClosure-iOS-DD/Build/Intermediates.noindex/MyRAM.build/Debug-iphonesimulator/MyRAM.build/Objects-normal/arm64/MyRAM_dependency_info.dat --stringsdata-file /tmp/MYR175-AppClosure-iOS-DD/Build/Intermediates.noindex/MyRAM.build/Debug-iphonesimulator/MyRAM.build/Objects-normal/arm64/ExtractedAppShortcutsMetadata.stringsdata --source-file-list /tmp/MYR175-AppClosure-iOS-DD/Build/Intermediates.noindex/MyRAM.build/Debug-iphonesimulator/MyRAM.build/Objects-normal/arm64/MyRAM.SwiftFileList --metadata-file-list /tmp/MYR175-AppClosure-iOS-DD/Build/Intermediates.noindex/MyRAM.build/Debug-iphonesimulator/MyRAM.build/MyRAM.DependencyMetadataFileList --static-metadata-file-list /tmp/MYR175-AppClosure-iOS-DD/Build/Intermediates.noindex/MyRAM.build/Debug-iphonesimulator/MyRAM.build/MyRAM.DependencyStaticMetadataFileList --swift-const-vals-list /tmp/MYR175-AppClosure-iOS-DD/Build/Intermediates.noindex/MyRAM.build/Debug-iphonesimulator/MyRAM.build/Objects-normal/arm64/MyRAM.SwiftConstValuesFileList --compile-time-extraction --deployment-aware-processing --validate-assistant-intents --no-app-shortcuts-localization
2026-08-04 17:06:03.832 appintentsmetadataprocessor[3694:14485] Starting appintentsmetadataprocessor export
2026-08-04 17:06:03.877 appintentsmetadataprocessor[3694:14485] Extracted no relevant App Intents symbols, skipping writing output

SwiftDriverJobDiscovery normal arm64 Compiling SyncBatchEnvelopeV2Tests.swift, SyncBatchPeerCapabilityTests.swift, SyncBatchTransportAdmissionPlannerTests.swift, SyncConvergenceFoundationTests.swift, SyncConvergencePlanningTests.swift, SyncConvergenceRewriteSafetyPolicyTests.swift, SyncConvergenceIncorporationTests.swift, SyncConvergencePostCommitTests.swift, SyncConvergencePostCommitTestDoubles.swift, SyncConvergenceIdentityTestSupport.swift, IncrementalEditIntegrationTests.swift, ExplicitDeleteProvenanceTests.swift, PendingSyncRecoveryTests.swift (in target 'MyRAMTests' from project 'MyRAM')

CopySwiftLibs /tmp/MYR175-AppClosure-iOS-DD/Build/Products/Debug-iphonesimulator/MyRAM.app (in target 'MyRAM' from project 'MyRAM')
    cd /Users/runner/work/MyRAM-iOS/MyRAM-iOS/MyRAM-iOS
    builtin-swiftStdLibTool --copy --verbose --scan-executable /tmp/MYR175-AppClosure-iOS-DD/Build/Products/Debug-iphonesimulator/MyRAM.app/MyRAM.debug.dylib --scan-folder /tmp/MYR175-AppClosure-iOS-DD/Build/Products/Debug-iphonesimulator/MyRAM.app/Frameworks --scan-folder /tmp/MYR175-AppClosure-iOS-DD/Build/Products/Debug-iphonesimulator/MyRAM.app/PlugIns --scan-folder /tmp/MYR175-AppClosure-iOS-DD/Build/Products/Debug-iphonesimulator/MyRAM.app/SystemExtensions --scan-folder /tmp/MYR175-AppClosure-iOS-DD/Build/Products/Debug-iphonesimulator/MyRAM.app/Extensions --scan-folder /tmp/MYR175-AppClosure-iOS-DD/Build/Products/Debug-iphonesimulator/PackageFrameworks/AnchoredSequenceCore_-65B9EEE52AB2106_PackageProduct.framework --platform iphonesimulator --toolchain /var/run/com.apple.security.cryptexd/mnt/com.apple.MobileAsset.MetalToolchain-v17.6.42.0.4UaXzV/Metal.xctoolchain --toolchain /Applications/Xcode_26.5.app/Contents/Developer/Toolchains/XcodeDefault.xctoolchain --destination /tmp/MYR175-AppClosure-iOS-DD/Build/Products/Debug-iphonesimulator/MyRAM.app/Frameworks --strip-bitcode --strip-bitcode-tool /Applications/Xcode_26.5.app/Contents/Developer/Toolchains/XcodeDefault.xctoolchain/usr/bin/bitcode_strip --emit-dependency-info /tmp/MYR175-AppClosure-iOS-DD/Build/Intermediates.noindex/MyRAM.build/Debug-iphonesimulator/MyRAM.build/SwiftStdLibToolInputDependencies.dep --filter-for-swift-os
Ignoring --strip-bitcode because --sign was not passed

AppIntentsSSUTraining (in target 'MyRAM' from project 'MyRAM')
    cd /Users/runner/work/MyRAM-iOS/MyRAM-iOS/MyRAM-iOS
    /Applications/Xcode_26.5.app/Contents/Developer/Toolchains/XcodeDefault.xctoolchain/usr/bin/appintentsnltrainingprocessor --infoplist-path /tmp/MYR175-AppClosure-iOS-DD/Build/Products/Debug-iphonesimulator/MyRAM.app/Info.plist --temp-dir-path /tmp/MYR175-AppClosure-iOS-DD/Build/Intermediates.noindex/MyRAM.build/Debug-iphonesimulator/MyRAM.build/ssu --bundle-id com.northsignalstudio.myram.dev --product-path /tmp/MYR175-AppClosure-iOS-DD/Build/Products/Debug-iphonesimulator/MyRAM.app --extracted-metadata-path /tmp/MYR175-AppClosure-iOS-DD/Build/Products/Debug-iphonesimulator/MyRAM.app/Metadata.appintents --metadata-file-list /tmp/MYR175-AppClosure-iOS-DD/Build/Intermediates.noindex/MyRAM.build/Debug-iphonesimulator/MyRAM.build/MyRAM.DependencyMetadataFileList --source-file /tmp/MYR175-AppClosure-iOS-DD/Build/Products/Debug-iphonesimulator/MyRAM.app/Info.plist --archive-ssu-assets
2026-08-04 17:06:03.985 appintentsnltrainingprocessor[3695:14488] Parsing options for appintentsnltrainingprocessor
2026-08-04 17:06:03.986 appintentsnltrainingprocessor[3695:14488] Starting AppIntents SSU YAML Generation
2026-08-04 17:06:03.987 appintentsnltrainingprocessor[3695:14488] No AppShortcuts found - Skipping.

ProcessInfoPlistFile /tmp/MYR175-AppClosure-iOS-DD/Build/Products/Debug-iphonesimulator/MyRAM.app/PlugIns/MyRAMTests.xctest/Info.plist /tmp/MYR175-AppClosure-iOS-DD/Build/Intermediates.noindex/MyRAM.build/Debug-iphonesimulator/MyRAMTests.build/empty-MyRAMTests.plist (in target 'MyRAMTests' from project 'MyRAM')
    cd /Users/runner/work/MyRAM-iOS/MyRAM-iOS/MyRAM-iOS
    builtin-infoPlistUtility /tmp/MYR175-AppClosure-iOS-DD/Build/Intermediates.noindex/MyRAM.build/Debug-iphonesimulator/MyRAMTests.build/empty-MyRAMTests.plist -producttype com.apple.product-type.bundle.unit-test -expandbuildsettings -format binary -platform iphonesimulator -o /tmp/MYR175-AppClosure-iOS-DD/Build/Products/Debug-iphonesimulator/MyRAM.app/PlugIns/MyRAMTests.xctest/Info.plist

CpResource /tmp/MYR175-AppClosure-iOS-DD/Build/Products/Debug-iphonesimulator/MyRAM.app/PlugIns/MyRAMTests.xctest/note-intelligence /Users/runner/work/MyRAM-iOS/MyRAM-iOS/MyRAM-iOS/docs/note-intelligence (in target 'MyRAMTests' from project 'MyRAM')
    cd /Users/runner/work/MyRAM-iOS/MyRAM-iOS/MyRAM-iOS
    builtin-copy -exclude .DS_Store -exclude CVS -exclude .svn -exclude .git -exclude .hg -resolve-src-symlinks /Users/runner/work/MyRAM-iOS/MyRAM-iOS/MyRAM-iOS/docs/note-intelligence /tmp/MYR175-AppClosure-iOS-DD/Build/Products/Debug-iphonesimulator/MyRAM.app/PlugIns/MyRAMTests.xctest

Copy /tmp/MYR175-AppClosure-iOS-DD/Build/Products/Debug-iphonesimulator/MyRAM.app/PlugIns/MyRAMTests.xctest/Frameworks/AnchoredSequenceCore_-65B9EEE52AB2106_PackageProduct.framework /tmp/MYR175-AppClosure-iOS-DD/Build/Products/Debug-iphonesimulator/PackageFrameworks/AnchoredSequenceCore_-65B9EEE52AB2106_PackageProduct.framework (in target 'MyRAMTests' from project 'MyRAM')
    cd /Users/runner/work/MyRAM-iOS/MyRAM-iOS/MyRAM-iOS
    builtin-copy -exclude .DS_Store -exclude CVS -exclude .svn -exclude .git -exclude .hg -resolve-src-symlinks -remove-static-executable /tmp/MYR175-AppClosure-iOS-DD/Build/Products/Debug-iphonesimulator/PackageFrameworks/AnchoredSequenceCore_-65B9EEE52AB2106_PackageProduct.framework /tmp/MYR175-AppClosure-iOS-DD/Build/Products/Debug-iphonesimulator/MyRAM.app/PlugIns/MyRAMTests.xctest/Frameworks

SwiftDriverJobDiscovery normal arm64 Compiling MyRAMSyncControllerTests.swift, SyncBatchUnsentQueueTests.swift, IPhoneSyncBatchAccumulatorTests.swift, IPhoneSyncBatchApplierTests.swift, ActiveEditorApplicationPolicyTests.swift, ActiveEditorSyncUpdateHandlerTests.swift, EditorSelectionMapperTests.swift, UIKitEditorSyncBridgeTests.swift, EditorFormattingMutationApplierTests.swift, EditorFocusSelectionPolicyTests.swift, EditorSearchSessionTests.swift, MyRAMTests.swift, MyRAMWidgetCoreTests.swift (in target 'MyRAMTests' from project 'MyRAM')

SwiftDriver\ Compilation MyRAMTests normal arm64 com.apple.xcode.tools.swift.compiler (in target 'MyRAMTests' from project 'MyRAM')
    cd /Users/runner/work/MyRAM-iOS/MyRAM-iOS/MyRAM-iOS
    builtin-Swift-Compilation -- /Applications/Xcode_26.5.app/Contents/Developer/Toolchains/XcodeDefault.xctoolchain/usr/bin/swiftc -module-name MyRAMTests -Onone @/tmp/MYR175-AppClosure-iOS-DD/Build/Intermediates.noindex/MyRAM.build/Debug-iphonesimulator/MyRAMTests.build/Objects-normal/arm64/MyRAMTests.SwiftFileList -DDEBUG -plugin-path /Applications/Xcode_26.5.app/Contents/Developer/Toolchains/XcodeDefault.xctoolchain/usr/lib/swift/host/plugins/testing -enable-bare-slash-regex -enable-experimental-feature DebugDescriptionMacro -sdk /Applications/Xcode_26.5.app/Contents/Developer/Platforms/iPhoneSimulator.platform/Developer/SDKs/iPhoneSimulator26.5.sdk -target arm64-apple-ios17.0-simulator -g -module-cache-path /tmp/MYR175-AppClosure-iOS-DD/ModuleCache.noindex -Xfrontend -serialize-debugging-options -enable-testing -index-store-path /tmp/MYR175-AppClosure-iOS-DD/Index.noindex/DataStore -Xcc -D_LIBCPP_HARDENING_MODE\=_LIBCPP_HARDENING_MODE_DEBUG -swift-version 5 -I /tmp/MYR175-AppClosure-iOS-DD/Build/Products/Debug-iphonesimulator -Isystem /Applications/Xcode_26.5.app/Contents/Developer/Platforms/iPhoneSimulator.platform/Developer/usr/lib -F /tmp/MYR175-AppClosure-iOS-DD/Build/Products/Debug-iphonesimulator/PackageFrameworks -F /tmp/MYR175-AppClosure-iOS-DD/Build/Products/Debug-iphonesimulator/PackageFrameworks -F /tmp/MYR175-AppClosure-iOS-DD/Build/Products/Debug-iphonesimulator/PackageFrameworks -F /tmp/MYR175-AppClosure-iOS-DD/Build/Products/Debug-iphonesimulator -F /Applications/Xcode_26.5.app/Contents/Developer/Platforms/iPhoneSimulator.platform/Developer/Library/Frameworks -F /Applications/Xcode_26.5.app/Contents/Developer/Platforms/iPhoneSimulator.platform/Developer/SDKs/iPhoneSimulator26.5.sdk/Developer/Library/Frameworks -c -j3 -enable-batch-mode -incremental -Xcc -ivfsstatcache -Xcc /tmp/MYR175-AppClosure-iOS-DD/SDKStatCaches.noindex/iphonesimulator26.5-23F73-688ef53f1462e2c8f657fdc38a81448ffb7d586738ff35573a713a18216ade27.sdkstatcache -output-file-map /tmp/MYR175-AppClosure-iOS-DD/Build/Intermediates.noindex/MyRAM.build/Debug-iphonesimulator/MyRAMTests.build/Objects-normal/arm64/MyRAMTests-OutputFileMap.json -use-frontend-parseable-output -save-temps -no-color-diagnostics -explicit-module-build -module-cache-path /tmp/MYR175-AppClosure-iOS-DD/Build/Intermediates.noindex/SwiftExplicitPrecompiledModules -clang-scanner-module-cache-path /tmp/MYR175-AppClosure-iOS-DD/ModuleCache.noindex -sdk-module-cache-path /tmp/MYR175-AppClosure-iOS-DD/ModuleCache.noindex -serialize-diagnostics -emit-dependencies -emit-module -emit-module-path /tmp/MYR175-AppClosure-iOS-DD/Build/Intermediates.noindex/MyRAM.build/Debug-iphonesimulator/MyRAMTests.build/Objects-normal/arm64/MyRAMTests.swiftmodule -validate-clang-modules-once -clang-build-session-file /tmp/MYR175-AppClosure-iOS-DD/ModuleCache.noindex/Session.modulevalidation -Xcc -I/tmp/MYR175-AppClosure-iOS-DD/Build/Intermediates.noindex/MyRAM.build/Debug-iphonesimulator/MyRAMTests.build/swift-overrides.hmap -emit-const-values -Xfrontend -const-gather-protocols-file -Xfrontend /tmp/MYR175-AppClosure-iOS-DD/Build/Intermediates.noindex/MyRAM.build/Debug-iphonesimulator/MyRAMTests.build/Objects-normal/arm64/MyRAMTests_const_extract_protocols.json -Xcc -iquote -Xcc /tmp/MYR175-AppClosure-iOS-DD/Build/Intermediates.noindex/MyRAM.build/Debug-iphonesimulator/MyRAMTests.build/MyRAMTests-generated-files.hmap -Xcc -I/tmp/MYR175-AppClosure-iOS-DD/Build/Intermediates.noindex/MyRAM.build/Debug-iphonesimulator/MyRAMTests.build/MyRAMTests-own-target-headers.hmap -Xcc -I/tmp/MYR175-AppClosure-iOS-DD/Build/Intermediates.noindex/MyRAM.build/Debug-iphonesimulator/MyRAMTests.build/MyRAMTests-all-non-framework-target-headers.hmap -Xcc -ivfsoverlay -Xcc /tmp/MYR175-AppClosure-iOS-DD/Build/Intermediates.noindex/MyRAM.build/Debug-iphonesimulator/MyRAM-98a9cbde253e8e955bc92731eb290203-VFS-iphonesimulator/all-product-headers.yaml -Xcc -iquote -Xcc /tmp/MYR175-AppClosure-iOS-DD/Build/Intermediates.noindex/MyRAM.build/Debug-iphonesimulator/MyRAMTests.build/MyRAMTests-project-headers.hmap -Xcc -I/tmp/MYR175-AppClosure-iOS-DD/Build/Products/Debug-iphonesimulator/include -Xcc -I/tmp/MYR175-AppClosure-iOS-DD/Build/Intermediates.noindex/MyRAM.build/Debug-iphonesimulator/MyRAMTests.build/DerivedSources-normal/arm64 -Xcc -I/tmp/MYR175-AppClosure-iOS-DD/Build/Intermediates.noindex/MyRAM.build/Debug-iphonesimulator/MyRAMTests.build/DerivedSources/arm64 -Xcc -I/tmp/MYR175-AppClosure-iOS-DD/Build/Intermediates.noindex/MyRAM.build/Debug-iphonesimulator/MyRAMTests.build/DerivedSources -Xcc -DDEBUG\=1 -emit-objc-header -emit-objc-header-path /tmp/MYR175-AppClosure-iOS-DD/Build/Intermediates.noindex/MyRAM.build/Debug-iphonesimulator/MyRAMTests.build/Objects-normal/arm64/MyRAMTests-Swift.h -working-directory /Users/runner/work/MyRAM-iOS/MyRAM-iOS/MyRAM-iOS -experimental-emit-module-separately -disable-cmo

Ld /tmp/MYR175-AppClosure-iOS-DD/Build/Products/Debug-iphonesimulator/MyRAM.app/PlugIns/MyRAMTests.xctest/MyRAMTests normal (in target 'MyRAMTests' from project 'MyRAM')
    cd /Users/runner/work/MyRAM-iOS/MyRAM-iOS/MyRAM-iOS
    /Applications/Xcode_26.5.app/Contents/Developer/Toolchains/XcodeDefault.xctoolchain/usr/bin/clang -Xlinker -reproducible -target arm64-apple-ios17.0-simulator -bundle -isysroot /Applications/Xcode_26.5.app/Contents/Developer/Platforms/iPhoneSimulator.platform/Developer/SDKs/iPhoneSimulator26.5.sdk -O0 -L/tmp/MYR175-AppClosure-iOS-DD/Build/Intermediates.noindex/EagerLinkingTBDs/Debug-iphonesimulator -L/tmp/MYR175-AppClosure-iOS-DD/Build/Products/Debug-iphonesimulator -L/Applications/Xcode_26.5.app/Contents/Developer/Platforms/iPhoneSimulator.platform/Developer/usr/lib -F/tmp/MYR175-AppClosure-iOS-DD/Build/Intermediates.noindex/EagerLinkingTBDs/Debug-iphonesimulator -F/tmp/MYR175-AppClosure-iOS-DD/Build/Products/Debug-iphonesimulator/PackageFrameworks -F/tmp/MYR175-AppClosure-iOS-DD/Build/Products/Debug-iphonesimulator/PackageFrameworks -F/tmp/MYR175-AppClosure-iOS-DD/Build/Products/Debug-iphonesimulator/PackageFrameworks -F/tmp/MYR175-AppClosure-iOS-DD/Build/Products/Debug-iphonesimulator -iframework /Applications/Xcode_26.5.app/Contents/Developer/Platforms/iPhoneSimulator.platform/Developer/Library/Frameworks -iframework /Applications/Xcode_26.5.app/Contents/Developer/Platforms/iPhoneSimulator.platform/Developer/SDKs/iPhoneSimulator26.5.sdk/Developer/Library/Frameworks -filelist /tmp/MYR175-AppClosure-iOS-DD/Build/Intermediates.noindex/MyRAM.build/Debug-iphonesimulator/MyRAMTests.build/Objects-normal/arm64/MyRAMTests.LinkFileList -Xlinker -rpath -Xlinker /usr/lib/swift -Xlinker -rpath -Xlinker /tmp/MYR175-AppClosure-iOS-DD/Build/Products/Debug-iphonesimulator/PackageFrameworks -Xlinker -rpath -Xlinker @loader_path/Frameworks -Xlinker -rpath -Xlinker @executable_path/Frameworks -Xlinker -dead_strip -bundle_loader /tmp/MYR175-AppClosure-iOS-DD/Build/Products/Debug-iphonesimulator/MyRAM.app/MyRAM -Xlinker -object_path_lto -Xlinker /tmp/MYR175-AppClosure-iOS-DD/Build/Intermediates.noindex/MyRAM.build/Debug-iphonesimulator/MyRAMTests.build/Objects-normal/arm64/MyRAMTests_lto.o -rdynamic -Xlinker -no_deduplicate -Xlinker -objc_abi_version -Xlinker 2 -Xlinker -dependency_info -Xlinker /tmp/MYR175-AppClosure-iOS-DD/Build/Intermediates.noindex/MyRAM.build/Debug-iphonesimulator/MyRAMTests.build/Objects-normal/arm64/MyRAMTests_dependency_info.dat -fobjc-link-runtime -L/Applications/Xcode_26.5.app/Contents/Developer/Toolchains/XcodeDefault.xctoolchain/usr/lib/swift/iphonesimulator -L/usr/lib/swift -Xlinker -add_ast_path -Xlinker /tmp/MYR175-AppClosure-iOS-DD/Build/Intermediates.noindex/MyRAM.build/Debug-iphonesimulator/MyRAMTests.build/Objects-normal/arm64/MyRAMTests.swiftmodule @/tmp/MYR175-AppClosure-iOS-DD/Build/Intermediates.noindex/MyRAM.build/Debug-iphonesimulator/MyRAMTests.build/Objects-normal/arm64/MyRAMTests-linker-args.resp -Wl,-no_warn_duplicate_libraries -Wl,-no_warn_duplicate_libraries -Wl,-no_warn_duplicate_libraries -Xlinker -needed_framework -Xlinker XCTest -framework XCTest -Xlinker -needed-lXCTestSwiftSupport -lXCTestSwiftSupport /tmp/MYR175-AppClosure-iOS-DD/Build/Products/Debug-iphonesimulator/PackageFrameworks/AnchoredSequenceCore_-65B9EEE52AB2106_PackageProduct.framework/AnchoredSequenceCore_-65B9EEE52AB2106_PackageProduct /tmp/MYR175-AppClosure-iOS-DD/Build/Products/Debug-iphonesimulator/MyRAM.app/MyRAM.debug.dylib -o /tmp/MYR175-AppClosure-iOS-DD/Build/Products/Debug-iphonesimulator/MyRAM.app/PlugIns/MyRAMTests.xctest/MyRAMTests

CopySwiftLibs /tmp/MYR175-AppClosure-iOS-DD/Build/Products/Debug-iphonesimulator/MyRAM.app/PlugIns/MyRAMTests.xctest (in target 'MyRAMTests' from project 'MyRAM')
    cd /Users/runner/work/MyRAM-iOS/MyRAM-iOS/MyRAM-iOS
    builtin-swiftStdLibTool --copy --verbose --scan-executable /tmp/MYR175-AppClosure-iOS-DD/Build/Products/Debug-iphonesimulator/MyRAM.app/PlugIns/MyRAMTests.xctest/MyRAMTests --scan-folder /tmp/MYR175-AppClosure-iOS-DD/Build/Products/Debug-iphonesimulator/MyRAM.app/PlugIns/MyRAMTests.xctest/Frameworks --scan-folder /tmp/MYR175-AppClosure-iOS-DD/Build/Products/Debug-iphonesimulator/MyRAM.app/PlugIns/MyRAMTests.xctest/PlugIns --scan-folder /tmp/MYR175-AppClosure-iOS-DD/Build/Products/Debug-iphonesimulator/MyRAM.app/PlugIns/MyRAMTests.xctest/SystemExtensions --scan-folder /tmp/MYR175-AppClosure-iOS-DD/Build/Products/Debug-iphonesimulator/MyRAM.app/PlugIns/MyRAMTests.xctest/Extensions --scan-folder /tmp/MYR175-AppClosure-iOS-DD/Build/Products/Debug-iphonesimulator/PackageFrameworks/AnchoredSequenceCore_-65B9EEE52AB2106_PackageProduct.framework --platform iphonesimulator --toolchain /var/run/com.apple.security.cryptexd/mnt/com.apple.MobileAsset.MetalToolchain-v17.6.42.0.4UaXzV/Metal.xctoolchain --toolchain /Applications/Xcode_26.5.app/Contents/Developer/Toolchains/XcodeDefault.xctoolchain --destination /tmp/MYR175-AppClosure-iOS-DD/Build/Products/Debug-iphonesimulator/MyRAM.app/PlugIns/MyRAMTests.xctest/Frameworks --strip-bitcode --scan-executable /Applications/Xcode_26.5.app/Contents/Developer/Platforms/iPhoneSimulator.platform/Developer/usr/lib/libXCTestSwiftSupport.dylib --strip-bitcode-tool /Applications/Xcode_26.5.app/Contents/Developer/Toolchains/XcodeDefault.xctoolchain/usr/bin/bitcode_strip --emit-dependency-info /tmp/MYR175-AppClosure-iOS-DD/Build/Intermediates.noindex/MyRAM.build/Debug-iphonesimulator/MyRAMTests.build/SwiftStdLibToolInputDependencies.dep --filter-for-swift-os
Ignoring --strip-bitcode because --sign was not passed

ExtractAppIntentsMetadata (in target 'MyRAMTests' from project 'MyRAM')
    cd /Users/runner/work/MyRAM-iOS/MyRAM-iOS/MyRAM-iOS
    /Applications/Xcode_26.5.app/Contents/Developer/Toolchains/XcodeDefault.xctoolchain/usr/bin/appintentsmetadataprocessor --toolchain-dir /var/run/com.apple.security.cryptexd/mnt/com.apple.MobileAsset.MetalToolchain-v17.6.42.0.4UaXzV/Metal.xctoolchain --module-name MyRAMTests --sdk-root /Applications/Xcode_26.5.app/Contents/Developer/Platforms/iPhoneSimulator.platform/Developer/SDKs/iPhoneSimulator26.5.sdk --xcode-version 17F42 --platform-family iOS --deployment-target 17.0 --bundle-identifier com.apexcoretechs.MyRAMTests --output /tmp/MYR175-AppClosure-iOS-DD/Build/Products/Debug-iphonesimulator/MyRAM.app/PlugIns/MyRAMTests.xctest --target-triple arm64-apple-ios17.0-simulator --binary-file /tmp/MYR175-AppClosure-iOS-DD/Build/Products/Debug-iphonesimulator/MyRAM.app/PlugIns/MyRAMTests.xctest/MyRAMTests --dependency-file /tmp/MYR175-AppClosure-iOS-DD/Build/Intermediates.noindex/MyRAM.build/Debug-iphonesimulator/MyRAMTests.build/Objects-normal/arm64/MyRAMTests_dependency_info.dat --stringsdata-file /tmp/MYR175-AppClosure-iOS-DD/Build/Intermediates.noindex/MyRAM.build/Debug-iphonesimulator/MyRAMTests.build/Objects-normal/arm64/ExtractedAppShortcutsMetadata.stringsdata --source-file-list /tmp/MYR175-AppClosure-iOS-DD/Build/Intermediates.noindex/MyRAM.build/Debug-iphonesimulator/MyRAMTests.build/Objects-normal/arm64/MyRAMTests.SwiftFileList --metadata-file-list /tmp/MYR175-AppClosure-iOS-DD/Build/Intermediates.noindex/MyRAM.build/Debug-iphonesimulator/MyRAMTests.build/MyRAMTests.DependencyMetadataFileList --static-metadata-file-list /tmp/MYR175-AppClosure-iOS-DD/Build/Intermediates.noindex/MyRAM.build/Debug-iphonesimulator/MyRAMTests.build/MyRAMTests.DependencyStaticMetadataFileList --swift-const-vals-list /tmp/MYR175-AppClosure-iOS-DD/Build/Intermediates.noindex/MyRAM.build/Debug-iphonesimulator/MyRAMTests.build/Objects-normal/arm64/MyRAMTests.SwiftConstValuesFileList --compile-time-extraction --deployment-aware-processing --validate-assistant-intents --no-app-shortcuts-localization
2026-08-04 17:06:10.438 appintentsmetadataprocessor[3817:14849] Starting appintentsmetadataprocessor export
2026-08-04 17:06:10.470 appintentsmetadataprocessor[3817:14849] Extracted no relevant App Intents symbols, skipping writing output

AppIntentsSSUTraining (in target 'MyRAMTests' from project 'MyRAM')
    cd /Users/runner/work/MyRAM-iOS/MyRAM-iOS/MyRAM-iOS
    /Applications/Xcode_26.5.app/Contents/Developer/Toolchains/XcodeDefault.xctoolchain/usr/bin/appintentsnltrainingprocessor --infoplist-path /tmp/MYR175-AppClosure-iOS-DD/Build/Products/Debug-iphonesimulator/MyRAM.app/PlugIns/MyRAMTests.xctest/Info.plist --temp-dir-path /tmp/MYR175-AppClosure-iOS-DD/Build/Intermediates.noindex/MyRAM.build/Debug-iphonesimulator/MyRAMTests.build/ssu --bundle-id com.apexcoretechs.MyRAMTests --product-path /tmp/MYR175-AppClosure-iOS-DD/Build/Products/Debug-iphonesimulator/MyRAM.app/PlugIns/MyRAMTests.xctest --extracted-metadata-path /tmp/MYR175-AppClosure-iOS-DD/Build/Products/Debug-iphonesimulator/MyRAM.app/PlugIns/MyRAMTests.xctest/Metadata.appintents --metadata-file-list /tmp/MYR175-AppClosure-iOS-DD/Build/Intermediates.noindex/MyRAM.build/Debug-iphonesimulator/MyRAMTests.build/MyRAMTests.DependencyMetadataFileList --source-file /tmp/MYR175-AppClosure-iOS-DD/Build/Products/Debug-iphonesimulator/MyRAM.app/PlugIns/MyRAMTests.xctest/Info.plist --archive-ssu-assets
2026-08-04 17:06:10.494 appintentsnltrainingprocessor[3818:14853] Parsing options for appintentsnltrainingprocessor
2026-08-04 17:06:10.494 appintentsnltrainingprocessor[3818:14853] Starting AppIntents SSU YAML Generation
2026-08-04 17:06:10.494 appintentsnltrainingprocessor[3818:14853] No AppShortcuts found - Skipping.

RegisterExecutionPolicyException /tmp/MYR175-AppClosure-iOS-DD/Build/Products/Debug-iphonesimulator/MyRAM.app/PlugIns/MyRAMTests.xctest (in target 'MyRAMTests' from project 'MyRAM')
    cd /Users/runner/work/MyRAM-iOS/MyRAM-iOS/MyRAM-iOS
    builtin-RegisterExecutionPolicyException /tmp/MYR175-AppClosure-iOS-DD/Build/Products/Debug-iphonesimulator/MyRAM.app/PlugIns/MyRAMTests.xctest

Touch /tmp/MYR175-AppClosure-iOS-DD/Build/Products/Debug-iphonesimulator/MyRAM.app/PlugIns/MyRAMTests.xctest (in target 'MyRAMTests' from project 'MyRAM')
    cd /Users/runner/work/MyRAM-iOS/MyRAM-iOS/MyRAM-iOS
    /usr/bin/touch -c /tmp/MYR175-AppClosure-iOS-DD/Build/Products/Debug-iphonesimulator/MyRAM.app/PlugIns/MyRAMTests.xctest

RegisterExecutionPolicyException /tmp/MYR175-AppClosure-iOS-DD/Build/Products/Debug-iphonesimulator/MyRAM.app (in target 'MyRAM' from project 'MyRAM')
    cd /Users/runner/work/MyRAM-iOS/MyRAM-iOS/MyRAM-iOS
    builtin-RegisterExecutionPolicyException /tmp/MYR175-AppClosure-iOS-DD/Build/Products/Debug-iphonesimulator/MyRAM.app

Validate /tmp/MYR175-AppClosure-iOS-DD/Build/Products/Debug-iphonesimulator/MyRAM.app (in target 'MyRAM' from project 'MyRAM')
    cd /Users/runner/work/MyRAM-iOS/MyRAM-iOS/MyRAM-iOS
    builtin-validationUtility /tmp/MYR175-AppClosure-iOS-DD/Build/Products/Debug-iphonesimulator/MyRAM.app -shallow-bundle -infoplist-subpath Info.plist

Touch /tmp/MYR175-AppClosure-iOS-DD/Build/Products/Debug-iphonesimulator/MyRAM.app (in target 'MyRAM' from project 'MyRAM')
    cd /Users/runner/work/MyRAM-iOS/MyRAM-iOS/MyRAM-iOS
    /usr/bin/touch -c /tmp/MYR175-AppClosure-iOS-DD/Build/Products/Debug-iphonesimulator/MyRAM.app

ProcessInfoPlistFile /tmp/MYR175-AppClosure-iOS-DD/Build/Products/Debug-iphonesimulator/MyRAMUITests-Runner.app/PlugIns/MyRAMUITests.xctest/Info.plist /tmp/MYR175-AppClosure-iOS-DD/Build/Intermediates.noindex/MyRAM.build/Debug-iphonesimulator/MyRAMUITests.build/empty-MyRAMUITests.plist (in target 'MyRAMUITests' from project 'MyRAM')
    cd /Users/runner/work/MyRAM-iOS/MyRAM-iOS/MyRAM-iOS
    builtin-infoPlistUtility /tmp/MYR175-AppClosure-iOS-DD/Build/Intermediates.noindex/MyRAM.build/Debug-iphonesimulator/MyRAMUITests.build/empty-MyRAMUITests.plist -producttype com.apple.product-type.bundle.ui-testing -expandbuildsettings -format binary -platform iphonesimulator -additionalcontentfile /tmp/MYR175-AppClosure-iOS-DD/Build/Intermediates.noindex/MyRAM.build/Debug-iphonesimulator/MyRAMUITests.build/ProductTypeInfoPlistAdditions.plist -o /tmp/MYR175-AppClosure-iOS-DD/Build/Products/Debug-iphonesimulator/MyRAMUITests-Runner.app/PlugIns/MyRAMUITests.xctest/Info.plist

Ld /tmp/MYR175-AppClosure-iOS-DD/Build/Products/Debug-iphonesimulator/MyRAMUITests-Runner.app/PlugIns/MyRAMUITests.xctest/MyRAMUITests normal (in target 'MyRAMUITests' from project 'MyRAM')
    cd /Users/runner/work/MyRAM-iOS/MyRAM-iOS/MyRAM-iOS
    /Applications/Xcode_26.5.app/Contents/Developer/Toolchains/XcodeDefault.xctoolchain/usr/bin/clang -Xlinker -reproducible -target arm64-apple-ios17.0-simulator -bundle -isysroot /Applications/Xcode_26.5.app/Contents/Developer/Platforms/iPhoneSimulator.platform/Developer/SDKs/iPhoneSimulator26.5.sdk -O0 -L/tmp/MYR175-AppClosure-iOS-DD/Build/Intermediates.noindex/EagerLinkingTBDs/Debug-iphonesimulator -L/tmp/MYR175-AppClosure-iOS-DD/Build/Products/Debug-iphonesimulator -L/Applications/Xcode_26.5.app/Contents/Developer/Platforms/iPhoneSimulator.platform/Developer/usr/lib -F/tmp/MYR175-AppClosure-iOS-DD/Build/Intermediates.noindex/EagerLinkingTBDs/Debug-iphonesimulator -F/tmp/MYR175-AppClosure-iOS-DD/Build/Products/Debug-iphonesimulator -iframework /Applications/Xcode_26.5.app/Contents/Developer/Platforms/iPhoneSimulator.platform/Developer/Library/Frameworks -iframework /Applications/Xcode_26.5.app/Contents/Developer/Platforms/iPhoneSimulator.platform/Developer/SDKs/iPhoneSimulator26.5.sdk/Developer/Library/Frameworks -filelist /tmp/MYR175-AppClosure-iOS-DD/Build/Intermediates.noindex/MyRAM.build/Debug-iphonesimulator/MyRAMUITests.build/Objects-normal/arm64/MyRAMUITests.LinkFileList -Xlinker -rpath -Xlinker /usr/lib/swift -Xlinker -rpath -Xlinker @loader_path/Frameworks -Xlinker -dead_strip -Xlinker -object_path_lto -Xlinker /tmp/MYR175-AppClosure-iOS-DD/Build/Intermediates.noindex/MyRAM.build/Debug-iphonesimulator/MyRAMUITests.build/Objects-normal/arm64/MyRAMUITests_lto.o -rdynamic -Xlinker -no_deduplicate -Xlinker -objc_abi_version -Xlinker 2 -Xlinker -dependency_info -Xlinker /tmp/MYR175-AppClosure-iOS-DD/Build/Intermediates.noindex/MyRAM.build/Debug-iphonesimulator/MyRAMUITests.build/Objects-normal/arm64/MyRAMUITests_dependency_info.dat -fobjc-link-runtime -L/Applications/Xcode_26.5.app/Contents/Developer/Toolchains/XcodeDefault.xctoolchain/usr/lib/swift/iphonesimulator -L/usr/lib/swift -Xlinker -add_ast_path -Xlinker /tmp/MYR175-AppClosure-iOS-DD/Build/Intermediates.noindex/MyRAM.build/Debug-iphonesimulator/MyRAMUITests.build/Objects-normal/arm64/MyRAMUITests.swiftmodule @/tmp/MYR175-AppClosure-iOS-DD/Build/Intermediates.noindex/MyRAM.build/Debug-iphonesimulator/MyRAMUITests.build/Objects-normal/arm64/MyRAMUITests-linker-args.resp -Xlinker -needed_framework -Xlinker XCTest -framework XCTest -Xlinker -needed-lXCTestSwiftSupport -lXCTestSwiftSupport -o /tmp/MYR175-AppClosure-iOS-DD/Build/Products/Debug-iphonesimulator/MyRAMUITests-Runner.app/PlugIns/MyRAMUITests.xctest/MyRAMUITests

ExtractAppIntentsMetadata (in target 'MyRAMUITests' from project 'MyRAM')
    cd /Users/runner/work/MyRAM-iOS/MyRAM-iOS/MyRAM-iOS
    /Applications/Xcode_26.5.app/Contents/Developer/Toolchains/XcodeDefault.xctoolchain/usr/bin/appintentsmetadataprocessor --toolchain-dir /var/run/com.apple.security.cryptexd/mnt/com.apple.MobileAsset.MetalToolchain-v17.6.42.0.4UaXzV/Metal.xctoolchain --module-name MyRAMUITests --sdk-root /Applications/Xcode_26.5.app/Contents/Developer/Platforms/iPhoneSimulator.platform/Developer/SDKs/iPhoneSimulator26.5.sdk --xcode-version 17F42 --platform-family iOS --deployment-target 17.0 --bundle-identifier com.apexcoretechs.MyRAMUITests --output /tmp/MYR175-AppClosure-iOS-DD/Build/Products/Debug-iphonesimulator/MyRAMUITests-Runner.app/PlugIns/MyRAMUITests.xctest --target-triple arm64-apple-ios17.0-simulator --binary-file /tmp/MYR175-AppClosure-iOS-DD/Build/Products/Debug-iphonesimulator/MyRAMUITests-Runner.app/PlugIns/MyRAMUITests.xctest/MyRAMUITests --dependency-file /tmp/MYR175-AppClosure-iOS-DD/Build/Intermediates.noindex/MyRAM.build/Debug-iphonesimulator/MyRAMUITests.build/Objects-normal/arm64/MyRAMUITests_dependency_info.dat --stringsdata-file /tmp/MYR175-AppClosure-iOS-DD/Build/Intermediates.noindex/MyRAM.build/Debug-iphonesimulator/MyRAMUITests.build/Objects-normal/arm64/ExtractedAppShortcutsMetadata.stringsdata --source-file-list /tmp/MYR175-AppClosure-iOS-DD/Build/Intermediates.noindex/MyRAM.build/Debug-iphonesimulator/MyRAMUITests.build/Objects-normal/arm64/MyRAMUITests.SwiftFileList --metadata-file-list /tmp/MYR175-AppClosure-iOS-DD/Build/Intermediates.noindex/MyRAM.build/Debug-iphonesimulator/MyRAMUITests.build/MyRAMUITests.DependencyMetadataFileList --static-metadata-file-list /tmp/MYR175-AppClosure-iOS-DD/Build/Intermediates.noindex/MyRAM.build/Debug-iphonesimulator/MyRAMUITests.build/MyRAMUITests.DependencyStaticMetadataFileList --swift-const-vals-list /tmp/MYR175-AppClosure-iOS-DD/Build/Intermediates.noindex/MyRAM.build/Debug-iphonesimulator/MyRAMUITests.build/Objects-normal/arm64/MyRAMUITests.SwiftConstValuesFileList --compile-time-extraction --deployment-aware-processing --validate-assistant-intents --no-app-shortcuts-localization
2026-08-04 17:06:10.853 appintentsmetadataprocessor[3823:14864] Starting appintentsmetadataprocessor export
2026-08-04 17:06:10.855 appintentsmetadataprocessor[3823:14864] warning: Metadata extraction skipped. No AppIntents.framework dependency found.

CopySwiftLibs /tmp/MYR175-AppClosure-iOS-DD/Build/Products/Debug-iphonesimulator/MyRAMUITests-Runner.app/PlugIns/MyRAMUITests.xctest (in target 'MyRAMUITests' from project 'MyRAM')
    cd /Users/runner/work/MyRAM-iOS/MyRAM-iOS/MyRAM-iOS
    builtin-swiftStdLibTool --copy --verbose --scan-executable /tmp/MYR175-AppClosure-iOS-DD/Build/Products/Debug-iphonesimulator/MyRAMUITests-Runner.app/PlugIns/MyRAMUITests.xctest/MyRAMUITests --scan-folder /tmp/MYR175-AppClosure-iOS-DD/Build/Products/Debug-iphonesimulator/MyRAMUITests-Runner.app/PlugIns/MyRAMUITests.xctest/Frameworks --scan-folder /tmp/MYR175-AppClosure-iOS-DD/Build/Products/Debug-iphonesimulator/MyRAMUITests-Runner.app/PlugIns/MyRAMUITests.xctest/PlugIns --scan-folder /tmp/MYR175-AppClosure-iOS-DD/Build/Products/Debug-iphonesimulator/MyRAMUITests-Runner.app/PlugIns/MyRAMUITests.xctest/SystemExtensions --scan-folder /tmp/MYR175-AppClosure-iOS-DD/Build/Products/Debug-iphonesimulator/MyRAMUITests-Runner.app/PlugIns/MyRAMUITests.xctest/Extensions --platform iphonesimulator --toolchain /var/run/com.apple.security.cryptexd/mnt/com.apple.MobileAsset.MetalToolchain-v17.6.42.0.4UaXzV/Metal.xctoolchain --toolchain /Applications/Xcode_26.5.app/Contents/Developer/Toolchains/XcodeDefault.xctoolchain --destination /tmp/MYR175-AppClosure-iOS-DD/Build/Products/Debug-iphonesimulator/MyRAMUITests-Runner.app/PlugIns/MyRAMUITests.xctest/Frameworks --strip-bitcode --scan-executable /Applications/Xcode_26.5.app/Contents/Developer/Platforms/iPhoneSimulator.platform/Developer/usr/lib/libXCTestSwiftSupport.dylib --strip-bitcode-tool /Applications/Xcode_26.5.app/Contents/Developer/Toolchains/XcodeDefault.xctoolchain/usr/bin/bitcode_strip --emit-dependency-info /tmp/MYR175-AppClosure-iOS-DD/Build/Intermediates.noindex/MyRAM.build/Debug-iphonesimulator/MyRAMUITests.build/SwiftStdLibToolInputDependencies.dep --filter-for-swift-os
Ignoring --strip-bitcode because --sign was not passed

AppIntentsSSUTraining (in target 'MyRAMUITests' from project 'MyRAM')
    cd /Users/runner/work/MyRAM-iOS/MyRAM-iOS/MyRAM-iOS
    /Applications/Xcode_26.5.app/Contents/Developer/Toolchains/XcodeDefault.xctoolchain/usr/bin/appintentsnltrainingprocessor --infoplist-path /tmp/MYR175-AppClosure-iOS-DD/Build/Products/Debug-iphonesimulator/MyRAMUITests-Runner.app/PlugIns/MyRAMUITests.xctest/Info.plist --temp-dir-path /tmp/MYR175-AppClosure-iOS-DD/Build/Intermediates.noindex/MyRAM.build/Debug-iphonesimulator/MyRAMUITests.build/ssu --bundle-id com.apexcoretechs.MyRAMUITests --product-path /tmp/MYR175-AppClosure-iOS-DD/Build/Products/Debug-iphonesimulator/MyRAMUITests-Runner.app/PlugIns/MyRAMUITests.xctest --extracted-metadata-path /tmp/MYR175-AppClosure-iOS-DD/Build/Products/Debug-iphonesimulator/MyRAMUITests-Runner.app/PlugIns/MyRAMUITests.xctest/Metadata.appintents --metadata-file-list /tmp/MYR175-AppClosure-iOS-DD/Build/Intermediates.noindex/MyRAM.build/Debug-iphonesimulator/MyRAMUITests.build/MyRAMUITests.DependencyMetadataFileList --source-file /tmp/MYR175-AppClosure-iOS-DD/Build/Products/Debug-iphonesimulator/MyRAMUITests-Runner.app/PlugIns/MyRAMUITests.xctest/Info.plist --archive-ssu-assets
2026-08-04 17:06:10.873 appintentsnltrainingprocessor[3824:14865] Parsing options for appintentsnltrainingprocessor
2026-08-04 17:06:10.873 appintentsnltrainingprocessor[3824:14865] Starting AppIntents SSU YAML Generation
2026-08-04 17:06:10.874 appintentsnltrainingprocessor[3824:14865] No AppShortcuts found - Skipping.

MkDir /tmp/MYR175-AppClosure-iOS-DD/Build/Products/Debug-iphonesimulator/MyRAMUITests-Runner.app (in target 'MyRAMUITests' from project 'MyRAM')
    cd /Users/runner/work/MyRAM-iOS/MyRAM-iOS/MyRAM-iOS
    /bin/mkdir -p /tmp/MYR175-AppClosure-iOS-DD/Build/Products/Debug-iphonesimulator/MyRAMUITests-Runner.app

CopyAndPreserveArchs /tmp/MYR175-AppClosure-iOS-DD/Build/Products/Debug-iphonesimulator/MyRAMUITests-Runner.app/MyRAMUITests-Runner (in target 'MyRAMUITests' from project 'MyRAM')
    cd /Users/runner/work/MyRAM-iOS/MyRAM-iOS/MyRAM-iOS
    /Applications/Xcode_26.5.app/Contents/Developer/Toolchains/XcodeDefault.xctoolchain/usr/bin/lipo /Applications/Xcode_26.5.app/Contents/Developer/Platforms/iPhoneSimulator.platform/Developer/Library/Xcode/Agents/XCTRunner.app/XCTRunner -output /tmp/MYR175-AppClosure-iOS-DD/Build/Products/Debug-iphonesimulator/MyRAMUITests-Runner.app/MyRAMUITests-Runner -extract arm64

CopyPlistFile /tmp/MYR175-AppClosure-iOS-DD/Build/Products/Debug-iphonesimulator/MyRAMUITests-Runner.app/Info.plist /Applications/Xcode_26.5.app/Contents/Developer/Platforms/iPhoneSimulator.platform/Developer/Library/Xcode/Agents/XCTRunner.app/Info.plist (in target 'MyRAMUITests' from project 'MyRAM')
    cd /Users/runner/work/MyRAM-iOS/MyRAM-iOS/MyRAM-iOS
    builtin-copyPlist --validate --convert xml1 --macro-expansion WRAPPEDPRODUCTNAME MyRAMUITests-Runner --macro-expansion WRAPPEDPRODUCTBUNDLEIDENTIFIER com.apexcoretechs.MyRAMUITests.xctrunner --macro-expansion TESTPRODUCTNAME MyRAMUITests --macro-expansion TESTPRODUCTBUNDLEIDENTIFIER com.apexcoretechs.MyRAMUITests --copy-value UIDeviceFamily /tmp/MYR175-AppClosure-iOS-DD/Build/Products/Debug-iphonesimulator/MyRAMUITests-Runner.app/PlugIns/MyRAMUITests.xctest/Info.plist --outdir /tmp/MYR175-AppClosure-iOS-DD/Build/Products/Debug-iphonesimulator/MyRAMUITests-Runner.app -- /Applications/Xcode_26.5.app/Contents/Developer/Platforms/iPhoneSimulator.platform/Developer/Library/Xcode/Agents/XCTRunner.app/Info.plist

Copy /tmp/MYR175-AppClosure-iOS-DD/Build/Products/Debug-iphonesimulator/MyRAMUITests-Runner.app/PkgInfo /Applications/Xcode_26.5.app/Contents/Developer/Platforms/iPhoneSimulator.platform/Developer/Library/Xcode/Agents/XCTRunner.app/PkgInfo (in target 'MyRAMUITests' from project 'MyRAM')
    cd /Users/runner/work/MyRAM-iOS/MyRAM-iOS/MyRAM-iOS
    builtin-copy -exclude .DS_Store -exclude CVS -exclude .svn -exclude .git -exclude .hg -resolve-src-symlinks /Applications/Xcode_26.5.app/Contents/Developer/Platforms/iPhoneSimulator.platform/Developer/Library/Xcode/Agents/XCTRunner.app/PkgInfo /tmp/MYR175-AppClosure-iOS-DD/Build/Products/Debug-iphonesimulator/MyRAMUITests-Runner.app

Copy /tmp/MYR175-AppClosure-iOS-DD/Build/Products/Debug-iphonesimulator/MyRAMUITests-Runner.app/Frameworks/libXCTestSwiftSupport.dylib /Applications/Xcode_26.5.app/Contents/Developer/Platforms/iPhoneSimulator.platform/Developer/usr/lib/libXCTestSwiftSupport.dylib (in target 'MyRAMUITests' from project 'MyRAM')
    cd /Users/runner/work/MyRAM-iOS/MyRAM-iOS/MyRAM-iOS
    builtin-copy -exclude .DS_Store -exclude CVS -exclude .svn -exclude .git -exclude .hg -exclude Headers -exclude PrivateHeaders -exclude Modules -exclude \*.tbd -resolve-src-symlinks /Applications/Xcode_26.5.app/Contents/Developer/Platforms/iPhoneSimulator.platform/Developer/usr/lib/libXCTestSwiftSupport.dylib /tmp/MYR175-AppClosure-iOS-DD/Build/Products/Debug-iphonesimulator/MyRAMUITests-Runner.app/Frameworks

Copy /tmp/MYR175-AppClosure-iOS-DD/Build/Products/Debug-iphonesimulator/MyRAMUITests-Runner.app/Frameworks/XCUnit.framework /Applications/Xcode_26.5.app/Contents/Developer/Platforms/iPhoneSimulator.platform/Developer/Library/PrivateFrameworks/XCUnit.framework (in target 'MyRAMUITests' from project 'MyRAM')
    cd /Users/runner/work/MyRAM-iOS/MyRAM-iOS/MyRAM-iOS
    builtin-copy -exclude .DS_Store -exclude CVS -exclude .svn -exclude .git -exclude .hg -exclude Headers -exclude PrivateHeaders -exclude Modules -exclude \*.tbd -resolve-src-symlinks /Applications/Xcode_26.5.app/Contents/Developer/Platforms/iPhoneSimulator.platform/Developer/Library/PrivateFrameworks/XCUnit.framework /tmp/MYR175-AppClosure-iOS-DD/Build/Products/Debug-iphonesimulator/MyRAMUITests-Runner.app/Frameworks

Copy /tmp/MYR175-AppClosure-iOS-DD/Build/Products/Debug-iphonesimulator/MyRAMUITests-Runner.app/Frameworks/XCUIAutomation.framework /Applications/Xcode_26.5.app/Contents/Developer/Platforms/iPhoneSimulator.platform/Developer/Library/Frameworks/XCUIAutomation.framework (in target 'MyRAMUITests' from project 'MyRAM')
    cd /Users/runner/work/MyRAM-iOS/MyRAM-iOS/MyRAM-iOS
    builtin-copy -exclude .DS_Store -exclude CVS -exclude .svn -exclude .git -exclude .hg -exclude Headers -exclude PrivateHeaders -exclude Modules -exclude \*.tbd -resolve-src-symlinks /Applications/Xcode_26.5.app/Contents/Developer/Platforms/iPhoneSimulator.platform/Developer/Library/Frameworks/XCUIAutomation.framework /tmp/MYR175-AppClosure-iOS-DD/Build/Products/Debug-iphonesimulator/MyRAMUITests-Runner.app/Frameworks

Copy /tmp/MYR175-AppClosure-iOS-DD/Build/Products/Debug-iphonesimulator/MyRAMUITests-Runner.app/Frameworks/XCTestSupport.framework /Applications/Xcode_26.5.app/Contents/Developer/Platforms/iPhoneSimulator.platform/Developer/Library/PrivateFrameworks/XCTestSupport.framework (in target 'MyRAMUITests' from project 'MyRAM')
    cd /Users/runner/work/MyRAM-iOS/MyRAM-iOS/MyRAM-iOS
    builtin-copy -exclude .DS_Store -exclude CVS -exclude .svn -exclude .git -exclude .hg -exclude Headers -exclude PrivateHeaders -exclude Modules -exclude \*.tbd -resolve-src-symlinks /Applications/Xcode_26.5.app/Contents/Developer/Platforms/iPhoneSimulator.platform/Developer/Library/PrivateFrameworks/XCTestSupport.framework /tmp/MYR175-AppClosure-iOS-DD/Build/Products/Debug-iphonesimulator/MyRAMUITests-Runner.app/Frameworks

Copy /tmp/MYR175-AppClosure-iOS-DD/Build/Products/Debug-iphonesimulator/MyRAMUITests-Runner.app/Frameworks/XCTestCore.framework /Applications/Xcode_26.5.app/Contents/Developer/Platforms/iPhoneSimulator.platform/Developer/Library/PrivateFrameworks/XCTestCore.framework (in target 'MyRAMUITests' from project 'MyRAM')
    cd /Users/runner/work/MyRAM-iOS/MyRAM-iOS/MyRAM-iOS
    builtin-copy -exclude .DS_Store -exclude CVS -exclude .svn -exclude .git -exclude .hg -exclude Headers -exclude PrivateHeaders -exclude Modules -exclude \*.tbd -resolve-src-symlinks /Applications/Xcode_26.5.app/Contents/Developer/Platforms/iPhoneSimulator.platform/Developer/Library/PrivateFrameworks/XCTestCore.framework /tmp/MYR175-AppClosure-iOS-DD/Build/Products/Debug-iphonesimulator/MyRAMUITests-Runner.app/Frameworks

Copy /tmp/MYR175-AppClosure-iOS-DD/Build/Products/Debug-iphonesimulator/MyRAMUITests-Runner.app/Frameworks/XCTest.framework /Applications/Xcode_26.5.app/Contents/Developer/Platforms/iPhoneSimulator.platform/Developer/Library/Frameworks/XCTest.framework (in target 'MyRAMUITests' from project 'MyRAM')
    cd /Users/runner/work/MyRAM-iOS/MyRAM-iOS/MyRAM-iOS
    builtin-copy -exclude .DS_Store -exclude CVS -exclude .svn -exclude .git -exclude .hg -exclude Headers -exclude PrivateHeaders -exclude Modules -exclude \*.tbd -resolve-src-symlinks /Applications/Xcode_26.5.app/Contents/Developer/Platforms/iPhoneSimulator.platform/Developer/Library/Frameworks/XCTest.framework /tmp/MYR175-AppClosure-iOS-DD/Build/Products/Debug-iphonesimulator/MyRAMUITests-Runner.app/Frameworks

Copy /tmp/MYR175-AppClosure-iOS-DD/Build/Products/Debug-iphonesimulator/MyRAMUITests-Runner.app/Frameworks/XCTAutomationSupport.framework /Applications/Xcode_26.5.app/Contents/Developer/Platforms/iPhoneSimulator.platform/Developer/Library/PrivateFrameworks/XCTAutomationSupport.framework (in target 'MyRAMUITests' from project 'MyRAM')
    cd /Users/runner/work/MyRAM-iOS/MyRAM-iOS/MyRAM-iOS
    builtin-copy -exclude .DS_Store -exclude CVS -exclude .svn -exclude .git -exclude .hg -exclude Headers -exclude PrivateHeaders -exclude Modules -exclude \*.tbd -resolve-src-symlinks /Applications/Xcode_26.5.app/Contents/Developer/Platforms/iPhoneSimulator.platform/Developer/Library/PrivateFrameworks/XCTAutomationSupport.framework /tmp/MYR175-AppClosure-iOS-DD/Build/Products/Debug-iphonesimulator/MyRAMUITests-Runner.app/Frameworks

Copy /tmp/MYR175-AppClosure-iOS-DD/Build/Products/Debug-iphonesimulator/MyRAMUITests-Runner.app/Frameworks/Testing.framework /Applications/Xcode_26.5.app/Contents/Developer/Platforms/iPhoneSimulator.platform/Developer/Library/Frameworks/Testing.framework (in target 'MyRAMUITests' from project 'MyRAM')
    cd /Users/runner/work/MyRAM-iOS/MyRAM-iOS/MyRAM-iOS
    builtin-copy -exclude .DS_Store -exclude CVS -exclude .svn -exclude .git -exclude .hg -exclude Headers -exclude PrivateHeaders -exclude Modules -exclude \*.tbd -resolve-src-symlinks /Applications/Xcode_26.5.app/Contents/Developer/Platforms/iPhoneSimulator.platform/Developer/Library/Frameworks/Testing.framework /tmp/MYR175-AppClosure-iOS-DD/Build/Products/Debug-iphonesimulator/MyRAMUITests-Runner.app/Frameworks

RegisterExecutionPolicyException /tmp/MYR175-AppClosure-iOS-DD/Build/Products/Debug-iphonesimulator/MyRAMUITests-Runner.app/PlugIns/MyRAMUITests.xctest (in target 'MyRAMUITests' from project 'MyRAM')
    cd /Users/runner/work/MyRAM-iOS/MyRAM-iOS/MyRAM-iOS
    builtin-RegisterExecutionPolicyException /tmp/MYR175-AppClosure-iOS-DD/Build/Products/Debug-iphonesimulator/MyRAMUITests-Runner.app/PlugIns/MyRAMUITests.xctest

Touch /tmp/MYR175-AppClosure-iOS-DD/Build/Products/Debug-iphonesimulator/MyRAMUITests-Runner.app/PlugIns/MyRAMUITests.xctest (in target 'MyRAMUITests' from project 'MyRAM')
    cd /Users/runner/work/MyRAM-iOS/MyRAM-iOS/MyRAM-iOS
    /usr/bin/touch -c /tmp/MYR175-AppClosure-iOS-DD/Build/Products/Debug-iphonesimulator/MyRAMUITests-Runner.app/PlugIns/MyRAMUITests.xctest

✅ Fresh SwiftData store initialized successfully
2026-08-04 17:08:12.735984+0000 MyRAM[4775:19366] [Type Declaration Issues] Type "net.daringfireball.markdown" was expected to be declared and imported in the Info.plist of MyRAM.app, but it was not found.
2026-08-04 17:08:12.999947+0000 MyRAM[4775:20555] [General] Failed to send CA Event for app launch measurements for ca_event_type: 0 event_name: com.apple.app_launch_measurement.FirstFramePresentationMetric
2026-08-04 17:08:13.081732+0000 MyRAM[4775:19366] [unspecified] container_create_or_lookup_app_group_path_by_app_group_identifier: client is not entitled
2026-08-04 17:08:13.810018+0000 MyRAM[4775:20552] [General] Failed to send CA Event for app launch measurements for ca_event_type: 1 event_name: com.apple.app_launch_measurement.ExtendedLaunchMetrics
Test Suite 'All tests' started at 2026-08-04 17:08:15.532.
Test Suite 'MyRAMTests.xctest' started at 2026-08-04 17:08:15.533.
Test Suite 'ActiveEditorApplicationPolicyTests' started at 2026-08-04 17:08:15.533.
Test Case '-[MyRAMTests.ActiveEditorApplicationPolicyTests testActivePinnedTextEditDefers]' started.
Test Case '-[MyRAMTests.ActiveEditorApplicationPolicyTests testActivePinnedTextEditDefers]' passed (0.002 seconds).
Test Case '-[MyRAMTests.ActiveEditorApplicationPolicyTests testIdleEditorAppliesIncrementally]' started.
Test Case '-[MyRAMTests.ActiveEditorApplicationPolicyTests testIdleEditorAppliesIncrementally]' passed (0.001 seconds).
Test Case '-[MyRAMTests.ActiveEditorApplicationPolicyTests testInactiveSelectedNoteIsIgnoredWithoutReload]' started.
Test Case '-[MyRAMTests.ActiveEditorApplicationPolicyTests testInactiveSelectedNoteIsIgnoredWithoutReload]' passed (0.002 seconds).
Test Case '-[MyRAMTests.ActiveEditorApplicationPolicyTests testLocalBufferOwnershipDefers]' started.
Test Case '-[MyRAMTests.ActiveEditorApplicationPolicyTests testLocalBufferOwnershipDefers]' passed (0.001 seconds).
Test Case '-[MyRAMTests.ActiveEditorApplicationPolicyTests testMarkedTextCompositionDefers]' started.
Test Case '-[MyRAMTests.ActiveEditorApplicationPolicyTests testMarkedTextCompositionDefers]' passed (0.001 seconds).
Test Case '-[MyRAMTests.ActiveEditorApplicationPolicyTests testMissingEditorReloads]' started.
Test Case '-[MyRAMTests.ActiveEditorApplicationPolicyTests testMissingEditorReloads]' passed (0.001 seconds).
Test Case '-[MyRAMTests.ActiveEditorApplicationPolicyTests testPendingLocalCommitDefers]' started.
Test Case '-[MyRAMTests.ActiveEditorApplicationPolicyTests testPendingLocalCommitDefers]' passed (0.000 seconds).
Test Case '-[MyRAMTests.ActiveEditorApplicationPolicyTests testRestoringHistoryDefers]' started.
Test Case '-[MyRAMTests.ActiveEditorApplicationPolicyTests testRestoringHistoryDefers]' passed (0.001 seconds).
Test Case '-[MyRAMTests.ActiveEditorApplicationPolicyTests testStatePolicyAppliesInSafeIdleState]' started.
Test Case '-[MyRAMTests.ActiveEditorApplicationPolicyTests testStatePolicyAppliesInSafeIdleState]' passed (0.000 seconds).
Test Case '-[MyRAMTests.ActiveEditorApplicationPolicyTests testStatePolicyDefersActivePinnedTextEdit]' started.
Test Case '-[MyRAMTests.ActiveEditorApplicationPolicyTests testStatePolicyDefersActivePinnedTextEdit]' passed (0.001 seconds).
Test Case '-[MyRAMTests.ActiveEditorApplicationPolicyTests testStatePolicyDefersApplyingUndo]' started.
Test Case '-[MyRAMTests.ActiveEditorApplicationPolicyTests testStatePolicyDefersApplyingUndo]' passed (0.165 seconds).
Test Case '-[MyRAMTests.ActiveEditorApplicationPolicyTests testStatePolicyDefersMarkedTextComposition]' started.
Test Case '-[MyRAMTests.ActiveEditorApplicationPolicyTests testStatePolicyDefersMarkedTextComposition]' passed (0.001 seconds).
Test Case '-[MyRAMTests.ActiveEditorApplicationPolicyTests testStatePolicyDefersPendingLocalCommit]' started.
Test Case '-[MyRAMTests.ActiveEditorApplicationPolicyTests testStatePolicyDefersPendingLocalCommit]' passed (0.001 seconds).
Test Case '-[MyRAMTests.ActiveEditorApplicationPolicyTests testStatePolicyDefersRestoringHistoryOwner]' started.
Test Case '-[MyRAMTests.ActiveEditorApplicationPolicyTests testStatePolicyDefersRestoringHistoryOwner]' passed (0.000 seconds).
Test Case '-[MyRAMTests.ActiveEditorApplicationPolicyTests testStatePolicyDefersUnsafeOwners]' started.
Test Case '-[MyRAMTests.ActiveEditorApplicationPolicyTests testStatePolicyDefersUnsafeOwners]' passed (0.049 seconds).
Test Case '-[MyRAMTests.ActiveEditorApplicationPolicyTests testStatePolicyIgnoresSelectedNoteMismatch]' started.
Test Case '-[MyRAMTests.ActiveEditorApplicationPolicyTests testStatePolicyIgnoresSelectedNoteMismatch]' passed (0.001 seconds).
Test Case '-[MyRAMTests.ActiveEditorApplicationPolicyTests testUnsafeStateDefersBeforeEditorUnavailableReload]' started.
Test Case '-[MyRAMTests.ActiveEditorApplicationPolicyTests testUnsafeStateDefersBeforeEditorUnavailableReload]' passed (0.001 seconds).
Test Case '-[MyRAMTests.ActiveEditorApplicationPolicyTests testWholeNoteFallbackGateAllowsAuthoritativeReloadWhenPreHashMatches]' started.
Test Case '-[MyRAMTests.ActiveEditorApplicationPolicyTests testWholeNoteFallbackGateAllowsAuthoritativeReloadWhenPreHashMatches]' passed (0.002 seconds).
Test Case '-[MyRAMTests.ActiveEditorApplicationPolicyTests testWholeNoteFallbackGateAllowsAuthoritativeReloadWithoutExpectedPreHash]' started.
Test Case '-[MyRAMTests.ActiveEditorApplicationPolicyTests testWholeNoteFallbackGateAllowsAuthoritativeReloadWithoutExpectedPreHash]' passed (0.001 seconds).
Test Case '-[MyRAMTests.ActiveEditorApplicationPolicyTests testWholeNoteFallbackGateDoesNotBlockNonAuthoritativeReloadReasons]' started.
Test Case '-[MyRAMTests.ActiveEditorApplicationPolicyTests testWholeNoteFallbackGateDoesNotBlockNonAuthoritativeReloadReasons]' passed (0.001 seconds).
Test Case '-[MyRAMTests.ActiveEditorApplicationPolicyTests testWholeNoteFallbackGateReturnsStillPendingWhenPreHashMismatches]' started.
Test Case '-[MyRAMTests.ActiveEditorApplicationPolicyTests testWholeNoteFallbackGateReturnsStillPendingWhenPreHashMismatches]' passed (0.001 seconds).
Test Suite 'ActiveEditorApplicationPolicyTests' passed at 2026-08-04 17:08:16.731.
	 Executed 21 tests, with 0 failures (0 unexpected) in 0.231 (1.198) seconds
Test Suite 'ActiveEditorSyncUpdateHandlerTests' started at 2026-08-04 17:08:16.731.
Test Case '-[MyRAMTests.ActiveEditorSyncUpdateHandlerTests testApplyWithDeferredTitleDispatchRecordsPendingMarkerWithoutImmediateAcknowledgement]' started.
Test Case '-[MyRAMTests.ActiveEditorSyncUpdateHandlerTests testApplyWithDeferredTitleDispatchRecordsPendingMarkerWithoutImmediateAcknowledgement]' passed (0.002 seconds).
Test Case '-[MyRAMTests.ActiveEditorSyncUpdateHandlerTests testDeferredTitleConsumptionAcknowledgesMatchingObservedTitle]' started.
Test Case '-[MyRAMTests.ActiveEditorSyncUpdateHandlerTests testDeferredTitleConsumptionAcknowledgesMatchingObservedTitle]' passed (0.001 seconds).
Test Case '-[MyRAMTests.ActiveEditorSyncUpdateHandlerTests testDeferredTitleConsumptionAcknowledgesMismatchedObservedTitleAsPending]' started.
Test Case '-[MyRAMTests.ActiveEditorSyncUpdateHandlerTests testDeferredTitleConsumptionAcknowledgesMismatchedObservedTitleAsPending]' passed (0.001 seconds).
Test Case '-[MyRAMTests.ActiveEditorSyncUpdateHandlerTests testDeferredTitleDispatchRecordsPendingMarkerWithoutImmediateAcknowledgement]' started.
Test Case '-[MyRAMTests.ActiveEditorSyncUpdateHandlerTests testDeferredTitleDispatchRecordsPendingMarkerWithoutImmediateAcknowledgement]' passed (0.001 seconds).
Test Case '-[MyRAMTests.ActiveEditorSyncUpdateHandlerTests testImmediateDispatcherAcknowledgementCases]' started.
Test Case '-[MyRAMTests.ActiveEditorSyncUpdateHandlerTests testImmediateDispatcherAcknowledgementCases]' passed (0.001 seconds).
Test Case '-[MyRAMTests.ActiveEditorSyncUpdateHandlerTests testTitleObservationWithoutPendingMarkerContinuesNormalEditorHandling]' started.
Test Case '-[MyRAMTests.ActiveEditorSyncUpdateHandlerTests testTitleObservationWithoutPendingMarkerContinuesNormalEditorHandling]' passed (0.032 seconds).
Test Suite 'ActiveEditorSyncUpdateHandlerTests' passed at 2026-08-04 17:08:16.858.
	 Executed 6 tests, with 0 failures (0 unexpected) in 0.037 (0.127) seconds
Test Suite 'EditorFocusSelectionPolicyTests' started at 2026-08-04 17:08:16.858.
Test Case '-[MyRAMTests.EditorFocusSelectionPolicyTests testCachedSelectionRejectsInvalidCachedRange]' started.
Test Case '-[MyRAMTests.EditorFocusSelectionPolicyTests testCachedSelectionRejectsInvalidCachedRange]' passed (0.001 seconds).
Test Case '-[MyRAMTests.EditorFocusSelectionPolicyTests testCachedSelectionUsesFocusedCollapsedCurrentRange]' started.
Test Case '-[MyRAMTests.EditorFocusSelectionPolicyTests testCachedSelectionUsesFocusedCollapsedCurrentRange]' passed (0.001 seconds).
Test Case '-[MyRAMTests.EditorFocusSelectionPolicyTests testCachedSelectionUsesPositiveLengthCachedRangeWhileUnfocused]' started.
Test Case '-[MyRAMTests.EditorFocusSelectionPolicyTests testCachedSelectionUsesPositiveLengthCachedRangeWhileUnfocused]' passed (0.001 seconds).
Test Case '-[MyRAMTests.EditorFocusSelectionPolicyTests testFocusRestoreAcceptsFirstOpenState]' started.
Test Case '-[MyRAMTests.EditorFocusSelectionPolicyTests testFocusRestoreAcceptsFirstOpenState]' passed (0.000 seconds).
Test Case '-[MyRAMTests.EditorFocusSelectionPolicyTests testFocusRestoreAcceptsNewerValidCurrentSelection]' started.
Test Case '-[MyRAMTests.EditorFocusSelectionPolicyTests testFocusRestoreAcceptsNewerValidCurrentSelection]' passed (0.000 seconds).
Test Case '-[MyRAMTests.EditorFocusSelectionPolicyTests testFocusRestoreAcceptsTextEndCaretWithoutFocusAcquisitionFallback]' started.
Test Case '-[MyRAMTests.EditorFocusSelectionPolicyTests testFocusRestoreAcceptsTextEndCaretWithoutFocusAcquisitionFallback]' passed (0.286 seconds).
Test Case '-[MyRAMTests.EditorFocusSelectionPolicyTests testFocusRestoreRejectsInvalidFocusAcquisitionRange]' started.
Test Case '-[MyRAMTests.EditorFocusSelectionPolicyTests testFocusRestoreRejectsInvalidFocusAcquisitionRange]' passed (0.001 seconds).
Test Case '-[MyRAMTests.EditorFocusSelectionPolicyTests testFocusRestoreRejectsInvalidSessionFallback]' started.
Test Case '-[MyRAMTests.EditorFocusSelectionPolicyTests testFocusRestoreRejectsInvalidSessionFallback]' passed (0.001 seconds).
Test Case '-[MyRAMTests.EditorFocusSelectionPolicyTests testFocusRestoreUsesFocusAcquisitionForTransientEndOfDocumentSelection]' started.
Test Case '-[MyRAMTests.EditorFocusSelectionPolicyTests testFocusRestoreUsesFocusAcquisitionForTransientEndOfDocumentSelection]' passed (0.002 seconds).
Test Case '-[MyRAMTests.EditorFocusSelectionPolicyTests testFocusRestoreUsesValidSessionFallbackWhenCurrentRangeIsNotFound]' started.
Test Case '-[MyRAMTests.EditorFocusSelectionPolicyTests testFocusRestoreUsesValidSessionFallbackWhenCurrentRangeIsNotFound]' passed (0.001 seconds).
Test Case '-[MyRAMTests.EditorFocusSelectionPolicyTests testShouldCacheSelectionPreservesExistingPredicate]' started.
Test Case '-[MyRAMTests.EditorFocusSelectionPolicyTests testShouldCacheSelectionPreservesExistingPredicate]' passed (0.000 seconds).
Test Suite 'EditorFocusSelectionPolicyTests' passed at 2026-08-04 17:08:17.192.
	 Executed 11 tests, with 0 failures (0 unexpected) in 0.293 (0.334) seconds
Test Suite 'EditorFormattingMutationApplierTests' started at 2026-08-04 17:08:17.192.
Test Case '-[MyRAMTests.EditorFormattingMutationApplierTests testAppliesDecorationPlanAndSyncsDecorationColor]' started.
Test Case '-[MyRAMTests.EditorFormattingMutationApplierTests testAppliesDecorationPlanAndSyncsDecorationColor]' passed (0.003 seconds).
Test Case '-[MyRAMTests.EditorFormattingMutationApplierTests testAppliesDefaultColorPlanWithAutoDisplayMarker]' started.
Test Case '-[MyRAMTests.EditorFormattingMutationApplierTests testAppliesDefaultColorPlanWithAutoDisplayMarker]' passed (0.001 seconds).
Test Case '-[MyRAMTests.EditorFormattingMutationApplierTests testAppliesExplicitColorPlanAndSyncsActiveDecorationColors]' started.
Test Case '-[MyRAMTests.EditorFormattingMutationApplierTests testAppliesExplicitColorPlanAndSyncsActiveDecorationColors]' passed (0.001 seconds).
Test Case '-[MyRAMTests.EditorFormattingMutationApplierTests testAppliesTraitPlanToSelectedAttributedText]' started.
Test Case '-[MyRAMTests.EditorFormattingMutationApplierTests testAppliesTraitPlanToSelectedAttributedText]' passed (0.031 seconds).
Test Case '-[MyRAMTests.EditorFormattingMutationApplierTests testCollapsedCaretUpdatesTypingAttributesWithoutMutatingAttributedText]' started.
Test Case '-[MyRAMTests.EditorFormattingMutationApplierTests testCollapsedCaretUpdatesTypingAttributesWithoutMutatingAttributedText]' passed (0.002 seconds).
Test Case '-[MyRAMTests.EditorFormattingMutationApplierTests testFontSizePlanClampsSelectedTextToSupportedBoundaries]' started.
Test Case '-[MyRAMTests.EditorFormattingMutationApplierTests testFontSizePlanClampsSelectedTextToSupportedBoundaries]' passed (0.001 seconds).
Test Case '-[MyRAMTests.EditorFormattingMutationApplierTests testInvalidSelectedRangeLeavesAttributedTextUnchanged]' started.
Test Case '-[MyRAMTests.EditorFormattingMutationApplierTests testInvalidSelectedRangeLeavesAttributedTextUnchanged]' passed (0.001 seconds).
Test Case '-[MyRAMTests.EditorFormattingMutationApplierTests testRemovesDecorationPlanAndDecorationColor]' started.
Test Case '-[MyRAMTests.EditorFormattingMutationApplierTests testRemovesDecorationPlanAndDecorationColor]' passed (0.001 seconds).
Test Case '-[MyRAMTests.EditorFormattingMutationApplierTests testRemovesTraitPlanFromSelectedAttributedText]' started.
Test Case '-[MyRAMTests.EditorFormattingMutationApplierTests testRemovesTraitPlanFromSelectedAttributedText]' passed (0.001 seconds).
Test Suite 'EditorFormattingMutationApplierTests' passed at 2026-08-04 17:08:17.454.
	 Executed 9 tests, with 0 failures (0 unexpected) in 0.042 (0.262) seconds
Test Suite 'EditorSearchSessionTests' started at 2026-08-04 17:08:17.454.
Test Case '-[MyRAMTests.EditorSearchSessionTests testEmptyQueryClearsMatchesAndSelectedMatch]' started.
Test Case '-[MyRAMTests.EditorSearchSessionTests testEmptyQueryClearsMatchesAndSelectedMatch]' passed (0.006 seconds).
Test Case '-[MyRAMTests.EditorSearchSessionTests testNextNavigationWraps]' started.
Test Case '-[MyRAMTests.EditorSearchSessionTests testNextNavigationWraps]' passed (0.001 seconds).
Test Case '-[MyRAMTests.EditorSearchSessionTests testNoMatchQueryClearsSelectedMatchAndHighlightTarget]' started.
Test Case '-[MyRAMTests.EditorSearchSessionTests testNoMatchQueryClearsSelectedMatchAndHighlightTarget]' passed (0.001 seconds).
Test Case '-[MyRAMTests.EditorSearchSessionTests testOutOfBoundsSelectedMatchFallsBackCleanly]' started.
Test Case '-[MyRAMTests.EditorSearchSessionTests testOutOfBoundsSelectedMatchFallsBackCleanly]' passed (0.001 seconds).
Test Case '-[MyRAMTests.EditorSearchSessionTests testPreviousNavigationWraps]' started.
Test Case '-[MyRAMTests.EditorSearchSessionTests testPreviousNavigationWraps]' passed (0.001 seconds).
Test Case '-[MyRAMTests.EditorSearchSessionTests testRebuiltSessionBuildsExpectedMatches]' started.
Test Case '-[MyRAMTests.EditorSearchSessionTests testRebuiltSessionBuildsExpectedMatches]' passed (0.001 seconds).
Test Case '-[MyRAMTests.EditorSearchSessionTests testRebuiltSessionFallsBackFromStaleSelectedMatch]' started.
Test Case '-[MyRAMTests.EditorSearchSessionTests testRebuiltSessionFallsBackFromStaleSelectedMatch]' passed (0.001 seconds).
Test Case '-[MyRAMTests.EditorSearchSessionTests testRebuiltSessionPreservesValidSelectedMatch]' started.
Test Case '-[MyRAMTests.EditorSearchSessionTests testRebuiltSessionPreservesValidSelectedMatch]' passed (0.001 seconds).
Test Case '-[MyRAMTests.EditorSearchSessionTests testSelectedBodyMatchEmitsBodyHighlightRange]' started.
Test Case '-[MyRAMTests.EditorSearchSessionTests testSelectedBodyMatchEmitsBodyHighlightRange]' passed (0.001 seconds).
Test Case '-[MyRAMTests.EditorSearchSessionTests testSelectedPinnedMatchEmitsPinnedTextIDAndNoBodyHighlightRange]' started.
Test Case '-[MyRAMTests.EditorSearchSessionTests testSelectedPinnedMatchEmitsPinnedTextIDAndNoBodyHighlightRange]' passed (0.001 seconds).
Test Case '-[MyRAMTests.EditorSearchSessionTests testSummaryTextCompatibility]' started.
Test Case '-[MyRAMTests.EditorSearchSessionTests testSummaryTextCompatibility]' passed (0.001 seconds).
Test Suite 'EditorSearchSessionTests' passed at 2026-08-04 17:08:17.504.
	 Executed 11 tests, with 0 failures (0 unexpected) in 0.014 (0.050) seconds
Test Suite 'EditorSelectionMapperTests' started at 2026-08-04 17:08:17.504.
Test Case '-[MyRAMTests.EditorSelectionMapperTests testDeletionContainingCaretCollapsesToDeletionStart]' started.
Test Case '-[MyRAMTests.EditorSelectionMapperTests testDeletionContainingCaretCollapsesToDeletionStart]' passed (0.024 seconds).
Test Case '-[MyRAMTests.EditorSelectionMapperTests testInsertionAtCollapsedCaretAdvancesCaret]' started.
Test Case '-[MyRAMTests.EditorSelectionMapperTests testInsertionAtCollapsedCaretAdvancesCaret]' passed (0.001 seconds).
Test Case '-[MyRAMTests.EditorSelectionMapperTests testInsertionInsideSelectionExpandsEnd]' started.
Test Case '-[MyRAMTests.EditorSelectionMapperTests testInsertionInsideSelectionExpandsEnd]' passed (0.001 seconds).
Test Case '-[MyRAMTests.EditorSelectionMapperTests testMappingClampsPastDocumentEnd]' started.
Test Case '-[MyRAMTests.EditorSelectionMapperTests testMappingClampsPastDocumentEnd]' passed (0.001 seconds).
Test Case '-[MyRAMTests.EditorSelectionMapperTests testOrderedBatchWithEmojiUsesUTF16Lengths]' started.
Test Case '-[MyRAMTests.EditorSelectionMapperTests testOrderedBatchWithEmojiUsesUTF16Lengths]' passed (0.004 seconds).
Test Suite 'EditorSelectionMapperTests' passed at 2026-08-04 17:08:17.535.
	 Executed 5 tests, with 0 failures (0 unexpected) in 0.029 (0.031) seconds
Test Suite 'ExplicitDeleteProvenanceTests' started at 2026-08-04 17:08:17.536.
Test Case '-[MyRAMTests.ExplicitDeleteProvenanceTests testAmbiguousOrMissingOccurrenceFailsClosed]' started.
Test Case '-[MyRAMTests.ExplicitDeleteProvenanceTests testAmbiguousOrMissingOccurrenceFailsClosed]' passed (0.021 seconds).
Test Case '-[MyRAMTests.ExplicitDeleteProvenanceTests testChangedOperationTimestampEvidenceChangesCanonicalProvenance]' started.
Test Case '-[MyRAMTests.ExplicitDeleteProvenanceTests testChangedOperationTimestampEvidenceChangesCanonicalProvenance]' passed (0.002 seconds).
Test Case '-[MyRAMTests.ExplicitDeleteProvenanceTests testCompactionRequiresExactSnapshotAndReloads]' started.
Test Case '-[MyRAMTests.ExplicitDeleteProvenanceTests testCompactionRequiresExactSnapshotAndReloads]' passed (0.003 seconds).
Test Case '-[MyRAMTests.ExplicitDeleteProvenanceTests testContradictoryDuplicateRollbackPreservesOriginalRowAcrossFreshContext]' started.
Test Case '-[MyRAMTests.ExplicitDeleteProvenanceTests testContradictoryDuplicateRollbackPreservesOriginalRowAcrossFreshContext]' passed (0.053 seconds).
Test Case '-[MyRAMTests.ExplicitDeleteProvenanceTests testCorruptReplayKeyAndUnknownFormatFailClosed]' started.
Test Case '-[MyRAMTests.ExplicitDeleteProvenanceTests testCorruptReplayKeyAndUnknownFormatFailClosed]' passed (0.001 seconds).
Test Case '-[MyRAMTests.ExplicitDeleteProvenanceTests testDeterministicReconstructionIsByteIdenticalAcrossRetryAndRelaunch]' started.
Test Case '-[MyRAMTests.ExplicitDeleteProvenanceTests testDeterministicReconstructionIsByteIdenticalAcrossRetryAndRelaunch]' passed (0.027 seconds).
Test Case '-[MyRAMTests.ExplicitDeleteProvenanceTests testEmojiDeleteUsesUTF16RangesAndRejectsSurrogateSplit]' started.
Test Case '-[MyRAMTests.ExplicitDeleteProvenanceTests testEmojiDeleteUsesUTF16RangesAndRejectsSurrogateSplit]' passed (0.003 seconds).
Test Case '-[MyRAMTests.ExplicitDeleteProvenanceTests testLargeNoteCompactedValidationIsDeterministicAndBoundarySafe]' started.
Test Case '-[MyRAMTests.ExplicitDeleteProvenanceTests testLargeNoteCompactedValidationIsDeterministicAndBoundarySafe]' passed (0.171 seconds).
Test Case '-[MyRAMTests.ExplicitDeleteProvenanceTests testMiddleOverlappingDeleteBuildsFullAndCompactedValidationToSameRange]' started.
Test Case '-[MyRAMTests.ExplicitDeleteProvenanceTests testMiddleOverlappingDeleteBuildsFullAndCompactedValidationToSameRange]' passed (0.003 seconds).
Test Case '-[MyRAMTests.ExplicitDeleteProvenanceTests testOverlapSafeTextOccurrenceEnumerationUsesAscendingUTF16Starts]' started.
Test Case '-[MyRAMTests.ExplicitDeleteProvenanceTests testOverlapSafeTextOccurrenceEnumerationUsesAscendingUTF16Starts]' passed (0.001 seconds).
Test Case '-[MyRAMTests.ExplicitDeleteProvenanceTests testPersistenceRoundTripRelaunchIdempotenceAndContradiction]' started.
Test Case '-[MyRAMTests.ExplicitDeleteProvenanceTests testPersistenceRoundTripRelaunchIdempotenceAndContradiction]' passed (0.018 seconds).
Test Case '-[MyRAMTests.ExplicitDeleteProvenanceTests testRejectsNonDeleteAndMissingGraphNode]' started.
Test Case '-[MyRAMTests.ExplicitDeleteProvenanceTests testRejectsNonDeleteAndMissingGraphNode]' passed (0.001 seconds).
Test Case '-[MyRAMTests.ExplicitDeleteProvenanceTests testRepeatedTextUsesContextAndOrdinalInsteadOfOriginalOffset]' started.
Test Case '-[MyRAMTests.ExplicitDeleteProvenanceTests testRepeatedTextUsesContextAndOrdinalInsteadOfOriginalOffset]' passed (0.002 seconds).
Test Case '-[MyRAMTests.ExplicitDeleteProvenanceTests testValidASCIIDeleteBuildsAndValidatesDeterministically]' started.
Test Case '-[MyRAMTests.ExplicitDeleteProvenanceTests testValidASCIIDeleteBuildsAndValidatesDeterministically]' passed (0.002 seconds).
Test Suite 'ExplicitDeleteProvenanceTests' passed at 2026-08-04 17:08:18.337.
	 Executed 14 tests, with 0 failures (0 unexpected) in 0.308 (0.801) seconds
Test Suite 'IPhoneSyncBatchAccumulatorTests' started at 2026-08-04 17:08:18.345.
Test Case '-[MyRAMTests.IPhoneSyncBatchAccumulatorTests testAdjacentInsertionsAreGrouped]' started.
Test Case '-[MyRAMTests.IPhoneSyncBatchAccumulatorTests testAdjacentInsertionsAreGrouped]' passed (0.008 seconds).
Test Case '-[MyRAMTests.IPhoneSyncBatchAccumulatorTests testAdjacentRemovalsAreGrouped]' started.
Test Case '-[MyRAMTests.IPhoneSyncBatchAccumulatorTests testAdjacentRemovalsAreGrouped]' passed (0.001 seconds).
Test Case '-[MyRAMTests.IPhoneSyncBatchAccumulatorTests testBatchSequenceIsAssignedWhenPendingBatchStarts]' started.
Test Case '-[MyRAMTests.IPhoneSyncBatchAccumulatorTests testBatchSequenceIsAssignedWhenPendingBatchStarts]' passed (0.003 seconds).
Test Case '-[MyRAMTests.IPhoneSyncBatchAccumulatorTests testBodyReplacementEmitsContinuousDeleteInsertChain]' started.
Test Case '-[MyRAMTests.IPhoneSyncBatchAccumulatorTests testBodyReplacementEmitsContinuousDeleteInsertChain]' passed (0.003 seconds).
Test Case '-[MyRAMTests.IPhoneSyncBatchAccumulatorTests testBodyReplacementUsesUTF16OffsetsForEmojiAndComposedUnicode]' started.
Test Case '-[MyRAMTests.IPhoneSyncBatchAccumulatorTests testBodyReplacementUsesUTF16OffsetsForEmojiAndComposedUnicode]' passed (0.001 seconds).
Test Case '-[MyRAMTests.IPhoneSyncBatchAccumulatorTests testCapturedBodyEvidenceSurvivesPendingBatchEmission]' started.
Test Case '-[MyRAMTests.IPhoneSyncBatchAccumulatorTests testCapturedBodyEvidenceSurvivesPendingBatchEmission]' passed (0.007 seconds).
Test Case '-[MyRAMTests.IPhoneSyncBatchAccumulatorTests testCaptureRecordsSupportedNoteOperations]' started.
Test Case '-[MyRAMTests.IPhoneSyncBatchAccumulatorTests testCaptureRecordsSupportedNoteOperations]' passed (0.033 seconds).
Test Case '-[MyRAMTests.IPhoneSyncBatchAccumulatorTests testChangedBodyNeverProducesEmptyOperationList]' started.
Test Case '-[MyRAMTests.IPhoneSyncBatchAccumulatorTests testChangedBodyNeverProducesEmptyOperationList]' passed (0.001 seconds).
Test Case '-[MyRAMTests.IPhoneSyncBatchAccumulatorTests testChangesAppendToPendingBatchAndPreserveOrdering]' started.
Test Case '-[MyRAMTests.IPhoneSyncBatchAccumulatorTests testChangesAppendToPendingBatchAndPreserveOrdering]' passed (0.005 seconds).
Test Case '-[MyRAMTests.IPhoneSyncBatchAccumulatorTests testIPhoneBodyCaptureMatchesSharedCapturedOperationSequence]' started.
Test Case '-[MyRAMTests.IPhoneSyncBatchAccumulatorTests testIPhoneBodyCaptureMatchesSharedCapturedOperationSequence]' passed (0.005 seconds).
Test Case '-[MyRAMTests.IPhoneSyncBatchAccumulatorTests testLargeBodyReplacementEmitsValidConvergenceWork]' started.
Test Case '-[MyRAMTests.IPhoneSyncBatchAccumulatorTests testLargeBodyReplacementEmitsValidConvergenceWork]' passed (0.061 seconds).
Test Case '-[MyRAMTests.IPhoneSyncBatchAccumulatorTests testNoCommonCharacterReplacementEmitsTruthfulDeleteInsertChain]' started.
Test Case '-[MyRAMTests.IPhoneSyncBatchAccumulatorTests testNoCommonCharacterReplacementEmitsTruthfulDeleteInsertChain]' passed (0.001 seconds).
Test Case '-[MyRAMTests.IPhoneSyncBatchAccumulatorTests testQuietWindowRearmsAndBatchIDStaysStable]' started.
Test Case '-[MyRAMTests.IPhoneSyncBatchAccumulatorTests testQuietWindowRearmsAndBatchIDStaysStable]' passed (0.034 seconds).
Test Case '-[MyRAMTests.IPhoneSyncBatchAccumulatorTests testRepeatedCharactersProduceDeterministicEvidence]' started.
Test Case '-[MyRAMTests.IPhoneSyncBatchAccumulatorTests testRepeatedCharactersProduceDeterministicEvidence]' passed (0.001 seconds).
Test Case '-[MyRAMTests.IPhoneSyncBatchAccumulatorTests testSeparatedBodyReplacementsBeyondFiveHundredCharactersPreserveInterior]' started.
Test Case '-[MyRAMTests.IPhoneSyncBatchAccumulatorTests testSeparatedBodyReplacementsBeyondFiveHundredCharactersPreserveInterior]' passed (0.002 seconds).
Test Case '-[MyRAMTests.IPhoneSyncBatchAccumulatorTests testSeparatedBodyReplacementsPreserveUnchangedInterior]' started.
Test Case '-[MyRAMTests.IPhoneSyncBatchAccumulatorTests testSeparatedBodyReplacementsPreserveUnchangedInterior]' passed (0.001 seconds).
Test Case '-[MyRAMTests.IPhoneSyncBatchAccumulatorTests testSharedCapturedBodyChangesReturnEmptyForNoOp]' started.
Test Case '-[MyRAMTests.IPhoneSyncBatchAccumulatorTests testSharedCapturedBodyChangesReturnEmptyForNoOp]' passed (0.001 seconds).
Test Case '-[MyRAMTests.IPhoneSyncBatchAccumulatorTests testSharedCapturedBodyChangesReturnEvidenceChain]' started.
Test Case '-[MyRAMTests.IPhoneSyncBatchAccumulatorTests testSharedCapturedBodyChangesReturnEvidenceChain]' passed (0.003 seconds).
Test Case '-[MyRAMTests.IPhoneSyncBatchAccumulatorTests testTakePendingBatchNowCapturesBeforeQuietWindowAndPreservesIdentity]' started.
Test Case '-[MyRAMTests.IPhoneSyncBatchAccumulatorTests testTakePendingBatchNowCapturesBeforeQuietWindowAndPreservesIdentity]' passed (0.002 seconds).
Test Case '-[MyRAMTests.IPhoneSyncBatchAccumulatorTests testTakePendingBatchNowClearsBatchSoReadyEmissionCannotReplayIt]' started.
Test Case '-[MyRAMTests.IPhoneSyncBatchAccumulatorTests testTakePendingBatchNowClearsBatchSoReadyEmissionCannotReplayIt]' passed (0.003 seconds).
Test Case '-[MyRAMTests.IPhoneSyncBatchAccumulatorTests testTakePendingObligationIfAffectingFlushesWholePendingBatchForMatchingNote]' started.
Test Case '-[MyRAMTests.IPhoneSyncBatchAccumulatorTests testTakePendingObligationIfAffectingFlushesWholePendingBatchForMatchingNote]' passed (0.010 seconds).
Test Case '-[MyRAMTests.IPhoneSyncBatchAccumulatorTests testTakePendingObligationIfAffectingLeavesUnrelatedPendingBatchAlone]' started.
Test Case '-[MyRAMTests.IPhoneSyncBatchAccumulatorTests testTakePendingObligationIfAffectingLeavesUnrelatedPendingBatchAlone]' passed (0.003 seconds).
Test Suite 'IPhoneSyncBatchAccumulatorTests' passed at 2026-08-04 17:08:18.608.
	 Executed 22 tests, with 0 failures (0 unexpected) in 0.188 (0.263) seconds
Test Suite 'IPhoneSyncBatchApplierTests' started at 2026-08-04 17:08:18.608.
Test Case '-[MyRAMTests.IPhoneSyncBatchApplierTests testAnchoredBatchRejectsBeforeMutationSaveOrSeenMarking]' started.
Test Case '-[MyRAMTests.IPhoneSyncBatchApplierTests testAnchoredBatchRejectsBeforeMutationSaveOrSeenMarking]' passed (0.023 seconds).
Test Case '-[MyRAMTests.IPhoneSyncBatchApplierTests testDeleteAppliesOnlyWhenSafeAndExpectedTextMatches]' started.
Test Case '-[MyRAMTests.IPhoneSyncBatchApplierTests testDeleteAppliesOnlyWhenSafeAndExpectedTextMatches]' passed (0.013 seconds).
Test Case '-[MyRAMTests.IPhoneSyncBatchApplierTests testDuplicateBatchIDIsIgnoredAndPersistsAcrossStoreInstances]' started.
Test Case '-[MyRAMTests.IPhoneSyncBatchApplierTests testDuplicateBatchIDIsIgnoredAndPersistsAcrossStoreInstances]' passed (0.012 seconds).
Test Case '-[MyRAMTests.IPhoneSyncBatchApplierTests testEarlierValidNoteChangeDoesNotApplyWhenLaterNoteMismatches]' started.
Test Case '-[MyRAMTests.IPhoneSyncBatchApplierTests testEarlierValidNoteChangeDoesNotApplyWhenLaterNoteMismatches]' passed (0.011 seconds).
Test Case '-[MyRAMTests.IPhoneSyncBatchApplierTests testIncomingInsertionFallsForwardAtUnsafeUTF16Boundary]' started.
Test Case '-[MyRAMTests.IPhoneSyncBatchApplierTests testIncomingInsertionFallsForwardAtUnsafeUTF16Boundary]' passed (0.011 seconds).
Test Case '-[MyRAMTests.IPhoneSyncBatchApplierTests testIncomingNoteCreatedPayloadCreatesNote]' started.
Test Case '-[MyRAMTests.IPhoneSyncBatchApplierTests testIncomingNoteCreatedPayloadCreatesNote]' passed (0.011 seconds).
Test Case '-[MyRAMTests.IPhoneSyncBatchApplierTests testIncomingTitleChangeUpdatesByNoteID]' started.
Test Case '-[MyRAMTests.IPhoneSyncBatchApplierTests testIncomingTitleChangeUpdatesByNoteID]' passed (0.008 seconds).
Test Case '-[MyRAMTests.IPhoneSyncBatchApplierTests testMatchingBaseHashUsesExistingPositionalInsertionPath]' started.
Test Case '-[MyRAMTests.IPhoneSyncBatchApplierTests testMatchingBaseHashUsesExistingPositionalInsertionPath]' passed (0.008 seconds).
Test Case '-[MyRAMTests.IPhoneSyncBatchApplierTests testMismatchedHashedInsertionDoesNotApplyOrMarkSeen]' started.
Test Case '-[MyRAMTests.IPhoneSyncBatchApplierTests testMismatchedHashedInsertionDoesNotApplyOrMarkSeen]' passed (0.006 seconds).
Test Case '-[MyRAMTests.IPhoneSyncBatchApplierTests testMissingFolderFallsBackToRoot]' started.
Test Case '-[MyRAMTests.IPhoneSyncBatchApplierTests testMissingFolderFallsBackToRoot]' passed (0.053 seconds).
Test Case '-[MyRAMTests.IPhoneSyncBatchApplierTests testMissingNoteTitleChangeProducesNoAppliedTitleEvidence]' started.
Test Case '-[MyRAMTests.IPhoneSyncBatchApplierTests testMissingNoteTitleChangeProducesNoAppliedTitleEvidence]' passed (0.006 seconds).
Test Case '-[MyRAMTests.IPhoneSyncBatchApplierTests testMultipleTitleChangesForOneNoteProduceFinalAppliedTitleEvidence]' started.
Test Case '-[MyRAMTests.IPhoneSyncBatchApplierTests testMultipleTitleChangesForOneNoteProduceFinalAppliedTitleEvidence]' passed (0.008 seconds).
Test Case '-[MyRAMTests.IPhoneSyncBatchApplierTests testPlainTextMutationClearsRichTextData]' started.
Test Case '-[MyRAMTests.IPhoneSyncBatchApplierTests testPlainTextMutationClearsRichTextData]' passed (0.009 seconds).
Test Case '-[MyRAMTests.IPhoneSyncBatchApplierTests testReplacementSkippedThenDefaultGateInsertAppliesHashless]' started.
Test Case '-[MyRAMTests.IPhoneSyncBatchApplierTests testReplacementSkippedThenDefaultGateInsertAppliesHashless]' passed (0.011 seconds).
Test Case '-[MyRAMTests.IPhoneSyncBatchApplierTests testSameTitleAndBodyWithDifferentIDsCreateDistinctNotes]' started.
Test Case '-[MyRAMTests.IPhoneSyncBatchApplierTests testSameTitleAndBodyWithDifferentIDsCreateDistinctNotes]' passed (0.011 seconds).
Test Case '-[MyRAMTests.IPhoneSyncBatchApplierTests testTitleBeforeMismatchedBodyDoesNotPartiallyApply]' started.
Test Case '-[MyRAMTests.IPhoneSyncBatchApplierTests testTitleBeforeMismatchedBodyDoesNotPartiallyApply]' passed (0.007 seconds).
Test Case '-[MyRAMTests.IPhoneSyncBatchApplierTests testUnsafeDeleteDoesNotRemoveUnrelatedLocalText]' started.
Test Case '-[MyRAMTests.IPhoneSyncBatchApplierTests testUnsafeDeleteDoesNotRemoveUnrelatedLocalText]' passed (0.008 seconds).
Test Suite 'IPhoneSyncBatchApplierTests' passed at 2026-08-04 17:08:19.506.
	 Executed 17 tests, with 0 failures (0 unexpected) in 0.213 (0.897) seconds
Test Suite 'IncrementalEditIntegrationTests' started at 2026-08-04 17:08:19.638.
Test Case '-[MyRAMTests.IncrementalEditIntegrationTests testAmbiguousJoinReturnsAmbiguousCausalChain]' started.
Test Case '-[MyRAMTests.IncrementalEditIntegrationTests testAmbiguousJoinReturnsAmbiguousCausalChain]' passed (0.002 seconds).
Test Case '-[MyRAMTests.IncrementalEditIntegrationTests testBadAnchorShortCircuitsBeforeInvalidIdentity]' started.
Test Case '-[MyRAMTests.IncrementalEditIntegrationTests testBadAnchorShortCircuitsBeforeInvalidIdentity]' passed (0.001 seconds).
Test Case '-[MyRAMTests.IncrementalEditIntegrationTests testBatchHistoryFaultPrecedesGraphAmbiguityAcrossPermutations]' started.
Test Case '-[MyRAMTests.IncrementalEditIntegrationTests testBatchHistoryFaultPrecedesGraphAmbiguityAcrossPermutations]' passed (0.001 seconds).
Test Case '-[MyRAMTests.IncrementalEditIntegrationTests testConcurrentAnchorRootsFromDifferentDevicesAreValid]' started.
Test Case '-[MyRAMTests.IncrementalEditIntegrationTests testConcurrentAnchorRootsFromDifferentDevicesAreValid]' passed (0.001 seconds).
Test Case '-[MyRAMTests.IncrementalEditIntegrationTests testConflictingDuplicateIdentityReturnsInvalidOperationIdentity]' started.
Test Case '-[MyRAMTests.IncrementalEditIntegrationTests testConflictingDuplicateIdentityReturnsInvalidOperationIdentity]' passed (0.001 seconds).
Test Case '-[MyRAMTests.IncrementalEditIntegrationTests testCrossBatchRepeatedAnchorStateUsesActualRootClassification]' started.
Test Case '-[MyRAMTests.IncrementalEditIntegrationTests testCrossBatchRepeatedAnchorStateUsesActualRootClassification]' passed (0.001 seconds).
Test Case '-[MyRAMTests.IncrementalEditIntegrationTests testCrossBatchReturnToEarlierHashUsesEarlierReplayKeyDirection]' started.
Test Case '-[MyRAMTests.IncrementalEditIntegrationTests testCrossBatchReturnToEarlierHashUsesEarlierReplayKeyDirection]' passed (0.300 seconds).
Test Case '-[MyRAMTests.IncrementalEditIntegrationTests testCrossDeviceCoincidentalHashDoesNotCreateCausalEdge]' started.
Test Case '-[MyRAMTests.IncrementalEditIntegrationTests testCrossDeviceCoincidentalHashDoesNotCreateCausalEdge]' passed (0.001 seconds).
Test Case '-[MyRAMTests.IncrementalEditIntegrationTests testCrossNoteCoincidentalHashCannotCreatePredecessor]' started.
Test Case '-[MyRAMTests.IncrementalEditIntegrationTests testCrossNoteCoincidentalHashCannotCreatePredecessor]' passed (0.001 seconds).
Test Case '-[MyRAMTests.IncrementalEditIntegrationTests testDependencyOnFilteredIncorporatedOperationReturnsUnreconstructableBase]' started.
Test Case '-[MyRAMTests.IncrementalEditIntegrationTests testDependencyOnFilteredIncorporatedOperationReturnsUnreconstructableBase]' passed (0.349 seconds).
Test Case '-[MyRAMTests.IncrementalEditIntegrationTests testDifferentDeviceRemainingRootAfterIncorporatedRecordRemainsValid]' started.
Test Case '-[MyRAMTests.IncrementalEditIntegrationTests testDifferentDeviceRemainingRootAfterIncorporatedRecordRemainsValid]' passed (0.002 seconds).
Test Case '-[MyRAMTests.IncrementalEditIntegrationTests testDirectAnchorOperationWithExplicitHashesReachesValidGraph]' started.
Test Case '-[MyRAMTests.IncrementalEditIntegrationTests testDirectAnchorOperationWithExplicitHashesReachesValidGraph]' passed (0.001 seconds).
Test Case '-[MyRAMTests.IncrementalEditIntegrationTests testEmptyInputWithVerifiedAnchorReturnsEmptyGraph]' started.
Test Case '-[MyRAMTests.IncrementalEditIntegrationTests testEmptyInputWithVerifiedAnchorReturnsEmptyGraph]' passed (0.001 seconds).
Test Case '-[MyRAMTests.IncrementalEditIntegrationTests testEquivalentInInputDuplicateIsCoalesced]' started.
Test Case '-[MyRAMTests.IncrementalEditIntegrationTests testEquivalentInInputDuplicateIsCoalesced]' passed (0.001 seconds).
Test Case '-[MyRAMTests.IncrementalEditIntegrationTests testFirstRetainedBodyAtGlobalIndexOneIsAcceptedAsRoot]' started.
Test Case '-[MyRAMTests.IncrementalEditIntegrationTests testFirstRetainedBodyAtGlobalIndexOneIsAcceptedAsRoot]' passed (0.001 seconds).
Test Case '-[MyRAMTests.IncrementalEditIntegrationTests testFirstRetainedBodyAtGlobalIndexTwoIsAcceptedAsRootAcrossPermutations]' started.
Test Case '-[MyRAMTests.IncrementalEditIntegrationTests testFirstRetainedBodyAtGlobalIndexTwoIsAcceptedAsRootAcrossPermutations]' passed (0.001 seconds).
Test Case '-[MyRAMTests.IncrementalEditIntegrationTests testGraphAmbiguityPrecedesUnreconstructableBaseAcrossPermutations]' started.
Test Case '-[MyRAMTests.IncrementalEditIntegrationTests testGraphAmbiguityPrecedesUnreconstructableBaseAcrossPermutations]' passed (0.019 seconds).
Test Case '-[MyRAMTests.IncrementalEditIntegrationTests testGraphFaultResultIsEqualAcrossInputPermutations]' started.
Test Case '-[MyRAMTests.IncrementalEditIntegrationTests testGraphFaultResultIsEqualAcrossInputPermutations]' passed (0.001 seconds).
Test Case '-[MyRAMTests.IncrementalEditIntegrationTests testIncorporatedPredecessorIdentityWithoutRecordDoesNotForceGlobalIndexContiguity]' started.
Test Case '-[MyRAMTests.IncrementalEditIntegrationTests testIncorporatedPredecessorIdentityWithoutRecordDoesNotForceGlobalIndexContiguity]' passed (0.001 seconds).
Test Case '-[MyRAMTests.IncrementalEditIntegrationTests testIncorporatedPredecessorNotRepresentedByAnchorReturnsUnreconstructableBase]' started.
Test Case '-[MyRAMTests.IncrementalEditIntegrationTests testIncorporatedPredecessorNotRepresentedByAnchorReturnsUnreconstructableBase]' passed (0.015 seconds).
Test Case '-[MyRAMTests.IncrementalEditIntegrationTests testIncorporatedPredecessorRepresentedByAnchorAllowsActiveRoot]' started.
Test Case '-[MyRAMTests.IncrementalEditIntegrationTests testIncorporatedPredecessorRepresentedByAnchorAllowsActiveRoot]' passed (0.001 seconds).
Test Case '-[MyRAMTests.IncrementalEditIntegrationTests testInvalidReplayKeyPrecedesMissingHashes]' started.
Test Case '-[MyRAMTests.IncrementalEditIntegrationTests testInvalidReplayKeyPrecedesMissingHashes]' passed (0.002 seconds).
Test Case '-[MyRAMTests.IncrementalEditIntegrationTests testInvalidRetainedIdentityShortCircuitsBeforeReplayValidation]' started.
Test Case '-[MyRAMTests.IncrementalEditIntegrationTests testInvalidRetainedIdentityShortCircuitsBeforeReplayValidation]' passed (0.001 seconds).
Test Case '-[MyRAMTests.IncrementalEditIntegrationTests testInvalidSameBatchRestartStillReturnsMissingCausalPredecessor]' started.
Test Case '-[MyRAMTests.IncrementalEditIntegrationTests testInvalidSameBatchRestartStillReturnsMissingCausalPredecessor]' passed (0.001 seconds).
Test Case '-[MyRAMTests.IncrementalEditIntegrationTests testLaterOperationCannotBecomeBackwardPredecessor]' started.
Test Case '-[MyRAMTests.IncrementalEditIntegrationTests testLaterOperationCannotBecomeBackwardPredecessor]' passed (0.001 seconds).
Test Case '-[MyRAMTests.IncrementalEditIntegrationTests testMalformedIncorporatedRecordIsValidatedBeforeFiltering]' started.
Test Case '-[MyRAMTests.IncrementalEditIntegrationTests testMalformedIncorporatedRecordIsValidatedBeforeFiltering]' passed (0.001 seconds).
Test Case '-[MyRAMTests.IncrementalEditIntegrationTests testMixedNoteActiveInputReturnsUnreconstructableBase]' started.
Test Case '-[MyRAMTests.IncrementalEditIntegrationTests testMixedNoteActiveInputReturnsUnreconstructableBase]' passed (0.001 seconds).
Test Case '-[MyRAMTests.IncrementalEditIntegrationTests testMultipleActualSameDeviceRootsAcrossBatchesAreAmbiguous]' started.
Test Case '-[MyRAMTests.IncrementalEditIntegrationTests testMultipleActualSameDeviceRootsAcrossBatchesAreAmbiguous]' passed (0.001 seconds).
Test Case '-[MyRAMTests.IncrementalEditIntegrationTests testNilBaseContentHashReturnsUnreconstructableBase]' started.
Test Case '-[MyRAMTests.IncrementalEditIntegrationTests testNilBaseContentHashReturnsUnreconstructableBase]' passed (0.001 seconds).
Test Case '-[MyRAMTests.IncrementalEditIntegrationTests testNilResultContentHashReturnsUnreconstructableBase]' started.
Test Case '-[MyRAMTests.IncrementalEditIntegrationTests testNilResultContentHashReturnsUnreconstructableBase]' passed (0.388 seconds).
Test Case '-[MyRAMTests.IncrementalEditIntegrationTests testNoncontiguousIncorporatedPredecessorRepresentedByAnchorAllowsActiveRoot]' started.
Test Case '-[MyRAMTests.IncrementalEditIntegrationTests testNoncontiguousIncorporatedPredecessorRepresentedByAnchorAllowsActiveRoot]' passed (0.001 seconds).
Test Case '-[MyRAMTests.IncrementalEditIntegrationTests testNonemptyGraphWithoutAnchorRootCannotBeValid]' started.
Test Case '-[MyRAMTests.IncrementalEditIntegrationTests testNonemptyGraphWithoutAnchorRootCannotBeValid]' passed (0.001 seconds).
Test Case '-[MyRAMTests.IncrementalEditIntegrationTests testPR1LinkageOnlyBoundaryAllowsArbitraryDirectRootResultHash]' started.
Test Case '-[MyRAMTests.IncrementalEditIntegrationTests testPR1LinkageOnlyBoundaryAllowsArbitraryDirectRootResultHash]' passed (0.001 seconds).
Test Case '-[MyRAMTests.IncrementalEditIntegrationTests testPR1LinkageOnlyBoundaryDoesNotEvaluateDeleteExpectedText]' started.
Test Case '-[MyRAMTests.IncrementalEditIntegrationTests testPR1LinkageOnlyBoundaryDoesNotEvaluateDeleteExpectedText]' passed (0.002 seconds).
Test Case '-[MyRAMTests.IncrementalEditIntegrationTests testPR1LinkageOnlyBoundaryUsesDeclaredResultHashForSuccessorLinkage]' started.
Test Case '-[MyRAMTests.IncrementalEditIntegrationTests testPR1LinkageOnlyBoundaryUsesDeclaredResultHashForSuccessorLinkage]' passed (0.001 seconds).
Test Case '-[MyRAMTests.IncrementalEditIntegrationTests testRecoveryShapeCannotCarryPartialOutput]' started.
Test Case '-[MyRAMTests.IncrementalEditIntegrationTests testRecoveryShapeCannotCarryPartialOutput]' passed (0.002 seconds).
Test Case '-[MyRAMTests.IncrementalEditIntegrationTests testRepeatedAnchorStateInSameBatchIsDirectionalLinearGraph]' started.
Test Case '-[MyRAMTests.IncrementalEditIntegrationTests testRepeatedAnchorStateInSameBatchIsDirectionalLinearGraph]' passed (0.306 seconds).
Test Case '-[MyRAMTests.IncrementalEditIntegrationTests testRepeatedIntermediateHashKeepsImmediateSameBatchPredecessor]' started.
Test Case '-[MyRAMTests.IncrementalEditIntegrationTests testRepeatedIntermediateHashKeepsImmediateSameBatchPredecessor]' passed (0.001 seconds).
Test Case '-[MyRAMTests.IncrementalEditIntegrationTests testSameBatchAnchorRestartWithoutGapReturnsMissingCausalPredecessor]' started.
Test Case '-[MyRAMTests.IncrementalEditIntegrationTests testSameBatchAnchorRestartWithoutGapReturnsMissingCausalPredecessor]' passed (0.001 seconds).
Test Case '-[MyRAMTests.IncrementalEditIntegrationTests testSameBatchIndexGapUsesLatestEarlierRetainedBodyOperation]' started.
Test Case '-[MyRAMTests.IncrementalEditIntegrationTests testSameBatchIndexGapUsesLatestEarlierRetainedBodyOperation]' passed (0.006 seconds).
Test Case '-[MyRAMTests.IncrementalEditIntegrationTests testSameDeviceChainWithExplicitHashesReachesValidGraph]' started.
Test Case '-[MyRAMTests.IncrementalEditIntegrationTests testSameDeviceChainWithExplicitHashesReachesValidGraph]' passed (0.001 seconds).
Test Case '-[MyRAMTests.IncrementalEditIntegrationTests testSameDeviceForkReturnsAmbiguousCausalChain]' started.
Test Case '-[MyRAMTests.IncrementalEditIntegrationTests testSameDeviceForkReturnsAmbiguousCausalChain]' passed (0.001 seconds).
Test Case '-[MyRAMTests.IncrementalEditIntegrationTests testSameNoteBodyOperationsSeparatedByNonBodyChangesRemainLinear]' started.
Test Case '-[MyRAMTests.IncrementalEditIntegrationTests testSameNoteBodyOperationsSeparatedByNonBodyChangesRemainLinear]' passed (0.001 seconds).
Test Case '-[MyRAMTests.IncrementalEditIntegrationTests testSameNoteCrossBatchFallbackRemainsValid]' started.
Test Case '-[MyRAMTests.IncrementalEditIntegrationTests testSameNoteCrossBatchFallbackRemainsValid]' passed (0.002 seconds).
Test Case '-[MyRAMTests.IncrementalEditIntegrationTests testSelfLoopReturnsUnreconstructableBaseAcrossPermutations]' started.
Test Case '-[MyRAMTests.IncrementalEditIntegrationTests testSelfLoopReturnsUnreconstructableBaseAcrossPermutations]' passed (0.001 seconds).
Test Case '-[MyRAMTests.IncrementalEditIntegrationTests testTwoNodeClosedCycleReturnsUnreconstructableBaseAcrossPermutations]' started.
Test Case '-[MyRAMTests.IncrementalEditIntegrationTests testTwoNodeClosedCycleReturnsUnreconstructableBaseAcrossPermutations]' passed (0.001 seconds).
Test Case '-[MyRAMTests.IncrementalEditIntegrationTests testUnknownBaseReturnsUnreconstructableBase]' started.
Test Case '-[MyRAMTests.IncrementalEditIntegrationTests testUnknownBaseReturnsUnreconstructableBase]' passed (0.108 seconds).
Test Case '-[MyRAMTests.IncrementalEditIntegrationTests testUnrelatedUnknownBaseBatchDoesNotInheritMissingPredecessorDiagnosis]' started.
Test Case '-[MyRAMTests.IncrementalEditIntegrationTests testUnrelatedUnknownBaseBatchDoesNotInheritMissingPredecessorDiagnosis]' passed (0.001 seconds).
Test Case '-[MyRAMTests.IncrementalEditIntegrationTests testValidNoOpDeclaredSameBatchLinkageIsAccepted]' started.
Test Case '-[MyRAMTests.IncrementalEditIntegrationTests testValidNoOpDeclaredSameBatchLinkageIsAccepted]' passed (0.001 seconds).
Test Case '-[MyRAMTests.IncrementalEditIntegrationTests testValidResultIsEqualAcrossInputPermutations]' started.
Test Case '-[MyRAMTests.IncrementalEditIntegrationTests testValidResultIsEqualAcrossInputPermutations]' passed (0.001 seconds).
Test Suite 'IncrementalEditIntegrationTests' passed at 2026-08-04 17:08:22.514.
	 Executed 50 tests, with 0 failures (0 unexpected) in 1.536 (2.876) seconds
Test Suite 'MYR170FullBodyPathIntegrationTests' started at 2026-08-04 17:08:22.514.
Test Case '-[MyRAMTests.MYR170FullBodyPathIntegrationTests testConflictIncomingResolutionSavesBodyAndStateBeforeRemovingConflict]' started.
Test Case '-[MyRAMTests.MYR170FullBodyPathIntegrationTests testConflictIncomingResolutionSavesBodyAndStateBeforeRemovingConflict]' passed (0.065 seconds).
Test Case '-[MyRAMTests.MYR170FullBodyPathIntegrationTests testConflictKeepLocalReestablishesStaleState]' started.
Test Case '-[MyRAMTests.MYR170FullBodyPathIntegrationTests testConflictKeepLocalReestablishesStaleState]' passed (0.025 seconds).
Test Case '-[MyRAMTests.MYR170FullBodyPathIntegrationTests testConflictSaveFailureKeepsConflictAndRollsBackBodyAndState]' started.
Test Case '-[MyRAMTests.MYR170FullBodyPathIntegrationTests testConflictSaveFailureKeepsConflictAndRollsBackBodyAndState]' passed (0.020 seconds).
Test Case '-[MyRAMTests.MYR170FullBodyPathIntegrationTests testConvergenceInsertCreatesNoteAndStateInTheTransaction]' started.
Test Case '-[MyRAMTests.MYR170FullBodyPathIntegrationTests testConvergenceInsertCreatesNoteAndStateInTheTransaction]' passed (0.016 seconds).
Test Case '-[MyRAMTests.MYR170FullBodyPathIntegrationTests testConvergenceRollbackRemovesPendingBodyAndStateChanges]' started.
Test Case '-[MyRAMTests.MYR170FullBodyPathIntegrationTests testConvergenceRollbackRemovesPendingBodyAndStateChanges]' passed (0.015 seconds).
Test Case '-[MyRAMTests.MYR170FullBodyPathIntegrationTests testConvergenceUpdateReplacesBodyAndStateInTheTransaction]' started.
Test Case '-[MyRAMTests.MYR170FullBodyPathIntegrationTests testConvergenceUpdateReplacesBodyAndStateInTheTransaction]' passed (0.018 seconds).
Test Case '-[MyRAMTests.MYR170FullBodyPathIntegrationTests testCreateNewNoteSaveFailureRollsBackNoteAndStateWithoutPublication]' started.
Test Case '-[MyRAMTests.MYR170FullBodyPathIntegrationTests testCreateNewNoteSaveFailureRollsBackNoteAndStateWithoutPublication]' passed (0.023 seconds).
Test Case '-[MyRAMTests.MYR170FullBodyPathIntegrationTests testCreateNewNoteSavesNoteAndStateBeforePublishingSyncOrUndo]' started.
Test Case '-[MyRAMTests.MYR170FullBodyPathIntegrationTests testCreateNewNoteSavesNoteAndStateBeforePublishingSyncOrUndo]' passed (0.054 seconds).
Test Case '-[MyRAMTests.MYR170FullBodyPathIntegrationTests testImportCreatesOneRevisionZeroStatePerImportedNote]' started.
Test Case '-[MyRAMTests.MYR170FullBodyPathIntegrationTests testImportCreatesOneRevisionZeroStatePerImportedNote]' passed (0.033 seconds).
Test Case '-[MyRAMTests.MYR170FullBodyPathIntegrationTests testImportFailureRollsBackAllImportedModelsAndStateRows]' started.
Test Case '-[MyRAMTests.MYR170FullBodyPathIntegrationTests testImportFailureRollsBackAllImportedModelsAndStateRows]' passed (0.018 seconds).
Test Case '-[MyRAMTests.MYR170FullBodyPathIntegrationTests testIOSLegacyExistingNoteApplyCommitsReplacementState]' started.
Test Case '-[MyRAMTests.MYR170FullBodyPathIntegrationTests testIOSLegacyExistingNoteApplyCommitsReplacementState]' passed (0.047 seconds).
Test Case '-[MyRAMTests.MYR170FullBodyPathIntegrationTests testIOSLegacyMainContextRefreshDoesNotAdvanceStateTwice]' started.
Test Case '-[MyRAMTests.MYR170FullBodyPathIntegrationTests testIOSLegacyMainContextRefreshDoesNotAdvanceStateTwice]' passed (0.051 seconds).
Test Case '-[MyRAMTests.MYR170FullBodyPathIntegrationTests testIOSLegacyNewNoteApplyCommitsRevisionZeroState]' started.
Test Case '-[MyRAMTests.MYR170FullBodyPathIntegrationTests testIOSLegacyNewNoteApplyCommitsRevisionZeroState]' passed (0.050 seconds).
Test Case '-[MyRAMTests.MYR170FullBodyPathIntegrationTests testIOSLegacyResolvedConflictMetadataModelSaveFailureLeavesNoteStateConflictAndBaselineUnchanged]' started.
Test Case '-[MyRAMTests.MYR170FullBodyPathIntegrationTests testIOSLegacyResolvedConflictMetadataModelSaveFailureLeavesNoteStateConflictAndBaselineUnchanged]' passed (0.032 seconds).
Test Case '-[MyRAMTests.MYR170FullBodyPathIntegrationTests testIOSLegacyResolvedConflictMetadataReplacesBodyAndStateBeforeEffects]' started.
Test Case '-[MyRAMTests.MYR170FullBodyPathIntegrationTests testIOSLegacyResolvedConflictMetadataReplacesBodyAndStateBeforeEffects]' passed (0.052 seconds).
Test Case '-[MyRAMTests.MYR170FullBodyPathIntegrationTests testIOSLegacyResolvedConflictMetadataStateFailureLeavesNoteConflictAndBaselineUnchanged]' started.
Test Case '-[MyRAMTests.MYR170FullBodyPathIntegrationTests testIOSLegacyResolvedConflictMetadataStateFailureLeavesNoteConflictAndBaselineUnchanged]' passed (0.051 seconds).
Test Case '-[MyRAMTests.MYR170FullBodyPathIntegrationTests testIOSLegacyStateFailureReturnsRetryRequiredWithoutSideEffects]' started.
Test Case '-[MyRAMTests.MYR170FullBodyPathIntegrationTests testIOSLegacyStateFailureReturnsRetryRequiredWithoutSideEffects]' passed (0.021 seconds).
Test Case '-[MyRAMTests.MYR170FullBodyPathIntegrationTests testIOSStartupMigrationFailureKeepsOutboundSuspended]' started.
Test Case '-[MyRAMTests.MYR170FullBodyPathIntegrationTests testIOSStartupMigrationFailureKeepsOutboundSuspended]' passed (0.074 seconds).
Test Case '-[MyRAMTests.MYR170FullBodyPathIntegrationTests testIOSStartupRunsMigrationBeforeNetworkingAndConvergence]' started.
Test Case '-[MyRAMTests.MYR170FullBodyPathIntegrationTests testIOSStartupRunsMigrationBeforeNetworkingAndConvergence]' passed (0.067 seconds).
Test Case '-[MyRAMTests.MYR170FullBodyPathIntegrationTests testRedoNoteCreationReestablishesCurrentBodyState]' started.
Test Case '-[MyRAMTests.MYR170FullBodyPathIntegrationTests testRedoNoteCreationReestablishesCurrentBodyState]' passed (0.024 seconds).
Test Case '-[MyRAMTests.MYR170FullBodyPathIntegrationTests testRestoreNoteReestablishesCurrentBodyStateBeforeLifecyclePublication]' started.
Test Case '-[MyRAMTests.MYR170FullBodyPathIntegrationTests testRestoreNoteReestablishesCurrentBodyStateBeforeLifecyclePublication]' passed (0.021 seconds).
Test Case '-[MyRAMTests.MYR170FullBodyPathIntegrationTests testUndoFolderDeletionReestablishesEveryRestoredNoteOrRollsBackAll]' started.
Test Case '-[MyRAMTests.MYR170FullBodyPathIntegrationTests testUndoFolderDeletionReestablishesEveryRestoredNoteOrRollsBackAll]' passed (0.035 seconds).
Test Case '-[MyRAMTests.MYR170FullBodyPathIntegrationTests testUndoNoteDeletionReestablishesCurrentBodyState]' started.
Test Case '-[MyRAMTests.MYR170FullBodyPathIntegrationTests testUndoNoteDeletionReestablishesCurrentBodyState]' passed (0.025 seconds).
Test Suite 'MYR170FullBodyPathIntegrationTests' passed at 2026-08-04 17:08:25.265.
	 Executed 23 tests, with 0 failures (0 unexpected) in 0.836 (2.751) seconds
Test Suite 'MarkdownFileIOTests' started at 2026-08-04 17:08:25.265.
Test Case '-[MyRAMTests.MarkdownFileIOTests testAtomicWriterCreatesExactDestinationWithoutTemporaryArtifacts]' started.
Test Case '-[MyRAMTests.MarkdownFileIOTests testAtomicWriterCreatesExactDestinationWithoutTemporaryArtifacts]' passed (0.002 seconds).
Test Case '-[MyRAMTests.MarkdownFileIOTests testClassifierKeepsMyRAMDistinctAndRejectsUnsupportedFiles]' started.
Test Case '-[MyRAMTests.MarkdownFileIOTests testClassifierKeepsMyRAMDistinctAndRejectsUnsupportedFiles]' passed (0.010 seconds).
Test Case '-[MyRAMTests.MarkdownFileIOTests testClassifierUsesMarkdownContentTypeAndExtensionFallbacks]' started.
Test Case '-[MyRAMTests.MarkdownFileIOTests testClassifierUsesMarkdownContentTypeAndExtensionFallbacks]' passed (0.001 seconds).
Test Case '-[MyRAMTests.MarkdownFileIOTests testExportEncodingAddsNoBOMNewlineOrNormalization]' started.
Test Case '-[MyRAMTests.MarkdownFileIOTests testExportEncodingAddsNoBOMNewlineOrNormalization]' passed (0.002 seconds).
Test Case '-[MyRAMTests.MarkdownFileIOTests testExportFilenameCapDoesNotSplitCharacter]' started.
Test Case '-[MyRAMTests.MarkdownFileIOTests testExportFilenameCapDoesNotSplitCharacter]' passed (0.002 seconds).
Test Case '-[MyRAMTests.MarkdownFileIOTests testExportFilenameFallsBackWhenPostCapTrimEmptiesStem]' started.
Test Case '-[MyRAMTests.MarkdownFileIOTests testExportFilenameFallsBackWhenPostCapTrimEmptiesStem]' passed (0.001 seconds).
Test Case '-[MyRAMTests.MarkdownFileIOTests testExportFilenameRetrimsSeparatorsIntroducedAtCapBoundary]' started.
Test Case '-[MyRAMTests.MarkdownFileIOTests testExportFilenameRetrimsSeparatorsIntroducedAtCapBoundary]' passed (0.001 seconds).
Test Case '-[MyRAMTests.MarkdownFileIOTests testExportFilenameSanitizesAndAvoidsDuplicateExtension]' started.
Test Case '-[MyRAMTests.MarkdownFileIOTests testExportFilenameSanitizesAndAvoidsDuplicateExtension]' passed (0.001 seconds).
Test Case '-[MyRAMTests.MarkdownFileIOTests testImportedTitleUsesVisibleStemAndUntitledFallback]' started.
Test Case '-[MyRAMTests.MarkdownFileIOTests testImportedTitleUsesVisibleStemAndUntitledFallback]' passed (0.001 seconds).
Test Case '-[MyRAMTests.MarkdownFileIOTests testInjectedWriteFailureLeavesExistingDestinationUnchanged]' started.
Test Case '-[MyRAMTests.MarkdownFileIOTests testInjectedWriteFailureLeavesExistingDestinationUnchanged]' passed (0.007 seconds).
Test Case '-[MyRAMTests.MarkdownFileIOTests testReaderMapsFileFailureWithoutConstructingDocument]' started.
Test Case '-[MyRAMTests.MarkdownFileIOTests testReaderMapsFileFailureWithoutConstructingDocument]' passed (0.001 seconds).
Test Case '-[MyRAMTests.MarkdownFileIOTests testReaderPreservesEmptySource]' started.
Test Case '-[MyRAMTests.MarkdownFileIOTests testReaderPreservesEmptySource]' passed (0.001 seconds).
Test Case '-[MyRAMTests.MarkdownFileIOTests testReaderRejectsInvalidUTF8]' started.
Test Case '-[MyRAMTests.MarkdownFileIOTests testReaderRejectsInvalidUTF8]' passed (0.002 seconds).
Test Case '-[MyRAMTests.MarkdownFileIOTests testReaderStrictlyPreservesValidUTF8Source]' started.
Test Case '-[MyRAMTests.MarkdownFileIOTests testReaderStrictlyPreservesValidUTF8Source]' passed (0.001 seconds).
Test Case '-[MyRAMTests.MarkdownFileIOTests testWriterPassesExactBytesToAtomicWriteSeam]' started.
Test Case '-[MyRAMTests.MarkdownFileIOTests testWriterPassesExactBytesToAtomicWriteSeam]' passed (0.001 seconds).
Test Suite 'MarkdownFileIOTests' passed at 2026-08-04 17:08:26.389.
	 Executed 15 tests, with 0 failures (0 unexpected) in 0.033 (1.124) seconds
Test Suite 'MarkdownFileOperationBoundaryTests' started at 2026-08-04 17:08:26.389.
Test Case '-[MyRAMTests.MarkdownFileOperationBoundaryTests testBridgeAttachesIdentityToLocalFailure]' started.
Test Case '-[MyRAMTests.MarkdownFileOperationBoundaryTests testBridgeAttachesIdentityToLocalFailure]' passed (0.001 seconds).
Test Case '-[MyRAMTests.MarkdownFileOperationBoundaryTests testExpectedEditorMismatchDoesNotInvokeWrongClosure]' started.
Test Case '-[MyRAMTests.MarkdownFileOperationBoundaryTests testExpectedEditorMismatchDoesNotInvokeWrongClosure]' passed (0.001 seconds).
Test Case '-[MyRAMTests.MarkdownFileOperationBoundaryTests testExpectedEditorWithoutRegistrationReturnsUnavailableWithoutFlush]' started.
Test Case '-[MyRAMTests.MarkdownFileOperationBoundaryTests testExpectedEditorWithoutRegistrationReturnsUnavailableWithoutFlush]' passed (0.001 seconds).
Test Case '-[MyRAMTests.MarkdownFileOperationBoundaryTests testExpectedNoneWithoutRegistrationReturnsNoActiveEditor]' started.
Test Case '-[MyRAMTests.MarkdownFileOperationBoundaryTests testExpectedNoneWithoutRegistrationReturnsNoActiveEditor]' passed (0.000 seconds).
Test Case '-[MyRAMTests.MarkdownFileOperationBoundaryTests testExpectedNoneWithRegistrationRejectsMismatchWithoutInvokingClosure]' started.
Test Case '-[MyRAMTests.MarkdownFileOperationBoundaryTests testExpectedNoneWithRegistrationRejectsMismatchWithoutInvokingClosure]' passed (0.001 seconds).
Test Case '-[MyRAMTests.MarkdownFileOperationBoundaryTests testExportCapturesLatestRawSourceOnlyAfterSuccessfulLocalFlush]' started.
Test Case '-[MyRAMTests.MarkdownFileOperationBoundaryTests testExportCapturesLatestRawSourceOnlyAfterSuccessfulLocalFlush]' passed (0.001 seconds).
Test Case '-[MyRAMTests.MarkdownFileOperationBoundaryTests testExportDoesNotConsultAnotherEditorsBridgeRegistration]' started.
Test Case '-[MyRAMTests.MarkdownFileOperationBoundaryTests testExportDoesNotConsultAnotherEditorsBridgeRegistration]' passed (0.001 seconds).
Test Case '-[MyRAMTests.MarkdownFileOperationBoundaryTests testExportFlushFailurePreventsSourceCapture]' started.
Test Case '-[MyRAMTests.MarkdownFileOperationBoundaryTests testExportFlushFailurePreventsSourceCapture]' passed (0.266 seconds).
Test Case '-[MyRAMTests.MarkdownFileOperationBoundaryTests testFlushFailurePreventsReadAndConsumptionAndPreservesDiagnosticResult]' started.
Test Case '-[MyRAMTests.MarkdownFileOperationBoundaryTests testFlushFailurePreventsReadAndConsumptionAndPreservesDiagnosticResult]' passed (0.005 seconds).
Test Case '-[MyRAMTests.MarkdownFileOperationBoundaryTests testMatchingExpectedEditorReturnsBridgeOwnedIdentity]' started.
Test Case '-[MyRAMTests.MarkdownFileOperationBoundaryTests testMatchingExpectedEditorReturnsBridgeOwnedIdentity]' passed (0.001 seconds).
Test Case '-[MyRAMTests.MarkdownFileOperationBoundaryTests testProductionRouterKeepsMyRAMOnExistingImporterPath]' started.
Test Case '-[MyRAMTests.MarkdownFileOperationBoundaryTests testProductionRouterKeepsMyRAMOnExistingImporterPath]' passed (0.001 seconds).
Test Case '-[MyRAMTests.MarkdownFileOperationBoundaryTests testProductionRouterMarkdownFlushFailureHasZeroDownstreamEffects]' started.
Test Case '-[MyRAMTests.MarkdownFileOperationBoundaryTests testProductionRouterMarkdownFlushFailureHasZeroDownstreamEffects]' passed (0.001 seconds).
Test Case '-[MyRAMTests.MarkdownFileOperationBoundaryTests testProductionRouterMarkdownMismatchDoesNotInvokeWrongEditorOrDownstreamEffects]' started.
Test Case '-[MyRAMTests.MarkdownFileOperationBoundaryTests testProductionRouterMarkdownMismatchDoesNotInvokeWrongEditorOrDownstreamEffects]' passed (0.001 seconds).
Test Case '-[MyRAMTests.MarkdownFileOperationBoundaryTests testProductionRouterMarkdownSuccessOrdersAuthorizationBeforeBodyAndCommitEffects]' started.
Test Case '-[MyRAMTests.MarkdownFileOperationBoundaryTests testProductionRouterMarkdownSuccessOrdersAuthorizationBeforeBodyAndCommitEffects]' passed (0.001 seconds).
Test Case '-[MyRAMTests.MarkdownFileOperationBoundaryTests testProductionRouterMarkdownUnavailableHasZeroDownstreamEffects]' started.
Test Case '-[MyRAMTests.MarkdownFileOperationBoundaryTests testProductionRouterMarkdownUnavailableHasZeroDownstreamEffects]' passed (0.001 seconds).
Test Case '-[MyRAMTests.MarkdownFileOperationBoundaryTests testProductionRouterUnsupportedInvokesNeitherImporter]' started.
Test Case '-[MyRAMTests.MarkdownFileOperationBoundaryTests testProductionRouterUnsupportedInvokesNeitherImporter]' passed (0.002 seconds).
Test Case '-[MyRAMTests.MarkdownFileOperationBoundaryTests testStaleUnregisterCannotClearNewerEditor]' started.
Test Case '-[MyRAMTests.MarkdownFileOperationBoundaryTests testStaleUnregisterCannotClearNewerEditor]' passed (0.001 seconds).
Test Case '-[MyRAMTests.MarkdownFileOperationBoundaryTests testSuccessfulFlushPrecedesReadAndConsumption]' started.
Test Case '-[MyRAMTests.MarkdownFileOperationBoundaryTests testSuccessfulFlushPrecedesReadAndConsumption]' passed (0.001 seconds).
Test Suite 'MarkdownFileOperationBoundaryTests' passed at 2026-08-04 17:08:27.280.
	 Executed 18 tests, with 0 failures (0 unexpected) in 0.285 (0.891) seconds
Test Suite 'MarkdownImportIntegrationTests' started at 2026-08-04 17:08:27.281.
Test Case '-[MyRAMTests.MarkdownImportIntegrationTests testEmptyMarkdownCreatesEmptyRevisionZeroState]' started.
Test Case '-[MyRAMTests.MarkdownImportIntegrationTests testEmptyMarkdownCreatesEmptyRevisionZeroState]' passed (0.022 seconds).
Test Case '-[MyRAMTests.MarkdownImportIntegrationTests testExternalRouteEditorMismatchLeavesNoRowsUndoSelectionOrBodyRead]' started.
Test Case '-[MyRAMTests.MarkdownImportIntegrationTests testExternalRouteEditorMismatchLeavesNoRowsUndoSelectionOrBodyRead]' passed (0.019 seconds).
Test Case '-[MyRAMTests.MarkdownImportIntegrationTests testExternalRouteUnavailableEditorLeavesNoRowsUndoSelectionOrBodyRead]' started.
Test Case '-[MyRAMTests.MarkdownImportIntegrationTests testExternalRouteUnavailableEditorLeavesNoRowsUndoSelectionOrBodyRead]' passed (0.013 seconds).
Test Case '-[MyRAMTests.MarkdownImportIntegrationTests testImportCommitsExactBodyAndRevisionZeroStateBeforeUndoAndSelection]' started.
Test Case '-[MyRAMTests.MarkdownImportIntegrationTests testImportCommitsExactBodyAndRevisionZeroStateBeforeUndoAndSelection]' passed (0.026 seconds).
Test Case '-[MyRAMTests.MarkdownImportIntegrationTests testImportUsesCurrentFolderCreationPolicy]' started.
Test Case '-[MyRAMTests.MarkdownImportIntegrationTests testImportUsesCurrentFolderCreationPolicy]' passed (0.038 seconds).
Test Case '-[MyRAMTests.MarkdownImportIntegrationTests testSaveFailureRollsBackNoteStateFolderTimestampUndoAndSelection]' started.
Test Case '-[MyRAMTests.MarkdownImportIntegrationTests testSaveFailureRollsBackNoteStateFolderTimestampUndoAndSelection]' passed (0.024 seconds).
Test Suite 'MarkdownImportIntegrationTests' passed at 2026-08-04 17:08:31.087.
	 Executed 6 tests, with 0 failures (0 unexpected) in 0.142 (3.806) seconds
Test Suite 'MarkdownPreviewIntegrationTests' started at 2026-08-04 17:08:31.242.
Test Case '-[MyRAMTests.MarkdownPreviewIntegrationTests testCommandConsumptionPolicyEditExecutes]' started.
Test Case '-[MyRAMTests.MarkdownPreviewIntegrationTests testCommandConsumptionPolicyEditExecutes]' passed (0.001 seconds).
Test Case '-[MyRAMTests.MarkdownPreviewIntegrationTests testCommandConsumptionPolicyPendingPreviewConsumesWithoutExecution]' started.
Test Case '-[MyRAMTests.MarkdownPreviewIntegrationTests testCommandConsumptionPolicyPendingPreviewConsumesWithoutExecution]' passed (0.001 seconds).
Test Case '-[MyRAMTests.MarkdownPreviewIntegrationTests testCommandConsumptionPolicyVisiblePreviewConsumesWithoutExecution]' started.
Test Case '-[MyRAMTests.MarkdownPreviewIntegrationTests testCommandConsumptionPolicyVisiblePreviewConsumesWithoutExecution]' passed (0.001 seconds).
Test Case '-[MyRAMTests.MarkdownPreviewIntegrationTests testInteractionStateEditInteractive]' started.
Test Case '-[MyRAMTests.MarkdownPreviewIntegrationTests testInteractionStateEditInteractive]' passed (0.001 seconds).
Test Case '-[MyRAMTests.MarkdownPreviewIntegrationTests testInteractionStatePendingPreviewTransition]' started.
Test Case '-[MyRAMTests.MarkdownPreviewIntegrationTests testInteractionStatePendingPreviewTransition]' passed (0.001 seconds).
Test Case '-[MyRAMTests.MarkdownPreviewIntegrationTests testInteractionStateVisiblePreview]' started.
Test Case '-[MyRAMTests.MarkdownPreviewIntegrationTests testInteractionStateVisiblePreview]' passed (0.001 seconds).
Test Case '-[MyRAMTests.MarkdownPreviewIntegrationTests testModeAfterSelectionChangeDifferentIDResetsToEdit]' started.
Test Case '-[MyRAMTests.MarkdownPreviewIntegrationTests testModeAfterSelectionChangeDifferentIDResetsToEdit]' passed (0.109 seconds).
Test Case '-[MyRAMTests.MarkdownPreviewIntegrationTests testModeAfterSelectionChangeSameIDPreservesPreview]' started.
Test Case '-[MyRAMTests.MarkdownPreviewIntegrationTests testModeAfterSelectionChangeSameIDPreservesPreview]' passed (0.001 seconds).
Test Case '-[MyRAMTests.MarkdownPreviewIntegrationTests testResignationPolicyChangedTextPublishesFinalizedEdit]' started.
Test Case '-[MyRAMTests.MarkdownPreviewIntegrationTests testResignationPolicyChangedTextPublishesFinalizedEdit]' passed (0.000 seconds).
Test Case '-[MyRAMTests.MarkdownPreviewIntegrationTests testResignationPolicyOrdinaryEndEditing]' started.
Test Case '-[MyRAMTests.MarkdownPreviewIntegrationTests testResignationPolicyOrdinaryEndEditing]' passed (0.000 seconds).
Test Case '-[MyRAMTests.MarkdownPreviewIntegrationTests testResignationPolicyUnchangedTextAcknowledgeWithoutPublication]' started.
Test Case '-[MyRAMTests.MarkdownPreviewIntegrationTests testResignationPolicyUnchangedTextAcknowledgeWithoutPublication]' passed (0.001 seconds).
Test Case '-[MyRAMTests.MarkdownPreviewIntegrationTests testSearchInteractionPolicyHidesInPendingPreview]' started.
Test Case '-[MyRAMTests.MarkdownPreviewIntegrationTests testSearchInteractionPolicyHidesInPendingPreview]' passed (0.000 seconds).
Test Case '-[MyRAMTests.MarkdownPreviewIntegrationTests testSearchInteractionPolicyHidesInPreview]' started.
Test Case '-[MyRAMTests.MarkdownPreviewIntegrationTests testSearchInteractionPolicyHidesInPreview]' passed (0.000 seconds).
Test Case '-[MyRAMTests.MarkdownPreviewIntegrationTests testSearchInteractionPolicyRemovesHighlightInPreview]' started.
Test Case '-[MyRAMTests.MarkdownPreviewIntegrationTests testSearchInteractionPolicyRemovesHighlightInPreview]' passed (0.004 seconds).
Test Suite 'MarkdownPreviewIntegrationTests' passed at 2026-08-04 17:08:31.401.
	 Executed 14 tests, with 0 failures (0 unexpected) in 0.121 (0.160) seconds
Test Suite 'MarkdownPreviewParserTests' started at 2026-08-04 17:08:31.401.
Test Case '-[MyRAMTests.MarkdownPreviewParserTests testAdjacentParagraphsRemainDistinctBlocks]' started.
Test Case '-[MyRAMTests.MarkdownPreviewParserTests testAdjacentParagraphsRemainDistinctBlocks]' passed (0.029 seconds).
Test Case '-[MyRAMTests.MarkdownPreviewParserTests testBlockQuoteProducesBlockQuoteBlock]' started.
Test Case '-[MyRAMTests.MarkdownPreviewParserTests testBlockQuoteProducesBlockQuoteBlock]' passed (0.001 seconds).
Test Case '-[MyRAMTests.MarkdownPreviewParserTests testEmphasisAndStrongAreInlineAttributes]' started.
Test Case '-[MyRAMTests.MarkdownPreviewParserTests testEmphasisAndStrongAreInlineAttributes]' passed (0.535 seconds).
Test Case '-[MyRAMTests.MarkdownPreviewParserTests testEmptySourceProducesEmptyDocument]' started.
Test Case '-[MyRAMTests.MarkdownPreviewParserTests testEmptySourceProducesEmptyDocument]' passed (0.001 seconds).
Test Case '-[MyRAMTests.MarkdownPreviewParserTests testFencedCodeBlockProducesCodeBlock]' started.
Test Case '-[MyRAMTests.MarkdownPreviewParserTests testFencedCodeBlockProducesCodeBlock]' passed (0.001 seconds).
Test Case '-[MyRAMTests.MarkdownPreviewParserTests testForcedParserFailureReturnsExactSource]' started.
Test Case '-[MyRAMTests.MarkdownPreviewParserTests testForcedParserFailureReturnsExactSource]' passed (0.002 seconds).
Test Case '-[MyRAMTests.MarkdownPreviewParserTests testFoundationListOrdinalCharacterizationOnDeploymentSDK]' started.
Test Case '-[MyRAMTests.MarkdownPreviewParserTests testFoundationListOrdinalCharacterizationOnDeploymentSDK]' passed (0.168 seconds).
Test Case '-[MyRAMTests.MarkdownPreviewParserTests testHeadingProducesHeadingBlock]' started.
Test Case '-[MyRAMTests.MarkdownPreviewParserTests testHeadingProducesHeadingBlock]' passed (0.002 seconds).
Test Case '-[MyRAMTests.MarkdownPreviewParserTests testMissingOrNonpositiveOrdinalDoesNotFabricateNumberedItem]' started.
Test Case '-[MyRAMTests.MarkdownPreviewParserTests testMissingOrNonpositiveOrdinalDoesNotFabricateNumberedItem]' passed (0.001 seconds).
Test Case '-[MyRAMTests.MarkdownPreviewParserTests testNestedOrderedListPreservesOuterAndInnerOrdinals]' started.
Test Case '-[MyRAMTests.MarkdownPreviewParserTests testNestedOrderedListPreservesOuterAndInnerOrdinals]' passed (0.002 seconds).
Test Case '-[MyRAMTests.MarkdownPreviewParserTests testNestedUnorderedListInsideOrderedListUsesUnorderedStyle]' started.
Test Case '-[MyRAMTests.MarkdownPreviewParserTests testNestedUnorderedListInsideOrderedListUsesUnorderedStyle]' passed (0.002 seconds).
Test Case '-[MyRAMTests.MarkdownPreviewParserTests testOrderedListProducesSeparateOrderedListItemBlocks]' started.
Test Case '-[MyRAMTests.MarkdownPreviewParserTests testOrderedListProducesSeparateOrderedListItemBlocks]' passed (0.002 seconds).
Test Case '-[MyRAMTests.MarkdownPreviewParserTests testParagraphProducesParagraphBlock]' started.
Test Case '-[MyRAMTests.MarkdownPreviewParserTests testParagraphProducesParagraphBlock]' passed (0.002 seconds).
Test Case '-[MyRAMTests.MarkdownPreviewParserTests testSeparateListsAtSameDepthRestartCounterAtOne]' started.
Test Case '-[MyRAMTests.MarkdownPreviewParserTests testSeparateListsAtSameDepthRestartCounterAtOne]' passed (0.001 seconds).
Test Case '-[MyRAMTests.MarkdownPreviewParserTests testUnknownPresentationIntentMapsToParagraphKind]' started.
Test Case '-[MyRAMTests.MarkdownPreviewParserTests testUnknownPresentationIntentMapsToParagraphKind]' passed (0.001 seconds).
Test Case '-[MyRAMTests.MarkdownPreviewParserTests testUnorderedListProducesSeparateUnorderedListItemBlocks]' started.
Test Case '-[MyRAMTests.MarkdownPreviewParserTests testUnorderedListProducesSeparateUnorderedListItemBlocks]' passed (0.001 seconds).
Test Suite 'MarkdownPreviewParserTests' passed at 2026-08-04 17:08:32.288.
	 Executed 16 tests, with 0 failures (0 unexpected) in 0.750 (0.886) seconds
Test Suite 'MarkdownPreviewUIKitHarnessTests' started at 2026-08-04 17:08:32.288.
Test Case '-[MyRAMTests.MarkdownPreviewUIKitHarnessTests testAcceptedFirstRestoreAlreadyMatchingStillSupersedesQueuedSynchronization]' started.
Test Case '-[MyRAMTests.MarkdownPreviewUIKitHarnessTests testAcceptedFirstRestoreAlreadyMatchingStillSupersedesQueuedSynchronization]' passed (0.043 seconds).
Test Case '-[MyRAMTests.MarkdownPreviewUIKitHarnessTests testAcceptedNewerRestoreSupersedesQueuedEditorSynchronization]' started.
Test Case '-[MyRAMTests.MarkdownPreviewUIKitHarnessTests testAcceptedNewerRestoreSupersedesQueuedEditorSynchronization]' passed (0.005 seconds).
Test Case '-[MyRAMTests.MarkdownPreviewUIKitHarnessTests testClearRequiresOwnerPlainTextAndSatisfiedRichTextWrite]' started.
Test Case '-[MyRAMTests.MarkdownPreviewUIKitHarnessTests testClearRequiresOwnerPlainTextAndSatisfiedRichTextWrite]' passed (0.001 seconds).
Test Case '-[MyRAMTests.MarkdownPreviewUIKitHarnessTests testCommandConsumptionEditInteractiveExecutes]' started.
Test Case '-[MyRAMTests.MarkdownPreviewUIKitHarnessTests testCommandConsumptionEditInteractiveExecutes]' passed (0.001 seconds).
Test Case '-[MyRAMTests.MarkdownPreviewUIKitHarnessTests testCommandConsumptionPendingAndVisiblePreviewSuppress]' started.
Test Case '-[MyRAMTests.MarkdownPreviewUIKitHarnessTests testCommandConsumptionPendingAndVisiblePreviewSuppress]' passed (0.001 seconds).
Test Case '-[MyRAMTests.MarkdownPreviewUIKitHarnessTests testCoordinatorScopedGenerationOwnersAreIndependent]' started.
Test Case '-[MyRAMTests.MarkdownPreviewUIKitHarnessTests testCoordinatorScopedGenerationOwnersAreIndependent]' passed (0.001 seconds).
Test Case '-[MyRAMTests.MarkdownPreviewUIKitHarnessTests testCurrentDeferredOperationPublishesAndCompletesNormally]' started.
Test Case '-[MyRAMTests.MarkdownPreviewUIKitHarnessTests testCurrentDeferredOperationPublishesAndCompletesNormally]' passed (0.001 seconds).
Test Case '-[MyRAMTests.MarkdownPreviewUIKitHarnessTests testDeferredBPublishesBeforeAAndRemainsAuthoritative]' started.
Test Case '-[MyRAMTests.MarkdownPreviewUIKitHarnessTests testDeferredBPublishesBeforeAAndRemainsAuthoritative]' passed (0.001 seconds).
Test Case '-[MyRAMTests.MarkdownPreviewUIKitHarnessTests testDeferredOperationAlreadySynchronizedCompletesWithoutPublishing]' started.
Test Case '-[MyRAMTests.MarkdownPreviewUIKitHarnessTests testDeferredOperationAlreadySynchronizedCompletesWithoutPublishing]' passed (0.057 seconds).
Test Case '-[MyRAMTests.MarkdownPreviewUIKitHarnessTests testDiscardRequiresCurrentGenerationAndPreservesCurrentState]' started.
Test Case '-[MyRAMTests.MarkdownPreviewUIKitHarnessTests testDiscardRequiresCurrentGenerationAndPreservesCurrentState]' passed (0.001 seconds).
Test Case '-[MyRAMTests.MarkdownPreviewUIKitHarnessTests testEveryStaleOperationCompletesExactlyOnce]' started.
Test Case '-[MyRAMTests.MarkdownPreviewUIKitHarnessTests testEveryStaleOperationCompletesExactlyOnce]' passed (0.001 seconds).
Test Case '-[MyRAMTests.MarkdownPreviewUIKitHarnessTests testGateRepeatedCompletionAttemptsInvokeCallbackOnce]' started.
Test Case '-[MyRAMTests.MarkdownPreviewUIKitHarnessTests testGateRepeatedCompletionAttemptsInvokeCallbackOnce]' passed (0.001 seconds).
Test Case '-[MyRAMTests.MarkdownPreviewUIKitHarnessTests testImmediateReplacementWritesDataAndReplaceNilClearsIt]' started.
Test Case '-[MyRAMTests.MarkdownPreviewUIKitHarnessTests testImmediateReplacementWritesDataAndReplaceNilClearsIt]' passed (0.001 seconds).
Test Case '-[MyRAMTests.MarkdownPreviewUIKitHarnessTests testNativeUndoSurvivesProductionResignationAndBothReconciliationPasses]' started.
2026-08-04 17:08:32.891676+0000 MyRAM[4775:19366] [View] First responder issue detected: non-key window attempting reload - allowing due to manual keyboard (first responder window is <UIWindow: 0x106ff9000; frame = (0 0; 320 240); gestureRecognizers = <NSArray: 0x116e6f2a0>; layer = <UIWindowLayer: 0x116d45d00>>, key window is <UIWindow: 0x106ff8400; frame = (0 0; 402 874); gestureRecognizers = <NSArray: 0x106edeeb0>; layer = <UIWindowLayer: 0x107836400>>)
2026-08-04 17:08:32.997925+0000 MyRAM[4775:19366] [View] First responder issue detected: non-key window attempting reload - allowing due to manual keyboard (first responder window is <UIWindow: 0x106ff9000; frame = (0 0; 320 240); gestureRecognizers = <NSArray: 0x116e6f2a0>; layer = <UIWindowLayer: 0x116d45d00>>, key window is <UIWindow: 0x106ff8400; frame = (0 0; 402 874); gestureRecognizers = <NSArray: 0x106edeeb0>; layer = <UIWindowLayer: 0x107836400>>)
Test Case '-[MyRAMTests.MarkdownPreviewUIKitHarnessTests testNativeUndoSurvivesProductionResignationAndBothReconciliationPasses]' passed (0.230 seconds).
Test Case '-[MyRAMTests.MarkdownPreviewUIKitHarnessTests testNoDifferenceBSupersedesDeferredAAndDiscardsItsState]' started.
Test Case '-[MyRAMTests.MarkdownPreviewUIKitHarnessTests testNoDifferenceBSupersedesDeferredAAndDiscardsItsState]' passed (0.001 seconds).
Test Case '-[MyRAMTests.MarkdownPreviewUIKitHarnessTests testNoDifferencePreserveIgnoresUnrelatedRichTextBinding]' started.
Test Case '-[MyRAMTests.MarkdownPreviewUIKitHarnessTests testNoDifferencePreserveIgnoresUnrelatedRichTextBinding]' passed (0.003 seconds).
Test Case '-[MyRAMTests.MarkdownPreviewUIKitHarnessTests testPreserveExistingNeverWritesRichTextBinding]' started.
Test Case '-[MyRAMTests.MarkdownPreviewUIKitHarnessTests testPreserveExistingNeverWritesRichTextBinding]' passed (0.002 seconds).
Test Case '-[MyRAMTests.MarkdownPreviewUIKitHarnessTests testPreviewAcknowledgmentRemainsIndependentFromPublicationGeneration]' started.
Test Case '-[MyRAMTests.MarkdownPreviewUIKitHarnessTests testPreviewAcknowledgmentRemainsIndependentFromPublicationGeneration]' passed (0.001 seconds).
Test Case '-[MyRAMTests.MarkdownPreviewUIKitHarnessTests testProductionDeferredSchedulerEnqueuesExactlyOnce]' started.
2026-08-04 17:08:33.473731+0000 MyRAM[4775:19366] Unbalanced calls to begin/end appearance transitions for <UIViewController: 0x106ff8800>.
Test Case '-[MyRAMTests.MarkdownPreviewUIKitHarnessTests testProductionDeferredSchedulerEnqueuesExactlyOnce]' passed (0.041 seconds).
Test Case '-[MyRAMTests.MarkdownPreviewUIKitHarnessTests testReconciliationAppliesAndMarksExplicitRestoreOwnership]' started.
Test Case '-[MyRAMTests.MarkdownPreviewUIKitHarnessTests testReconciliationAppliesAndMarksExplicitRestoreOwnership]' passed (0.005 seconds).
Test Case '-[MyRAMTests.MarkdownPreviewUIKitHarnessTests testReconciliationDerivesAuthoritativeBoundReplacementFromRawInputs]' started.
Test Case '-[MyRAMTests.MarkdownPreviewUIKitHarnessTests testReconciliationDerivesAuthoritativeBoundReplacementFromRawInputs]' passed (0.004 seconds).
Test Case '-[MyRAMTests.MarkdownPreviewUIKitHarnessTests testReconciliationPreservesMarkedTextAndPendingFormatting]' started.
Test Case '-[MyRAMTests.MarkdownPreviewUIKitHarnessTests testReconciliationPreservesMarkedTextAndPendingFormatting]' passed (0.093 seconds).
Test Case '-[MyRAMTests.MarkdownPreviewUIKitHarnessTests testRejectedNonNilRestoresAreTerminalWithoutOrdinaryReplacement]' started.
Test Case '-[MyRAMTests.MarkdownPreviewUIKitHarnessTests testRejectedNonNilRestoresAreTerminalWithoutOrdinaryReplacement]' passed (0.007 seconds).
Test Case '-[MyRAMTests.MarkdownPreviewUIKitHarnessTests testResignationPolicyDistinguishesNoDifferenceAndFinalizedIME]' started.
Test Case '-[MyRAMTests.MarkdownPreviewUIKitHarnessTests testResignationPolicyDistinguishesNoDifferenceAndFinalizedIME]' passed (0.001 seconds).
Test Case '-[MyRAMTests.MarkdownPreviewUIKitHarnessTests testSearchPolicyIsolatesPendingAndVisiblePreview]' started.
Test Case '-[MyRAMTests.MarkdownPreviewUIKitHarnessTests testSearchPolicyIsolatesPendingAndVisiblePreview]' passed (0.001 seconds).
Test Case '-[MyRAMTests.MarkdownPreviewUIKitHarnessTests testStaleGenerationCannotClearOrDiscardNewerBookkeeping]' started.
Test Case '-[MyRAMTests.MarkdownPreviewUIKitHarnessTests testStaleGenerationCannotClearOrDiscardNewerBookkeeping]' passed (0.001 seconds).
Test Case '-[MyRAMTests.MarkdownPreviewUIKitHarnessTests testStaleGenerationCannotRecordAfterNewerGenerationBegins]' started.
Test Case '-[MyRAMTests.MarkdownPreviewUIKitHarnessTests testStaleGenerationCannotRecordAfterNewerGenerationBegins]' passed (0.001 seconds).
Test Case '-[MyRAMTests.MarkdownPreviewUIKitHarnessTests testStaleNonRestoreReconciliationPerformsNoReplacementMarkOrClear]' started.
Test Case '-[MyRAMTests.MarkdownPreviewUIKitHarnessTests testStaleNonRestoreReconciliationPerformsNoReplacementMarkOrClear]' passed (0.003 seconds).
Test Case '-[MyRAMTests.MarkdownPreviewUIKitHarnessTests testStalePreserveExistingOperationCannotOverwriteNewerPlainText]' started.
Test Case '-[MyRAMTests.MarkdownPreviewUIKitHarnessTests testStalePreserveExistingOperationCannotOverwriteNewerPlainText]' passed (0.001 seconds).
Test Case '-[MyRAMTests.MarkdownPreviewUIKitHarnessTests testStaleRichTextReplacementCannotClearNewerRichText]' started.
Test Case '-[MyRAMTests.MarkdownPreviewUIKitHarnessTests testStaleRichTextReplacementCannotClearNewerRichText]' passed (0.001 seconds).
Test Case '-[MyRAMTests.MarkdownPreviewUIKitHarnessTests testSupersessionDuringPlainSetterStopsLaterSideEffects]' started.
Test Case '-[MyRAMTests.MarkdownPreviewUIKitHarnessTests testSupersessionDuringPlainSetterStopsLaterSideEffects]' passed (0.001 seconds).
Test Case '-[MyRAMTests.MarkdownPreviewUIKitHarnessTests testSupersessionDuringPublicationStopsOlderClear]' started.
Test Case '-[MyRAMTests.MarkdownPreviewUIKitHarnessTests testSupersessionDuringPublicationStopsOlderClear]' passed (0.001 seconds).
Test Case '-[MyRAMTests.MarkdownPreviewUIKitHarnessTests testSupersessionDuringRichTextSetterStopsPublicationAndClear]' started.
Test Case '-[MyRAMTests.MarkdownPreviewUIKitHarnessTests testSupersessionDuringRichTextSetterStopsPublicationAndClear]' passed (0.001 seconds).
Test Case '-[MyRAMTests.MarkdownPreviewUIKitHarnessTests testSynchronousBSupersedesDeferredA]' started.
Test Case '-[MyRAMTests.MarkdownPreviewUIKitHarnessTests testSynchronousBSupersedesDeferredA]' passed (0.001 seconds).
Test Case '-[MyRAMTests.MarkdownPreviewUIKitHarnessTests testWeakDependencyTeardownCompletesWithoutDeferredSideEffects]' started.
Test Case '-[MyRAMTests.MarkdownPreviewUIKitHarnessTests testWeakDependencyTeardownCompletesWithoutDeferredSideEffects]' passed (0.001 seconds).
Test Suite 'MarkdownPreviewUIKitHarnessTests' passed at 2026-08-04 17:08:33.618.
	 Executed 35 tests, with 0 failures (0 unexpected) in 0.510 (1.330) seconds
Test Suite 'MyRAMSyncControllerTests' started at 2026-08-04 17:08:33.618.
Test Case '-[MyRAMTests.MyRAMSyncControllerTests test101DistinctTargetsDrainAcrossTwoAcknowledgementCyclesWithoutManualSync]' started.
2026-08-04 17:08:33.798672+0000 MyRAM[4775:21331] [AGPSession] Couldn't check in handle iDstIDs (0).
Test Case '-[MyRAMTests.MyRAMSyncControllerTests test101DistinctTargetsDrainAcrossTwoAcknowledgementCyclesWithoutManualSync]' passed (0.297 seconds).
Test Case '-[MyRAMTests.MyRAMSyncControllerTests testAcknowledgementRemovesOnlyMatchingBatchFromUnsentQueue]' started.
Test Case '-[MyRAMTests.MyRAMSyncControllerTests testAcknowledgementRemovesOnlyMatchingBatchFromUnsentQueue]' passed (0.127 seconds).
Test Case '-[MyRAMTests.MyRAMSyncControllerTests testAcknowledgementRemovesPendingChangeAndRefreshesAggregateStatus]' started.
Test Case '-[MyRAMTests.MyRAMSyncControllerTests testAcknowledgementRemovesPendingChangeAndRefreshesAggregateStatus]' passed (0.140 seconds).
Test Case '-[MyRAMTests.MyRAMSyncControllerTests testAckOnlyEnvelopeDoesNotTriggerReplyAcknowledgement]' started.
Test Case '-[MyRAMTests.MyRAMSyncControllerTests testAckOnlyEnvelopeDoesNotTriggerReplyAcknowledgement]' passed (0.161 seconds).
Test Case '-[MyRAMTests.MyRAMSyncControllerTests testAnchoredLocalBatchRejectsBeforeQueueOrTransportMutation]' started.
Test Case '-[MyRAMTests.MyRAMSyncControllerTests testAnchoredLocalBatchRejectsBeforeQueueOrTransportMutation]' passed (0.058 seconds).
Test Case '-[MyRAMTests.MyRAMSyncControllerTests testDirectlyEncodedInboundAnchoredBatchRejectsBeforeCallbacksAndAck]' started.
Test Case '-[MyRAMTests.MyRAMSyncControllerTests testDirectlyEncodedInboundAnchoredBatchRejectsBeforeCallbacksAndAck]' passed (0.179 seconds).
Test Case '-[MyRAMTests.MyRAMSyncControllerTests testDisconnectedAcceptLocalBatchRefreshesUnsentStatusBeforeReturning]' started.
Test Case '-[MyRAMTests.MyRAMSyncControllerTests testDisconnectedAcceptLocalBatchRefreshesUnsentStatusBeforeReturning]' passed (0.056 seconds).
Test Case '-[MyRAMTests.MyRAMSyncControllerTests testHandledCommitFailurePreventsLegacyAcknowledgement]' started.
2026-08-04 17:08:34.644483+0000 MyRAM[4775:21418] [AGPSession] Couldn't check in handle iDstIDs (0).
Test Case '-[MyRAMTests.MyRAMSyncControllerTests testHandledCommitFailurePreventsLegacyAcknowledgement]' passed (0.162 seconds).
Test Case '-[MyRAMTests.MyRAMSyncControllerTests testIncomingBatchSyncDoesNotAcknowledgeWhenNotDurablyCaptured]' started.
Test Case '-[MyRAMTests.MyRAMSyncControllerTests testIncomingBatchSyncDoesNotAcknowledgeWhenNotDurablyCaptured]' passed (0.287 seconds).
Test Case '-[MyRAMTests.MyRAMSyncControllerTests testIncomingBatchSyncSendsAcknowledgementWhenDurablyCaptured]' started.
Test Case '-[MyRAMTests.MyRAMSyncControllerTests testIncomingBatchSyncSendsAcknowledgementWhenDurablyCaptured]' passed (0.054 seconds).
Test Case '-[MyRAMTests.MyRAMSyncControllerTests testIncomingContentChangeTriggersAcknowledgementReply]' started.
Test Case '-[MyRAMTests.MyRAMSyncControllerTests testIncomingContentChangeTriggersAcknowledgementReply]' passed (0.173 seconds).
Test Case '-[MyRAMTests.MyRAMSyncControllerTests testLegacyFlushRequestedDuringActiveSendRunsFollowUpWithoutOverlap]' started.
Test Case '-[MyRAMTests.MyRAMSyncControllerTests testLegacyFlushRequestedDuringActiveSendRunsFollowUpWithoutOverlap]' passed (0.100 seconds).
Test Case '-[MyRAMTests.MyRAMSyncControllerTests testLocalConvergenceReplacementRefreshesAggregateStatusImmediately]' started.
Test Case '-[MyRAMTests.MyRAMSyncControllerTests testLocalConvergenceReplacementRefreshesAggregateStatusImmediately]' passed (0.140 seconds).
Test Case '-[MyRAMTests.MyRAMSyncControllerTests testManualSyncFlushesUnsentBatchQueue]' started.
Test Case '-[MyRAMTests.MyRAMSyncControllerTests testManualSyncFlushesUnsentBatchQueue]' passed (0.130 seconds).
Test Case '-[MyRAMTests.MyRAMSyncControllerTests testOuterSchemaNegativeOneRejectsBatchBeforeControllerSideEffects]' started.
Test Case '-[MyRAMTests.MyRAMSyncControllerTests testOuterSchemaNegativeOneRejectsBatchBeforeControllerSideEffects]' passed (0.165 seconds).
Test Case '-[MyRAMTests.MyRAMSyncControllerTests testOuterSchemaZeroRejectsBatchBeforeControllerSideEffects]' started.
Test Case '-[MyRAMTests.MyRAMSyncControllerTests testOuterSchemaZeroRejectsBatchBeforeControllerSideEffects]' passed (0.161 seconds).
Test Case '-[MyRAMTests.MyRAMSyncControllerTests testPartialLegacyEnvelopeAcknowledgesOnlyAppliedCandidate]' started.
Test Case '-[MyRAMTests.MyRAMSyncControllerTests testPartialLegacyEnvelopeAcknowledgesOnlyAppliedCandidate]' passed (0.182 seconds).
Test Case '-[MyRAMTests.MyRAMSyncControllerTests testReconnectFlushesQueuedLegacyChange]' started.
Test Case '-[MyRAMTests.MyRAMSyncControllerTests testReconnectFlushesQueuedLegacyChange]' passed (0.183 seconds).
Test Case '-[MyRAMTests.MyRAMSyncControllerTests testRecordedChangeIsSentAsLegacyEnvelopeOnManualFlush]' started.
Test Case '-[MyRAMTests.MyRAMSyncControllerTests testRecordedChangeIsSentAsLegacyEnvelopeOnManualFlush]' passed (0.079 seconds).
Test Case '-[MyRAMTests.MyRAMSyncControllerTests testRecoverySuspendedAcceptLocalBatchThrowsWhenDurableEnqueueFails]' started.
Test Case '-[MyRAMTests.MyRAMSyncControllerTests testRecoverySuspendedAcceptLocalBatchThrowsWhenDurableEnqueueFails]' passed (0.056 seconds).
Test Case '-[MyRAMTests.MyRAMSyncControllerTests testRecoverySuspendedBatchRequestFlushesOnceOnResume]' started.
Test Case '-[MyRAMTests.MyRAMSyncControllerTests testRecoverySuspendedBatchRequestFlushesOnceOnResume]' passed (0.133 seconds).
Test Case '-[MyRAMTests.MyRAMSyncControllerTests testRetryRequiredLegacyCandidateIsNotAcknowledgedOrMarkedHandledAndRedelivers]' started.
Test Case '-[MyRAMTests.MyRAMSyncControllerTests testRetryRequiredLegacyCandidateIsNotAcknowledgedOrMarkedHandledAndRedelivers]' passed (0.402 seconds).
Test Case '-[MyRAMTests.MyRAMSyncControllerTests testSentBatchIsNotRemovedFromQueueWithoutAcknowledgement]' started.
Test Case '-[MyRAMTests.MyRAMSyncControllerTests testSentBatchIsNotRemovedFromQueueWithoutAcknowledgement]' passed (0.066 seconds).
Test Case '-[MyRAMTests.MyRAMSyncControllerTests testUnknownLegacyDispositionResultFailsClosed]' started.
2026-08-04 17:08:37.362771+0000 MyRAM[4775:21708] [AGPSession] Couldn't check in handle iDstIDs (0).
Test Case '-[MyRAMTests.MyRAMSyncControllerTests testUnknownLegacyDispositionResultFailsClosed]' passed (0.306 seconds).
Test Suite 'MyRAMSyncControllerTests' passed at 2026-08-04 17:08:37.431.
	 Executed 24 tests, with 0 failures (0 unexpected) in 3.799 (3.813) seconds
Test Suite 'MyRAMSyncOperationIDAllocatorTests' started at 2026-08-04 17:08:37.432.
Test Case '-[MyRAMTests.MyRAMSyncOperationIDAllocatorTests testConcurrentCallsThroughOneAllocatorAreUniqueAndContiguous]' started.
Test Case '-[MyRAMTests.MyRAMSyncOperationIDAllocatorTests testConcurrentCallsThroughOneAllocatorAreUniqueAndContiguous]' passed (0.117 seconds).
Test Case '-[MyRAMTests.MyRAMSyncOperationIDAllocatorTests testConcurrentFirstUseSelectsOneAuthoritativeActor]' started.
Test Case '-[MyRAMTests.MyRAMSyncOperationIDAllocatorTests testConcurrentFirstUseSelectsOneAuthoritativeActor]' passed (0.005 seconds).
Test Case '-[MyRAMTests.MyRAMSyncOperationIDAllocatorTests testConstructionIsLazyAndUnavailableStorageFailsClosed]' started.
Test Case '-[MyRAMTests.MyRAMSyncOperationIDAllocatorTests testConstructionIsLazyAndUnavailableStorageFailsClosed]' passed (0.023 seconds).
Test Case '-[MyRAMTests.MyRAMSyncOperationIDAllocatorTests testDirectoryAndLockRemainStableAcrossAtomicStateReplacement]' started.
Test Case '-[MyRAMTests.MyRAMSyncOperationIDAllocatorTests testDirectoryAndLockRemainStableAcrossAtomicStateReplacement]' passed (0.007 seconds).
Test Case '-[MyRAMTests.MyRAMSyncOperationIDAllocatorTests testDistinctAllocatorsSharingRealStoreSerializeOneContiguousSequence]' started.
Test Case '-[MyRAMTests.MyRAMSyncOperationIDAllocatorTests testDistinctAllocatorsSharingRealStoreSerializeOneContiguousSequence]' passed (0.028 seconds).
Test Case '-[MyRAMTests.MyRAMSyncOperationIDAllocatorTests testExhaustionPreservesMaximumRecord]' started.
Test Case '-[MyRAMTests.MyRAMSyncOperationIDAllocatorTests testExhaustionPreservesMaximumRecord]' passed (0.012 seconds).
Test Case '-[MyRAMTests.MyRAMSyncOperationIDAllocatorTests testFailureAfterInstallationLeavesProtectedGapOnRetry]' started.
Test Case '-[MyRAMTests.MyRAMSyncOperationIDAllocatorTests testFailureAfterInstallationLeavesProtectedGapOnRetry]' passed (0.005 seconds).
Test Case '-[MyRAMTests.MyRAMSyncOperationIDAllocatorTests testFailureAfterVerificationDoesNotReuseCommittedReservation]' started.
Test Case '-[MyRAMTests.MyRAMSyncOperationIDAllocatorTests testFailureAfterVerificationDoesNotReuseCommittedReservation]' passed (0.003 seconds).
Test Case '-[MyRAMTests.MyRAMSyncOperationIDAllocatorTests testFailureBeforeInstallationAllowsUncommittedCounterToBeRetried]' started.
Test Case '-[MyRAMTests.MyRAMSyncOperationIDAllocatorTests testFailureBeforeInstallationAllowsUncommittedCounterToBeRetried]' passed (0.003 seconds).
Test Case '-[MyRAMTests.MyRAMSyncOperationIDAllocatorTests testFirstAndSequentialReservationsPersistCanonicalRecord]' started.
Test Case '-[MyRAMTests.MyRAMSyncOperationIDAllocatorTests testFirstAndSequentialReservationsPersistCanonicalRecord]' passed (0.006 seconds).
Test Case '-[MyRAMTests.MyRAMSyncOperationIDAllocatorTests testFirstReservationPreparesProtectedDirectoryBeforeCreatingFiles]' started.
Test Case '-[MyRAMTests.MyRAMSyncOperationIDAllocatorTests testFirstReservationPreparesProtectedDirectoryBeforeCreatingFiles]' passed (0.004 seconds).
Test Case '-[MyRAMTests.MyRAMSyncOperationIDAllocatorTests testInvalidRecordsFailClosedWithoutReplacingStateOrCreatingActor]' started.
Test Case '-[MyRAMTests.MyRAMSyncOperationIDAllocatorTests testInvalidRecordsFailClosedWithoutReplacingStateOrCreatingActor]' passed (0.009 seconds).
Test Case '-[MyRAMTests.MyRAMSyncOperationIDAllocatorTests testMissingRecordAfterPriorUseCreatesNewActorAtCounterZero]' started.
Test Case '-[MyRAMTests.MyRAMSyncOperationIDAllocatorTests testMissingRecordAfterPriorUseCreatesNewActorAtCounterZero]' passed (0.004 seconds).
Test Case '-[MyRAMTests.MyRAMSyncOperationIDAllocatorTests testProtectedDirectoryFailureCreatesNoTransactionFilesOrActor]' started.
Test Case '-[MyRAMTests.MyRAMSyncOperationIDAllocatorTests testProtectedDirectoryFailureCreatesNoTransactionFilesOrActor]' passed (0.001 seconds).
Test Case '-[MyRAMTests.MyRAMSyncOperationIDAllocatorTests testRecreatedAllocatorAdvancesExistingActor]' started.
Test Case '-[MyRAMTests.MyRAMSyncOperationIDAllocatorTests testRecreatedAllocatorAdvancesExistingActor]' passed (0.005 seconds).
Test Case '-[MyRAMTests.MyRAMSyncOperationIDAllocatorTests testSecondStoreCannotEnterLockedTransactionUntilFirstReleases]' started.
Test Case '-[MyRAMTests.MyRAMSyncOperationIDAllocatorTests testSecondStoreCannotEnterLockedTransactionUntilFirstReleases]' passed (0.109 seconds).
Test Suite 'MyRAMSyncOperationIDAllocatorTests' passed at 2026-08-04 17:08:38.062.
	 Executed 16 tests, with 0 failures (0 unexpected) in 0.339 (0.630) seconds
Test Suite 'MyRAMTests' started at 2026-08-04 17:08:38.062.
Test Case '-[MyRAMTests.MyRAMTests testAcknowledgedLocalNoteChangeAdvancesSyncBaseline]' started.
Test Case '-[MyRAMTests.MyRAMTests testAcknowledgedLocalNoteChangeAdvancesSyncBaseline]' passed (0.092 seconds).
Test Case '-[MyRAMTests.MyRAMTests testAcknowledgedLocalPinnedTextChangeAdvancesSyncBaseline]' started.
Test Case '-[MyRAMTests.MyRAMTests testAcknowledgedLocalPinnedTextChangeAdvancesSyncBaseline]' passed (0.052 seconds).
Test Case '-[MyRAMTests.MyRAMTests testActiveConflictPreservesLocalDeleteThenRetypeAgainstRemoteOrdinaryText]' started.
Test Case '-[MyRAMTests.MyRAMTests testActiveConflictPreservesLocalDeleteThenRetypeAgainstRemoteOrdinaryText]' passed (0.019 seconds).
Test Case '-[MyRAMTests.MyRAMTests testActiveConflictPreventsRemoteOrdinaryTextFromOverwritingLocalText]' started.
Test Case '-[MyRAMTests.MyRAMTests testActiveConflictPreventsRemoteOrdinaryTextFromOverwritingLocalText]' passed (0.018 seconds).
Test Case '-[MyRAMTests.MyRAMTests testActiveNoteCountInFolderExcludesDeletedNotesAndOtherFolders]' started.
Test Case '-[MyRAMTests.MyRAMTests testActiveNoteCountInFolderExcludesDeletedNotesAndOtherFolders]' passed (0.062 seconds).
Test Case '-[MyRAMTests.MyRAMTests testActiveNoteCountInFolderIncludesNestedFolders]' started.
Test Case '-[MyRAMTests.MyRAMTests testActiveNoteCountInFolderIncludesNestedFolders]' passed (0.024 seconds).
Test Case '-[MyRAMTests.MyRAMTests testActiveNoteMixedTitleAndBodyIncomingBatchPublishesCompositeEditorUpdate]' started.
2026-08-04 17:08:38.466095+0000 MyRAM[4775:20556] [ModelContext] SwiftData.ModelContext: Unbinding from the main queue. This context was instantiated on the main queue but is being used off it. ModelContexts are not Sendable, consider using a ModelActor.
Test Case '-[MyRAMTests.MyRAMTests testActiveNoteMixedTitleAndBodyIncomingBatchPublishesCompositeEditorUpdate]' passed (0.152 seconds).
Test Case '-[MyRAMTests.MyRAMTests testActiveNoteTitleOnlyIncomingBatchPublishesMetadataOnlyEditorUpdate]' started.
2026-08-04 17:08:38.503104+0000 MyRAM[4775:21268] [ModelContext] SwiftData.ModelContext: Unbinding from the main queue. This context was instantiated on the main queue but is being used off it. ModelContexts are not Sendable, consider using a ModelActor.
Test Case '-[MyRAMTests.MyRAMTests testActiveNoteTitleOnlyIncomingBatchPublishesMetadataOnlyEditorUpdate]' passed (0.029 seconds).
Test Case '-[MyRAMTests.MyRAMTests testAddPhotoAttachmentStoresImageOnNote]' started.
Test Case '-[MyRAMTests.MyRAMTests testAddPhotoAttachmentStoresImageOnNote]' passed (0.034 seconds).
Test Case '-[MyRAMTests.MyRAMTests testAttachmentsPersistAcrossContainerReinit]' started.
Test Case '-[MyRAMTests.MyRAMTests testAttachmentsPersistAcrossContainerReinit]' passed (0.044 seconds).
Test Case '-[MyRAMTests.MyRAMTests testBidirectionalConcurrentEditsAfterPriorSyncedHistoryConvergeIdentically]' started.
2026-08-04 17:08:38.636912+0000 MyRAM[4775:21268] [ModelContext] SwiftData.ModelContext: Unbinding from the main queue. This context was instantiated on the main queue but is being used off it. ModelContexts are not Sendable, consider using a ModelActor.
2026-08-04 17:08:38.693955+0000 MyRAM[4775:21307] [ModelContext] SwiftData.ModelContext: Unbinding from the main queue. This context was instantiated on the main queue but is being used off it. ModelContexts are not Sendable, consider using a ModelActor.
Test Case '-[MyRAMTests.MyRAMTests testBidirectionalConcurrentEditsAfterPriorSyncedHistoryConvergeIdentically]' passed (0.109 seconds).
Test Case '-[MyRAMTests.MyRAMTests testBufferedConflictStoreExactRemoteConflictDoesNotExposeQueuedReadOrEffect]' started.
Test Case '-[MyRAMTests.MyRAMTests testBufferedConflictStoreExactRemoteConflictDoesNotExposeQueuedReadOrEffect]' passed (0.038 seconds).
Test Case '-[MyRAMTests.MyRAMTests testBufferedConflictStoreQueuesSameFieldConflictForReadAfterWriteAndCheckedCommit]' started.
Test Case '-[MyRAMTests.MyRAMTests testBufferedConflictStoreQueuesSameFieldConflictForReadAfterWriteAndCheckedCommit]' passed (0.012 seconds).
Test Case '-[MyRAMTests.MyRAMTests testBufferedConflictStoreReadsPinnedTextBaselineWrittenDuringApply]' started.
Test Case '-[MyRAMTests.MyRAMTests testBufferedConflictStoreReadsPinnedTextBaselineWrittenDuringApply]' passed (0.001 seconds).
Test Case '-[MyRAMTests.MyRAMTests testBuildNoteExportTextIncludesReadableFieldsForSingleNote]' started.
Test Case '-[MyRAMTests.MyRAMTests testBuildNoteExportTextIncludesReadableFieldsForSingleNote]' passed (0.001 seconds).
Test Case '-[MyRAMTests.MyRAMTests testCapturedLocalEvidenceRegistersAfterAuthoritativeBodyMovesOnWithoutReverseReconstruction]' started.
Test Case '-[MyRAMTests.MyRAMTests testCapturedLocalEvidenceRegistersAfterAuthoritativeBodyMovesOnWithoutReverseReconstruction]' passed (0.016 seconds).
Test Case '-[MyRAMTests.MyRAMTests testCapturedLocalObligationValidationFailureRejectsBeforeQueueInsertion]' started.
Test Case '-[MyRAMTests.MyRAMTests testCapturedLocalObligationValidationFailureRejectsBeforeQueueInsertion]' passed (0.012 seconds).
Test Case '-[MyRAMTests.MyRAMTests testChecklistActionCreatesUncheckedItemAtCurrentLine]' started.
Test Case '-[MyRAMTests.MyRAMTests testChecklistActionCreatesUncheckedItemAtCurrentLine]' passed (0.015 seconds).
Test Case '-[MyRAMTests.MyRAMTests testChecklistActionNormalizesLegacyPrefixAndTogglesState]' started.
Test Case '-[MyRAMTests.MyRAMTests testChecklistActionNormalizesLegacyPrefixAndTogglesState]' passed (0.001 seconds).
Test Case '-[MyRAMTests.MyRAMTests testChecklistActionTogglesUncheckedAndCheckedState]' started.
Test Case '-[MyRAMTests.MyRAMTests testChecklistActionTogglesUncheckedAndCheckedState]' passed (0.001 seconds).
Test Case '-[MyRAMTests.MyRAMTests testChecklistCheckedContentRangesOnlyIncludesCheckedItems]' started.
Test Case '-[MyRAMTests.MyRAMTests testChecklistCheckedContentRangesOnlyIncludesCheckedItems]' passed (0.032 seconds).
Test Case '-[MyRAMTests.MyRAMTests testChecklistCheckedItemRemainsEditableAfterRendering]' started.
Test Case '-[MyRAMTests.MyRAMTests testChecklistCheckedItemRemainsEditableAfterRendering]' passed (0.001 seconds).
Test Case '-[MyRAMTests.MyRAMTests testChecklistIconDetectionMatchesIconPrefixRange]' started.
Test Case '-[MyRAMTests.MyRAMTests testChecklistIconDetectionMatchesIconPrefixRange]' passed (0.001 seconds).
Test Case '-[MyRAMTests.MyRAMTests testChecklistIconExactDetectionStaysLimitedToPrefix]' started.
Test Case '-[MyRAMTests.MyRAMTests testChecklistIconExactDetectionStaysLimitedToPrefix]' passed (0.001 seconds).
Test Case '-[MyRAMTests.MyRAMTests testChecklistPinCandidateExtractsThoughtAndSourceLineForMove]' started.
Test Case '-[MyRAMTests.MyRAMTests testChecklistPinCandidateExtractsThoughtAndSourceLineForMove]' passed (0.001 seconds).
Test Case '-[MyRAMTests.MyRAMTests testChecklistRenderingAppliesContinuationIndentToChecklistLines]' started.
Test Case '-[MyRAMTests.MyRAMTests testChecklistRenderingAppliesContinuationIndentToChecklistLines]' passed (0.001 seconds).
Test Case '-[MyRAMTests.MyRAMTests testChecklistRenderingAppliesStrikethroughOnlyToCheckedItemText]' started.
Test Case '-[MyRAMTests.MyRAMTests testChecklistRenderingAppliesStrikethroughOnlyToCheckedItemText]' passed (0.002 seconds).
Test Case '-[MyRAMTests.MyRAMTests testChecklistRenderingIncreasesCheckboxGlyphSize]' started.
Test Case '-[MyRAMTests.MyRAMTests testChecklistRenderingIncreasesCheckboxGlyphSize]' passed (0.001 seconds).
Test Case '-[MyRAMTests.MyRAMTests testChecklistRenderingIndentsBodyLinesWhenAnyChecklistExists]' started.
Test Case '-[MyRAMTests.MyRAMTests testChecklistRenderingIndentsBodyLinesWhenAnyChecklistExists]' passed (0.001 seconds).
Test Case '-[MyRAMTests.MyRAMTests testChecklistRenderingKeepsBlankItemTypingBoundaryAtBodyFont]' started.
Test Case '-[MyRAMTests.MyRAMTests testChecklistRenderingKeepsBlankItemTypingBoundaryAtBodyFont]' passed (0.048 seconds).
Test Case '-[MyRAMTests.MyRAMTests testChecklistRenderingKeepsCheckedWrappedLinesSingleSpaced]' started.
Test Case '-[MyRAMTests.MyRAMTests testChecklistRenderingKeepsCheckedWrappedLinesSingleSpaced]' passed (0.001 seconds).
Test Case '-[MyRAMTests.MyRAMTests testChecklistRenderingKeepsPlainNotesCompactWithoutGutters]' started.
Test Case '-[MyRAMTests.MyRAMTests testChecklistRenderingKeepsPlainNotesCompactWithoutGutters]' passed (0.001 seconds).
Test Case '-[MyRAMTests.MyRAMTests testChecklistRenderingKeepsStableTabStopForLargerCheckboxGlyph]' started.
Test Case '-[MyRAMTests.MyRAMTests testChecklistRenderingKeepsStableTabStopForLargerCheckboxGlyph]' passed (0.001 seconds).
Test Case '-[MyRAMTests.MyRAMTests testChecklistRenderingMigratesLegacyMarkersToIcons]' started.
Test Case '-[MyRAMTests.MyRAMTests testChecklistRenderingMigratesLegacyMarkersToIcons]' passed (0.001 seconds).
Test Case '-[MyRAMTests.MyRAMTests testCommitNoteEditBodyReplacementRecordsCapturedEvidenceChain]' started.
Test Case '-[MyRAMTests.MyRAMTests testCommitNoteEditBodyReplacementRecordsCapturedEvidenceChain]' passed (0.018 seconds).
Test Case '-[MyRAMTests.MyRAMTests testCommitNoteEditLargeReplacementRecordsCapturedEvidenceChain]' started.
Test Case '-[MyRAMTests.MyRAMTests testCommitNoteEditLargeReplacementRecordsCapturedEvidenceChain]' passed (0.028 seconds).
Test Case '-[MyRAMTests.MyRAMTests testCommitNoteEditSaveFailureRestoresStateAndDoesNotRecordConvergenceWork]' started.
Test Case '-[MyRAMTests.MyRAMTests testCommitNoteEditSaveFailureRestoresStateAndDoesNotRecordConvergenceWork]' passed (0.016 seconds).
Test Case '-[MyRAMTests.MyRAMTests testConcurrentFullBodyReplacementsFromBothDevices]' started.
Test Case '-[MyRAMTests.MyRAMTests testConcurrentFullBodyReplacementsFromBothDevices]' passed (0.038 seconds).
Test Case '-[MyRAMTests.MyRAMTests testConflictProducingLegacyIncomingChangeDoesNotPublishConflictBeforeSaveSucceeds]' started.
Test Case '-[MyRAMTests.MyRAMTests testConflictProducingLegacyIncomingChangeDoesNotPublishConflictBeforeSaveSucceeds]' passed (0.036 seconds).
Test Case '-[MyRAMTests.MyRAMTests testConvergenceRuntimeProcessesQueuedIncomingBatchesSerially]' started.
2026-08-04 17:08:39.202639+0000 MyRAM[4775:20558] [ModelContext] SwiftData.ModelContext: Unbinding from the main queue. This context was instantiated on the main queue but is being used off it. ModelContexts are not Sendable, consider using a ModelActor.
Test Case '-[MyRAMTests.MyRAMTests testConvergenceRuntimeProcessesQueuedIncomingBatchesSerially]' passed (0.155 seconds).
Test Case '-[MyRAMTests.MyRAMTests testCreateFolderSupportsRootAndNestedHierarchy]' started.
Test Case '-[MyRAMTests.MyRAMTests testCreateFolderSupportsRootAndNestedHierarchy]' passed (0.013 seconds).
Test Case '-[MyRAMTests.MyRAMTests testCreateNewNoteUsesCurrentFolderContext]' started.
Test Case '-[MyRAMTests.MyRAMTests testCreateNewNoteUsesCurrentFolderContext]' passed (0.016 seconds).
Test Case '-[MyRAMTests.MyRAMTests testCurrentFolderListItemsOrdersPinnedNotesFoldersThenRegularNotes]' started.
Test Case '-[MyRAMTests.MyRAMTests testCurrentFolderListItemsOrdersPinnedNotesFoldersThenRegularNotes]' passed (0.045 seconds).
Test Case '-[MyRAMTests.MyRAMTests testCurrentNoteSearchBodyRangeRejectsOutOfBoundsRange]' started.
Test Case '-[MyRAMTests.MyRAMTests testCurrentNoteSearchBodyRangeRejectsOutOfBoundsRange]' passed (0.001 seconds).
Test Case '-[MyRAMTests.MyRAMTests testCurrentNoteSearchBodyRangeRequiresBodyMatchWithinBounds]' started.
Test Case '-[MyRAMTests.MyRAMTests testCurrentNoteSearchBodyRangeRequiresBodyMatchWithinBounds]' passed (0.000 seconds).
Test Case '-[MyRAMTests.MyRAMTests testCurrentNoteSearchClearsSelectedMatchWhenEmpty]' started.
Test Case '-[MyRAMTests.MyRAMTests testCurrentNoteSearchClearsSelectedMatchWhenEmpty]' passed (0.000 seconds).
Test Case '-[MyRAMTests.MyRAMTests testCurrentNoteSearchFallsBackFromStaleSelectedMatch]' started.
Test Case '-[MyRAMTests.MyRAMTests testCurrentNoteSearchFallsBackFromStaleSelectedMatch]' passed (0.095 seconds).
Test Case '-[MyRAMTests.MyRAMTests testCurrentNoteSearchNextAndPreviousWrapMatches]' started.
Test Case '-[MyRAMTests.MyRAMTests testCurrentNoteSearchNextAndPreviousWrapMatches]' passed (0.001 seconds).
Test Case '-[MyRAMTests.MyRAMTests testCurrentNoteSearchNormalizesWhitespaceQuery]' started.
Test Case '-[MyRAMTests.MyRAMTests testCurrentNoteSearchNormalizesWhitespaceQuery]' passed (0.001 seconds).
Test Case '-[MyRAMTests.MyRAMTests testCurrentNoteSearchOrdersPinnedTextBeforeBodyMatches]' started.
Test Case '-[MyRAMTests.MyRAMTests testCurrentNoteSearchOrdersPinnedTextBeforeBodyMatches]' passed (0.001 seconds).
Test Case '-[MyRAMTests.MyRAMTests testCurrentNoteSearchPreservesPinnedThenBodyOrdering]' started.
Test Case '-[MyRAMTests.MyRAMTests testCurrentNoteSearchPreservesPinnedThenBodyOrdering]' passed (0.633 seconds).
Test Case '-[MyRAMTests.MyRAMTests testCurrentNoteSearchPreservesValidSelectedMatch]' started.
Test Case '-[MyRAMTests.MyRAMTests testCurrentNoteSearchPreservesValidSelectedMatch]' passed (0.001 seconds).
Test Case '-[MyRAMTests.MyRAMTests testCurrentNoteSearchReturnsNoMatchesForWhitespaceQuery]' started.
Test Case '-[MyRAMTests.MyRAMTests testCurrentNoteSearchReturnsNoMatchesForWhitespaceQuery]' passed (0.001 seconds).
Test Case '-[MyRAMTests.MyRAMTests testCurrentNoteSearchReturnsNoMatchesWhenQueryIsMissing]' started.
Test Case '-[MyRAMTests.MyRAMTests testCurrentNoteSearchReturnsNoMatchesWhenQueryIsMissing]' passed (0.001 seconds).
Test Case '-[MyRAMTests.MyRAMTests testCurrentNoteSearchUsesOriginalStringRangesForDiacriticInsensitiveBodyMatches]' started.
Test Case '-[MyRAMTests.MyRAMTests testCurrentNoteSearchUsesOriginalStringRangesForDiacriticInsensitiveBodyMatches]' passed (0.002 seconds).
Test Case '-[MyRAMTests.MyRAMTests testDebugBuildUsesDevelopmentBundleIdentifier]' started.
Test Case '-[MyRAMTests.MyRAMTests testDebugBuildUsesDevelopmentBundleIdentifier]' passed (0.001 seconds).
Test Case '-[MyRAMTests.MyRAMTests testDebugDemoDataGeneratorClearPreservesUserNotes]' started.
Test Case '-[MyRAMTests.MyRAMTests testDebugDemoDataGeneratorClearPreservesUserNotes]' passed (0.030 seconds).
Test Case '-[MyRAMTests.MyRAMTests testDebugDemoDataGeneratorCreatesExpectedNotesAndPinnedThoughts]' started.
Test Case '-[MyRAMTests.MyRAMTests testDebugDemoDataGeneratorCreatesExpectedNotesAndPinnedThoughts]' passed (0.013 seconds).
Test Case '-[MyRAMTests.MyRAMTests testDebugDemoDataGeneratorIsSafeToRunRepeatedly]' started.
Test Case '-[MyRAMTests.MyRAMTests testDebugDemoDataGeneratorIsSafeToRunRepeatedly]' passed (0.028 seconds).
Test Case '-[MyRAMTests.MyRAMTests testDeferredIncomingBatchDoesNotBlockDisjointLaterBatch]' started.
2026-08-04 17:08:40.323646+0000 MyRAM[4775:20558] [ModelContext] SwiftData.ModelContext: Unbinding from the main queue. This context was instantiated on the main queue but is being used off it. ModelContexts are not Sendable, consider using a ModelActor.
Test Case '-[MyRAMTests.MyRAMTests testDeferredIncomingBatchDoesNotBlockDisjointLaterBatch]' passed (0.101 seconds).
Test Case '-[MyRAMTests.MyRAMTests testDelayedBatchDrainRepeatsForReentrantSubmissionWithoutStrandingWork]' started.
2026-08-04 17:08:40.495974+0000 MyRAM[4775:21306] [ModelContext] SwiftData.ModelContext: Unbinding from the main queue. This context was instantiated on the main queue but is being used off it. ModelContexts are not Sendable, consider using a ModelActor.
Test Case '-[MyRAMTests.MyRAMTests testDelayedBatchDrainRepeatsForReentrantSubmissionWithoutStrandingWork]' passed (0.688 seconds).
Test Case '-[MyRAMTests.MyRAMTests testDeleteFolderPreservingNotesMovesNotesToTopLevel]' started.
Test Case '-[MyRAMTests.MyRAMTests testDeleteFolderPreservingNotesMovesNotesToTopLevel]' passed (0.041 seconds).
Test Case '-[MyRAMTests.MyRAMTests testDeleteFolderWithoutPreservingNotesSoftDeletesContainedNotes]' started.
Test Case '-[MyRAMTests.MyRAMTests testDeleteFolderWithoutPreservingNotesSoftDeletesContainedNotes]' passed (0.025 seconds).
Test Case '-[MyRAMTests.MyRAMTests testDifferentRemoteSenderStaleBaseDoesNotOverwriteTrackedText]' started.
Test Case '-[MyRAMTests.MyRAMTests testDifferentRemoteSenderStaleBaseDoesNotOverwriteTrackedText]' passed (0.034 seconds).
Test Case '-[MyRAMTests.MyRAMTests testDiscardSyncConflictAdvancesLocalNoteTimestamp]' started.
Test Case '-[MyRAMTests.MyRAMTests testDiscardSyncConflictAdvancesLocalNoteTimestamp]' passed (0.018 seconds).
Test Case '-[MyRAMTests.MyRAMTests testDuplicateMixedIncomingBatchDoesNotRepublishEditorUpdate]' started.
2026-08-04 17:08:41.188133+0000 MyRAM[4775:20556] [ModelContext] SwiftData.ModelContext: Unbinding from the main queue. This context was instantiated on the main queue but is being used off it. ModelContexts are not Sendable, consider using a ModelActor.
Test Case '-[MyRAMTests.MyRAMTests testDuplicateMixedIncomingBatchDoesNotRepublishEditorUpdate]' passed (0.045 seconds).
Test Case '-[MyRAMTests.MyRAMTests testDuplicateTitleOnlyIncomingBatchDoesNotPublishNewActiveEditorUpdate]' started.
2026-08-04 17:08:41.274135+0000 MyRAM[4775:21823] [ModelContext] SwiftData.ModelContext: Unbinding from the main queue. This context was instantiated on the main queue but is being used off it. ModelContexts are not Sendable, consider using a ModelActor.
Test Case '-[MyRAMTests.MyRAMTests testDuplicateTitleOnlyIncomingBatchDoesNotPublishNewActiveEditorUpdate]' passed (0.098 seconds).
Test Case '-[MyRAMTests.MyRAMTests testEditorSelectionRangeResolverAcceptsCollapsedRangeAtTextEnd]' started.
Test Case '-[MyRAMTests.MyRAMTests testEditorSelectionRangeResolverAcceptsCollapsedRangeAtTextEnd]' passed (0.001 seconds).
Test Case '-[MyRAMTests.MyRAMTests testEditorSelectionRangeResolverAcceptsRangeEndingAtTextLength]' started.
Test Case '-[MyRAMTests.MyRAMTests testEditorSelectionRangeResolverAcceptsRangeEndingAtTextLength]' passed (0.001 seconds).
Test Case '-[MyRAMTests.MyRAMTests testEditorSelectionRangeResolverClampsNegativeSelectionLocationToZero]' started.
Test Case '-[MyRAMTests.MyRAMTests testEditorSelectionRangeResolverClampsNegativeSelectionLocationToZero]' passed (0.067 seconds).
Test Case '-[MyRAMTests.MyRAMTests testEditorSelectionRangeResolverClampsNSNotFoundToEndCaret]' started.
Test Case '-[MyRAMTests.MyRAMTests testEditorSelectionRangeResolverClampsNSNotFoundToEndCaret]' passed (0.001 seconds).
Test Case '-[MyRAMTests.MyRAMTests testEditorSelectionRangeResolverClampsRenderedSelectionWithExistingSemantics]' started.
Test Case '-[MyRAMTests.MyRAMTests testEditorSelectionRangeResolverClampsRenderedSelectionWithExistingSemantics]' passed (0.001 seconds).
Test Case '-[MyRAMTests.MyRAMTests testEditorSelectionRangeResolverClampsSelectionLengthPastTextEnd]' started.
Test Case '-[MyRAMTests.MyRAMTests testEditorSelectionRangeResolverClampsSelectionLengthPastTextEnd]' passed (0.001 seconds).
Test Case '-[MyRAMTests.MyRAMTests testEditorSelectionRangeResolverClampsSelectionLocationPastTextEnd]' started.
Test Case '-[MyRAMTests.MyRAMTests testEditorSelectionRangeResolverClampsSelectionLocationPastTextEnd]' passed (0.000 seconds).
Test Case '-[MyRAMTests.MyRAMTests testEditorSelectionRangeResolverHandlesEmptyText]' started.
Test Case '-[MyRAMTests.MyRAMTests testEditorSelectionRangeResolverHandlesEmptyText]' passed (0.000 seconds).
Test Case '-[MyRAMTests.MyRAMTests testEditorSelectionRangeResolverPositiveLengthRequiresValidNonEmptyRange]' started.
Test Case '-[MyRAMTests.MyRAMTests testEditorSelectionRangeResolverPositiveLengthRequiresValidNonEmptyRange]' passed (0.000 seconds).
Test Case '-[MyRAMTests.MyRAMTests testEditorSelectionRangeResolverPreservesCollapsedCaretInsideBounds]' started.
Test Case '-[MyRAMTests.MyRAMTests testEditorSelectionRangeResolverPreservesCollapsedCaretInsideBounds]' passed (0.001 seconds).
Test Case '-[MyRAMTests.MyRAMTests testEditorSelectionRangeResolverRejectsInvalidRanges]' started.
Test Case '-[MyRAMTests.MyRAMTests testEditorSelectionRangeResolverRejectsInvalidRanges]' passed (0.001 seconds).
Test Case '-[MyRAMTests.MyRAMTests testEditorSelectionRangeResolverRejectsNegativeTextLength]' started.
Test Case '-[MyRAMTests.MyRAMTests testEditorSelectionRangeResolverRejectsNegativeTextLength]' passed (0.000 seconds).
Test Case '-[MyRAMTests.MyRAMTests testExportNotesForSharingMultipleNotesIncludesFolderPathsAndPhotos]' started.
Test Case '-[MyRAMTests.MyRAMTests testExportNotesForSharingMultipleNotesIncludesFolderPathsAndPhotos]' passed (0.063 seconds).
Test Case '-[MyRAMTests.MyRAMTests testExportNotesForSharingSingleNoteCreatesStructuredJSONFileAndImageFiles]' started.
Test Case '-[MyRAMTests.MyRAMTests testExportNotesForSharingSingleNoteCreatesStructuredJSONFileAndImageFiles]' passed (0.031 seconds).
Test Case '-[MyRAMTests.MyRAMTests testFetchRecentlyDeletedNotesLoadsPreexistingDeletedNotesOnInit]' started.
Test Case '-[MyRAMTests.MyRAMTests testFetchRecentlyDeletedNotesLoadsPreexistingDeletedNotesOnInit]' passed (0.015 seconds).
Test Case '-[MyRAMTests.MyRAMTests testFolderAndPinnedPayloadsMapToCollectionAndMarkerChanges]' started.
Test Case '-[MyRAMTests.MyRAMTests testFolderAndPinnedPayloadsMapToCollectionAndMarkerChanges]' passed (0.003 seconds).
Test Case '-[MyRAMTests.MyRAMTests testFolderListIncludesPinnedNotesFromOtherFoldersOnly]' started.
Test Case '-[MyRAMTests.MyRAMTests testFolderListIncludesPinnedNotesFromOtherFoldersOnly]' passed (0.222 seconds).
Test Case '-[MyRAMTests.MyRAMTests testFormattingCommandResolverAppliesTraitWhenAnySelectedSegmentIsMissingTrait]' started.
Test Case '-[MyRAMTests.MyRAMTests testFormattingCommandResolverAppliesTraitWhenAnySelectedSegmentIsMissingTrait]' passed (0.002 seconds).
Test Case '-[MyRAMTests.MyRAMTests testFormattingCommandResolverCollapsedCaretPlansPreserveToggleSemantics]' started.
Test Case '-[MyRAMTests.MyRAMTests testFormattingCommandResolverCollapsedCaretPlansPreserveToggleSemantics]' passed (0.001 seconds).
Test Case '-[MyRAMTests.MyRAMTests testFormattingCommandResolverColorPlanDistinguishesExplicitAndDefaultColor]' started.
Test Case '-[MyRAMTests.MyRAMTests testFormattingCommandResolverColorPlanDistinguishesExplicitAndDefaultColor]' passed (0.001 seconds).
Test Case '-[MyRAMTests.MyRAMTests testFormattingCommandResolverDecorationAppliesWhenAnySegmentIsUndecorated]' started.
Test Case '-[MyRAMTests.MyRAMTests testFormattingCommandResolverDecorationAppliesWhenAnySegmentIsUndecorated]' passed (0.072 seconds).
Test Case '-[MyRAMTests.MyRAMTests testFormattingCommandResolverDecorationRemovesWhenFullyDecorated]' started.
Test Case '-[MyRAMTests.MyRAMTests testFormattingCommandResolverDecorationRemovesWhenFullyDecorated]' passed (0.001 seconds).
Test Case '-[MyRAMTests.MyRAMTests testFormattingCommandResolverFontSizeClampsToSupportedRange]' started.
Test Case '-[MyRAMTests.MyRAMTests testFormattingCommandResolverFontSizeClampsToSupportedRange]' passed (0.001 seconds).
Test Case '-[MyRAMTests.MyRAMTests testFormattingCommandResolverFontTraitHelperPreservesPointSize]' started.
Test Case '-[MyRAMTests.MyRAMTests testFormattingCommandResolverFontTraitHelperPreservesPointSize]' passed (0.001 seconds).
Test Case '-[MyRAMTests.MyRAMTests testFormattingCommandResolverFontTraitHelperSafelyReturnsFontForUnsupportedTrait]' started.
Test Case '-[MyRAMTests.MyRAMTests testFormattingCommandResolverFontTraitHelperSafelyReturnsFontForUnsupportedTrait]' passed (0.001 seconds).
Test Case '-[MyRAMTests.MyRAMTests testFormattingCommandResolverItalicUsesTraitSemantics]' started.
Test Case '-[MyRAMTests.MyRAMTests testFormattingCommandResolverItalicUsesTraitSemantics]' passed (0.001 seconds).
Test Case '-[MyRAMTests.MyRAMTests testFormattingCommandResolverMapsDecorationColorKeys]' started.
Test Case '-[MyRAMTests.MyRAMTests testFormattingCommandResolverMapsDecorationColorKeys]' passed (0.000 seconds).
Test Case '-[MyRAMTests.MyRAMTests testFormattingCommandResolverRemovesTraitWhenAllSelectedSegmentsHaveTrait]' started.
Test Case '-[MyRAMTests.MyRAMTests testFormattingCommandResolverRemovesTraitWhenAllSelectedSegmentsHaveTrait]' passed (0.042 seconds).
Test Case '-[MyRAMTests.MyRAMTests testFormattingStateResolverApproximateLargeSelectionSamplesLeadingState]' started.
Test Case '-[MyRAMTests.MyRAMTests testFormattingStateResolverApproximateLargeSelectionSamplesLeadingState]' passed (0.002 seconds).
Test Case '-[MyRAMTests.MyRAMTests testFormattingStateResolverFallsBackForCollapsedOutOfBoundsSelection]' started.
Test Case '-[MyRAMTests.MyRAMTests testFormattingStateResolverFallsBackForCollapsedOutOfBoundsSelection]' passed (0.001 seconds).
Test Case '-[MyRAMTests.MyRAMTests testFormattingStateResolverRecomputesDirtyCache]' started.
Test Case '-[MyRAMTests.MyRAMTests testFormattingStateResolverRecomputesDirtyCache]' passed (0.001 seconds).
Test Case '-[MyRAMTests.MyRAMTests testFormattingStateResolverRequiresAllSelectedCharactersToShareDecorations]' started.
Test Case '-[MyRAMTests.MyRAMTests testFormattingStateResolverRequiresAllSelectedCharactersToShareDecorations]' passed (0.015 seconds).
Test Case '-[MyRAMTests.MyRAMTests testFormattingStateResolverRequiresAllSelectedCharactersToShareFontTrait]' started.
Test Case '-[MyRAMTests.MyRAMTests testFormattingStateResolverRequiresAllSelectedCharactersToShareFontTrait]' passed (0.001 seconds).
Test Case '-[MyRAMTests.MyRAMTests testFormattingStateResolverReturnsCachedStateForCleanMatchingSelection]' started.
Test Case '-[MyRAMTests.MyRAMTests testFormattingStateResolverReturnsCachedStateForCleanMatchingSelection]' passed (0.001 seconds).
Test Case '-[MyRAMTests.MyRAMTests testFormattingStateResolverUsesLeadingSelectedFontAndColor]' started.
Test Case '-[MyRAMTests.MyRAMTests testFormattingStateResolverUsesLeadingSelectedFontAndColor]' passed (0.001 seconds).
Test Case '-[MyRAMTests.MyRAMTests testFormattingStateResolverUsesTypingAttributesForCollapsedCaret]' started.
Test Case '-[MyRAMTests.MyRAMTests testFormattingStateResolverUsesTypingAttributesForCollapsedCaret]' passed (0.001 seconds).
Test Case '-[MyRAMTests.MyRAMTests testGenuineTwoDeviceDivergenceFromSameBaseStillConflicts]' started.
Test Case '-[MyRAMTests.MyRAMTests testGenuineTwoDeviceDivergenceFromSameBaseStillConflicts]' passed (0.022 seconds).
Test Case '-[MyRAMTests.MyRAMTests testImportNotesFromMyRAMExportRestoresNotesPinnedThoughtsAndFolders]' started.
Test Case '-[MyRAMTests.MyRAMTests testImportNotesFromMyRAMExportRestoresNotesPinnedThoughtsAndFolders]' passed (0.072 seconds).
Test Case '-[MyRAMTests.MyRAMTests testIncomingBatchForUnopenedNoteRefreshesNotesListWithoutFurtherAction]' started.
2026-08-04 17:08:42.284917+0000 MyRAM[4775:20558] [ModelContext] SwiftData.ModelContext: Unbinding from the main queue. This context was instantiated on the main queue but is being used off it. ModelContexts are not Sendable, consider using a ModelActor.
Test Case '-[MyRAMTests.MyRAMTests testIncomingBatchForUnopenedNoteRefreshesNotesListWithoutFurtherAction]' passed (0.047 seconds).
Test Case '-[MyRAMTests.MyRAMTests testIncomingBlankNoteBodyDuringActiveEditIsPreservedForReview]' started.
Test Case '-[MyRAMTests.MyRAMTests testIncomingBlankNoteBodyDuringActiveEditIsPreservedForReview]' passed (0.113 seconds).
Test Case '-[MyRAMTests.MyRAMTests testIncomingBodyMutationFinalizesPendingLocalObligationBeforeAuthoritativeMutation]' started.
2026-08-04 17:08:42.443364+0000 MyRAM[4775:22039] [ModelContext] SwiftData.ModelContext: Unbinding from the main queue. This context was instantiated on the main queue but is being used off it. ModelContexts are not Sendable, consider using a ModelActor.
Test Case '-[MyRAMTests.MyRAMTests testIncomingBodyMutationFinalizesPendingLocalObligationBeforeAuthoritativeMutation]' passed (0.041 seconds).
Test Case '-[MyRAMTests.MyRAMTests testIncomingCleanNoteEditAppliesAfterLocalBaselineWasSent]' started.
Test Case '-[MyRAMTests.MyRAMTests testIncomingCleanNoteEditAppliesAfterLocalBaselineWasSent]' passed (0.023 seconds).
Test Case '-[MyRAMTests.MyRAMTests testIncomingCleanNoteEditAppliesWithoutConflictWhenLocalMatchesRemoteBaseline]' started.
Test Case '-[MyRAMTests.MyRAMTests testIncomingCleanNoteEditAppliesWithoutConflictWhenLocalMatchesRemoteBaseline]' passed (0.021 seconds).
Test Case '-[MyRAMTests.MyRAMTests testIncomingCleanPinnedTextEditAppliesAfterLocalBaselineWasSent]' started.
Test Case '-[MyRAMTests.MyRAMTests testIncomingCleanPinnedTextEditAppliesAfterLocalBaselineWasSent]' passed (0.016 seconds).
Test Case '-[MyRAMTests.MyRAMTests testIncomingFolderDeletePreservesRenamedFolderAsConflict]' started.
Test Case '-[MyRAMTests.MyRAMTests testIncomingFolderDeletePreservesRenamedFolderAsConflict]' passed (0.014 seconds).
Test Case '-[MyRAMTests.MyRAMTests testIncomingNewerFolderTitlePreservesRenamedFolderAsConflict]' started.
Test Case '-[MyRAMTests.MyRAMTests testIncomingNewerFolderTitlePreservesRenamedFolderAsConflict]' passed (0.011 seconds).
Test Case '-[MyRAMTests.MyRAMTests testIncomingNewerNoteTextPreservesDivergedTextAsConflict]' started.
Test Case '-[MyRAMTests.MyRAMTests testIncomingNewerNoteTextPreservesDivergedTextAsConflict]' passed (0.020 seconds).
Test Case '-[MyRAMTests.MyRAMTests testIncomingNewerPinnedTextPreservesEditedPinnedTextAsConflict]' started.
Test Case '-[MyRAMTests.MyRAMTests testIncomingNewerPinnedTextPreservesEditedPinnedTextAsConflict]' passed (0.045 seconds).
Test Case '-[MyRAMTests.MyRAMTests testIncomingNewNoteAppliesWithoutConflict]' started.
Test Case '-[MyRAMTests.MyRAMTests testIncomingNewNoteAppliesWithoutConflict]' passed (0.013 seconds).
Test Case '-[MyRAMTests.MyRAMTests testIncomingNoteDeleteIsBlockedWhileContentConflictIsActive]' started.
Test Case '-[MyRAMTests.MyRAMTests testIncomingNoteDeleteIsBlockedWhileContentConflictIsActive]' passed (0.014 seconds).
Test Case '-[MyRAMTests.MyRAMTests testIncomingNoteDeletePreservesDivergedTextAsConflict]' started.
Test Case '-[MyRAMTests.MyRAMTests testIncomingNoteDeletePreservesDivergedTextAsConflict]' passed (0.016 seconds).
Test Case '-[MyRAMTests.MyRAMTests testIncomingNoteSyncDoesNotOverwriteImmediateLocalTextEdit]' started.
Test Case '-[MyRAMTests.MyRAMTests testIncomingNoteSyncDoesNotOverwriteImmediateLocalTextEdit]' passed (0.036 seconds).
Test Case '-[MyRAMTests.MyRAMTests testIncomingOrdinaryTextQueuesBehindActiveContentConflict]' started.
Test Case '-[MyRAMTests.MyRAMTests testIncomingOrdinaryTextQueuesBehindActiveContentConflict]' passed (0.017 seconds).
Test Case '-[MyRAMTests.MyRAMTests testIncomingPeerConflictMetadataShowsCurrentDeviceLocalAndPeerVersionToSync]' started.
Test Case '-[MyRAMTests.MyRAMTests testIncomingPeerConflictMetadataShowsCurrentDeviceLocalAndPeerVersionToSync]' passed (0.011 seconds).
Test Case '-[MyRAMTests.MyRAMTests testIncomingPhotoAttachmentSyncAddsAndRemovesAttachment]' started.
Test Case '-[MyRAMTests.MyRAMTests testIncomingPhotoAttachmentSyncAddsAndRemovesAttachment]' passed (0.032 seconds).
Test Case '-[MyRAMTests.MyRAMTests testIncomingPinnedTextDeletePreservesEditedPinnedTextAsConflict]' started.
Test Case '-[MyRAMTests.MyRAMTests testIncomingPinnedTextDeletePreservesEditedPinnedTextAsConflict]' passed (0.014 seconds).
Test Case '-[MyRAMTests.MyRAMTests testIncomingResolvedSyncConflictAppliesWinnerAndClearsLocalConflict]' started.
Test Case '-[MyRAMTests.MyRAMTests testIncomingResolvedSyncConflictAppliesWinnerAndClearsLocalConflict]' passed (0.023 seconds).
Test Case '-[MyRAMTests.MyRAMTests testIncomingResolvedSyncConflictPreservesRichTextFormattingWithoutDefaultTextColor]' started.
Test Case '-[MyRAMTests.MyRAMTests testIncomingResolvedSyncConflictPreservesRichTextFormattingWithoutDefaultTextColor]' passed (0.059 seconds).
Test Case '-[MyRAMTests.MyRAMTests testIPhoneIncomingHashedMismatchRemainsQueuedAndBlocksLaterBatch]' started.
Test Case '-[MyRAMTests.MyRAMTests testIPhoneIncomingHashedMismatchRemainsQueuedAndBlocksLaterBatch]' passed (0.019 seconds).
Test Case '-[MyRAMTests.MyRAMTests testIPhoneIncomingQueueCapacityShowsDistinctError]' started.
Test Case '-[MyRAMTests.MyRAMTests testIPhoneIncomingQueueCapacityShowsDistinctError]' passed (0.019 seconds).
Test Case '-[MyRAMTests.MyRAMTests testIPhoneIncomingQueuePersistenceShowsDistinctError]' started.
Test Case '-[MyRAMTests.MyRAMTests testIPhoneIncomingQueuePersistenceShowsDistinctError]' passed (0.017 seconds).
Test Case '-[MyRAMTests.MyRAMTests testIPhoneIncomingUnsupportedReconciliationShowsDistinctError]' started.
Test Case '-[MyRAMTests.MyRAMTests testIPhoneIncomingUnsupportedReconciliationShowsDistinctError]' passed (0.014 seconds).
Test Case '-[MyRAMTests.MyRAMTests testKDelayedBatchDrainAppliesBodyInsertionsExactlyOnceAcrossRegionsAndRejectsDuplicateIncorporation]' started.
2026-08-04 17:08:42.968282+0000 MyRAM[4775:20556] [ModelContext] SwiftData.ModelContext: Unbinding from the main queue. This context was instantiated on the main queue but is being used off it. ModelContexts are not Sendable, consider using a ModelActor.
Test Case '-[MyRAMTests.MyRAMTests testKDelayedBatchDrainAppliesBodyInsertionsExactlyOnceAcrossRegionsAndRejectsDuplicateIncorporation]' passed (0.072 seconds).
Test Case '-[MyRAMTests.MyRAMTests testKeepLocalConflictPreservesTextTypedAfterConflictCreation]' started.
Test Case '-[MyRAMTests.MyRAMTests testKeepLocalConflictPreservesTextTypedAfterConflictCreation]' passed (0.020 seconds).
Test Case '-[MyRAMTests.MyRAMTests testKeepLocalSyncConflictRecordsResolvedTombstone]' started.
Test Case '-[MyRAMTests.MyRAMTests testKeepLocalSyncConflictRecordsResolvedTombstone]' passed (0.017 seconds).
Test Case '-[MyRAMTests.MyRAMTests testLegacyIncomingApplierAppliesRemoteWhenLocalMatchesIncomingBase]' started.
Test Case '-[MyRAMTests.MyRAMTests testLegacyIncomingApplierAppliesRemoteWhenLocalMatchesIncomingBase]' passed (0.013 seconds).
Test Case '-[MyRAMTests.MyRAMTests testLegacyIncomingBufferedBaselineCommitFailureRedeliversMissingEffects]' started.
Test Case '-[MyRAMTests.MyRAMTests testLegacyIncomingBufferedBaselineCommitFailureRedeliversMissingEffects]' passed (0.048 seconds).
Test Case '-[MyRAMTests.MyRAMTests testLegacyIncomingCheckedConflictCommitFailureRedeliversMissingEffects]' started.
Test Case '-[MyRAMTests.MyRAMTests testLegacyIncomingCheckedConflictCommitFailureRedeliversMissingEffects]' passed (0.032 seconds).
Test Case '-[MyRAMTests.MyRAMTests testLegacyIncomingDirtyContextRedeliversAfterLocalChangeSaves]' started.
Test Case '-[MyRAMTests.MyRAMTests testLegacyIncomingDirtyContextRedeliversAfterLocalChangeSaves]' passed (0.115 seconds).
Test Case '-[MyRAMTests.MyRAMTests testLegacyIncomingDirtyContextRefusesApplyWithoutSnapshotOrRollback]' started.
Test Case '-[MyRAMTests.MyRAMTests testLegacyIncomingDirtyContextRefusesApplyWithoutSnapshotOrRollback]' passed (0.013 seconds).
Test Case '-[MyRAMTests.MyRAMTests testLegacyIncomingExactConflictRedeliveryCommitsMissingConflictWithoutDuplicateQueue]' started.
Test Case '-[MyRAMTests.MyRAMTests testLegacyIncomingExactConflictRedeliveryCommitsMissingConflictWithoutDuplicateQueue]' passed (0.051 seconds).
Test Case '-[MyRAMTests.MyRAMTests testLegacyIncomingMutationAppliesOnlyAfterExactLocalEvidenceRegistration]' started.
Test Case '-[MyRAMTests.MyRAMTests testLegacyIncomingMutationAppliesOnlyAfterExactLocalEvidenceRegistration]' passed (0.033 seconds).
Test Case '-[MyRAMTests.MyRAMTests testLegacyIncomingMutationDoesNotApplyWhenLocalAdmissionCannotBeProven]' started.
Test Case '-[MyRAMTests.MyRAMTests testLegacyIncomingMutationDoesNotApplyWhenLocalAdmissionCannotBeProven]' passed (0.017 seconds).
Test Case '-[MyRAMTests.MyRAMTests testLegacyIncomingRedeliverySucceedsExactlyOnceAfterSaveFailureClears]' started.
Test Case '-[MyRAMTests.MyRAMTests testLegacyIncomingRedeliverySucceedsExactlyOnceAfterSaveFailureClears]' passed (0.043 seconds).
Test Case '-[MyRAMTests.MyRAMTests testLegacyIncomingSaveFailureReturnsRetryRequiredWithNoDurableMutationOrSideEffects]' started.
Test Case '-[MyRAMTests.MyRAMTests testLegacyIncomingSaveFailureReturnsRetryRequiredWithNoDurableMutationOrSideEffects]' passed (0.037 seconds).
Test Case '-[MyRAMTests.MyRAMTests testLegacyIncomingSiblingContextSaveRefreshesRetainedMainReference]' started.
Test Case '-[MyRAMTests.MyRAMTests testLegacyIncomingSiblingContextSaveRefreshesRetainedMainReference]' passed (0.024 seconds).
Test Case '-[MyRAMTests.MyRAMTests testLegacyIncomingUnsavedInsertedEntityReturnsRetryWithoutIsolatedSave]' started.
Test Case '-[MyRAMTests.MyRAMTests testLegacyIncomingUnsavedInsertedEntityReturnsRetryWithoutIsolatedSave]' passed (0.012 seconds).
Test Case '-[MyRAMTests.MyRAMTests testLocalObligationRemainsDurableWhenTransportAcceptanceThrows]' started.
Test Case '-[MyRAMTests.MyRAMTests testLocalObligationRemainsDurableWhenTransportAcceptanceThrows]' passed (0.013 seconds).
Test Case '-[MyRAMTests.MyRAMTests testLocalOperationSurvivesTwoSeparateReconstructionsAgainstSamePeer]' started.
2026-08-04 17:08:43.719877+0000 MyRAM[4775:20556] [ModelContext] SwiftData.ModelContext: Unbinding from the main queue. This context was instantiated on the main queue but is being used off it. ModelContexts are not Sendable, consider using a ModelActor.
Test Case '-[MyRAMTests.MyRAMTests testLocalOperationSurvivesTwoSeparateReconstructionsAgainstSamePeer]' passed (0.064 seconds).
Test Case '-[MyRAMTests.MyRAMTests testMountedEditorDeletedTextMismatchReloadsAndAcknowledgesExactlyOnce]' started.
2026-08-04 17:08:44.203863+0000 MyRAM[4775:22039] [ModelContext] SwiftData.ModelContext: Unbinding from the main queue. This context was instantiated on the main queue but is being used off it. ModelContexts are not Sendable, consider using a ModelActor.
Test Case '-[MyRAMTests.MyRAMTests testMountedEditorDeletedTextMismatchReloadsAndAcknowledgesExactlyOnce]' passed (1.616 seconds).
Test Case '-[MyRAMTests.MyRAMTests testMountedEditorEqualRemoteTitleDoesNotCreateLocalCommitOrUndo]' started.
2026-08-04 17:08:45.500908+0000 MyRAM[4775:21307] [ModelContext] SwiftData.ModelContext: Unbinding from the main queue. This context was instantiated on the main queue but is being used off it. ModelContexts are not Sendable, consider using a ModelActor.
Test Case '-[MyRAMTests.MyRAMTests testMountedEditorEqualRemoteTitleDoesNotCreateLocalCommitOrUndo]' passed (1.277 seconds).
Test Case '-[MyRAMTests.MyRAMTests testMountedEditorMetadataOnlyRemoteTitleIsNotRecaptured]' started.
2026-08-04 17:08:46.769738+0000 MyRAM[4775:21268] [ModelContext] SwiftData.ModelContext: Unbinding from the main queue. This context was instantiated on the main queue but is being used off it. ModelContexts are not Sendable, consider using a ModelActor.
Test Case '-[MyRAMTests.MyRAMTests testMountedEditorMetadataOnlyRemoteTitleIsNotRecaptured]' passed (1.276 seconds).
Test Case '-[MyRAMTests.MyRAMTests testMountedEditorMixedRemoteTitleAndBodyIsNotRecaptured]' started.
2026-08-04 17:08:48.058839+0000 MyRAM[4775:20556] [ModelContext] SwiftData.ModelContext: Unbinding from the main queue. This context was instantiated on the main queue but is being used off it. ModelContexts are not Sendable, consider using a ModelActor.
Test Case '-[MyRAMTests.MyRAMTests testMountedEditorMixedRemoteTitleAndBodyIsNotRecaptured]' passed (1.183 seconds).
Test Case '-[MyRAMTests.MyRAMTests testMountedEditorPendingLocalBodyStateDefersReload]' started.
Test Case '-[MyRAMTests.MyRAMTests testMountedEditorPendingLocalBodyStateDefersReload]' passed (1.265 seconds).
Test Case '-[MyRAMTests.MyRAMTests testMountedEditorRemoteTitleDoesNotContaminateNextUndoSnapshot]' started.
2026-08-04 17:08:50.490628+0000 MyRAM[4775:20556] [ModelContext] SwiftData.ModelContext: Unbinding from the main queue. This context was instantiated on the main queue but is being used off it. ModelContexts are not Sendable, consider using a ModelActor.
Test Case '-[MyRAMTests.MyRAMTests testMountedEditorRemoteTitleDoesNotContaminateNextUndoSnapshot]' passed (0.427 seconds).
Test Case '-[MyRAMTests.MyRAMTests testMountedEditorSafeReloadAppliesAuthoritativeNote]' started.
Test Case '-[MyRAMTests.MyRAMTests testMountedEditorSafeReloadAppliesAuthoritativeNote]' passed (1.160 seconds).
Test Case '-[MyRAMTests.MyRAMTests testMountedEditorUnsafeLocalBodyStateDoesNotApplyRemoteTitleOrBody]' started.
2026-08-04 17:08:52.100753+0000 MyRAM[4775:20556] [ModelContext] SwiftData.ModelContext: Unbinding from the main queue. This context was instantiated on the main queue but is being used off it. ModelContexts are not Sendable, consider using a ModelActor.
Test Case '-[MyRAMTests.MyRAMTests testMountedEditorUnsafeLocalBodyStateDoesNotApplyRemoteTitleOrBody]' passed (1.279 seconds).
Test Case '-[MyRAMTests.MyRAMTests testMoveNoteBetweenFoldersChangesParentFolder]' started.
Test Case '-[MyRAMTests.MyRAMTests testMoveNoteBetweenFoldersChangesParentFolder]' passed (0.031 seconds).
Test Case '-[MyRAMTests.MyRAMTests testMoveNoteSupportsTopLevelAndFolderDestinations]' started.
Test Case '-[MyRAMTests.MyRAMTests testMoveNoteSupportsTopLevelAndFolderDestinations]' passed (0.031 seconds).
Test Case '-[MyRAMTests.MyRAMTests testMYR165FreshPresentationPendingDoesNotBlockDisjointBatchesFromAnyOrigin]' started.
2026-08-04 17:08:53.344112+0000 MyRAM[4775:20556] [ModelContext] SwiftData.ModelContext: Unbinding from the main queue. This context was instantiated on the main queue but is being used off it. ModelContexts are not Sendable, consider using a ModelActor.
2026-08-04 17:08:53.388964+0000 MyRAM[4775:21268] [ModelContext] SwiftData.ModelContext: Unbinding from the main queue. This context was instantiated on the main queue but is being used off it. ModelContexts are not Sendable, consider using a ModelActor.
Test Case '-[MyRAMTests.MyRAMTests testMYR165FreshPresentationPendingDoesNotBlockDisjointBatchesFromAnyOrigin]' passed (0.097 seconds).
Test Case '-[MyRAMTests.MyRAMTests testNonactiveTitleOnlyIncomingBatchDoesNotPublishActiveEditorUpdate]' started.
2026-08-04 17:08:53.441033+0000 MyRAM[4775:21268] [ModelContext] SwiftData.ModelContext: Unbinding from the main queue. This context was instantiated on the main queue but is being used off it. ModelContexts are not Sendable, consider using a ModelActor.
Test Case '-[MyRAMTests.MyRAMTests testNonactiveTitleOnlyIncomingBatchDoesNotPublishActiveEditorUpdate]' passed (0.045 seconds).
Test Case '-[MyRAMTests.MyRAMTests testNoteContentPreviewOmitsCompletedChecklistLines]' started.
Test Case '-[MyRAMTests.MyRAMTests testNoteContentPreviewOmitsCompletedChecklistLines]' passed (0.008 seconds).
Test Case '-[MyRAMTests.MyRAMTests testNoteContentPreviewOmitsLegacyCompletedChecklistLines]' started.
Test Case '-[MyRAMTests.MyRAMTests testNoteContentPreviewOmitsLegacyCompletedChecklistLines]' passed (0.001 seconds).
Test Case '-[MyRAMTests.MyRAMTests testNoteDeleteSyncIsBlockedWhileContentConflictIsActive]' started.
Test Case '-[MyRAMTests.MyRAMTests testNoteDeleteSyncIsBlockedWhileContentConflictIsActive]' passed (0.022 seconds).
Test Case '-[MyRAMTests.MyRAMTests testNoteEditorOverflowActionPriorityIncludesEachActionOnce]' started.
Test Case '-[MyRAMTests.MyRAMTests testNoteEditorOverflowActionPriorityIncludesEachActionOnce]' passed (0.001 seconds).
Test Case '-[MyRAMTests.MyRAMTests testNoteEditorOverflowActionPriorityMatchesEditorSpec]' started.
Test Case '-[MyRAMTests.MyRAMTests testNoteEditorOverflowActionPriorityMatchesEditorSpec]' passed (0.001 seconds).
Test Case '-[MyRAMTests.MyRAMTests testNoteIntelligenceFixturesHaveBaselineCanonicalInputShape]' started.
Test Case '-[MyRAMTests.MyRAMTests testNoteIntelligenceFixturesHaveBaselineCanonicalInputShape]' passed (0.014 seconds).
Test Case '-[MyRAMTests.MyRAMTests testNoteIntelligenceFixturesOnlyUseKnownLabels]' started.
Test Case '-[MyRAMTests.MyRAMTests testNoteIntelligenceFixturesOnlyUseKnownLabels]' passed (0.010 seconds).
Test Case '-[MyRAMTests.MyRAMTests testNoteIntelligenceRuleSpecUsesSupportedConditionKeysAndNames]' started.
Test Case '-[MyRAMTests.MyRAMTests testNoteIntelligenceRuleSpecUsesSupportedConditionKeysAndNames]' passed (0.002 seconds).
Test Case '-[MyRAMTests.MyRAMTests testNoteIntelligenceRuleSpecV1HasExpectedVersionAndUniqueRuleIds]' started.
Test Case '-[MyRAMTests.MyRAMTests testNoteIntelligenceRuleSpecV1HasExpectedVersionAndUniqueRuleIds]' passed (0.002 seconds).
Test Case '-[MyRAMTests.MyRAMTests testNoteIntelligenceRuntimeEvaluatorMatchesFixtureExpectedLabels]' started.
Test Case '-[MyRAMTests.MyRAMTests testNoteIntelligenceRuntimeEvaluatorMatchesFixtureExpectedLabels]' passed (0.011 seconds).
Test Case '-[MyRAMTests.MyRAMTests testNoteSearchIgnoresCompletedChecklistLinesHiddenFromPreview]' started.
Test Case '-[MyRAMTests.MyRAMTests testNoteSearchIgnoresCompletedChecklistLinesHiddenFromPreview]' passed (0.001 seconds).
Test Case '-[MyRAMTests.MyRAMTests testNoteSearchMatchesTitleContentAndPinnedText]' started.
Test Case '-[MyRAMTests.MyRAMTests testNoteSearchMatchesTitleContentAndPinnedText]' passed (0.012 seconds).
Test Case '-[MyRAMTests.MyRAMTests testNoteSyncPayloadEncodesNoteFields]' started.
Test Case '-[MyRAMTests.MyRAMTests testNoteSyncPayloadEncodesNoteFields]' passed (0.013 seconds).
Test Case '-[MyRAMTests.MyRAMTests testNoteSyncPayloadPreservesConcreteRichTextFontSizes]' started.
Test Case '-[MyRAMTests.MyRAMTests testNoteSyncPayloadPreservesConcreteRichTextFontSizes]' passed (0.003 seconds).
Test Case '-[MyRAMTests.MyRAMTests testNoteSyncPayloadRoundTripsNoteFields]' started.
Test Case '-[MyRAMTests.MyRAMTests testNoteSyncPayloadRoundTripsNoteFields]' passed (0.003 seconds).
Test Case '-[MyRAMTests.MyRAMTests testOrdinaryNoteSyncIsBlockedWhileContentConflictIsActive]' started.
Test Case '-[MyRAMTests.MyRAMTests testOrdinaryNoteSyncIsBlockedWhileContentConflictIsActive]' passed (0.021 seconds).
Test Case '-[MyRAMTests.MyRAMTests testPartialLegacyEnvelopeSaveFailureAppliesOnlySuccessfulCandidate]' started.
Test Case '-[MyRAMTests.MyRAMTests testPartialLegacyEnvelopeSaveFailureAppliesOnlySuccessfulCandidate]' passed (0.048 seconds).
Test Case '-[MyRAMTests.MyRAMTests testPasteMatcherUsesTypingAttributesOverDefaults]' started.
Test Case '-[MyRAMTests.MyRAMTests testPasteMatcherUsesTypingAttributesOverDefaults]' passed (0.001 seconds).
Test Case '-[MyRAMTests.MyRAMTests testPendingSyncChangesCoalesceByEntity]' started.
Test Case '-[MyRAMTests.MyRAMTests testPendingSyncChangesCoalesceByEntity]' passed (0.001 seconds).
Test Case '-[MyRAMTests.MyRAMTests testPendingSyncChangesKeepDifferentEntities]' started.
Test Case '-[MyRAMTests.MyRAMTests testPendingSyncChangesKeepDifferentEntities]' passed (0.001 seconds).
Test Case '-[MyRAMTests.MyRAMTests testPersistedCorruptCapturedObligationQuarantinesAndDisjointLocalWorkProgresses]' started.
Test Case '-[MyRAMTests.MyRAMTests testPersistedCorruptCapturedObligationQuarantinesAndDisjointLocalWorkProgresses]' passed (0.014 seconds).
Test Case '-[MyRAMTests.MyRAMTests testPhotoAttachmentSyncPayloadEncodesImageFields]' started.
Test Case '-[MyRAMTests.MyRAMTests testPhotoAttachmentSyncPayloadEncodesImageFields]' passed (0.011 seconds).
Test Case '-[MyRAMTests.MyRAMTests testPhotoAttachmentSyncPayloadRoundTripsImageFields]' started.
Test Case '-[MyRAMTests.MyRAMTests testPhotoAttachmentSyncPayloadRoundTripsImageFields]' passed (0.001 seconds).
Test Case '-[MyRAMTests.MyRAMTests testPinCandidateIgnoresMultiLineSelectionAndUsesStartLine]' started.
Test Case '-[MyRAMTests.MyRAMTests testPinCandidateIgnoresMultiLineSelectionAndUsesStartLine]' passed (0.001 seconds).
Test Case '-[MyRAMTests.MyRAMTests testPinCandidateIgnoresSelectionAndUsesEntireCursorLine]' started.
Test Case '-[MyRAMTests.MyRAMTests testPinCandidateIgnoresSelectionAndUsesEntireCursorLine]' passed (0.001 seconds).
Test Case '-[MyRAMTests.MyRAMTests testPinCandidateUsesCursorLineWhenSelectionIsCollapsed]' started.
Test Case '-[MyRAMTests.MyRAMTests testPinCandidateUsesCursorLineWhenSelectionIsCollapsed]' passed (0.001 seconds).
Test Case '-[MyRAMTests.MyRAMTests testPinnedHighlightPaletteKeepsSelectableColorsReadable]' started.
Test Case '-[MyRAMTests.MyRAMTests testPinnedHighlightPaletteKeepsSelectableColorsReadable]' passed (0.002 seconds).
Test Case '-[MyRAMTests.MyRAMTests testPinnedHighlightPaletteUsesReadableTextColor]' started.
Test Case '-[MyRAMTests.MyRAMTests testPinnedHighlightPaletteUsesReadableTextColor]' passed (0.001 seconds).
Test Case '-[MyRAMTests.MyRAMTests testPinnedParagraphCanBeDeletedWithoutRestoringToBody]' started.
Test Case '-[MyRAMTests.MyRAMTests testPinnedParagraphCanBeDeletedWithoutRestoringToBody]' passed (0.023 seconds).
Test Case '-[MyRAMTests.MyRAMTests testPinnedTextCommitTrimsOnlyWhenUpdatingModel]' started.
Test Case '-[MyRAMTests.MyRAMTests testPinnedTextCommitTrimsOnlyWhenUpdatingModel]' passed (0.027 seconds).
Test Case '-[MyRAMTests.MyRAMTests testPinnedThoughtDeleteSyncIsBlockedWhilePinnedConflictIsActive]' started.
Test Case '-[MyRAMTests.MyRAMTests testPinnedThoughtDeleteSyncIsBlockedWhilePinnedConflictIsActive]' passed (0.021 seconds).
Test Case '-[MyRAMTests.MyRAMTests testPinnedThoughtExpansionStateDefaultsCollapsedAndPersistsPerSessionNote]' started.
Test Case '-[MyRAMTests.MyRAMTests testPinnedThoughtExpansionStateDefaultsCollapsedAndPersistsPerSessionNote]' passed (0.016 seconds).
Test Case '-[MyRAMTests.MyRAMTests testPinnedThoughtsCanBeAddedEditedDraggedAndUnpinnedWithoutChangingBody]' started.
Test Case '-[MyRAMTests.MyRAMTests testPinnedThoughtsCanBeAddedEditedDraggedAndUnpinnedWithoutChangingBody]' passed (0.040 seconds).
Test Case '-[MyRAMTests.MyRAMTests testPinnedThoughtsPersistAcrossContainerReinit]' started.
Test Case '-[MyRAMTests.MyRAMTests testPinnedThoughtsPersistAcrossContainerReinit]' passed (0.036 seconds).
Test Case '-[MyRAMTests.MyRAMTests testPlatformPolicyDoesNotReportImpossibleTargetCombination]' started.
Test Case '-[MyRAMTests.MyRAMTests testPlatformPolicyDoesNotReportImpossibleTargetCombination]' passed (0.001 seconds).
Test Case '-[MyRAMTests.MyRAMTests testPlatformPolicyMatchesCurrentBuildTarget]' started.
Test Case '-[MyRAMTests.MyRAMTests testPlatformPolicyMatchesCurrentBuildTarget]' passed (0.001 seconds).
Test Case '-[MyRAMTests.MyRAMTests testPublishedEditorUpdateCompletesOnceWhenAcknowledgedMultipleTimesAtViewModelLevel]' started.
Test Case '-[MyRAMTests.MyRAMTests testPublishedEditorUpdateCompletesOnceWhenAcknowledgedMultipleTimesAtViewModelLevel]' passed (0.277 seconds).
Test Case '-[MyRAMTests.MyRAMTests testRapidDeleteThenAddBackFromPeerDoesNotCreateFalseConflict]' started.
Test Case '-[MyRAMTests.MyRAMTests testRapidDeleteThenAddBackFromPeerDoesNotCreateFalseConflict]' passed (0.022 seconds).
Test Case '-[MyRAMTests.MyRAMTests testRapidLocalDeletionFromPeerDoesNotCreateFalseConflict]' started.
Test Case '-[MyRAMTests.MyRAMTests testRapidLocalDeletionFromPeerDoesNotCreateFalseConflict]' passed (0.020 seconds).
Test Case '-[MyRAMTests.MyRAMTests testRapidLocalTypingFromPeerDoesNotCreateFalseConflict]' started.
Test Case '-[MyRAMTests.MyRAMTests testRapidLocalTypingFromPeerDoesNotCreateFalseConflict]' passed (0.024 seconds).
Test Case '-[MyRAMTests.MyRAMTests testRapidLocalTypoCorrectionFromPeerDoesNotCreateFalseConflict]' started.
Test Case '-[MyRAMTests.MyRAMTests testRapidLocalTypoCorrectionFromPeerDoesNotCreateFalseConflict]' passed (0.024 seconds).
Test Case '-[MyRAMTests.MyRAMTests testRapidNewlineHeavyEditsFromPeerDoNotCreateFalseConflict]' started.
Test Case '-[MyRAMTests.MyRAMTests testRapidNewlineHeavyEditsFromPeerDoNotCreateFalseConflict]' passed (0.028 seconds).
Test Case '-[MyRAMTests.MyRAMTests testRapidSameRangeAutocorrectFromPeerDoesNotCreateFalseConflict]' started.
Test Case '-[MyRAMTests.MyRAMTests testRapidSameRangeAutocorrectFromPeerDoesNotCreateFalseConflict]' passed (0.020 seconds).
Test Case '-[MyRAMTests.MyRAMTests testReadyLocalBatchRegistersConvergenceEvidenceBeforeTransport]' started.
Test Case '-[MyRAMTests.MyRAMTests testReadyLocalBatchRegistersConvergenceEvidenceBeforeTransport]' passed (0.067 seconds).
Test Case '-[MyRAMTests.MyRAMTests testRedoLastActionReappliesDeletedFolderHierarchyAndNotes]' started.
Test Case '-[MyRAMTests.MyRAMTests testRedoLastActionReappliesDeletedFolderHierarchyAndNotes]' passed (0.026 seconds).
Test Case '-[MyRAMTests.MyRAMTests testRedoLastActionReappliesSoftDeletedNote]' started.
Test Case '-[MyRAMTests.MyRAMTests testRedoLastActionReappliesSoftDeletedNote]' passed (0.016 seconds).
Test Case '-[MyRAMTests.MyRAMTests testRefreshRecentlyDeletedNotesPurgesExpiredDeletedNotes]' started.
Test Case '-[MyRAMTests.MyRAMTests testRefreshRecentlyDeletedNotesPurgesExpiredDeletedNotes]' passed (0.013 seconds).
Test Case '-[MyRAMTests.MyRAMTests testRemovePhotoAttachmentDeletesAttachment]' started.
Test Case '-[MyRAMTests.MyRAMTests testRemovePhotoAttachmentDeletesAttachment]' passed (0.024 seconds).
Test Case '-[MyRAMTests.MyRAMTests testRenameFolderUpdatesNameWhenProvidedNonEmptyValue]' started.
Test Case '-[MyRAMTests.MyRAMTests testRenameFolderUpdatesNameWhenProvidedNonEmptyValue]' passed (0.014 seconds).
Test Case '-[MyRAMTests.MyRAMTests testRenderedSelectionClampPreservesLegacySemanticsDistinctFromCanonicalClamp]' started.
Test Case '-[MyRAMTests.MyRAMTests testRenderedSelectionClampPreservesLegacySemanticsDistinctFromCanonicalClamp]' passed (0.001 seconds).
Test Case '-[MyRAMTests.MyRAMTests testResolvedSyncConflictDoesNotPreserveAgainFromStaleMessage]' started.
Test Case '-[MyRAMTests.MyRAMTests testResolvedSyncConflictDoesNotPreserveAgainFromStaleMessage]' passed (0.006 seconds).
Test Case '-[MyRAMTests.MyRAMTests testResolvedSyncConflictIgnoresStalePreservedMessageWithDifferentRichTextPayload]' started.
Test Case '-[MyRAMTests.MyRAMTests testResolvedSyncConflictIgnoresStalePreservedMessageWithDifferentRichTextPayload]' passed (0.005 seconds).
Test Case '-[MyRAMTests.MyRAMTests testRestoreConflictPreservesBoldItalicAndUnderlineFormatting]' started.
Test Case '-[MyRAMTests.MyRAMTests testRestoreConflictPreservesBoldItalicAndUnderlineFormatting]' passed (0.036 seconds).
Test Case '-[MyRAMTests.MyRAMTests testRestoreConflictPreservesRichTextFormattingWithoutDefaultTextColor]' started.
Test Case '-[MyRAMTests.MyRAMTests testRestoreConflictPreservesRichTextFormattingWithoutDefaultTextColor]' passed (0.019 seconds).
Test Case '-[MyRAMTests.MyRAMTests testRestoreConflictReplacesTextTypedAfterConflictOnlyWhenIncomingIsSelected]' started.
Test Case '-[MyRAMTests.MyRAMTests testRestoreConflictReplacesTextTypedAfterConflictOnlyWhenIncomingIsSelected]' passed (0.019 seconds).
Test Case '-[MyRAMTests.MyRAMTests testRichTextCodecFallsBackToPlainTextWhenRichDataMissing]' started.
Test Case '-[MyRAMTests.MyRAMTests testRichTextCodecFallsBackToPlainTextWhenRichDataMissing]' passed (0.001 seconds).
Test Case '-[MyRAMTests.MyRAMTests testRichTextCodecRoundTripPreservesAttributedContent]' started.
Test Case '-[MyRAMTests.MyRAMTests testRichTextCodecRoundTripPreservesAttributedContent]' passed (0.002 seconds).
Test Case '-[MyRAMTests.MyRAMTests testRichTextCodecRoundTripPreservesConcreteFontSize]' started.
Test Case '-[MyRAMTests.MyRAMTests testRichTextCodecRoundTripPreservesConcreteFontSize]' passed (0.001 seconds).
Test Case '-[MyRAMTests.MyRAMTests testRichTextCodecRoundTripPreservesForegroundColor]' started.
Test Case '-[MyRAMTests.MyRAMTests testRichTextCodecRoundTripPreservesForegroundColor]' passed (0.039 seconds).
Test Case '-[MyRAMTests.MyRAMTests testRichTextCommitPolicyFallsBackToCurrentDataWithoutDeferredEncoder]' started.
Test Case '-[MyRAMTests.MyRAMTests testRichTextCommitPolicyFallsBackToCurrentDataWithoutDeferredEncoder]' passed (0.001 seconds).
Test Case '-[MyRAMTests.MyRAMTests testRichTextCommitPolicyUsesDeferredEncoderAtCommitBoundary]' started.
Test Case '-[MyRAMTests.MyRAMTests testRichTextCommitPolicyUsesDeferredEncoderAtCommitBoundary]' passed (0.001 seconds).
Test Case '-[MyRAMTests.MyRAMTests testRichTextConflictSanitizationPreservesFormattingForTrailingBoundaryWhitespaceMismatch]' started.
Test Case '-[MyRAMTests.MyRAMTests testRichTextConflictSanitizationPreservesFormattingForTrailingBoundaryWhitespaceMismatch]' passed (0.001 seconds).
Test Case '-[MyRAMTests.MyRAMTests testRichTextConflictSanitizationPreservesFormattingForTrailingNewlineMismatch]' started.
Test Case '-[MyRAMTests.MyRAMTests testRichTextConflictSanitizationPreservesFormattingForTrailingNewlineMismatch]' passed (0.001 seconds).
Test Case '-[MyRAMTests.MyRAMTests testRichTextConflictSanitizationRejectsInteriorWhitespaceMismatch]' started.
Test Case '-[MyRAMTests.MyRAMTests testRichTextConflictSanitizationRejectsInteriorWhitespaceMismatch]' passed (0.001 seconds).
Test Case '-[MyRAMTests.MyRAMTests testRichTextConflictSanitizationRejectsMalformedRichTextData]' started.
Test Case '-[MyRAMTests.MyRAMTests testRichTextConflictSanitizationRejectsMalformedRichTextData]' passed (0.001 seconds).
Test Case '-[MyRAMTests.MyRAMTests testRichTextConflictSanitizationRejectsMixedTrailingNewlineWhitespaceMismatch]' started.
Test Case '-[MyRAMTests.MyRAMTests testRichTextConflictSanitizationRejectsMixedTrailingNewlineWhitespaceMismatch]' passed (0.001 seconds).
Test Case '-[MyRAMTests.MyRAMTests testRichTextConflictSanitizationRejectsMultipleTrailingNewlineMismatch]' started.
Test Case '-[MyRAMTests.MyRAMTests testRichTextConflictSanitizationRejectsMultipleTrailingNewlineMismatch]' passed (0.001 seconds).
Test Case '-[MyRAMTests.MyRAMTests testRichTextConflictSanitizationRequiresMatchingPlainTextAndStripsLegacyDefaultColor]' started.
Test Case '-[MyRAMTests.MyRAMTests testRichTextConflictSanitizationRequiresMatchingPlainTextAndStripsLegacyDefaultColor]' passed (0.001 seconds).
Test Case '-[MyRAMTests.MyRAMTests testRichTextContentCodecRoundTripPreservesFormattingAttributes]' started.
Test Case '-[MyRAMTests.MyRAMTests testRichTextContentCodecRoundTripPreservesFormattingAttributes]' passed (0.001 seconds).
Test Case '-[MyRAMTests.MyRAMTests testRichTextDisplayNormalizationKeepsFormattingAndExplicitTextColor]' started.
Test Case '-[MyRAMTests.MyRAMTests testRichTextDisplayNormalizationKeepsFormattingAndExplicitTextColor]' passed (0.001 seconds).
Test Case '-[MyRAMTests.MyRAMTests testRichTextDisplayNormalizationPaintsAutoTextWithCurrentDefaultColor]' started.
Test Case '-[MyRAMTests.MyRAMTests testRichTextDisplayNormalizationPaintsAutoTextWithCurrentDefaultColor]' passed (0.001 seconds).
Test Case '-[MyRAMTests.MyRAMTests testRichTextDisplayNormalizationPreservesExplicitBlackInDarkMode]' started.
Test Case '-[MyRAMTests.MyRAMTests testRichTextDisplayNormalizationPreservesExplicitBlackInDarkMode]' passed (0.001 seconds).
Test Case '-[MyRAMTests.MyRAMTests testRichTextDisplayNormalizationPreservesExplicitDarkGrayInDarkMode]' started.
Test Case '-[MyRAMTests.MyRAMTests testRichTextDisplayNormalizationPreservesExplicitDarkGrayInDarkMode]' passed (0.001 seconds).
Test Case '-[MyRAMTests.MyRAMTests testRichTextDisplayNormalizationPreservesExplicitWhiteInLightMode]' started.
Test Case '-[MyRAMTests.MyRAMTests testRichTextDisplayNormalizationPreservesExplicitWhiteInLightMode]' passed (0.001 seconds).
Test Case '-[MyRAMTests.MyRAMTests testRichTextRoundTripKeepsAutoTextColorAsMissingForegroundAttribute]' started.
Test Case '-[MyRAMTests.MyRAMTests testRichTextRoundTripKeepsAutoTextColorAsMissingForegroundAttribute]' passed (0.001 seconds).
Test Case '-[MyRAMTests.MyRAMTests testRootListIncludesPinnedNotesFromOtherFoldersOnly]' started.
Test Case '-[MyRAMTests.MyRAMTests testRootListIncludesPinnedNotesFromOtherFoldersOnly]' passed (0.021 seconds).
Test Case '-[MyRAMTests.MyRAMTests testRuntimeBlocksIncomingPlanningWhenBoundaryPreparationFails]' started.
Test Case '-[MyRAMTests.MyRAMTests testRuntimeBlocksIncomingPlanningWhenBoundaryPreparationFails]' passed (0.012 seconds).
Test Case '-[MyRAMTests.MyRAMTests testRuntimePreservesEveryIncomingBoundaryFailureClassificationAndBatchID]' started.
Test Case '-[MyRAMTests.MyRAMTests testRuntimePreservesEveryIncomingBoundaryFailureClassificationAndBatchID]' passed (0.038 seconds).
Test Case '-[MyRAMTests.MyRAMTests testRuntimeReevaluatesQueuedIncomingBatchAfterStaleBoundaryResumes]' started.
2026-08-04 17:08:54.809456+0000 MyRAM[4775:20551] [ModelContext] SwiftData.ModelContext: Unbinding from the main queue. This context was instantiated on the main queue but is being used off it. ModelContexts are not Sendable, consider using a ModelActor.
Test Case '-[MyRAMTests.MyRAMTests testRuntimeReevaluatesQueuedIncomingBatchAfterStaleBoundaryResumes]' passed (0.026 seconds).
Test Case '-[MyRAMTests.MyRAMTests testRuntimeRegistersPendingLocalEvidenceBeforeIncomingPlanningWhenTransportUnavailable]' started.
2026-08-04 17:08:54.835036+0000 MyRAM[4775:20551] [ModelContext] SwiftData.ModelContext: Unbinding from the main queue. This context was instantiated on the main queue but is being used off it. ModelContexts are not Sendable, consider using a ModelActor.
Test Case '-[MyRAMTests.MyRAMTests testRuntimeRegistersPendingLocalEvidenceBeforeIncomingPlanningWhenTransportUnavailable]' passed (0.026 seconds).
Test Case '-[MyRAMTests.MyRAMTests testSaveMergedConflictPreservesCompatibleExistingRichTextWhenResolvedDataIsNil]' started.
Test Case '-[MyRAMTests.MyRAMTests testSaveMergedConflictPreservesCompatibleExistingRichTextWhenResolvedDataIsNil]' passed (0.020 seconds).
Test Case '-[MyRAMTests.MyRAMTests testSaveMergedConflictUsesMergedTextAfterPostConflictTyping]' started.
Test Case '-[MyRAMTests.MyRAMTests testSaveMergedConflictUsesMergedTextAfterPostConflictTyping]' passed (0.021 seconds).
Test Case '-[MyRAMTests.MyRAMTests testSaveMergedSyncConflictWritesEditableTextAndOnlyEmitsResolvedMetadata]' started.
Test Case '-[MyRAMTests.MyRAMTests testSaveMergedSyncConflictWritesEditableTextAndOnlyEmitsResolvedMetadata]' passed (0.020 seconds).
Test Case '-[MyRAMTests.MyRAMTests testSearchHighlighterAcceptsValidRange]' started.
Test Case '-[MyRAMTests.MyRAMTests testSearchHighlighterAcceptsValidRange]' passed (0.001 seconds).
Test Case '-[MyRAMTests.MyRAMTests testSearchHighlighterClearRemovesActiveState]' started.
2026-08-04 17:08:54.909093+0000 MyRAM[4775:19366] [Text] UITextView 0x106ffc000 is switching to TextKit 1 compatibility mode because its layoutManager was accessed. Break on void _UITextViewEnablingCompatibilityMode(UITextView *__strong, BOOL) to debug.
Test Case '-[MyRAMTests.MyRAMTests testSearchHighlighterClearRemovesActiveState]' passed (0.014 seconds).
Test Case '-[MyRAMTests.MyRAMTests testSearchHighlighterLayerRectsStayStableWhenContentOffsetChanges]' started.
2026-08-04 17:08:54.922652+0000 MyRAM[4775:19366] [Text] UITextView 0x106ffcc00 is switching to TextKit 1 compatibility mode because its layoutManager was accessed. Break on void _UITextViewEnablingCompatibilityMode(UITextView *__strong, BOOL) to debug.
Test Case '-[MyRAMTests.MyRAMTests testSearchHighlighterLayerRectsStayStableWhenContentOffsetChanges]' passed (0.005 seconds).
Test Case '-[MyRAMTests.MyRAMTests testSearchHighlighterRejectsMissingRange]' started.
Test Case '-[MyRAMTests.MyRAMTests testSearchHighlighterRejectsMissingRange]' passed (0.001 seconds).
Test Case '-[MyRAMTests.MyRAMTests testSearchHighlighterRejectsNotFoundRange]' started.
Test Case '-[MyRAMTests.MyRAMTests testSearchHighlighterRejectsNotFoundRange]' passed (0.001 seconds).
Test Case '-[MyRAMTests.MyRAMTests testSearchHighlighterRejectsRangePastTextLength]' started.
Test Case '-[MyRAMTests.MyRAMTests testSearchHighlighterRejectsRangePastTextLength]' passed (0.000 seconds).
Test Case '-[MyRAMTests.MyRAMTests testSearchHighlighterRejectsZeroLengthRange]' started.
Test Case '-[MyRAMTests.MyRAMTests testSearchHighlighterRejectsZeroLengthRange]' passed (0.000 seconds).
Test Case '-[MyRAMTests.MyRAMTests testSearchHighlighterRepositionsLayerAfterScrolling]' started.
2026-08-04 17:08:54.973812+0000 MyRAM[4775:19366] [Text] UITextView 0x106ffcc00 is switching to TextKit 1 compatibility mode because its layoutManager was accessed. Break on void _UITextViewEnablingCompatibilityMode(UITextView *__strong, BOOL) to debug.
Test Case '-[MyRAMTests.MyRAMTests testSearchHighlighterRepositionsLayerAfterScrolling]' passed (0.005 seconds).
Test Case '-[MyRAMTests.MyRAMTests testSearchHighlightGeometryConvertsTextContainerRectToLayerCoordinates]' started.
Test Case '-[MyRAMTests.MyRAMTests testSearchHighlightGeometryConvertsTextContainerRectToLayerCoordinates]' passed (0.001 seconds).
Test Case '-[MyRAMTests.MyRAMTests testSelectionFormattingCacheMarksMovedSelectionDirty]' started.
Test Case '-[MyRAMTests.MyRAMTests testSelectionFormattingCacheMarksMovedSelectionDirty]' passed (0.000 seconds).
Test Case '-[MyRAMTests.MyRAMTests testSelectionFormattingCacheStoresFreshFormattingState]' started.
Test Case '-[MyRAMTests.MyRAMTests testSelectionFormattingCacheStoresFreshFormattingState]' passed (0.001 seconds).
Test Case '-[MyRAMTests.MyRAMTests testSelectionFormattingCacheTracksApproximateFormattingState]' started.
Test Case '-[MyRAMTests.MyRAMTests testSelectionFormattingCacheTracksApproximateFormattingState]' passed (0.001 seconds).
Test Case '-[MyRAMTests.MyRAMTests testSelectionFormattingPolicyAllowsSmallSelectionScan]' started.
Test Case '-[MyRAMTests.MyRAMTests testSelectionFormattingPolicyAllowsSmallSelectionScan]' passed (0.001 seconds).
Test Case '-[MyRAMTests.MyRAMTests testSelectionFormattingPolicyDefersLargeSelectionScan]' started.
Test Case '-[MyRAMTests.MyRAMTests testSelectionFormattingPolicyDefersLargeSelectionScan]' passed (0.000 seconds).
Test Case '-[MyRAMTests.MyRAMTests testSetNotePinnedMovesNoteAheadOfUnpinnedNotes]' started.
Test Case '-[MyRAMTests.MyRAMTests testSetNotePinnedMovesNoteAheadOfUnpinnedNotes]' passed (0.019 seconds).
Test Case '-[MyRAMTests.MyRAMTests testStaleLegacyLocalObligationDoesNotBlockDifferentOriginCapturedObligation]' started.
Test Case '-[MyRAMTests.MyRAMTests testStaleLegacyLocalObligationDoesNotBlockDifferentOriginCapturedObligation]' passed (0.017 seconds).
Test Case '-[MyRAMTests.MyRAMTests testSupportedNoteBodyInsertPublishesBatchOnly]' started.
Test Case '-[MyRAMTests.MyRAMTests testSupportedNoteBodyInsertPublishesBatchOnly]' passed (0.067 seconds).
Test Case '-[MyRAMTests.MyRAMTests testSustainedLocalTypingAccountsForWholeBodyEvidenceWork]' started.
Test Case '-[MyRAMTests.MyRAMTests testSustainedLocalTypingAccountsForWholeBodyEvidenceWork]' passed (0.020 seconds).
Test Case '-[MyRAMTests.MyRAMTests testSyncConflictMetadataPreservesAndResolvesConflictOnPeer]' started.
Test Case '-[MyRAMTests.MyRAMTests testSyncConflictMetadataPreservesAndResolvesConflictOnPeer]' passed (0.016 seconds).
Test Case '-[MyRAMTests.MyRAMTests testSyncConflictResolutionRemovesMatchingPeerConflictWithDifferentLocalID]' started.
Test Case '-[MyRAMTests.MyRAMTests testSyncConflictResolutionRemovesMatchingPeerConflictWithDifferentLocalID]' passed (0.013 seconds).
Test Case '-[MyRAMTests.MyRAMTests testSyncEnvelopeDecodesMissingAcknowledgements]' started.
Test Case '-[MyRAMTests.MyRAMTests testSyncEnvelopeDecodesMissingAcknowledgements]' passed (0.001 seconds).
Test Case '-[MyRAMTests.MyRAMTests testSyncQueuePersistsAcknowledgedChangesRemoval]' started.
Test Case '-[MyRAMTests.MyRAMTests testSyncQueuePersistsAcknowledgedChangesRemoval]' passed (0.002 seconds).
Test Case '-[MyRAMTests.MyRAMTests testSyncQueuePersistsPendingChangesAcrossInstances]' started.
Test Case '-[MyRAMTests.MyRAMTests testSyncQueuePersistsPendingChangesAcrossInstances]' passed (0.056 seconds).
Test Case '-[MyRAMTests.MyRAMTests testTextPlacementResolverUsesLeadingBlankLineCaret]' started.
2026-08-04 17:08:55.240836+0000 MyRAM[4775:19366] [Text] UITextView 0x106ffc000 is switching to TextKit 1 compatibility mode because its layoutManager was accessed. Break on void _UITextViewEnablingCompatibilityMode(UITextView *__strong, BOOL) to debug.
Test Case '-[MyRAMTests.MyRAMTests testTextPlacementResolverUsesLeadingBlankLineCaret]' passed (0.006 seconds).
Test Case '-[MyRAMTests.MyRAMTests testTrustedPeerReconnectTrackerAllowsRetryAfterConnectionEnds]' started.
Test Case '-[MyRAMTests.MyRAMTests testTrustedPeerReconnectTrackerAllowsRetryAfterConnectionEnds]' passed (0.007 seconds).
Test Case '-[MyRAMTests.MyRAMTests testTrustedPeerReconnectTrackerBlocksDuplicateConnectAttempts]' started.
Test Case '-[MyRAMTests.MyRAMTests testTrustedPeerReconnectTrackerBlocksDuplicateConnectAttempts]' passed (0.001 seconds).
Test Case '-[MyRAMTests.MyRAMTests testTrustedPeerReconnectTrackerIgnoresStaleAttemptTimeout]' started.
Test Case '-[MyRAMTests.MyRAMTests testTrustedPeerReconnectTrackerIgnoresStaleAttemptTimeout]' passed (0.032 seconds).
Test Case '-[MyRAMTests.MyRAMTests testUndoLastActionRestoresDeletedFolderHierarchyAndNotes]' started.
Test Case '-[MyRAMTests.MyRAMTests testUndoLastActionRestoresDeletedFolderHierarchyAndNotes]' passed (0.022 seconds).
Test Case '-[MyRAMTests.MyRAMTests testUndoLastActionRestoresSoftDeletedNote]' started.
Test Case '-[MyRAMTests.MyRAMTests testUndoLastActionRestoresSoftDeletedNote]' passed (0.019 seconds).
Test Case '-[MyRAMTests.MyRAMTests testUndoRedoLastActionMovesNoteBetweenFolders]' started.
Test Case '-[MyRAMTests.MyRAMTests testUndoRedoLastActionMovesNoteBetweenFolders]' passed (0.022 seconds).
Test Case '-[MyRAMTests.MyRAMTests testUndoRedoLastActionTogglesCreatedFolderVisibility]' started.
Test Case '-[MyRAMTests.MyRAMTests testUndoRedoLastActionTogglesCreatedFolderVisibility]' passed (0.014 seconds).
Test Case '-[MyRAMTests.MyRAMTests testUndoRedoLastActionTogglesCreatedNoteVisibility]' started.
Test Case '-[MyRAMTests.MyRAMTests testUndoRedoLastActionTogglesCreatedNoteVisibility]' passed (0.014 seconds).
Test Case '-[MyRAMTests.MyRAMTests testUnrelatedIncorporationHistoryDoesNotChangeActiveNotePlanning]' started.
2026-08-04 17:08:55.548474+0000 MyRAM[4775:20556] [ModelContext] SwiftData.ModelContext: Unbinding from the main queue. This context was instantiated on the main queue but is being used off it. ModelContexts are not Sendable, consider using a ModelActor.
Test Case '-[MyRAMTests.MyRAMTests testUnrelatedIncorporationHistoryDoesNotChangeActiveNotePlanning]' passed (0.190 seconds).
Test Case '-[MyRAMTests.MyRAMTests testUnrelatedLaterSaveCannotPersistARefusedLegacyIncomingMutation]' started.
Test Case '-[MyRAMTests.MyRAMTests testUnrelatedLaterSaveCannotPersistARefusedLegacyIncomingMutation]' passed (0.048 seconds).
Test Case '-[MyRAMTests.MyRAMTests testUpdateNoteKeepsExistingNotesWithoutAttachmentsCompatible]' started.
Test Case '-[MyRAMTests.MyRAMTests testUpdateNoteKeepsExistingNotesWithoutAttachmentsCompatible]' passed (0.016 seconds).
Test Case '-[MyRAMTests.MyRAMTests testUpdateNotePersistsRichTextDataAlongsidePlainText]' started.
Test Case '-[MyRAMTests.MyRAMTests testUpdateNotePersistsRichTextDataAlongsidePlainText]' passed (0.014 seconds).
Test Case '-[MyRAMTests.MyRAMTests testWarmPaperAppearanceUsesIconPalette]' started.
Test Case '-[MyRAMTests.MyRAMTests testWarmPaperAppearanceUsesIconPalette]' passed (0.001 seconds).
Test Suite 'MyRAMTests' passed at 2026-08-04 17:08:55.674.
	 Executed 278 tests, with 0 failures (0 unexpected) in 16.575 (17.612) seconds
Test Suite 'MyRAMWidgetCoreTests' started at 2026-08-04 17:08:55.674.
Test Case '-[MyRAMTests.MyRAMWidgetCoreTests testCodecRejectsUnsupportedVersionBeforeFullDecode]' started.
Test Case '-[MyRAMTests.MyRAMWidgetCoreTests testCodecRejectsUnsupportedVersionBeforeFullDecode]' passed (0.004 seconds).
Test Case '-[MyRAMTests.MyRAMWidgetCoreTests testCodecRoundTripAndDeterministicEncoding]' started.
Test Case '-[MyRAMTests.MyRAMWidgetCoreTests testCodecRoundTripAndDeterministicEncoding]' passed (0.004 seconds).
Test Case '-[MyRAMTests.MyRAMWidgetCoreTests testContentPolicyUsesPinPriorityAndExactBudgets]' started.
Test Case '-[MyRAMTests.MyRAMWidgetCoreTests testContentPolicyUsesPinPriorityAndExactBudgets]' passed (0.001 seconds).
Test Case '-[MyRAMTests.MyRAMWidgetCoreTests testDeepLinkRequiresExactPlatformShape]' started.
Test Case '-[MyRAMTests.MyRAMWidgetCoreTests testDeepLinkRequiresExactPlatformShape]' passed (0.004 seconds).
Test Case '-[MyRAMTests.MyRAMWidgetCoreTests testFailedReplacementPreservesPriorSnapshot]' started.
Test Case '-[MyRAMTests.MyRAMWidgetCoreTests testFailedReplacementPreservesPriorSnapshot]' passed (0.004 seconds).
Test Case '-[MyRAMTests.MyRAMWidgetCoreTests testFractionalSecondDateSurvivesExactCodecAndStoreRoundTrip]' started.
Test Case '-[MyRAMTests.MyRAMWidgetCoreTests testFractionalSecondDateSurvivesExactCodecAndStoreRoundTrip]' passed (0.002 seconds).
Test Case '-[MyRAMTests.MyRAMWidgetCoreTests testMalformedCurrentVersionFailsClosed]' started.
Test Case '-[MyRAMTests.MyRAMWidgetCoreTests testMalformedCurrentVersionFailsClosed]' passed (0.001 seconds).
Test Case '-[MyRAMTests.MyRAMWidgetCoreTests testPublicationBoundsPreserveOrderAndDropEmptyPins]' started.
Test Case '-[MyRAMTests.MyRAMWidgetCoreTests testPublicationBoundsPreserveOrderAndDropEmptyPins]' passed (0.000 seconds).
Test Case '-[MyRAMTests.MyRAMWidgetCoreTests testStableStatesRemainDistinct]' started.
Test Case '-[MyRAMTests.MyRAMWidgetCoreTests testStableStatesRemainDistinct]' passed (0.002 seconds).
Test Case '-[MyRAMTests.MyRAMWidgetCoreTests testStorePublishesThenSuppressesSemanticNoOp]' started.
Test Case '-[MyRAMTests.MyRAMWidgetCoreTests testStorePublishesThenSuppressesSemanticNoOp]' passed (0.002 seconds).
Test Case '-[MyRAMTests.MyRAMWidgetCoreTests testTitleTrimFallbackThenBound]' started.
Test Case '-[MyRAMTests.MyRAMWidgetCoreTests testTitleTrimFallbackThenBound]' passed (0.001 seconds).
Test Suite 'MyRAMWidgetCoreTests' passed at 2026-08-04 17:08:55.740.
	 Executed 11 tests, with 0 failures (0 unexpected) in 0.024 (0.066) seconds
Test Suite 'MyRAMWidgetHostTests' started at 2026-08-04 17:08:55.740.
Test Case '-[MyRAMTests.MyRAMWidgetHostTests testDelayedMacRequestCannotBeClaimedByAnotherScene]' started.
Test Case '-[MyRAMTests.MyRAMWidgetHostTests testDelayedMacRequestCannotBeClaimedByAnotherScene]' passed (0.002 seconds).
Test Case '-[MyRAMTests.MyRAMWidgetHostTests testDispatcherPreservesArrivalOrderAndRetainedHead]' started.
Test Case '-[MyRAMTests.MyRAMWidgetHostTests testDispatcherPreservesArrivalOrderAndRetainedHead]' passed (0.001 seconds).
Test Case '-[MyRAMTests.MyRAMWidgetHostTests testDispatcherRejectsMalformedWidgetURLWithoutQueueing]' started.
Test Case '-[MyRAMTests.MyRAMWidgetHostTests testDispatcherRejectsMalformedWidgetURLWithoutQueueing]' passed (0.001 seconds).
Test Case '-[MyRAMTests.MyRAMWidgetHostTests testIOSRouterFlushesBeforePresentationAndRetainsFailure]' started.
Test Case '-[MyRAMTests.MyRAMWidgetHostTests testIOSRouterFlushesBeforePresentationAndRetainsFailure]' passed (0.002 seconds).
Test Case '-[MyRAMTests.MyRAMWidgetHostTests testIOSRouterRejectsUnavailableOrMismatchedEditorWithoutMutation]' started.
Test Case '-[MyRAMTests.MyRAMWidgetHostTests testIOSRouterRejectsUnavailableOrMismatchedEditorWithoutMutation]' passed (0.006 seconds).
Test Case '-[MyRAMTests.MyRAMWidgetHostTests testMacRouterFlushesBeforePresentationAndRetainsFailure]' started.
Test Case '-[MyRAMTests.MyRAMWidgetHostTests testMacRouterFlushesBeforePresentationAndRetainsFailure]' passed (0.002 seconds).
Test Case '-[MyRAMTests.MyRAMWidgetHostTests testPublicationUsesDurablePinOrderAndSuppressesSemanticNoOp]' started.
Test Case '-[MyRAMTests.MyRAMWidgetHostTests testPublicationUsesDurablePinOrderAndSuppressesSemanticNoOp]' passed (0.019 seconds).
Test Case '-[MyRAMTests.MyRAMWidgetHostTests testSelectionStorePersistsAndClearsExplicitNoteID]' started.
Test Case '-[MyRAMTests.MyRAMWidgetHostTests testSelectionStorePersistsAndClearsExplicitNoteID]' passed (0.004 seconds).
Test Case '-[MyRAMTests.MyRAMWidgetHostTests testSuccessfulSaveTriggersRefreshAndInvalidSelectionClears]' started.
Test Case '-[MyRAMTests.MyRAMWidgetHostTests testSuccessfulSaveTriggersRefreshAndInvalidSelectionClears]' passed (0.026 seconds).
Test Suite 'MyRAMWidgetHostTests' passed at 2026-08-04 17:08:55.819.
	 Executed 9 tests, with 0 failures (0 unexpected) in 0.063 (0.078) seconds
Test Suite 'NoteSequenceStateBootstrapMigratorTests' started at 2026-08-04 17:08:55.819.
Test Case '-[MyRAMTests.NoteSequenceStateBootstrapMigratorTests testMigrationCoversActiveDeletedEmptyAndNonemptyNotes]' started.
Test Case '-[MyRAMTests.NoteSequenceStateBootstrapMigratorTests testMigrationCoversActiveDeletedEmptyAndNonemptyNotes]' passed (0.021 seconds).
Test Case '-[MyRAMTests.NoteSequenceStateBootstrapMigratorTests testMigrationPersistsEarlierNotesBeforeInjectedInterruption]' started.
Test Case '-[MyRAMTests.NoteSequenceStateBootstrapMigratorTests testMigrationPersistsEarlierNotesBeforeInjectedInterruption]' passed (0.016 seconds).
Test Case '-[MyRAMTests.NoteSequenceStateBootstrapMigratorTests testMigrationProcessesNoteIDsInDeterministicOrder]' started.
Test Case '-[MyRAMTests.NoteSequenceStateBootstrapMigratorTests testMigrationProcessesNoteIDsInDeterministicOrder]' passed (0.018 seconds).
Test Case '-[MyRAMTests.NoteSequenceStateBootstrapMigratorTests testMigrationReestablishesValidStaleRows]' started.
Test Case '-[MyRAMTests.NoteSequenceStateBootstrapMigratorTests testMigrationReestablishesValidStaleRows]' passed (0.017 seconds).
Test Case '-[MyRAMTests.NoteSequenceStateBootstrapMigratorTests testMigrationRerunIsIdempotentForExactRows]' started.
Test Case '-[MyRAMTests.NoteSequenceStateBootstrapMigratorTests testMigrationRerunIsIdempotentForExactRows]' passed (0.015 seconds).
Test Case '-[MyRAMTests.NoteSequenceStateBootstrapMigratorTests testMigrationResumesRemainingNotesAfterInterruption]' started.
Test Case '-[MyRAMTests.NoteSequenceStateBootstrapMigratorTests testMigrationResumesRemainingNotesAfterInterruption]' passed (0.022 seconds).
Test Case '-[MyRAMTests.NoteSequenceStateBootstrapMigratorTests testMigrationStopsAtCorruptRowWithoutOverwritingIt]' started.
Test Case '-[MyRAMTests.NoteSequenceStateBootstrapMigratorTests testMigrationStopsAtCorruptRowWithoutOverwritingIt]' passed (0.017 seconds).
Test Case '-[MyRAMTests.NoteSequenceStateBootstrapMigratorTests testMigrationStopsAtUnsupportedRowWithoutOverwritingIt]' started.
Test Case '-[MyRAMTests.NoteSequenceStateBootstrapMigratorTests testMigrationStopsAtUnsupportedRowWithoutOverwritingIt]' passed (0.020 seconds).
Test Suite 'NoteSequenceStateBootstrapMigratorTests' passed at 2026-08-04 17:08:56.079.
	 Executed 8 tests, with 0 failures (0 unexpected) in 0.146 (0.260) seconds
Test Suite 'NoteSequenceStateFullBodyIntegrationTests' started at 2026-08-04 17:08:56.080.
Test Case '-[MyRAMTests.NoteSequenceStateFullBodyIntegrationTests testEnsureCurrentBodyStateCreatesMissingRevisionZeroState]' started.
Test Case '-[MyRAMTests.NoteSequenceStateFullBodyIntegrationTests testEnsureCurrentBodyStateCreatesMissingRevisionZeroState]' passed (0.015 seconds).
Test Case '-[MyRAMTests.NoteSequenceStateFullBodyIntegrationTests testEnsureCurrentBodyStatePreservesExactExistingStateWithoutRewrite]' started.
Test Case '-[MyRAMTests.NoteSequenceStateFullBodyIntegrationTests testEnsureCurrentBodyStatePreservesExactExistingStateWithoutRewrite]' passed (0.013 seconds).
Test Case '-[MyRAMTests.NoteSequenceStateFullBodyIntegrationTests testEnsureCurrentBodyStateRejectsCorruptStateWithoutMutation]' started.
Test Case '-[MyRAMTests.NoteSequenceStateFullBodyIntegrationTests testEnsureCurrentBodyStateRejectsCorruptStateWithoutMutation]' passed (0.013 seconds).
Test Case '-[MyRAMTests.NoteSequenceStateFullBodyIntegrationTests testEnsureCurrentBodyStateRejectsRevisionExhaustionWithoutMutation]' started.
Test Case '-[MyRAMTests.NoteSequenceStateFullBodyIntegrationTests testEnsureCurrentBodyStateRejectsRevisionExhaustionWithoutMutation]' passed (0.014 seconds).
Test Case '-[MyRAMTests.NoteSequenceStateFullBodyIntegrationTests testEnsureCurrentBodyStateRejectsUnsupportedStateWithoutMutation]' started.
Test Case '-[MyRAMTests.NoteSequenceStateFullBodyIntegrationTests testEnsureCurrentBodyStateRejectsUnsupportedStateWithoutMutation]' passed (0.012 seconds).
Test Case '-[MyRAMTests.NoteSequenceStateFullBodyIntegrationTests testEnsureCurrentBodyStateReplacesValidStaleStateAtNextRevision]' started.
Test Case '-[MyRAMTests.NoteSequenceStateFullBodyIntegrationTests testEnsureCurrentBodyStateReplacesValidStaleStateAtNextRevision]' passed (0.014 seconds).
Test Case '-[MyRAMTests.NoteSequenceStateFullBodyIntegrationTests testInsertNewNoteCommitsDetachedNoteAndRevisionZeroStateTogether]' started.
Test Case '-[MyRAMTests.NoteSequenceStateFullBodyIntegrationTests testInsertNewNoteCommitsDetachedNoteAndRevisionZeroStateTogether]' passed (0.013 seconds).
Test Case '-[MyRAMTests.NoteSequenceStateFullBodyIntegrationTests testInsertNewNoteRejectsExactBodyMismatchBeforeInsertion]' started.
Test Case '-[MyRAMTests.NoteSequenceStateFullBodyIntegrationTests testInsertNewNoteRejectsExactBodyMismatchBeforeInsertion]' passed (0.010 seconds).
Test Case '-[MyRAMTests.NoteSequenceStateFullBodyIntegrationTests testInsertNewNoteRejectsExistingNoteCollisionBeforeInsertion]' started.
Test Case '-[MyRAMTests.NoteSequenceStateFullBodyIntegrationTests testInsertNewNoteRejectsExistingNoteCollisionBeforeInsertion]' passed (0.012 seconds).
Test Case '-[MyRAMTests.NoteSequenceStateFullBodyIntegrationTests testInsertNewNoteRejectsExistingStateCollisionBeforeInsertion]' started.
Test Case '-[MyRAMTests.NoteSequenceStateFullBodyIntegrationTests testInsertNewNoteRejectsExistingStateCollisionBeforeInsertion]' passed (0.013 seconds).
Test Case '-[MyRAMTests.NoteSequenceStateFullBodyIntegrationTests testInsertNewNoteRejectsPreparedNoteIDMismatchBeforeInsertion]' started.
Test Case '-[MyRAMTests.NoteSequenceStateFullBodyIntegrationTests testInsertNewNoteRejectsPreparedNoteIDMismatchBeforeInsertion]' passed (0.010 seconds).
Test Case '-[MyRAMTests.NoteSequenceStateFullBodyIntegrationTests testReplaceBodyCreatesRevisionZeroStateWhenStateIsMissing]' started.
Test Case '-[MyRAMTests.NoteSequenceStateFullBodyIntegrationTests testReplaceBodyCreatesRevisionZeroStateWhenStateIsMissing]' passed (0.013 seconds).
Test Case '-[MyRAMTests.NoteSequenceStateFullBodyIntegrationTests testReplaceBodyPersistsExactUTF16AcrossFreshContextWithoutSecondRewrite]' started.
Test Case '-[MyRAMTests.NoteSequenceStateFullBodyIntegrationTests testReplaceBodyPersistsExactUTF16AcrossFreshContextWithoutSecondRewrite]' passed (0.014 seconds).
Test Case '-[MyRAMTests.NoteSequenceStateFullBodyIntegrationTests testReplaceBodyPreservesStateWhenItAlreadyMatchesFinalBodyExactly]' started.
Test Case '-[MyRAMTests.NoteSequenceStateFullBodyIntegrationTests testReplaceBodyPreservesStateWhenItAlreadyMatchesFinalBodyExactly]' passed (0.012 seconds).
Test Case '-[MyRAMTests.NoteSequenceStateFullBodyIntegrationTests testReplaceBodyRejectsCorruptStateBeforeChangingBody]' started.
Test Case '-[MyRAMTests.NoteSequenceStateFullBodyIntegrationTests testReplaceBodyRejectsCorruptStateBeforeChangingBody]' passed (0.013 seconds).
Test Case '-[MyRAMTests.NoteSequenceStateFullBodyIntegrationTests testReplaceBodyRejectsRevisionExhaustionBeforeChangingBody]' started.
Test Case '-[MyRAMTests.NoteSequenceStateFullBodyIntegrationTests testReplaceBodyRejectsRevisionExhaustionBeforeChangingBody]' passed (0.011 seconds).
Test Case '-[MyRAMTests.NoteSequenceStateFullBodyIntegrationTests testReplaceBodyRejectsUnsupportedStateBeforeChangingBody]' started.
Test Case '-[MyRAMTests.NoteSequenceStateFullBodyIntegrationTests testReplaceBodyRejectsUnsupportedStateBeforeChangingBody]' passed (0.013 seconds).
Test Case '-[MyRAMTests.NoteSequenceStateFullBodyIntegrationTests testReplaceBodyReplacesValidStaleStateAndBodyAtOneNextRevision]' started.
Test Case '-[MyRAMTests.NoteSequenceStateFullBodyIntegrationTests testReplaceBodyReplacesValidStaleStateAndBodyAtOneNextRevision]' passed (0.013 seconds).
Test Case '-[MyRAMTests.NoteSequenceStateFullBodyIntegrationTests testReplaceBodyUsesExactUTF16RatherThanCanonicalStringEquality]' started.
Test Case '-[MyRAMTests.NoteSequenceStateFullBodyIntegrationTests testReplaceBodyUsesExactUTF16RatherThanCanonicalStringEquality]' passed (0.013 seconds).
Test Suite 'NoteSequenceStateFullBodyIntegrationTests' passed at 2026-08-04 17:08:56.793.
	 Executed 19 tests, with 0 failures (0 unexpected) in 0.242 (0.713) seconds
Test Suite 'NotesListStateBootstrapTests' started at 2026-08-04 17:08:56.793.
Test Case '-[MyRAMTests.NotesListStateBootstrapTests testBootstrapFailsClosedWhenLaunchRecoveryFails]' started.
Test Case '-[MyRAMTests.NotesListStateBootstrapTests testBootstrapFailsClosedWhenLaunchRecoveryFails]' passed (0.083 seconds).
Test Case '-[MyRAMTests.NotesListStateBootstrapTests testBootstrapRunsLaunchRecoveryBeforeNetworkingAndEditing]' started.
Test Case '-[MyRAMTests.NotesListStateBootstrapTests testBootstrapRunsLaunchRecoveryBeforeNetworkingAndEditing]' passed (0.064 seconds).
Test Suite 'NotesListStateBootstrapTests' passed at 2026-08-04 17:08:56.941.
	 Executed 2 tests, with 0 failures (0 unexpected) in 0.148 (0.149) seconds
Test Suite 'PendingSyncRecoveryTests' started at 2026-08-04 17:08:56.942.
Test Case '-[MyRAMTests.PendingSyncRecoveryTests testCoordinatorBuilderFailureLeavesQueuesAndJournalUntouched]' started.
Test Case '-[MyRAMTests.PendingSyncRecoveryTests testCoordinatorBuilderFailureLeavesQueuesAndJournalUntouched]' passed (0.004 seconds).
Test Case '-[MyRAMTests.PendingSyncRecoveryTests testCoordinatorBuildsReplacementWhileSuspendedAndFlushesAfterCommit]' started.
Test Case '-[MyRAMTests.PendingSyncRecoveryTests testCoordinatorBuildsReplacementWhileSuspendedAndFlushesAfterCommit]' passed (0.006 seconds).
Test Case '-[MyRAMTests.PendingSyncRecoveryTests testCoordinatorRollsBackOriginalQueuesWhenReplacementFailsAfterLegacy]' started.
Test Case '-[MyRAMTests.PendingSyncRecoveryTests testCoordinatorRollsBackOriginalQueuesWhenReplacementFailsAfterLegacy]' passed (0.003 seconds).
Test Case '-[MyRAMTests.PendingSyncRecoveryTests testJournalStorePersistsPhaseUpdatesAndDeletes]' started.
Test Case '-[MyRAMTests.PendingSyncRecoveryTests testJournalStorePersistsPhaseUpdatesAndDeletes]' passed (0.002 seconds).
Test Case '-[MyRAMTests.PendingSyncRecoveryTests testPrepareSnapshotsRejectsCapturedBatchMissingFromDurableQueues]' started.
Test Case '-[MyRAMTests.PendingSyncRecoveryTests testPrepareSnapshotsRejectsCapturedBatchMissingFromDurableQueues]' passed (0.001 seconds).
Test Case '-[MyRAMTests.PendingSyncRecoveryTests testStateBuilderAllowsMissingBatchNoteWhenValidatedTombstoneExists]' started.
Test Case '-[MyRAMTests.PendingSyncRecoveryTests testStateBuilderAllowsMissingBatchNoteWhenValidatedTombstoneExists]' passed (0.013 seconds).
Test Case '-[MyRAMTests.PendingSyncRecoveryTests testStateBuilderFailsWhenAffectedNoteHasActiveConflict]' started.
Test Case '-[MyRAMTests.PendingSyncRecoveryTests testStateBuilderFailsWhenAffectedNoteHasActiveConflict]' passed (0.015 seconds).
Test Case '-[MyRAMTests.PendingSyncRecoveryTests testStateBuilderRebuildsCurrentNoteForLegacyMarkerTarget]' started.
Test Case '-[MyRAMTests.PendingSyncRecoveryTests testStateBuilderRebuildsCurrentNoteForLegacyMarkerTarget]' passed (0.013 seconds).
Test Case '-[MyRAMTests.PendingSyncRecoveryTests testStateBuilderRejectsAnchoredBatchBeforeCurrentStateLookup]' started.
Test Case '-[MyRAMTests.PendingSyncRecoveryTests testStateBuilderRejectsAnchoredBatchBeforeCurrentStateLookup]' passed (0.011 seconds).
Test Case '-[MyRAMTests.PendingSyncRecoveryTests testStateBuilderRejectsInvalidLegacyEntityID]' started.
Test Case '-[MyRAMTests.PendingSyncRecoveryTests testStateBuilderRejectsInvalidLegacyEntityID]' passed (0.010 seconds).
Test Case '-[MyRAMTests.PendingSyncRecoveryTests testStateBuilderRejectsMissingNonDeleteLegacyNote]' started.
Test Case '-[MyRAMTests.PendingSyncRecoveryTests testStateBuilderRejectsMissingNonDeleteLegacyNote]' passed (0.037 seconds).
Test Case '-[MyRAMTests.PendingSyncRecoveryTests testStateBuilderRejectsMissingNoteReferencedOnlyByLocalObligation]' started.
Test Case '-[MyRAMTests.PendingSyncRecoveryTests testStateBuilderRejectsMissingNoteReferencedOnlyByLocalObligation]' passed (0.012 seconds).
Test Case '-[MyRAMTests.PendingSyncRecoveryTests testStateBuilderRejectsMissingNoteReferencedOnlyByUnsentBatch]' started.
Test Case '-[MyRAMTests.PendingSyncRecoveryTests testStateBuilderRejectsMissingNoteReferencedOnlyByUnsentBatch]' passed (0.017 seconds).
Test Case '-[MyRAMTests.PendingSyncRecoveryTests testStateBuilderRejectsPendingLegacyConflictMetadata]' started.
Test Case '-[MyRAMTests.PendingSyncRecoveryTests testStateBuilderRejectsPendingLegacyConflictMetadata]' passed (0.015 seconds).
Test Case '-[MyRAMTests.PendingSyncRecoveryTests testStateBuilderReplacesQueuesWithCurrentSwiftDataState]' started.
Test Case '-[MyRAMTests.PendingSyncRecoveryTests testStateBuilderReplacesQueuesWithCurrentSwiftDataState]' passed (0.018 seconds).
Test Case '-[MyRAMTests.PendingSyncRecoveryTests testStateBuilderRetainsNewestLegacyOnlyDeletionTombstone]' started.
Test Case '-[MyRAMTests.PendingSyncRecoveryTests testStateBuilderRetainsNewestLegacyOnlyDeletionTombstone]' passed (0.016 seconds).
Test Suite 'PendingSyncRecoveryTests' passed at 2026-08-04 17:08:57.259.
	 Executed 16 tests, with 0 failures (0 unexpected) in 0.191 (0.317) seconds
Test Suite 'SwiftDataNoteSequenceStateStoreTests' started at 2026-08-04 17:08:57.259.
Test Case '-[MyRAMTests.SwiftDataNoteSequenceStateStoreTests testBodyStateMismatchAndExpectationsFailClosed]' started.
Test Case '-[MyRAMTests.SwiftDataNoteSequenceStateStoreTests testBodyStateMismatchAndExpectationsFailClosed]' passed (0.053 seconds).
Test Case '-[MyRAMTests.SwiftDataNoteSequenceStateStoreTests testBootstrapAdapterMapsEmptyBodyToCanonicalEmptyState]' started.
Test Case '-[MyRAMTests.SwiftDataNoteSequenceStateStoreTests testBootstrapAdapterMapsEmptyBodyToCanonicalEmptyState]' passed (0.001 seconds).
Test Case '-[MyRAMTests.SwiftDataNoteSequenceStateStoreTests testBootstrapAdapterMatchesExplicitCoreV1]' started.
Test Case '-[MyRAMTests.SwiftDataNoteSequenceStateStoreTests testBootstrapAdapterMatchesExplicitCoreV1]' passed (0.001 seconds).
Test Case '-[MyRAMTests.SwiftDataNoteSequenceStateStoreTests testBootstrapAdapterPreservesExactUTF16Body]' started.
Test Case '-[MyRAMTests.SwiftDataNoteSequenceStateStoreTests testBootstrapAdapterPreservesExactUTF16Body]' passed (0.000 seconds).
Test Case '-[MyRAMTests.SwiftDataNoteSequenceStateStoreTests testCompareAndSetChangesOnlyBodyAndSequenceRecord]' started.
Test Case '-[MyRAMTests.SwiftDataNoteSequenceStateStoreTests testCompareAndSetChangesOnlyBodyAndSequenceRecord]' passed (0.016 seconds).
Test Case '-[MyRAMTests.SwiftDataNoteSequenceStateStoreTests testConcurrentLoadOrBootstrapAcrossStoreInstancesCreatesOneRevisionZeroRow]' started.
Test Case '-[MyRAMTests.SwiftDataNoteSequenceStateStoreTests testConcurrentLoadOrBootstrapAcrossStoreInstancesCreatesOneRevisionZeroRow]' passed (0.015 seconds).
Test Case '-[MyRAMTests.SwiftDataNoteSequenceStateStoreTests testEnsureBootstrapStateForCurrentBodyCreatesMissingState]' started.
Test Case '-[MyRAMTests.SwiftDataNoteSequenceStateStoreTests testEnsureBootstrapStateForCurrentBodyCreatesMissingState]' passed (0.014 seconds).
Test Case '-[MyRAMTests.SwiftDataNoteSequenceStateStoreTests testEnsureBootstrapStateForCurrentBodyPreservesNonBootstrapStateWhenExact]' started.
Test Case '-[MyRAMTests.SwiftDataNoteSequenceStateStoreTests testEnsureBootstrapStateForCurrentBodyPreservesNonBootstrapStateWhenExact]' passed (0.127 seconds).
Test Case '-[MyRAMTests.SwiftDataNoteSequenceStateStoreTests testEnsureBootstrapStateForCurrentBodyRejectsCorruptState]' started.
Test Case '-[MyRAMTests.SwiftDataNoteSequenceStateStoreTests testEnsureBootstrapStateForCurrentBodyRejectsCorruptState]' passed (0.015 seconds).
Test Case '-[MyRAMTests.SwiftDataNoteSequenceStateStoreTests testEnsureBootstrapStateForCurrentBodyRejectsRevisionExhaustion]' started.
Test Case '-[MyRAMTests.SwiftDataNoteSequenceStateStoreTests testEnsureBootstrapStateForCurrentBodyRejectsRevisionExhaustion]' passed (0.017 seconds).
Test Case '-[MyRAMTests.SwiftDataNoteSequenceStateStoreTests testEnsureBootstrapStateForCurrentBodyRejectsUnsupportedState]' started.
Test Case '-[MyRAMTests.SwiftDataNoteSequenceStateStoreTests testEnsureBootstrapStateForCurrentBodyRejectsUnsupportedState]' passed (0.015 seconds).
Test Case '-[MyRAMTests.SwiftDataNoteSequenceStateStoreTests testEnsureBootstrapStateForCurrentBodyRepairsValidStaleState]' started.
Test Case '-[MyRAMTests.SwiftDataNoteSequenceStateStoreTests testEnsureBootstrapStateForCurrentBodyRepairsValidStaleState]' passed (0.018 seconds).
Test Case '-[MyRAMTests.SwiftDataNoteSequenceStateStoreTests testEnsureBootstrapStateForCurrentBodyReturnsExactExistingStateWithoutSave]' started.
Test Case '-[MyRAMTests.SwiftDataNoteSequenceStateStoreTests testEnsureBootstrapStateForCurrentBodyReturnsExactExistingStateWithoutSave]' passed (0.014 seconds).
Test Case '-[MyRAMTests.SwiftDataNoteSequenceStateStoreTests testEnsureBootstrapStateForCurrentBodySaveFailureRollsBack]' started.
Test Case '-[MyRAMTests.SwiftDataNoteSequenceStateStoreTests testEnsureBootstrapStateForCurrentBodySaveFailureRollsBack]' passed (0.018 seconds).
Test Case '-[MyRAMTests.SwiftDataNoteSequenceStateStoreTests testEnsureBootstrapStateForCurrentBodyVerificationFailureIsSurfaced]' started.
Test Case '-[MyRAMTests.SwiftDataNoteSequenceStateStoreTests testEnsureBootstrapStateForCurrentBodyVerificationFailureIsSurfaced]' passed (0.015 seconds).
Test Case '-[MyRAMTests.SwiftDataNoteSequenceStateStoreTests testExactTextComparisonRejectsCanonicallyEquivalentDifferentUTF16]' started.
Test Case '-[MyRAMTests.SwiftDataNoteSequenceStateStoreTests testExactTextComparisonRejectsCanonicallyEquivalentDifferentUTF16]' passed (0.001 seconds).
Test Case '-[MyRAMTests.SwiftDataNoteSequenceStateStoreTests testExistingLoadValidationRetainsCanonicalStringEqualityBehavior]' started.
Test Case '-[MyRAMTests.SwiftDataNoteSequenceStateStoreTests testExistingLoadValidationRetainsCanonicalStringEqualityBehavior]' passed (0.015 seconds).
Test Case '-[MyRAMTests.SwiftDataNoteSequenceStateStoreTests testFailureBeforeSaveRollsBackBodyAndState]' started.
Test Case '-[MyRAMTests.SwiftDataNoteSequenceStateStoreTests testFailureBeforeSaveRollsBackBodyAndState]' passed (0.017 seconds).
Test Case '-[MyRAMTests.SwiftDataNoteSequenceStateStoreTests testFirstWriteUsesRevisionZeroAndCanonicalEmptyBytes]' started.
Test Case '-[MyRAMTests.SwiftDataNoteSequenceStateStoreTests testFirstWriteUsesRevisionZeroAndCanonicalEmptyBytes]' passed (0.017 seconds).
Test Case '-[MyRAMTests.SwiftDataNoteSequenceStateStoreTests testLexicalJSONDifferencesLoadWithoutRewriting]' started.
Test Case '-[MyRAMTests.SwiftDataNoteSequenceStateStoreTests testLexicalJSONDifferencesLoadWithoutRewriting]' passed (0.021 seconds).
Test Case '-[MyRAMTests.SwiftDataNoteSequenceStateStoreTests testLoadOrBootstrapChangesOnlyTheMissingSequenceStateRow]' started.
Test Case '-[MyRAMTests.SwiftDataNoteSequenceStateStoreTests testLoadOrBootstrapChangesOnlyTheMissingSequenceStateRow]' passed (0.237 seconds).
Test Case '-[MyRAMTests.SwiftDataNoteSequenceStateStoreTests testLoadOrBootstrapCreatesRevisionZeroStateForAuthoritativeNonemptyBody]' started.
Test Case '-[MyRAMTests.SwiftDataNoteSequenceStateStoreTests testLoadOrBootstrapCreatesRevisionZeroStateForAuthoritativeNonemptyBody]' passed (0.021 seconds).
Test Case '-[MyRAMTests.SwiftDataNoteSequenceStateStoreTests testLoadOrBootstrapDoesNotReplaceCorruptExistingState]' started.
Test Case '-[MyRAMTests.SwiftDataNoteSequenceStateStoreTests testLoadOrBootstrapDoesNotReplaceCorruptExistingState]' passed (0.021 seconds).
Test Case '-[MyRAMTests.SwiftDataNoteSequenceStateStoreTests testLoadOrBootstrapDoesNotReplaceUnsupportedExistingState]' started.
Test Case '-[MyRAMTests.SwiftDataNoteSequenceStateStoreTests testLoadOrBootstrapDoesNotReplaceUnsupportedExistingState]' passed (0.113 seconds).
Test Case '-[MyRAMTests.SwiftDataNoteSequenceStateStoreTests testLoadOrBootstrapInjectedBeforeSaveFailureRollsBackPendingRow]' started.
Test Case '-[MyRAMTests.SwiftDataNoteSequenceStateStoreTests testLoadOrBootstrapInjectedBeforeSaveFailureRollsBackPendingRow]' passed (0.014 seconds).
Test Case '-[MyRAMTests.SwiftDataNoteSequenceStateStoreTests testLoadOrBootstrapMissingNoteFailsWithoutCreatingState]' started.
Test Case '-[MyRAMTests.SwiftDataNoteSequenceStateStoreTests testLoadOrBootstrapMissingNoteFailsWithoutCreatingState]' passed (0.030 seconds).
Test Case '-[MyRAMTests.SwiftDataNoteSequenceStateStoreTests testLoadOrBootstrapPersistsRevisionZeroCanonicalEmptyState]' started.
Test Case '-[MyRAMTests.SwiftDataNoteSequenceStateStoreTests testLoadOrBootstrapPersistsRevisionZeroCanonicalEmptyState]' passed (0.017 seconds).
Test Case '-[MyRAMTests.SwiftDataNoteSequenceStateStoreTests testLoadOrBootstrapPostSaveCommittedMismatchReturnsVerificationFailure]' started.
Test Case '-[MyRAMTests.SwiftDataNoteSequenceStateStoreTests testLoadOrBootstrapPostSaveCommittedMismatchReturnsVerificationFailure]' passed (0.018 seconds).
Test Case '-[MyRAMTests.SwiftDataNoteSequenceStateStoreTests testLoadOrBootstrapRejectsExistingStateWhoseVisibleTextIsNotExactUTF16]' started.
Test Case '-[MyRAMTests.SwiftDataNoteSequenceStateStoreTests testLoadOrBootstrapRejectsExistingStateWhoseVisibleTextIsNotExactUTF16]' passed (0.016 seconds).
Test Case '-[MyRAMTests.SwiftDataNoteSequenceStateStoreTests testLoadOrBootstrapRejectsMismatchWhileEnsureCurrentBodyRepairsIt]' started.
Test Case '-[MyRAMTests.SwiftDataNoteSequenceStateStoreTests testLoadOrBootstrapRejectsMismatchWhileEnsureCurrentBodyRepairsIt]' passed (0.019 seconds).
Test Case '-[MyRAMTests.SwiftDataNoteSequenceStateStoreTests testLoadOrBootstrapReturnsExistingNonBootstrapStateWithoutReplacement]' started.
Test Case '-[MyRAMTests.SwiftDataNoteSequenceStateStoreTests testLoadOrBootstrapReturnsExistingNonBootstrapStateWithoutReplacement]' passed (0.015 seconds).
Test Case '-[MyRAMTests.SwiftDataNoteSequenceStateStoreTests testLoadOrBootstrapReturnsExistingStateWithoutSaveRevisionAdvanceOrPayloadRewrite]' started.
Test Case '-[MyRAMTests.SwiftDataNoteSequenceStateStoreTests testLoadOrBootstrapReturnsExistingStateWithoutSaveRevisionAdvanceOrPayloadRewrite]' passed (0.020 seconds).
Test Case '-[MyRAMTests.SwiftDataNoteSequenceStateStoreTests testLoadOrBootstrapStateSurvivesStoreRestart]' started.
Test Case '-[MyRAMTests.SwiftDataNoteSequenceStateStoreTests testLoadOrBootstrapStateSurvivesStoreRestart]' passed (0.021 seconds).
Test Case '-[MyRAMTests.SwiftDataNoteSequenceStateStoreTests testLoadOrBootstrapThrownSaveOperationLeavesNoteAndStateUnchanged]' started.
Test Case '-[MyRAMTests.SwiftDataNoteSequenceStateStoreTests testLoadOrBootstrapThrownSaveOperationLeavesNoteAndStateUnchanged]' passed (0.013 seconds).
Test Case '-[MyRAMTests.SwiftDataNoteSequenceStateStoreTests testLoadOrBootstrapUsesBodyPersistedAtInvocation]' started.
Test Case '-[MyRAMTests.SwiftDataNoteSequenceStateStoreTests testLoadOrBootstrapUsesBodyPersistedAtInvocation]' passed (0.014 seconds).
Test Case '-[MyRAMTests.SwiftDataNoteSequenceStateStoreTests testMalformedUnsupportedAndMetadataMismatchesAreDistinct]' started.
Test Case '-[MyRAMTests.SwiftDataNoteSequenceStateStoreTests testMalformedUnsupportedAndMetadataMismatchesAreDistinct]' passed (0.026 seconds).
Test Case '-[MyRAMTests.SwiftDataNoteSequenceStateStoreTests testMaximumRevisionFailsWithoutChangingCommittedState]' started.
Test Case '-[MyRAMTests.SwiftDataNoteSequenceStateStoreTests testMaximumRevisionFailsWithoutChangingCommittedState]' passed (0.018 seconds).
Test Case '-[MyRAMTests.SwiftDataNoteSequenceStateStoreTests testMergeablePersistedFragmentsAreRejected]' started.
Test Case '-[MyRAMTests.SwiftDataNoteSequenceStateStoreTests testMergeablePersistedFragmentsAreRejected]' passed (0.015 seconds).
Test Case '-[MyRAMTests.SwiftDataNoteSequenceStateStoreTests testMissingLoadDoesNotCreateAStateRow]' started.
Test Case '-[MyRAMTests.SwiftDataNoteSequenceStateStoreTests testMissingLoadDoesNotCreateAStateRow]' passed (0.013 seconds).
Test Case '-[MyRAMTests.SwiftDataNoteSequenceStateStoreTests testMissingNoteFailsWithoutCreatingState]' started.
Test Case '-[MyRAMTests.SwiftDataNoteSequenceStateStoreTests testMissingNoteFailsWithoutCreatingState]' passed (0.011 seconds).
Test Case '-[MyRAMTests.SwiftDataNoteSequenceStateStoreTests testOnDiskStoreMigratesWithoutCreatingStateRows]' started.
Test Case '-[MyRAMTests.SwiftDataNoteSequenceStateStoreTests testOnDiskStoreMigratesWithoutCreatingStateRows]' passed (3.707 seconds).
Test Case '-[MyRAMTests.SwiftDataNoteSequenceStateStoreTests testPersistedInvalidOriginUUIDAndOverflowRangeAreCorrupt]' started.
Test Case '-[MyRAMTests.SwiftDataNoteSequenceStateStoreTests testPersistedInvalidOriginUUIDAndOverflowRangeAreCorrupt]' passed (0.025 seconds).
Test Case '-[MyRAMTests.SwiftDataNoteSequenceStateStoreTests testPreparedBootstrapContainsCanonicalPayloadAndRevisionZeroMetadata]' started.
Test Case '-[MyRAMTests.SwiftDataNoteSequenceStateStoreTests testPreparedBootstrapContainsCanonicalPayloadAndRevisionZeroMetadata]' passed (0.001 seconds).
Test Case '-[MyRAMTests.SwiftDataNoteSequenceStateStoreTests testPreparedBootstrapExactMismatchUsesNewStateBodyMismatch]' started.
Test Case '-[MyRAMTests.SwiftDataNoteSequenceStateStoreTests testPreparedBootstrapExactMismatchUsesNewStateBodyMismatch]' passed (0.000 seconds).
Test Case '-[MyRAMTests.SwiftDataNoteSequenceStateStoreTests testRestartLoadsBothOriginsAndAdvancesRevision]' started.
Test Case '-[MyRAMTests.SwiftDataNoteSequenceStateStoreTests testRestartLoadsBothOriginsAndAdvancesRevision]' passed (0.016 seconds).
Test Case '-[MyRAMTests.SwiftDataNoteSequenceStateStoreTests testSemanticRunAndFragmentOrderAreRejectedWithoutNormalization]' started.
/Users/runner/work/MyRAM-iOS/MyRAM-iOS/MyRAM-iOS/MyRAMTests/SwiftDataNoteSequenceStateStoreTests.swift:1364: error: -[MyRAMTests.SwiftDataNoteSequenceStateStoreTests testSemanticRunAndFragmentOrderAreRejectedWithoutNormalization] : failed: caught error: "fragmentOrderNotMatchingOrigins"
Test Case '-[MyRAMTests.SwiftDataNoteSequenceStateStoreTests testSemanticRunAndFragmentOrderAreRejectedWithoutNormalization]' failed (0.628 seconds).
Test Case '-[MyRAMTests.SwiftDataNoteSequenceStateStoreTests testSeparateStoresCannotBothPassPreflight]' started.
Test Case '-[MyRAMTests.SwiftDataNoteSequenceStateStoreTests testSeparateStoresCannotBothPassPreflight]' passed (0.222 seconds).
Test Suite 'SwiftDataNoteSequenceStateStoreTests' failed at 2026-08-04 17:09:03.141.
	 Executed 47 tests, with 1 failure (1 unexpected) in 5.680 (5.882) seconds
Test Suite 'SyncBatchAnchoredPayloadTests' started at 2026-08-04 17:09:03.142.
Test Case '-[MyRAMTests.SyncBatchAnchoredPayloadTests testAnchoredChangesAndBatchesRoundTripDirectly]' started.
Test Case '-[MyRAMTests.SyncBatchAnchoredPayloadTests testAnchoredChangesAndBatchesRoundTripDirectly]' passed (0.013 seconds).
Test Case '-[MyRAMTests.SyncBatchAnchoredPayloadTests testBootstrapBackedVisibleRunChainProducesExpectedAnchorsIncludingMidRun]' started.
Test Case '-[MyRAMTests.SyncBatchAnchoredPayloadTests testBootstrapBackedVisibleRunChainProducesExpectedAnchorsIncludingMidRun]' passed (0.002 seconds).
Test Case '-[MyRAMTests.SyncBatchAnchoredPayloadTests testDeleteProducesOrderedSpansAcrossRunsAndTombstones]' started.
Test Case '-[MyRAMTests.SyncBatchAnchoredPayloadTests testDeleteProducesOrderedSpansAcrossRunsAndTombstones]' passed (0.001 seconds).
Test Case '-[MyRAMTests.SyncBatchAnchoredPayloadTests testDeleteWithinOneRunProducesOneSpan]' started.
Test Case '-[MyRAMTests.SyncBatchAnchoredPayloadTests testDeleteWithinOneRunProducesOneSpan]' passed (0.001 seconds).
Test Case '-[MyRAMTests.SyncBatchAnchoredPayloadTests testEveryNamedBoundaryReportsItsOwnBoundary]' started.
Test Case '-[MyRAMTests.SyncBatchAnchoredPayloadTests testEveryNamedBoundaryReportsItsOwnBoundary]' passed (0.002 seconds).
Test Case '-[MyRAMTests.SyncBatchAnchoredPayloadTests testEvidenceValidationRejectsHashLengthAndTextMismatch]' started.
Test Case '-[MyRAMTests.SyncBatchAnchoredPayloadTests testEvidenceValidationRejectsHashLengthAndTextMismatch]' passed (0.003 seconds).
Test Case '-[MyRAMTests.SyncBatchAnchoredPayloadTests testInsertAndDeleteAdaptersDoNotMutateStateOnSuccessOrFailure]' started.
Test Case '-[MyRAMTests.SyncBatchAnchoredPayloadTests testInsertAndDeleteAdaptersDoNotMutateStateOnSuccessOrFailure]' passed (0.002 seconds).
Test Case '-[MyRAMTests.SyncBatchAnchoredPayloadTests testInsertBesideTombstoneUsesVisibleNeighbors]' started.
Test Case '-[MyRAMTests.SyncBatchAnchoredPayloadTests testInsertBesideTombstoneUsesVisibleNeighbors]' passed (0.001 seconds).
Test Case '-[MyRAMTests.SyncBatchAnchoredPayloadTests testInsertProducesAllBoundaryAnchorsAndPreservesEvidence]' started.
Test Case '-[MyRAMTests.SyncBatchAnchoredPayloadTests testInsertProducesAllBoundaryAnchorsAndPreservesEvidence]' passed (0.001 seconds).
Test Case '-[MyRAMTests.SyncBatchAnchoredPayloadTests testInvalidRangesAndEmptyInsertFailExactly]' started.
Test Case '-[MyRAMTests.SyncBatchAnchoredPayloadTests testInvalidRangesAndEmptyInsertFailExactly]' passed (0.001 seconds).
Test Case '-[MyRAMTests.SyncBatchAnchoredPayloadTests testMalformedCorePayloadStillFailsDuringDirectDecode]' started.
Test Case '-[MyRAMTests.SyncBatchAnchoredPayloadTests testMalformedCorePayloadStillFailsDuringDirectDecode]' passed (0.001 seconds).
Test Case '-[MyRAMTests.SyncBatchAnchoredPayloadTests testPolicyClassifiesLegacyAnchoredAndMixedBatches]' started.
Test Case '-[MyRAMTests.SyncBatchAnchoredPayloadTests testPolicyClassifiesLegacyAnchoredAndMixedBatches]' passed (0.025 seconds).
Test Case '-[MyRAMTests.SyncBatchAnchoredPayloadTests testSharedPreflightRejectsBeforeBodyProvider]' started.
Test Case '-[MyRAMTests.SyncBatchAnchoredPayloadTests testSharedPreflightRejectsBeforeBodyProvider]' passed (0.001 seconds).
Test Case '-[MyRAMTests.SyncBatchAnchoredPayloadTests testSurrogateSafeBoundariesSucceedAndSplitBoundariesFailExactly]' started.
Test Case '-[MyRAMTests.SyncBatchAnchoredPayloadTests testSurrogateSafeBoundariesSucceedAndSplitBoundariesFailExactly]' passed (0.001 seconds).
Test Case '-[MyRAMTests.SyncBatchAnchoredPayloadTests testTransportEncoderRejectsBeforeProducingBytes]' started.
Test Case '-[MyRAMTests.SyncBatchAnchoredPayloadTests testTransportEncoderRejectsBeforeProducingBytes]' passed (0.001 seconds).
Test Suite 'SyncBatchAnchoredPayloadTests' passed at 2026-08-04 17:09:03.564.
	 Executed 15 tests, with 0 failures (0 unexpected) in 0.055 (0.422) seconds
Test Suite 'SyncBatchEnvelopeV2Tests' started at 2026-08-04 17:09:03.564.
Test Case '-[MyRAMTests.SyncBatchEnvelopeV2Tests testCraftedSchemaRepresentationMismatchesAreRejected]' started.
Test Case '-[MyRAMTests.SyncBatchEnvelopeV2Tests testCraftedSchemaRepresentationMismatchesAreRejected]' passed (0.004 seconds).
Test Case '-[MyRAMTests.SyncBatchEnvelopeV2Tests testMalformedVersionsRemainDecodingErrors]' started.
Test Case '-[MyRAMTests.SyncBatchEnvelopeV2Tests testMalformedVersionsRemainDecodingErrors]' passed (0.002 seconds).
Test Case '-[MyRAMTests.SyncBatchEnvelopeV2Tests testMixedRepresentationIsRejectedBeforeEnvelopeCreation]' started.
Test Case '-[MyRAMTests.SyncBatchEnvelopeV2Tests testMixedRepresentationIsRejectedBeforeEnvelopeCreation]' passed (0.001 seconds).
Test Case '-[MyRAMTests.SyncBatchEnvelopeV2Tests testOuterV1CanCarryInnerV2WhileProductionTransportRemainsDark]' started.
Test Case '-[MyRAMTests.SyncBatchEnvelopeV2Tests testOuterV1CanCarryInnerV2WhileProductionTransportRemainsDark]' passed (0.002 seconds).
Test Case '-[MyRAMTests.SyncBatchEnvelopeV2Tests testPreMYR174PeerRejectsInnerV2BeforeDownstreamEffect]' started.
Test Case '-[MyRAMTests.SyncBatchEnvelopeV2Tests testPreMYR174PeerRejectsInnerV2BeforeDownstreamEffect]' passed (0.004 seconds).
Test Case '-[MyRAMTests.SyncBatchEnvelopeV2Tests testSchemaIsDerivedFromBodyRepresentation]' started.
Test Case '-[MyRAMTests.SyncBatchEnvelopeV2Tests testSchemaIsDerivedFromBodyRepresentation]' passed (0.001 seconds).
Test Case '-[MyRAMTests.SyncBatchEnvelopeV2Tests testUnsupportedIntegerVersionsFailBeforeNestedBatchDecode]' started.
Test Case '-[MyRAMTests.SyncBatchEnvelopeV2Tests testUnsupportedIntegerVersionsFailBeforeNestedBatchDecode]' passed (0.002 seconds).
Test Case '-[MyRAMTests.SyncBatchEnvelopeV2Tests testV1EncodingRemainsStructurallyCompatibleAndBidirectional]' started.
Test Case '-[MyRAMTests.SyncBatchEnvelopeV2Tests testV1EncodingRemainsStructurallyCompatibleAndBidirectional]' passed (0.002 seconds).
Test Case '-[MyRAMTests.SyncBatchEnvelopeV2Tests testV2EncodingIsCanonicalAndMatchesFrozenFixture]' started.
Test Case '-[MyRAMTests.SyncBatchEnvelopeV2Tests testV2EncodingIsCanonicalAndMatchesFrozenFixture]' passed (0.001 seconds).
Test Suite 'SyncBatchEnvelopeV2Tests' passed at 2026-08-04 17:09:03.626.
	 Executed 9 tests, with 0 failures (0 unexpected) in 0.019 (0.062) seconds
Test Suite 'SyncBatchPayloadCompatibilityTests' started at 2026-08-04 17:09:03.626.
Test Case '-[MyRAMTests.SyncBatchPayloadCompatibilityTests testBatchMessageDoesNotDecodeAsLegacySyncEnvelopeWithoutRouting]' started.
Test Case '-[MyRAMTests.SyncBatchPayloadCompatibilityTests testBatchMessageDoesNotDecodeAsLegacySyncEnvelopeWithoutRouting]' passed (0.001 seconds).
Test Case '-[MyRAMTests.SyncBatchPayloadCompatibilityTests testBatchMessageEnvelopeRoutesPayloadByKind]' started.
Test Case '-[MyRAMTests.SyncBatchPayloadCompatibilityTests testBatchMessageEnvelopeRoutesPayloadByKind]' passed (0.001 seconds).
Test Case '-[MyRAMTests.SyncBatchPayloadCompatibilityTests testBatchSequencePersistsPerDeviceIdentity]' started.
Test Case '-[MyRAMTests.SyncBatchPayloadCompatibilityTests testBatchSequencePersistsPerDeviceIdentity]' passed (0.004 seconds).
Test Case '-[MyRAMTests.SyncBatchPayloadCompatibilityTests testCapabilityOffCurrentSixCaseBatchEnvelopeStructurallyEqualsLegacyV1]' started.
Test Case '-[MyRAMTests.SyncBatchPayloadCompatibilityTests testCapabilityOffCurrentSixCaseBatchEnvelopeStructurallyEqualsLegacyV1]' passed (0.018 seconds).
Test Case '-[MyRAMTests.SyncBatchPayloadCompatibilityTests testCapabilityOffCurrentSixCaseBatchStructurallyEqualsLegacyV1]' started.
Test Case '-[MyRAMTests.SyncBatchPayloadCompatibilityTests testCapabilityOffCurrentSixCaseBatchStructurallyEqualsLegacyV1]' passed (0.001 seconds).
Test Case '-[MyRAMTests.SyncBatchPayloadCompatibilityTests testCapabilityOffCurrentSixCaseMultipeerEnvelopeIsRecursivelyCompatibleWithLegacyV1]' started.
Test Case '-[MyRAMTests.SyncBatchPayloadCompatibilityTests testCapabilityOffCurrentSixCaseMultipeerEnvelopeIsRecursivelyCompatibleWithLegacyV1]' passed (0.002 seconds).
Test Case '-[MyRAMTests.SyncBatchPayloadCompatibilityTests testCapabilityOffProductionCaptureCreatesOnlyLegacyBodyCases]' started.
Test Case '-[MyRAMTests.SyncBatchPayloadCompatibilityTests testCapabilityOffProductionCaptureCreatesOnlyLegacyBodyCases]' passed (0.001 seconds).
Test Case '-[MyRAMTests.SyncBatchPayloadCompatibilityTests testCapabilityOffSixCaseEncodingRemainsStructurallyStableAcrossRepeatedInvocations]' started.
Test Case '-[MyRAMTests.SyncBatchPayloadCompatibilityTests testCapabilityOffSixCaseEncodingRemainsStructurallyStableAcrossRepeatedInvocations]' passed (0.039 seconds).
Test Case '-[MyRAMTests.SyncBatchPayloadCompatibilityTests testConfirmedSequenceCorruptionLatchesIdentity]' started.
Test Case '-[MyRAMTests.SyncBatchPayloadCompatibilityTests testConfirmedSequenceCorruptionLatchesIdentity]' passed (0.008 seconds).
Test Case '-[MyRAMTests.SyncBatchPayloadCompatibilityTests testCorruptCounterFailedLatchWriteIsTransientAndRetryLatches]' started.
Test Case '-[MyRAMTests.SyncBatchPayloadCompatibilityTests testCorruptCounterFailedLatchWriteIsTransientAndRetryLatches]' passed (0.005 seconds).
Test Case '-[MyRAMTests.SyncBatchPayloadCompatibilityTests testCurrentDecoderReadsLegacyV1SixCaseFixture]' started.
Test Case '-[MyRAMTests.SyncBatchPayloadCompatibilityTests testCurrentDecoderReadsLegacyV1SixCaseFixture]' passed (0.002 seconds).
Test Case '-[MyRAMTests.SyncBatchPayloadCompatibilityTests testDisabledBodyHashGateMakesCaptureHashless]' started.
Test Case '-[MyRAMTests.SyncBatchPayloadCompatibilityTests testDisabledBodyHashGateMakesCaptureHashless]' passed (0.001 seconds).
Test Case '-[MyRAMTests.SyncBatchPayloadCompatibilityTests testEnabledBodyHashGateCapturesBaseHash]' started.
Test Case '-[MyRAMTests.SyncBatchPayloadCompatibilityTests testEnabledBodyHashGateCapturesBaseHash]' passed (0.051 seconds).
Test Case '-[MyRAMTests.SyncBatchPayloadCompatibilityTests testFutureBatchSchemaIsRejectedByExactDecoder]' started.
Test Case '-[MyRAMTests.SyncBatchPayloadCompatibilityTests testFutureBatchSchemaIsRejectedByExactDecoder]' passed (0.001 seconds).
Test Case '-[MyRAMTests.SyncBatchPayloadCompatibilityTests testIdempotentlySkippedNoteCreatedDoesNotResetAdvancedWorkingBody]' started.
Test Case '-[MyRAMTests.SyncBatchPayloadCompatibilityTests testIdempotentlySkippedNoteCreatedDoesNotResetAdvancedWorkingBody]' passed (0.001 seconds).
Test Case '-[MyRAMTests.SyncBatchPayloadCompatibilityTests testLegacyTransportConstantsRemainV1]' started.
Test Case '-[MyRAMTests.SyncBatchPayloadCompatibilityTests testLegacyTransportConstantsRemainV1]' passed (0.001 seconds).
Test Case '-[MyRAMTests.SyncBatchPayloadCompatibilityTests testLegacyV1CompatibilityFixtureRetainsAllSixCasesAndUTF16Evidence]' started.
Test Case '-[MyRAMTests.SyncBatchPayloadCompatibilityTests testLegacyV1CompatibilityFixtureRetainsAllSixCasesAndUTF16Evidence]' passed (0.001 seconds).
Test Case '-[MyRAMTests.SyncBatchPayloadCompatibilityTests testLegacyV1DecoderReadsCurrentCapabilityOffSixCaseFixture]' started.
Test Case '-[MyRAMTests.SyncBatchPayloadCompatibilityTests testLegacyV1DecoderReadsCurrentCapabilityOffSixCaseFixture]' passed (0.001 seconds).
Test Case '-[MyRAMTests.SyncBatchPayloadCompatibilityTests testMalformedSequenceLatchFailedRewriteIsTransientAndDoesNotAdvanceCounter]' started.
Test Case '-[MyRAMTests.SyncBatchPayloadCompatibilityTests testMalformedSequenceLatchFailedRewriteIsTransientAndDoesNotAdvanceCounter]' passed (0.004 seconds).
Test Case '-[MyRAMTests.SyncBatchPayloadCompatibilityTests testMalformedSequenceLatchFailsClosedAndRewritesLatch]' started.
Test Case '-[MyRAMTests.SyncBatchPayloadCompatibilityTests testMalformedSequenceLatchFailsClosedAndRewritesLatch]' passed (0.005 seconds).
Test Case '-[MyRAMTests.SyncBatchPayloadCompatibilityTests testMixedLegacyAndSequencedReplayKeysHaveTotalOrder]' started.
Test Case '-[MyRAMTests.SyncBatchPayloadCompatibilityTests testMixedLegacyAndSequencedReplayKeysHaveTotalOrder]' passed (0.001 seconds).
Test Case '-[MyRAMTests.SyncBatchPayloadCompatibilityTests testNewOptionalFieldsRemainSchemaVersionOne]' started.
Test Case '-[MyRAMTests.SyncBatchPayloadCompatibilityTests testNewOptionalFieldsRemainSchemaVersionOne]' passed (0.002 seconds).
Test Case '-[MyRAMTests.SyncBatchPayloadCompatibilityTests testOldSchemaVersionOnePayloadDecodesWithNilOptionalFields]' started.
Test Case '-[MyRAMTests.SyncBatchPayloadCompatibilityTests testOldSchemaVersionOnePayloadDecodesWithNilOptionalFields]' passed (0.047 seconds).
Test Case '-[MyRAMTests.SyncBatchPayloadCompatibilityTests testPreflightAcceptsValidSameNoteHashChain]' started.
Test Case '-[MyRAMTests.SyncBatchPayloadCompatibilityTests testPreflightAcceptsValidSameNoteHashChain]' passed (0.001 seconds).
Test Case '-[MyRAMTests.SyncBatchPayloadCompatibilityTests testPreflightHashCacheReusesUnchangedBodyHash]' started.
Test Case '-[MyRAMTests.SyncBatchPayloadCompatibilityTests testPreflightHashCacheReusesUnchangedBodyHash]' passed (0.001 seconds).
Test Case '-[MyRAMTests.SyncBatchPayloadCompatibilityTests testPreflightRejectsInvalidChainBeforeMutation]' started.
Test Case '-[MyRAMTests.SyncBatchPayloadCompatibilityTests testPreflightRejectsInvalidChainBeforeMutation]' passed (0.002 seconds).
Test Case '-[MyRAMTests.SyncBatchPayloadCompatibilityTests testPreflightSkipsEmptyInsertBeforeHashValidation]' started.
Test Case '-[MyRAMTests.SyncBatchPayloadCompatibilityTests testPreflightSkipsEmptyInsertBeforeHashValidation]' passed (0.001 seconds).
Test Case '-[MyRAMTests.SyncBatchPayloadCompatibilityTests testPreflightUsesNewlyCreatedNoteBodyForLaterHashedOperation]' started.
Test Case '-[MyRAMTests.SyncBatchPayloadCompatibilityTests testPreflightUsesNewlyCreatedNoteBodyForLaterHashedOperation]' passed (0.001 seconds).
Test Case '-[MyRAMTests.SyncBatchPayloadCompatibilityTests testPreflightUsesPostLegacyBodyForLaterHashedOperation]' started.
Test Case '-[MyRAMTests.SyncBatchPayloadCompatibilityTests testPreflightUsesPostLegacyBodyForLaterHashedOperation]' passed (0.001 seconds).
Test Case '-[MyRAMTests.SyncBatchPayloadCompatibilityTests testSequenceReservationAllowsGapsWithoutReuse]' started.
Test Case '-[MyRAMTests.SyncBatchPayloadCompatibilityTests testSequenceReservationAllowsGapsWithoutReuse]' passed (0.036 seconds).
Test Case '-[MyRAMTests.SyncBatchPayloadCompatibilityTests testSkippedDeleteDoesNotAdvancePreflightWorkingBody]' started.
Test Case '-[MyRAMTests.SyncBatchPayloadCompatibilityTests testSkippedDeleteDoesNotAdvancePreflightWorkingBody]' passed (0.001 seconds).
Test Case '-[MyRAMTests.SyncBatchPayloadCompatibilityTests testStableSHA256UsesUTF8Bytes]' started.
Test Case '-[MyRAMTests.SyncBatchPayloadCompatibilityTests testStableSHA256UsesUTF8Bytes]' passed (0.001 seconds).
Test Case '-[MyRAMTests.SyncBatchPayloadCompatibilityTests testTransientSequenceFailureDoesNotLatchAndRetriesLater]' started.
Test Case '-[MyRAMTests.SyncBatchPayloadCompatibilityTests testTransientSequenceFailureDoesNotLatchAndRetriesLater]' passed (0.004 seconds).
Test Suite 'SyncBatchPayloadCompatibilityTests' passed at 2026-08-04 17:09:04.478.
	 Executed 33 tests, with 0 failures (0 unexpected) in 0.246 (0.852) seconds
Test Suite 'SyncBatchPeerCapabilityTests' started at 2026-08-04 17:09:04.478.
Test Case '-[MyRAMTests.SyncBatchPeerCapabilityTests testCanonicalDecoding]' started.
Test Case '-[MyRAMTests.SyncBatchPeerCapabilityTests testCanonicalDecoding]' passed (0.001 seconds).
Test Case '-[MyRAMTests.SyncBatchPeerCapabilityTests testCanonicalEncoding]' started.
Test Case '-[MyRAMTests.SyncBatchPeerCapabilityTests testCanonicalEncoding]' passed (0.001 seconds).
Test Case '-[MyRAMTests.SyncBatchPeerCapabilityTests testControllerAdvertisesAndInvitesWithCanonicalV1Context]' started.
Test Case '-[MyRAMTests.SyncBatchPeerCapabilityTests testControllerAdvertisesAndInvitesWithCanonicalV1Context]' passed (0.057 seconds).
Test Case '-[MyRAMTests.SyncBatchPeerCapabilityTests testControllerBroadcastsV1BatchToEveryConnectedEntry]' started.
Test Case '-[MyRAMTests.SyncBatchPeerCapabilityTests testControllerBroadcastsV1BatchToEveryConnectedEntry]' passed (0.057 seconds).
Test Case '-[MyRAMTests.SyncBatchPeerCapabilityTests testControllerIntersectsDiscoveryAndInvitationEvidenceAndClearsIt]' started.
Test Case '-[MyRAMTests.SyncBatchPeerCapabilityTests testControllerIntersectsDiscoveryAndInvitationEvidenceAndClearsIt]' passed (0.112 seconds).
Test Case '-[MyRAMTests.SyncBatchPeerCapabilityTests testDecodedTrafficDoesNotUpgradeRegistry]' started.
Test Case '-[MyRAMTests.SyncBatchPeerCapabilityTests testDecodedTrafficDoesNotUpgradeRegistry]' passed (0.001 seconds).
Test Case '-[MyRAMTests.SyncBatchPeerCapabilityTests testDiscoveryAndInvitationRepresentationsAreIdentical]' started.
Test Case '-[MyRAMTests.SyncBatchPeerCapabilityTests testDiscoveryAndInvitationRepresentationsAreIdentical]' passed (0.006 seconds).
Test Case '-[MyRAMTests.SyncBatchPeerCapabilityTests testDiscoveryOnlyAndInvitationOnlyEvidence]' started.
Test Case '-[MyRAMTests.SyncBatchPeerCapabilityTests testDiscoveryOnlyAndInvitationOnlyEvidence]' passed (0.001 seconds).
Test Case '-[MyRAMTests.SyncBatchPeerCapabilityTests testEvidenceIsNeverUnioned]' started.
Test Case '-[MyRAMTests.SyncBatchPeerCapabilityTests testEvidenceIsNeverUnioned]' passed (0.001 seconds).
Test Case '-[MyRAMTests.SyncBatchPeerCapabilityTests testExplicitV2NegotiationStillRejectsInboundV2BeforeSideEffects]' started.
Test Case '-[MyRAMTests.SyncBatchPeerCapabilityTests testExplicitV2NegotiationStillRejectsInboundV2BeforeSideEffects]' passed (0.164 seconds).
Test Case '-[MyRAMTests.SyncBatchPeerCapabilityTests testMalformedUTF8InvitationContextIsRejected]' started.
Test Case '-[MyRAMTests.SyncBatchPeerCapabilityTests testMalformedUTF8InvitationContextIsRejected]' passed (0.005 seconds).
Test Case '-[MyRAMTests.SyncBatchPeerCapabilityTests testMatchingAndContradictoryEvidenceIntersects]' started.
Test Case '-[MyRAMTests.SyncBatchPeerCapabilityTests testMatchingAndContradictoryEvidenceIntersects]' passed (0.001 seconds).
Test Case '-[MyRAMTests.SyncBatchPeerCapabilityTests testMissingAndMalformedEvidenceNormalizeToV1]' started.
Test Case '-[MyRAMTests.SyncBatchPeerCapabilityTests testMissingAndMalformedEvidenceNormalizeToV1]' passed (0.001 seconds).
Test Case '-[MyRAMTests.SyncBatchPeerCapabilityTests testProductionCapabilityRemainsV1Only]' started.
Test Case '-[MyRAMTests.SyncBatchPeerCapabilityTests testProductionCapabilityRemainsV1Only]' passed (0.002 seconds).
Test Case '-[MyRAMTests.SyncBatchPeerCapabilityTests testSameSourceReplacementAndSessionClearing]' started.
Test Case '-[MyRAMTests.SyncBatchPeerCapabilityTests testSameSourceReplacementAndSessionClearing]' passed (0.002 seconds).
Test Case '-[MyRAMTests.SyncBatchPeerCapabilityTests testStrictDecoderRejectsNoncanonicalValues]' started.
Test Case '-[MyRAMTests.SyncBatchPeerCapabilityTests testStrictDecoderRejectsNoncanonicalValues]' passed (0.002 seconds).
Test Case '-[MyRAMTests.SyncBatchPeerCapabilityTests testUnknownPeerDefaultsToV1Only]' started.
Test Case '-[MyRAMTests.SyncBatchPeerCapabilityTests testUnknownPeerDefaultsToV1Only]' passed (0.002 seconds).
Test Suite 'SyncBatchPeerCapabilityTests' passed at 2026-08-04 17:09:04.903.
	 Executed 17 tests, with 0 failures (0 unexpected) in 0.414 (0.425) seconds
Test Suite 'SyncBatchTransportAdmissionPlannerTests' started at 2026-08-04 17:09:04.915.
Test Case '-[MyRAMTests.SyncBatchTransportAdmissionPlannerTests testDurableAdmissionMatrix]' started.
Test Case '-[MyRAMTests.SyncBatchTransportAdmissionPlannerTests testDurableAdmissionMatrix]' passed (0.001 seconds).
Test Case '-[MyRAMTests.SyncBatchTransportAdmissionPlannerTests testInboundAdmissionMatrix]' started.
Test Case '-[MyRAMTests.SyncBatchTransportAdmissionPlannerTests testInboundAdmissionMatrix]' passed (0.001 seconds).
Test Case '-[MyRAMTests.SyncBatchTransportAdmissionPlannerTests testMixedRoutingIsWithheld]' started.
Test Case '-[MyRAMTests.SyncBatchTransportAdmissionPlannerTests testMixedRoutingIsWithheld]' passed (0.001 seconds).
Test Case '-[MyRAMTests.SyncBatchTransportAdmissionPlannerTests testV1RoutingBroadcastsEveryConnectedEntry]' started.
Test Case '-[MyRAMTests.SyncBatchTransportAdmissionPlannerTests testV1RoutingBroadcastsEveryConnectedEntry]' passed (0.106 seconds).
Test Case '-[MyRAMTests.SyncBatchTransportAdmissionPlannerTests testV2RoutingMatrix]' started.
Test Case '-[MyRAMTests.SyncBatchTransportAdmissionPlannerTests testV2RoutingMatrix]' passed (0.001 seconds).
Test Suite 'SyncBatchTransportAdmissionPlannerTests' passed at 2026-08-04 17:09:05.025.
	 Executed 5 tests, with 0 failures (0 unexpected) in 0.108 (0.110) seconds
Test Suite 'SyncBatchUnsentQueueTests' started at 2026-08-04 17:09:05.025.
Test Case '-[MyRAMTests.SyncBatchUnsentQueueTests testBothDurableQueuesQuarantinePersistedAnchoredBytes]' started.
Test Case '-[MyRAMTests.SyncBatchUnsentQueueTests testBothDurableQueuesQuarantinePersistedAnchoredBytes]' passed (0.011 seconds).
Test Case '-[MyRAMTests.SyncBatchUnsentQueueTests testBothDurableQueuesRejectAnchoredAdmissionWithoutMutation]' started.
Test Case '-[MyRAMTests.SyncBatchUnsentQueueTests testBothDurableQueuesRejectAnchoredAdmissionWithoutMutation]' passed (0.003 seconds).
Test Case '-[MyRAMTests.SyncBatchUnsentQueueTests testBothDurableQueuesRejectMixedAdmissionWithoutMutation]' started.
Test Case '-[MyRAMTests.SyncBatchUnsentQueueTests testBothDurableQueuesRejectMixedAdmissionWithoutMutation]' passed (0.001 seconds).
Test Case '-[MyRAMTests.SyncBatchUnsentQueueTests testBothDurableQueuesValidateCompleteReplacementBeforeMutation]' started.
Test Case '-[MyRAMTests.SyncBatchUnsentQueueTests testBothDurableQueuesValidateCompleteReplacementBeforeMutation]' passed (0.001 seconds).
Test Case '-[MyRAMTests.SyncBatchUnsentQueueTests testDrainPassSchedulerSkipsBlockedNotesWithoutRotatingQueueOrder]' started.
Test Case '-[MyRAMTests.SyncBatchUnsentQueueTests testDrainPassSchedulerSkipsBlockedNotesWithoutRotatingQueueOrder]' passed (0.001 seconds).
Test Case '-[MyRAMTests.SyncBatchUnsentQueueTests testDurableEnqueueDuplicateBatchIDIsIdempotentAndDoesNotRewriteFile]' started.
Test Case '-[MyRAMTests.SyncBatchUnsentQueueTests testDurableEnqueueDuplicateBatchIDIsIdempotentAndDoesNotRewriteFile]' passed (0.134 seconds).
Test Case '-[MyRAMTests.SyncBatchUnsentQueueTests testDurableEnqueueRejectsCapacityWithoutEvictingExistingEntries]' started.
Test Case '-[MyRAMTests.SyncBatchUnsentQueueTests testDurableEnqueueRejectsCapacityWithoutEvictingExistingEntries]' passed (0.004 seconds).
Test Case '-[MyRAMTests.SyncBatchUnsentQueueTests testDurableEnqueueRestoresMemoryWhenPersistenceFails]' started.
Test Case '-[MyRAMTests.SyncBatchUnsentQueueTests testDurableEnqueueRestoresMemoryWhenPersistenceFails]' passed (0.002 seconds).
Test Case '-[MyRAMTests.SyncBatchUnsentQueueTests testFileBackedIncomingQueueRejectsCapacityWithoutChangingExistingEntries]' started.
Test Case '-[MyRAMTests.SyncBatchUnsentQueueTests testFileBackedIncomingQueueRejectsCapacityWithoutChangingExistingEntries]' passed (0.003 seconds).
Test Case '-[MyRAMTests.SyncBatchUnsentQueueTests testFileBackedIncomingQueueRollsBackMemoryAndDiskOnPersistenceFailure]' started.
Test Case '-[MyRAMTests.SyncBatchUnsentQueueTests testFileBackedIncomingQueueRollsBackMemoryAndDiskOnPersistenceFailure]' passed (0.003 seconds).
Test Case '-[MyRAMTests.SyncBatchUnsentQueueTests testFileBackedQueueCanRunMemoryOnlyWithNilFileURL]' started.
Test Case '-[MyRAMTests.SyncBatchUnsentQueueTests testFileBackedQueueCanRunMemoryOnlyWithNilFileURL]' passed (0.001 seconds).
Test Case '-[MyRAMTests.SyncBatchUnsentQueueTests testFileBackedQueueContainsDetectsPersistedBatchID]' started.
Test Case '-[MyRAMTests.SyncBatchUnsentQueueTests testFileBackedQueueContainsDetectsPersistedBatchID]' passed (0.002 seconds).
Test Case '-[MyRAMTests.SyncBatchUnsentQueueTests testFileBackedQueueDeduplicatesByStableBatchID]' started.
Test Case '-[MyRAMTests.SyncBatchUnsentQueueTests testFileBackedQueueDeduplicatesByStableBatchID]' passed (0.059 seconds).
Test Case '-[MyRAMTests.SyncBatchUnsentQueueTests testFileBackedQueueDoesNotRewriteFileForUnknownRemovalIDs]' started.
Test Case '-[MyRAMTests.SyncBatchUnsentQueueTests testFileBackedQueueDoesNotRewriteFileForUnknownRemovalIDs]' passed (0.002 seconds).
Test Case '-[MyRAMTests.SyncBatchUnsentQueueTests testFileBackedQueueFirstReturnsOldestPersistedBatch]' started.
Test Case '-[MyRAMTests.SyncBatchUnsentQueueTests testFileBackedQueueFirstReturnsOldestPersistedBatch]' passed (0.003 seconds).
Test Case '-[MyRAMTests.SyncBatchUnsentQueueTests testFileBackedQueueRejectsOverflowWithoutEvictionAfterReload]' started.
Test Case '-[MyRAMTests.SyncBatchUnsentQueueTests testFileBackedQueueRejectsOverflowWithoutEvictionAfterReload]' passed (0.002 seconds).
Test Case '-[MyRAMTests.SyncBatchUnsentQueueTests testFileBackedQueueRejectsReplacementWhenLoadedPersistenceIsUnhealthy]' started.
Test Case '-[MyRAMTests.SyncBatchUnsentQueueTests testFileBackedQueueRejectsReplacementWhenLoadedPersistenceIsUnhealthy]' passed (0.002 seconds).
Test Case '-[MyRAMTests.SyncBatchUnsentQueueTests testFileBackedQueueReloadsAfterPartialRemoval]' started.
Test Case '-[MyRAMTests.SyncBatchUnsentQueueTests testFileBackedQueueReloadsAfterPartialRemoval]' passed (0.003 seconds).
Test Case '-[MyRAMTests.SyncBatchUnsentQueueTests testFileBackedQueueReloadsPersistedBatchesWithStableIDs]' started.
Test Case '-[MyRAMTests.SyncBatchUnsentQueueTests testFileBackedQueueReloadsPersistedBatchesWithStableIDs]' passed (0.002 seconds).
Test Case '-[MyRAMTests.SyncBatchUnsentQueueTests testFileBackedQueueRemoveDropsOneBatchFromDisk]' started.
Test Case '-[MyRAMTests.SyncBatchUnsentQueueTests testFileBackedQueueRemoveDropsOneBatchFromDisk]' passed (0.004 seconds).
Test Case '-[MyRAMTests.SyncBatchUnsentQueueTests testFileBackedQueueRemovesOnlySuccessfulIDsFromDisk]' started.
Test Case '-[MyRAMTests.SyncBatchUnsentQueueTests testFileBackedQueueRemovesOnlySuccessfulIDsFromDisk]' passed (0.004 seconds).
Test Case '-[MyRAMTests.SyncBatchUnsentQueueTests testFileBackedQueueReplacePendingBatchesPersistsAtomically]' started.
Test Case '-[MyRAMTests.SyncBatchUnsentQueueTests testFileBackedQueueReplacePendingBatchesPersistsAtomically]' passed (0.003 seconds).
Test Case '-[MyRAMTests.SyncBatchUnsentQueueTests testFileBackedQueueReplacePendingBatchesRollsBackOnPersistenceFailure]' started.
Test Case '-[MyRAMTests.SyncBatchUnsentQueueTests testFileBackedQueueReplacePendingBatchesRollsBackOnPersistenceFailure]' passed (0.002 seconds).
Test Case '-[MyRAMTests.SyncBatchUnsentQueueTests testFileBackedQueueReportsCorruptJSONAndDoesNotOverwriteIt]' started.
Test Case '-[MyRAMTests.SyncBatchUnsentQueueTests testFileBackedQueueReportsCorruptJSONAndDoesNotOverwriteIt]' passed (0.051 seconds).
Test Case '-[MyRAMTests.SyncBatchUnsentQueueTests testFileBackedQueueReportsHealthyReloadSnapshot]' started.
Test Case '-[MyRAMTests.SyncBatchUnsentQueueTests testFileBackedQueueReportsHealthyReloadSnapshot]' passed (0.002 seconds).
Test Case '-[MyRAMTests.SyncBatchUnsentQueueTests testFileBackedQueueReportsMissingFileHealthAndPendingCount]' started.
Test Case '-[MyRAMTests.SyncBatchUnsentQueueTests testFileBackedQueueReportsMissingFileHealthAndPendingCount]' passed (0.001 seconds).
Test Case '-[MyRAMTests.SyncBatchUnsentQueueTests testFileBackedQueueReportsUnsupportedVersionAndDoesNotOverwriteIt]' started.
Test Case '-[MyRAMTests.SyncBatchUnsentQueueTests testFileBackedQueueReportsUnsupportedVersionAndDoesNotOverwriteIt]' passed (0.002 seconds).
Test Case '-[MyRAMTests.SyncBatchUnsentQueueTests testIncomingPolicyRejectsNewBatchInsteadOfEvictingHead]' started.
Test Case '-[MyRAMTests.SyncBatchUnsentQueueTests testIncomingPolicyRejectsNewBatchInsteadOfEvictingHead]' passed (0.001 seconds).
Test Case '-[MyRAMTests.SyncBatchUnsentQueueTests testLocalObligationQueueMigratesVersionOneBatchesAsLegacyMissingEvidence]' started.
Test Case '-[MyRAMTests.SyncBatchUnsentQueueTests testLocalObligationQueueMigratesVersionOneBatchesAsLegacyMissingEvidence]' passed (0.005 seconds).
Test Case '-[MyRAMTests.SyncBatchUnsentQueueTests testMixedReplayKeysSortLegacyBeforeSequencedThenOperationIndex]' started.
Test Case '-[MyRAMTests.SyncBatchUnsentQueueTests testMixedReplayKeysSortLegacyBeforeSequencedThenOperationIndex]' passed (0.001 seconds).
Test Case '-[MyRAMTests.SyncBatchUnsentQueueTests testPendingBatchesDoesNotDrainQueue]' started.
Test Case '-[MyRAMTests.SyncBatchUnsentQueueTests testPendingBatchesDoesNotDrainQueue]' passed (0.001 seconds).
Test Case '-[MyRAMTests.SyncBatchUnsentQueueTests testQueueContainsDetectsPendingBatchIDs]' started.
Test Case '-[MyRAMTests.SyncBatchUnsentQueueTests testQueueContainsDetectsPendingBatchIDs]' passed (0.001 seconds).
Test Case '-[MyRAMTests.SyncBatchUnsentQueueTests testQueueDeduplicatesByStableBatchID]' started.
Test Case '-[MyRAMTests.SyncBatchUnsentQueueTests testQueueDeduplicatesByStableBatchID]' passed (0.000 seconds).
Test Case '-[MyRAMTests.SyncBatchUnsentQueueTests testQueueFirstReturnsOldestPendingBatchWithoutDraining]' started.
Test Case '-[MyRAMTests.SyncBatchUnsentQueueTests testQueueFirstReturnsOldestPendingBatchWithoutDraining]' passed (0.000 seconds).
Test Case '-[MyRAMTests.SyncBatchUnsentQueueTests testQueueKeepsMostRecentBatchesWithinLimit]' started.
Test Case '-[MyRAMTests.SyncBatchUnsentQueueTests testQueueKeepsMostRecentBatchesWithinLimit]' passed (0.001 seconds).
Test Case '-[MyRAMTests.SyncBatchUnsentQueueTests testQueueRemoveDropsOneBatchByID]' started.
Test Case '-[MyRAMTests.SyncBatchUnsentQueueTests testQueueRemoveDropsOneBatchByID]' passed (0.000 seconds).
Test Case '-[MyRAMTests.SyncBatchUnsentQueueTests testRemoveAllDropsKnownIDsAndIgnoresUnknownIDs]' started.
Test Case '-[MyRAMTests.SyncBatchUnsentQueueTests testRemoveAllDropsKnownIDsAndIgnoresUnknownIDs]' passed (0.000 seconds).
Test Suite 'SyncBatchUnsentQueueTests' passed at 2026-08-04 17:09:06.012.
	 Executed 37 tests, with 0 failures (0 unexpected) in 0.315 (0.987) seconds
Test Suite 'SyncConvergenceFoundationTests' started at 2026-08-04 17:09:06.012.
Test Case '-[MyRAMTests.SyncConvergenceFoundationTests testCanonicalReplayKeyPayloadLegacyCreatedAtMatchesRuntimeOrderingForNegativeDates]' started.
Test Case '-[MyRAMTests.SyncConvergenceFoundationTests testCanonicalReplayKeyPayloadLegacyCreatedAtMatchesRuntimeOrderingForNegativeDates]' passed (0.001 seconds).
Test Case '-[MyRAMTests.SyncConvergenceFoundationTests testCanonicalReplayKeyPayloadPreservesLegacyAndModifiedAtSubMillisecondIdentity]' started.
Test Case '-[MyRAMTests.SyncConvergenceFoundationTests testCanonicalReplayKeyPayloadPreservesLegacyAndModifiedAtSubMillisecondIdentity]' passed (0.001 seconds).
Test Case '-[MyRAMTests.SyncConvergenceFoundationTests testCanonicalReplayKeyPayloadRoundTripPreservesOrdering]' started.
Test Case '-[MyRAMTests.SyncConvergenceFoundationTests testCanonicalReplayKeyPayloadRoundTripPreservesOrdering]' passed (0.001 seconds).
Test Case '-[MyRAMTests.SyncConvergenceFoundationTests testCanonicalReplayKeyPayloadValidationRejectsMalformedEvidence]' started.
Test Case '-[MyRAMTests.SyncConvergenceFoundationTests testCanonicalReplayKeyPayloadValidationRejectsMalformedEvidence]' passed (0.002 seconds).
Test Case '-[MyRAMTests.SyncConvergenceFoundationTests testCommittedAtOrderingPayloadDetectsModelDisagreement]' started.
Test Case '-[MyRAMTests.SyncConvergenceFoundationTests testCommittedAtOrderingPayloadDetectsModelDisagreement]' passed (0.001 seconds).
Test Case '-[MyRAMTests.SyncConvergenceFoundationTests testCommittedAtOrderingPayloadRoundTripAndValidation]' started.
Test Case '-[MyRAMTests.SyncConvergenceFoundationTests testCommittedAtOrderingPayloadRoundTripAndValidation]' passed (0.002 seconds).
Test Case '-[MyRAMTests.SyncConvergenceFoundationTests testConvergenceModelsAreIncludedInAppSchema]' started.
Test Case '-[MyRAMTests.SyncConvergenceFoundationTests testConvergenceModelsAreIncludedInAppSchema]' passed (0.043 seconds).
Test Case '-[MyRAMTests.SyncConvergenceFoundationTests testDateAuthorityValidationCoversDuplicatedModelPairs]' started.
Test Case '-[MyRAMTests.SyncConvergenceFoundationTests testDateAuthorityValidationCoversDuplicatedModelPairs]' passed (0.004 seconds).
Test Case '-[MyRAMTests.SyncConvergenceFoundationTests testDateBitPatternPreservesSubMillisecondIdentity]' started.
Test Case '-[MyRAMTests.SyncConvergenceFoundationTests testDateBitPatternPreservesSubMillisecondIdentity]' passed (0.001 seconds).
Test Case '-[MyRAMTests.SyncConvergenceFoundationTests testSyntheticKeysAreCollisionSafeForArbitraryComponents]' started.
Test Case '-[MyRAMTests.SyncConvergenceFoundationTests testSyntheticKeysAreCollisionSafeForArbitraryComponents]' passed (0.001 seconds).
Test Case '-[MyRAMTests.SyncConvergenceFoundationTests testSyntheticKeysAreDeterministicAndVersioned]' started.
Test Case '-[MyRAMTests.SyncConvergenceFoundationTests testSyntheticKeysAreDeterministicAndVersioned]' passed (0.000 seconds).
Test Case '-[MyRAMTests.SyncConvergenceFoundationTests testTombstoneAndFullRecordUseSameCommittedAtOrderingPayloadType]' started.
Test Case '-[MyRAMTests.SyncConvergenceFoundationTests testTombstoneAndFullRecordUseSameCommittedAtOrderingPayloadType]' passed (0.073 seconds).
Test Case '-[MyRAMTests.SyncConvergenceFoundationTests testTombstonePostInitializationValidationRejectsCorruption]' started.
Test Case '-[MyRAMTests.SyncConvergenceFoundationTests testTombstonePostInitializationValidationRejectsCorruption]' passed (0.001 seconds).
Test Case '-[MyRAMTests.SyncConvergenceFoundationTests testTombstoneSizeChecksUseFullPersistenceValidation]' started.
Test Case '-[MyRAMTests.SyncConvergenceFoundationTests testTombstoneSizeChecksUseFullPersistenceValidation]' passed (0.001 seconds).
Test Case '-[MyRAMTests.SyncConvergenceFoundationTests testTombstoneUsesDeterministicV1JSONPayloadAndMeasuredSize]' started.
Test Case '-[MyRAMTests.SyncConvergenceFoundationTests testTombstoneUsesDeterministicV1JSONPayloadAndMeasuredSize]' passed (0.029 seconds).
Test Case '-[MyRAMTests.SyncConvergenceFoundationTests testTombstoneValidationFailsClosedForInvalidPayloads]' started.
Test Case '-[MyRAMTests.SyncConvergenceFoundationTests testTombstoneValidationFailsClosedForInvalidPayloads]' passed (0.001 seconds).
Test Case '-[MyRAMTests.SyncConvergenceFoundationTests testUnsupportedDigestFormatMapsToDedicatedDrainFailure]' started.
Test Case '-[MyRAMTests.SyncConvergenceFoundationTests testUnsupportedDigestFormatMapsToDedicatedDrainFailure]' passed (0.001 seconds).
Test Suite 'SyncConvergenceFoundationTests' passed at 2026-08-04 17:09:06.237.
	 Executed 17 tests, with 0 failures (0 unexpected) in 0.162 (0.224) seconds
Test Suite 'SyncConvergenceIncorporationTests' started at 2026-08-04 17:09:06.237.
Test Case '-[MyRAMTests.SyncConvergenceIncorporationTests testAllIdempotentRetainedBodyDeliveryPersistsWithoutPresentationWork]' started.
Test Case '-[MyRAMTests.SyncConvergenceIncorporationTests testAllIdempotentRetainedBodyDeliveryPersistsWithoutPresentationWork]' passed (0.008 seconds).
Test Case '-[MyRAMTests.SyncConvergenceIncorporationTests testAlreadyIncorporatedUsesValidatedPlansGatedByPersistedPendingFlags]' started.
Test Case '-[MyRAMTests.SyncConvergenceIncorporationTests testAlreadyIncorporatedUsesValidatedPlansGatedByPersistedPendingFlags]' passed (0.006 seconds).
Test Case '-[MyRAMTests.SyncConvergenceIncorporationTests testApplyingLifecycleDeleteAlongsideApplyingBodyEditRoutesToNoteRemoved]' started.
Test Case '-[MyRAMTests.SyncConvergenceIncorporationTests testApplyingLifecycleDeleteAlongsideApplyingBodyEditRoutesToNoteRemoved]' passed (0.002 seconds).
Test Case '-[MyRAMTests.SyncConvergenceIncorporationTests testBackwardSnapshotGenerationFailsBeforeMutation]' started.
Test Case '-[MyRAMTests.SyncConvergenceIncorporationTests testBackwardSnapshotGenerationFailsBeforeMutation]' passed (0.005 seconds).
Test Case '-[MyRAMTests.SyncConvergenceIncorporationTests testContradictoryRootAndTombstoneOrderingFailsDuplicatePreflight]' started.
Test Case '-[MyRAMTests.SyncConvergenceIncorporationTests testContradictoryRootAndTombstoneOrderingFailsDuplicatePreflight]' passed (0.003 seconds).
Test Case '-[MyRAMTests.SyncConvergenceIncorporationTests testContradictorySnapshotHistoryFailsBeforeMutation]' started.
Test Case '-[MyRAMTests.SyncConvergenceIncorporationTests testContradictorySnapshotHistoryFailsBeforeMutation]' passed (0.002 seconds).
Test Case '-[MyRAMTests.SyncConvergenceIncorporationTests testCreatePlusBodyRollsBackEntirelyOnStagedFailure]' started.
Test Case '-[MyRAMTests.SyncConvergenceIncorporationTests testCreatePlusBodyRollsBackEntirelyOnStagedFailure]' passed (0.003 seconds).
Test Case '-[MyRAMTests.SyncConvergenceIncorporationTests testCreatePlusBodyUsesFinalBodyHashForPresentationWork]' started.
Test Case '-[MyRAMTests.SyncConvergenceIncorporationTests testCreatePlusBodyUsesFinalBodyHashForPresentationWork]' passed (0.003 seconds).
Test Case '-[MyRAMTests.SyncConvergenceIncorporationTests testCreatePlusDeleteUsesFinalBodyHashForPresentationWork]' started.
Test Case '-[MyRAMTests.SyncConvergenceIncorporationTests testCreatePlusDeleteUsesFinalBodyHashForPresentationWork]' passed (0.002 seconds).
Test Case '-[MyRAMTests.SyncConvergenceIncorporationTests testDeletedIdempotentCreationNoteFailsStaleAndIsNotRecreated]' started.
Test Case '-[MyRAMTests.SyncConvergenceIncorporationTests testDeletedIdempotentCreationNoteFailsStaleAndIsNotRecreated]' passed (0.002 seconds).
Test Case '-[MyRAMTests.SyncConvergenceIncorporationTests testDivergedLifecycleDeleteAlongsideApplyingBodyEditDoesNotClobberIncrementalRouting]' started.
Test Case '-[MyRAMTests.SyncConvergenceIncorporationTests testDivergedLifecycleDeleteAlongsideApplyingBodyEditDoesNotClobberIncrementalRouting]' passed (0.002 seconds).
Test Case '-[MyRAMTests.SyncConvergenceIncorporationTests testDivergedLifecycleDeleteAlongsideApplyingTitleChangeDoesNotDeleteNote]' started.
Test Case '-[MyRAMTests.SyncConvergenceIncorporationTests testDivergedLifecycleDeleteAlongsideApplyingTitleChangeDoesNotDeleteNote]' passed (0.002 seconds).
Test Case '-[MyRAMTests.SyncConvergenceIncorporationTests testDivergedLifecycleDeleteIncorporatesWithoutChangingDeletedAt]' started.
Test Case '-[MyRAMTests.SyncConvergenceIncorporationTests testDivergedLifecycleDeleteIncorporatesWithoutChangingDeletedAt]' passed (0.002 seconds).
Test Case '-[MyRAMTests.SyncConvergenceIncorporationTests testDuplicateRootAcceptsRetryWithDifferentCommittedAtWithoutMutation]' started.
Test Case '-[MyRAMTests.SyncConvergenceIncorporationTests testDuplicateRootAcceptsRetryWithDifferentCommittedAtWithoutMutation]' passed (0.002 seconds).
Test Case '-[MyRAMTests.SyncConvergenceIncorporationTests testDuplicateValidationAcceptsReorderedNoteEffectKindsWithoutMutation]' started.
Test Case '-[MyRAMTests.SyncConvergenceIncorporationTests testDuplicateValidationAcceptsReorderedNoteEffectKindsWithoutMutation]' passed (0.003 seconds).
Test Case '-[MyRAMTests.SyncConvergenceIncorporationTests testDuplicateValidationRejectsInvalidPersistedNoteEffectMembershipsBeforeMutation]' started.
Test Case '-[MyRAMTests.SyncConvergenceIncorporationTests testDuplicateValidationRejectsInvalidPersistedNoteEffectMembershipsBeforeMutation]' passed (0.003 seconds).
Test Case '-[MyRAMTests.SyncConvergenceIncorporationTests testDuplicateValidationRejectsUnsupportedPersistedResultKindBeforeMutation]' started.
Test Case '-[MyRAMTests.SyncConvergenceIncorporationTests testDuplicateValidationRejectsUnsupportedPersistedResultKindBeforeMutation]' passed (0.073 seconds).
Test Case '-[MyRAMTests.SyncConvergenceIncorporationTests testExecutorPersistsPlannedEffectsRootChildrenAndPendingWork]' started.
Test Case '-[MyRAMTests.SyncConvergenceIncorporationTests testExecutorPersistsPlannedEffectsRootChildrenAndPendingWork]' passed (0.002 seconds).
Test Case '-[MyRAMTests.SyncConvergenceIncorporationTests testExecutorRejectsStaleBodyBeforeMutation]' started.
Test Case '-[MyRAMTests.SyncConvergenceIncorporationTests testExecutorRejectsStaleBodyBeforeMutation]' passed (0.001 seconds).
Test Case '-[MyRAMTests.SyncConvergenceIncorporationTests testExecutorRollsBackAfterStagedFailure]' started.
Test Case '-[MyRAMTests.SyncConvergenceIncorporationTests testExecutorRollsBackAfterStagedFailure]' passed (0.001 seconds).
Test Case '-[MyRAMTests.SyncConvergenceIncorporationTests testExecutorRollsBackEveryStagedFailurePoint]' started.
Test Case '-[MyRAMTests.SyncConvergenceIncorporationTests testExecutorRollsBackEveryStagedFailurePoint]' passed (0.016 seconds).
Test Case '-[MyRAMTests.SyncConvergenceIncorporationTests testExistingSnapshotHistoryRowsAreNotRewritten]' started.
Test Case '-[MyRAMTests.SyncConvergenceIncorporationTests testExistingSnapshotHistoryRowsAreNotRewritten]' passed (0.002 seconds).
Test Case '-[MyRAMTests.SyncConvergenceIncorporationTests testInvalidTombstoneEvidenceFailsClosed]' started.
Test Case '-[MyRAMTests.SyncConvergenceIncorporationTests testInvalidTombstoneEvidenceFailsClosed]' passed (0.002 seconds).
Test Case '-[MyRAMTests.SyncConvergenceIncorporationTests testLifecycleDeleteAndRestorePersistThroughConvergence]' started.
Test Case '-[MyRAMTests.SyncConvergenceIncorporationTests testLifecycleDeleteAndRestorePersistThroughConvergence]' passed (0.002 seconds).
Test Case '-[MyRAMTests.SyncConvergenceIncorporationTests testMalformedCreationBodyPreStateFailsBeforeCommit]' started.
Test Case '-[MyRAMTests.SyncConvergenceIncorporationTests testMalformedCreationBodyPreStateFailsBeforeCommit]' passed (0.002 seconds).
Test Case '-[MyRAMTests.SyncConvergenceIncorporationTests testMatchingRootAndTombstoneDuplicateComparesCommittedOrdering]' started.
Test Case '-[MyRAMTests.SyncConvergenceIncorporationTests testMatchingRootAndTombstoneDuplicateComparesCommittedOrdering]' passed (0.002 seconds).
Test Case '-[MyRAMTests.SyncConvergenceIncorporationTests testMissingNoteTitleCompatibilityNoopRequiresNoWinner]' started.
Test Case '-[MyRAMTests.SyncConvergenceIncorporationTests testMissingNoteTitleCompatibilityNoopRequiresNoWinner]' passed (0.002 seconds).
Test Case '-[MyRAMTests.SyncConvergenceIncorporationTests testMixedExistingAndNewSnapshotHistoryRowsOnlyInsertMissingRows]' started.
Test Case '-[MyRAMTests.SyncConvergenceIncorporationTests testMixedExistingAndNewSnapshotHistoryRowsOnlyInsertMissingRows]' passed (0.005 seconds).
Test Case '-[MyRAMTests.SyncConvergenceIncorporationTests testMYR134MalformedRoutedNoteConstructionFailsBeforeCommitWithoutMutation]' started.
Test Case '-[MyRAMTests.SyncConvergenceIncorporationTests testMYR134MalformedRoutedNoteConstructionFailsBeforeCommitWithoutMutation]' passed (0.010 seconds).
Test Case '-[MyRAMTests.SyncConvergenceIncorporationTests testMYR134MixedRoutingsPersistAllEntriesInDeterministicOrder]' started.
Test Case '-[MyRAMTests.SyncConvergenceIncorporationTests testMYR134MixedRoutingsPersistAllEntriesInDeterministicOrder]' passed (0.004 seconds).
Test Case '-[MyRAMTests.SyncConvergenceIncorporationTests testMYR134RealPlannerShapeMatrixPersistsExpectedRoutedWork]' started.
Test Case '-[MyRAMTests.SyncConvergenceIncorporationTests testMYR134RealPlannerShapeMatrixPersistsExpectedRoutedWork]' passed (0.014 seconds).
Test Case '-[MyRAMTests.SyncConvergenceIncorporationTests testMYR134RepeatedPlanningAndIncorporationProducesIdenticalWorkPayload]' started.
Test Case '-[MyRAMTests.SyncConvergenceIncorporationTests testMYR134RepeatedPlanningAndIncorporationProducesIdenticalWorkPayload]' passed (0.008 seconds).
Test Case '-[MyRAMTests.SyncConvergenceIncorporationTests testMYR135ConstructionIdentityMatrixFailsBeforeCommitWithoutMutation]' started.
Test Case '-[MyRAMTests.SyncConvergenceIncorporationTests testMYR135ConstructionIdentityMatrixFailsBeforeCommitWithoutMutation]' passed (0.008 seconds).
Test Case '-[MyRAMTests.SyncConvergenceIncorporationTests testMYR135ReconstructedConflictAcceptsLegitimateNonSourceIdentities]' started.
Test Case '-[MyRAMTests.SyncConvergenceIncorporationTests testMYR135ReconstructedConflictAcceptsLegitimateNonSourceIdentities]' passed (0.003 seconds).
Test Case '-[MyRAMTests.SyncConvergenceIncorporationTests testMYR135ValidSourceIdentityPersistsAndBuildsExactWorkIdentity]' started.
Test Case '-[MyRAMTests.SyncConvergenceIncorporationTests testMYR135ValidSourceIdentityPersistsAndBuildsExactWorkIdentity]' passed (0.003 seconds).
Test Case '-[MyRAMTests.SyncConvergenceIncorporationTests testMYR158SwiftDataTransactionPersistsPostCommitIndexMatrix]' started.
Test Case '-[MyRAMTests.SyncConvergenceIncorporationTests testMYR158SwiftDataTransactionPersistsPostCommitIndexMatrix]' passed (0.012 seconds).
Test Case '-[MyRAMTests.SyncConvergenceIncorporationTests testMYR158SwiftDataTransactionRejectsMalformedPostCommitStateAsInvalidMergePlan]' started.
Test Case '-[MyRAMTests.SyncConvergenceIncorporationTests testMYR158SwiftDataTransactionRejectsMalformedPostCommitStateAsInvalidMergePlan]' passed (0.008 seconds).
Test Case '-[MyRAMTests.SyncConvergenceIncorporationTests testReconstructedConflictCrossNoteDeleteEvidenceFailsBeforeMutation]' started.
Test Case '-[MyRAMTests.SyncConvergenceIncorporationTests testReconstructedConflictCrossNoteDeleteEvidenceFailsBeforeMutation]' passed (0.002 seconds).
Test Case '-[MyRAMTests.SyncConvergenceIncorporationTests testReconstructedConflictMissingRewriteReceiptFailsBeforeMutation]' started.
Test Case '-[MyRAMTests.SyncConvergenceIncorporationTests testReconstructedConflictMissingRewriteReceiptFailsBeforeMutation]' passed (0.002 seconds).
Test Case '-[MyRAMTests.SyncConvergenceIncorporationTests testRetainedHistoryCallCountsFilterExistingRowsAndFailBeforeMutation]' started.
Test Case '-[MyRAMTests.SyncConvergenceIncorporationTests testRetainedHistoryCallCountsFilterExistingRowsAndFailBeforeMutation]' passed (0.003 seconds).
Test Case '-[MyRAMTests.SyncConvergenceIncorporationTests testRetainedOperationSourceControlsIdempotency]' started.
Test Case '-[MyRAMTests.SyncConvergenceIncorporationTests testRetainedOperationSourceControlsIdempotency]' passed (0.002 seconds).
Test Case '-[MyRAMTests.SyncConvergenceIncorporationTests testStaleAuthoritativeStateMapsToDedicatedDrainFailure]' started.
Test Case '-[MyRAMTests.SyncConvergenceIncorporationTests testStaleAuthoritativeStateMapsToDedicatedDrainFailure]' passed (0.000 seconds).
Test Case '-[MyRAMTests.SyncConvergenceIncorporationTests testSwappedOperationIdentityAcrossNotesFailsBeforeCommit]' started.
Test Case '-[MyRAMTests.SyncConvergenceIncorporationTests testSwappedOperationIdentityAcrossNotesFailsBeforeCommit]' passed (0.002 seconds).
Test Case '-[MyRAMTests.SyncConvergenceIncorporationTests testSwiftDataFreshContextReloadAndDifferentTimestampDuplicate]' started.
Test Case '-[MyRAMTests.SyncConvergenceIncorporationTests testSwiftDataFreshContextReloadAndDifferentTimestampDuplicate]' passed (0.025 seconds).
Test Case '-[MyRAMTests.SyncConvergenceIncorporationTests testSwiftDataRetainedOperationSourceIsRemote]' started.
Test Case '-[MyRAMTests.SyncConvergenceIncorporationTests testSwiftDataRetainedOperationSourceIsRemote]' passed (0.013 seconds).
Test Case '-[MyRAMTests.SyncConvergenceIncorporationTests testSwiftDataTombstoneProjectionRoundTripPreservesAuthoritativeFields]' started.
Test Case '-[MyRAMTests.SyncConvergenceIncorporationTests testSwiftDataTombstoneProjectionRoundTripPreservesAuthoritativeFields]' passed (0.009 seconds).
Test Case '-[MyRAMTests.SyncConvergenceIncorporationTests testSwiftDataTransactionPersistsIncorporationEvidence]' started.
Test Case '-[MyRAMTests.SyncConvergenceIncorporationTests testSwiftDataTransactionPersistsIncorporationEvidence]' passed (0.015 seconds).
Test Case '-[MyRAMTests.SyncConvergenceIncorporationTests testSwiftDataTransactionRejectsContradictoryPostCommitIndex]' started.
Test Case '-[MyRAMTests.SyncConvergenceIncorporationTests testSwiftDataTransactionRejectsContradictoryPostCommitIndex]' passed (0.008 seconds).
Test Case '-[MyRAMTests.SyncConvergenceIncorporationTests testSwiftDataUnsupportedRetainedOperationSourceFailsAsCorruptHistory]' started.
Test Case '-[MyRAMTests.SyncConvergenceIncorporationTests testSwiftDataUnsupportedRetainedOperationSourceFailsAsCorruptHistory]' passed (0.009 seconds).
Test Case '-[MyRAMTests.SyncConvergenceIncorporationTests testTitleApplyPreflightRejectsContradictoryAuthoritativeStateBeforeMutation]' started.
Test Case '-[MyRAMTests.SyncConvergenceIncorporationTests testTitleApplyPreflightRejectsContradictoryAuthoritativeStateBeforeMutation]' passed (0.002 seconds).
Test Case '-[MyRAMTests.SyncConvergenceIncorporationTests testTitleIdempotentPreflightRejectsContradictoryOperationIdentityBeforeMutation]' started.
Test Case '-[MyRAMTests.SyncConvergenceIncorporationTests testTitleIdempotentPreflightRejectsContradictoryOperationIdentityBeforeMutation]' passed (0.002 seconds).
Test Case '-[MyRAMTests.SyncConvergenceIncorporationTests testTitleIgnoreOlderPreflightRejectsPriorStateBeforeMutation]' started.
Test Case '-[MyRAMTests.SyncConvergenceIncorporationTests testTitleIgnoreOlderPreflightRejectsPriorStateBeforeMutation]' passed (0.001 seconds).
Test Case '-[MyRAMTests.SyncConvergenceIncorporationTests testTombstoneOnlyDuplicateUsesDedicatedProjection]' started.
Test Case '-[MyRAMTests.SyncConvergenceIncorporationTests testTombstoneOnlyDuplicateUsesDedicatedProjection]' passed (0.002 seconds).
Test Case '-[MyRAMTests.SyncConvergenceIncorporationTests testTwoNoteExactOwnershipIncorporatesSuccessfully]' started.
Test Case '-[MyRAMTests.SyncConvergenceIncorporationTests testTwoNoteExactOwnershipIncorporatesSuccessfully]' passed (0.003 seconds).
Test Case '-[MyRAMTests.SyncConvergenceIncorporationTests testValidatedInputPreservesCompleteSourceBatch]' started.
Test Case '-[MyRAMTests.SyncConvergenceIncorporationTests testValidatedInputPreservesCompleteSourceBatch]' passed (0.002 seconds).
Test Suite 'SyncConvergenceIncorporationTests' passed at 2026-08-04 17:09:06.694.
	 Executed 55 tests, with 0 failures (0 unexpected) in 0.333 (0.457) seconds
Test Suite 'SyncConvergencePlanningTests' started at 2026-08-04 17:09:06.695.
Test Case '-[MyRAMTests.SyncConvergencePlanningTests testAllRetainedBodyOperationsRouteNone]' started.
Test Case '-[MyRAMTests.SyncConvergencePlanningTests testAllRetainedBodyOperationsRouteNone]' passed (0.002 seconds).
Test Case '-[MyRAMTests.SyncConvergencePlanningTests testAnchoredBatchFailsPlanningBeforeCanonicalWork]' started.
Test Case '-[MyRAMTests.SyncConvergencePlanningTests testAnchoredBatchFailsPlanningBeforeCanonicalWork]' passed (0.001 seconds).
Test Case '-[MyRAMTests.SyncConvergencePlanningTests testCanonicalDigestExplicitlyRejectsAnchoredBatch]' started.
Test Case '-[MyRAMTests.SyncConvergencePlanningTests testCanonicalDigestExplicitlyRejectsAnchoredBatch]' passed (0.001 seconds).
Test Case '-[MyRAMTests.SyncConvergencePlanningTests testCanonicalPayloadDigestV1GoldenVectorMatrix]' started.
Test Case '-[MyRAMTests.SyncConvergencePlanningTests testCanonicalPayloadDigestV1GoldenVectorMatrix]' passed (0.004 seconds).
Test Case '-[MyRAMTests.SyncConvergencePlanningTests testCanonicalPayloadDigestV1IsStableAndOrderSensitive]' started.
Test Case '-[MyRAMTests.SyncConvergencePlanningTests testCanonicalPayloadDigestV1IsStableAndOrderSensitive]' passed (0.042 seconds).
Test Case '-[MyRAMTests.SyncConvergencePlanningTests testCommittedResultV1GoldenVectorMatrix]' started.
Test Case '-[MyRAMTests.SyncConvergencePlanningTests testCommittedResultV1GoldenVectorMatrix]' passed (0.004 seconds).
Test Case '-[MyRAMTests.SyncConvergencePlanningTests testCommittedResultV1OrderingAndChangeSensitivity]' started.
Test Case '-[MyRAMTests.SyncConvergencePlanningTests testCommittedResultV1OrderingAndChangeSensitivity]' passed (0.002 seconds).
Test Case '-[MyRAMTests.SyncConvergencePlanningTests testCommittedResultV1ReconciliationHashFieldOrderIsSignificant]' started.
Test Case '-[MyRAMTests.SyncConvergencePlanningTests testCommittedResultV1ReconciliationHashFieldOrderIsSignificant]' passed (0.001 seconds).
Test Case '-[MyRAMTests.SyncConvergencePlanningTests testCommittedResultV1ReconciliationReservedVariantIsPinned]' started.
Test Case '-[MyRAMTests.SyncConvergencePlanningTests testCommittedResultV1ReconciliationReservedVariantIsPinned]' passed (0.001 seconds).
Test Case '-[MyRAMTests.SyncConvergencePlanningTests testCompetingValidNilBaseBranchesBacktrackToTargetPath]' started.
Test Case '-[MyRAMTests.SyncConvergencePlanningTests testCompetingValidNilBaseBranchesBacktrackToTargetPath]' passed (0.051 seconds).
Test Case '-[MyRAMTests.SyncConvergencePlanningTests testConcurrentDeleteRebasesLaterInsertOffsetBackward]' started.
Test Case '-[MyRAMTests.SyncConvergencePlanningTests testConcurrentDeleteRebasesLaterInsertOffsetBackward]' passed (0.002 seconds).
Test Case '-[MyRAMTests.SyncConvergencePlanningTests testConcurrentEditsConvergeToIdenticalBodyRegardlessOfWhichSideIsLocal]' started.
Test Case '-[MyRAMTests.SyncConvergencePlanningTests testConcurrentEditsConvergeToIdenticalBodyRegardlessOfWhichSideIsLocal]' passed (0.003 seconds).
Test Case '-[MyRAMTests.SyncConvergencePlanningTests testConcurrentInsertsRebaseOffsetsInsteadOfCorruptingLaterText]' started.
Test Case '-[MyRAMTests.SyncConvergencePlanningTests testConcurrentInsertsRebaseOffsetsInsteadOfCorruptingLaterText]' passed (0.002 seconds).
Test Case '-[MyRAMTests.SyncConvergencePlanningTests testConcurrentSameBaseOperationsConvergeInsteadOfCorruptingHistory]' started.
Test Case '-[MyRAMTests.SyncConvergencePlanningTests testConcurrentSameBaseOperationsConvergeInsteadOfCorruptingHistory]' passed (0.002 seconds).
Test Case '-[MyRAMTests.SyncConvergencePlanningTests testContradictoryDuplicateBatchIdentityFailsBeforeCommit]' started.
Test Case '-[MyRAMTests.SyncConvergencePlanningTests testContradictoryDuplicateBatchIdentityFailsBeforeCommit]' passed (0.001 seconds).
Test Case '-[MyRAMTests.SyncConvergencePlanningTests testContradictoryFullRecordAndTombstoneFailsBeforeCommit]' started.
Test Case '-[MyRAMTests.SyncConvergencePlanningTests testContradictoryFullRecordAndTombstoneFailsBeforeCommit]' passed (0.001 seconds).
Test Case '-[MyRAMTests.SyncConvergencePlanningTests testContradictoryOperationIdentityFailsBeforeCommit]' started.
Test Case '-[MyRAMTests.SyncConvergencePlanningTests testContradictoryOperationIdentityFailsBeforeCommit]' passed (0.016 seconds).
Test Case '-[MyRAMTests.SyncConvergencePlanningTests testContradictoryTitleWinnerAuthorityFailsBeforeCommit]' started.
Test Case '-[MyRAMTests.SyncConvergencePlanningTests testContradictoryTitleWinnerAuthorityFailsBeforeCommit]' passed (0.001 seconds).
Test Case '-[MyRAMTests.SyncConvergencePlanningTests testCorruptRetainedOperationResultFailsBeforeCommit]' started.
Test Case '-[MyRAMTests.SyncConvergencePlanningTests testCorruptRetainedOperationResultFailsBeforeCommit]' passed (0.001 seconds).
Test Case '-[MyRAMTests.SyncConvergencePlanningTests testCreationPlanningDoesNotRequireExistingProjectedNote]' started.
Test Case '-[MyRAMTests.SyncConvergencePlanningTests testCreationPlanningDoesNotRequireExistingProjectedNote]' passed (0.001 seconds).
Test Case '-[MyRAMTests.SyncConvergencePlanningTests testCycleAndDuplicateResultOperationsDoNotReExploreBodies]' started.
Test Case '-[MyRAMTests.SyncConvergencePlanningTests testCycleAndDuplicateResultOperationsDoNotReExploreBodies]' passed (0.005 seconds).
Test Case '-[MyRAMTests.SyncConvergencePlanningTests testDisjointNoteSelectionIsIndependentOfQueueEnumerationOrder]' started.
Test Case '-[MyRAMTests.SyncConvergencePlanningTests testDisjointNoteSelectionIsIndependentOfQueueEnumerationOrder]' passed (0.001 seconds).
Test Case '-[MyRAMTests.SyncConvergencePlanningTests testEarlierMultiNoteEvidenceBatchBlocksItsOtherNotes]' started.
Test Case '-[MyRAMTests.SyncConvergencePlanningTests testEarlierMultiNoteEvidenceBatchBlocksItsOtherNotes]' passed (0.001 seconds).
Test Case '-[MyRAMTests.SyncConvergencePlanningTests testEarlierMultiNoteQueuedBatchIsNotPartiallyConsumedAsUnionEvidence]' started.
Test Case '-[MyRAMTests.SyncConvergencePlanningTests testEarlierMultiNoteQueuedBatchIsNotPartiallyConsumedAsUnionEvidence]' passed (0.001 seconds).
Test Case '-[MyRAMTests.SyncConvergencePlanningTests testExplicitCandidateQueuePositionLimitsEvidenceToEarlierBatches]' started.
Test Case '-[MyRAMTests.SyncConvergencePlanningTests testExplicitCandidateQueuePositionLimitsEvidenceToEarlierBatches]' passed (0.001 seconds).
Test Case '-[MyRAMTests.SyncConvergencePlanningTests testHistoryHardOverflowDefersBeforePlan]' started.
Test Case '-[MyRAMTests.SyncConvergencePlanningTests testHistoryHardOverflowDefersBeforePlan]' passed (0.001 seconds).
Test Case '-[MyRAMTests.SyncConvergencePlanningTests testIdenticalPreviouslyIncorporatedBatchReturnsCleanupPlan]' started.
Test Case '-[MyRAMTests.SyncConvergencePlanningTests testIdenticalPreviouslyIncorporatedBatchReturnsCleanupPlan]' passed (0.001 seconds).
Test Case '-[MyRAMTests.SyncConvergencePlanningTests testLaterQueuedSameNoteSuccessorIsBlockedFromEvidenceSelection]' started.
Test Case '-[MyRAMTests.SyncConvergencePlanningTests testLaterQueuedSameNoteSuccessorIsBlockedFromEvidenceSelection]' passed (0.004 seconds).
Test Case '-[MyRAMTests.SyncConvergencePlanningTests testLegacyPositionalEffectPreservesExpectedTextNoop]' started.
Test Case '-[MyRAMTests.SyncConvergencePlanningTests testLegacyPositionalEffectPreservesExpectedTextNoop]' passed (0.001 seconds).
Test Case '-[MyRAMTests.SyncConvergencePlanningTests testLifecycleDivergencePreservesLiveNoteWithoutBlockingPlan]' started.
Test Case '-[MyRAMTests.SyncConvergencePlanningTests testLifecycleDivergencePreservesLiveNoteWithoutBlockingPlan]' passed (0.001 seconds).
Test Case '-[MyRAMTests.SyncConvergencePlanningTests testLifecycleForMissingNoteIsConsumedWithoutBlockingPlan]' started.
Test Case '-[MyRAMTests.SyncConvergencePlanningTests testLifecycleForMissingNoteIsConsumedWithoutBlockingPlan]' passed (0.003 seconds).
Test Case '-[MyRAMTests.SyncConvergencePlanningTests testMalformedRetainedReplayKeyFailsAsCorruptHistoryWithoutFallbackOrdering]' started.
Test Case '-[MyRAMTests.SyncConvergencePlanningTests testMalformedRetainedReplayKeyFailsAsCorruptHistoryWithoutFallbackOrdering]' passed (0.001 seconds).
Test Case '-[MyRAMTests.SyncConvergencePlanningTests testMissingHistoricalBaseDefersAsUnreconstructableBase]' started.
Test Case '-[MyRAMTests.SyncConvergencePlanningTests testMissingHistoricalBaseDefersAsUnreconstructableBase]' passed (0.001 seconds).
Test Case '-[MyRAMTests.SyncConvergencePlanningTests testMixedRetainedAndExecutableBodyOperationsRouteIncrementalWithOnlyNewWork]' started.
Test Case '-[MyRAMTests.SyncConvergencePlanningTests testMixedRetainedAndExecutableBodyOperationsRouteIncrementalWithOnlyNewWork]' passed (0.002 seconds).
Test Case '-[MyRAMTests.SyncConvergencePlanningTests testNilBaseRetainedOperationWithoutEvidenceIsNeverGuessedIntoChain]' started.
Test Case '-[MyRAMTests.SyncConvergencePlanningTests testNilBaseRetainedOperationWithoutEvidenceIsNeverGuessedIntoChain]' passed (0.008 seconds).
Test Case '-[MyRAMTests.SyncConvergencePlanningTests testNilBaseRetainedOperationWithResultHashReconstructsChain]' started.
Test Case '-[MyRAMTests.SyncConvergencePlanningTests testNilBaseRetainedOperationWithResultHashReconstructsChain]' passed (0.002 seconds).
Test Case '-[MyRAMTests.SyncConvergencePlanningTests testPlanningSuccessReturnsPlannedOutcome]' started.
Test Case '-[MyRAMTests.SyncConvergencePlanningTests testPlanningSuccessReturnsPlannedOutcome]' passed (0.001 seconds).
Test Case '-[MyRAMTests.SyncConvergencePlanningTests testProjectedNoteEffectKindMembershipRejectsInvalidSets]' started.
Test Case '-[MyRAMTests.SyncConvergencePlanningTests testProjectedNoteEffectKindMembershipRejectsInvalidSets]' passed (0.001 seconds).
Test Case '-[MyRAMTests.SyncConvergencePlanningTests testProjectedNoteEffectV1GoldenVectorPreservesMainContract]' started.
Test Case '-[MyRAMTests.SyncConvergencePlanningTests testProjectedNoteEffectV1GoldenVectorPreservesMainContract]' passed (0.001 seconds).
Test Case '-[MyRAMTests.SyncConvergencePlanningTests testProjectedNoteEffectV1IsKindPermutationIndependent]' started.
Test Case '-[MyRAMTests.SyncConvergencePlanningTests testProjectedNoteEffectV1IsKindPermutationIndependent]' passed (0.001 seconds).
Test Case '-[MyRAMTests.SyncConvergencePlanningTests testProjectedNoteEffectV1MultiEffectPermutationIndependence]' started.
Test Case '-[MyRAMTests.SyncConvergencePlanningTests testProjectedNoteEffectV1MultiEffectPermutationIndependence]' passed (0.001 seconds).
Test Case '-[MyRAMTests.SyncConvergencePlanningTests testQueuedSameNoteEvidenceParticipatesInConflictUnion]' started.
Test Case '-[MyRAMTests.SyncConvergencePlanningTests testQueuedSameNoteEvidenceParticipatesInConflictUnion]' passed (0.021 seconds).
Test Case '-[MyRAMTests.SyncConvergencePlanningTests testReconstructedConflictDroppingUnprovenTextReturnsUnprovenTextLoss]' started.
Test Case '-[MyRAMTests.SyncConvergencePlanningTests testReconstructedConflictDroppingUnprovenTextReturnsUnprovenTextLoss]' passed (0.001 seconds).
Test Case '-[MyRAMTests.SyncConvergencePlanningTests testReconstructedConflictUsesDeleteEvidenceForWholeNoteRouting]' started.
Test Case '-[MyRAMTests.SyncConvergencePlanningTests testReconstructedConflictUsesDeleteEvidenceForWholeNoteRouting]' passed (0.002 seconds).
Test Case '-[MyRAMTests.SyncConvergencePlanningTests testReconstructionFromRetainedOperationDoesNotReplayConsumedHistoryTwice]' started.
Test Case '-[MyRAMTests.SyncConvergencePlanningTests testReconstructionFromRetainedOperationDoesNotReplayConsumedHistoryTwice]' passed (0.008 seconds).
Test Case '-[MyRAMTests.SyncConvergencePlanningTests testReconstructionStressWithHundredsOfNilBaseCandidatesCompletesBounded]' started.
Test Case '-[MyRAMTests.SyncConvergencePlanningTests testReconstructionStressWithHundredsOfNilBaseCandidatesCompletesBounded]' passed (6.294 seconds).
Test Case '-[MyRAMTests.SyncConvergencePlanningTests testRetainedChainInvalidRangeFailsAsCorruptHistory]' started.
Test Case '-[MyRAMTests.SyncConvergencePlanningTests testRetainedChainInvalidRangeFailsAsCorruptHistory]' passed (0.002 seconds).
Test Case '-[MyRAMTests.SyncConvergencePlanningTests testRetainedIdentityContradictionFailsClosed]' started.
Test Case '-[MyRAMTests.SyncConvergencePlanningTests testRetainedIdentityContradictionFailsClosed]' passed (0.001 seconds).
Test Case '-[MyRAMTests.SyncConvergencePlanningTests testRetainedIdentityIdempotencyPreventsDoubleApplication]' started.
Test Case '-[MyRAMTests.SyncConvergencePlanningTests testRetainedIdentityIdempotencyPreventsDoubleApplication]' passed (0.001 seconds).
Test Case '-[MyRAMTests.SyncConvergencePlanningTests testSameBatchChainedOperationsSurviveReconstructedConflict]' started.
Test Case '-[MyRAMTests.SyncConvergencePlanningTests testSameBatchChainedOperationsSurviveReconstructedConflict]' passed (0.002 seconds).
Test Case '-[MyRAMTests.SyncConvergencePlanningTests testSoftHistoryPressureDefersNewEvidenceGrowth]' started.
Test Case '-[MyRAMTests.SyncConvergencePlanningTests testSoftHistoryPressureDefersNewEvidenceGrowth]' passed (0.001 seconds).
Test Case '-[MyRAMTests.SyncConvergencePlanningTests testTitleHigherCanonicalKeyWinsAndLowerKeyIsIgnored]' started.
Test Case '-[MyRAMTests.SyncConvergencePlanningTests testTitleHigherCanonicalKeyWinsAndLowerKeyIsIgnored]' passed (0.001 seconds).
Test Case '-[MyRAMTests.SyncConvergencePlanningTests testTwoBodyOperationsInOneBatchProduceOneCompleteEffectAndOneBodyEvidence]' started.
Test Case '-[MyRAMTests.SyncConvergencePlanningTests testTwoBodyOperationsInOneBatchProduceOneCompleteEffectAndOneBodyEvidence]' passed (0.002 seconds).
Test Case '-[MyRAMTests.SyncConvergencePlanningTests testTwoRetainedConcurrentCandidatesDoNotCorruptMergedReplay]' started.
Test Case '-[MyRAMTests.SyncConvergencePlanningTests testTwoRetainedConcurrentCandidatesDoNotCorruptMergedReplay]' passed (0.002 seconds).
Test Case '-[MyRAMTests.SyncConvergencePlanningTests testUnencodablePlannedOperationAccountingFailsClosed]' started.
Test Case '-[MyRAMTests.SyncConvergencePlanningTests testUnencodablePlannedOperationAccountingFailsClosed]' passed (0.001 seconds).
Test Case '-[MyRAMTests.SyncConvergencePlanningTests testUnknownHashedBodyDefersWithRealDeclaredHash]' started.
Test Case '-[MyRAMTests.SyncConvergencePlanningTests testUnknownHashedBodyDefersWithRealDeclaredHash]' passed (0.001 seconds).
Test Case '-[MyRAMTests.SyncConvergencePlanningTests testUnknownTitleAndLegacyBodyProduceCompatibilityNoops]' started.
Test Case '-[MyRAMTests.SyncConvergencePlanningTests testUnknownTitleAndLegacyBodyProduceCompatibilityNoops]' passed (0.001 seconds).
Test Case '-[MyRAMTests.SyncConvergencePlanningTests testUnrelatedNilBaseRetainedBranchDoesNotBlockValidReconstruction]' started.
Test Case '-[MyRAMTests.SyncConvergencePlanningTests testUnrelatedNilBaseRetainedBranchDoesNotBlockValidReconstruction]' passed (0.003 seconds).
Test Case '-[MyRAMTests.SyncConvergencePlanningTests testUnsupportedReconciliationDefersBatch]' started.
Test Case '-[MyRAMTests.SyncConvergencePlanningTests testUnsupportedReconciliationDefersBatch]' passed (0.001 seconds).
Test Case '-[MyRAMTests.SyncConvergencePlanningTests testUnsupportedStoredDigestFormatFailsBeforeCommit]' started.
Test Case '-[MyRAMTests.SyncConvergencePlanningTests testUnsupportedStoredDigestFormatFailsBeforeCommit]' passed (0.001 seconds).
Test Case '-[MyRAMTests.SyncConvergencePlanningTests testValidatorRejectsMissingSourceOperationBlockedSuccessorRoutingAndHistoryMismatch]' started.
Test Case '-[MyRAMTests.SyncConvergencePlanningTests testValidatorRejectsMissingSourceOperationBlockedSuccessorRoutingAndHistoryMismatch]' passed (0.003 seconds).
Test Suite 'SyncConvergencePlanningTests' passed at 2026-08-04 17:09:13.357.
	 Executed 61 tests, with 0 failures (0 unexpected) in 6.525 (6.662) seconds
Test Suite 'SyncConvergencePostCommitTests' started at 2026-08-04 17:09:13.357.
Test Case '-[MyRAMTests.SyncConvergencePostCommitTests testBodyHashCapabilityRemainsDisabled]' started.
Test Case '-[MyRAMTests.SyncConvergencePostCommitTests testBodyHashCapabilityRemainsDisabled]' passed (0.001 seconds).
Test Case '-[MyRAMTests.SyncConvergencePostCommitTests testCallerPlansCannotSuppressPersistedQueueOrPresentationWork]' started.
Test Case '-[MyRAMTests.SyncConvergencePostCommitTests testCallerPlansCannotSuppressPersistedQueueOrPresentationWork]' passed (0.005 seconds).
Test Case '-[MyRAMTests.SyncConvergencePostCommitTests testCompletedPostCommitStateDoesNotCallAdaptersOrWrite]' started.
Test Case '-[MyRAMTests.SyncConvergencePostCommitTests testCompletedPostCommitStateDoesNotCallAdaptersOrWrite]' passed (0.044 seconds).
Test Case '-[MyRAMTests.SyncConvergencePostCommitTests testEightPendingStateMatrixWithLegacyAdapterPinsSingleCASEffects]' started.
Test Case '-[MyRAMTests.SyncConvergencePostCommitTests testEightPendingStateMatrixWithLegacyAdapterPinsSingleCASEffects]' passed (0.004 seconds).
Test Case '-[MyRAMTests.SyncConvergencePostCommitTests testEightPendingStateMatrixWithoutLegacyAdapterLeavesLegacyPending]' started.
Test Case '-[MyRAMTests.SyncConvergencePostCommitTests testEightPendingStateMatrixWithoutLegacyAdapterLeavesLegacyPending]' passed (0.004 seconds).
Test Case '-[MyRAMTests.SyncConvergencePostCommitTests testFakeStoreCASPreservesImmutableWorkPayloadAfterPartialClear]' started.
Test Case '-[MyRAMTests.SyncConvergencePostCommitTests testFakeStoreCASPreservesImmutableWorkPayloadAfterPartialClear]' passed (0.001 seconds).
Test Case '-[MyRAMTests.SyncConvergencePostCommitTests testLegacyTrueWithoutAdapterRemainsPending]' started.
Test Case '-[MyRAMTests.SyncConvergencePostCommitTests testLegacyTrueWithoutAdapterRemainsPending]' passed (0.001 seconds).
Test Case '-[MyRAMTests.SyncConvergencePostCommitTests testMYR135OperationHashChainValidationMatrix]' started.
Test Case '-[MyRAMTests.SyncConvergencePostCommitTests testMYR135OperationHashChainValidationMatrix]' passed (0.002 seconds).
Test Case '-[MyRAMTests.SyncConvergencePostCommitTests testMYR135PersistedIdentityRowCorruptionFailsBeforeAdapters]' started.
Test Case '-[MyRAMTests.SyncConvergencePostCommitTests testMYR135PersistedIdentityRowCorruptionFailsBeforeAdapters]' passed (0.206 seconds).
Test Case '-[MyRAMTests.SyncConvergencePostCommitTests testMYR135PostCommitPayloadIdentityValidationMatrix]' started.
Test Case '-[MyRAMTests.SyncConvergencePostCommitTests testMYR135PostCommitPayloadIdentityValidationMatrix]' passed (0.001 seconds).
Test Case '-[MyRAMTests.SyncConvergencePostCommitTests testMYR135ValidPersistedIdentityRowLoadsAndReachesPresentation]' started.
Test Case '-[MyRAMTests.SyncConvergencePostCommitTests testMYR135ValidPersistedIdentityRowLoadsAndReachesPresentation]' passed (0.022 seconds).
Test Case '-[MyRAMTests.SyncConvergencePostCommitTests testMYR136DerivedCommittedAtOrderingPayloadMismatchRejectsCASWithoutMutation]' started.
Test Case '-[MyRAMTests.SyncConvergencePostCommitTests testMYR136DerivedCommittedAtOrderingPayloadMismatchRejectsCASWithoutMutation]' passed (0.017 seconds).
Test Case '-[MyRAMTests.SyncConvergencePostCommitTests testMYR136MatchingRootAndPriorStateCASChangesOnlyMutableState]' started.
Test Case '-[MyRAMTests.SyncConvergencePostCommitTests testMYR136MatchingRootAndPriorStateCASChangesOnlyMutableState]' passed (0.018 seconds).
Test Case '-[MyRAMTests.SyncConvergencePostCommitTests testMYR136PersistedImmutableRootFieldMatrixRejectsStaleCASWithoutMutation]' started.
Test Case '-[MyRAMTests.SyncConvergencePostCommitTests testMYR136PersistedImmutableRootFieldMatrixRejectsStaleCASWithoutMutation]' passed (0.308 seconds).
Test Case '-[MyRAMTests.SyncConvergencePostCommitTests testMYR136StaleExpectedStatePayloadRejectsCASWithoutMutation]' started.
Test Case '-[MyRAMTests.SyncConvergencePostCommitTests testMYR136StaleExpectedStatePayloadRejectsCASWithoutMutation]' passed (0.021 seconds).
Test Case '-[MyRAMTests.SyncConvergencePostCommitTests testMYR137FakeFullRootMissingDecodedWorkFailsBeforeAdaptersOrCAS]' started.
Test Case '-[MyRAMTests.SyncConvergencePostCommitTests testMYR137FakeFullRootMissingDecodedWorkFailsBeforeAdaptersOrCAS]' passed (0.002 seconds).
Test Case '-[MyRAMTests.SyncConvergencePostCommitTests testMYR137FakeStoreLoadOutcomeAndFailureMatrixStopsBeforeAdaptersOrCAS]' started.
Test Case '-[MyRAMTests.SyncConvergencePostCommitTests testMYR137FakeStoreLoadOutcomeAndFailureMatrixStopsBeforeAdaptersOrCAS]' passed (0.003 seconds).
Test Case '-[MyRAMTests.SyncConvergencePostCommitTests testMYR137FinalCASFailureModesPreserveAuthoritativeStoreStateAndImmutableWork]' started.
Test Case '-[MyRAMTests.SyncConvergencePostCommitTests testMYR137FinalCASFailureModesPreserveAuthoritativeStoreStateAndImmutableWork]' passed (0.002 seconds).
Test Case '-[MyRAMTests.SyncConvergencePostCommitTests testMYR137LegacyFailureModesClearOtherDomainsAndRetryOnlyLegacy]' started.
Test Case '-[MyRAMTests.SyncConvergencePostCommitTests testMYR137LegacyFailureModesClearOtherDomainsAndRetryOnlyLegacy]' passed (0.002 seconds).
Test Case '-[MyRAMTests.SyncConvergencePostCommitTests testMYR137MixedFailureMatrixPreservesExactPendingSetIncludingZeroCompletionBranch]' started.
Test Case '-[MyRAMTests.SyncConvergencePostCommitTests testMYR137MixedFailureMatrixPreservesExactPendingSetIncludingZeroCompletionBranch]' passed (0.013 seconds).
Test Case '-[MyRAMTests.SyncConvergencePostCommitTests testMYR137PartialCompletionSurvivesFreshSwiftDataContextAndRetryRunsOnlyRemainingDomain]' started.
Test Case '-[MyRAMTests.SyncConvergencePostCommitTests testMYR137PartialCompletionSurvivesFreshSwiftDataContextAndRetryRunsOnlyRemainingDomain]' passed (0.026 seconds).
Test Case '-[MyRAMTests.SyncConvergencePostCommitTests testMYR137PersistedLoadFailureMatrixFailsClosedWithoutMutation]' started.
Test Case '-[MyRAMTests.SyncConvergencePostCommitTests testMYR137PersistedLoadFailureMatrixFailsClosedWithoutMutation]' passed (0.091 seconds).
Test Case '-[MyRAMTests.SyncConvergencePostCommitTests testMYR137PresentationMissingNoteIsTreatedAsSatisfiedAndDrainsOtherDomains]' started.
Test Case '-[MyRAMTests.SyncConvergencePostCommitTests testMYR137PresentationMissingNoteIsTreatedAsSatisfiedAndDrainsOtherDomains]' passed (0.002 seconds).
Test Case '-[MyRAMTests.SyncConvergencePostCommitTests testMYR137PresentationPreActionLoadFailuresClearEarlierDomainsWithoutCallingAdapter]' started.
Test Case '-[MyRAMTests.SyncConvergencePostCommitTests testMYR137PresentationPreActionLoadFailuresClearEarlierDomainsWithoutCallingAdapter]' passed (0.003 seconds).
Test Case '-[MyRAMTests.SyncConvergencePostCommitTests testMYR137PresentationScriptedFailureReplaysDomainIdempotently]' started.
Test Case '-[MyRAMTests.SyncConvergencePostCommitTests testMYR137PresentationScriptedFailureReplaysDomainIdempotently]' passed (0.002 seconds).
Test Case '-[MyRAMTests.SyncConvergencePostCommitTests testMYR137QueueFailureModesClearSuccessfulLaterDomainsAndRetryOnlyQueue]' started.
Test Case '-[MyRAMTests.SyncConvergencePostCommitTests testMYR137QueueFailureModesClearSuccessfulLaterDomainsAndRetryOnlyQueue]' passed (0.072 seconds).
Test Case '-[MyRAMTests.SyncConvergencePostCommitTests testMYR137TombstoneQueueFailureRetriesWithoutCASAndDistinguishesMismatchLayers]' started.
Test Case '-[MyRAMTests.SyncConvergencePostCommitTests testMYR137TombstoneQueueFailureRetriesWithoutCASAndDistinguishesMismatchLayers]' passed (0.023 seconds).
Test Case '-[MyRAMTests.SyncConvergencePostCommitTests testMYR138CommittedFinalStateSurvivesLostCASResponseAndRelaunchesComplete]' started.
Test Case '-[MyRAMTests.SyncConvergencePostCommitTests testMYR138CommittedFinalStateSurvivesLostCASResponseAndRelaunchesComplete]' passed (0.005 seconds).
Test Case '-[MyRAMTests.SyncConvergencePostCommitTests testMYR138FailedFinalCASFreshRelaunchDecodesBytesAndAvoidsDuplicateEffects]' started.
Test Case '-[MyRAMTests.SyncConvergencePostCommitTests testMYR138FailedFinalCASFreshRelaunchDecodesBytesAndAvoidsDuplicateEffects]' passed (0.003 seconds).
Test Case '-[MyRAMTests.SyncConvergencePostCommitTests testMYR138FailedFinalCASSameContextRetryReinvokesAdaptersWithoutDuplicatingEffects]' started.
Test Case '-[MyRAMTests.SyncConvergencePostCommitTests testMYR138FailedFinalCASSameContextRetryReinvokesAdaptersWithoutDuplicatingEffects]' passed (0.002 seconds).
Test Case '-[MyRAMTests.SyncConvergencePostCommitTests testMYR138RelaunchFromEachPreCASCrashBoundaryReplaysAdaptersIdempotently]' started.
Test Case '-[MyRAMTests.SyncConvergencePostCommitTests testMYR138RelaunchFromEachPreCASCrashBoundaryReplaysAdaptersIdempotently]' passed (0.002 seconds).
Test Case '-[MyRAMTests.SyncConvergencePostCommitTests testMYR138TombstoneRelaunchAfterQueueEffectReverifiesIdempotentlyWithoutCAS]' started.
Test Case '-[MyRAMTests.SyncConvergencePostCommitTests testMYR138TombstoneRelaunchAfterQueueEffectReverifiesIdempotentlyWithoutCAS]' passed (0.001 seconds).
Test Case '-[MyRAMTests.SyncConvergencePostCommitTests testMYR158BackfillSaveFailureRollsBackAssignedIndexes]' started.
Test Case '-[MyRAMTests.SyncConvergencePostCommitTests testMYR158BackfillSaveFailureRollsBackAssignedIndexes]' passed (0.017 seconds).
Test Case '-[MyRAMTests.SyncConvergencePostCommitTests testMYR158CASGuardPrecedenceIgnoresLaterIndexContradictions]' started.
Test Case '-[MyRAMTests.SyncConvergencePostCommitTests testMYR158CASGuardPrecedenceIgnoresLaterIndexContradictions]' passed (0.062 seconds).
Test Case '-[MyRAMTests.SyncConvergencePostCommitTests testMYR158CASPostSaveContradictionReturnsTypedFailure]' started.
Test Case '-[MyRAMTests.SyncConvergencePostCommitTests testMYR158CASPostSaveContradictionReturnsTypedFailure]' passed (0.019 seconds).
Test Case '-[MyRAMTests.SyncConvergencePostCommitTests testMYR158CASPostSaveUnexpectedSelfConsistentStateReturnsPersistence]' started.
Test Case '-[MyRAMTests.SyncConvergencePostCommitTests testMYR158CASPostSaveUnexpectedSelfConsistentStateReturnsPersistence]' passed (0.021 seconds).
Test Case '-[MyRAMTests.SyncConvergencePostCommitTests testMYR158CASSaveFailureRollsBackStateAndIndex]' started.
Test Case '-[MyRAMTests.SyncConvergencePostCommitTests testMYR158CASSaveFailureRollsBackStateAndIndex]' passed (0.024 seconds).
Test Case '-[MyRAMTests.SyncConvergencePostCommitTests testMYR158CompletedLegacyBackfillDoesNotValidateImmutableWorkPayload]' started.
Test Case '-[MyRAMTests.SyncConvergencePostCommitTests testMYR158CompletedLegacyBackfillDoesNotValidateImmutableWorkPayload]' passed (0.017 seconds).
Test Case '-[MyRAMTests.SyncConvergencePostCommitTests testMYR158ContradictoryIndexesFailClosed]' started.
Test Case '-[MyRAMTests.SyncConvergencePostCommitTests testMYR158ContradictoryIndexesFailClosed]' passed (0.015 seconds).
Test Case '-[MyRAMTests.SyncConvergencePostCommitTests testMYR158ContradictoryPendingWorkPhaseOneDoesNotPersistBackfill]' started.
Test Case '-[MyRAMTests.SyncConvergencePostCommitTests testMYR158ContradictoryPendingWorkPhaseOneDoesNotPersistBackfill]' passed (0.012 seconds).
Test Case '-[MyRAMTests.SyncConvergencePostCommitTests testMYR158DirectNilReadsRemainNonmutatingUntilGlobalLoadBackfills]' started.
Test Case '-[MyRAMTests.SyncConvergencePostCommitTests testMYR158DirectNilReadsRemainNonmutatingUntilGlobalLoadBackfills]' passed (0.014 seconds).
Test Case '-[MyRAMTests.SyncConvergencePostCommitTests testMYR158DirtySharedContextBackfillsWithoutSavingOrRollingBackCallerChanges]' started.
Test Case '-[MyRAMTests.SyncConvergencePostCommitTests testMYR158DirtySharedContextBackfillsWithoutSavingOrRollingBackCallerChanges]' passed (0.012 seconds).
Test Case '-[MyRAMTests.SyncConvergencePostCommitTests testMYR158IndexedPendingSelectionSkipsCompletedHistory]' started.
Test Case '-[MyRAMTests.SyncConvergencePostCommitTests testMYR158IndexedPendingSelectionSkipsCompletedHistory]' passed (0.075 seconds).
Test Case '-[MyRAMTests.SyncConvergencePostCommitTests testMYR158LegacyNilSuccessfulCASWritesDerivedIndex]' started.
Test Case '-[MyRAMTests.SyncConvergencePostCommitTests testMYR158LegacyNilSuccessfulCASWritesDerivedIndex]' passed (0.023 seconds).
Test Case '-[MyRAMTests.SyncConvergencePostCommitTests testMYR158LegacyRowsBackfillOnceAndThenStayBounded]' started.
Test Case '-[MyRAMTests.SyncConvergencePostCommitTests testMYR158LegacyRowsBackfillOnceAndThenStayBounded]' passed (0.148 seconds).
Test Case '-[MyRAMTests.SyncConvergencePostCommitTests testMYR158MalformedPendingWorkPhaseOneDoesNotPersistBackfill]' started.
Test Case '-[MyRAMTests.SyncConvergencePostCommitTests testMYR158MalformedPendingWorkPhaseOneDoesNotPersistBackfill]' passed (0.010 seconds).
Test Case '-[MyRAMTests.SyncConvergencePostCommitTests testMYR158PhaseOneFailureDoesNotPersistPartialBackfill]' started.
Test Case '-[MyRAMTests.SyncConvergencePostCommitTests testMYR158PhaseOneFailureDoesNotPersistPartialBackfill]' passed (0.010 seconds).
Test Case '-[MyRAMTests.SyncConvergencePostCommitTests testMYR158RuntimeCompletedOnlyLegacyBackfillPreservesDirtyCallerState]' started.
Test Case '-[MyRAMTests.SyncConvergencePostCommitTests testMYR158RuntimeCompletedOnlyLegacyBackfillPreservesDirtyCallerState]' passed (0.011 seconds).
Test Case '-[MyRAMTests.SyncConvergencePostCommitTests testMYR158RuntimePendingLegacyRecoveryIsNotCorruptHistory]' started.
2026-08-04 17:09:14.954696+0000 MyRAM[4775:23686] [ModelContext] SwiftData.ModelContext: Unbinding from the main queue. This context was instantiated on the main queue but is being used off it. ModelContexts are not Sendable, consider using a ModelActor.
Test Case '-[MyRAMTests.SyncConvergencePostCommitTests testMYR158RuntimePendingLegacyRecoveryIsNotCorruptHistory]' passed (0.019 seconds).
Test Case '-[MyRAMTests.SyncConvergencePostCommitTests testMYR158UnindexedPendingRowIsIncludedByNullPredicateAndBackfilled]' started.
Test Case '-[MyRAMTests.SyncConvergencePostCommitTests testMYR158UnindexedPendingRowIsIncludedByNullPredicateAndBackfilled]' passed (0.011 seconds).
Test Case '-[MyRAMTests.SyncConvergencePostCommitTests testMYR162PresentationSupersededByLaterPendingRequestIsTreatedAsSatisfied]' started.
Test Case '-[MyRAMTests.SyncConvergencePostCommitTests testMYR162PresentationSupersededByLaterPendingRequestIsTreatedAsSatisfied]' passed (0.001 seconds).
Test Case '-[MyRAMTests.SyncConvergencePostCommitTests testMYR165IdempotentRedeliveryRetriesScopedPostCommitWithoutBlockingOtherWork]' started.
2026-08-04 17:09:14.987094+0000 MyRAM[4775:21268] [ModelContext] SwiftData.ModelContext: Unbinding from the main queue. This context was instantiated on the main queue but is being used off it. ModelContexts are not Sendable, consider using a ModelActor.
Test Case '-[MyRAMTests.SyncConvergencePostCommitTests testMYR165IdempotentRedeliveryRetriesScopedPostCommitWithoutBlockingOtherWork]' passed (0.050 seconds).
Test Case '-[MyRAMTests.SyncConvergencePostCommitTests testMYR165PostCommitDeferredWorkDoesNotSurfaceAnIOSError]' started.
Test Case '-[MyRAMTests.SyncConvergencePostCommitTests testMYR165PostCommitDeferredWorkDoesNotSurfaceAnIOSError]' passed (0.001 seconds).
Test Case '-[MyRAMTests.SyncConvergencePostCommitTests testMYR165PresentationNotSupersededByLaterMetadataOnlyRequest]' started.
Test Case '-[MyRAMTests.SyncConvergencePostCommitTests testMYR165PresentationNotSupersededByLaterMetadataOnlyRequest]' passed (0.001 seconds).
Test Case '-[MyRAMTests.SyncConvergencePostCommitTests testMYR165PresentationPendingBacklogDefersOnlyItsNoteAndCompletesOtherWork]' started.
2026-08-04 17:09:15.040723+0000 MyRAM[4775:23686] [ModelContext] SwiftData.ModelContext: Unbinding from the main queue. This context was instantiated on the main queue but is being used off it. ModelContexts are not Sendable, consider using a ModelActor.
Test Case '-[MyRAMTests.SyncConvergencePostCommitTests testMYR165PresentationPendingBacklogDefersOnlyItsNoteAndCompletesOtherWork]' passed (0.017 seconds).
Test Case '-[MyRAMTests.SyncConvergencePostCommitTests testMYR165RealStoreThreadsPresentationRoutingThroughPendingRequests]' started.
Test Case '-[MyRAMTests.SyncConvergencePostCommitTests testMYR165RealStoreThreadsPresentationRoutingThroughPendingRequests]' passed (0.010 seconds).
Test Case '-[MyRAMTests.SyncConvergencePostCommitTests testMYR165RuntimeScopesOnlyPresentationPendingWork]' started.
Test Case '-[MyRAMTests.SyncConvergencePostCommitTests testMYR165RuntimeScopesOnlyPresentationPendingWork]' passed (0.001 seconds).
Test Case '-[MyRAMTests.SyncConvergencePostCommitTests testNonthrowingQueueRemovalPreservesPriorInMemoryFailureSemantics]' started.
Test Case '-[MyRAMTests.SyncConvergencePostCommitTests testNonthrowingQueueRemovalPreservesPriorInMemoryFailureSemantics]' passed (0.002 seconds).
Test Case '-[MyRAMTests.SyncConvergencePostCommitTests testPostCommitPayloadAllowsMissingExpectedPreHashAndMissingFirstBaseHash]' started.
Test Case '-[MyRAMTests.SyncConvergencePostCommitTests testPostCommitPayloadAllowsMissingExpectedPreHashAndMissingFirstBaseHash]' passed (0.001 seconds).
Test Case '-[MyRAMTests.SyncConvergencePostCommitTests testPostCommitPayloadRejectsMalformedOperationIdentity]' started.
Test Case '-[MyRAMTests.SyncConvergencePostCommitTests testPostCommitPayloadRejectsMalformedOperationIdentity]' passed (0.001 seconds).
Test Case '-[MyRAMTests.SyncConvergencePostCommitTests testPostCommitPayloadRejectsMissingFirstBaseHashWhenExpectedPreHashExists]' started.
Test Case '-[MyRAMTests.SyncConvergencePostCommitTests testPostCommitPayloadRejectsMissingFirstBaseHashWhenExpectedPreHashExists]' passed (0.001 seconds).
Test Case '-[MyRAMTests.SyncConvergencePostCommitTests testPostCommitPayloadRejectsMissingIntermediateBaseHash]' started.
Test Case '-[MyRAMTests.SyncConvergencePostCommitTests testPostCommitPayloadRejectsMissingIntermediateBaseHash]' passed (0.001 seconds).
Test Case '-[MyRAMTests.SyncConvergencePostCommitTests testPostCommitPayloadRejectsOperationHashChainMismatch]' started.
Test Case '-[MyRAMTests.SyncConvergencePostCommitTests testPostCommitPayloadRejectsOperationHashChainMismatch]' passed (0.001 seconds).
Test Case '-[MyRAMTests.SyncConvergencePostCommitTests testPostCommitPayloadValidationMatrixRejectsContradictoryPresentationEntries]' started.
Test Case '-[MyRAMTests.SyncConvergencePostCommitTests testPostCommitPayloadValidationMatrixRejectsContradictoryPresentationEntries]' passed (0.001 seconds).
Test Case '-[MyRAMTests.SyncConvergencePostCommitTests testPrePayloadPendingRootFailsClosedBeforeAdapters]' started.
Test Case '-[MyRAMTests.SyncConvergencePostCommitTests testPrePayloadPendingRootFailsClosedBeforeAdapters]' passed (0.001 seconds).
Test Case '-[MyRAMTests.SyncConvergencePostCommitTests testPresentationRequestsUseAuthoritativeCommittedStateInDeterministicOrder]' started.
Test Case '-[MyRAMTests.SyncConvergencePostCommitTests testPresentationRequestsUseAuthoritativeCommittedStateInDeterministicOrder]' passed (0.002 seconds).
Test Case '-[MyRAMTests.SyncConvergencePostCommitTests testQueueFailureDoesNotBlockPresentationProgress]' started.
Test Case '-[MyRAMTests.SyncConvergencePostCommitTests testQueueFailureDoesNotBlockPresentationProgress]' passed (0.001 seconds).
Test Case '-[MyRAMTests.SyncConvergencePostCommitTests testRepresentativeWorkPayloadGoldenDigestPinsStableEncoding]' started.
Test Case '-[MyRAMTests.SyncConvergencePostCommitTests testRepresentativeWorkPayloadGoldenDigestPinsStableEncoding]' passed (0.002 seconds).
Test Case '-[MyRAMTests.SyncConvergencePostCommitTests testRuntimeRejectsAnchoredRemoteAndLocalSubmissionBeforePersistence]' started.
Test Case '-[MyRAMTests.SyncConvergencePostCommitTests testRuntimeRejectsAnchoredRemoteAndLocalSubmissionBeforePersistence]' passed (0.008 seconds).
Test Case '-[MyRAMTests.SyncConvergencePostCommitTests testSameExecutorInstanceSerializesOverlappingRuns]' started.
Test Case '-[MyRAMTests.SyncConvergencePostCommitTests testSameExecutorInstanceSerializesOverlappingRuns]' passed (0.054 seconds).
Test Case '-[MyRAMTests.SyncConvergencePostCommitTests testSwiftDataStoreReloadsAfterPartialAndFullClearWithRetainedWorkPayload]' started.
Test Case '-[MyRAMTests.SyncConvergencePostCommitTests testSwiftDataStoreReloadsAfterPartialAndFullClearWithRetainedWorkPayload]' passed (0.012 seconds).
Test Case '-[MyRAMTests.SyncConvergencePostCommitTests testThrowingQueueRemovalRemovesExactlyRequestedIDsAndPreservesOrder]' started.
Test Case '-[MyRAMTests.SyncConvergencePostCommitTests testThrowingQueueRemovalRemovesExactlyRequestedIDsAndPreservesOrder]' passed (0.003 seconds).
Test Case '-[MyRAMTests.SyncConvergencePostCommitTests testThrowingQueueRemovalRestoresExactQueueOnPersistenceFailure]' started.
Test Case '-[MyRAMTests.SyncConvergencePostCommitTests testThrowingQueueRemovalRestoresExactQueueOnPersistenceFailure]' passed (0.002 seconds).
Test Case '-[MyRAMTests.SyncConvergencePostCommitTests testTombstoneCleanupRemovesOnlyVerifiedSourceBatchID]' started.
Test Case '-[MyRAMTests.SyncConvergencePostCommitTests testTombstoneCleanupRemovesOnlyVerifiedSourceBatchID]' passed (0.001 seconds).
Test Case '-[MyRAMTests.SyncConvergencePostCommitTests testWorkPayloadAllowsClearedFlagsWithRetainedEvidence]' started.
Test Case '-[MyRAMTests.SyncConvergencePostCommitTests testWorkPayloadAllowsClearedFlagsWithRetainedEvidence]' passed (0.001 seconds).
Test Suite 'SyncConvergencePostCommitTests' passed at 2026-08-04 17:09:15.196.
	 Executed 75 tests, with 0 failures (0 unexpected) in 1.600 (1.839) seconds
Test Suite 'SyncConvergenceRewriteSafetyPolicyTests' started at 2026-08-04 17:09:15.223.
Test Case '-[MyRAMTests.SyncConvergenceRewriteSafetyPolicyTests testDuplicateDeleteIdentityIsRejected]' started.
Test Case '-[MyRAMTests.SyncConvergenceRewriteSafetyPolicyTests testDuplicateDeleteIdentityIsRejected]' passed (0.001 seconds).
Test Case '-[MyRAMTests.SyncConvergenceRewriteSafetyPolicyTests testEmptyEvidenceAndMismatchedExpectedTextCannotProveLoss]' started.
Test Case '-[MyRAMTests.SyncConvergenceRewriteSafetyPolicyTests testEmptyEvidenceAndMismatchedExpectedTextCannotProveLoss]' passed (0.001 seconds).
Test Case '-[MyRAMTests.SyncConvergenceRewriteSafetyPolicyTests testIdenticalNonEmptyBodyConsumesNoEvidence]' started.
Test Case '-[MyRAMTests.SyncConvergenceRewriteSafetyPolicyTests testIdenticalNonEmptyBodyConsumesNoEvidence]' passed (0.001 seconds).
Test Case '-[MyRAMTests.SyncConvergenceRewriteSafetyPolicyTests testMultiCharacterEvidenceCoversOnlyItsExactMultiset]' started.
Test Case '-[MyRAMTests.SyncConvergenceRewriteSafetyPolicyTests testMultiCharacterEvidenceCoversOnlyItsExactMultiset]' passed (0.001 seconds).
Test Case '-[MyRAMTests.SyncConvergenceRewriteSafetyPolicyTests testOffsetDriftDoesNotInvalidateExpectedTextProof]' started.
Test Case '-[MyRAMTests.SyncConvergenceRewriteSafetyPolicyTests testOffsetDriftDoesNotInvalidateExpectedTextProof]' passed (0.001 seconds).
Test Case '-[MyRAMTests.SyncConvergenceRewriteSafetyPolicyTests testOneProofCoversOnlyOneDuplicateOccurrence]' started.
Test Case '-[MyRAMTests.SyncConvergenceRewriteSafetyPolicyTests testOneProofCoversOnlyOneDuplicateOccurrence]' passed (0.001 seconds).
Test Case '-[MyRAMTests.SyncConvergenceRewriteSafetyPolicyTests testPreservationInsertionAndReorderAreSafe]' started.
Test Case '-[MyRAMTests.SyncConvergenceRewriteSafetyPolicyTests testPreservationInsertionAndReorderAreSafe]' passed (0.003 seconds).
Test Case '-[MyRAMTests.SyncConvergenceRewriteSafetyPolicyTests testReorderPlusExplicitDeleteIsSafe]' started.
Test Case '-[MyRAMTests.SyncConvergenceRewriteSafetyPolicyTests testReorderPlusExplicitDeleteIsSafe]' passed (0.001 seconds).
Test Case '-[MyRAMTests.SyncConvergenceRewriteSafetyPolicyTests testUnprovenDuplicateDropIsUnsafe]' started.
Test Case '-[MyRAMTests.SyncConvergenceRewriteSafetyPolicyTests testUnprovenDuplicateDropIsUnsafe]' passed (0.001 seconds).
Test Case '-[MyRAMTests.SyncConvergenceRewriteSafetyPolicyTests testWhitespaceAndUnicodeRequireExactUTF16Evidence]' started.
Test Case '-[MyRAMTests.SyncConvergenceRewriteSafetyPolicyTests testWhitespaceAndUnicodeRequireExactUTF16Evidence]' passed (0.001 seconds).
Test Case '-[MyRAMTests.SyncConvergenceRewriteSafetyPolicyTests testWhitespaceOmissionRequiresExplicitEvidence]' started.
Test Case '-[MyRAMTests.SyncConvergenceRewriteSafetyPolicyTests testWhitespaceOmissionRequiresExplicitEvidence]' passed (0.001 seconds).
Test Suite 'SyncConvergenceRewriteSafetyPolicyTests' passed at 2026-08-04 17:09:15.238.
	 Executed 11 tests, with 0 failures (0 unexpected) in 0.012 (0.016) seconds
Test Suite 'UIKitEditorSyncBridgeTests' started at 2026-08-04 17:09:15.241.
Test Case '-[MyRAMTests.UIKitEditorSyncBridgeTests testBridgeSuppressesDelegateBoundaryDuringRemoteApply]' started.
Test Case '-[MyRAMTests.UIKitEditorSyncBridgeTests testBridgeSuppressesDelegateBoundaryDuringRemoteApply]' passed (0.012 seconds).
Test Case '-[MyRAMTests.UIKitEditorSyncBridgeTests testDeletionBeforeSelectionMapsBackwardWithoutReload]' started.
Test Case '-[MyRAMTests.UIKitEditorSyncBridgeTests testDeletionBeforeSelectionMapsBackwardWithoutReload]' passed (0.003 seconds).
Test Case '-[MyRAMTests.UIKitEditorSyncBridgeTests testDeletionMismatchRequiresReloadWithoutMutating]' started.
Test Case '-[MyRAMTests.UIKitEditorSyncBridgeTests testDeletionMismatchRequiresReloadWithoutMutating]' passed (0.003 seconds).
Test Case '-[MyRAMTests.UIKitEditorSyncBridgeTests testEmptyMutationAuthoritativeBodyMismatchRequiresReload]' started.
Test Case '-[MyRAMTests.UIKitEditorSyncBridgeTests testEmptyMutationAuthoritativeBodyMismatchRequiresReload]' passed (0.003 seconds).
Test Case '-[MyRAMTests.UIKitEditorSyncBridgeTests testEmptyMutationBatchComparesAuthoritativeBodyOnce]' started.
Test Case '-[MyRAMTests.UIKitEditorSyncBridgeTests testEmptyMutationBatchComparesAuthoritativeBodyOnce]' passed (0.003 seconds).
Test Case '-[MyRAMTests.UIKitEditorSyncBridgeTests testLargeTopInsertionPreservesSelectionAndScroll]' started.
Test Case '-[MyRAMTests.UIKitEditorSyncBridgeTests testLargeTopInsertionPreservesSelectionAndScroll]' passed (0.008 seconds).
Test Case '-[MyRAMTests.UIKitEditorSyncBridgeTests testMarkedTextEndPublishesOnceWithoutContentChange]' started.
Test Case '-[MyRAMTests.UIKitEditorSyncBridgeTests testMarkedTextEndPublishesOnceWithoutContentChange]' passed (0.001 seconds).
Test Case '-[MyRAMTests.UIKitEditorSyncBridgeTests testNativeUndoCompletionClearsUnsafeStateBeforeResumingOnce]' started.
Test Case '-[MyRAMTests.UIKitEditorSyncBridgeTests testNativeUndoCompletionClearsUnsafeStateBeforeResumingOnce]' passed (0.000 seconds).
Test Case '-[MyRAMTests.UIKitEditorSyncBridgeTests testNonSelectedBatchIsIgnored]' started.
Test Case '-[MyRAMTests.UIKitEditorSyncBridgeTests testNonSelectedBatchIsIgnored]' passed (0.003 seconds).
Test Case '-[MyRAMTests.UIKitEditorSyncBridgeTests testPartialApplicationRequiresRecovery]' started.
Test Case '-[MyRAMTests.UIKitEditorSyncBridgeTests testPartialApplicationRequiresRecovery]' passed (0.003 seconds).
Test Case '-[MyRAMTests.UIKitEditorSyncBridgeTests testPostApplyAuthoritativeBodyMismatchSuppressesPublishAndClearsUndo]' started.
Test Case '-[MyRAMTests.UIKitEditorSyncBridgeTests testPostApplyAuthoritativeBodyMismatchSuppressesPublishAndClearsUndo]' passed (0.003 seconds).
Test Case '-[MyRAMTests.UIKitEditorSyncBridgeTests testSustainedRemoteTypingBatchPublishesOnce]' started.
Test Case '-[MyRAMTests.UIKitEditorSyncBridgeTests testSustainedRemoteTypingBatchPublishesOnce]' passed (0.003 seconds).
Test Case '-[MyRAMTests.UIKitEditorSyncBridgeTests testValidDeletionRequiresExactDeletedText]' started.
Test Case '-[MyRAMTests.UIKitEditorSyncBridgeTests testValidDeletionRequiresExactDeletedText]' passed (0.011 seconds).
Test Case '-[MyRAMTests.UIKitEditorSyncBridgeTests testValidInsertionMutatesTextStorageAndPublishesOnce]' started.
Test Case '-[MyRAMTests.UIKitEditorSyncBridgeTests testValidInsertionMutatesTextStorageAndPublishesOnce]' passed (0.003 seconds).
Test Suite 'UIKitEditorSyncBridgeTests' passed at 2026-08-04 17:09:15.354.
	 Executed 14 tests, with 0 failures (0 unexpected) in 0.059 (0.113) seconds
Test Suite 'MyRAMTests.xctest' failed at 2026-08-04 17:09:15.354.
	 Executed 1072 tests, with 1 failure (1 unexpected) in 42.623 (59.822) seconds
Test Suite 'All tests' failed at 2026-08-04 17:09:15.355.
	 Executed 1072 tests, with 1 failure (1 unexpected) in 42.623 (59.823) seconds
2026-08-04 17:10:56.347 xcodebuild[1607:8528] [MT] IDETestOperationsObserverDebug: 285.357 elapsed -- Testing started completed.
2026-08-04 17:10:56.348 xcodebuild[1607:8528] [MT] IDETestOperationsObserverDebug: 0.000 sec, +0.000 sec -- start
2026-08-04 17:10:56.348 xcodebuild[1607:8528] [MT] IDETestOperationsObserverDebug: 285.357 sec, +285.357 sec -- end

Test session results, code coverage, and logs:
	/tmp/MYR175-AppClosure-iOS-DD/Logs/Test/Test-MyRAM-2026.08.04_17-04-42-+0000.xcresult

Failing tests:
	SwiftDataNoteSequenceStateStoreTests.testSemanticRunAndFragmentOrderAreRejectedWithoutNormalization()

** TEST FAILED **

Testing started
