Command line invocation:
    /Applications/Xcode_26.5.app/Contents/Developer/usr/bin/xcodebuild -project MyRAM.xcodeproj -scheme MyRAMMac -destination platform=macOS -parallel-testing-enabled NO -derivedDataPath /tmp/MYR175-Classify-Baseline-Mac DEVELOPMENT_TEAM= CODE_SIGN_STYLE=Manual CODE_SIGN_IDENTITY=- AD_HOC_CODE_SIGNING_ALLOWED=YES PROVISIONING_PROFILE= PROVISIONING_PROFILE_SPECIFIER= test "-only-testing:MyRAMMacTests/SyncConvergencePlanningTests"

Build settings from command line:
    AD_HOC_CODE_SIGNING_ALLOWED = YES
    CODE_SIGN_IDENTITY = -
    CODE_SIGN_STYLE = Manual
    DEVELOPMENT_TEAM = 
    PROVISIONING_PROFILE = 
    PROVISIONING_PROFILE_SPECIFIER = 

Resolve Package Graph


Resolved source packages:
  NearbySyncCore: /Users/runner/work/MyRAM-iOS/MyRAM-iOS/NearbySyncCore @ local
  AnchoredSequenceCore: /Users/runner/work/MyRAM-iOS/MyRAM-iOS/Baseline/Packages/AnchoredSequenceCore @ local

--- xcodebuild: WARNING: Using the first of multiple matching destinations:
{ platform:macOS, arch:arm64, id:b4b4d35470579a3056384a8b618241032f2d84e4, name:My Mac }
{ platform:macOS, arch:x86_64, id:b4b4d35470579a3056384a8b618241032f2d84e4, name:My Mac }
note: Using codesigning identity override: -
ComputePackagePrebuildTargetDependencyGraph

Prepare packages

CreateBuildRequest

SendProjectDescription

CreateBuildOperation

ComputeTargetDependencyGraph
note: Building targets in dependency order
note: Target dependency graph (7 targets)
    Target 'MyRAMMacTests' in project 'MyRAM'
        ➜ Explicit dependency on target 'MyRAMMac' in project 'MyRAM'
        ➜ Explicit dependency on target 'AnchoredSequenceCore' in project 'AnchoredSequenceCore'
    Target 'MyRAMMac' in project 'MyRAM'
        ➜ Explicit dependency on target 'MyRAMMacWidgetExtension' in project 'MyRAM'
        ➜ Explicit dependency on target 'NearbySyncCore' in project 'NearbySyncCore'
        ➜ Explicit dependency on target 'AnchoredSequenceCore' in project 'AnchoredSequenceCore'
    Target 'AnchoredSequenceCore' in project 'AnchoredSequenceCore'
        ➜ Explicit dependency on target 'AnchoredSequenceCore' in project 'AnchoredSequenceCore'
    Target 'AnchoredSequenceCore' in project 'AnchoredSequenceCore' (no dependencies)
    Target 'NearbySyncCore' in project 'NearbySyncCore'
        ➜ Explicit dependency on target 'NearbySyncCore' in project 'NearbySyncCore'
    Target 'NearbySyncCore' in project 'NearbySyncCore' (no dependencies)
    Target 'MyRAMMacWidgetExtension' in project 'MyRAM' (no dependencies)

GatherProvisioningInputs

CreateBuildDescription

ExecuteExternalTool /Applications/Xcode_26.5.app/Contents/Developer/usr/bin/actool --version --output-format xml1

ExecuteExternalTool /Applications/Xcode_26.5.app/Contents/Developer/Toolchains/XcodeDefault.xctoolchain/usr/bin/swiftc --version

ExecuteExternalTool /Applications/Xcode_26.5.app/Contents/Developer/Toolchains/XcodeDefault.xctoolchain/usr/bin/ld -version_details

ExecuteExternalTool /Applications/Xcode_26.5.app/Contents/Developer/Toolchains/XcodeDefault.xctoolchain/usr/bin/clang -v -E -dM -isysroot /Applications/Xcode_26.5.app/Contents/Developer/Platforms/MacOSX.platform/Developer/SDKs/MacOSX26.5.sdk -x c -c /dev/null

Build description signature: c2098176990f6e50b2c2d70a879ec7b8
Build description path: /tmp/MYR175-Classify-Baseline-Mac/Build/Intermediates.noindex/XCBuildData/c2098176990f6e50b2c2d70a879ec7b8.xcbuilddata
ClangStatCache /Applications/Xcode_26.5.app/Contents/Developer/Toolchains/XcodeDefault.xctoolchain/usr/bin/clang-stat-cache /Applications/Xcode_26.5.app/Contents/Developer/Platforms/MacOSX.platform/Developer/SDKs/MacOSX26.5.sdk /tmp/MYR175-Classify-Baseline-Mac/SDKStatCaches.noindex/macosx26.5-25F70-688ef53f1462e2c8f657fdc38a81448f3599ee76dc2a8020dfcb4b41ead48a8c.sdkstatcache
    cd /Users/runner/work/MyRAM-iOS/MyRAM-iOS/Baseline/MyRAM.xcodeproj
    /Applications/Xcode_26.5.app/Contents/Developer/Toolchains/XcodeDefault.xctoolchain/usr/bin/clang-stat-cache /Applications/Xcode_26.5.app/Contents/Developer/Platforms/MacOSX.platform/Developer/SDKs/MacOSX26.5.sdk -o /tmp/MYR175-Classify-Baseline-Mac/SDKStatCaches.noindex/macosx26.5-25F70-688ef53f1462e2c8f657fdc38a81448f3599ee76dc2a8020dfcb4b41ead48a8c.sdkstatcache

CreateBuildDirectory /tmp/MYR175-Classify-Baseline-Mac/Build/Products
    cd /Users/runner/work/MyRAM-iOS/MyRAM-iOS/Baseline/MyRAM.xcodeproj
    builtin-create-build-directory /tmp/MYR175-Classify-Baseline-Mac/Build/Products

CreateBuildDirectory /tmp/MYR175-Classify-Baseline-Mac/Build/Intermediates.noindex
    cd /Users/runner/work/MyRAM-iOS/MyRAM-iOS/Baseline/MyRAM.xcodeproj
    builtin-create-build-directory /tmp/MYR175-Classify-Baseline-Mac/Build/Intermediates.noindex

WriteAuxiliaryFile /tmp/MYR175-Classify-Baseline-Mac/Build/Intermediates.noindex/MyRAM.build/Debug/MyRAM-98a9cbde253e8e955bc92731eb290203-VFS/all-product-headers.yaml
    cd /Users/runner/work/MyRAM-iOS/MyRAM-iOS/Baseline/MyRAM.xcodeproj
    write-file /tmp/MYR175-Classify-Baseline-Mac/Build/Intermediates.noindex/MyRAM.build/Debug/MyRAM-98a9cbde253e8e955bc92731eb290203-VFS/all-product-headers.yaml

CreateBuildDirectory /tmp/MYR175-Classify-Baseline-Mac/Build/Products/Debug
    cd /Users/runner/work/MyRAM-iOS/MyRAM-iOS/Baseline/MyRAM.xcodeproj
    builtin-create-build-directory /tmp/MYR175-Classify-Baseline-Mac/Build/Products/Debug

CreateBuildDirectory /tmp/MYR175-Classify-Baseline-Mac/Build/Intermediates.noindex/SwiftExplicitPrecompiledModules
    cd /Users/runner/work/MyRAM-iOS/MyRAM-iOS/Baseline/MyRAM.xcodeproj
    builtin-create-build-directory /tmp/MYR175-Classify-Baseline-Mac/Build/Intermediates.noindex/SwiftExplicitPrecompiledModules

CreateBuildDirectory /tmp/MYR175-Classify-Baseline-Mac/Build/Intermediates.noindex/ExplicitPrecompiledModules
    cd /Users/runner/work/MyRAM-iOS/MyRAM-iOS/Baseline/MyRAM.xcodeproj
    builtin-create-build-directory /tmp/MYR175-Classify-Baseline-Mac/Build/Intermediates.noindex/ExplicitPrecompiledModules

CreateBuildDirectory /tmp/MYR175-Classify-Baseline-Mac/Build/Intermediates.noindex/EagerLinkingTBDs/Debug
    cd /Users/runner/work/MyRAM-iOS/MyRAM-iOS/Baseline/MyRAM.xcodeproj
    builtin-create-build-directory /tmp/MYR175-Classify-Baseline-Mac/Build/Intermediates.noindex/EagerLinkingTBDs/Debug

CreateBuildDirectory /tmp/MYR175-Classify-Baseline-Mac/Build/Products/Debug/PackageFrameworks
    cd /Users/runner/work/MyRAM-iOS/MyRAM-iOS/Baseline/MyRAM.xcodeproj
    builtin-create-build-directory /tmp/MYR175-Classify-Baseline-Mac/Build/Products/Debug/PackageFrameworks

WriteAuxiliaryFile /tmp/MYR175-Classify-Baseline-Mac/Build/Intermediates.noindex/MyRAM.build/Debug/MyRAMMacTests.build/MyRAMMacTests.hmap (in target 'MyRAMMacTests' from project 'MyRAM')
    cd /Users/runner/work/MyRAM-iOS/MyRAM-iOS/Baseline
    write-file /tmp/MYR175-Classify-Baseline-Mac/Build/Intermediates.noindex/MyRAM.build/Debug/MyRAMMacTests.build/MyRAMMacTests.hmap

WriteAuxiliaryFile /tmp/MYR175-Classify-Baseline-Mac/Build/Intermediates.noindex/MyRAM.build/Debug/MyRAMMacTests.build/empty-MyRAMMacTests.plist (in target 'MyRAMMacTests' from project 'MyRAM')
    cd /Users/runner/work/MyRAM-iOS/MyRAM-iOS/Baseline
    write-file /tmp/MYR175-Classify-Baseline-Mac/Build/Intermediates.noindex/MyRAM.build/Debug/MyRAMMacTests.build/empty-MyRAMMacTests.plist

WriteAuxiliaryFile /tmp/MYR175-Classify-Baseline-Mac/Build/Intermediates.noindex/NearbySyncCore.build/Debug/NearbySyncCore.build/Objects-normal/arm64/NearbySyncCore_const_extract_protocols.json (in target 'NearbySyncCore' from project 'NearbySyncCore')
    cd /Users/runner/work/MyRAM-iOS/MyRAM-iOS/NearbySyncCore
    write-file /tmp/MYR175-Classify-Baseline-Mac/Build/Intermediates.noindex/NearbySyncCore.build/Debug/NearbySyncCore.build/Objects-normal/arm64/NearbySyncCore_const_extract_protocols.json

WriteAuxiliaryFile /tmp/MYR175-Classify-Baseline-Mac/Build/Intermediates.noindex/NearbySyncCore.build/Debug/NearbySyncCore.build/Objects-normal/arm64/NearbySyncCore.SwiftFileList (in target 'NearbySyncCore' from project 'NearbySyncCore')
    cd /Users/runner/work/MyRAM-iOS/MyRAM-iOS/NearbySyncCore
    write-file /tmp/MYR175-Classify-Baseline-Mac/Build/Intermediates.noindex/NearbySyncCore.build/Debug/NearbySyncCore.build/Objects-normal/arm64/NearbySyncCore.SwiftFileList

WriteAuxiliaryFile /tmp/MYR175-Classify-Baseline-Mac/Build/Intermediates.noindex/NearbySyncCore.build/Debug/NearbySyncCore.build/Objects-normal/arm64/NearbySyncCore.SwiftConstValuesFileList (in target 'NearbySyncCore' from project 'NearbySyncCore')
    cd /Users/runner/work/MyRAM-iOS/MyRAM-iOS/NearbySyncCore
    write-file /tmp/MYR175-Classify-Baseline-Mac/Build/Intermediates.noindex/NearbySyncCore.build/Debug/NearbySyncCore.build/Objects-normal/arm64/NearbySyncCore.SwiftConstValuesFileList

WriteAuxiliaryFile /tmp/MYR175-Classify-Baseline-Mac/Build/Intermediates.noindex/NearbySyncCore.build/Debug/NearbySyncCore.build/Objects-normal/arm64/NearbySyncCore.LinkFileList (in target 'NearbySyncCore' from project 'NearbySyncCore')
    cd /Users/runner/work/MyRAM-iOS/MyRAM-iOS/NearbySyncCore
    write-file /tmp/MYR175-Classify-Baseline-Mac/Build/Intermediates.noindex/NearbySyncCore.build/Debug/NearbySyncCore.build/Objects-normal/arm64/NearbySyncCore.LinkFileList

WriteAuxiliaryFile /tmp/MYR175-Classify-Baseline-Mac/Build/Intermediates.noindex/NearbySyncCore.build/Debug/NearbySyncCore.build/Objects-normal/arm64/NearbySyncCore-OutputFileMap.json (in target 'NearbySyncCore' from project 'NearbySyncCore')
    cd /Users/runner/work/MyRAM-iOS/MyRAM-iOS/NearbySyncCore
    write-file /tmp/MYR175-Classify-Baseline-Mac/Build/Intermediates.noindex/NearbySyncCore.build/Debug/NearbySyncCore.build/Objects-normal/arm64/NearbySyncCore-OutputFileMap.json

WriteAuxiliaryFile /tmp/MYR175-Classify-Baseline-Mac/Build/Intermediates.noindex/NearbySyncCore.build/Debug/NearbySyncCore.build/NearbySyncCore.modulemap (in target 'NearbySyncCore' from project 'NearbySyncCore')
    cd /Users/runner/work/MyRAM-iOS/MyRAM-iOS/NearbySyncCore
    write-file /tmp/MYR175-Classify-Baseline-Mac/Build/Intermediates.noindex/NearbySyncCore.build/Debug/NearbySyncCore.build/NearbySyncCore.modulemap

WriteAuxiliaryFile /tmp/MYR175-Classify-Baseline-Mac/Build/Intermediates.noindex/NearbySyncCore.build/Debug/NearbySyncCore.build/NearbySyncCore.DependencyStaticMetadataFileList (in target 'NearbySyncCore' from project 'NearbySyncCore')
    cd /Users/runner/work/MyRAM-iOS/MyRAM-iOS/NearbySyncCore
    write-file /tmp/MYR175-Classify-Baseline-Mac/Build/Intermediates.noindex/NearbySyncCore.build/Debug/NearbySyncCore.build/NearbySyncCore.DependencyStaticMetadataFileList

WriteAuxiliaryFile /tmp/MYR175-Classify-Baseline-Mac/Build/Intermediates.noindex/NearbySyncCore.build/Debug/NearbySyncCore.build/NearbySyncCore.DependencyMetadataFileList (in target 'NearbySyncCore' from project 'NearbySyncCore')
    cd /Users/runner/work/MyRAM-iOS/MyRAM-iOS/NearbySyncCore
    write-file /tmp/MYR175-Classify-Baseline-Mac/Build/Intermediates.noindex/NearbySyncCore.build/Debug/NearbySyncCore.build/NearbySyncCore.DependencyMetadataFileList

WriteAuxiliaryFile /tmp/MYR175-Classify-Baseline-Mac/Build/Intermediates.noindex/MyRAM.build/Debug/MyRAMMacWidgetExtension.build/Objects-normal/arm64/MyRAMMacWidgetExtension_const_extract_protocols.json (in target 'MyRAMMacWidgetExtension' from project 'MyRAM')
    cd /Users/runner/work/MyRAM-iOS/MyRAM-iOS/Baseline
    write-file /tmp/MYR175-Classify-Baseline-Mac/Build/Intermediates.noindex/MyRAM.build/Debug/MyRAMMacWidgetExtension.build/Objects-normal/arm64/MyRAMMacWidgetExtension_const_extract_protocols.json

WriteAuxiliaryFile /tmp/MYR175-Classify-Baseline-Mac/Build/Intermediates.noindex/MyRAM.build/Debug/MyRAMMacWidgetExtension.build/Objects-normal/arm64/MyRAMMacWidgetExtension.SwiftFileList (in target 'MyRAMMacWidgetExtension' from project 'MyRAM')
    cd /Users/runner/work/MyRAM-iOS/MyRAM-iOS/Baseline
    write-file /tmp/MYR175-Classify-Baseline-Mac/Build/Intermediates.noindex/MyRAM.build/Debug/MyRAMMacWidgetExtension.build/Objects-normal/arm64/MyRAMMacWidgetExtension.SwiftFileList

WriteAuxiliaryFile /tmp/MYR175-Classify-Baseline-Mac/Build/Intermediates.noindex/MyRAM.build/Debug/MyRAMMacWidgetExtension.build/Objects-normal/arm64/MyRAMMacWidgetExtension.SwiftConstValuesFileList (in target 'MyRAMMacWidgetExtension' from project 'MyRAM')
    cd /Users/runner/work/MyRAM-iOS/MyRAM-iOS/Baseline
    write-file /tmp/MYR175-Classify-Baseline-Mac/Build/Intermediates.noindex/MyRAM.build/Debug/MyRAMMacWidgetExtension.build/Objects-normal/arm64/MyRAMMacWidgetExtension.SwiftConstValuesFileList

WriteAuxiliaryFile /tmp/MYR175-Classify-Baseline-Mac/Build/Intermediates.noindex/MyRAM.build/Debug/MyRAMMacWidgetExtension.build/Objects-normal/arm64/MyRAMMacWidgetExtension.LinkFileList (in target 'MyRAMMacWidgetExtension' from project 'MyRAM')
    cd /Users/runner/work/MyRAM-iOS/MyRAM-iOS/Baseline
    write-file /tmp/MYR175-Classify-Baseline-Mac/Build/Intermediates.noindex/MyRAM.build/Debug/MyRAMMacWidgetExtension.build/Objects-normal/arm64/MyRAMMacWidgetExtension.LinkFileList

WriteAuxiliaryFile /tmp/MYR175-Classify-Baseline-Mac/Build/Intermediates.noindex/MyRAM.build/Debug/MyRAMMacWidgetExtension.build/Objects-normal/arm64/MyRAMMacWidgetExtension-OutputFileMap.json (in target 'MyRAMMacWidgetExtension' from project 'MyRAM')
    cd /Users/runner/work/MyRAM-iOS/MyRAM-iOS/Baseline
    write-file /tmp/MYR175-Classify-Baseline-Mac/Build/Intermediates.noindex/MyRAM.build/Debug/MyRAMMacWidgetExtension.build/Objects-normal/arm64/MyRAMMacWidgetExtension-OutputFileMap.json

WriteAuxiliaryFile /tmp/MYR175-Classify-Baseline-Mac/Build/Intermediates.noindex/MyRAM.build/Debug/MyRAMMacWidgetExtension.build/MyRAMMacWidgetExtension.hmap (in target 'MyRAMMacWidgetExtension' from project 'MyRAM')
    cd /Users/runner/work/MyRAM-iOS/MyRAM-iOS/Baseline
    write-file /tmp/MYR175-Classify-Baseline-Mac/Build/Intermediates.noindex/MyRAM.build/Debug/MyRAMMacWidgetExtension.build/MyRAMMacWidgetExtension.hmap

Copy /tmp/MYR175-Classify-Baseline-Mac/Build/Intermediates.noindex/GeneratedModuleMaps/NearbySyncCore.modulemap /tmp/MYR175-Classify-Baseline-Mac/Build/Intermediates.noindex/NearbySyncCore.build/Debug/NearbySyncCore.build/NearbySyncCore.modulemap (in target 'NearbySyncCore' from project 'NearbySyncCore')
    cd /Users/runner/work/MyRAM-iOS/MyRAM-iOS/NearbySyncCore
    builtin-copy -exclude .DS_Store -exclude CVS -exclude .svn -exclude .git -exclude .hg -resolve-src-symlinks /tmp/MYR175-Classify-Baseline-Mac/Build/Intermediates.noindex/NearbySyncCore.build/Debug/NearbySyncCore.build/NearbySyncCore.modulemap /tmp/MYR175-Classify-Baseline-Mac/Build/Intermediates.noindex/GeneratedModuleMaps

WriteAuxiliaryFile /tmp/MYR175-Classify-Baseline-Mac/Build/Intermediates.noindex/MyRAM.build/Debug/MyRAMMacWidgetExtension.build/MyRAMMacWidgetExtension.DependencyStaticMetadataFileList (in target 'MyRAMMacWidgetExtension' from project 'MyRAM')
    cd /Users/runner/work/MyRAM-iOS/MyRAM-iOS/Baseline
    write-file /tmp/MYR175-Classify-Baseline-Mac/Build/Intermediates.noindex/MyRAM.build/Debug/MyRAMMacWidgetExtension.build/MyRAMMacWidgetExtension.DependencyStaticMetadataFileList

WriteAuxiliaryFile /tmp/MYR175-Classify-Baseline-Mac/Build/Intermediates.noindex/MyRAM.build/Debug/MyRAMMacWidgetExtension.build/MyRAMMacWidgetExtension.DependencyMetadataFileList (in target 'MyRAMMacWidgetExtension' from project 'MyRAM')
    cd /Users/runner/work/MyRAM-iOS/MyRAM-iOS/Baseline
    write-file /tmp/MYR175-Classify-Baseline-Mac/Build/Intermediates.noindex/MyRAM.build/Debug/MyRAMMacWidgetExtension.build/MyRAMMacWidgetExtension.DependencyMetadataFileList

WriteAuxiliaryFile /tmp/MYR175-Classify-Baseline-Mac/Build/Intermediates.noindex/MyRAM.build/Debug/MyRAMMacWidgetExtension.build/MyRAMMacWidgetExtension-project-headers.hmap (in target 'MyRAMMacWidgetExtension' from project 'MyRAM')
    cd /Users/runner/work/MyRAM-iOS/MyRAM-iOS/Baseline
    write-file /tmp/MYR175-Classify-Baseline-Mac/Build/Intermediates.noindex/MyRAM.build/Debug/MyRAMMacWidgetExtension.build/MyRAMMacWidgetExtension-project-headers.hmap

WriteAuxiliaryFile /tmp/MYR175-Classify-Baseline-Mac/Build/Intermediates.noindex/MyRAM.build/Debug/MyRAMMacWidgetExtension.build/MyRAMMacWidgetExtension-own-target-headers.hmap (in target 'MyRAMMacWidgetExtension' from project 'MyRAM')
    cd /Users/runner/work/MyRAM-iOS/MyRAM-iOS/Baseline
    write-file /tmp/MYR175-Classify-Baseline-Mac/Build/Intermediates.noindex/MyRAM.build/Debug/MyRAMMacWidgetExtension.build/MyRAMMacWidgetExtension-own-target-headers.hmap

WriteAuxiliaryFile /tmp/MYR175-Classify-Baseline-Mac/Build/Intermediates.noindex/MyRAM.build/Debug/MyRAMMacWidgetExtension.build/MyRAMMacWidgetExtension-generated-files.hmap (in target 'MyRAMMacWidgetExtension' from project 'MyRAM')
    cd /Users/runner/work/MyRAM-iOS/MyRAM-iOS/Baseline
    write-file /tmp/MYR175-Classify-Baseline-Mac/Build/Intermediates.noindex/MyRAM.build/Debug/MyRAMMacWidgetExtension.build/MyRAMMacWidgetExtension-generated-files.hmap

WriteAuxiliaryFile /tmp/MYR175-Classify-Baseline-Mac/Build/Intermediates.noindex/MyRAM.build/Debug/MyRAMMacWidgetExtension.build/MyRAMMacWidgetExtension-all-target-headers.hmap (in target 'MyRAMMacWidgetExtension' from project 'MyRAM')
    cd /Users/runner/work/MyRAM-iOS/MyRAM-iOS/Baseline
    write-file /tmp/MYR175-Classify-Baseline-Mac/Build/Intermediates.noindex/MyRAM.build/Debug/MyRAMMacWidgetExtension.build/MyRAMMacWidgetExtension-all-target-headers.hmap

WriteAuxiliaryFile /tmp/MYR175-Classify-Baseline-Mac/Build/Intermediates.noindex/MyRAM.build/Debug/MyRAMMacWidgetExtension.build/MyRAMMacWidgetExtension-all-non-framework-target-headers.hmap (in target 'MyRAMMacWidgetExtension' from project 'MyRAM')
    cd /Users/runner/work/MyRAM-iOS/MyRAM-iOS/Baseline
    write-file /tmp/MYR175-Classify-Baseline-Mac/Build/Intermediates.noindex/MyRAM.build/Debug/MyRAMMacWidgetExtension.build/MyRAMMacWidgetExtension-all-non-framework-target-headers.hmap

WriteAuxiliaryFile /tmp/MYR175-Classify-Baseline-Mac/Build/Intermediates.noindex/MyRAM.build/Debug/MyRAMMacWidgetExtension.build/MyRAMMacWidgetExtension-DebugEntryPoint-normal-arm64.txt (in target 'MyRAMMacWidgetExtension' from project 'MyRAM')
    cd /Users/runner/work/MyRAM-iOS/MyRAM-iOS/Baseline
    write-file /tmp/MYR175-Classify-Baseline-Mac/Build/Intermediates.noindex/MyRAM.build/Debug/MyRAMMacWidgetExtension.build/MyRAMMacWidgetExtension-DebugEntryPoint-normal-arm64.txt

WriteAuxiliaryFile /tmp/MYR175-Classify-Baseline-Mac/Build/Intermediates.noindex/MyRAM.build/Debug/MyRAMMacWidgetExtension.build/MyRAMMacWidgetExtension-DebugDylibPath-normal-arm64.txt (in target 'MyRAMMacWidgetExtension' from project 'MyRAM')
    cd /Users/runner/work/MyRAM-iOS/MyRAM-iOS/Baseline
    write-file /tmp/MYR175-Classify-Baseline-Mac/Build/Intermediates.noindex/MyRAM.build/Debug/MyRAMMacWidgetExtension.build/MyRAMMacWidgetExtension-DebugDylibPath-normal-arm64.txt

WriteAuxiliaryFile /tmp/MYR175-Classify-Baseline-Mac/Build/Intermediates.noindex/MyRAM.build/Debug/MyRAMMacWidgetExtension.build/MyRAMMacWidgetExtension-DebugDylibInstallName-normal-arm64.txt (in target 'MyRAMMacWidgetExtension' from project 'MyRAM')
    cd /Users/runner/work/MyRAM-iOS/MyRAM-iOS/Baseline
    write-file /tmp/MYR175-Classify-Baseline-Mac/Build/Intermediates.noindex/MyRAM.build/Debug/MyRAMMacWidgetExtension.build/MyRAMMacWidgetExtension-DebugDylibInstallName-normal-arm64.txt

WriteAuxiliaryFile /tmp/MYR175-Classify-Baseline-Mac/Build/Intermediates.noindex/MyRAM.build/Debug/MyRAMMacWidgetExtension.build/DerivedSources/Entitlements.plist (in target 'MyRAMMacWidgetExtension' from project 'MyRAM')
    cd /Users/runner/work/MyRAM-iOS/MyRAM-iOS/Baseline
    write-file /tmp/MYR175-Classify-Baseline-Mac/Build/Intermediates.noindex/MyRAM.build/Debug/MyRAMMacWidgetExtension.build/DerivedSources/Entitlements.plist

WriteAuxiliaryFile /tmp/MYR175-Classify-Baseline-Mac/Build/Intermediates.noindex/MyRAM.build/Debug/MyRAMMacTests.build/Objects-normal/arm64/MyRAMMacTests_const_extract_protocols.json (in target 'MyRAMMacTests' from project 'MyRAM')
    cd /Users/runner/work/MyRAM-iOS/MyRAM-iOS/Baseline
    write-file /tmp/MYR175-Classify-Baseline-Mac/Build/Intermediates.noindex/MyRAM.build/Debug/MyRAMMacTests.build/Objects-normal/arm64/MyRAMMacTests_const_extract_protocols.json

WriteAuxiliaryFile /tmp/MYR175-Classify-Baseline-Mac/Build/Intermediates.noindex/MyRAM.build/Debug/MyRAMMacTests.build/Objects-normal/arm64/MyRAMMacTests.SwiftFileList (in target 'MyRAMMacTests' from project 'MyRAM')
    cd /Users/runner/work/MyRAM-iOS/MyRAM-iOS/Baseline
    write-file /tmp/MYR175-Classify-Baseline-Mac/Build/Intermediates.noindex/MyRAM.build/Debug/MyRAMMacTests.build/Objects-normal/arm64/MyRAMMacTests.SwiftFileList

WriteAuxiliaryFile /tmp/MYR175-Classify-Baseline-Mac/Build/Intermediates.noindex/MyRAM.build/Debug/MyRAMMacTests.build/Objects-normal/arm64/MyRAMMacTests.SwiftConstValuesFileList (in target 'MyRAMMacTests' from project 'MyRAM')
    cd /Users/runner/work/MyRAM-iOS/MyRAM-iOS/Baseline
    write-file /tmp/MYR175-Classify-Baseline-Mac/Build/Intermediates.noindex/MyRAM.build/Debug/MyRAMMacTests.build/Objects-normal/arm64/MyRAMMacTests.SwiftConstValuesFileList

WriteAuxiliaryFile /tmp/MYR175-Classify-Baseline-Mac/Build/Intermediates.noindex/MyRAM.build/Debug/MyRAMMacTests.build/Objects-normal/arm64/MyRAMMacTests.LinkFileList (in target 'MyRAMMacTests' from project 'MyRAM')
    cd /Users/runner/work/MyRAM-iOS/MyRAM-iOS/Baseline
    write-file /tmp/MYR175-Classify-Baseline-Mac/Build/Intermediates.noindex/MyRAM.build/Debug/MyRAMMacTests.build/Objects-normal/arm64/MyRAMMacTests.LinkFileList

WriteAuxiliaryFile /tmp/MYR175-Classify-Baseline-Mac/Build/Intermediates.noindex/MyRAM.build/Debug/MyRAMMacTests.build/Objects-normal/arm64/MyRAMMacTests-OutputFileMap.json (in target 'MyRAMMacTests' from project 'MyRAM')
    cd /Users/runner/work/MyRAM-iOS/MyRAM-iOS/Baseline
    write-file /tmp/MYR175-Classify-Baseline-Mac/Build/Intermediates.noindex/MyRAM.build/Debug/MyRAMMacTests.build/Objects-normal/arm64/MyRAMMacTests-OutputFileMap.json

WriteAuxiliaryFile /tmp/MYR175-Classify-Baseline-Mac/Build/Intermediates.noindex/MyRAM.build/Debug/MyRAMMacTests.build/MyRAMMacTests.DependencyStaticMetadataFileList (in target 'MyRAMMacTests' from project 'MyRAM')
    cd /Users/runner/work/MyRAM-iOS/MyRAM-iOS/Baseline
    write-file /tmp/MYR175-Classify-Baseline-Mac/Build/Intermediates.noindex/MyRAM.build/Debug/MyRAMMacTests.build/MyRAMMacTests.DependencyStaticMetadataFileList

WriteAuxiliaryFile /tmp/MYR175-Classify-Baseline-Mac/Build/Intermediates.noindex/MyRAM.build/Debug/MyRAMMacTests.build/MyRAMMacTests.DependencyMetadataFileList (in target 'MyRAMMacTests' from project 'MyRAM')
    cd /Users/runner/work/MyRAM-iOS/MyRAM-iOS/Baseline
    write-file /tmp/MYR175-Classify-Baseline-Mac/Build/Intermediates.noindex/MyRAM.build/Debug/MyRAMMacTests.build/MyRAMMacTests.DependencyMetadataFileList

WriteAuxiliaryFile /tmp/MYR175-Classify-Baseline-Mac/Build/Intermediates.noindex/MyRAM.build/Debug/MyRAMMacTests.build/MyRAMMacTests-project-headers.hmap (in target 'MyRAMMacTests' from project 'MyRAM')
    cd /Users/runner/work/MyRAM-iOS/MyRAM-iOS/Baseline
    write-file /tmp/MYR175-Classify-Baseline-Mac/Build/Intermediates.noindex/MyRAM.build/Debug/MyRAMMacTests.build/MyRAMMacTests-project-headers.hmap

WriteAuxiliaryFile /tmp/MYR175-Classify-Baseline-Mac/Build/Intermediates.noindex/MyRAM.build/Debug/MyRAMMacTests.build/MyRAMMacTests-own-target-headers.hmap (in target 'MyRAMMacTests' from project 'MyRAM')
    cd /Users/runner/work/MyRAM-iOS/MyRAM-iOS/Baseline
    write-file /tmp/MYR175-Classify-Baseline-Mac/Build/Intermediates.noindex/MyRAM.build/Debug/MyRAMMacTests.build/MyRAMMacTests-own-target-headers.hmap

WriteAuxiliaryFile /tmp/MYR175-Classify-Baseline-Mac/Build/Intermediates.noindex/MyRAM.build/Debug/MyRAMMacTests.build/MyRAMMacTests-generated-files.hmap (in target 'MyRAMMacTests' from project 'MyRAM')
    cd /Users/runner/work/MyRAM-iOS/MyRAM-iOS/Baseline
    write-file /tmp/MYR175-Classify-Baseline-Mac/Build/Intermediates.noindex/MyRAM.build/Debug/MyRAMMacTests.build/MyRAMMacTests-generated-files.hmap

WriteAuxiliaryFile /tmp/MYR175-Classify-Baseline-Mac/Build/Intermediates.noindex/MyRAM.build/Debug/MyRAMMacTests.build/MyRAMMacTests-all-target-headers.hmap (in target 'MyRAMMacTests' from project 'MyRAM')
    cd /Users/runner/work/MyRAM-iOS/MyRAM-iOS/Baseline
    write-file /tmp/MYR175-Classify-Baseline-Mac/Build/Intermediates.noindex/MyRAM.build/Debug/MyRAMMacTests.build/MyRAMMacTests-all-target-headers.hmap

WriteAuxiliaryFile /tmp/MYR175-Classify-Baseline-Mac/Build/Intermediates.noindex/MyRAM.build/Debug/MyRAMMacTests.build/MyRAMMacTests-all-non-framework-target-headers.hmap (in target 'MyRAMMacTests' from project 'MyRAM')
    cd /Users/runner/work/MyRAM-iOS/MyRAM-iOS/Baseline
    write-file /tmp/MYR175-Classify-Baseline-Mac/Build/Intermediates.noindex/MyRAM.build/Debug/MyRAMMacTests.build/MyRAMMacTests-all-non-framework-target-headers.hmap

WriteAuxiliaryFile /tmp/MYR175-Classify-Baseline-Mac/Build/Intermediates.noindex/MyRAM.build/Debug/MyRAMMac.build/Objects-normal/arm64/MyRAMMac_const_extract_protocols.json (in target 'MyRAMMac' from project 'MyRAM')
    cd /Users/runner/work/MyRAM-iOS/MyRAM-iOS/Baseline
    write-file /tmp/MYR175-Classify-Baseline-Mac/Build/Intermediates.noindex/MyRAM.build/Debug/MyRAMMac.build/Objects-normal/arm64/MyRAMMac_const_extract_protocols.json

WriteAuxiliaryFile /tmp/MYR175-Classify-Baseline-Mac/Build/Intermediates.noindex/MyRAM.build/Debug/MyRAMMac.build/Objects-normal/arm64/MyRAMMac.SwiftFileList (in target 'MyRAMMac' from project 'MyRAM')
    cd /Users/runner/work/MyRAM-iOS/MyRAM-iOS/Baseline
    write-file /tmp/MYR175-Classify-Baseline-Mac/Build/Intermediates.noindex/MyRAM.build/Debug/MyRAMMac.build/Objects-normal/arm64/MyRAMMac.SwiftFileList

WriteAuxiliaryFile /tmp/MYR175-Classify-Baseline-Mac/Build/Intermediates.noindex/MyRAM.build/Debug/MyRAMMac.build/Objects-normal/arm64/MyRAMMac.SwiftConstValuesFileList (in target 'MyRAMMac' from project 'MyRAM')
    cd /Users/runner/work/MyRAM-iOS/MyRAM-iOS/Baseline
    write-file /tmp/MYR175-Classify-Baseline-Mac/Build/Intermediates.noindex/MyRAM.build/Debug/MyRAMMac.build/Objects-normal/arm64/MyRAMMac.SwiftConstValuesFileList

WriteAuxiliaryFile /tmp/MYR175-Classify-Baseline-Mac/Build/Intermediates.noindex/MyRAM.build/Debug/MyRAMMac.build/Objects-normal/arm64/MyRAMMac.LinkFileList (in target 'MyRAMMac' from project 'MyRAM')
    cd /Users/runner/work/MyRAM-iOS/MyRAM-iOS/Baseline
    write-file /tmp/MYR175-Classify-Baseline-Mac/Build/Intermediates.noindex/MyRAM.build/Debug/MyRAMMac.build/Objects-normal/arm64/MyRAMMac.LinkFileList

WriteAuxiliaryFile /tmp/MYR175-Classify-Baseline-Mac/Build/Intermediates.noindex/MyRAM.build/Debug/MyRAMMac.build/Objects-normal/arm64/MyRAMMac-OutputFileMap.json (in target 'MyRAMMac' from project 'MyRAM')
    cd /Users/runner/work/MyRAM-iOS/MyRAM-iOS/Baseline
    write-file /tmp/MYR175-Classify-Baseline-Mac/Build/Intermediates.noindex/MyRAM.build/Debug/MyRAMMac.build/Objects-normal/arm64/MyRAMMac-OutputFileMap.json

WriteAuxiliaryFile /tmp/MYR175-Classify-Baseline-Mac/Build/Intermediates.noindex/MyRAM.build/Debug/MyRAMMac.build/MyRAMMac.hmap (in target 'MyRAMMac' from project 'MyRAM')
    cd /Users/runner/work/MyRAM-iOS/MyRAM-iOS/Baseline
    write-file /tmp/MYR175-Classify-Baseline-Mac/Build/Intermediates.noindex/MyRAM.build/Debug/MyRAMMac.build/MyRAMMac.hmap

WriteAuxiliaryFile /tmp/MYR175-Classify-Baseline-Mac/Build/Intermediates.noindex/MyRAM.build/Debug/MyRAMMac.build/MyRAMMac.DependencyStaticMetadataFileList (in target 'MyRAMMac' from project 'MyRAM')
    cd /Users/runner/work/MyRAM-iOS/MyRAM-iOS/Baseline
    write-file /tmp/MYR175-Classify-Baseline-Mac/Build/Intermediates.noindex/MyRAM.build/Debug/MyRAMMac.build/MyRAMMac.DependencyStaticMetadataFileList

WriteAuxiliaryFile /tmp/MYR175-Classify-Baseline-Mac/Build/Intermediates.noindex/MyRAM.build/Debug/MyRAMMac.build/MyRAMMac.DependencyMetadataFileList (in target 'MyRAMMac' from project 'MyRAM')
    cd /Users/runner/work/MyRAM-iOS/MyRAM-iOS/Baseline
    write-file /tmp/MYR175-Classify-Baseline-Mac/Build/Intermediates.noindex/MyRAM.build/Debug/MyRAMMac.build/MyRAMMac.DependencyMetadataFileList

WriteAuxiliaryFile /tmp/MYR175-Classify-Baseline-Mac/Build/Intermediates.noindex/MyRAM.build/Debug/MyRAMMac.build/MyRAMMac-project-headers.hmap (in target 'MyRAMMac' from project 'MyRAM')
    cd /Users/runner/work/MyRAM-iOS/MyRAM-iOS/Baseline
    write-file /tmp/MYR175-Classify-Baseline-Mac/Build/Intermediates.noindex/MyRAM.build/Debug/MyRAMMac.build/MyRAMMac-project-headers.hmap

WriteAuxiliaryFile /tmp/MYR175-Classify-Baseline-Mac/Build/Intermediates.noindex/MyRAM.build/Debug/MyRAMMac.build/MyRAMMac-own-target-headers.hmap (in target 'MyRAMMac' from project 'MyRAM')
    cd /Users/runner/work/MyRAM-iOS/MyRAM-iOS/Baseline
    write-file /tmp/MYR175-Classify-Baseline-Mac/Build/Intermediates.noindex/MyRAM.build/Debug/MyRAMMac.build/MyRAMMac-own-target-headers.hmap

WriteAuxiliaryFile /tmp/MYR175-Classify-Baseline-Mac/Build/Intermediates.noindex/MyRAM.build/Debug/MyRAMMac.build/MyRAMMac-generated-files.hmap (in target 'MyRAMMac' from project 'MyRAM')
    cd /Users/runner/work/MyRAM-iOS/MyRAM-iOS/Baseline
    write-file /tmp/MYR175-Classify-Baseline-Mac/Build/Intermediates.noindex/MyRAM.build/Debug/MyRAMMac.build/MyRAMMac-generated-files.hmap

WriteAuxiliaryFile /tmp/MYR175-Classify-Baseline-Mac/Build/Intermediates.noindex/MyRAM.build/Debug/MyRAMMac.build/MyRAMMac-all-target-headers.hmap (in target 'MyRAMMac' from project 'MyRAM')
    cd /Users/runner/work/MyRAM-iOS/MyRAM-iOS/Baseline
    write-file /tmp/MYR175-Classify-Baseline-Mac/Build/Intermediates.noindex/MyRAM.build/Debug/MyRAMMac.build/MyRAMMac-all-target-headers.hmap

WriteAuxiliaryFile /tmp/MYR175-Classify-Baseline-Mac/Build/Intermediates.noindex/MyRAM.build/Debug/MyRAMMac.build/MyRAMMac-all-non-framework-target-headers.hmap (in target 'MyRAMMac' from project 'MyRAM')
    cd /Users/runner/work/MyRAM-iOS/MyRAM-iOS/Baseline
    write-file /tmp/MYR175-Classify-Baseline-Mac/Build/Intermediates.noindex/MyRAM.build/Debug/MyRAMMac.build/MyRAMMac-all-non-framework-target-headers.hmap

WriteAuxiliaryFile /tmp/MYR175-Classify-Baseline-Mac/Build/Intermediates.noindex/MyRAM.build/Debug/MyRAMMac.build/MyRAMMac-DebugDylibPath-normal-arm64.txt (in target 'MyRAMMac' from project 'MyRAM')
    cd /Users/runner/work/MyRAM-iOS/MyRAM-iOS/Baseline
    write-file /tmp/MYR175-Classify-Baseline-Mac/Build/Intermediates.noindex/MyRAM.build/Debug/MyRAMMac.build/MyRAMMac-DebugDylibPath-normal-arm64.txt

WriteAuxiliaryFile /tmp/MYR175-Classify-Baseline-Mac/Build/Intermediates.noindex/MyRAM.build/Debug/MyRAMMac.build/MyRAMMac-DebugDylibInstallName-normal-arm64.txt (in target 'MyRAMMac' from project 'MyRAM')
    cd /Users/runner/work/MyRAM-iOS/MyRAM-iOS/Baseline
    write-file /tmp/MYR175-Classify-Baseline-Mac/Build/Intermediates.noindex/MyRAM.build/Debug/MyRAMMac.build/MyRAMMac-DebugDylibInstallName-normal-arm64.txt

WriteAuxiliaryFile /tmp/MYR175-Classify-Baseline-Mac/Build/Intermediates.noindex/MyRAM.build/Debug/MyRAMMac.build/DerivedSources/Entitlements.plist (in target 'MyRAMMac' from project 'MyRAM')
    cd /Users/runner/work/MyRAM-iOS/MyRAM-iOS/Baseline
    write-file /tmp/MYR175-Classify-Baseline-Mac/Build/Intermediates.noindex/MyRAM.build/Debug/MyRAMMac.build/DerivedSources/Entitlements.plist

WriteAuxiliaryFile /tmp/MYR175-Classify-Baseline-Mac/Build/Intermediates.noindex/AnchoredSequenceCore.build/Debug/AnchoredSequenceCore.build/Objects-normal/arm64/AnchoredSequenceCore_const_extract_protocols.json (in target 'AnchoredSequenceCore' from project 'AnchoredSequenceCore')
    cd /Users/runner/work/MyRAM-iOS/MyRAM-iOS/Baseline/Packages/AnchoredSequenceCore
    write-file /tmp/MYR175-Classify-Baseline-Mac/Build/Intermediates.noindex/AnchoredSequenceCore.build/Debug/AnchoredSequenceCore.build/Objects-normal/arm64/AnchoredSequenceCore_const_extract_protocols.json

WriteAuxiliaryFile /tmp/MYR175-Classify-Baseline-Mac/Build/Intermediates.noindex/AnchoredSequenceCore.build/Debug/AnchoredSequenceCore.build/Objects-normal/arm64/AnchoredSequenceCore.SwiftFileList (in target 'AnchoredSequenceCore' from project 'AnchoredSequenceCore')
    cd /Users/runner/work/MyRAM-iOS/MyRAM-iOS/Baseline/Packages/AnchoredSequenceCore
    write-file /tmp/MYR175-Classify-Baseline-Mac/Build/Intermediates.noindex/AnchoredSequenceCore.build/Debug/AnchoredSequenceCore.build/Objects-normal/arm64/AnchoredSequenceCore.SwiftFileList

WriteAuxiliaryFile /tmp/MYR175-Classify-Baseline-Mac/Build/Intermediates.noindex/AnchoredSequenceCore.build/Debug/AnchoredSequenceCore.build/Objects-normal/arm64/AnchoredSequenceCore.SwiftConstValuesFileList (in target 'AnchoredSequenceCore' from project 'AnchoredSequenceCore')
    cd /Users/runner/work/MyRAM-iOS/MyRAM-iOS/Baseline/Packages/AnchoredSequenceCore
    write-file /tmp/MYR175-Classify-Baseline-Mac/Build/Intermediates.noindex/AnchoredSequenceCore.build/Debug/AnchoredSequenceCore.build/Objects-normal/arm64/AnchoredSequenceCore.SwiftConstValuesFileList

WriteAuxiliaryFile /tmp/MYR175-Classify-Baseline-Mac/Build/Intermediates.noindex/AnchoredSequenceCore.build/Debug/AnchoredSequenceCore.build/Objects-normal/arm64/AnchoredSequenceCore.LinkFileList (in target 'AnchoredSequenceCore' from project 'AnchoredSequenceCore')
    cd /Users/runner/work/MyRAM-iOS/MyRAM-iOS/Baseline/Packages/AnchoredSequenceCore
    write-file /tmp/MYR175-Classify-Baseline-Mac/Build/Intermediates.noindex/AnchoredSequenceCore.build/Debug/AnchoredSequenceCore.build/Objects-normal/arm64/AnchoredSequenceCore.LinkFileList

WriteAuxiliaryFile /tmp/MYR175-Classify-Baseline-Mac/Build/Intermediates.noindex/AnchoredSequenceCore.build/Debug/AnchoredSequenceCore.build/Objects-normal/arm64/AnchoredSequenceCore-OutputFileMap.json (in target 'AnchoredSequenceCore' from project 'AnchoredSequenceCore')
    cd /Users/runner/work/MyRAM-iOS/MyRAM-iOS/Baseline/Packages/AnchoredSequenceCore
    write-file /tmp/MYR175-Classify-Baseline-Mac/Build/Intermediates.noindex/AnchoredSequenceCore.build/Debug/AnchoredSequenceCore.build/Objects-normal/arm64/AnchoredSequenceCore-OutputFileMap.json

WriteAuxiliaryFile /tmp/MYR175-Classify-Baseline-Mac/Build/Intermediates.noindex/AnchoredSequenceCore.build/Debug/AnchoredSequenceCore.build/AnchoredSequenceCore.modulemap (in target 'AnchoredSequenceCore' from project 'AnchoredSequenceCore')
    cd /Users/runner/work/MyRAM-iOS/MyRAM-iOS/Baseline/Packages/AnchoredSequenceCore
    write-file /tmp/MYR175-Classify-Baseline-Mac/Build/Intermediates.noindex/AnchoredSequenceCore.build/Debug/AnchoredSequenceCore.build/AnchoredSequenceCore.modulemap

WriteAuxiliaryFile /tmp/MYR175-Classify-Baseline-Mac/Build/Intermediates.noindex/AnchoredSequenceCore.build/Debug/AnchoredSequenceCore.build/AnchoredSequenceCore.DependencyStaticMetadataFileList (in target 'AnchoredSequenceCore' from project 'AnchoredSequenceCore')
    cd /Users/runner/work/MyRAM-iOS/MyRAM-iOS/Baseline/Packages/AnchoredSequenceCore
    write-file /tmp/MYR175-Classify-Baseline-Mac/Build/Intermediates.noindex/AnchoredSequenceCore.build/Debug/AnchoredSequenceCore.build/AnchoredSequenceCore.DependencyStaticMetadataFileList

WriteAuxiliaryFile /tmp/MYR175-Classify-Baseline-Mac/Build/Intermediates.noindex/AnchoredSequenceCore.build/Debug/AnchoredSequenceCore.build/AnchoredSequenceCore.DependencyMetadataFileList (in target 'AnchoredSequenceCore' from project 'AnchoredSequenceCore')
    cd /Users/runner/work/MyRAM-iOS/MyRAM-iOS/Baseline/Packages/AnchoredSequenceCore
    write-file /tmp/MYR175-Classify-Baseline-Mac/Build/Intermediates.noindex/AnchoredSequenceCore.build/Debug/AnchoredSequenceCore.build/AnchoredSequenceCore.DependencyMetadataFileList

WriteAuxiliaryFile /tmp/MYR175-Classify-Baseline-Mac/Build/Intermediates.noindex/AnchoredSequenceCore.build/Debug/AnchoredSequenceCore\ product.build/empty-AnchoredSequenceCore_-65B9EEE52AB2106_PackageProduct.plist (in target 'AnchoredSequenceCore' from project 'AnchoredSequenceCore')
    cd /Users/runner/work/MyRAM-iOS/MyRAM-iOS/Baseline/Packages/AnchoredSequenceCore
    write-file /tmp/MYR175-Classify-Baseline-Mac/Build/Intermediates.noindex/AnchoredSequenceCore.build/Debug/AnchoredSequenceCore\ product.build/empty-AnchoredSequenceCore_-65B9EEE52AB2106_PackageProduct.plist

Copy /tmp/MYR175-Classify-Baseline-Mac/Build/Intermediates.noindex/GeneratedModuleMaps/AnchoredSequenceCore.modulemap /tmp/MYR175-Classify-Baseline-Mac/Build/Intermediates.noindex/AnchoredSequenceCore.build/Debug/AnchoredSequenceCore.build/AnchoredSequenceCore.modulemap (in target 'AnchoredSequenceCore' from project 'AnchoredSequenceCore')
    cd /Users/runner/work/MyRAM-iOS/MyRAM-iOS/Baseline/Packages/AnchoredSequenceCore
    builtin-copy -exclude .DS_Store -exclude CVS -exclude .svn -exclude .git -exclude .hg -resolve-src-symlinks /tmp/MYR175-Classify-Baseline-Mac/Build/Intermediates.noindex/AnchoredSequenceCore.build/Debug/AnchoredSequenceCore.build/AnchoredSequenceCore.modulemap /tmp/MYR175-Classify-Baseline-Mac/Build/Intermediates.noindex/GeneratedModuleMaps

WriteAuxiliaryFile /tmp/MYR175-Classify-Baseline-Mac/Build/Intermediates.noindex/AnchoredSequenceCore.build/Debug/AnchoredSequenceCore\ product.build/Objects-normal/arm64/AnchoredSequenceCore_-65B9EEE52AB2106_PackageProduct.LinkFileList (in target 'AnchoredSequenceCore' from project 'AnchoredSequenceCore')
    cd /Users/runner/work/MyRAM-iOS/MyRAM-iOS/Baseline/Packages/AnchoredSequenceCore
    write-file /tmp/MYR175-Classify-Baseline-Mac/Build/Intermediates.noindex/AnchoredSequenceCore.build/Debug/AnchoredSequenceCore\ product.build/Objects-normal/arm64/AnchoredSequenceCore_-65B9EEE52AB2106_PackageProduct.LinkFileList

WriteAuxiliaryFile /tmp/MYR175-Classify-Baseline-Mac/Build/Intermediates.noindex/AnchoredSequenceCore.build/Debug/AnchoredSequenceCore\ product.build/AnchoredSequenceCore_-65B9EEE52AB2106_PackageProduct.DependencyStaticMetadataFileList (in target 'AnchoredSequenceCore' from project 'AnchoredSequenceCore')
    cd /Users/runner/work/MyRAM-iOS/MyRAM-iOS/Baseline/Packages/AnchoredSequenceCore
    write-file /tmp/MYR175-Classify-Baseline-Mac/Build/Intermediates.noindex/AnchoredSequenceCore.build/Debug/AnchoredSequenceCore\ product.build/AnchoredSequenceCore_-65B9EEE52AB2106_PackageProduct.DependencyStaticMetadataFileList

WriteAuxiliaryFile /tmp/MYR175-Classify-Baseline-Mac/Build/Intermediates.noindex/AnchoredSequenceCore.build/Debug/AnchoredSequenceCore\ product.build/AnchoredSequenceCore_-65B9EEE52AB2106_PackageProduct.DependencyMetadataFileList (in target 'AnchoredSequenceCore' from project 'AnchoredSequenceCore')
    cd /Users/runner/work/MyRAM-iOS/MyRAM-iOS/Baseline/Packages/AnchoredSequenceCore
    write-file /tmp/MYR175-Classify-Baseline-Mac/Build/Intermediates.noindex/AnchoredSequenceCore.build/Debug/AnchoredSequenceCore\ product.build/AnchoredSequenceCore_-65B9EEE52AB2106_PackageProduct.DependencyMetadataFileList

MkDir /tmp/MYR175-Classify-Baseline-Mac/Build/Products/Debug/MyRAMMacWidgetExtension.appex/Contents/MacOS (in target 'MyRAMMacWidgetExtension' from project 'MyRAM')
    cd /Users/runner/work/MyRAM-iOS/MyRAM-iOS/Baseline
    /bin/mkdir -p /tmp/MYR175-Classify-Baseline-Mac/Build/Products/Debug/MyRAMMacWidgetExtension.appex/Contents/MacOS

MkDir /tmp/MYR175-Classify-Baseline-Mac/Build/Products/Debug/MyRAMMacWidgetExtension.appex/Contents/Resources (in target 'MyRAMMacWidgetExtension' from project 'MyRAM')
    cd /Users/runner/work/MyRAM-iOS/MyRAM-iOS/Baseline
    /bin/mkdir -p /tmp/MYR175-Classify-Baseline-Mac/Build/Products/Debug/MyRAMMacWidgetExtension.appex/Contents/Resources

MkDir /tmp/MYR175-Classify-Baseline-Mac/Build/Products/Debug/MyRAMMacWidgetExtension.appex/Contents (in target 'MyRAMMacWidgetExtension' from project 'MyRAM')
    cd /Users/runner/work/MyRAM-iOS/MyRAM-iOS/Baseline
    /bin/mkdir -p /tmp/MYR175-Classify-Baseline-Mac/Build/Products/Debug/MyRAMMacWidgetExtension.appex/Contents

MkDir /tmp/MYR175-Classify-Baseline-Mac/Build/Products/Debug/MyRAMMacWidgetExtension.appex (in target 'MyRAMMacWidgetExtension' from project 'MyRAM')
    cd /Users/runner/work/MyRAM-iOS/MyRAM-iOS/Baseline
    /bin/mkdir -p /tmp/MYR175-Classify-Baseline-Mac/Build/Products/Debug/MyRAMMacWidgetExtension.appex

MkDir /tmp/MYR175-Classify-Baseline-Mac/Build/Products/Debug/MyRAMMac.app/Contents/PlugIns/MyRAMMacTests.xctest/Contents/MacOS (in target 'MyRAMMacTests' from project 'MyRAM')
    cd /Users/runner/work/MyRAM-iOS/MyRAM-iOS/Baseline
    /bin/mkdir -p /tmp/MYR175-Classify-Baseline-Mac/Build/Products/Debug/MyRAMMac.app/Contents/PlugIns/MyRAMMacTests.xctest/Contents/MacOS

MkDir /tmp/MYR175-Classify-Baseline-Mac/Build/Products/Debug/MyRAMMac.app/Contents/PlugIns/MyRAMMacTests.xctest/Contents/Frameworks (in target 'MyRAMMacTests' from project 'MyRAM')
    cd /Users/runner/work/MyRAM-iOS/MyRAM-iOS/Baseline
    /bin/mkdir -p /tmp/MYR175-Classify-Baseline-Mac/Build/Products/Debug/MyRAMMac.app/Contents/PlugIns/MyRAMMacTests.xctest/Contents/Frameworks

MkDir /tmp/MYR175-Classify-Baseline-Mac/Build/Products/Debug/MyRAMMac.app/Contents/PlugIns/MyRAMMacTests.xctest/Contents (in target 'MyRAMMacTests' from project 'MyRAM')
    cd /Users/runner/work/MyRAM-iOS/MyRAM-iOS/Baseline
    /bin/mkdir -p /tmp/MYR175-Classify-Baseline-Mac/Build/Products/Debug/MyRAMMac.app/Contents/PlugIns/MyRAMMacTests.xctest/Contents

MkDir /tmp/MYR175-Classify-Baseline-Mac/Build/Products/Debug/MyRAMMac.app/Contents/PlugIns/MyRAMMacTests.xctest (in target 'MyRAMMacTests' from project 'MyRAM')
    cd /Users/runner/work/MyRAM-iOS/MyRAM-iOS/Baseline
    /bin/mkdir -p /tmp/MYR175-Classify-Baseline-Mac/Build/Products/Debug/MyRAMMac.app/Contents/PlugIns/MyRAMMacTests.xctest

MkDir /tmp/MYR175-Classify-Baseline-Mac/Build/Products/Debug/MyRAMMac.app/Contents/Resources (in target 'MyRAMMac' from project 'MyRAM')
    cd /Users/runner/work/MyRAM-iOS/MyRAM-iOS/Baseline
    /bin/mkdir -p /tmp/MYR175-Classify-Baseline-Mac/Build/Products/Debug/MyRAMMac.app/Contents/Resources

MkDir /tmp/MYR175-Classify-Baseline-Mac/Build/Products/Debug/MyRAMMac.app/Contents/PlugIns (in target 'MyRAMMac' from project 'MyRAM')
    cd /Users/runner/work/MyRAM-iOS/MyRAM-iOS/Baseline
    /bin/mkdir -p /tmp/MYR175-Classify-Baseline-Mac/Build/Products/Debug/MyRAMMac.app/Contents/PlugIns

MkDir /tmp/MYR175-Classify-Baseline-Mac/Build/Products/Debug/MyRAMMac.app/Contents/MacOS (in target 'MyRAMMac' from project 'MyRAM')
    cd /Users/runner/work/MyRAM-iOS/MyRAM-iOS/Baseline
    /bin/mkdir -p /tmp/MYR175-Classify-Baseline-Mac/Build/Products/Debug/MyRAMMac.app/Contents/MacOS

MkDir /tmp/MYR175-Classify-Baseline-Mac/Build/Products/Debug/MyRAMMac.app/Contents/Frameworks (in target 'MyRAMMac' from project 'MyRAM')
    cd /Users/runner/work/MyRAM-iOS/MyRAM-iOS/Baseline
    /bin/mkdir -p /tmp/MYR175-Classify-Baseline-Mac/Build/Products/Debug/MyRAMMac.app/Contents/Frameworks

MkDir /tmp/MYR175-Classify-Baseline-Mac/Build/Products/Debug/MyRAMMac.app/Contents (in target 'MyRAMMac' from project 'MyRAM')
    cd /Users/runner/work/MyRAM-iOS/MyRAM-iOS/Baseline
    /bin/mkdir -p /tmp/MYR175-Classify-Baseline-Mac/Build/Products/Debug/MyRAMMac.app/Contents

MkDir /tmp/MYR175-Classify-Baseline-Mac/Build/Products/Debug/MyRAMMac.app (in target 'MyRAMMac' from project 'MyRAM')
    cd /Users/runner/work/MyRAM-iOS/MyRAM-iOS/Baseline
    /bin/mkdir -p /tmp/MYR175-Classify-Baseline-Mac/Build/Products/Debug/MyRAMMac.app

SymLink /tmp/MYR175-Classify-Baseline-Mac/Build/Products/Debug/PackageFrameworks/AnchoredSequenceCore_-65B9EEE52AB2106_PackageProduct.framework/Versions/Current A (in target 'AnchoredSequenceCore' from project 'AnchoredSequenceCore')
    cd /Users/runner/work/MyRAM-iOS/MyRAM-iOS/Baseline/Packages/AnchoredSequenceCore
    /bin/ln -sfh A /tmp/MYR175-Classify-Baseline-Mac/Build/Products/Debug/PackageFrameworks/AnchoredSequenceCore_-65B9EEE52AB2106_PackageProduct.framework/Versions/Current

SymLink /tmp/MYR175-Classify-Baseline-Mac/Build/Products/Debug/PackageFrameworks/AnchoredSequenceCore_-65B9EEE52AB2106_PackageProduct.framework/Resources Versions/Current/Resources (in target 'AnchoredSequenceCore' from project 'AnchoredSequenceCore')
    cd /Users/runner/work/MyRAM-iOS/MyRAM-iOS/Baseline/Packages/AnchoredSequenceCore
    /bin/ln -sfh Versions/Current/Resources /tmp/MYR175-Classify-Baseline-Mac/Build/Products/Debug/PackageFrameworks/AnchoredSequenceCore_-65B9EEE52AB2106_PackageProduct.framework/Resources

SymLink /tmp/MYR175-Classify-Baseline-Mac/Build/Products/Debug/PackageFrameworks/AnchoredSequenceCore_-65B9EEE52AB2106_PackageProduct.framework/AnchoredSequenceCore_-65B9EEE52AB2106_PackageProduct Versions/Current/AnchoredSequenceCore_-65B9EEE52AB2106_PackageProduct (in target 'AnchoredSequenceCore' from project 'AnchoredSequenceCore')
    cd /Users/runner/work/MyRAM-iOS/MyRAM-iOS/Baseline/Packages/AnchoredSequenceCore
    /bin/ln -sfh Versions/Current/AnchoredSequenceCore_-65B9EEE52AB2106_PackageProduct /tmp/MYR175-Classify-Baseline-Mac/Build/Products/Debug/PackageFrameworks/AnchoredSequenceCore_-65B9EEE52AB2106_PackageProduct.framework/AnchoredSequenceCore_-65B9EEE52AB2106_PackageProduct

MkDir /tmp/MYR175-Classify-Baseline-Mac/Build/Products/Debug/PackageFrameworks/AnchoredSequenceCore_-65B9EEE52AB2106_PackageProduct.framework/Versions/A/Resources (in target 'AnchoredSequenceCore' from project 'AnchoredSequenceCore')
    cd /Users/runner/work/MyRAM-iOS/MyRAM-iOS/Baseline/Packages/AnchoredSequenceCore
    /bin/mkdir -p /tmp/MYR175-Classify-Baseline-Mac/Build/Products/Debug/PackageFrameworks/AnchoredSequenceCore_-65B9EEE52AB2106_PackageProduct.framework/Versions/A/Resources

MkDir /tmp/MYR175-Classify-Baseline-Mac/Build/Products/Debug/PackageFrameworks/AnchoredSequenceCore_-65B9EEE52AB2106_PackageProduct.framework/Versions/A (in target 'AnchoredSequenceCore' from project 'AnchoredSequenceCore')
    cd /Users/runner/work/MyRAM-iOS/MyRAM-iOS/Baseline/Packages/AnchoredSequenceCore
    /bin/mkdir -p /tmp/MYR175-Classify-Baseline-Mac/Build/Products/Debug/PackageFrameworks/AnchoredSequenceCore_-65B9EEE52AB2106_PackageProduct.framework/Versions/A

MkDir /tmp/MYR175-Classify-Baseline-Mac/Build/Products/Debug/PackageFrameworks/AnchoredSequenceCore_-65B9EEE52AB2106_PackageProduct.framework/Versions (in target 'AnchoredSequenceCore' from project 'AnchoredSequenceCore')
    cd /Users/runner/work/MyRAM-iOS/MyRAM-iOS/Baseline/Packages/AnchoredSequenceCore
    /bin/mkdir -p /tmp/MYR175-Classify-Baseline-Mac/Build/Products/Debug/PackageFrameworks/AnchoredSequenceCore_-65B9EEE52AB2106_PackageProduct.framework/Versions

MkDir /tmp/MYR175-Classify-Baseline-Mac/Build/Products/Debug/PackageFrameworks/AnchoredSequenceCore_-65B9EEE52AB2106_PackageProduct.framework (in target 'AnchoredSequenceCore' from project 'AnchoredSequenceCore')
    cd /Users/runner/work/MyRAM-iOS/MyRAM-iOS/Baseline/Packages/AnchoredSequenceCore
    /bin/mkdir -p /tmp/MYR175-Classify-Baseline-Mac/Build/Products/Debug/PackageFrameworks/AnchoredSequenceCore_-65B9EEE52AB2106_PackageProduct.framework

ProcessProductPackaging /Users/runner/work/MyRAM-iOS/MyRAM-iOS/Baseline/MyRAMMacWidgetExtension.entitlements /tmp/MYR175-Classify-Baseline-Mac/Build/Intermediates.noindex/MyRAM.build/Debug/MyRAMMacWidgetExtension.build/MyRAMMacWidgetExtension.appex.xcent (in target 'MyRAMMacWidgetExtension' from project 'MyRAM')
    cd /Users/runner/work/MyRAM-iOS/MyRAM-iOS/Baseline
    
    Entitlements:
    
    {
    "com.apple.security.app-sandbox" = 1;
    "com.apple.security.application-groups" =     (
        "group.com.northsignalstudio.myram.mac.dev.widget"
    );
    "com.apple.security.get-task-allow" = 1;
}
    
    builtin-productPackagingUtility /Users/runner/work/MyRAM-iOS/MyRAM-iOS/Baseline/MyRAMMacWidgetExtension.entitlements -entitlements -format xml -o /tmp/MYR175-Classify-Baseline-Mac/Build/Intermediates.noindex/MyRAM.build/Debug/MyRAMMacWidgetExtension.build/MyRAMMacWidgetExtension.appex.xcent

ProcessProductPackagingDER /tmp/MYR175-Classify-Baseline-Mac/Build/Intermediates.noindex/MyRAM.build/Debug/MyRAMMacWidgetExtension.build/MyRAMMacWidgetExtension.appex.xcent /tmp/MYR175-Classify-Baseline-Mac/Build/Intermediates.noindex/MyRAM.build/Debug/MyRAMMacWidgetExtension.build/MyRAMMacWidgetExtension.appex.xcent.der (in target 'MyRAMMacWidgetExtension' from project 'MyRAM')
    cd /Users/runner/work/MyRAM-iOS/MyRAM-iOS/Baseline
    /usr/bin/derq query -f xml -i /tmp/MYR175-Classify-Baseline-Mac/Build/Intermediates.noindex/MyRAM.build/Debug/MyRAMMacWidgetExtension.build/MyRAMMacWidgetExtension.appex.xcent -o /tmp/MYR175-Classify-Baseline-Mac/Build/Intermediates.noindex/MyRAM.build/Debug/MyRAMMacWidgetExtension.build/MyRAMMacWidgetExtension.appex.xcent.der --raw

Ld /tmp/MYR175-Classify-Baseline-Mac/Build/Products/Debug/MyRAMMacWidgetExtension.appex/Contents/MacOS/__preview.dylib normal (in target 'MyRAMMacWidgetExtension' from project 'MyRAM')
    cd /Users/runner/work/MyRAM-iOS/MyRAM-iOS/Baseline
    /Applications/Xcode_26.5.app/Contents/Developer/Toolchains/XcodeDefault.xctoolchain/usr/bin/clang -Xlinker -reproducible -target arm64-apple-macos14.0 -dynamiclib -isysroot /Applications/Xcode_26.5.app/Contents/Developer/Platforms/MacOSX.platform/Developer/SDKs/MacOSX26.5.sdk -O0 -L/tmp/MYR175-Classify-Baseline-Mac/Build/Products/Debug -F/tmp/MYR175-Classify-Baseline-Mac/Build/Products/Debug -install_name @rpath/MyRAMMacWidgetExtension.debug.dylib -rdynamic -Xlinker -no_deduplicate -Xlinker -dependency_info -Xlinker /tmp/MYR175-Classify-Baseline-Mac/Build/Intermediates.noindex/MyRAM.build/Debug/MyRAMMacWidgetExtension.build/Objects-normal/arm64/MyRAMMacWidgetExtension_dependency_info.dat -Xlinker -no_adhoc_codesign -o /tmp/MYR175-Classify-Baseline-Mac/Build/Products/Debug/MyRAMMacWidgetExtension.appex/Contents/MacOS/__preview.dylib

MkDir /tmp/MYR175-Classify-Baseline-Mac/Build/Intermediates.noindex/MyRAM.build/Debug/MyRAMMacWidgetExtension.build/assetcatalog_output/unthinned (in target 'MyRAMMacWidgetExtension' from project 'MyRAM')
    cd /Users/runner/work/MyRAM-iOS/MyRAM-iOS/Baseline
    /bin/mkdir -p /tmp/MYR175-Classify-Baseline-Mac/Build/Intermediates.noindex/MyRAM.build/Debug/MyRAMMacWidgetExtension.build/assetcatalog_output/unthinned

MkDir /tmp/MYR175-Classify-Baseline-Mac/Build/Intermediates.noindex/MyRAM.build/Debug/MyRAMMacWidgetExtension.build/assetcatalog_output/thinned (in target 'MyRAMMacWidgetExtension' from project 'MyRAM')
    cd /Users/runner/work/MyRAM-iOS/MyRAM-iOS/Baseline
    /bin/mkdir -p /tmp/MYR175-Classify-Baseline-Mac/Build/Intermediates.noindex/MyRAM.build/Debug/MyRAMMacWidgetExtension.build/assetcatalog_output/thinned

GenerateAssetSymbols /Users/runner/work/MyRAM-iOS/MyRAM-iOS/Baseline/MyRAMMacWidget/Assets.xcassets (in target 'MyRAMMacWidgetExtension' from project 'MyRAM')
    cd /Users/runner/work/MyRAM-iOS/MyRAM-iOS/Baseline
    /Applications/Xcode_26.5.app/Contents/Developer/usr/bin/actool /Users/runner/work/MyRAM-iOS/MyRAM-iOS/Baseline/MyRAMMacWidget/Assets.xcassets --compile /tmp/MYR175-Classify-Baseline-Mac/Build/Products/Debug/MyRAMMacWidgetExtension.appex/Contents/Resources --output-format human-readable-text --notices --warnings --export-dependency-info /tmp/MYR175-Classify-Baseline-Mac/Build/Intermediates.noindex/MyRAM.build/Debug/MyRAMMacWidgetExtension.build/assetcatalog_dependencies --output-partial-info-plist /tmp/MYR175-Classify-Baseline-Mac/Build/Intermediates.noindex/MyRAM.build/Debug/MyRAMMacWidgetExtension.build/assetcatalog_generated_info.plist --accent-color AccentColor --widget-background-color WidgetBackground --enable-on-demand-resources NO --standalone-icon-behavior all --development-region en --target-device mac --minimum-deployment-target 14.0 --platform macosx --bundle-identifier com.northsignalstudio.myram.mac.dev.widget --generate-swift-asset-symbols /tmp/MYR175-Classify-Baseline-Mac/Build/Intermediates.noindex/MyRAM.build/Debug/MyRAMMacWidgetExtension.build/DerivedSources/GeneratedAssetSymbols.swift --generate-objc-asset-symbols /tmp/MYR175-Classify-Baseline-Mac/Build/Intermediates.noindex/MyRAM.build/Debug/MyRAMMacWidgetExtension.build/DerivedSources/GeneratedAssetSymbols.h --generate-asset-symbol-index /tmp/MYR175-Classify-Baseline-Mac/Build/Intermediates.noindex/MyRAM.build/Debug/MyRAMMacWidgetExtension.build/DerivedSources/GeneratedAssetSymbols-Index.plist
/* com.apple.actool.compilation-results */
/tmp/MYR175-Classify-Baseline-Mac/Build/Intermediates.noindex/MyRAM.build/Debug/MyRAMMacWidgetExtension.build/DerivedSources/GeneratedAssetSymbols-Index.plist
/tmp/MYR175-Classify-Baseline-Mac/Build/Intermediates.noindex/MyRAM.build/Debug/MyRAMMacWidgetExtension.build/DerivedSources/GeneratedAssetSymbols.h
/tmp/MYR175-Classify-Baseline-Mac/Build/Intermediates.noindex/MyRAM.build/Debug/MyRAMMacWidgetExtension.build/DerivedSources/GeneratedAssetSymbols.swift


CompileAssetCatalogVariant thinned /tmp/MYR175-Classify-Baseline-Mac/Build/Products/Debug/MyRAMMacWidgetExtension.appex/Contents/Resources /Users/runner/work/MyRAM-iOS/MyRAM-iOS/Baseline/MyRAMMacWidget/Assets.xcassets (in target 'MyRAMMacWidgetExtension' from project 'MyRAM')
    cd /Users/runner/work/MyRAM-iOS/MyRAM-iOS/Baseline
    /Applications/Xcode_26.5.app/Contents/Developer/usr/bin/actool /Users/runner/work/MyRAM-iOS/MyRAM-iOS/Baseline/MyRAMMacWidget/Assets.xcassets --compile /tmp/MYR175-Classify-Baseline-Mac/Build/Intermediates.noindex/MyRAM.build/Debug/MyRAMMacWidgetExtension.build/assetcatalog_output/thinned --output-format human-readable-text --notices --warnings --export-dependency-info /tmp/MYR175-Classify-Baseline-Mac/Build/Intermediates.noindex/MyRAM.build/Debug/MyRAMMacWidgetExtension.build/assetcatalog_dependencies_thinned --output-partial-info-plist /tmp/MYR175-Classify-Baseline-Mac/Build/Intermediates.noindex/MyRAM.build/Debug/MyRAMMacWidgetExtension.build/assetcatalog_generated_info.plist_thinned --accent-color AccentColor --widget-background-color WidgetBackground --enable-on-demand-resources NO --standalone-icon-behavior all --development-region en --target-device mac --minimum-deployment-target 14.0 --platform macosx
/* com.apple.actool.compilation-results */
/tmp/MYR175-Classify-Baseline-Mac/Build/Intermediates.noindex/MyRAM.build/Debug/MyRAMMacWidgetExtension.build/assetcatalog_generated_info.plist_thinned


LinkAssetCatalog /Users/runner/work/MyRAM-iOS/MyRAM-iOS/Baseline/MyRAMMacWidget/Assets.xcassets (in target 'MyRAMMacWidgetExtension' from project 'MyRAM')
    cd /Users/runner/work/MyRAM-iOS/MyRAM-iOS/Baseline
    builtin-linkAssetCatalog --thinned /tmp/MYR175-Classify-Baseline-Mac/Build/Intermediates.noindex/MyRAM.build/Debug/MyRAMMacWidgetExtension.build/assetcatalog_output/thinned --thinned-dependencies /tmp/MYR175-Classify-Baseline-Mac/Build/Intermediates.noindex/MyRAM.build/Debug/MyRAMMacWidgetExtension.build/assetcatalog_dependencies_thinned --thinned-info-plist-content /tmp/MYR175-Classify-Baseline-Mac/Build/Intermediates.noindex/MyRAM.build/Debug/MyRAMMacWidgetExtension.build/assetcatalog_generated_info.plist_thinned --unthinned /tmp/MYR175-Classify-Baseline-Mac/Build/Intermediates.noindex/MyRAM.build/Debug/MyRAMMacWidgetExtension.build/assetcatalog_output/unthinned --unthinned-dependencies /tmp/MYR175-Classify-Baseline-Mac/Build/Intermediates.noindex/MyRAM.build/Debug/MyRAMMacWidgetExtension.build/assetcatalog_dependencies_unthinned --unthinned-info-plist-content /tmp/MYR175-Classify-Baseline-Mac/Build/Intermediates.noindex/MyRAM.build/Debug/MyRAMMacWidgetExtension.build/assetcatalog_generated_info.plist_unthinned --output /tmp/MYR175-Classify-Baseline-Mac/Build/Products/Debug/MyRAMMacWidgetExtension.appex/Contents/Resources --plist-output /tmp/MYR175-Classify-Baseline-Mac/Build/Intermediates.noindex/MyRAM.build/Debug/MyRAMMacWidgetExtension.build/assetcatalog_generated_info.plist

ProcessInfoPlistFile /tmp/MYR175-Classify-Baseline-Mac/Build/Products/Debug/MyRAMMacWidgetExtension.appex/Contents/Info.plist /Users/runner/work/MyRAM-iOS/MyRAM-iOS/Baseline/MyRAMMacWidget/Info.plist (in target 'MyRAMMacWidgetExtension' from project 'MyRAM')
    cd /Users/runner/work/MyRAM-iOS/MyRAM-iOS/Baseline
    builtin-infoPlistUtility /Users/runner/work/MyRAM-iOS/MyRAM-iOS/Baseline/MyRAMMacWidget/Info.plist -producttype com.apple.product-type.app-extension -expandbuildsettings -platform macosx -additionalcontentfile /tmp/MYR175-Classify-Baseline-Mac/Build/Intermediates.noindex/MyRAM.build/Debug/MyRAMMacWidgetExtension.build/assetcatalog_generated_info.plist -o /tmp/MYR175-Classify-Baseline-Mac/Build/Products/Debug/MyRAMMacWidgetExtension.appex/Contents/Info.plist

SwiftDriver NearbySyncCore normal arm64 com.apple.xcode.tools.swift.compiler (in target 'NearbySyncCore' from project 'NearbySyncCore')
    cd /Users/runner/work/MyRAM-iOS/MyRAM-iOS/Baseline/MyRAM.xcodeproj
    builtin-SwiftDriver -- /Applications/Xcode_26.5.app/Contents/Developer/Toolchains/XcodeDefault.xctoolchain/usr/bin/swiftc -module-name NearbySyncCore -Onone @/tmp/MYR175-Classify-Baseline-Mac/Build/Intermediates.noindex/NearbySyncCore.build/Debug/NearbySyncCore.build/Objects-normal/arm64/NearbySyncCore.SwiftFileList -DSWIFT_PACKAGE -DDEBUG -DSWIFT_MODULE_RESOURCE_BUNDLE_UNAVAILABLE -DXcode -plugin-path /Applications/Xcode_26.5.app/Contents/Developer/Toolchains/XcodeDefault.xctoolchain/usr/lib/swift/host/plugins/testing -enable-experimental-feature DebugDescriptionMacro -sdk /Applications/Xcode_26.5.app/Contents/Developer/Platforms/MacOSX.platform/Developer/SDKs/MacOSX26.5.sdk -target arm64-apple-macos13.0 -g -module-cache-path /tmp/MYR175-Classify-Baseline-Mac/ModuleCache.noindex -Xfrontend -serialize-debugging-options -enable-testing -suppress-warnings -index-store-path /tmp/MYR175-Classify-Baseline-Mac/Index.noindex/DataStore -Xcc -D_LIBCPP_HARDENING_MODE\=_LIBCPP_HARDENING_MODE_DEBUG -swift-version 5 -I /tmp/MYR175-Classify-Baseline-Mac/Build/Products/Debug -Isystem /Applications/Xcode_26.5.app/Contents/Developer/Platforms/MacOSX.platform/Developer/usr/lib -F /tmp/MYR175-Classify-Baseline-Mac/Build/Products/Debug -F /Applications/Xcode_26.5.app/Contents/Developer/Platforms/MacOSX.platform/Developer/Library/Frameworks -c -j3 -enable-batch-mode -incremental -Xcc -ivfsstatcache -Xcc /tmp/MYR175-Classify-Baseline-Mac/SDKStatCaches.noindex/macosx26.5-25F70-688ef53f1462e2c8f657fdc38a81448f3599ee76dc2a8020dfcb4b41ead48a8c.sdkstatcache -output-file-map /tmp/MYR175-Classify-Baseline-Mac/Build/Intermediates.noindex/NearbySyncCore.build/Debug/NearbySyncCore.build/Objects-normal/arm64/NearbySyncCore-OutputFileMap.json -use-frontend-parseable-output -save-temps -no-color-diagnostics -explicit-module-build -module-cache-path /tmp/MYR175-Classify-Baseline-Mac/Build/Intermediates.noindex/SwiftExplicitPrecompiledModules -clang-scanner-module-cache-path /tmp/MYR175-Classify-Baseline-Mac/ModuleCache.noindex -sdk-module-cache-path /tmp/MYR175-Classify-Baseline-Mac/ModuleCache.noindex -serialize-diagnostics -emit-dependencies -emit-module -emit-module-path /tmp/MYR175-Classify-Baseline-Mac/Build/Intermediates.noindex/NearbySyncCore.build/Debug/NearbySyncCore.build/Objects-normal/arm64/NearbySyncCore.swiftmodule -validate-clang-modules-once -clang-build-session-file /tmp/MYR175-Classify-Baseline-Mac/ModuleCache.noindex/Session.modulevalidation -package-name nearbysynccore -Xcc -I/tmp/MYR175-Classify-Baseline-Mac/Build/Intermediates.noindex/NearbySyncCore.build/Debug/NearbySyncCore.build/swift-overrides.hmap -emit-const-values -Xfrontend -const-gather-protocols-file -Xfrontend /tmp/MYR175-Classify-Baseline-Mac/Build/Intermediates.noindex/NearbySyncCore.build/Debug/NearbySyncCore.build/Objects-normal/arm64/NearbySyncCore_const_extract_protocols.json -Xcc -I/tmp/MYR175-Classify-Baseline-Mac/Build/Products/Debug/include -Xcc -I/tmp/MYR175-Classify-Baseline-Mac/Build/Intermediates.noindex/NearbySyncCore.build/Debug/NearbySyncCore.build/DerivedSources-normal/arm64 -Xcc -I/tmp/MYR175-Classify-Baseline-Mac/Build/Intermediates.noindex/NearbySyncCore.build/Debug/NearbySyncCore.build/DerivedSources/arm64 -Xcc -I/tmp/MYR175-Classify-Baseline-Mac/Build/Intermediates.noindex/NearbySyncCore.build/Debug/NearbySyncCore.build/DerivedSources -Xcc -DSWIFT_PACKAGE -Xcc -DDEBUG\=1 -emit-objc-header -emit-objc-header-path /tmp/MYR175-Classify-Baseline-Mac/Build/Intermediates.noindex/NearbySyncCore.build/Debug/NearbySyncCore.build/Objects-normal/arm64/NearbySyncCore-Swift.h -working-directory /Users/runner/work/MyRAM-iOS/MyRAM-iOS/Baseline/MyRAM.xcodeproj -experimental-emit-module-separately -disable-cmo

SwiftDriver MyRAMMacWidgetExtension normal arm64 com.apple.xcode.tools.swift.compiler (in target 'MyRAMMacWidgetExtension' from project 'MyRAM')
    cd /Users/runner/work/MyRAM-iOS/MyRAM-iOS/Baseline
    builtin-SwiftDriver -- /Applications/Xcode_26.5.app/Contents/Developer/Toolchains/XcodeDefault.xctoolchain/usr/bin/swiftc -module-name MyRAMMacWidgetExtension -Onone @/tmp/MYR175-Classify-Baseline-Mac/Build/Intermediates.noindex/MyRAM.build/Debug/MyRAMMacWidgetExtension.build/Objects-normal/arm64/MyRAMMacWidgetExtension.SwiftFileList -DDEBUG -enable-bare-slash-regex -enable-upcoming-feature DisableOutwardActorInference -enable-upcoming-feature InferSendableFromCaptures -enable-upcoming-feature GlobalActorIsolatedTypesUsability -enable-upcoming-feature MemberImportVisibility -enable-upcoming-feature InferIsolatedConformances -enable-upcoming-feature NonisolatedNonsendingByDefault -enable-experimental-feature DebugDescriptionMacro -sdk /Applications/Xcode_26.5.app/Contents/Developer/Platforms/MacOSX.platform/Developer/SDKs/MacOSX26.5.sdk -target arm64-apple-macos14.0 -g -module-cache-path /tmp/MYR175-Classify-Baseline-Mac/ModuleCache.noindex -Xfrontend -serialize-debugging-options -application-extension -enable-testing -index-store-path /tmp/MYR175-Classify-Baseline-Mac/Index.noindex/DataStore -Xcc -D_LIBCPP_HARDENING_MODE\=_LIBCPP_HARDENING_MODE_DEBUG -swift-version 5 -I /tmp/MYR175-Classify-Baseline-Mac/Build/Products/Debug -F /tmp/MYR175-Classify-Baseline-Mac/Build/Products/Debug -emit-localized-strings -emit-localized-strings-path /tmp/MYR175-Classify-Baseline-Mac/Build/Intermediates.noindex/MyRAM.build/Debug/MyRAMMacWidgetExtension.build/Objects-normal/arm64 -c -j3 -enable-batch-mode -incremental -Xcc -ivfsstatcache -Xcc /tmp/MYR175-Classify-Baseline-Mac/SDKStatCaches.noindex/macosx26.5-25F70-688ef53f1462e2c8f657fdc38a81448f3599ee76dc2a8020dfcb4b41ead48a8c.sdkstatcache -output-file-map /tmp/MYR175-Classify-Baseline-Mac/Build/Intermediates.noindex/MyRAM.build/Debug/MyRAMMacWidgetExtension.build/Objects-normal/arm64/MyRAMMacWidgetExtension-OutputFileMap.json -use-frontend-parseable-output -save-temps -no-color-diagnostics -explicit-module-build -module-cache-path /tmp/MYR175-Classify-Baseline-Mac/Build/Intermediates.noindex/SwiftExplicitPrecompiledModules -clang-scanner-module-cache-path /tmp/MYR175-Classify-Baseline-Mac/ModuleCache.noindex -sdk-module-cache-path /tmp/MYR175-Classify-Baseline-Mac/ModuleCache.noindex -serialize-diagnostics -emit-dependencies -emit-module -emit-module-path /tmp/MYR175-Classify-Baseline-Mac/Build/Intermediates.noindex/MyRAM.build/Debug/MyRAMMacWidgetExtension.build/Objects-normal/arm64/MyRAMMacWidgetExtension.swiftmodule -validate-clang-modules-once -clang-build-session-file /tmp/MYR175-Classify-Baseline-Mac/ModuleCache.noindex/Session.modulevalidation -Xcc -I/tmp/MYR175-Classify-Baseline-Mac/Build/Intermediates.noindex/MyRAM.build/Debug/MyRAMMacWidgetExtension.build/swift-overrides.hmap -emit-const-values -Xfrontend -const-gather-protocols-file -Xfrontend /tmp/MYR175-Classify-Baseline-Mac/Build/Intermediates.noindex/MyRAM.build/Debug/MyRAMMacWidgetExtension.build/Objects-normal/arm64/MyRAMMacWidgetExtension_const_extract_protocols.json -Xcc -iquote -Xcc /tmp/MYR175-Classify-Baseline-Mac/Build/Intermediates.noindex/MyRAM.build/Debug/MyRAMMacWidgetExtension.build/MyRAMMacWidgetExtension-generated-files.hmap -Xcc -I/tmp/MYR175-Classify-Baseline-Mac/Build/Intermediates.noindex/MyRAM.build/Debug/MyRAMMacWidgetExtension.build/MyRAMMacWidgetExtension-own-target-headers.hmap -Xcc -I/tmp/MYR175-Classify-Baseline-Mac/Build/Intermediates.noindex/MyRAM.build/Debug/MyRAMMacWidgetExtension.build/MyRAMMacWidgetExtension-all-non-framework-target-headers.hmap -Xcc -ivfsoverlay -Xcc /tmp/MYR175-Classify-Baseline-Mac/Build/Intermediates.noindex/MyRAM.build/Debug/MyRAM-98a9cbde253e8e955bc92731eb290203-VFS/all-product-headers.yaml -Xcc -iquote -Xcc /tmp/MYR175-Classify-Baseline-Mac/Build/Intermediates.noindex/MyRAM.build/Debug/MyRAMMacWidgetExtension.build/MyRAMMacWidgetExtension-project-headers.hmap -Xcc -I/tmp/MYR175-Classify-Baseline-Mac/Build/Products/Debug/include -Xcc -I/tmp/MYR175-Classify-Baseline-Mac/Build/Intermediates.noindex/MyRAM.build/Debug/MyRAMMacWidgetExtension.build/DerivedSources-normal/arm64 -Xcc -I/tmp/MYR175-Classify-Baseline-Mac/Build/Intermediates.noindex/MyRAM.build/Debug/MyRAMMacWidgetExtension.build/DerivedSources/arm64 -Xcc -I/tmp/MYR175-Classify-Baseline-Mac/Build/Intermediates.noindex/MyRAM.build/Debug/MyRAMMacWidgetExtension.build/DerivedSources -Xcc -DDEBUG\=1 -emit-objc-header -emit-objc-header-path /tmp/MYR175-Classify-Baseline-Mac/Build/Intermediates.noindex/MyRAM.build/Debug/MyRAMMacWidgetExtension.build/Objects-normal/arm64/MyRAMMacWidgetExtension-Swift.h -working-directory /Users/runner/work/MyRAM-iOS/MyRAM-iOS/Baseline -experimental-emit-module-separately -disable-cmo

SwiftDriver AnchoredSequenceCore normal arm64 com.apple.xcode.tools.swift.compiler (in target 'AnchoredSequenceCore' from project 'AnchoredSequenceCore')
    cd /Users/runner/work/MyRAM-iOS/MyRAM-iOS/Baseline/MyRAM.xcodeproj
    builtin-SwiftDriver -- /Applications/Xcode_26.5.app/Contents/Developer/Toolchains/XcodeDefault.xctoolchain/usr/bin/swiftc -module-name AnchoredSequenceCore -Onone @/tmp/MYR175-Classify-Baseline-Mac/Build/Intermediates.noindex/AnchoredSequenceCore.build/Debug/AnchoredSequenceCore.build/Objects-normal/arm64/AnchoredSequenceCore.SwiftFileList -DSWIFT_PACKAGE -DDEBUG -DSWIFT_MODULE_RESOURCE_BUNDLE_UNAVAILABLE -DXcode -plugin-path /Applications/Xcode_26.5.app/Contents/Developer/Toolchains/XcodeDefault.xctoolchain/usr/lib/swift/host/plugins/testing -enable-experimental-feature DebugDescriptionMacro -sdk /Applications/Xcode_26.5.app/Contents/Developer/Platforms/MacOSX.platform/Developer/SDKs/MacOSX26.5.sdk -target arm64-apple-macos13.0 -g -module-cache-path /tmp/MYR175-Classify-Baseline-Mac/ModuleCache.noindex -Xfrontend -serialize-debugging-options -enable-testing -suppress-warnings -index-store-path /tmp/MYR175-Classify-Baseline-Mac/Index.noindex/DataStore -Xcc -D_LIBCPP_HARDENING_MODE\=_LIBCPP_HARDENING_MODE_DEBUG -swift-version 5 -I /tmp/MYR175-Classify-Baseline-Mac/Build/Products/Debug -Isystem /Applications/Xcode_26.5.app/Contents/Developer/Platforms/MacOSX.platform/Developer/usr/lib -F /tmp/MYR175-Classify-Baseline-Mac/Build/Products/Debug -F /Applications/Xcode_26.5.app/Contents/Developer/Platforms/MacOSX.platform/Developer/Library/Frameworks -c -j3 -enable-batch-mode -incremental -Xcc -ivfsstatcache -Xcc /tmp/MYR175-Classify-Baseline-Mac/SDKStatCaches.noindex/macosx26.5-25F70-688ef53f1462e2c8f657fdc38a81448f3599ee76dc2a8020dfcb4b41ead48a8c.sdkstatcache -output-file-map /tmp/MYR175-Classify-Baseline-Mac/Build/Intermediates.noindex/AnchoredSequenceCore.build/Debug/AnchoredSequenceCore.build/Objects-normal/arm64/AnchoredSequenceCore-OutputFileMap.json -use-frontend-parseable-output -save-temps -no-color-diagnostics -explicit-module-build -module-cache-path /tmp/MYR175-Classify-Baseline-Mac/Build/Intermediates.noindex/SwiftExplicitPrecompiledModules -clang-scanner-module-cache-path /tmp/MYR175-Classify-Baseline-Mac/ModuleCache.noindex -sdk-module-cache-path /tmp/MYR175-Classify-Baseline-Mac/ModuleCache.noindex -serialize-diagnostics -emit-dependencies -emit-module -emit-module-path /tmp/MYR175-Classify-Baseline-Mac/Build/Intermediates.noindex/AnchoredSequenceCore.build/Debug/AnchoredSequenceCore.build/Objects-normal/arm64/AnchoredSequenceCore.swiftmodule -validate-clang-modules-once -clang-build-session-file /tmp/MYR175-Classify-Baseline-Mac/ModuleCache.noindex/Session.modulevalidation -package-name anchoredsequencecore -Xcc -I/tmp/MYR175-Classify-Baseline-Mac/Build/Intermediates.noindex/AnchoredSequenceCore.build/Debug/AnchoredSequenceCore.build/swift-overrides.hmap -emit-const-values -Xfrontend -const-gather-protocols-file -Xfrontend /tmp/MYR175-Classify-Baseline-Mac/Build/Intermediates.noindex/AnchoredSequenceCore.build/Debug/AnchoredSequenceCore.build/Objects-normal/arm64/AnchoredSequenceCore_const_extract_protocols.json -Xcc -I/tmp/MYR175-Classify-Baseline-Mac/Build/Products/Debug/include -Xcc -I/tmp/MYR175-Classify-Baseline-Mac/Build/Intermediates.noindex/AnchoredSequenceCore.build/Debug/AnchoredSequenceCore.build/DerivedSources-normal/arm64 -Xcc -I/tmp/MYR175-Classify-Baseline-Mac/Build/Intermediates.noindex/AnchoredSequenceCore.build/Debug/AnchoredSequenceCore.build/DerivedSources/arm64 -Xcc -I/tmp/MYR175-Classify-Baseline-Mac/Build/Intermediates.noindex/AnchoredSequenceCore.build/Debug/AnchoredSequenceCore.build/DerivedSources -Xcc -DSWIFT_PACKAGE -Xcc -DDEBUG\=1 -emit-objc-header -emit-objc-header-path /tmp/MYR175-Classify-Baseline-Mac/Build/Intermediates.noindex/AnchoredSequenceCore.build/Debug/AnchoredSequenceCore.build/Objects-normal/arm64/AnchoredSequenceCore-Swift.h -working-directory /Users/runner/work/MyRAM-iOS/MyRAM-iOS/Baseline/MyRAM.xcodeproj -experimental-emit-module-separately -disable-cmo

SwiftExplicitDependencyGeneratePcm arm64 /tmp/MYR175-Classify-Baseline-Mac/ModuleCache.noindex/SwiftShims-F20QR8IV3CBVFYATOOBPE45XK.pcm

SwiftExplicitDependencyGeneratePcm arm64 /tmp/MYR175-Classify-Baseline-Mac/ModuleCache.noindex/ptrauth-CKZJXV4I6QF3QZ01F4TJPIOAL.pcm

SwiftExplicitDependencyGeneratePcm arm64 /tmp/MYR175-Classify-Baseline-Mac/ModuleCache.noindex/_AvailabilityInternal-EUW7NCQ56F46P0E0W4TBJU7FC.pcm

SwiftExplicitDependencyGeneratePcm arm64 /tmp/MYR175-Classify-Baseline-Mac/ModuleCache.noindex/ptrcheck-1BFI0P23H0B7K9KCJ2YLTPO2Y.pcm

SwiftExplicitDependencyGeneratePcm arm64 /tmp/MYR175-Classify-Baseline-Mac/ModuleCache.noindex/_Builtin_float-B71O4ZS4578QKXQNQPW69TVLW.pcm

SwiftExplicitDependencyGeneratePcm arm64 /tmp/MYR175-Classify-Baseline-Mac/ModuleCache.noindex/_SwiftConcurrencyShims-BXFJ0KXQ34GXF7KEWPGMI3ATY.pcm

SwiftExplicitDependencyGeneratePcm arm64 /tmp/MYR175-Classify-Baseline-Mac/ModuleCache.noindex/_DarwinFoundation1-3R7B0RQL3T0GMXVFD7AZQM5M7.pcm

SwiftExplicitDependencyGeneratePcm arm64 /tmp/MYR175-Classify-Baseline-Mac/ModuleCache.noindex/_Builtin_stdbool-8XP5N7AKO1SCKOBERVMCFVPM.pcm

SwiftExplicitDependencyGeneratePcm arm64 /tmp/MYR175-Classify-Baseline-Mac/ModuleCache.noindex/_Builtin_stddef-C48VBXSOZD4K1UIRITZDY1CUS.pcm

SwiftExplicitDependencyGeneratePcm arm64 /tmp/MYR175-Classify-Baseline-Mac/ModuleCache.noindex/_Builtin_stdarg-CIS17OZBLTS1WSH1ZWW1DB3D1.pcm

SwiftExplicitDependencyGeneratePcm arm64 /tmp/MYR175-Classify-Baseline-Mac/ModuleCache.noindex/_Builtin_limits-DCHA71VDQXBJAJCJ0NQX8JDB2.pcm

SwiftExplicitDependencyGeneratePcm arm64 /tmp/MYR175-Classify-Baseline-Mac/ModuleCache.noindex/_DarwinFoundation2-BCR3TOGEZQV6D52RTK5LNTE4L.pcm

SwiftExplicitDependencyGeneratePcm arm64 /tmp/MYR175-Classify-Baseline-Mac/ModuleCache.noindex/sys_types-7117P8KPH49LUUAWSBBBI4F8Y.pcm

SwiftExplicitDependencyGeneratePcm arm64 /tmp/MYR175-Classify-Baseline-Mac/ModuleCache.noindex/_Builtin_stdint-BYY04ZJ1NVQ68GB49FCN5VVDR.pcm

SwiftExplicitDependencyGeneratePcm arm64 /tmp/MYR175-Classify-Baseline-Mac/ModuleCache.noindex/_SwiftConcurrencyShims-DVLYYHN2H1VNZO8RC1IE16AEB.pcm

SwiftExplicitDependencyGeneratePcm arm64 /tmp/MYR175-Classify-Baseline-Mac/ModuleCache.noindex/ptrauth-7EGIECSES1IC5YU02Q7YK5LBN.pcm

SwiftExplicitDependencyGeneratePcm arm64 /tmp/MYR175-Classify-Baseline-Mac/ModuleCache.noindex/_Builtin_float-GFD4H51PQCDLFWUKB4Z5LH1.pcm

SwiftExplicitDependencyGeneratePcm arm64 /tmp/MYR175-Classify-Baseline-Mac/ModuleCache.noindex/libDER-4XPP5I5KONFFNNNO9025R3ULN.pcm

SwiftExplicitDependencyGeneratePcm arm64 /tmp/MYR175-Classify-Baseline-Mac/ModuleCache.noindex/_Builtin_stdbool-4CXXL6QCOAJ4V5IELTQF9G91J.pcm

SwiftExplicitDependencyGeneratePcm arm64 /tmp/MYR175-Classify-Baseline-Mac/ModuleCache.noindex/ptrcheck-2CYGFVVWESTX9Q22SJ88IOB67.pcm

SwiftExplicitDependencyGeneratePcm arm64 /tmp/MYR175-Classify-Baseline-Mac/ModuleCache.noindex/ActivityKit-CDK4WZAUKI30QHX0EJH0KSSH.pcm

SwiftExplicitDependencyGeneratePcm arm64 /tmp/MYR175-Classify-Baseline-Mac/ModuleCache.noindex/SwiftShims-88BEZ33W6BXFA71W6OJF87F8F.pcm

SwiftExplicitDependencyGeneratePcm arm64 /tmp/MYR175-Classify-Baseline-Mac/ModuleCache.noindex/_DarwinFoundation3-H6IN794K5VKQTVYKUHCXMO28.pcm

SwiftExplicitDependencyGeneratePcm arm64 /tmp/MYR175-Classify-Baseline-Mac/ModuleCache.noindex/DeveloperToolsSupport-6XV8TXIXLUXRF8ZSP7CHVWP3Q.pcm

SwiftExplicitDependencyGeneratePcm arm64 /tmp/MYR175-Classify-Baseline-Mac/ModuleCache.noindex/_Builtin_stddef-BOTYFVA2JEGJATVXET4UXY93J.pcm

SwiftExplicitDependencyGeneratePcm arm64 /tmp/MYR175-Classify-Baseline-Mac/ModuleCache.noindex/_AvailabilityInternal-3EO8HCX4PUJ4TZTUUMDMW3KYE.pcm

SwiftExplicitDependencyGeneratePcm arm64 /tmp/MYR175-Classify-Baseline-Mac/ModuleCache.noindex/_Builtin_stdarg-6VGU9M88TFNMCDQX1DSDO65S9.pcm

SwiftExplicitDependencyGeneratePcm arm64 /tmp/MYR175-Classify-Baseline-Mac/ModuleCache.noindex/_Builtin_inttypes-9FMEI711FPRQPG7O0DBHFY9KY.pcm

SwiftExplicitDependencyGeneratePcm arm64 /tmp/MYR175-Classify-Baseline-Mac/ModuleCache.noindex/_DarwinFoundation1-1YGBY6UDI6SE4EQ6UFKH4LZE2.pcm

SwiftExplicitDependencyGeneratePcm arm64 /tmp/MYR175-Classify-Baseline-Mac/ModuleCache.noindex/Darwin-3KSOUGBHTIF3XEM132MBY9GWE.pcm

SwiftExplicitDependencyGeneratePcm arm64 /tmp/MYR175-Classify-Baseline-Mac/ModuleCache.noindex/_Builtin_limits-ACOSBT49SBKI17VPJ46RDFJV8.pcm

SwiftExplicitDependencyGeneratePcm arm64 /tmp/MYR175-Classify-Baseline-Mac/ModuleCache.noindex/_DarwinFoundation2-BUYST2I2UZBWXF6FKAEMQG86T.pcm

SwiftExplicitDependencyGeneratePcm arm64 /tmp/MYR175-Classify-Baseline-Mac/ModuleCache.noindex/ExtensionFoundation-EM2TXOAE2VUUY5N33ZT8UTNLI.pcm

SwiftExplicitDependencyGeneratePcm arm64 /tmp/MYR175-Classify-Baseline-Mac/ModuleCache.noindex/sys_types-1RP6X9IFNNYCSX1UUD9HS1RFF.pcm

SwiftExplicitDependencyGeneratePcm arm64 /tmp/MYR175-Classify-Baseline-Mac/ModuleCache.noindex/_Builtin_tgmath-E8AETEH6PDK9YDVN9PM0Z714H.pcm

SwiftExplicitDependencyGeneratePcm arm64 /tmp/MYR175-Classify-Baseline-Mac/ModuleCache.noindex/_Builtin_stdint-3FN1YEM7YE0URU7Y4X7MSEDT4.pcm

SwiftExplicitDependencyGeneratePcm arm64 /tmp/MYR175-Classify-Baseline-Mac/ModuleCache.noindex/_Builtin_intrinsics-A8NSXMLUKGLYC9L3QVFQ2VHYD.pcm

SwiftExplicitDependencyGeneratePcm arm64 /tmp/MYR175-Classify-Baseline-Mac/ModuleCache.noindex/_DarwinFoundation3-BJWXSM2FDR8I3A8ROXVXUSHSB.pcm

SwiftExplicitDependencyGeneratePcm arm64 /tmp/MYR175-Classify-Baseline-Mac/ModuleCache.noindex/libDER-9D167EHAA5TKRDF6CLYCK81J6.pcm

SwiftExplicitDependencyGeneratePcm arm64 /tmp/MYR175-Classify-Baseline-Mac/ModuleCache.noindex/MachO-ESCS6FNXDEM5QBYSVRSLCQ6Z5.pcm

SwiftExplicitDependencyGeneratePcm arm64 /tmp/MYR175-Classify-Baseline-Mac/ModuleCache.noindex/launch-20FKN83GNK5LQFOXNN0R1NBTT.pcm

SwiftExplicitDependencyGeneratePcm arm64 /tmp/MYR175-Classify-Baseline-Mac/ModuleCache.noindex/libkern-7W5NQI59GYNBF5CW8ES86XUA6.pcm

SwiftExplicitDependencyGeneratePcm arm64 /tmp/MYR175-Classify-Baseline-Mac/ModuleCache.noindex/ObjectiveC-2QW5MZKRUVYFLT77R40Z1GZPA.pcm

SwiftExplicitDependencyGeneratePcm arm64 /tmp/MYR175-Classify-Baseline-Mac/ModuleCache.noindex/_Builtin_inttypes-61K3I6V5NLQVD41SLJDXSJ4GV.pcm

SwiftExplicitDependencyGeneratePcm arm64 /tmp/MYR175-Classify-Baseline-Mac/ModuleCache.noindex/OpenGL-C56D9P9ZG8S1IKJ1VVSFFD1FW.pcm

SwiftExplicitDependencyGeneratePcm arm64 /tmp/MYR175-Classify-Baseline-Mac/ModuleCache.noindex/simd-34SBE01BFDC8QDCJOV2H80I26.pcm

SwiftExplicitDependencyGeneratePcm arm64 /tmp/MYR175-Classify-Baseline-Mac/ModuleCache.noindex/Darwin-5NR88D3339UIIK2QSK2IWIH3N.pcm

SwiftExplicitDependencyGeneratePcm arm64 /tmp/MYR175-Classify-Baseline-Mac/ModuleCache.noindex/os_object-2K9FUY0TH0ZQHFXLASHOYRJMF.pcm

SwiftExplicitDependencyGeneratePcm arm64 /tmp/MYR175-Classify-Baseline-Mac/ModuleCache.noindex/_Builtin_stdatomic-1G82TPVN5P17JT6TIXT69WMAJ.pcm

SwiftExplicitDependencyGeneratePcm arm64 /tmp/MYR175-Classify-Baseline-Mac/ModuleCache.noindex/os_workgroup-EWNFW26TYF2KG5HJP2AZREG2N.pcm

SwiftExplicitDependencyGeneratePcm arm64 /tmp/MYR175-Classify-Baseline-Mac/ModuleCache.noindex/Dispatch-CYIUIOUHX854POU65042LRY0M.pcm

SwiftExplicitDependencyGeneratePcm arm64 /tmp/MYR175-Classify-Baseline-Mac/ModuleCache.noindex/CUPS-80TNI143ZJ7PQFHMHW7GXKODU.pcm

SwiftExplicitDependencyGeneratePcm arm64 /tmp/MYR175-Classify-Baseline-Mac/ModuleCache.noindex/launch-62IQ7DFOL48Y0U16U4W9IBFQM.pcm

SwiftExplicitDependencyGeneratePcm arm64 /tmp/MYR175-Classify-Baseline-Mac/ModuleCache.noindex/XPC-6H37PBZDAXCT90RFB33DGVGT7.pcm

SwiftExplicitDependencyGeneratePcm arm64 /tmp/MYR175-Classify-Baseline-Mac/ModuleCache.noindex/CoreFoundation-9H67LTCVAS214XM6FKD90F0KJ.pcm

SwiftExplicitDependencyGeneratePcm arm64 /tmp/MYR175-Classify-Baseline-Mac/ModuleCache.noindex/libkern-F2G26BCATWT4TPDXR5MUCW4SW.pcm

SwiftExplicitDependencyGeneratePcm arm64 /tmp/MYR175-Classify-Baseline-Mac/ModuleCache.noindex/Spatial-2DTNQ5L3SBYQEP2VS6LOTXSGB.pcm

SwiftExplicitDependencyGeneratePcm arm64 /tmp/MYR175-Classify-Baseline-Mac/ModuleCache.noindex/MachO-5SGUIGOM9GYE94SP5ZU5LKBLC.pcm

SwiftExplicitDependencyGeneratePcm arm64 /tmp/MYR175-Classify-Baseline-Mac/ModuleCache.noindex/Security-EO7NLU62AXB2NKW2U65ZTP4CT.pcm

SwiftExplicitDependencyGeneratePcm arm64 /tmp/MYR175-Classify-Baseline-Mac/ModuleCache.noindex/IOKit-EKW0XKRE4T5RDO7W2TMUNRJ72.pcm

SwiftExplicitDependencyGeneratePcm arm64 /tmp/MYR175-Classify-Baseline-Mac/ModuleCache.noindex/CFNetwork-9DJS888WUKMNOCMMAFZDN9KY0.pcm

SwiftExplicitDependencyGeneratePcm arm64 /tmp/MYR175-Classify-Baseline-Mac/ModuleCache.noindex/ObjectiveC-D6S0LQU7L8KHQ6C2SM2294UN5.pcm

SwiftExplicitDependencyGeneratePcm arm64 /tmp/MYR175-Classify-Baseline-Mac/ModuleCache.noindex/os_object-5AKDZXL47J1ZDZKOYBVER6W70.pcm

SwiftExplicitDependencyGeneratePcm arm64 /tmp/MYR175-Classify-Baseline-Mac/ModuleCache.noindex/DiskArbitration-YUN2C6O058T1NVSK7CSOS1YV.pcm

SwiftExplicitDependencyGeneratePcm arm64 /tmp/MYR175-Classify-Baseline-Mac/ModuleCache.noindex/os_workgroup-72OV6N2HGZT3F2F23RJKI32T3.pcm

SwiftExplicitDependencyGeneratePcm arm64 /tmp/MYR175-Classify-Baseline-Mac/ModuleCache.noindex/CoreServices-313I7VCWNLX33YGZMLXPKGP9F.pcm

SwiftExplicitDependencyGeneratePcm arm64 /tmp/MYR175-Classify-Baseline-Mac/ModuleCache.noindex/Dispatch-1VR8UI7IEDJEAW2PM5UE0DPN0.pcm

SwiftExplicitDependencyGeneratePcm arm64 /tmp/MYR175-Classify-Baseline-Mac/ModuleCache.noindex/XPC-10HW3OEPRY0H7UQ3FY2U8LPLU.pcm

SwiftExplicitDependencyGeneratePcm arm64 /tmp/MYR175-Classify-Baseline-Mac/ModuleCache.noindex/CoreFoundation-B77W5TXGY60BI99S89NFRP6BE.pcm

SwiftExplicitDependencyGeneratePcm arm64 /tmp/MYR175-Classify-Baseline-Mac/ModuleCache.noindex/dnssd-40FBNJ81BJ11PX73YUHXL7T0C.pcm

SwiftExplicitDependencyGeneratePcm arm64 /tmp/MYR175-Classify-Baseline-Mac/ModuleCache.noindex/os-4CYJPMRGBNY4G6ZI65IUUJNQ0.pcm

SwiftExplicitDependencyGeneratePcm arm64 /tmp/MYR175-Classify-Baseline-Mac/ModuleCache.noindex/CFNetwork-12OZD30HFY8XB8N4O29ZVW7BQ.pcm

SwiftExplicitDependencyGeneratePcm arm64 /tmp/MYR175-Classify-Baseline-Mac/ModuleCache.noindex/Security-7OKUJQP1DZ47Z1Z7O88PPXUP5.pcm

SwiftExplicitDependencyGeneratePcm arm64 /tmp/MYR175-Classify-Baseline-Mac/ModuleCache.noindex/Foundation-7NHXK7VKKTRSDO7JVW0IWOIAC.pcm

SwiftExplicitDependencyGeneratePcm arm64 /tmp/MYR175-Classify-Baseline-Mac/ModuleCache.noindex/IOKit-5W0L1JNLHVTBCQIQNLCTM90FD.pcm

SwiftExplicitDependencyGeneratePcm arm64 /tmp/MYR175-Classify-Baseline-Mac/ModuleCache.noindex/ColorSync-8NU6UCAXXTZYLE609488NEKSY.pcm

SwiftExplicitDependencyGeneratePcm arm64 /tmp/MYR175-Classify-Baseline-Mac/ModuleCache.noindex/CoreGraphics-1JPZXXSJV5F8BTJUBM8O5SQTH.pcm

SwiftExplicitDependencyGeneratePcm arm64 /tmp/MYR175-Classify-Baseline-Mac/ModuleCache.noindex/DiskArbitration-3ICJE6Q268SSD52QYHMSYLRXJ.pcm

SwiftExplicitDependencyGeneratePcm arm64 /tmp/MYR175-Classify-Baseline-Mac/ModuleCache.noindex/CoreServices-FH3R0W7G962ZBKLF68448UFP.pcm

SwiftEmitModule normal arm64 Emitting\ module\ for\ NearbySyncCore (in target 'NearbySyncCore' from project 'NearbySyncCore')
EmitSwiftModule normal arm64 (in target 'NearbySyncCore' from project 'NearbySyncCore')
    cd /Users/runner/work/MyRAM-iOS/MyRAM-iOS/Baseline/MyRAM.xcodeproj
    

SwiftExplicitDependencyGeneratePcm arm64 /tmp/MYR175-Classify-Baseline-Mac/ModuleCache.noindex/LocalAuthentication-B93Z6S3UUB70URB993KT5NJPG.pcm

SwiftExplicitDependencyGeneratePcm arm64 /tmp/MYR175-Classify-Baseline-Mac/ModuleCache.noindex/CoreText-AQVI2R5OSFCJ4BX0OO0434ML5.pcm

SwiftEmitModule normal arm64 Emitting\ module\ for\ AnchoredSequenceCore (in target 'AnchoredSequenceCore' from project 'AnchoredSequenceCore')
EmitSwiftModule normal arm64 (in target 'AnchoredSequenceCore' from project 'AnchoredSequenceCore')
    cd /Users/runner/work/MyRAM-iOS/MyRAM-iOS/Baseline/MyRAM.xcodeproj
    

SwiftExplicitDependencyGeneratePcm arm64 /tmp/MYR175-Classify-Baseline-Mac/ModuleCache.noindex/ImageIO-5R2QQT0BEZUNL4DXZC0WQJ5KJ.pcm

SwiftExplicitDependencyGeneratePcm arm64 /tmp/MYR175-Classify-Baseline-Mac/ModuleCache.noindex/Foundation-BBH561O65XIHLR6JC61ID10TG.pcm

SwiftDriverJobDiscovery normal arm64 Emitting module for NearbySyncCore (in target 'NearbySyncCore' from project 'NearbySyncCore')

SwiftDriver\ Compilation\ Requirements NearbySyncCore normal arm64 com.apple.xcode.tools.swift.compiler (in target 'NearbySyncCore' from project 'NearbySyncCore')
    cd /Users/runner/work/MyRAM-iOS/MyRAM-iOS/Baseline/MyRAM.xcodeproj
    builtin-Swift-Compilation-Requirements -- /Applications/Xcode_26.5.app/Contents/Developer/Toolchains/XcodeDefault.xctoolchain/usr/bin/swiftc -module-name NearbySyncCore -Onone @/tmp/MYR175-Classify-Baseline-Mac/Build/Intermediates.noindex/NearbySyncCore.build/Debug/NearbySyncCore.build/Objects-normal/arm64/NearbySyncCore.SwiftFileList -DSWIFT_PACKAGE -DDEBUG -DSWIFT_MODULE_RESOURCE_BUNDLE_UNAVAILABLE -DXcode -plugin-path /Applications/Xcode_26.5.app/Contents/Developer/Toolchains/XcodeDefault.xctoolchain/usr/lib/swift/host/plugins/testing -enable-experimental-feature DebugDescriptionMacro -sdk /Applications/Xcode_26.5.app/Contents/Developer/Platforms/MacOSX.platform/Developer/SDKs/MacOSX26.5.sdk -target arm64-apple-macos13.0 -g -module-cache-path /tmp/MYR175-Classify-Baseline-Mac/ModuleCache.noindex -Xfrontend -serialize-debugging-options -enable-testing -suppress-warnings -index-store-path /tmp/MYR175-Classify-Baseline-Mac/Index.noindex/DataStore -Xcc -D_LIBCPP_HARDENING_MODE\=_LIBCPP_HARDENING_MODE_DEBUG -swift-version 5 -I /tmp/MYR175-Classify-Baseline-Mac/Build/Products/Debug -Isystem /Applications/Xcode_26.5.app/Contents/Developer/Platforms/MacOSX.platform/Developer/usr/lib -F /tmp/MYR175-Classify-Baseline-Mac/Build/Products/Debug -F /Applications/Xcode_26.5.app/Contents/Developer/Platforms/MacOSX.platform/Developer/Library/Frameworks -c -j3 -enable-batch-mode -incremental -Xcc -ivfsstatcache -Xcc /tmp/MYR175-Classify-Baseline-Mac/SDKStatCaches.noindex/macosx26.5-25F70-688ef53f1462e2c8f657fdc38a81448f3599ee76dc2a8020dfcb4b41ead48a8c.sdkstatcache -output-file-map /tmp/MYR175-Classify-Baseline-Mac/Build/Intermediates.noindex/NearbySyncCore.build/Debug/NearbySyncCore.build/Objects-normal/arm64/NearbySyncCore-OutputFileMap.json -use-frontend-parseable-output -save-temps -no-color-diagnostics -explicit-module-build -module-cache-path /tmp/MYR175-Classify-Baseline-Mac/Build/Intermediates.noindex/SwiftExplicitPrecompiledModules -clang-scanner-module-cache-path /tmp/MYR175-Classify-Baseline-Mac/ModuleCache.noindex -sdk-module-cache-path /tmp/MYR175-Classify-Baseline-Mac/ModuleCache.noindex -serialize-diagnostics -emit-dependencies -emit-module -emit-module-path /tmp/MYR175-Classify-Baseline-Mac/Build/Intermediates.noindex/NearbySyncCore.build/Debug/NearbySyncCore.build/Objects-normal/arm64/NearbySyncCore.swiftmodule -validate-clang-modules-once -clang-build-session-file /tmp/MYR175-Classify-Baseline-Mac/ModuleCache.noindex/Session.modulevalidation -package-name nearbysynccore -Xcc -I/tmp/MYR175-Classify-Baseline-Mac/Build/Intermediates.noindex/NearbySyncCore.build/Debug/NearbySyncCore.build/swift-overrides.hmap -emit-const-values -Xfrontend -const-gather-protocols-file -Xfrontend /tmp/MYR175-Classify-Baseline-Mac/Build/Intermediates.noindex/NearbySyncCore.build/Debug/NearbySyncCore.build/Objects-normal/arm64/NearbySyncCore_const_extract_protocols.json -Xcc -I/tmp/MYR175-Classify-Baseline-Mac/Build/Products/Debug/include -Xcc -I/tmp/MYR175-Classify-Baseline-Mac/Build/Intermediates.noindex/NearbySyncCore.build/Debug/NearbySyncCore.build/DerivedSources-normal/arm64 -Xcc -I/tmp/MYR175-Classify-Baseline-Mac/Build/Intermediates.noindex/NearbySyncCore.build/Debug/NearbySyncCore.build/DerivedSources/arm64 -Xcc -I/tmp/MYR175-Classify-Baseline-Mac/Build/Intermediates.noindex/NearbySyncCore.build/Debug/NearbySyncCore.build/DerivedSources -Xcc -DSWIFT_PACKAGE -Xcc -DDEBUG\=1 -emit-objc-header -emit-objc-header-path /tmp/MYR175-Classify-Baseline-Mac/Build/Intermediates.noindex/NearbySyncCore.build/Debug/NearbySyncCore.build/Objects-normal/arm64/NearbySyncCore-Swift.h -working-directory /Users/runner/work/MyRAM-iOS/MyRAM-iOS/Baseline/MyRAM.xcodeproj -experimental-emit-module-separately -disable-cmo

SwiftCompile normal arm64 Compiling\ SyncStore.swift,\ TrustedPeerStore.swift /Users/runner/work/MyRAM-iOS/MyRAM-iOS/NearbySyncCore/Sources/NearbySyncCore/SyncStore.swift /Users/runner/work/MyRAM-iOS/MyRAM-iOS/NearbySyncCore/Sources/NearbySyncCore/TrustedPeerStore.swift (in target 'NearbySyncCore' from project 'NearbySyncCore')
SwiftCompile normal arm64 /Users/runner/work/MyRAM-iOS/MyRAM-iOS/NearbySyncCore/Sources/NearbySyncCore/SyncStore.swift (in target 'NearbySyncCore' from project 'NearbySyncCore')
    cd /Users/runner/work/MyRAM-iOS/MyRAM-iOS/Baseline/MyRAM.xcodeproj
    

SwiftCompile normal arm64 /Users/runner/work/MyRAM-iOS/MyRAM-iOS/NearbySyncCore/Sources/NearbySyncCore/TrustedPeerStore.swift (in target 'NearbySyncCore' from project 'NearbySyncCore')
    cd /Users/runner/work/MyRAM-iOS/MyRAM-iOS/Baseline/MyRAM.xcodeproj
    

SwiftMergeGeneratedHeaders /tmp/MYR175-Classify-Baseline-Mac/Build/Intermediates.noindex/GeneratedModuleMaps/NearbySyncCore-Swift.h /tmp/MYR175-Classify-Baseline-Mac/Build/Intermediates.noindex/NearbySyncCore.build/Debug/NearbySyncCore.build/Objects-normal/arm64/NearbySyncCore-Swift.h (in target 'NearbySyncCore' from project 'NearbySyncCore')
    cd /Users/runner/work/MyRAM-iOS/MyRAM-iOS/NearbySyncCore
    builtin-swiftHeaderTool -arch arm64 /tmp/MYR175-Classify-Baseline-Mac/Build/Intermediates.noindex/NearbySyncCore.build/Debug/NearbySyncCore.build/Objects-normal/arm64/NearbySyncCore-Swift.h -o /tmp/MYR175-Classify-Baseline-Mac/Build/Intermediates.noindex/GeneratedModuleMaps/NearbySyncCore-Swift.h

SwiftDriverJobDiscovery normal arm64 Emitting module for AnchoredSequenceCore (in target 'AnchoredSequenceCore' from project 'AnchoredSequenceCore')

Copy /tmp/MYR175-Classify-Baseline-Mac/Build/Products/Debug/NearbySyncCore.swiftmodule/arm64-apple-macos.swiftmodule /tmp/MYR175-Classify-Baseline-Mac/Build/Intermediates.noindex/NearbySyncCore.build/Debug/NearbySyncCore.build/Objects-normal/arm64/NearbySyncCore.swiftmodule (in target 'NearbySyncCore' from project 'NearbySyncCore')
    cd /Users/runner/work/MyRAM-iOS/MyRAM-iOS/NearbySyncCore
    builtin-copy -exclude .DS_Store -exclude CVS -exclude .svn -exclude .git -exclude .hg -resolve-src-symlinks -rename /tmp/MYR175-Classify-Baseline-Mac/Build/Intermediates.noindex/NearbySyncCore.build/Debug/NearbySyncCore.build/Objects-normal/arm64/NearbySyncCore.swiftmodule /tmp/MYR175-Classify-Baseline-Mac/Build/Products/Debug/NearbySyncCore.swiftmodule/arm64-apple-macos.swiftmodule

Copy /tmp/MYR175-Classify-Baseline-Mac/Build/Products/Debug/NearbySyncCore.swiftmodule/arm64-apple-macos.swiftdoc /tmp/MYR175-Classify-Baseline-Mac/Build/Intermediates.noindex/NearbySyncCore.build/Debug/NearbySyncCore.build/Objects-normal/arm64/NearbySyncCore.swiftdoc (in target 'NearbySyncCore' from project 'NearbySyncCore')
    cd /Users/runner/work/MyRAM-iOS/MyRAM-iOS/NearbySyncCore
    builtin-copy -exclude .DS_Store -exclude CVS -exclude .svn -exclude .git -exclude .hg -resolve-src-symlinks -rename /tmp/MYR175-Classify-Baseline-Mac/Build/Intermediates.noindex/NearbySyncCore.build/Debug/NearbySyncCore.build/Objects-normal/arm64/NearbySyncCore.swiftdoc /tmp/MYR175-Classify-Baseline-Mac/Build/Products/Debug/NearbySyncCore.swiftmodule/arm64-apple-macos.swiftdoc

Copy /tmp/MYR175-Classify-Baseline-Mac/Build/Products/Debug/NearbySyncCore.swiftmodule/arm64-apple-macos.abi.json /tmp/MYR175-Classify-Baseline-Mac/Build/Intermediates.noindex/NearbySyncCore.build/Debug/NearbySyncCore.build/Objects-normal/arm64/NearbySyncCore.abi.json (in target 'NearbySyncCore' from project 'NearbySyncCore')
    cd /Users/runner/work/MyRAM-iOS/MyRAM-iOS/NearbySyncCore
    builtin-copy -exclude .DS_Store -exclude CVS -exclude .svn -exclude .git -exclude .hg -resolve-src-symlinks -rename /tmp/MYR175-Classify-Baseline-Mac/Build/Intermediates.noindex/NearbySyncCore.build/Debug/NearbySyncCore.build/Objects-normal/arm64/NearbySyncCore.abi.json /tmp/MYR175-Classify-Baseline-Mac/Build/Products/Debug/NearbySyncCore.swiftmodule/arm64-apple-macos.abi.json

Copy /tmp/MYR175-Classify-Baseline-Mac/Build/Products/Debug/NearbySyncCore.swiftmodule/Project/arm64-apple-macos.swiftsourceinfo /tmp/MYR175-Classify-Baseline-Mac/Build/Intermediates.noindex/NearbySyncCore.build/Debug/NearbySyncCore.build/Objects-normal/arm64/NearbySyncCore.swiftsourceinfo (in target 'NearbySyncCore' from project 'NearbySyncCore')
    cd /Users/runner/work/MyRAM-iOS/MyRAM-iOS/NearbySyncCore
    builtin-copy -exclude .DS_Store -exclude CVS -exclude .svn -exclude .git -exclude .hg -resolve-src-symlinks -rename /tmp/MYR175-Classify-Baseline-Mac/Build/Intermediates.noindex/NearbySyncCore.build/Debug/NearbySyncCore.build/Objects-normal/arm64/NearbySyncCore.swiftsourceinfo /tmp/MYR175-Classify-Baseline-Mac/Build/Products/Debug/NearbySyncCore.swiftmodule/Project/arm64-apple-macos.swiftsourceinfo

SwiftDriver\ Compilation\ Requirements AnchoredSequenceCore normal arm64 com.apple.xcode.tools.swift.compiler (in target 'AnchoredSequenceCore' from project 'AnchoredSequenceCore')
    cd /Users/runner/work/MyRAM-iOS/MyRAM-iOS/Baseline/MyRAM.xcodeproj
    builtin-Swift-Compilation-Requirements -- /Applications/Xcode_26.5.app/Contents/Developer/Toolchains/XcodeDefault.xctoolchain/usr/bin/swiftc -module-name AnchoredSequenceCore -Onone @/tmp/MYR175-Classify-Baseline-Mac/Build/Intermediates.noindex/AnchoredSequenceCore.build/Debug/AnchoredSequenceCore.build/Objects-normal/arm64/AnchoredSequenceCore.SwiftFileList -DSWIFT_PACKAGE -DDEBUG -DSWIFT_MODULE_RESOURCE_BUNDLE_UNAVAILABLE -DXcode -plugin-path /Applications/Xcode_26.5.app/Contents/Developer/Toolchains/XcodeDefault.xctoolchain/usr/lib/swift/host/plugins/testing -enable-experimental-feature DebugDescriptionMacro -sdk /Applications/Xcode_26.5.app/Contents/Developer/Platforms/MacOSX.platform/Developer/SDKs/MacOSX26.5.sdk -target arm64-apple-macos13.0 -g -module-cache-path /tmp/MYR175-Classify-Baseline-Mac/ModuleCache.noindex -Xfrontend -serialize-debugging-options -enable-testing -suppress-warnings -index-store-path /tmp/MYR175-Classify-Baseline-Mac/Index.noindex/DataStore -Xcc -D_LIBCPP_HARDENING_MODE\=_LIBCPP_HARDENING_MODE_DEBUG -swift-version 5 -I /tmp/MYR175-Classify-Baseline-Mac/Build/Products/Debug -Isystem /Applications/Xcode_26.5.app/Contents/Developer/Platforms/MacOSX.platform/Developer/usr/lib -F /tmp/MYR175-Classify-Baseline-Mac/Build/Products/Debug -F /Applications/Xcode_26.5.app/Contents/Developer/Platforms/MacOSX.platform/Developer/Library/Frameworks -c -j3 -enable-batch-mode -incremental -Xcc -ivfsstatcache -Xcc /tmp/MYR175-Classify-Baseline-Mac/SDKStatCaches.noindex/macosx26.5-25F70-688ef53f1462e2c8f657fdc38a81448f3599ee76dc2a8020dfcb4b41ead48a8c.sdkstatcache -output-file-map /tmp/MYR175-Classify-Baseline-Mac/Build/Intermediates.noindex/AnchoredSequenceCore.build/Debug/AnchoredSequenceCore.build/Objects-normal/arm64/AnchoredSequenceCore-OutputFileMap.json -use-frontend-parseable-output -save-temps -no-color-diagnostics -explicit-module-build -module-cache-path /tmp/MYR175-Classify-Baseline-Mac/Build/Intermediates.noindex/SwiftExplicitPrecompiledModules -clang-scanner-module-cache-path /tmp/MYR175-Classify-Baseline-Mac/ModuleCache.noindex -sdk-module-cache-path /tmp/MYR175-Classify-Baseline-Mac/ModuleCache.noindex -serialize-diagnostics -emit-dependencies -emit-module -emit-module-path /tmp/MYR175-Classify-Baseline-Mac/Build/Intermediates.noindex/AnchoredSequenceCore.build/Debug/AnchoredSequenceCore.build/Objects-normal/arm64/AnchoredSequenceCore.swiftmodule -validate-clang-modules-once -clang-build-session-file /tmp/MYR175-Classify-Baseline-Mac/ModuleCache.noindex/Session.modulevalidation -package-name anchoredsequencecore -Xcc -I/tmp/MYR175-Classify-Baseline-Mac/Build/Intermediates.noindex/AnchoredSequenceCore.build/Debug/AnchoredSequenceCore.build/swift-overrides.hmap -emit-const-values -Xfrontend -const-gather-protocols-file -Xfrontend /tmp/MYR175-Classify-Baseline-Mac/Build/Intermediates.noindex/AnchoredSequenceCore.build/Debug/AnchoredSequenceCore.build/Objects-normal/arm64/AnchoredSequenceCore_const_extract_protocols.json -Xcc -I/tmp/MYR175-Classify-Baseline-Mac/Build/Products/Debug/include -Xcc -I/tmp/MYR175-Classify-Baseline-Mac/Build/Intermediates.noindex/AnchoredSequenceCore.build/Debug/AnchoredSequenceCore.build/DerivedSources-normal/arm64 -Xcc -I/tmp/MYR175-Classify-Baseline-Mac/Build/Intermediates.noindex/AnchoredSequenceCore.build/Debug/AnchoredSequenceCore.build/DerivedSources/arm64 -Xcc -I/tmp/MYR175-Classify-Baseline-Mac/Build/Intermediates.noindex/AnchoredSequenceCore.build/Debug/AnchoredSequenceCore.build/DerivedSources -Xcc -DSWIFT_PACKAGE -Xcc -DDEBUG\=1 -emit-objc-header -emit-objc-header-path /tmp/MYR175-Classify-Baseline-Mac/Build/Intermediates.noindex/AnchoredSequenceCore.build/Debug/AnchoredSequenceCore.build/Objects-normal/arm64/AnchoredSequenceCore-Swift.h -working-directory /Users/runner/work/MyRAM-iOS/MyRAM-iOS/Baseline/MyRAM.xcodeproj -experimental-emit-module-separately -disable-cmo

SwiftMergeGeneratedHeaders /tmp/MYR175-Classify-Baseline-Mac/Build/Intermediates.noindex/GeneratedModuleMaps/AnchoredSequenceCore-Swift.h /tmp/MYR175-Classify-Baseline-Mac/Build/Intermediates.noindex/AnchoredSequenceCore.build/Debug/AnchoredSequenceCore.build/Objects-normal/arm64/AnchoredSequenceCore-Swift.h (in target 'AnchoredSequenceCore' from project 'AnchoredSequenceCore')
    cd /Users/runner/work/MyRAM-iOS/MyRAM-iOS/Baseline/Packages/AnchoredSequenceCore
    builtin-swiftHeaderTool -arch arm64 /tmp/MYR175-Classify-Baseline-Mac/Build/Intermediates.noindex/AnchoredSequenceCore.build/Debug/AnchoredSequenceCore.build/Objects-normal/arm64/AnchoredSequenceCore-Swift.h -o /tmp/MYR175-Classify-Baseline-Mac/Build/Intermediates.noindex/GeneratedModuleMaps/AnchoredSequenceCore-Swift.h

Copy /tmp/MYR175-Classify-Baseline-Mac/Build/Products/Debug/AnchoredSequenceCore.swiftmodule/arm64-apple-macos.swiftmodule /tmp/MYR175-Classify-Baseline-Mac/Build/Intermediates.noindex/AnchoredSequenceCore.build/Debug/AnchoredSequenceCore.build/Objects-normal/arm64/AnchoredSequenceCore.swiftmodule (in target 'AnchoredSequenceCore' from project 'AnchoredSequenceCore')
    cd /Users/runner/work/MyRAM-iOS/MyRAM-iOS/Baseline/Packages/AnchoredSequenceCore
    builtin-copy -exclude .DS_Store -exclude CVS -exclude .svn -exclude .git -exclude .hg -resolve-src-symlinks -rename /tmp/MYR175-Classify-Baseline-Mac/Build/Intermediates.noindex/AnchoredSequenceCore.build/Debug/AnchoredSequenceCore.build/Objects-normal/arm64/AnchoredSequenceCore.swiftmodule /tmp/MYR175-Classify-Baseline-Mac/Build/Products/Debug/AnchoredSequenceCore.swiftmodule/arm64-apple-macos.swiftmodule

Copy /tmp/MYR175-Classify-Baseline-Mac/Build/Products/Debug/AnchoredSequenceCore.swiftmodule/arm64-apple-macos.swiftdoc /tmp/MYR175-Classify-Baseline-Mac/Build/Intermediates.noindex/AnchoredSequenceCore.build/Debug/AnchoredSequenceCore.build/Objects-normal/arm64/AnchoredSequenceCore.swiftdoc (in target 'AnchoredSequenceCore' from project 'AnchoredSequenceCore')
    cd /Users/runner/work/MyRAM-iOS/MyRAM-iOS/Baseline/Packages/AnchoredSequenceCore
    builtin-copy -exclude .DS_Store -exclude CVS -exclude .svn -exclude .git -exclude .hg -resolve-src-symlinks -rename /tmp/MYR175-Classify-Baseline-Mac/Build/Intermediates.noindex/AnchoredSequenceCore.build/Debug/AnchoredSequenceCore.build/Objects-normal/arm64/AnchoredSequenceCore.swiftdoc /tmp/MYR175-Classify-Baseline-Mac/Build/Products/Debug/AnchoredSequenceCore.swiftmodule/arm64-apple-macos.swiftdoc

Copy /tmp/MYR175-Classify-Baseline-Mac/Build/Products/Debug/AnchoredSequenceCore.swiftmodule/arm64-apple-macos.abi.json /tmp/MYR175-Classify-Baseline-Mac/Build/Intermediates.noindex/AnchoredSequenceCore.build/Debug/AnchoredSequenceCore.build/Objects-normal/arm64/AnchoredSequenceCore.abi.json (in target 'AnchoredSequenceCore' from project 'AnchoredSequenceCore')
    cd /Users/runner/work/MyRAM-iOS/MyRAM-iOS/Baseline/Packages/AnchoredSequenceCore
    builtin-copy -exclude .DS_Store -exclude CVS -exclude .svn -exclude .git -exclude .hg -resolve-src-symlinks -rename /tmp/MYR175-Classify-Baseline-Mac/Build/Intermediates.noindex/AnchoredSequenceCore.build/Debug/AnchoredSequenceCore.build/Objects-normal/arm64/AnchoredSequenceCore.abi.json /tmp/MYR175-Classify-Baseline-Mac/Build/Products/Debug/AnchoredSequenceCore.swiftmodule/arm64-apple-macos.abi.json

Copy /tmp/MYR175-Classify-Baseline-Mac/Build/Products/Debug/AnchoredSequenceCore.swiftmodule/Project/arm64-apple-macos.swiftsourceinfo /tmp/MYR175-Classify-Baseline-Mac/Build/Intermediates.noindex/AnchoredSequenceCore.build/Debug/AnchoredSequenceCore.build/Objects-normal/arm64/AnchoredSequenceCore.swiftsourceinfo (in target 'AnchoredSequenceCore' from project 'AnchoredSequenceCore')
    cd /Users/runner/work/MyRAM-iOS/MyRAM-iOS/Baseline/Packages/AnchoredSequenceCore
    builtin-copy -exclude .DS_Store -exclude CVS -exclude .svn -exclude .git -exclude .hg -resolve-src-symlinks -rename /tmp/MYR175-Classify-Baseline-Mac/Build/Intermediates.noindex/AnchoredSequenceCore.build/Debug/AnchoredSequenceCore.build/Objects-normal/arm64/AnchoredSequenceCore.swiftsourceinfo /tmp/MYR175-Classify-Baseline-Mac/Build/Products/Debug/AnchoredSequenceCore.swiftmodule/Project/arm64-apple-macos.swiftsourceinfo

SwiftCompile normal arm64 Compiling\ DebouncedChangeSender.swift,\ SyncEngine.swift /Users/runner/work/MyRAM-iOS/MyRAM-iOS/NearbySyncCore/Sources/NearbySyncCore/DebouncedChangeSender.swift /Users/runner/work/MyRAM-iOS/MyRAM-iOS/NearbySyncCore/Sources/NearbySyncCore/SyncEngine.swift (in target 'NearbySyncCore' from project 'NearbySyncCore')

SwiftCompile normal arm64 /Users/runner/work/MyRAM-iOS/MyRAM-iOS/NearbySyncCore/Sources/NearbySyncCore/DebouncedChangeSender.swift (in target 'NearbySyncCore' from project 'NearbySyncCore')
    cd /Users/runner/work/MyRAM-iOS/MyRAM-iOS/Baseline/MyRAM.xcodeproj
    

SwiftCompile normal arm64 /Users/runner/work/MyRAM-iOS/MyRAM-iOS/NearbySyncCore/Sources/NearbySyncCore/SyncEngine.swift (in target 'NearbySyncCore' from project 'NearbySyncCore')
    cd /Users/runner/work/MyRAM-iOS/MyRAM-iOS/Baseline/MyRAM.xcodeproj
    

SwiftCompile normal arm64 Compiling\ SyncModels.swift,\ SyncQueue.swift /Users/runner/work/MyRAM-iOS/MyRAM-iOS/NearbySyncCore/Sources/NearbySyncCore/SyncModels.swift /Users/runner/work/MyRAM-iOS/MyRAM-iOS/NearbySyncCore/Sources/NearbySyncCore/SyncQueue.swift (in target 'NearbySyncCore' from project 'NearbySyncCore')
SwiftCompile normal arm64 /Users/runner/work/MyRAM-iOS/MyRAM-iOS/NearbySyncCore/Sources/NearbySyncCore/SyncModels.swift (in target 'NearbySyncCore' from project 'NearbySyncCore')
    cd /Users/runner/work/MyRAM-iOS/MyRAM-iOS/Baseline/MyRAM.xcodeproj
    

SwiftCompile normal arm64 /Users/runner/work/MyRAM-iOS/MyRAM-iOS/NearbySyncCore/Sources/NearbySyncCore/SyncQueue.swift (in target 'NearbySyncCore' from project 'NearbySyncCore')
    cd /Users/runner/work/MyRAM-iOS/MyRAM-iOS/Baseline/MyRAM.xcodeproj
    

SwiftExplicitDependencyGeneratePcm arm64 /tmp/MYR175-Classify-Baseline-Mac/ModuleCache.noindex/Network-171O7Y1YFBQ5OGKPR5D1RKRJH.pcm

SwiftDriverJobDiscovery normal arm64 Compiling DebouncedChangeSender.swift, SyncEngine.swift (in target 'NearbySyncCore' from project 'NearbySyncCore')

SwiftExplicitDependencyGeneratePcm arm64 /tmp/MYR175-Classify-Baseline-Mac/ModuleCache.noindex/Symbols-8SUMMMUUZ6HFGUDKTYWMMAFL7.pcm

SwiftDriverJobDiscovery normal arm64 Compiling SyncStore.swift, TrustedPeerStore.swift (in target 'NearbySyncCore' from project 'NearbySyncCore')

SwiftExplicitDependencyGeneratePcm arm64 /tmp/MYR175-Classify-Baseline-Mac/ModuleCache.noindex/WidgetKit-9AQD9G0KE9V3MQTBED090J3N6.pcm

SwiftExplicitDependencyGeneratePcm arm64 /tmp/MYR175-Classify-Baseline-Mac/ModuleCache.noindex/UniformTypeIdentifiers-2CYRTPXI5FO6K4KFNV5OJTDOH.pcm

SwiftExplicitDependencyGeneratePcm arm64 /tmp/MYR175-Classify-Baseline-Mac/ModuleCache.noindex/RelevanceKit-8N6GHFI9H6CQ4892DI3LDURXU.pcm

SwiftExplicitDependencyGeneratePcm arm64 /tmp/MYR175-Classify-Baseline-Mac/ModuleCache.noindex/_LocationEssentials-CND6OQV2VX0KFYGUUH6FVW14P.pcm

SwiftDriverJobDiscovery normal arm64 Compiling SyncModels.swift, SyncQueue.swift (in target 'NearbySyncCore' from project 'NearbySyncCore')

SwiftExplicitDependencyGeneratePcm arm64 /tmp/MYR175-Classify-Baseline-Mac/ModuleCache.noindex/ApplicationServices-CXLTWDUIR2XGT45XYP3CY5KAS.pcm

SwiftExplicitDependencyGeneratePcm arm64 /tmp/MYR175-Classify-Baseline-Mac/ModuleCache.noindex/OSLog-EHZHKW3DFG6EQL5EDY6BGRF4M.pcm

SwiftExplicitDependencyGeneratePcm arm64 /tmp/MYR175-Classify-Baseline-Mac/ModuleCache.noindex/AppIntents-4D2K5QKX1QO8PVFP9K6U5A4L0.pcm

SwiftExplicitDependencyGeneratePcm arm64 /tmp/MYR175-Classify-Baseline-Mac/ModuleCache.noindex/CoreSpotlight-5JXLBNU2AQPH6PL0PDUG4X90Q.pcm

SwiftExplicitDependencyGeneratePcm arm64 /tmp/MYR175-Classify-Baseline-Mac/ModuleCache.noindex/CoreData-2O9O5FAHPNPDAW99HTKLE3PYJ.pcm

SwiftExplicitDependencyGeneratePcm arm64 /tmp/MYR175-Classify-Baseline-Mac/ModuleCache.noindex/IOSurface-3E82L0I3V1S3K9Y027KDWOAMG.pcm

SwiftExplicitDependencyGeneratePcm arm64 /tmp/MYR175-Classify-Baseline-Mac/ModuleCache.noindex/CoreTransferable-6PZNCOBDOZTS0YKJLJ7WR26I3.pcm

SwiftExplicitDependencyGeneratePcm arm64 /tmp/MYR175-Classify-Baseline-Mac/ModuleCache.noindex/DataDetection-7ILMUG2FO8NKP27BMVXVDKHF5.pcm

SwiftExplicitDependencyGeneratePcm arm64 /tmp/MYR175-Classify-Baseline-Mac/ModuleCache.noindex/CoreLocation-5LHNBS4VZ8N0HQNNY9C4XQWLL.pcm

SwiftExplicitDependencyGeneratePcm arm64 /tmp/MYR175-Classify-Baseline-Mac/ModuleCache.noindex/Metal-7EU9MRXIMSRQEXGTAN685X6Y1.pcm

SwiftExplicitDependencyGeneratePcm arm64 /tmp/MYR175-Classify-Baseline-Mac/ModuleCache.noindex/Accessibility-326EWW8O90KB57WZ4RSD6CP8H.pcm

SwiftExplicitDependencyGeneratePcm arm64 /tmp/MYR175-Classify-Baseline-Mac/ModuleCache.noindex/UserNotifications-3KH37HYTGKTD6HH4FX2JPX57P.pcm

SwiftDriver\ Compilation NearbySyncCore normal arm64 com.apple.xcode.tools.swift.compiler (in target 'NearbySyncCore' from project 'NearbySyncCore')
    cd /Users/runner/work/MyRAM-iOS/MyRAM-iOS/Baseline/MyRAM.xcodeproj
    builtin-Swift-Compilation -- /Applications/Xcode_26.5.app/Contents/Developer/Toolchains/XcodeDefault.xctoolchain/usr/bin/swiftc -module-name NearbySyncCore -Onone @/tmp/MYR175-Classify-Baseline-Mac/Build/Intermediates.noindex/NearbySyncCore.build/Debug/NearbySyncCore.build/Objects-normal/arm64/NearbySyncCore.SwiftFileList -DSWIFT_PACKAGE -DDEBUG -DSWIFT_MODULE_RESOURCE_BUNDLE_UNAVAILABLE -DXcode -plugin-path /Applications/Xcode_26.5.app/Contents/Developer/Toolchains/XcodeDefault.xctoolchain/usr/lib/swift/host/plugins/testing -enable-experimental-feature DebugDescriptionMacro -sdk /Applications/Xcode_26.5.app/Contents/Developer/Platforms/MacOSX.platform/Developer/SDKs/MacOSX26.5.sdk -target arm64-apple-macos13.0 -g -module-cache-path /tmp/MYR175-Classify-Baseline-Mac/ModuleCache.noindex -Xfrontend -serialize-debugging-options -enable-testing -suppress-warnings -index-store-path /tmp/MYR175-Classify-Baseline-Mac/Index.noindex/DataStore -Xcc -D_LIBCPP_HARDENING_MODE\=_LIBCPP_HARDENING_MODE_DEBUG -swift-version 5 -I /tmp/MYR175-Classify-Baseline-Mac/Build/Products/Debug -Isystem /Applications/Xcode_26.5.app/Contents/Developer/Platforms/MacOSX.platform/Developer/usr/lib -F /tmp/MYR175-Classify-Baseline-Mac/Build/Products/Debug -F /Applications/Xcode_26.5.app/Contents/Developer/Platforms/MacOSX.platform/Developer/Library/Frameworks -c -j3 -enable-batch-mode -incremental -Xcc -ivfsstatcache -Xcc /tmp/MYR175-Classify-Baseline-Mac/SDKStatCaches.noindex/macosx26.5-25F70-688ef53f1462e2c8f657fdc38a81448f3599ee76dc2a8020dfcb4b41ead48a8c.sdkstatcache -output-file-map /tmp/MYR175-Classify-Baseline-Mac/Build/Intermediates.noindex/NearbySyncCore.build/Debug/NearbySyncCore.build/Objects-normal/arm64/NearbySyncCore-OutputFileMap.json -use-frontend-parseable-output -save-temps -no-color-diagnostics -explicit-module-build -module-cache-path /tmp/MYR175-Classify-Baseline-Mac/Build/Intermediates.noindex/SwiftExplicitPrecompiledModules -clang-scanner-module-cache-path /tmp/MYR175-Classify-Baseline-Mac/ModuleCache.noindex -sdk-module-cache-path /tmp/MYR175-Classify-Baseline-Mac/ModuleCache.noindex -serialize-diagnostics -emit-dependencies -emit-module -emit-module-path /tmp/MYR175-Classify-Baseline-Mac/Build/Intermediates.noindex/NearbySyncCore.build/Debug/NearbySyncCore.build/Objects-normal/arm64/NearbySyncCore.swiftmodule -validate-clang-modules-once -clang-build-session-file /tmp/MYR175-Classify-Baseline-Mac/ModuleCache.noindex/Session.modulevalidation -package-name nearbysynccore -Xcc -I/tmp/MYR175-Classify-Baseline-Mac/Build/Intermediates.noindex/NearbySyncCore.build/Debug/NearbySyncCore.build/swift-overrides.hmap -emit-const-values -Xfrontend -const-gather-protocols-file -Xfrontend /tmp/MYR175-Classify-Baseline-Mac/Build/Intermediates.noindex/NearbySyncCore.build/Debug/NearbySyncCore.build/Objects-normal/arm64/NearbySyncCore_const_extract_protocols.json -Xcc -I/tmp/MYR175-Classify-Baseline-Mac/Build/Products/Debug/include -Xcc -I/tmp/MYR175-Classify-Baseline-Mac/Build/Intermediates.noindex/NearbySyncCore.build/Debug/NearbySyncCore.build/DerivedSources-normal/arm64 -Xcc -I/tmp/MYR175-Classify-Baseline-Mac/Build/Intermediates.noindex/NearbySyncCore.build/Debug/NearbySyncCore.build/DerivedSources/arm64 -Xcc -I/tmp/MYR175-Classify-Baseline-Mac/Build/Intermediates.noindex/NearbySyncCore.build/Debug/NearbySyncCore.build/DerivedSources -Xcc -DSWIFT_PACKAGE -Xcc -DDEBUG\=1 -emit-objc-header -emit-objc-header-path /tmp/MYR175-Classify-Baseline-Mac/Build/Intermediates.noindex/NearbySyncCore.build/Debug/NearbySyncCore.build/Objects-normal/arm64/NearbySyncCore-Swift.h -working-directory /Users/runner/work/MyRAM-iOS/MyRAM-iOS/Baseline/MyRAM.xcodeproj -experimental-emit-module-separately -disable-cmo

SwiftCompile normal arm64 Compiling\ SyncTextSequenceState.swift /Users/runner/work/MyRAM-iOS/MyRAM-iOS/Baseline/Packages/AnchoredSequenceCore/Sources/AnchoredSequenceCore/SyncTextSequenceState.swift (in target 'AnchoredSequenceCore' from project 'AnchoredSequenceCore')
SwiftCompile normal arm64 /Users/runner/work/MyRAM-iOS/MyRAM-iOS/Baseline/Packages/AnchoredSequenceCore/Sources/AnchoredSequenceCore/SyncTextSequenceState.swift (in target 'AnchoredSequenceCore' from project 'AnchoredSequenceCore')
    cd /Users/runner/work/MyRAM-iOS/MyRAM-iOS/Baseline/MyRAM.xcodeproj
    

SwiftExplicitDependencyGeneratePcm arm64 /tmp/MYR175-Classify-Baseline-Mac/ModuleCache.noindex/Intents-9ISS6M7T30454DF3ORCDZ8ZL1.pcm

SwiftExplicitDependencyGeneratePcm arm64 /tmp/MYR175-Classify-Baseline-Mac/ModuleCache.noindex/CoreVideo-ADWTGGFOU8VNU8P2D5C08JQ2B.pcm

SwiftExplicitDependencyGeneratePcm arm64 /tmp/MYR175-Classify-Baseline-Mac/ModuleCache.noindex/CoreImage-9GN1N05T6QW0OT2H1CHAQTYRQ.pcm

SwiftExplicitDependencyGeneratePcm arm64 /tmp/MYR175-Classify-Baseline-Mac/ModuleCache.noindex/QuartzCore-D0S9D5F42ZABGM8PGRVG94BAZ.pcm

SwiftCompile normal arm64 Compiling\ SyncTextLegacyBootstrap.swift,\ SyncTextOperationPayload.swift /Users/runner/work/MyRAM-iOS/MyRAM-iOS/Baseline/Packages/AnchoredSequenceCore/Sources/AnchoredSequenceCore/SyncTextLegacyBootstrap.swift /Users/runner/work/MyRAM-iOS/MyRAM-iOS/Baseline/Packages/AnchoredSequenceCore/Sources/AnchoredSequenceCore/SyncTextOperationPayload.swift (in target 'AnchoredSequenceCore' from project 'AnchoredSequenceCore')
SwiftCompile normal arm64 /Users/runner/work/MyRAM-iOS/MyRAM-iOS/Baseline/Packages/AnchoredSequenceCore/Sources/AnchoredSequenceCore/SyncTextLegacyBootstrap.swift (in target 'AnchoredSequenceCore' from project 'AnchoredSequenceCore')
    cd /Users/runner/work/MyRAM-iOS/MyRAM-iOS/Baseline/MyRAM.xcodeproj
    

SwiftCompile normal arm64 /Users/runner/work/MyRAM-iOS/MyRAM-iOS/Baseline/Packages/AnchoredSequenceCore/Sources/AnchoredSequenceCore/SyncTextOperationPayload.swift (in target 'AnchoredSequenceCore' from project 'AnchoredSequenceCore')
    cd /Users/runner/work/MyRAM-iOS/MyRAM-iOS/Baseline/MyRAM.xcodeproj
    

SwiftCompile normal arm64 Compiling\ SyncActorSequenceReservation.swift,\ SyncSequenceIdentity.swift /Users/runner/work/MyRAM-iOS/MyRAM-iOS/Baseline/Packages/AnchoredSequenceCore/Sources/AnchoredSequenceCore/SyncActorSequenceReservation.swift /Users/runner/work/MyRAM-iOS/MyRAM-iOS/Baseline/Packages/AnchoredSequenceCore/Sources/AnchoredSequenceCore/SyncSequenceIdentity.swift (in target 'AnchoredSequenceCore' from project 'AnchoredSequenceCore')

SwiftCompile normal arm64 /Users/runner/work/MyRAM-iOS/MyRAM-iOS/Baseline/Packages/AnchoredSequenceCore/Sources/AnchoredSequenceCore/SyncActorSequenceReservation.swift (in target 'AnchoredSequenceCore' from project 'AnchoredSequenceCore')
    cd /Users/runner/work/MyRAM-iOS/MyRAM-iOS/Baseline/MyRAM.xcodeproj
    

SwiftCompile normal arm64 /Users/runner/work/MyRAM-iOS/MyRAM-iOS/Baseline/Packages/AnchoredSequenceCore/Sources/AnchoredSequenceCore/SyncSequenceIdentity.swift (in target 'AnchoredSequenceCore' from project 'AnchoredSequenceCore')
    cd /Users/runner/work/MyRAM-iOS/MyRAM-iOS/Baseline/MyRAM.xcodeproj
    

SwiftExplicitDependencyGeneratePcm arm64 /tmp/MYR175-Classify-Baseline-Mac/ModuleCache.noindex/SwiftUICore-CU4VCSNCU2WVHHEQXA6SOBZRL.pcm

SwiftDriverJobDiscovery normal arm64 Compiling SyncActorSequenceReservation.swift, SyncSequenceIdentity.swift (in target 'AnchoredSequenceCore' from project 'AnchoredSequenceCore')

SwiftExplicitDependencyGeneratePcm arm64 /tmp/MYR175-Classify-Baseline-Mac/ModuleCache.noindex/AppKit-9NWWCAODN6UE4TU5A6GNNVTB2.pcm

SwiftDriverJobDiscovery normal arm64 Compiling SyncTextSequenceState.swift (in target 'AnchoredSequenceCore' from project 'AnchoredSequenceCore')

Ld /tmp/MYR175-Classify-Baseline-Mac/Build/Products/Debug/NearbySyncCore.o normal (in target 'NearbySyncCore' from project 'NearbySyncCore')
    cd /Users/runner/work/MyRAM-iOS/MyRAM-iOS/NearbySyncCore
    /Applications/Xcode_26.5.app/Contents/Developer/Toolchains/XcodeDefault.xctoolchain/usr/bin/clang -Xlinker -reproducible -target arm64-apple-macos13.0 -r -isysroot /Applications/Xcode_26.5.app/Contents/Developer/Platforms/MacOSX.platform/Developer/SDKs/MacOSX26.5.sdk -O0 -w -F/tmp/MYR175-Classify-Baseline-Mac/Build/Intermediates.noindex/EagerLinkingTBDs/Debug -F/tmp/MYR175-Classify-Baseline-Mac/Build/Products/Debug -iframework /Applications/Xcode_26.5.app/Contents/Developer/Platforms/MacOSX.platform/Developer/Library/Frameworks -filelist /tmp/MYR175-Classify-Baseline-Mac/Build/Intermediates.noindex/NearbySyncCore.build/Debug/NearbySyncCore.build/Objects-normal/arm64/NearbySyncCore.LinkFileList -nostdlib -Xlinker -object_path_lto -Xlinker /tmp/MYR175-Classify-Baseline-Mac/Build/Intermediates.noindex/NearbySyncCore.build/Debug/NearbySyncCore.build/Objects-normal/arm64/NearbySyncCore_lto.o -Xlinker -no_deduplicate -Xlinker -dependency_info -Xlinker /tmp/MYR175-Classify-Baseline-Mac/Build/Intermediates.noindex/NearbySyncCore.build/Debug/NearbySyncCore.build/Objects-normal/arm64/NearbySyncCore_dependency_info.dat -fobjc-link-runtime -L/Applications/Xcode_26.5.app/Contents/Developer/Toolchains/XcodeDefault.xctoolchain/usr/lib/swift/macosx -L/usr/lib/swift -Xlinker -add_ast_path -Xlinker /tmp/MYR175-Classify-Baseline-Mac/Build/Intermediates.noindex/NearbySyncCore.build/Debug/NearbySyncCore.build/Objects-normal/arm64/NearbySyncCore.swiftmodule @/tmp/MYR175-Classify-Baseline-Mac/Build/Intermediates.noindex/NearbySyncCore.build/Debug/NearbySyncCore.build/Objects-normal/arm64/NearbySyncCore-linker-args.resp -o /tmp/MYR175-Classify-Baseline-Mac/Build/Products/Debug/NearbySyncCore.o

ExtractAppIntentsMetadata (in target 'NearbySyncCore' from project 'NearbySyncCore')
    cd /Users/runner/work/MyRAM-iOS/MyRAM-iOS/NearbySyncCore
    /Applications/Xcode_26.5.app/Contents/Developer/Toolchains/XcodeDefault.xctoolchain/usr/bin/appintentsmetadataprocessor --toolchain-dir /var/run/com.apple.security.cryptexd/mnt/com.apple.MobileAsset.MetalToolchain-v17.6.42.0.es00zl/Metal.xctoolchain --module-name NearbySyncCore --sdk-root /Applications/Xcode_26.5.app/Contents/Developer/Platforms/MacOSX.platform/Developer/SDKs/MacOSX26.5.sdk --xcode-version 17F42 --platform-family macOS --deployment-target 13.0 --bundle-identifier nearbysynccore.NearbySyncCore --output /tmp/MYR175-Classify-Baseline-Mac/Build/Products/Debug/NearbySyncCore.appintents --target-triple arm64-apple-macos13.0 --binary-file /tmp/MYR175-Classify-Baseline-Mac/Build/Products/Debug/NearbySyncCore.o --dependency-file /tmp/MYR175-Classify-Baseline-Mac/Build/Intermediates.noindex/NearbySyncCore.build/Debug/NearbySyncCore.build/Objects-normal/arm64/NearbySyncCore_dependency_info.dat --stringsdata-file /tmp/MYR175-Classify-Baseline-Mac/Build/Intermediates.noindex/NearbySyncCore.build/Debug/NearbySyncCore.build/Objects-normal/arm64/ExtractedAppShortcutsMetadata.stringsdata --source-file-list /tmp/MYR175-Classify-Baseline-Mac/Build/Intermediates.noindex/NearbySyncCore.build/Debug/NearbySyncCore.build/Objects-normal/arm64/NearbySyncCore.SwiftFileList --metadata-file-list /tmp/MYR175-Classify-Baseline-Mac/Build/Intermediates.noindex/NearbySyncCore.build/Debug/NearbySyncCore.build/NearbySyncCore.DependencyMetadataFileList --static-metadata-file-list /tmp/MYR175-Classify-Baseline-Mac/Build/Intermediates.noindex/NearbySyncCore.build/Debug/NearbySyncCore.build/NearbySyncCore.DependencyStaticMetadataFileList --swift-const-vals-list /tmp/MYR175-Classify-Baseline-Mac/Build/Intermediates.noindex/NearbySyncCore.build/Debug/NearbySyncCore.build/Objects-normal/arm64/NearbySyncCore.SwiftConstValuesFileList --force --compile-time-extraction --deployment-aware-processing --validate-assistant-intents --no-app-shortcuts-localization
2026-08-04 15:32:08.300 appintentsmetadataprocessor[5890:21168] Starting appintentsmetadataprocessor export
2026-08-04 15:32:08.324 appintentsmetadataprocessor[5890:21168] Extracted no relevant App Intents symbols, skipping writing output

RegisterExecutionPolicyException /tmp/MYR175-Classify-Baseline-Mac/Build/Products/Debug/NearbySyncCore.o (in target 'NearbySyncCore' from project 'NearbySyncCore')
    cd /Users/runner/work/MyRAM-iOS/MyRAM-iOS/NearbySyncCore
    builtin-RegisterExecutionPolicyException /tmp/MYR175-Classify-Baseline-Mac/Build/Products/Debug/NearbySyncCore.o

SwiftDriverJobDiscovery normal arm64 Compiling SyncTextLegacyBootstrap.swift, SyncTextOperationPayload.swift (in target 'AnchoredSequenceCore' from project 'AnchoredSequenceCore')

SwiftDriver\ Compilation AnchoredSequenceCore normal arm64 com.apple.xcode.tools.swift.compiler (in target 'AnchoredSequenceCore' from project 'AnchoredSequenceCore')
    cd /Users/runner/work/MyRAM-iOS/MyRAM-iOS/Baseline/MyRAM.xcodeproj
    builtin-Swift-Compilation -- /Applications/Xcode_26.5.app/Contents/Developer/Toolchains/XcodeDefault.xctoolchain/usr/bin/swiftc -module-name AnchoredSequenceCore -Onone @/tmp/MYR175-Classify-Baseline-Mac/Build/Intermediates.noindex/AnchoredSequenceCore.build/Debug/AnchoredSequenceCore.build/Objects-normal/arm64/AnchoredSequenceCore.SwiftFileList -DSWIFT_PACKAGE -DDEBUG -DSWIFT_MODULE_RESOURCE_BUNDLE_UNAVAILABLE -DXcode -plugin-path /Applications/Xcode_26.5.app/Contents/Developer/Toolchains/XcodeDefault.xctoolchain/usr/lib/swift/host/plugins/testing -enable-experimental-feature DebugDescriptionMacro -sdk /Applications/Xcode_26.5.app/Contents/Developer/Platforms/MacOSX.platform/Developer/SDKs/MacOSX26.5.sdk -target arm64-apple-macos13.0 -g -module-cache-path /tmp/MYR175-Classify-Baseline-Mac/ModuleCache.noindex -Xfrontend -serialize-debugging-options -enable-testing -suppress-warnings -index-store-path /tmp/MYR175-Classify-Baseline-Mac/Index.noindex/DataStore -Xcc -D_LIBCPP_HARDENING_MODE\=_LIBCPP_HARDENING_MODE_DEBUG -swift-version 5 -I /tmp/MYR175-Classify-Baseline-Mac/Build/Products/Debug -Isystem /Applications/Xcode_26.5.app/Contents/Developer/Platforms/MacOSX.platform/Developer/usr/lib -F /tmp/MYR175-Classify-Baseline-Mac/Build/Products/Debug -F /Applications/Xcode_26.5.app/Contents/Developer/Platforms/MacOSX.platform/Developer/Library/Frameworks -c -j3 -enable-batch-mode -incremental -Xcc -ivfsstatcache -Xcc /tmp/MYR175-Classify-Baseline-Mac/SDKStatCaches.noindex/macosx26.5-25F70-688ef53f1462e2c8f657fdc38a81448f3599ee76dc2a8020dfcb4b41ead48a8c.sdkstatcache -output-file-map /tmp/MYR175-Classify-Baseline-Mac/Build/Intermediates.noindex/AnchoredSequenceCore.build/Debug/AnchoredSequenceCore.build/Objects-normal/arm64/AnchoredSequenceCore-OutputFileMap.json -use-frontend-parseable-output -save-temps -no-color-diagnostics -explicit-module-build -module-cache-path /tmp/MYR175-Classify-Baseline-Mac/Build/Intermediates.noindex/SwiftExplicitPrecompiledModules -clang-scanner-module-cache-path /tmp/MYR175-Classify-Baseline-Mac/ModuleCache.noindex -sdk-module-cache-path /tmp/MYR175-Classify-Baseline-Mac/ModuleCache.noindex -serialize-diagnostics -emit-dependencies -emit-module -emit-module-path /tmp/MYR175-Classify-Baseline-Mac/Build/Intermediates.noindex/AnchoredSequenceCore.build/Debug/AnchoredSequenceCore.build/Objects-normal/arm64/AnchoredSequenceCore.swiftmodule -validate-clang-modules-once -clang-build-session-file /tmp/MYR175-Classify-Baseline-Mac/ModuleCache.noindex/Session.modulevalidation -package-name anchoredsequencecore -Xcc -I/tmp/MYR175-Classify-Baseline-Mac/Build/Intermediates.noindex/AnchoredSequenceCore.build/Debug/AnchoredSequenceCore.build/swift-overrides.hmap -emit-const-values -Xfrontend -const-gather-protocols-file -Xfrontend /tmp/MYR175-Classify-Baseline-Mac/Build/Intermediates.noindex/AnchoredSequenceCore.build/Debug/AnchoredSequenceCore.build/Objects-normal/arm64/AnchoredSequenceCore_const_extract_protocols.json -Xcc -I/tmp/MYR175-Classify-Baseline-Mac/Build/Products/Debug/include -Xcc -I/tmp/MYR175-Classify-Baseline-Mac/Build/Intermediates.noindex/AnchoredSequenceCore.build/Debug/AnchoredSequenceCore.build/DerivedSources-normal/arm64 -Xcc -I/tmp/MYR175-Classify-Baseline-Mac/Build/Intermediates.noindex/AnchoredSequenceCore.build/Debug/AnchoredSequenceCore.build/DerivedSources/arm64 -Xcc -I/tmp/MYR175-Classify-Baseline-Mac/Build/Intermediates.noindex/AnchoredSequenceCore.build/Debug/AnchoredSequenceCore.build/DerivedSources -Xcc -DSWIFT_PACKAGE -Xcc -DDEBUG\=1 -emit-objc-header -emit-objc-header-path /tmp/MYR175-Classify-Baseline-Mac/Build/Intermediates.noindex/AnchoredSequenceCore.build/Debug/AnchoredSequenceCore.build/Objects-normal/arm64/AnchoredSequenceCore-Swift.h -working-directory /Users/runner/work/MyRAM-iOS/MyRAM-iOS/Baseline/MyRAM.xcodeproj -experimental-emit-module-separately -disable-cmo

Ld /tmp/MYR175-Classify-Baseline-Mac/Build/Products/Debug/AnchoredSequenceCore.o normal (in target 'AnchoredSequenceCore' from project 'AnchoredSequenceCore')
    cd /Users/runner/work/MyRAM-iOS/MyRAM-iOS/Baseline/Packages/AnchoredSequenceCore
    /Applications/Xcode_26.5.app/Contents/Developer/Toolchains/XcodeDefault.xctoolchain/usr/bin/clang -Xlinker -reproducible -target arm64-apple-macos13.0 -r -isysroot /Applications/Xcode_26.5.app/Contents/Developer/Platforms/MacOSX.platform/Developer/SDKs/MacOSX26.5.sdk -O0 -w -F/tmp/MYR175-Classify-Baseline-Mac/Build/Intermediates.noindex/EagerLinkingTBDs/Debug -F/tmp/MYR175-Classify-Baseline-Mac/Build/Products/Debug -iframework /Applications/Xcode_26.5.app/Contents/Developer/Platforms/MacOSX.platform/Developer/Library/Frameworks -filelist /tmp/MYR175-Classify-Baseline-Mac/Build/Intermediates.noindex/AnchoredSequenceCore.build/Debug/AnchoredSequenceCore.build/Objects-normal/arm64/AnchoredSequenceCore.LinkFileList -nostdlib -Xlinker -object_path_lto -Xlinker /tmp/MYR175-Classify-Baseline-Mac/Build/Intermediates.noindex/AnchoredSequenceCore.build/Debug/AnchoredSequenceCore.build/Objects-normal/arm64/AnchoredSequenceCore_lto.o -Xlinker -no_deduplicate -Xlinker -dependency_info -Xlinker /tmp/MYR175-Classify-Baseline-Mac/Build/Intermediates.noindex/AnchoredSequenceCore.build/Debug/AnchoredSequenceCore.build/Objects-normal/arm64/AnchoredSequenceCore_dependency_info.dat -fobjc-link-runtime -L/Applications/Xcode_26.5.app/Contents/Developer/Toolchains/XcodeDefault.xctoolchain/usr/lib/swift/macosx -L/usr/lib/swift -Xlinker -add_ast_path -Xlinker /tmp/MYR175-Classify-Baseline-Mac/Build/Intermediates.noindex/AnchoredSequenceCore.build/Debug/AnchoredSequenceCore.build/Objects-normal/arm64/AnchoredSequenceCore.swiftmodule @/tmp/MYR175-Classify-Baseline-Mac/Build/Intermediates.noindex/AnchoredSequenceCore.build/Debug/AnchoredSequenceCore.build/Objects-normal/arm64/AnchoredSequenceCore-linker-args.resp -o /tmp/MYR175-Classify-Baseline-Mac/Build/Products/Debug/AnchoredSequenceCore.o

ExtractAppIntentsMetadata (in target 'AnchoredSequenceCore' from project 'AnchoredSequenceCore')
    cd /Users/runner/work/MyRAM-iOS/MyRAM-iOS/Baseline/Packages/AnchoredSequenceCore
    /Applications/Xcode_26.5.app/Contents/Developer/Toolchains/XcodeDefault.xctoolchain/usr/bin/appintentsmetadataprocessor --toolchain-dir /var/run/com.apple.security.cryptexd/mnt/com.apple.MobileAsset.MetalToolchain-v17.6.42.0.es00zl/Metal.xctoolchain --module-name AnchoredSequenceCore --sdk-root /Applications/Xcode_26.5.app/Contents/Developer/Platforms/MacOSX.platform/Developer/SDKs/MacOSX26.5.sdk --xcode-version 17F42 --platform-family macOS --deployment-target 13.0 --bundle-identifier anchoredsequencecore.AnchoredSequenceCore --output /tmp/MYR175-Classify-Baseline-Mac/Build/Products/Debug/AnchoredSequenceCore.appintents --target-triple arm64-apple-macos13.0 --binary-file /tmp/MYR175-Classify-Baseline-Mac/Build/Products/Debug/AnchoredSequenceCore.o --dependency-file /tmp/MYR175-Classify-Baseline-Mac/Build/Intermediates.noindex/AnchoredSequenceCore.build/Debug/AnchoredSequenceCore.build/Objects-normal/arm64/AnchoredSequenceCore_dependency_info.dat --stringsdata-file /tmp/MYR175-Classify-Baseline-Mac/Build/Intermediates.noindex/AnchoredSequenceCore.build/Debug/AnchoredSequenceCore.build/Objects-normal/arm64/ExtractedAppShortcutsMetadata.stringsdata --source-file-list /tmp/MYR175-Classify-Baseline-Mac/Build/Intermediates.noindex/AnchoredSequenceCore.build/Debug/AnchoredSequenceCore.build/Objects-normal/arm64/AnchoredSequenceCore.SwiftFileList --metadata-file-list /tmp/MYR175-Classify-Baseline-Mac/Build/Intermediates.noindex/AnchoredSequenceCore.build/Debug/AnchoredSequenceCore.build/AnchoredSequenceCore.DependencyMetadataFileList --static-metadata-file-list /tmp/MYR175-Classify-Baseline-Mac/Build/Intermediates.noindex/AnchoredSequenceCore.build/Debug/AnchoredSequenceCore.build/AnchoredSequenceCore.DependencyStaticMetadataFileList --swift-const-vals-list /tmp/MYR175-Classify-Baseline-Mac/Build/Intermediates.noindex/AnchoredSequenceCore.build/Debug/AnchoredSequenceCore.build/Objects-normal/arm64/AnchoredSequenceCore.SwiftConstValuesFileList --force --compile-time-extraction --deployment-aware-processing --validate-assistant-intents --no-app-shortcuts-localization
2026-08-04 15:32:08.705 appintentsmetadataprocessor[5957:21315] Starting appintentsmetadataprocessor export
2026-08-04 15:32:08.713 appintentsmetadataprocessor[5957:21315] Extracted no relevant App Intents symbols, skipping writing output

RegisterExecutionPolicyException /tmp/MYR175-Classify-Baseline-Mac/Build/Products/Debug/AnchoredSequenceCore.o (in target 'AnchoredSequenceCore' from project 'AnchoredSequenceCore')
    cd /Users/runner/work/MyRAM-iOS/MyRAM-iOS/Baseline/Packages/AnchoredSequenceCore
    builtin-RegisterExecutionPolicyException /tmp/MYR175-Classify-Baseline-Mac/Build/Products/Debug/AnchoredSequenceCore.o

ProcessInfoPlistFile /tmp/MYR175-Classify-Baseline-Mac/Build/Products/Debug/PackageFrameworks/AnchoredSequenceCore_-65B9EEE52AB2106_PackageProduct.framework/Versions/A/Resources/Info.plist /tmp/MYR175-Classify-Baseline-Mac/Build/Intermediates.noindex/AnchoredSequenceCore.build/Debug/AnchoredSequenceCore\ product.build/empty-AnchoredSequenceCore_-65B9EEE52AB2106_PackageProduct.plist (in target 'AnchoredSequenceCore' from project 'AnchoredSequenceCore')
    cd /Users/runner/work/MyRAM-iOS/MyRAM-iOS/Baseline/Packages/AnchoredSequenceCore
    builtin-infoPlistUtility /tmp/MYR175-Classify-Baseline-Mac/Build/Intermediates.noindex/AnchoredSequenceCore.build/Debug/AnchoredSequenceCore\ product.build/empty-AnchoredSequenceCore_-65B9EEE52AB2106_PackageProduct.plist -producttype com.apple.product-type.framework -expandbuildsettings -platform macosx -o /tmp/MYR175-Classify-Baseline-Mac/Build/Products/Debug/PackageFrameworks/AnchoredSequenceCore_-65B9EEE52AB2106_PackageProduct.framework/Versions/A/Resources/Info.plist

Ld /tmp/MYR175-Classify-Baseline-Mac/Build/Products/Debug/PackageFrameworks/AnchoredSequenceCore_-65B9EEE52AB2106_PackageProduct.framework/Versions/A/AnchoredSequenceCore_-65B9EEE52AB2106_PackageProduct normal (in target 'AnchoredSequenceCore' from project 'AnchoredSequenceCore')
    cd /Users/runner/work/MyRAM-iOS/MyRAM-iOS/Baseline/Packages/AnchoredSequenceCore
    /Applications/Xcode_26.5.app/Contents/Developer/Toolchains/XcodeDefault.xctoolchain/usr/bin/clang -Xlinker -reproducible -target arm64-apple-macos13.0 -dynamiclib -isysroot /Applications/Xcode_26.5.app/Contents/Developer/Platforms/MacOSX.platform/Developer/SDKs/MacOSX26.5.sdk -O0 -w -L/tmp/MYR175-Classify-Baseline-Mac/Build/Intermediates.noindex/EagerLinkingTBDs/Debug -L/tmp/MYR175-Classify-Baseline-Mac/Build/Products/Debug -L/Applications/Xcode_26.5.app/Contents/Developer/Platforms/MacOSX.platform/Developer/usr/lib -F/tmp/MYR175-Classify-Baseline-Mac/Build/Intermediates.noindex/EagerLinkingTBDs/Debug -F/tmp/MYR175-Classify-Baseline-Mac/Build/Products/Debug/PackageFrameworks -F/tmp/MYR175-Classify-Baseline-Mac/Build/Products/Debug -iframework /Applications/Xcode_26.5.app/Contents/Developer/Platforms/MacOSX.platform/Developer/Library/Frameworks -filelist /tmp/MYR175-Classify-Baseline-Mac/Build/Intermediates.noindex/AnchoredSequenceCore.build/Debug/AnchoredSequenceCore\ product.build/Objects-normal/arm64/AnchoredSequenceCore_-65B9EEE52AB2106_PackageProduct.LinkFileList -install_name @rpath/AnchoredSequenceCore_-65B9EEE52AB2106_PackageProduct.framework/Versions/A/AnchoredSequenceCore_-65B9EEE52AB2106_PackageProduct -Xlinker -rpath -Xlinker /usr/lib/swift -Xlinker -rpath -Xlinker /tmp/MYR175-Classify-Baseline-Mac/Build/Products/Debug/PackageFrameworks -Xlinker -object_path_lto -Xlinker /tmp/MYR175-Classify-Baseline-Mac/Build/Intermediates.noindex/AnchoredSequenceCore.build/Debug/AnchoredSequenceCore\ product.build/Objects-normal/arm64/AnchoredSequenceCore_-65B9EEE52AB2106_PackageProduct_lto.o -rdynamic -Xlinker -no_deduplicate -Xlinker -dependency_info -Xlinker /tmp/MYR175-Classify-Baseline-Mac/Build/Intermediates.noindex/AnchoredSequenceCore.build/Debug/AnchoredSequenceCore\ product.build/Objects-normal/arm64/AnchoredSequenceCore_-65B9EEE52AB2106_PackageProduct_dependency_info.dat -fobjc-link-runtime -L/Applications/Xcode_26.5.app/Contents/Developer/Toolchains/XcodeDefault.xctoolchain/usr/lib/swift/macosx -L/usr/lib/swift -Wl,-no_warn_duplicate_libraries -o /tmp/MYR175-Classify-Baseline-Mac/Build/Products/Debug/PackageFrameworks/AnchoredSequenceCore_-65B9EEE52AB2106_PackageProduct.framework/Versions/A/AnchoredSequenceCore_-65B9EEE52AB2106_PackageProduct -Xlinker -add_ast_path -Xlinker /tmp/MYR175-Classify-Baseline-Mac/Build/Intermediates.noindex/AnchoredSequenceCore.build/Debug/AnchoredSequenceCore.build/Objects-normal/arm64/AnchoredSequenceCore.swiftmodule @/tmp/MYR175-Classify-Baseline-Mac/Build/Intermediates.noindex/AnchoredSequenceCore.build/Debug/AnchoredSequenceCore.build/Objects-normal/arm64/AnchoredSequenceCore-linker-args.resp

GenerateTAPI /tmp/MYR175-Classify-Baseline-Mac/Build/Intermediates.noindex/EagerLinkingTBDs/Debug/AnchoredSequenceCore_-65B9EEE52AB2106_PackageProduct.framework/Versions/A/AnchoredSequenceCore_-65B9EEE52AB2106_PackageProduct.tbd (in target 'AnchoredSequenceCore' from project 'AnchoredSequenceCore')
    cd /Users/runner/work/MyRAM-iOS/MyRAM-iOS/Baseline/Packages/AnchoredSequenceCore
    /Applications/Xcode_26.5.app/Contents/Developer/Toolchains/XcodeDefault.xctoolchain/usr/bin/tapi stubify -isysroot /Applications/Xcode_26.5.app/Contents/Developer/Platforms/MacOSX.platform/Developer/SDKs/MacOSX26.5.sdk -F/tmp/MYR175-Classify-Baseline-Mac/Build/Products/Debug/PackageFrameworks -F/tmp/MYR175-Classify-Baseline-Mac/Build/Products/Debug -iframework /Applications/Xcode_26.5.app/Contents/Developer/Platforms/MacOSX.platform/Developer/Library/Frameworks -L/tmp/MYR175-Classify-Baseline-Mac/Build/Products/Debug -L/Applications/Xcode_26.5.app/Contents/Developer/Platforms/MacOSX.platform/Developer/usr/lib /tmp/MYR175-Classify-Baseline-Mac/Build/Products/Debug/PackageFrameworks/AnchoredSequenceCore_-65B9EEE52AB2106_PackageProduct.framework/Versions/A/AnchoredSequenceCore_-65B9EEE52AB2106_PackageProduct -o /tmp/MYR175-Classify-Baseline-Mac/Build/Intermediates.noindex/EagerLinkingTBDs/Debug/AnchoredSequenceCore_-65B9EEE52AB2106_PackageProduct.framework/Versions/A/AnchoredSequenceCore_-65B9EEE52AB2106_PackageProduct.tbd

RegisterExecutionPolicyException /tmp/MYR175-Classify-Baseline-Mac/Build/Products/Debug/PackageFrameworks/AnchoredSequenceCore_-65B9EEE52AB2106_PackageProduct.framework (in target 'AnchoredSequenceCore' from project 'AnchoredSequenceCore')
    cd /Users/runner/work/MyRAM-iOS/MyRAM-iOS/Baseline/Packages/AnchoredSequenceCore
    builtin-RegisterExecutionPolicyException /tmp/MYR175-Classify-Baseline-Mac/Build/Products/Debug/PackageFrameworks/AnchoredSequenceCore_-65B9EEE52AB2106_PackageProduct.framework

Touch /tmp/MYR175-Classify-Baseline-Mac/Build/Products/Debug/PackageFrameworks/AnchoredSequenceCore_-65B9EEE52AB2106_PackageProduct.framework (in target 'AnchoredSequenceCore' from project 'AnchoredSequenceCore')
    cd /Users/runner/work/MyRAM-iOS/MyRAM-iOS/Baseline/Packages/AnchoredSequenceCore
    /usr/bin/touch -c /tmp/MYR175-Classify-Baseline-Mac/Build/Products/Debug/PackageFrameworks/AnchoredSequenceCore_-65B9EEE52AB2106_PackageProduct.framework

SymLink /tmp/MYR175-Classify-Baseline-Mac/Build/Intermediates.noindex/EagerLinkingTBDs/Debug/AnchoredSequenceCore_-65B9EEE52AB2106_PackageProduct.framework/AnchoredSequenceCore_-65B9EEE52AB2106_PackageProduct.tbd /tmp/MYR175-Classify-Baseline-Mac/Build/Intermediates.noindex/EagerLinkingTBDs/Debug/AnchoredSequenceCore_-65B9EEE52AB2106_PackageProduct.framework/Versions/A/AnchoredSequenceCore_-65B9EEE52AB2106_PackageProduct.tbd (in target 'AnchoredSequenceCore' from project 'AnchoredSequenceCore')
    cd /Users/runner/work/MyRAM-iOS/MyRAM-iOS/Baseline/Packages/AnchoredSequenceCore
    /bin/ln -sfh /tmp/MYR175-Classify-Baseline-Mac/Build/Intermediates.noindex/EagerLinkingTBDs/Debug/AnchoredSequenceCore_-65B9EEE52AB2106_PackageProduct.framework/Versions/A/AnchoredSequenceCore_-65B9EEE52AB2106_PackageProduct.tbd /tmp/MYR175-Classify-Baseline-Mac/Build/Intermediates.noindex/EagerLinkingTBDs/Debug/AnchoredSequenceCore_-65B9EEE52AB2106_PackageProduct.framework/AnchoredSequenceCore_-65B9EEE52AB2106_PackageProduct.tbd

SwiftExplicitDependencyGeneratePcm arm64 /tmp/MYR175-Classify-Baseline-Mac/ModuleCache.noindex/SwiftUI-29F5ITCEMEU2VM15MSNZXK5F5.pcm

SwiftEmitModule normal arm64 Emitting\ module\ for\ MyRAMMacWidgetExtension (in target 'MyRAMMacWidgetExtension' from project 'MyRAM')

EmitSwiftModule normal arm64 (in target 'MyRAMMacWidgetExtension' from project 'MyRAM')
    cd /Users/runner/work/MyRAM-iOS/MyRAM-iOS/Baseline
    

SwiftCompile normal arm64 Compiling\ MyRAMWidgetSnapshot.swift,\ MyRAMWidgetDeepLink.swift,\ MyRAMMacWidget.swift /Users/runner/work/MyRAM-iOS/MyRAM-iOS/Baseline/MyRAM/WidgetShared/MyRAMWidgetSnapshot.swift /Users/runner/work/MyRAM-iOS/MyRAM-iOS/Baseline/MyRAM/WidgetShared/MyRAMWidgetDeepLink.swift /Users/runner/work/MyRAM-iOS/MyRAM-iOS/Baseline/MyRAMMacWidget/MyRAMMacWidget.swift (in target 'MyRAMMacWidgetExtension' from project 'MyRAM')
SwiftCompile normal arm64 /Users/runner/work/MyRAM-iOS/MyRAM-iOS/Baseline/MyRAM/WidgetShared/MyRAMWidgetSnapshot.swift (in target 'MyRAMMacWidgetExtension' from project 'MyRAM')
    cd /Users/runner/work/MyRAM-iOS/MyRAM-iOS/Baseline
    

SwiftCompile normal arm64 /Users/runner/work/MyRAM-iOS/MyRAM-iOS/Baseline/MyRAM/WidgetShared/MyRAMWidgetDeepLink.swift (in target 'MyRAMMacWidgetExtension' from project 'MyRAM')
    cd /Users/runner/work/MyRAM-iOS/MyRAM-iOS/Baseline
    

SwiftCompile normal arm64 /Users/runner/work/MyRAM-iOS/MyRAM-iOS/Baseline/MyRAMMacWidget/MyRAMMacWidget.swift (in target 'MyRAMMacWidgetExtension' from project 'MyRAM')
    cd /Users/runner/work/MyRAM-iOS/MyRAM-iOS/Baseline
    

SwiftCompile normal arm64 Compiling\ MyRAMMacWidgetBundle.swift,\ MyRAMWidgetRuntimeConfiguration.swift,\ MyRAMWidgetContentSelectionPolicy.swift /Users/runner/work/MyRAM-iOS/MyRAM-iOS/Baseline/MyRAMMacWidget/MyRAMMacWidgetBundle.swift /Users/runner/work/MyRAM-iOS/MyRAM-iOS/Baseline/MyRAM/WidgetShared/MyRAMWidgetRuntimeConfiguration.swift /Users/runner/work/MyRAM-iOS/MyRAM-iOS/Baseline/MyRAM/WidgetShared/MyRAMWidgetContentSelectionPolicy.swift (in target 'MyRAMMacWidgetExtension' from project 'MyRAM')
SwiftCompile normal arm64 /Users/runner/work/MyRAM-iOS/MyRAM-iOS/Baseline/MyRAMMacWidget/MyRAMMacWidgetBundle.swift (in target 'MyRAMMacWidgetExtension' from project 'MyRAM')
    cd /Users/runner/work/MyRAM-iOS/MyRAM-iOS/Baseline
    

SwiftCompile normal arm64 /Users/runner/work/MyRAM-iOS/MyRAM-iOS/Baseline/MyRAM/WidgetShared/MyRAMWidgetRuntimeConfiguration.swift (in target 'MyRAMMacWidgetExtension' from project 'MyRAM')
    cd /Users/runner/work/MyRAM-iOS/MyRAM-iOS/Baseline
    

SwiftCompile normal arm64 /Users/runner/work/MyRAM-iOS/MyRAM-iOS/Baseline/MyRAM/WidgetShared/MyRAMWidgetContentSelectionPolicy.swift (in target 'MyRAMMacWidgetExtension' from project 'MyRAM')
    cd /Users/runner/work/MyRAM-iOS/MyRAM-iOS/Baseline
    

SwiftCompile normal arm64 Compiling\ MyRAMWidgetSnapshotStore.swift,\ MyRAMWidgetSnapshotCodec.swift,\ GeneratedAssetSymbols.swift /Users/runner/work/MyRAM-iOS/MyRAM-iOS/Baseline/MyRAM/WidgetShared/MyRAMWidgetSnapshotStore.swift /Users/runner/work/MyRAM-iOS/MyRAM-iOS/Baseline/MyRAM/WidgetShared/MyRAMWidgetSnapshotCodec.swift /tmp/MYR175-Classify-Baseline-Mac/Build/Intermediates.noindex/MyRAM.build/Debug/MyRAMMacWidgetExtension.build/DerivedSources/GeneratedAssetSymbols.swift (in target 'MyRAMMacWidgetExtension' from project 'MyRAM')

SwiftCompile normal arm64 /Users/runner/work/MyRAM-iOS/MyRAM-iOS/Baseline/MyRAM/WidgetShared/MyRAMWidgetSnapshotStore.swift (in target 'MyRAMMacWidgetExtension' from project 'MyRAM')
    cd /Users/runner/work/MyRAM-iOS/MyRAM-iOS/Baseline
    

SwiftCompile normal arm64 /Users/runner/work/MyRAM-iOS/MyRAM-iOS/Baseline/MyRAM/WidgetShared/MyRAMWidgetSnapshotCodec.swift (in target 'MyRAMMacWidgetExtension' from project 'MyRAM')
    cd /Users/runner/work/MyRAM-iOS/MyRAM-iOS/Baseline
    

SwiftCompile normal arm64 /tmp/MYR175-Classify-Baseline-Mac/Build/Intermediates.noindex/MyRAM.build/Debug/MyRAMMacWidgetExtension.build/DerivedSources/GeneratedAssetSymbols.swift (in target 'MyRAMMacWidgetExtension' from project 'MyRAM')
    cd /Users/runner/work/MyRAM-iOS/MyRAM-iOS/Baseline
    

SwiftDriverJobDiscovery normal arm64 Emitting module for MyRAMMacWidgetExtension (in target 'MyRAMMacWidgetExtension' from project 'MyRAM')

SwiftDriver\ Compilation\ Requirements MyRAMMacWidgetExtension normal arm64 com.apple.xcode.tools.swift.compiler (in target 'MyRAMMacWidgetExtension' from project 'MyRAM')
    cd /Users/runner/work/MyRAM-iOS/MyRAM-iOS/Baseline
    builtin-Swift-Compilation-Requirements -- /Applications/Xcode_26.5.app/Contents/Developer/Toolchains/XcodeDefault.xctoolchain/usr/bin/swiftc -module-name MyRAMMacWidgetExtension -Onone @/tmp/MYR175-Classify-Baseline-Mac/Build/Intermediates.noindex/MyRAM.build/Debug/MyRAMMacWidgetExtension.build/Objects-normal/arm64/MyRAMMacWidgetExtension.SwiftFileList -DDEBUG -enable-bare-slash-regex -enable-upcoming-feature DisableOutwardActorInference -enable-upcoming-feature InferSendableFromCaptures -enable-upcoming-feature GlobalActorIsolatedTypesUsability -enable-upcoming-feature MemberImportVisibility -enable-upcoming-feature InferIsolatedConformances -enable-upcoming-feature NonisolatedNonsendingByDefault -enable-experimental-feature DebugDescriptionMacro -sdk /Applications/Xcode_26.5.app/Contents/Developer/Platforms/MacOSX.platform/Developer/SDKs/MacOSX26.5.sdk -target arm64-apple-macos14.0 -g -module-cache-path /tmp/MYR175-Classify-Baseline-Mac/ModuleCache.noindex -Xfrontend -serialize-debugging-options -application-extension -enable-testing -index-store-path /tmp/MYR175-Classify-Baseline-Mac/Index.noindex/DataStore -Xcc -D_LIBCPP_HARDENING_MODE\=_LIBCPP_HARDENING_MODE_DEBUG -swift-version 5 -I /tmp/MYR175-Classify-Baseline-Mac/Build/Products/Debug -F /tmp/MYR175-Classify-Baseline-Mac/Build/Products/Debug -emit-localized-strings -emit-localized-strings-path /tmp/MYR175-Classify-Baseline-Mac/Build/Intermediates.noindex/MyRAM.build/Debug/MyRAMMacWidgetExtension.build/Objects-normal/arm64 -c -j3 -enable-batch-mode -incremental -Xcc -ivfsstatcache -Xcc /tmp/MYR175-Classify-Baseline-Mac/SDKStatCaches.noindex/macosx26.5-25F70-688ef53f1462e2c8f657fdc38a81448f3599ee76dc2a8020dfcb4b41ead48a8c.sdkstatcache -output-file-map /tmp/MYR175-Classify-Baseline-Mac/Build/Intermediates.noindex/MyRAM.build/Debug/MyRAMMacWidgetExtension.build/Objects-normal/arm64/MyRAMMacWidgetExtension-OutputFileMap.json -use-frontend-parseable-output -save-temps -no-color-diagnostics -explicit-module-build -module-cache-path /tmp/MYR175-Classify-Baseline-Mac/Build/Intermediates.noindex/SwiftExplicitPrecompiledModules -clang-scanner-module-cache-path /tmp/MYR175-Classify-Baseline-Mac/ModuleCache.noindex -sdk-module-cache-path /tmp/MYR175-Classify-Baseline-Mac/ModuleCache.noindex -serialize-diagnostics -emit-dependencies -emit-module -emit-module-path /tmp/MYR175-Classify-Baseline-Mac/Build/Intermediates.noindex/MyRAM.build/Debug/MyRAMMacWidgetExtension.build/Objects-normal/arm64/MyRAMMacWidgetExtension.swiftmodule -validate-clang-modules-once -clang-build-session-file /tmp/MYR175-Classify-Baseline-Mac/ModuleCache.noindex/Session.modulevalidation -Xcc -I/tmp/MYR175-Classify-Baseline-Mac/Build/Intermediates.noindex/MyRAM.build/Debug/MyRAMMacWidgetExtension.build/swift-overrides.hmap -emit-const-values -Xfrontend -const-gather-protocols-file -Xfrontend /tmp/MYR175-Classify-Baseline-Mac/Build/Intermediates.noindex/MyRAM.build/Debug/MyRAMMacWidgetExtension.build/Objects-normal/arm64/MyRAMMacWidgetExtension_const_extract_protocols.json -Xcc -iquote -Xcc /tmp/MYR175-Classify-Baseline-Mac/Build/Intermediates.noindex/MyRAM.build/Debug/MyRAMMacWidgetExtension.build/MyRAMMacWidgetExtension-generated-files.hmap -Xcc -I/tmp/MYR175-Classify-Baseline-Mac/Build/Intermediates.noindex/MyRAM.build/Debug/MyRAMMacWidgetExtension.build/MyRAMMacWidgetExtension-own-target-headers.hmap -Xcc -I/tmp/MYR175-Classify-Baseline-Mac/Build/Intermediates.noindex/MyRAM.build/Debug/MyRAMMacWidgetExtension.build/MyRAMMacWidgetExtension-all-non-framework-target-headers.hmap -Xcc -ivfsoverlay -Xcc /tmp/MYR175-Classify-Baseline-Mac/Build/Intermediates.noindex/MyRAM.build/Debug/MyRAM-98a9cbde253e8e955bc92731eb290203-VFS/all-product-headers.yaml -Xcc -iquote -Xcc /tmp/MYR175-Classify-Baseline-Mac/Build/Intermediates.noindex/MyRAM.build/Debug/MyRAMMacWidgetExtension.build/MyRAMMacWidgetExtension-project-headers.hmap -Xcc -I/tmp/MYR175-Classify-Baseline-Mac/Build/Products/Debug/include -Xcc -I/tmp/MYR175-Classify-Baseline-Mac/Build/Intermediates.noindex/MyRAM.build/Debug/MyRAMMacWidgetExtension.build/DerivedSources-normal/arm64 -Xcc -I/tmp/MYR175-Classify-Baseline-Mac/Build/Intermediates.noindex/MyRAM.build/Debug/MyRAMMacWidgetExtension.build/DerivedSources/arm64 -Xcc -I/tmp/MYR175-Classify-Baseline-Mac/Build/Intermediates.noindex/MyRAM.build/Debug/MyRAMMacWidgetExtension.build/DerivedSources -Xcc -DDEBUG\=1 -emit-objc-header -emit-objc-header-path /tmp/MYR175-Classify-Baseline-Mac/Build/Intermediates.noindex/MyRAM.build/Debug/MyRAMMacWidgetExtension.build/Objects-normal/arm64/MyRAMMacWidgetExtension-Swift.h -working-directory /Users/runner/work/MyRAM-iOS/MyRAM-iOS/Baseline -experimental-emit-module-separately -disable-cmo

SwiftDriverJobDiscovery normal arm64 Compiling MyRAMWidgetSnapshotStore.swift, MyRAMWidgetSnapshotCodec.swift, GeneratedAssetSymbols.swift (in target 'MyRAMMacWidgetExtension' from project 'MyRAM')

SwiftMergeGeneratedHeaders /tmp/MYR175-Classify-Baseline-Mac/Build/Intermediates.noindex/MyRAM.build/Debug/MyRAMMacWidgetExtension.build/DerivedSources/MyRAMMacWidgetExtension-Swift.h /tmp/MYR175-Classify-Baseline-Mac/Build/Intermediates.noindex/MyRAM.build/Debug/MyRAMMacWidgetExtension.build/Objects-normal/arm64/MyRAMMacWidgetExtension-Swift.h (in target 'MyRAMMacWidgetExtension' from project 'MyRAM')
    cd /Users/runner/work/MyRAM-iOS/MyRAM-iOS/Baseline
    builtin-swiftHeaderTool -arch arm64 /tmp/MYR175-Classify-Baseline-Mac/Build/Intermediates.noindex/MyRAM.build/Debug/MyRAMMacWidgetExtension.build/Objects-normal/arm64/MyRAMMacWidgetExtension-Swift.h -o /tmp/MYR175-Classify-Baseline-Mac/Build/Intermediates.noindex/MyRAM.build/Debug/MyRAMMacWidgetExtension.build/DerivedSources/MyRAMMacWidgetExtension-Swift.h

Copy /tmp/MYR175-Classify-Baseline-Mac/Build/Products/Debug/MyRAMMacWidgetExtension.swiftmodule/arm64-apple-macos.swiftmodule /tmp/MYR175-Classify-Baseline-Mac/Build/Intermediates.noindex/MyRAM.build/Debug/MyRAMMacWidgetExtension.build/Objects-normal/arm64/MyRAMMacWidgetExtension.swiftmodule (in target 'MyRAMMacWidgetExtension' from project 'MyRAM')
    cd /Users/runner/work/MyRAM-iOS/MyRAM-iOS/Baseline
    builtin-copy -exclude .DS_Store -exclude CVS -exclude .svn -exclude .git -exclude .hg -resolve-src-symlinks -rename /tmp/MYR175-Classify-Baseline-Mac/Build/Intermediates.noindex/MyRAM.build/Debug/MyRAMMacWidgetExtension.build/Objects-normal/arm64/MyRAMMacWidgetExtension.swiftmodule /tmp/MYR175-Classify-Baseline-Mac/Build/Products/Debug/MyRAMMacWidgetExtension.swiftmodule/arm64-apple-macos.swiftmodule

Copy /tmp/MYR175-Classify-Baseline-Mac/Build/Products/Debug/MyRAMMacWidgetExtension.swiftmodule/arm64-apple-macos.swiftdoc /tmp/MYR175-Classify-Baseline-Mac/Build/Intermediates.noindex/MyRAM.build/Debug/MyRAMMacWidgetExtension.build/Objects-normal/arm64/MyRAMMacWidgetExtension.swiftdoc (in target 'MyRAMMacWidgetExtension' from project 'MyRAM')
    cd /Users/runner/work/MyRAM-iOS/MyRAM-iOS/Baseline
    builtin-copy -exclude .DS_Store -exclude CVS -exclude .svn -exclude .git -exclude .hg -resolve-src-symlinks -rename /tmp/MYR175-Classify-Baseline-Mac/Build/Intermediates.noindex/MyRAM.build/Debug/MyRAMMacWidgetExtension.build/Objects-normal/arm64/MyRAMMacWidgetExtension.swiftdoc /tmp/MYR175-Classify-Baseline-Mac/Build/Products/Debug/MyRAMMacWidgetExtension.swiftmodule/arm64-apple-macos.swiftdoc

Copy /tmp/MYR175-Classify-Baseline-Mac/Build/Products/Debug/MyRAMMacWidgetExtension.swiftmodule/arm64-apple-macos.abi.json /tmp/MYR175-Classify-Baseline-Mac/Build/Intermediates.noindex/MyRAM.build/Debug/MyRAMMacWidgetExtension.build/Objects-normal/arm64/MyRAMMacWidgetExtension.abi.json (in target 'MyRAMMacWidgetExtension' from project 'MyRAM')
    cd /Users/runner/work/MyRAM-iOS/MyRAM-iOS/Baseline
    builtin-copy -exclude .DS_Store -exclude CVS -exclude .svn -exclude .git -exclude .hg -resolve-src-symlinks -rename /tmp/MYR175-Classify-Baseline-Mac/Build/Intermediates.noindex/MyRAM.build/Debug/MyRAMMacWidgetExtension.build/Objects-normal/arm64/MyRAMMacWidgetExtension.abi.json /tmp/MYR175-Classify-Baseline-Mac/Build/Products/Debug/MyRAMMacWidgetExtension.swiftmodule/arm64-apple-macos.abi.json

Copy /tmp/MYR175-Classify-Baseline-Mac/Build/Products/Debug/MyRAMMacWidgetExtension.swiftmodule/Project/arm64-apple-macos.swiftsourceinfo /tmp/MYR175-Classify-Baseline-Mac/Build/Intermediates.noindex/MyRAM.build/Debug/MyRAMMacWidgetExtension.build/Objects-normal/arm64/MyRAMMacWidgetExtension.swiftsourceinfo (in target 'MyRAMMacWidgetExtension' from project 'MyRAM')
    cd /Users/runner/work/MyRAM-iOS/MyRAM-iOS/Baseline
    builtin-copy -exclude .DS_Store -exclude CVS -exclude .svn -exclude .git -exclude .hg -resolve-src-symlinks -rename /tmp/MYR175-Classify-Baseline-Mac/Build/Intermediates.noindex/MyRAM.build/Debug/MyRAMMacWidgetExtension.build/Objects-normal/arm64/MyRAMMacWidgetExtension.swiftsourceinfo /tmp/MYR175-Classify-Baseline-Mac/Build/Products/Debug/MyRAMMacWidgetExtension.swiftmodule/Project/arm64-apple-macos.swiftsourceinfo

ProcessProductPackaging /Users/runner/work/MyRAM-iOS/MyRAM-iOS/Baseline/MyRAMMac.entitlements /tmp/MYR175-Classify-Baseline-Mac/Build/Intermediates.noindex/MyRAM.build/Debug/MyRAMMac.build/MyRAMMac.app.xcent (in target 'MyRAMMac' from project 'MyRAM')
    cd /Users/runner/work/MyRAM-iOS/MyRAM-iOS/Baseline
    
    Entitlements:
    
    {
    "com.apple.security.application-groups" =     (
        "group.com.northsignalstudio.myram.mac.dev.widget"
    );
    "com.apple.security.get-task-allow" = 1;
}
    
    builtin-productPackagingUtility /Users/runner/work/MyRAM-iOS/MyRAM-iOS/Baseline/MyRAMMac.entitlements -entitlements -format xml -o /tmp/MYR175-Classify-Baseline-Mac/Build/Intermediates.noindex/MyRAM.build/Debug/MyRAMMac.build/MyRAMMac.app.xcent

ProcessProductPackagingDER /tmp/MYR175-Classify-Baseline-Mac/Build/Intermediates.noindex/MyRAM.build/Debug/MyRAMMac.build/MyRAMMac.app.xcent /tmp/MYR175-Classify-Baseline-Mac/Build/Intermediates.noindex/MyRAM.build/Debug/MyRAMMac.build/MyRAMMac.app.xcent.der (in target 'MyRAMMac' from project 'MyRAM')
    cd /Users/runner/work/MyRAM-iOS/MyRAM-iOS/Baseline
    /usr/bin/derq query -f xml -i /tmp/MYR175-Classify-Baseline-Mac/Build/Intermediates.noindex/MyRAM.build/Debug/MyRAMMac.build/MyRAMMac.app.xcent -o /tmp/MYR175-Classify-Baseline-Mac/Build/Intermediates.noindex/MyRAM.build/Debug/MyRAMMac.build/MyRAMMac.app.xcent.der --raw

MkDir /tmp/MYR175-Classify-Baseline-Mac/Build/Intermediates.noindex/MyRAM.build/Debug/MyRAMMac.build/assetcatalog_output/unthinned (in target 'MyRAMMac' from project 'MyRAM')
    cd /Users/runner/work/MyRAM-iOS/MyRAM-iOS/Baseline
    /bin/mkdir -p /tmp/MYR175-Classify-Baseline-Mac/Build/Intermediates.noindex/MyRAM.build/Debug/MyRAMMac.build/assetcatalog_output/unthinned

MkDir /tmp/MYR175-Classify-Baseline-Mac/Build/Intermediates.noindex/MyRAM.build/Debug/MyRAMMac.build/assetcatalog_output/thinned (in target 'MyRAMMac' from project 'MyRAM')
    cd /Users/runner/work/MyRAM-iOS/MyRAM-iOS/Baseline
    /bin/mkdir -p /tmp/MYR175-Classify-Baseline-Mac/Build/Intermediates.noindex/MyRAM.build/Debug/MyRAMMac.build/assetcatalog_output/thinned

GenerateAssetSymbols /Users/runner/work/MyRAM-iOS/MyRAM-iOS/Baseline/MyRAM/Assets.xcassets (in target 'MyRAMMac' from project 'MyRAM')
    cd /Users/runner/work/MyRAM-iOS/MyRAM-iOS/Baseline
    /Applications/Xcode_26.5.app/Contents/Developer/usr/bin/actool /Users/runner/work/MyRAM-iOS/MyRAM-iOS/Baseline/MyRAM/Assets.xcassets --compile /tmp/MYR175-Classify-Baseline-Mac/Build/Products/Debug/MyRAMMac.app/Contents/Resources --output-format human-readable-text --notices --warnings --export-dependency-info /tmp/MYR175-Classify-Baseline-Mac/Build/Intermediates.noindex/MyRAM.build/Debug/MyRAMMac.build/assetcatalog_dependencies --output-partial-info-plist /tmp/MYR175-Classify-Baseline-Mac/Build/Intermediates.noindex/MyRAM.build/Debug/MyRAMMac.build/assetcatalog_generated_info.plist --app-icon AppIcon --enable-on-demand-resources NO --development-region en --target-device mac --minimum-deployment-target 14.0 --platform macosx --bundle-identifier com.northsignalstudio.myram.mac.dev --generate-swift-asset-symbols /tmp/MYR175-Classify-Baseline-Mac/Build/Intermediates.noindex/MyRAM.build/Debug/MyRAMMac.build/DerivedSources/GeneratedAssetSymbols.swift --generate-objc-asset-symbols /tmp/MYR175-Classify-Baseline-Mac/Build/Intermediates.noindex/MyRAM.build/Debug/MyRAMMac.build/DerivedSources/GeneratedAssetSymbols.h --generate-asset-symbol-index /tmp/MYR175-Classify-Baseline-Mac/Build/Intermediates.noindex/MyRAM.build/Debug/MyRAMMac.build/DerivedSources/GeneratedAssetSymbols-Index.plist
/* com.apple.actool.compilation-results */
/tmp/MYR175-Classify-Baseline-Mac/Build/Intermediates.noindex/MyRAM.build/Debug/MyRAMMac.build/DerivedSources/GeneratedAssetSymbols-Index.plist
/tmp/MYR175-Classify-Baseline-Mac/Build/Intermediates.noindex/MyRAM.build/Debug/MyRAMMac.build/DerivedSources/GeneratedAssetSymbols.h
/tmp/MYR175-Classify-Baseline-Mac/Build/Intermediates.noindex/MyRAM.build/Debug/MyRAMMac.build/DerivedSources/GeneratedAssetSymbols.swift


SwiftDriverJobDiscovery normal arm64 Compiling MyRAMWidgetSnapshot.swift, MyRAMWidgetDeepLink.swift, MyRAMMacWidget.swift (in target 'MyRAMMacWidgetExtension' from project 'MyRAM')

CompileAssetCatalogVariant thinned /tmp/MYR175-Classify-Baseline-Mac/Build/Products/Debug/MyRAMMac.app/Contents/Resources /Users/runner/work/MyRAM-iOS/MyRAM-iOS/Baseline/MyRAM/Assets.xcassets (in target 'MyRAMMac' from project 'MyRAM')
    cd /Users/runner/work/MyRAM-iOS/MyRAM-iOS/Baseline
    /Applications/Xcode_26.5.app/Contents/Developer/usr/bin/actool /Users/runner/work/MyRAM-iOS/MyRAM-iOS/Baseline/MyRAM/Assets.xcassets --compile /tmp/MYR175-Classify-Baseline-Mac/Build/Intermediates.noindex/MyRAM.build/Debug/MyRAMMac.build/assetcatalog_output/thinned --output-format human-readable-text --notices --warnings --export-dependency-info /tmp/MYR175-Classify-Baseline-Mac/Build/Intermediates.noindex/MyRAM.build/Debug/MyRAMMac.build/assetcatalog_dependencies_thinned --output-partial-info-plist /tmp/MYR175-Classify-Baseline-Mac/Build/Intermediates.noindex/MyRAM.build/Debug/MyRAMMac.build/assetcatalog_generated_info.plist_thinned --app-icon AppIcon --enable-on-demand-resources NO --development-region en --target-device mac --minimum-deployment-target 14.0 --platform macosx
/* com.apple.actool.compilation-results */
/tmp/MYR175-Classify-Baseline-Mac/Build/Intermediates.noindex/MyRAM.build/Debug/MyRAMMac.build/assetcatalog_generated_info.plist_thinned
/tmp/MYR175-Classify-Baseline-Mac/Build/Intermediates.noindex/MyRAM.build/Debug/MyRAMMac.build/assetcatalog_output/thinned/AppIcon.icns
/tmp/MYR175-Classify-Baseline-Mac/Build/Intermediates.noindex/MyRAM.build/Debug/MyRAMMac.build/assetcatalog_output/thinned/Assets.car


SwiftDriverJobDiscovery normal arm64 Compiling MyRAMMacWidgetBundle.swift, MyRAMWidgetRuntimeConfiguration.swift, MyRAMWidgetContentSelectionPolicy.swift (in target 'MyRAMMacWidgetExtension' from project 'MyRAM')

SwiftDriver\ Compilation MyRAMMacWidgetExtension normal arm64 com.apple.xcode.tools.swift.compiler (in target 'MyRAMMacWidgetExtension' from project 'MyRAM')
    cd /Users/runner/work/MyRAM-iOS/MyRAM-iOS/Baseline
    builtin-Swift-Compilation -- /Applications/Xcode_26.5.app/Contents/Developer/Toolchains/XcodeDefault.xctoolchain/usr/bin/swiftc -module-name MyRAMMacWidgetExtension -Onone @/tmp/MYR175-Classify-Baseline-Mac/Build/Intermediates.noindex/MyRAM.build/Debug/MyRAMMacWidgetExtension.build/Objects-normal/arm64/MyRAMMacWidgetExtension.SwiftFileList -DDEBUG -enable-bare-slash-regex -enable-upcoming-feature DisableOutwardActorInference -enable-upcoming-feature InferSendableFromCaptures -enable-upcoming-feature GlobalActorIsolatedTypesUsability -enable-upcoming-feature MemberImportVisibility -enable-upcoming-feature InferIsolatedConformances -enable-upcoming-feature NonisolatedNonsendingByDefault -enable-experimental-feature DebugDescriptionMacro -sdk /Applications/Xcode_26.5.app/Contents/Developer/Platforms/MacOSX.platform/Developer/SDKs/MacOSX26.5.sdk -target arm64-apple-macos14.0 -g -module-cache-path /tmp/MYR175-Classify-Baseline-Mac/ModuleCache.noindex -Xfrontend -serialize-debugging-options -application-extension -enable-testing -index-store-path /tmp/MYR175-Classify-Baseline-Mac/Index.noindex/DataStore -Xcc -D_LIBCPP_HARDENING_MODE\=_LIBCPP_HARDENING_MODE_DEBUG -swift-version 5 -I /tmp/MYR175-Classify-Baseline-Mac/Build/Products/Debug -F /tmp/MYR175-Classify-Baseline-Mac/Build/Products/Debug -emit-localized-strings -emit-localized-strings-path /tmp/MYR175-Classify-Baseline-Mac/Build/Intermediates.noindex/MyRAM.build/Debug/MyRAMMacWidgetExtension.build/Objects-normal/arm64 -c -j3 -enable-batch-mode -incremental -Xcc -ivfsstatcache -Xcc /tmp/MYR175-Classify-Baseline-Mac/SDKStatCaches.noindex/macosx26.5-25F70-688ef53f1462e2c8f657fdc38a81448f3599ee76dc2a8020dfcb4b41ead48a8c.sdkstatcache -output-file-map /tmp/MYR175-Classify-Baseline-Mac/Build/Intermediates.noindex/MyRAM.build/Debug/MyRAMMacWidgetExtension.build/Objects-normal/arm64/MyRAMMacWidgetExtension-OutputFileMap.json -use-frontend-parseable-output -save-temps -no-color-diagnostics -explicit-module-build -module-cache-path /tmp/MYR175-Classify-Baseline-Mac/Build/Intermediates.noindex/SwiftExplicitPrecompiledModules -clang-scanner-module-cache-path /tmp/MYR175-Classify-Baseline-Mac/ModuleCache.noindex -sdk-module-cache-path /tmp/MYR175-Classify-Baseline-Mac/ModuleCache.noindex -serialize-diagnostics -emit-dependencies -emit-module -emit-module-path /tmp/MYR175-Classify-Baseline-Mac/Build/Intermediates.noindex/MyRAM.build/Debug/MyRAMMacWidgetExtension.build/Objects-normal/arm64/MyRAMMacWidgetExtension.swiftmodule -validate-clang-modules-once -clang-build-session-file /tmp/MYR175-Classify-Baseline-Mac/ModuleCache.noindex/Session.modulevalidation -Xcc -I/tmp/MYR175-Classify-Baseline-Mac/Build/Intermediates.noindex/MyRAM.build/Debug/MyRAMMacWidgetExtension.build/swift-overrides.hmap -emit-const-values -Xfrontend -const-gather-protocols-file -Xfrontend /tmp/MYR175-Classify-Baseline-Mac/Build/Intermediates.noindex/MyRAM.build/Debug/MyRAMMacWidgetExtension.build/Objects-normal/arm64/MyRAMMacWidgetExtension_const_extract_protocols.json -Xcc -iquote -Xcc /tmp/MYR175-Classify-Baseline-Mac/Build/Intermediates.noindex/MyRAM.build/Debug/MyRAMMacWidgetExtension.build/MyRAMMacWidgetExtension-generated-files.hmap -Xcc -I/tmp/MYR175-Classify-Baseline-Mac/Build/Intermediates.noindex/MyRAM.build/Debug/MyRAMMacWidgetExtension.build/MyRAMMacWidgetExtension-own-target-headers.hmap -Xcc -I/tmp/MYR175-Classify-Baseline-Mac/Build/Intermediates.noindex/MyRAM.build/Debug/MyRAMMacWidgetExtension.build/MyRAMMacWidgetExtension-all-non-framework-target-headers.hmap -Xcc -ivfsoverlay -Xcc /tmp/MYR175-Classify-Baseline-Mac/Build/Intermediates.noindex/MyRAM.build/Debug/MyRAM-98a9cbde253e8e955bc92731eb290203-VFS/all-product-headers.yaml -Xcc -iquote -Xcc /tmp/MYR175-Classify-Baseline-Mac/Build/Intermediates.noindex/MyRAM.build/Debug/MyRAMMacWidgetExtension.build/MyRAMMacWidgetExtension-project-headers.hmap -Xcc -I/tmp/MYR175-Classify-Baseline-Mac/Build/Products/Debug/include -Xcc -I/tmp/MYR175-Classify-Baseline-Mac/Build/Intermediates.noindex/MyRAM.build/Debug/MyRAMMacWidgetExtension.build/DerivedSources-normal/arm64 -Xcc -I/tmp/MYR175-Classify-Baseline-Mac/Build/Intermediates.noindex/MyRAM.build/Debug/MyRAMMacWidgetExtension.build/DerivedSources/arm64 -Xcc -I/tmp/MYR175-Classify-Baseline-Mac/Build/Intermediates.noindex/MyRAM.build/Debug/MyRAMMacWidgetExtension.build/DerivedSources -Xcc -DDEBUG\=1 -emit-objc-header -emit-objc-header-path /tmp/MYR175-Classify-Baseline-Mac/Build/Intermediates.noindex/MyRAM.build/Debug/MyRAMMacWidgetExtension.build/Objects-normal/arm64/MyRAMMacWidgetExtension-Swift.h -working-directory /Users/runner/work/MyRAM-iOS/MyRAM-iOS/Baseline -experimental-emit-module-separately -disable-cmo

Ld /tmp/MYR175-Classify-Baseline-Mac/Build/Products/Debug/MyRAMMacWidgetExtension.appex/Contents/MacOS/MyRAMMacWidgetExtension.debug.dylib normal (in target 'MyRAMMacWidgetExtension' from project 'MyRAM')
    cd /Users/runner/work/MyRAM-iOS/MyRAM-iOS/Baseline
    /Applications/Xcode_26.5.app/Contents/Developer/Toolchains/XcodeDefault.xctoolchain/usr/bin/clang -Xlinker -reproducible -target arm64-apple-macos14.0 -dynamiclib -isysroot /Applications/Xcode_26.5.app/Contents/Developer/Platforms/MacOSX.platform/Developer/SDKs/MacOSX26.5.sdk -O0 -L/tmp/MYR175-Classify-Baseline-Mac/Build/Intermediates.noindex/EagerLinkingTBDs/Debug -L/tmp/MYR175-Classify-Baseline-Mac/Build/Products/Debug -F/tmp/MYR175-Classify-Baseline-Mac/Build/Intermediates.noindex/EagerLinkingTBDs/Debug -F/tmp/MYR175-Classify-Baseline-Mac/Build/Products/Debug -filelist /tmp/MYR175-Classify-Baseline-Mac/Build/Intermediates.noindex/MyRAM.build/Debug/MyRAMMacWidgetExtension.build/Objects-normal/arm64/MyRAMMacWidgetExtension.LinkFileList -install_name @rpath/MyRAMMacWidgetExtension.debug.dylib -Xlinker -rpath -Xlinker /usr/lib/swift -Xlinker -rpath -Xlinker @executable_path/../Frameworks -Xlinker -rpath -Xlinker @executable_path/../../../../Frameworks -Xlinker -object_path_lto -Xlinker /tmp/MYR175-Classify-Baseline-Mac/Build/Intermediates.noindex/MyRAM.build/Debug/MyRAMMacWidgetExtension.build/Objects-normal/arm64/MyRAMMacWidgetExtension_lto.o -rdynamic -Xlinker -no_deduplicate -Xlinker -dependency_info -Xlinker /tmp/MYR175-Classify-Baseline-Mac/Build/Intermediates.noindex/MyRAM.build/Debug/MyRAMMacWidgetExtension.build/Objects-normal/arm64/MyRAMMacWidgetExtension_dependency_info.dat -fapplication-extension -fobjc-link-runtime -L/Applications/Xcode_26.5.app/Contents/Developer/Toolchains/XcodeDefault.xctoolchain/usr/lib/swift/macosx -L/usr/lib/swift -Xlinker -add_ast_path -Xlinker /tmp/MYR175-Classify-Baseline-Mac/Build/Intermediates.noindex/MyRAM.build/Debug/MyRAMMacWidgetExtension.build/Objects-normal/arm64/MyRAMMacWidgetExtension.swiftmodule @/tmp/MYR175-Classify-Baseline-Mac/Build/Intermediates.noindex/MyRAM.build/Debug/MyRAMMacWidgetExtension.build/Objects-normal/arm64/MyRAMMacWidgetExtension-linker-args.resp -Xlinker -alias -Xlinker _NSExtensionMain -Xlinker ___debug_main_executable_dylib_entry_point -framework SwiftUI -framework WidgetKit -Xlinker -no_adhoc_codesign -o /tmp/MYR175-Classify-Baseline-Mac/Build/Products/Debug/MyRAMMacWidgetExtension.appex/Contents/MacOS/MyRAMMacWidgetExtension.debug.dylib

SwiftDriver MyRAMMac normal arm64 com.apple.xcode.tools.swift.compiler (in target 'MyRAMMac' from project 'MyRAM')
    cd /Users/runner/work/MyRAM-iOS/MyRAM-iOS/Baseline
    builtin-SwiftDriver -- /Applications/Xcode_26.5.app/Contents/Developer/Toolchains/XcodeDefault.xctoolchain/usr/bin/swiftc -module-name MyRAMMac -Onone @/tmp/MYR175-Classify-Baseline-Mac/Build/Intermediates.noindex/MyRAM.build/Debug/MyRAMMac.build/Objects-normal/arm64/MyRAMMac.SwiftFileList -DDEBUG -enable-bare-slash-regex -enable-experimental-feature DebugDescriptionMacro -sdk /Applications/Xcode_26.5.app/Contents/Developer/Platforms/MacOSX.platform/Developer/SDKs/MacOSX26.5.sdk -target arm64-apple-macos14.0 -g -module-cache-path /tmp/MYR175-Classify-Baseline-Mac/ModuleCache.noindex -Xfrontend -serialize-debugging-options -enable-testing -index-store-path /tmp/MYR175-Classify-Baseline-Mac/Index.noindex/DataStore -Xcc -D_LIBCPP_HARDENING_MODE\=_LIBCPP_HARDENING_MODE_DEBUG -swift-version 5 -I /tmp/MYR175-Classify-Baseline-Mac/Build/Products/Debug -F /tmp/MYR175-Classify-Baseline-Mac/Build/Products/Debug/PackageFrameworks -F /tmp/MYR175-Classify-Baseline-Mac/Build/Products/Debug/PackageFrameworks -F /tmp/MYR175-Classify-Baseline-Mac/Build/Products/Debug -emit-localized-strings -emit-localized-strings-path /tmp/MYR175-Classify-Baseline-Mac/Build/Intermediates.noindex/MyRAM.build/Debug/MyRAMMac.build/Objects-normal/arm64 -c -j3 -enable-batch-mode -incremental -Xcc -ivfsstatcache -Xcc /tmp/MYR175-Classify-Baseline-Mac/SDKStatCaches.noindex/macosx26.5-25F70-688ef53f1462e2c8f657fdc38a81448f3599ee76dc2a8020dfcb4b41ead48a8c.sdkstatcache -output-file-map /tmp/MYR175-Classify-Baseline-Mac/Build/Intermediates.noindex/MyRAM.build/Debug/MyRAMMac.build/Objects-normal/arm64/MyRAMMac-OutputFileMap.json -use-frontend-parseable-output -save-temps -no-color-diagnostics -explicit-module-build -module-cache-path /tmp/MYR175-Classify-Baseline-Mac/Build/Intermediates.noindex/SwiftExplicitPrecompiledModules -clang-scanner-module-cache-path /tmp/MYR175-Classify-Baseline-Mac/ModuleCache.noindex -sdk-module-cache-path /tmp/MYR175-Classify-Baseline-Mac/ModuleCache.noindex -serialize-diagnostics -emit-dependencies -emit-module -emit-module-path /tmp/MYR175-Classify-Baseline-Mac/Build/Intermediates.noindex/MyRAM.build/Debug/MyRAMMac.build/Objects-normal/arm64/MyRAMMac.swiftmodule -validate-clang-modules-once -clang-build-session-file /tmp/MYR175-Classify-Baseline-Mac/ModuleCache.noindex/Session.modulevalidation -Xcc -I/tmp/MYR175-Classify-Baseline-Mac/Build/Intermediates.noindex/MyRAM.build/Debug/MyRAMMac.build/swift-overrides.hmap -emit-const-values -Xfrontend -const-gather-protocols-file -Xfrontend /tmp/MYR175-Classify-Baseline-Mac/Build/Intermediates.noindex/MyRAM.build/Debug/MyRAMMac.build/Objects-normal/arm64/MyRAMMac_const_extract_protocols.json -Xcc -iquote -Xcc /tmp/MYR175-Classify-Baseline-Mac/Build/Intermediates.noindex/MyRAM.build/Debug/MyRAMMac.build/MyRAMMac-generated-files.hmap -Xcc -I/tmp/MYR175-Classify-Baseline-Mac/Build/Intermediates.noindex/MyRAM.build/Debug/MyRAMMac.build/MyRAMMac-own-target-headers.hmap -Xcc -I/tmp/MYR175-Classify-Baseline-Mac/Build/Intermediates.noindex/MyRAM.build/Debug/MyRAMMac.build/MyRAMMac-all-non-framework-target-headers.hmap -Xcc -ivfsoverlay -Xcc /tmp/MYR175-Classify-Baseline-Mac/Build/Intermediates.noindex/MyRAM.build/Debug/MyRAM-98a9cbde253e8e955bc92731eb290203-VFS/all-product-headers.yaml -Xcc -iquote -Xcc /tmp/MYR175-Classify-Baseline-Mac/Build/Intermediates.noindex/MyRAM.build/Debug/MyRAMMac.build/MyRAMMac-project-headers.hmap -Xcc -I/tmp/MYR175-Classify-Baseline-Mac/Build/Products/Debug/include -Xcc -I/tmp/MYR175-Classify-Baseline-Mac/Build/Intermediates.noindex/MyRAM.build/Debug/MyRAMMac.build/DerivedSources-normal/arm64 -Xcc -I/tmp/MYR175-Classify-Baseline-Mac/Build/Intermediates.noindex/MyRAM.build/Debug/MyRAMMac.build/DerivedSources/arm64 -Xcc -I/tmp/MYR175-Classify-Baseline-Mac/Build/Intermediates.noindex/MyRAM.build/Debug/MyRAMMac.build/DerivedSources -Xcc -DDEBUG\=1 -emit-objc-header -emit-objc-header-path /tmp/MYR175-Classify-Baseline-Mac/Build/Intermediates.noindex/MyRAM.build/Debug/MyRAMMac.build/Objects-normal/arm64/MyRAMMac-Swift.h -working-directory /Users/runner/work/MyRAM-iOS/MyRAM-iOS/Baseline -experimental-emit-module-separately -disable-cmo

ConstructStubExecutorLinkFileList /tmp/MYR175-Classify-Baseline-Mac/Build/Intermediates.noindex/MyRAM.build/Debug/MyRAMMacWidgetExtension.build/MyRAMMacWidgetExtension-ExecutorLinkFileList-normal-arm64.txt (in target 'MyRAMMacWidgetExtension' from project 'MyRAM')
    cd /Users/runner/work/MyRAM-iOS/MyRAM-iOS/Baseline
    construct-stub-executor-link-file-list /tmp/MYR175-Classify-Baseline-Mac/Build/Products/Debug/MyRAMMacWidgetExtension.appex/Contents/MacOS/MyRAMMacWidgetExtension.debug.dylib /Applications/Xcode_26.5.app/Contents/Developer/Platforms/MacOSX.platform/Developer/usr/lib/libPreviewsJITStubExecutor_no_swift_entry_point.a /Applications/Xcode_26.5.app/Contents/Developer/Platforms/MacOSX.platform/Developer/usr/lib/libPreviewsJITStubExecutor.a --output /tmp/MYR175-Classify-Baseline-Mac/Build/Intermediates.noindex/MyRAM.build/Debug/MyRAMMacWidgetExtension.build/MyRAMMacWidgetExtension-ExecutorLinkFileList-normal-arm64.txt
note: Using stub executor library with Swift entry point. (in target 'MyRAMMacWidgetExtension' from project 'MyRAM')

Ld /tmp/MYR175-Classify-Baseline-Mac/Build/Products/Debug/MyRAMMacWidgetExtension.appex/Contents/MacOS/MyRAMMacWidgetExtension normal (in target 'MyRAMMacWidgetExtension' from project 'MyRAM')
    cd /Users/runner/work/MyRAM-iOS/MyRAM-iOS/Baseline
    /Applications/Xcode_26.5.app/Contents/Developer/Toolchains/XcodeDefault.xctoolchain/usr/bin/clang -Xlinker -reproducible -target arm64-apple-macos14.0 -isysroot /Applications/Xcode_26.5.app/Contents/Developer/Platforms/MacOSX.platform/Developer/SDKs/MacOSX26.5.sdk -O0 -L/tmp/MYR175-Classify-Baseline-Mac/Build/Products/Debug -F/tmp/MYR175-Classify-Baseline-Mac/Build/Products/Debug -Xlinker -rpath -Xlinker @executable_path -Xlinker -rpath -Xlinker @executable_path/../Frameworks -Xlinker -rpath -Xlinker @executable_path/../../../../Frameworks -rdynamic -Xlinker -no_deduplicate -e ___debug_blank_executor_main -Xlinker -sectcreate -Xlinker __TEXT -Xlinker __debug_dylib -Xlinker /tmp/MYR175-Classify-Baseline-Mac/Build/Intermediates.noindex/MyRAM.build/Debug/MyRAMMacWidgetExtension.build/MyRAMMacWidgetExtension-DebugDylibPath-normal-arm64.txt -Xlinker -sectcreate -Xlinker __TEXT -Xlinker __debug_entry -Xlinker /tmp/MYR175-Classify-Baseline-Mac/Build/Intermediates.noindex/MyRAM.build/Debug/MyRAMMacWidgetExtension.build/MyRAMMacWidgetExtension-DebugEntryPoint-normal-arm64.txt -Xlinker -sectcreate -Xlinker __TEXT -Xlinker __debug_instlnm -Xlinker /tmp/MYR175-Classify-Baseline-Mac/Build/Intermediates.noindex/MyRAM.build/Debug/MyRAMMacWidgetExtension.build/MyRAMMacWidgetExtension-DebugDylibInstallName-normal-arm64.txt -Xlinker -filelist -Xlinker /tmp/MYR175-Classify-Baseline-Mac/Build/Intermediates.noindex/MyRAM.build/Debug/MyRAMMacWidgetExtension.build/MyRAMMacWidgetExtension-ExecutorLinkFileList-normal-arm64.txt /tmp/MYR175-Classify-Baseline-Mac/Build/Products/Debug/MyRAMMacWidgetExtension.appex/Contents/MacOS/MyRAMMacWidgetExtension.debug.dylib -Xlinker -no_adhoc_codesign -o /tmp/MYR175-Classify-Baseline-Mac/Build/Products/Debug/MyRAMMacWidgetExtension.appex/Contents/MacOS/MyRAMMacWidgetExtension

ExtractAppIntentsMetadata (in target 'MyRAMMacWidgetExtension' from project 'MyRAM')
    cd /Users/runner/work/MyRAM-iOS/MyRAM-iOS/Baseline
    /Applications/Xcode_26.5.app/Contents/Developer/Toolchains/XcodeDefault.xctoolchain/usr/bin/appintentsmetadataprocessor --toolchain-dir /var/run/com.apple.security.cryptexd/mnt/com.apple.MobileAsset.MetalToolchain-v17.6.42.0.es00zl/Metal.xctoolchain --module-name MyRAMMacWidgetExtension --sdk-root /Applications/Xcode_26.5.app/Contents/Developer/Platforms/MacOSX.platform/Developer/SDKs/MacOSX26.5.sdk --xcode-version 17F42 --platform-family macOS --deployment-target 14.0 --bundle-identifier com.northsignalstudio.myram.mac.dev.widget --output /tmp/MYR175-Classify-Baseline-Mac/Build/Products/Debug/MyRAMMacWidgetExtension.appex/Contents/Resources --target-triple arm64-apple-macos14.0 --binary-file /tmp/MYR175-Classify-Baseline-Mac/Build/Products/Debug/MyRAMMacWidgetExtension.appex/Contents/MacOS/MyRAMMacWidgetExtension --dependency-file /tmp/MYR175-Classify-Baseline-Mac/Build/Intermediates.noindex/MyRAM.build/Debug/MyRAMMacWidgetExtension.build/Objects-normal/arm64/MyRAMMacWidgetExtension_dependency_info.dat --stringsdata-file /tmp/MYR175-Classify-Baseline-Mac/Build/Intermediates.noindex/MyRAM.build/Debug/MyRAMMacWidgetExtension.build/Objects-normal/arm64/ExtractedAppShortcutsMetadata.stringsdata --source-file-list /tmp/MYR175-Classify-Baseline-Mac/Build/Intermediates.noindex/MyRAM.build/Debug/MyRAMMacWidgetExtension.build/Objects-normal/arm64/MyRAMMacWidgetExtension.SwiftFileList --metadata-file-list /tmp/MYR175-Classify-Baseline-Mac/Build/Intermediates.noindex/MyRAM.build/Debug/MyRAMMacWidgetExtension.build/MyRAMMacWidgetExtension.DependencyMetadataFileList --static-metadata-file-list /tmp/MYR175-Classify-Baseline-Mac/Build/Intermediates.noindex/MyRAM.build/Debug/MyRAMMacWidgetExtension.build/MyRAMMacWidgetExtension.DependencyStaticMetadataFileList --swift-const-vals-list /tmp/MYR175-Classify-Baseline-Mac/Build/Intermediates.noindex/MyRAM.build/Debug/MyRAMMacWidgetExtension.build/Objects-normal/arm64/MyRAMMacWidgetExtension.SwiftConstValuesFileList --compile-time-extraction --deployment-aware-processing --validate-assistant-intents --no-app-shortcuts-localization
2026-08-04 15:32:13.500 appintentsmetadataprocessor[6006:21503] Starting appintentsmetadataprocessor export
2026-08-04 15:32:13.540 appintentsmetadataprocessor[6006:21503] Extracted no relevant App Intents symbols, skipping writing output

CodeSign /tmp/MYR175-Classify-Baseline-Mac/Build/Products/Debug/MyRAMMacWidgetExtension.appex/Contents/MacOS/MyRAMMacWidgetExtension.debug.dylib (in target 'MyRAMMacWidgetExtension' from project 'MyRAM')
    cd /Users/runner/work/MyRAM-iOS/MyRAM-iOS/Baseline
    
    Signing Identity:     "Sign to Run Locally"
    
    /usr/bin/codesign --force --sign - --timestamp\=none --generate-entitlement-der /tmp/MYR175-Classify-Baseline-Mac/Build/Products/Debug/MyRAMMacWidgetExtension.appex/Contents/MacOS/MyRAMMacWidgetExtension.debug.dylib

CodeSign /tmp/MYR175-Classify-Baseline-Mac/Build/Products/Debug/MyRAMMacWidgetExtension.appex/Contents/MacOS/__preview.dylib (in target 'MyRAMMacWidgetExtension' from project 'MyRAM')
    cd /Users/runner/work/MyRAM-iOS/MyRAM-iOS/Baseline
    
    Signing Identity:     "Sign to Run Locally"
    
    /usr/bin/codesign --force --sign - --timestamp\=none --generate-entitlement-der /tmp/MYR175-Classify-Baseline-Mac/Build/Products/Debug/MyRAMMacWidgetExtension.appex/Contents/MacOS/__preview.dylib

CodeSign /tmp/MYR175-Classify-Baseline-Mac/Build/Products/Debug/MyRAMMacWidgetExtension.appex (in target 'MyRAMMacWidgetExtension' from project 'MyRAM')
    cd /Users/runner/work/MyRAM-iOS/MyRAM-iOS/Baseline
    
    Signing Identity:     "Sign to Run Locally"
    
    /usr/bin/codesign --force --sign - --entitlements /tmp/MYR175-Classify-Baseline-Mac/Build/Intermediates.noindex/MyRAM.build/Debug/MyRAMMacWidgetExtension.build/MyRAMMacWidgetExtension.appex.xcent --timestamp\=none --generate-entitlement-der /tmp/MYR175-Classify-Baseline-Mac/Build/Products/Debug/MyRAMMacWidgetExtension.appex

RegisterExecutionPolicyException /tmp/MYR175-Classify-Baseline-Mac/Build/Products/Debug/MyRAMMacWidgetExtension.appex (in target 'MyRAMMacWidgetExtension' from project 'MyRAM')
    cd /Users/runner/work/MyRAM-iOS/MyRAM-iOS/Baseline
    builtin-RegisterExecutionPolicyException /tmp/MYR175-Classify-Baseline-Mac/Build/Products/Debug/MyRAMMacWidgetExtension.appex

Touch /tmp/MYR175-Classify-Baseline-Mac/Build/Products/Debug/MyRAMMacWidgetExtension.appex (in target 'MyRAMMacWidgetExtension' from project 'MyRAM')
    cd /Users/runner/work/MyRAM-iOS/MyRAM-iOS/Baseline
    /usr/bin/touch -c /tmp/MYR175-Classify-Baseline-Mac/Build/Products/Debug/MyRAMMacWidgetExtension.appex

Copy /tmp/MYR175-Classify-Baseline-Mac/Build/Products/Debug/MyRAMMac.app/Contents/Frameworks/libXCTestSwiftSupport.dylib /Applications/Xcode_26.5.app/Contents/Developer/Platforms/MacOSX.platform/Developer/usr/lib/libXCTestSwiftSupport.dylib (in target 'MyRAMMac' from project 'MyRAM')
    cd /Users/runner/work/MyRAM-iOS/MyRAM-iOS/Baseline
    builtin-copy -exclude .DS_Store -exclude CVS -exclude .svn -exclude .git -exclude .hg -exclude Headers -exclude PrivateHeaders -exclude Modules -exclude \*.tbd -resolve-src-symlinks /Applications/Xcode_26.5.app/Contents/Developer/Platforms/MacOSX.platform/Developer/usr/lib/libXCTestSwiftSupport.dylib /tmp/MYR175-Classify-Baseline-Mac/Build/Products/Debug/MyRAMMac.app/Contents/Frameworks

Ld /tmp/MYR175-Classify-Baseline-Mac/Build/Products/Debug/MyRAMMac.app/Contents/MacOS/__preview.dylib normal (in target 'MyRAMMac' from project 'MyRAM')
    cd /Users/runner/work/MyRAM-iOS/MyRAM-iOS/Baseline
    /Applications/Xcode_26.5.app/Contents/Developer/Toolchains/XcodeDefault.xctoolchain/usr/bin/clang -Xlinker -reproducible -target arm64-apple-macos14.0 -dynamiclib -isysroot /Applications/Xcode_26.5.app/Contents/Developer/Platforms/MacOSX.platform/Developer/SDKs/MacOSX26.5.sdk -O0 -L/tmp/MYR175-Classify-Baseline-Mac/Build/Products/Debug -F/tmp/MYR175-Classify-Baseline-Mac/Build/Products/Debug/PackageFrameworks -F/tmp/MYR175-Classify-Baseline-Mac/Build/Products/Debug/PackageFrameworks -F/tmp/MYR175-Classify-Baseline-Mac/Build/Products/Debug -install_name @rpath/MyRAMMac.debug.dylib -rdynamic -Xlinker -no_deduplicate -Xlinker -dependency_info -Xlinker /tmp/MYR175-Classify-Baseline-Mac/Build/Intermediates.noindex/MyRAM.build/Debug/MyRAMMac.build/Objects-normal/arm64/MyRAMMac_dependency_info.dat -Xlinker -no_adhoc_codesign -o /tmp/MYR175-Classify-Baseline-Mac/Build/Products/Debug/MyRAMMac.app/Contents/MacOS/__preview.dylib

Copy /tmp/MYR175-Classify-Baseline-Mac/Build/Products/Debug/MyRAMMac.app/Contents/Frameworks/libXCTestBundleInject.dylib /Applications/Xcode_26.5.app/Contents/Developer/Platforms/MacOSX.platform/Developer/usr/lib/libXCTestBundleInject.dylib (in target 'MyRAMMac' from project 'MyRAM')
    cd /Users/runner/work/MyRAM-iOS/MyRAM-iOS/Baseline
    builtin-copy -exclude .DS_Store -exclude CVS -exclude .svn -exclude .git -exclude .hg -exclude Headers -exclude PrivateHeaders -exclude Modules -exclude \*.tbd -resolve-src-symlinks /Applications/Xcode_26.5.app/Contents/Developer/Platforms/MacOSX.platform/Developer/usr/lib/libXCTestBundleInject.dylib /tmp/MYR175-Classify-Baseline-Mac/Build/Products/Debug/MyRAMMac.app/Contents/Frameworks

Copy /tmp/MYR175-Classify-Baseline-Mac/Build/Products/Debug/MyRAMMac.app/Contents/Frameworks/XCUnit.framework /Applications/Xcode_26.5.app/Contents/Developer/Platforms/MacOSX.platform/Developer/Library/PrivateFrameworks/XCUnit.framework (in target 'MyRAMMac' from project 'MyRAM')
    cd /Users/runner/work/MyRAM-iOS/MyRAM-iOS/Baseline
    builtin-copy -exclude .DS_Store -exclude CVS -exclude .svn -exclude .git -exclude .hg -exclude Headers -exclude PrivateHeaders -exclude Modules -exclude \*.tbd -resolve-src-symlinks /Applications/Xcode_26.5.app/Contents/Developer/Platforms/MacOSX.platform/Developer/Library/PrivateFrameworks/XCUnit.framework /tmp/MYR175-Classify-Baseline-Mac/Build/Products/Debug/MyRAMMac.app/Contents/Frameworks

Copy /tmp/MYR175-Classify-Baseline-Mac/Build/Products/Debug/MyRAMMac.app/Contents/Frameworks/XCUIAutomation.framework /Applications/Xcode_26.5.app/Contents/Developer/Platforms/MacOSX.platform/Developer/Library/Frameworks/XCUIAutomation.framework (in target 'MyRAMMac' from project 'MyRAM')
    cd /Users/runner/work/MyRAM-iOS/MyRAM-iOS/Baseline
    builtin-copy -exclude .DS_Store -exclude CVS -exclude .svn -exclude .git -exclude .hg -exclude Headers -exclude PrivateHeaders -exclude Modules -exclude \*.tbd -resolve-src-symlinks /Applications/Xcode_26.5.app/Contents/Developer/Platforms/MacOSX.platform/Developer/Library/Frameworks/XCUIAutomation.framework /tmp/MYR175-Classify-Baseline-Mac/Build/Products/Debug/MyRAMMac.app/Contents/Frameworks

Copy /tmp/MYR175-Classify-Baseline-Mac/Build/Products/Debug/MyRAMMac.app/Contents/Frameworks/XCTestSupport.framework /Applications/Xcode_26.5.app/Contents/Developer/Platforms/MacOSX.platform/Developer/Library/PrivateFrameworks/XCTestSupport.framework (in target 'MyRAMMac' from project 'MyRAM')
    cd /Users/runner/work/MyRAM-iOS/MyRAM-iOS/Baseline
    builtin-copy -exclude .DS_Store -exclude CVS -exclude .svn -exclude .git -exclude .hg -exclude Headers -exclude PrivateHeaders -exclude Modules -exclude \*.tbd -resolve-src-symlinks /Applications/Xcode_26.5.app/Contents/Developer/Platforms/MacOSX.platform/Developer/Library/PrivateFrameworks/XCTestSupport.framework /tmp/MYR175-Classify-Baseline-Mac/Build/Products/Debug/MyRAMMac.app/Contents/Frameworks

Copy /tmp/MYR175-Classify-Baseline-Mac/Build/Products/Debug/MyRAMMac.app/Contents/Frameworks/XCTestCore.framework /Applications/Xcode_26.5.app/Contents/Developer/Platforms/MacOSX.platform/Developer/Library/PrivateFrameworks/XCTestCore.framework (in target 'MyRAMMac' from project 'MyRAM')
    cd /Users/runner/work/MyRAM-iOS/MyRAM-iOS/Baseline
    builtin-copy -exclude .DS_Store -exclude CVS -exclude .svn -exclude .git -exclude .hg -exclude Headers -exclude PrivateHeaders -exclude Modules -exclude \*.tbd -resolve-src-symlinks /Applications/Xcode_26.5.app/Contents/Developer/Platforms/MacOSX.platform/Developer/Library/PrivateFrameworks/XCTestCore.framework /tmp/MYR175-Classify-Baseline-Mac/Build/Products/Debug/MyRAMMac.app/Contents/Frameworks

Copy /tmp/MYR175-Classify-Baseline-Mac/Build/Products/Debug/MyRAMMac.app/Contents/Frameworks/XCTest.framework /Applications/Xcode_26.5.app/Contents/Developer/Platforms/MacOSX.platform/Developer/Library/Frameworks/XCTest.framework (in target 'MyRAMMac' from project 'MyRAM')
    cd /Users/runner/work/MyRAM-iOS/MyRAM-iOS/Baseline
    builtin-copy -exclude .DS_Store -exclude CVS -exclude .svn -exclude .git -exclude .hg -exclude Headers -exclude PrivateHeaders -exclude Modules -exclude \*.tbd -resolve-src-symlinks /Applications/Xcode_26.5.app/Contents/Developer/Platforms/MacOSX.platform/Developer/Library/Frameworks/XCTest.framework /tmp/MYR175-Classify-Baseline-Mac/Build/Products/Debug/MyRAMMac.app/Contents/Frameworks

Copy /tmp/MYR175-Classify-Baseline-Mac/Build/Products/Debug/MyRAMMac.app/Contents/Frameworks/XCTAutomationSupport.framework /Applications/Xcode_26.5.app/Contents/Developer/Platforms/MacOSX.platform/Developer/Library/PrivateFrameworks/XCTAutomationSupport.framework (in target 'MyRAMMac' from project 'MyRAM')
    cd /Users/runner/work/MyRAM-iOS/MyRAM-iOS/Baseline
    builtin-copy -exclude .DS_Store -exclude CVS -exclude .svn -exclude .git -exclude .hg -exclude Headers -exclude PrivateHeaders -exclude Modules -exclude \*.tbd -resolve-src-symlinks /Applications/Xcode_26.5.app/Contents/Developer/Platforms/MacOSX.platform/Developer/Library/PrivateFrameworks/XCTAutomationSupport.framework /tmp/MYR175-Classify-Baseline-Mac/Build/Products/Debug/MyRAMMac.app/Contents/Frameworks

Copy /tmp/MYR175-Classify-Baseline-Mac/Build/Products/Debug/MyRAMMac.app/Contents/Frameworks/Testing.framework /Applications/Xcode_26.5.app/Contents/Developer/Platforms/MacOSX.platform/Developer/Library/Frameworks/Testing.framework (in target 'MyRAMMac' from project 'MyRAM')
    cd /Users/runner/work/MyRAM-iOS/MyRAM-iOS/Baseline
    builtin-copy -exclude .DS_Store -exclude CVS -exclude .svn -exclude .git -exclude .hg -exclude Headers -exclude PrivateHeaders -exclude Modules -exclude \*.tbd -resolve-src-symlinks /Applications/Xcode_26.5.app/Contents/Developer/Platforms/MacOSX.platform/Developer/Library/Frameworks/Testing.framework /tmp/MYR175-Classify-Baseline-Mac/Build/Products/Debug/MyRAMMac.app/Contents/Frameworks

Copy /tmp/MYR175-Classify-Baseline-Mac/Build/Products/Debug/MyRAMMac.app/Contents/Frameworks/AnchoredSequenceCore_-65B9EEE52AB2106_PackageProduct.framework /tmp/MYR175-Classify-Baseline-Mac/Build/Products/Debug/PackageFrameworks/AnchoredSequenceCore_-65B9EEE52AB2106_PackageProduct.framework (in target 'MyRAMMac' from project 'MyRAM')
    cd /Users/runner/work/MyRAM-iOS/MyRAM-iOS/Baseline
    builtin-copy -exclude .DS_Store -exclude CVS -exclude .svn -exclude .git -exclude .hg -resolve-src-symlinks -remove-static-executable /tmp/MYR175-Classify-Baseline-Mac/Build/Products/Debug/PackageFrameworks/AnchoredSequenceCore_-65B9EEE52AB2106_PackageProduct.framework /tmp/MYR175-Classify-Baseline-Mac/Build/Products/Debug/MyRAMMac.app/Contents/Frameworks

CodeSign /tmp/MYR175-Classify-Baseline-Mac/Build/Products/Debug/MyRAMMac.app/Contents/Frameworks/libXCTestSwiftSupport.dylib (in target 'MyRAMMac' from project 'MyRAM')
    cd /Users/runner/work/MyRAM-iOS/MyRAM-iOS/Baseline
    
    Signing Identity:     "Sign to Run Locally"
    
    /usr/bin/codesign --force --sign - --timestamp\=none --preserve-metadata\=identifier,entitlements,flags --generate-entitlement-der /tmp/MYR175-Classify-Baseline-Mac/Build/Products/Debug/MyRAMMac.app/Contents/Frameworks/libXCTestSwiftSupport.dylib
/tmp/MYR175-Classify-Baseline-Mac/Build/Products/Debug/MyRAMMac.app/Contents/Frameworks/libXCTestSwiftSupport.dylib: replacing existing signature

CodeSign /tmp/MYR175-Classify-Baseline-Mac/Build/Products/Debug/MyRAMMac.app/Contents/Frameworks/libXCTestBundleInject.dylib (in target 'MyRAMMac' from project 'MyRAM')
    cd /Users/runner/work/MyRAM-iOS/MyRAM-iOS/Baseline
    
    Signing Identity:     "Sign to Run Locally"
    
    /usr/bin/codesign --force --sign - --timestamp\=none --preserve-metadata\=identifier,entitlements,flags --generate-entitlement-der /tmp/MYR175-Classify-Baseline-Mac/Build/Products/Debug/MyRAMMac.app/Contents/Frameworks/libXCTestBundleInject.dylib
/tmp/MYR175-Classify-Baseline-Mac/Build/Products/Debug/MyRAMMac.app/Contents/Frameworks/libXCTestBundleInject.dylib: replacing existing signature

CodeSign /tmp/MYR175-Classify-Baseline-Mac/Build/Products/Debug/MyRAMMac.app/Contents/Frameworks/XCUnit.framework (in target 'MyRAMMac' from project 'MyRAM')
    cd /Users/runner/work/MyRAM-iOS/MyRAM-iOS/Baseline
    
    Signing Identity:     "Sign to Run Locally"
    
    /usr/bin/codesign --force --sign - --timestamp\=none --preserve-metadata\=identifier,entitlements,flags --generate-entitlement-der /tmp/MYR175-Classify-Baseline-Mac/Build/Products/Debug/MyRAMMac.app/Contents/Frameworks/XCUnit.framework
/tmp/MYR175-Classify-Baseline-Mac/Build/Products/Debug/MyRAMMac.app/Contents/Frameworks/XCUnit.framework: replacing existing signature

CodeSign /tmp/MYR175-Classify-Baseline-Mac/Build/Products/Debug/MyRAMMac.app/Contents/Frameworks/XCUIAutomation.framework (in target 'MyRAMMac' from project 'MyRAM')
    cd /Users/runner/work/MyRAM-iOS/MyRAM-iOS/Baseline
    
    Signing Identity:     "Sign to Run Locally"
    
    /usr/bin/codesign --force --sign - --timestamp\=none --preserve-metadata\=identifier,entitlements,flags --generate-entitlement-der /tmp/MYR175-Classify-Baseline-Mac/Build/Products/Debug/MyRAMMac.app/Contents/Frameworks/XCUIAutomation.framework
/tmp/MYR175-Classify-Baseline-Mac/Build/Products/Debug/MyRAMMac.app/Contents/Frameworks/XCUIAutomation.framework: replacing existing signature

CodeSign /tmp/MYR175-Classify-Baseline-Mac/Build/Products/Debug/MyRAMMac.app/Contents/Frameworks/XCTestSupport.framework (in target 'MyRAMMac' from project 'MyRAM')
    cd /Users/runner/work/MyRAM-iOS/MyRAM-iOS/Baseline
    
    Signing Identity:     "Sign to Run Locally"
    
    /usr/bin/codesign --force --sign - --timestamp\=none --preserve-metadata\=identifier,entitlements,flags --generate-entitlement-der /tmp/MYR175-Classify-Baseline-Mac/Build/Products/Debug/MyRAMMac.app/Contents/Frameworks/XCTestSupport.framework
/tmp/MYR175-Classify-Baseline-Mac/Build/Products/Debug/MyRAMMac.app/Contents/Frameworks/XCTestSupport.framework: replacing existing signature

CodeSign /tmp/MYR175-Classify-Baseline-Mac/Build/Products/Debug/MyRAMMac.app/Contents/Frameworks/XCTestCore.framework (in target 'MyRAMMac' from project 'MyRAM')
    cd /Users/runner/work/MyRAM-iOS/MyRAM-iOS/Baseline
    
    Signing Identity:     "Sign to Run Locally"
    
    /usr/bin/codesign --force --sign - --timestamp\=none --preserve-metadata\=identifier,entitlements,flags --generate-entitlement-der /tmp/MYR175-Classify-Baseline-Mac/Build/Products/Debug/MyRAMMac.app/Contents/Frameworks/XCTestCore.framework
/tmp/MYR175-Classify-Baseline-Mac/Build/Products/Debug/MyRAMMac.app/Contents/Frameworks/XCTestCore.framework: replacing existing signature

CodeSign /tmp/MYR175-Classify-Baseline-Mac/Build/Products/Debug/MyRAMMac.app/Contents/Frameworks/XCTest.framework (in target 'MyRAMMac' from project 'MyRAM')
    cd /Users/runner/work/MyRAM-iOS/MyRAM-iOS/Baseline
    
    Signing Identity:     "Sign to Run Locally"
    
    /usr/bin/codesign --force --sign - --timestamp\=none --preserve-metadata\=identifier,entitlements,flags --generate-entitlement-der /tmp/MYR175-Classify-Baseline-Mac/Build/Products/Debug/MyRAMMac.app/Contents/Frameworks/XCTest.framework
/tmp/MYR175-Classify-Baseline-Mac/Build/Products/Debug/MyRAMMac.app/Contents/Frameworks/XCTest.framework: replacing existing signature

CodeSign /tmp/MYR175-Classify-Baseline-Mac/Build/Products/Debug/MyRAMMac.app/Contents/Frameworks/XCTAutomationSupport.framework (in target 'MyRAMMac' from project 'MyRAM')
    cd /Users/runner/work/MyRAM-iOS/MyRAM-iOS/Baseline
    
    Signing Identity:     "Sign to Run Locally"
    
    /usr/bin/codesign --force --sign - --timestamp\=none --preserve-metadata\=identifier,entitlements,flags --generate-entitlement-der /tmp/MYR175-Classify-Baseline-Mac/Build/Products/Debug/MyRAMMac.app/Contents/Frameworks/XCTAutomationSupport.framework
/tmp/MYR175-Classify-Baseline-Mac/Build/Products/Debug/MyRAMMac.app/Contents/Frameworks/XCTAutomationSupport.framework: replacing existing signature

CodeSign /tmp/MYR175-Classify-Baseline-Mac/Build/Products/Debug/MyRAMMac.app/Contents/Frameworks/Testing.framework (in target 'MyRAMMac' from project 'MyRAM')
    cd /Users/runner/work/MyRAM-iOS/MyRAM-iOS/Baseline
    
    Signing Identity:     "Sign to Run Locally"
    
    /usr/bin/codesign --force --sign - --timestamp\=none --preserve-metadata\=identifier,entitlements,flags --generate-entitlement-der /tmp/MYR175-Classify-Baseline-Mac/Build/Products/Debug/MyRAMMac.app/Contents/Frameworks/Testing.framework
/tmp/MYR175-Classify-Baseline-Mac/Build/Products/Debug/MyRAMMac.app/Contents/Frameworks/Testing.framework: replacing existing signature

CodeSign /tmp/MYR175-Classify-Baseline-Mac/Build/Products/Debug/MyRAMMac.app/Contents/Frameworks/AnchoredSequenceCore_-65B9EEE52AB2106_PackageProduct.framework/Versions/A (in target 'MyRAMMac' from project 'MyRAM')
    cd /Users/runner/work/MyRAM-iOS/MyRAM-iOS/Baseline
    
    Signing Identity:     "Sign to Run Locally"
    
    /usr/bin/codesign --force --sign - --timestamp\=none --preserve-metadata\=identifier,entitlements,flags --generate-entitlement-der /tmp/MYR175-Classify-Baseline-Mac/Build/Products/Debug/MyRAMMac.app/Contents/Frameworks/AnchoredSequenceCore_-65B9EEE52AB2106_PackageProduct.framework/Versions/A
/tmp/MYR175-Classify-Baseline-Mac/Build/Products/Debug/MyRAMMac.app/Contents/Frameworks/AnchoredSequenceCore_-65B9EEE52AB2106_PackageProduct.framework/Versions/A: replacing existing signature

SwiftExplicitDependencyGeneratePcm arm64 /tmp/MYR175-Classify-Baseline-Mac/ModuleCache.noindex/_Builtin_float-D34EPOPR3D0XKIPGAC2QI4M6V.pcm

SwiftExplicitDependencyGeneratePcm arm64 /tmp/MYR175-Classify-Baseline-Mac/ModuleCache.noindex/_Builtin_stdarg-AHH2X5PIQ0OAAGZ2RRF9CRB77.pcm

SwiftExplicitDependencyGeneratePcm arm64 /tmp/MYR175-Classify-Baseline-Mac/ModuleCache.noindex/_Builtin_stddef-7QYATM5WSE7KKMIU67PTO3R6J.pcm

SwiftExplicitDependencyGeneratePcm arm64 /tmp/MYR175-Classify-Baseline-Mac/ModuleCache.noindex/_SwiftConcurrencyShims-9LV39JOPWNE9TJ5BVE57UXCLU.pcm

SwiftExplicitDependencyGeneratePcm arm64 /tmp/MYR175-Classify-Baseline-Mac/ModuleCache.noindex/ptrauth-7TAIMRZBDNFOUQQW5UP76O6QB.pcm

SwiftExplicitDependencyGeneratePcm arm64 /tmp/MYR175-Classify-Baseline-Mac/ModuleCache.noindex/ActivityKit-9UX67OWA6073405GXDKV8IQ9F.pcm

SwiftExplicitDependencyGeneratePcm arm64 /tmp/MYR175-Classify-Baseline-Mac/ModuleCache.noindex/SwiftShims-4XGTOBMXMBU2OMJQDMBL1PM2S.pcm

SwiftExplicitDependencyGeneratePcm arm64 /tmp/MYR175-Classify-Baseline-Mac/ModuleCache.noindex/_AvailabilityInternal-27L1PPTQJJFAW74KCJAQRQ5DG.pcm

SwiftExplicitDependencyGeneratePcm arm64 /tmp/MYR175-Classify-Baseline-Mac/ModuleCache.noindex/_Builtin_stdbool-5P7O169MUEOHJJ5J7MG596RM1.pcm

SwiftExplicitDependencyGeneratePcm arm64 /tmp/MYR175-Classify-Baseline-Mac/ModuleCache.noindex/ptrcheck-AQLLLY748XDK1TJCKG8G9UF52.pcm

SwiftExplicitDependencyGeneratePcm arm64 /tmp/MYR175-Classify-Baseline-Mac/ModuleCache.noindex/DeveloperToolsSupport-1SW6ED86QQYQO013AHYQEIAH2.pcm

SwiftExplicitDependencyGeneratePcm arm64 /tmp/MYR175-Classify-Baseline-Mac/ModuleCache.noindex/_DarwinFoundation1-DHUNG3WW86BB8H0MRWSLJWPKJ.pcm

SwiftExplicitDependencyGeneratePcm arm64 /tmp/MYR175-Classify-Baseline-Mac/ModuleCache.noindex/_Builtin_limits-1PGRNTMN67WAF73937E6KWHND.pcm

SwiftExplicitDependencyGeneratePcm arm64 /tmp/MYR175-Classify-Baseline-Mac/ModuleCache.noindex/ExtensionFoundation-6EA2ZIRXUM5VRI52Z3CWX2SNZ.pcm

SwiftExplicitDependencyGeneratePcm arm64 /tmp/MYR175-Classify-Baseline-Mac/ModuleCache.noindex/_DarwinFoundation2-A8RDYOQ0T6PLQTCWP0WRL67O.pcm

SwiftExplicitDependencyGeneratePcm arm64 /tmp/MYR175-Classify-Baseline-Mac/ModuleCache.noindex/sys_types-9NZLLCINFJ0YNXOY0Z98O6RW4.pcm

SwiftExplicitDependencyGeneratePcm arm64 /tmp/MYR175-Classify-Baseline-Mac/ModuleCache.noindex/_Builtin_stdint-6ENKFYFO3NVRNTMKJ0F30UF7A.pcm

SwiftExplicitDependencyGeneratePcm arm64 /tmp/MYR175-Classify-Baseline-Mac/ModuleCache.noindex/_Builtin_tgmath-B4Q9V5DCJEZ8ZM393LAJRXQKE.pcm

SwiftExplicitDependencyGeneratePcm arm64 /tmp/MYR175-Classify-Baseline-Mac/ModuleCache.noindex/_DarwinFoundation3-76NFRR6ZKRR0EPN9AH520RP9F.pcm

SwiftExplicitDependencyGeneratePcm arm64 /tmp/MYR175-Classify-Baseline-Mac/ModuleCache.noindex/_Builtin_intrinsics-C2V3P4NDRPWZFVC74ICUL6JQI.pcm

SwiftExplicitDependencyGeneratePcm arm64 /tmp/MYR175-Classify-Baseline-Mac/ModuleCache.noindex/OpenGL-CMMT4MSCE91GVDDVIC0PW3JXZ.pcm

SwiftExplicitDependencyGeneratePcm arm64 /tmp/MYR175-Classify-Baseline-Mac/ModuleCache.noindex/_Builtin_inttypes-E79ZJAGKON82H6C5YXFMIK3MH.pcm

SwiftExplicitDependencyGeneratePcm arm64 /tmp/MYR175-Classify-Baseline-Mac/ModuleCache.noindex/libDER-CEUVPHBSJV4FZJYL7VAB856CC.pcm

SwiftExplicitDependencyGeneratePcm arm64 /tmp/MYR175-Classify-Baseline-Mac/ModuleCache.noindex/simd-50SYCIDOEGS46XD39M40HT7HV.pcm

SwiftExplicitDependencyGeneratePcm arm64 /tmp/MYR175-Classify-Baseline-Mac/ModuleCache.noindex/Darwin-2EXEB7S5OT3SBB4QV1IIE6JFO.pcm

SwiftExplicitDependencyGeneratePcm arm64 /tmp/MYR175-Classify-Baseline-Mac/ModuleCache.noindex/_Builtin_stdatomic-EU865ASPC8B3YZYSPKNWCUIJU.pcm

SwiftExplicitDependencyGeneratePcm arm64 /tmp/MYR175-Classify-Baseline-Mac/ModuleCache.noindex/Spatial-5W5KXDWI3E1UM51QIVX2IZ6QZ.pcm

SwiftExplicitDependencyGeneratePcm arm64 /tmp/MYR175-Classify-Baseline-Mac/ModuleCache.noindex/CUPS-3HRVGTT58F8EXP6Z76YVY62H9.pcm

SwiftExplicitDependencyGeneratePcm arm64 /tmp/MYR175-Classify-Baseline-Mac/ModuleCache.noindex/libkern-B3CH2WJKTDL5HSZBHOYE2I6ML.pcm

SwiftExplicitDependencyGeneratePcm arm64 /tmp/MYR175-Classify-Baseline-Mac/ModuleCache.noindex/MachO-1NC5VB2T8GNC1UO9ZFLT9S9N8.pcm

SwiftExplicitDependencyGeneratePcm arm64 /tmp/MYR175-Classify-Baseline-Mac/ModuleCache.noindex/launch-6V50DLLE0TVQMHJVVBD6CYCV5.pcm

SwiftExplicitDependencyGeneratePcm arm64 /tmp/MYR175-Classify-Baseline-Mac/ModuleCache.noindex/ObjectiveC-7TICEUXYKS73A91F0XPQ2NPDD.pcm

SwiftExplicitDependencyGeneratePcm arm64 /tmp/MYR175-Classify-Baseline-Mac/ModuleCache.noindex/os_object-DPJ6XK4RY4IIN0AEVJO8JO81F.pcm

SwiftExplicitDependencyGeneratePcm arm64 /tmp/MYR175-Classify-Baseline-Mac/ModuleCache.noindex/os_workgroup-DIIB13ZFA87EI598BWM34FLP2.pcm

SwiftExplicitDependencyGeneratePcm arm64 /tmp/MYR175-Classify-Baseline-Mac/ModuleCache.noindex/Dispatch-1SKVXT2LRUZFHYJ2YASBTFK0H.pcm

SwiftExplicitDependencyGeneratePcm arm64 /tmp/MYR175-Classify-Baseline-Mac/ModuleCache.noindex/CoreFoundation-BOVX1V1OVCKNW96NJR3G12H1L.pcm

SwiftExplicitDependencyGeneratePcm arm64 /tmp/MYR175-Classify-Baseline-Mac/ModuleCache.noindex/dnssd-6KL0TLIEWBSNFNH4SUBDCA0H5.pcm

SwiftExplicitDependencyGeneratePcm arm64 /tmp/MYR175-Classify-Baseline-Mac/ModuleCache.noindex/XPC-D4BLH7W0J1V92VS83CHW5KYUD.pcm

LinkAssetCatalog /Users/runner/work/MyRAM-iOS/MyRAM-iOS/Baseline/MyRAM/Assets.xcassets (in target 'MyRAMMac' from project 'MyRAM')
    cd /Users/runner/work/MyRAM-iOS/MyRAM-iOS/Baseline
    builtin-linkAssetCatalog --thinned /tmp/MYR175-Classify-Baseline-Mac/Build/Intermediates.noindex/MyRAM.build/Debug/MyRAMMac.build/assetcatalog_output/thinned --thinned-dependencies /tmp/MYR175-Classify-Baseline-Mac/Build/Intermediates.noindex/MyRAM.build/Debug/MyRAMMac.build/assetcatalog_dependencies_thinned --thinned-info-plist-content /tmp/MYR175-Classify-Baseline-Mac/Build/Intermediates.noindex/MyRAM.build/Debug/MyRAMMac.build/assetcatalog_generated_info.plist_thinned --unthinned /tmp/MYR175-Classify-Baseline-Mac/Build/Intermediates.noindex/MyRAM.build/Debug/MyRAMMac.build/assetcatalog_output/unthinned --unthinned-dependencies /tmp/MYR175-Classify-Baseline-Mac/Build/Intermediates.noindex/MyRAM.build/Debug/MyRAMMac.build/assetcatalog_dependencies_unthinned --unthinned-info-plist-content /tmp/MYR175-Classify-Baseline-Mac/Build/Intermediates.noindex/MyRAM.build/Debug/MyRAMMac.build/assetcatalog_generated_info.plist_unthinned --output /tmp/MYR175-Classify-Baseline-Mac/Build/Products/Debug/MyRAMMac.app/Contents/Resources --plist-output /tmp/MYR175-Classify-Baseline-Mac/Build/Intermediates.noindex/MyRAM.build/Debug/MyRAMMac.build/assetcatalog_generated_info.plist
note: Emplaced /tmp/MYR175-Classify-Baseline-Mac/Build/Products/Debug/MyRAMMac.app/Contents/Resources/Assets.car (in target 'MyRAMMac' from project 'MyRAM')
note: Emplaced /tmp/MYR175-Classify-Baseline-Mac/Build/Products/Debug/MyRAMMac.app/Contents/Resources/AppIcon.icns (in target 'MyRAMMac' from project 'MyRAM')

SwiftExplicitDependencyGeneratePcm arm64 /tmp/MYR175-Classify-Baseline-Mac/ModuleCache.noindex/CFNetwork-3EZCB3S3OB99BU7SW25D30QGZ.pcm

SwiftExplicitDependencyGeneratePcm arm64 /tmp/MYR175-Classify-Baseline-Mac/ModuleCache.noindex/ColorSync-CTJ4CZIWPYRHEYBJ3NYYSUN9I.pcm

SwiftExplicitDependencyGeneratePcm arm64 /tmp/MYR175-Classify-Baseline-Mac/ModuleCache.noindex/IOKit-40D9FO1LJTUTFX3G14QYO1MY8.pcm

SwiftExplicitDependencyGeneratePcm arm64 /tmp/MYR175-Classify-Baseline-Mac/ModuleCache.noindex/Security-3HPYTHRZT9NOF05ZJQ7YZUWGR.pcm

SwiftExplicitDependencyGeneratePcm arm64 /tmp/MYR175-Classify-Baseline-Mac/ModuleCache.noindex/os-9IA212N41K68RVSZ8Y7Q2LO1L.pcm

SwiftExplicitDependencyGeneratePcm arm64 /tmp/MYR175-Classify-Baseline-Mac/ModuleCache.noindex/DiskArbitration-E7I390EHTFJ71LEXZWXVYSUJ7.pcm

SwiftExplicitDependencyGeneratePcm arm64 /tmp/MYR175-Classify-Baseline-Mac/ModuleCache.noindex/CoreGraphics-BURG96UMU5OKSPDM6QV3YMFD8.pcm

SwiftExplicitDependencyGeneratePcm arm64 /tmp/MYR175-Classify-Baseline-Mac/ModuleCache.noindex/CoreServices-BX4OODOJTD19K3HGD2TD6A9YN.pcm

SwiftExplicitDependencyGeneratePcm arm64 /tmp/MYR175-Classify-Baseline-Mac/ModuleCache.noindex/ImageIO-AA0FQMB9Y4PA96FYHH6SO65YH.pcm

SwiftExplicitDependencyGeneratePcm arm64 /tmp/MYR175-Classify-Baseline-Mac/ModuleCache.noindex/CoreText-4NC6ON6GLUVEYX1KAGTXHUFVF.pcm

SwiftExplicitDependencyGeneratePcm arm64 /tmp/MYR175-Classify-Baseline-Mac/ModuleCache.noindex/Foundation-BENZSQ4TQGPAQMNQ45RNWRHU9.pcm

SwiftExplicitDependencyGeneratePcm arm64 /tmp/MYR175-Classify-Baseline-Mac/ModuleCache.noindex/LocalAuthentication-DQFMRVZS3A6BAD5C2F53WP8EN.pcm

SwiftExplicitDependencyGeneratePcm arm64 /tmp/MYR175-Classify-Baseline-Mac/ModuleCache.noindex/IOSurface-49127M7VX8IDHEQVAYAYJYUQA.pcm

SwiftExplicitDependencyGeneratePcm arm64 /tmp/MYR175-Classify-Baseline-Mac/ModuleCache.noindex/Symbols-5DDZR13MB4M6U3VFX3VPJTUVS.pcm

SwiftExplicitDependencyGeneratePcm arm64 /tmp/MYR175-Classify-Baseline-Mac/ModuleCache.noindex/UserNotifications-S13OK23PBA8C9A76FWB3961F.pcm

SwiftExplicitDependencyGeneratePcm arm64 /tmp/MYR175-Classify-Baseline-Mac/ModuleCache.noindex/AppIntents-697TBLAECV3ZR5IM6CTONN1WJ.pcm

SwiftExplicitDependencyGeneratePcm arm64 /tmp/MYR175-Classify-Baseline-Mac/ModuleCache.noindex/Metal-46C99446Q4QH9O7VQUVO1RKME.pcm

SwiftExplicitDependencyGeneratePcm arm64 /tmp/MYR175-Classify-Baseline-Mac/ModuleCache.noindex/Accessibility-DJS9LPRK2NUMRCMI2SADKKYW2.pcm

SwiftExplicitDependencyGeneratePcm arm64 /tmp/MYR175-Classify-Baseline-Mac/ModuleCache.noindex/_LocationEssentials-EC8LERHSDV1DGHQI238INPCB.pcm

SwiftExplicitDependencyGeneratePcm arm64 /tmp/MYR175-Classify-Baseline-Mac/ModuleCache.noindex/UniformTypeIdentifiers-9S82DEL0TUSFC2E86GLF3U6N8.pcm

SwiftExplicitDependencyGeneratePcm arm64 /tmp/MYR175-Classify-Baseline-Mac/ModuleCache.noindex/CoreData-7OEJ7S5704XRL7Q86JQ7NR384.pcm

SwiftExplicitDependencyGeneratePcm arm64 /tmp/MYR175-Classify-Baseline-Mac/ModuleCache.noindex/RelevanceKit-9GXYFM5MCVN8LEEC44IXGVP3U.pcm

SwiftExplicitDependencyGeneratePcm arm64 /tmp/MYR175-Classify-Baseline-Mac/ModuleCache.noindex/CoreSpotlight-2RZ07E9646CVQAF5ZVAR6WHYX.pcm

SwiftExplicitDependencyGeneratePcm arm64 /tmp/MYR175-Classify-Baseline-Mac/ModuleCache.noindex/CoreTransferable-1X1M92W1PTLFRIVIYSMEWU4GI.pcm

SwiftExplicitDependencyGeneratePcm arm64 /tmp/MYR175-Classify-Baseline-Mac/ModuleCache.noindex/ApplicationServices-EP5HVARU9GUX6D1G4RW5OCBOG.pcm

SwiftExplicitDependencyGeneratePcm arm64 /tmp/MYR175-Classify-Baseline-Mac/ModuleCache.noindex/WidgetKit-3IOCWQ8JV0QZO86EGKEM1JS89.pcm

SwiftExplicitDependencyGeneratePcm arm64 /tmp/MYR175-Classify-Baseline-Mac/ModuleCache.noindex/DataDetection-CAVPRITAEF8X7YCMOPMNK7JZD.pcm

SwiftExplicitDependencyGeneratePcm arm64 /tmp/MYR175-Classify-Baseline-Mac/ModuleCache.noindex/OSLog-E2X5ZFA3WSXN9C4X0YLZP71AQ.pcm

SwiftExplicitDependencyGeneratePcm arm64 /tmp/MYR175-Classify-Baseline-Mac/ModuleCache.noindex/Network-BVFN0D5GF8XW39W6AFVDV6O5A.pcm

SwiftExplicitDependencyGeneratePcm arm64 /tmp/MYR175-Classify-Baseline-Mac/ModuleCache.noindex/CoreLocation-UMIYD81XRQJZD8MA5YB7XMA6.pcm

SwiftExplicitDependencyGeneratePcm arm64 /tmp/MYR175-Classify-Baseline-Mac/ModuleCache.noindex/CoreVideo-9PPXV1CWAH6TUB2URL3KUT70K.pcm

SwiftExplicitDependencyGeneratePcm arm64 /tmp/MYR175-Classify-Baseline-Mac/ModuleCache.noindex/Intents-1W3GIUAMP7SI23DH6P97BTNP.pcm

SwiftExplicitDependencyGeneratePcm arm64 /tmp/MYR175-Classify-Baseline-Mac/ModuleCache.noindex/QuartzCore-38VIREDSHWRWUT250O9FX2K1T.pcm

SwiftExplicitDependencyGeneratePcm arm64 /tmp/MYR175-Classify-Baseline-Mac/ModuleCache.noindex/CoreImage-2DAZUP5OBP87GB9NDL7QWSZX2.pcm

SwiftExplicitDependencyGeneratePcm arm64 /tmp/MYR175-Classify-Baseline-Mac/ModuleCache.noindex/SwiftUICore-E5G3DPHMK69XPF0U16DB7L6W1.pcm

SwiftExplicitDependencyGeneratePcm arm64 /tmp/MYR175-Classify-Baseline-Mac/ModuleCache.noindex/AppKit-EPXV994WF6OWN9LIV63X2TGID.pcm

SwiftExplicitDependencyGeneratePcm arm64 /tmp/MYR175-Classify-Baseline-Mac/ModuleCache.noindex/Cocoa-5JCVQLOB709KKL0YW25C7KNS7.pcm

SwiftExplicitDependencyGeneratePcm arm64 /tmp/MYR175-Classify-Baseline-Mac/ModuleCache.noindex/SwiftUI-BAZ2TDMJSX73VNI0BR2RGHYC7.pcm

SwiftExplicitDependencyGeneratePcm arm64 /tmp/MYR175-Classify-Baseline-Mac/ModuleCache.noindex/MultipeerConnectivity-7QWD9GW34VAXD099RJZZGSOQ0.pcm

SwiftEmitModule normal arm64 Emitting\ module\ for\ MyRAMMac (in target 'MyRAMMac' from project 'MyRAM')

EmitSwiftModule normal arm64 (in target 'MyRAMMac' from project 'MyRAM')
    cd /Users/runner/work/MyRAM-iOS/MyRAM-iOS/Baseline
    

SwiftCompile normal arm64 Compiling\ Folder.swift,\ MyRAMSchema.swift,\ PersistenceManager.swift,\ MacSidebarCollapsePolicy.swift,\ SyncBatchPayload.swift,\ SyncBatchAnchoredPayloadAdapter.swift,\ SyncBatchAnchoredPayloadPolicy.swift,\ SyncBatchPeerCapability.swift,\ SyncBatchTransportAdmissionPlanner.swift,\ SyncBatchEnvelope.swift,\ MultipeerSyncMessageEnvelope.swift,\ SyncBatchSeenBatchStore.swift,\ SyncBatchUTF16Helpers.swift,\ SyncBatchNoteChangeCapture.swift,\ SyncConvergenceTypes.swift,\ SyncConvergenceModels.swift,\ SyncConvergencePlanningTypes.swift,\ SyncConvergenceRewriteSafetyPolicy.swift,\ ExplicitDeleteProvenanceTypes.swift,\ ExplicitDeleteProvenanceBuilder.swift /Users/runner/work/MyRAM-iOS/MyRAM-iOS/Baseline/MyRAM/Models/Folder.swift /Users/runner/work/MyRAM-iOS/MyRAM-iOS/Baseline/MyRAM/MyRAMSchema.swift /Users/runner/work/MyRAM-iOS/MyRAM-iOS/Baseline/MyRAM/PersistenceManager.swift /Users/runner/work/MyRAM-iOS/MyRAM-iOS/Baseline/MyRAM/Mac/MacSidebarCollapsePolicy.swift /Users/runner/work/MyRAM-iOS/MyRAM-iOS/Baseline/MyRAM/Sync/Batch/SyncBatchPayload.swift /Users/runner/work/MyRAM-iOS/MyRAM-iOS/Baseline/MyRAM/Sync/Batch/SyncBatchAnchoredPayloadAdapter.swift /Users/runner/work/MyRAM-iOS/MyRAM-iOS/Baseline/MyRAM/Sync/Batch/SyncBatchAnchoredPayloadPolicy.swift /Users/runner/work/MyRAM-iOS/MyRAM-iOS/Baseline/MyRAM/Sync/Batch/SyncBatchPeerCapability.swift /Users/runner/work/MyRAM-iOS/MyRAM-iOS/Baseline/MyRAM/Sync/Batch/SyncBatchTransportAdmissionPlanner.swift /Users/runner/work/MyRAM-iOS/MyRAM-iOS/Baseline/MyRAM/Sync/Batch/SyncBatchEnvelope.swift /Users/runner/work/MyRAM-iOS/MyRAM-iOS/Baseline/MyRAM/Sync/Batch/MultipeerSyncMessageEnvelope.swift /Users/runner/work/MyRAM-iOS/MyRAM-iOS/Baseline/MyRAM/Sync/Batch/SyncBatchSeenBatchStore.swift /Users/runner/work/MyRAM-iOS/MyRAM-iOS/Baseline/MyRAM/Sync/Batch/SyncBatchUTF16Helpers.swift /Users/runner/work/MyRAM-iOS/MyRAM-iOS/Baseline/MyRAM/Sync/Batch/SyncBatchNoteChangeCapture.swift /Users/runner/work/MyRAM-iOS/MyRAM-iOS/Baseline/MyRAM/Sync/Convergence/SyncConvergenceTypes.swift /Users/runner/work/MyRAM-iOS/MyRAM-iOS/Baseline/MyRAM/Sync/Convergence/SyncConvergenceModels.swift /Users/runner/work/MyRAM-iOS/MyRAM-iOS/Baseline/MyRAM/Sync/Convergence/SyncConvergencePlanningTypes.swift /Users/runner/work/MyRAM-iOS/MyRAM-iOS/Baseline/MyRAM/Sync/Convergence/SyncConvergenceRewriteSafetyPolicy.swift /Users/runner/work/MyRAM-iOS/MyRAM-iOS/Baseline/MyRAM/Sync/Convergence/ExplicitDeleteProvenanceTypes.swift /Users/runner/work/MyRAM-iOS/MyRAM-iOS/Baseline/MyRAM/Sync/Convergence/ExplicitDeleteProvenanceBuilder.swift (in target 'MyRAMMac' from project 'MyRAM')
SwiftCompile normal arm64 /Users/runner/work/MyRAM-iOS/MyRAM-iOS/Baseline/MyRAM/Models/Folder.swift (in target 'MyRAMMac' from project 'MyRAM')
    cd /Users/runner/work/MyRAM-iOS/MyRAM-iOS/Baseline
    

SwiftCompile normal arm64 /Users/runner/work/MyRAM-iOS/MyRAM-iOS/Baseline/MyRAM/MyRAMSchema.swift (in target 'MyRAMMac' from project 'MyRAM')
    cd /Users/runner/work/MyRAM-iOS/MyRAM-iOS/Baseline
    

SwiftCompile normal arm64 /Users/runner/work/MyRAM-iOS/MyRAM-iOS/Baseline/MyRAM/PersistenceManager.swift (in target 'MyRAMMac' from project 'MyRAM')
    cd /Users/runner/work/MyRAM-iOS/MyRAM-iOS/Baseline
    

SwiftCompile normal arm64 /Users/runner/work/MyRAM-iOS/MyRAM-iOS/Baseline/MyRAM/Mac/MacSidebarCollapsePolicy.swift (in target 'MyRAMMac' from project 'MyRAM')
    cd /Users/runner/work/MyRAM-iOS/MyRAM-iOS/Baseline
    

SwiftCompile normal arm64 /Users/runner/work/MyRAM-iOS/MyRAM-iOS/Baseline/MyRAM/Sync/Batch/SyncBatchPayload.swift (in target 'MyRAMMac' from project 'MyRAM')
    cd /Users/runner/work/MyRAM-iOS/MyRAM-iOS/Baseline
    

SwiftCompile normal arm64 /Users/runner/work/MyRAM-iOS/MyRAM-iOS/Baseline/MyRAM/Sync/Batch/SyncBatchAnchoredPayloadAdapter.swift (in target 'MyRAMMac' from project 'MyRAM')
    cd /Users/runner/work/MyRAM-iOS/MyRAM-iOS/Baseline
    

SwiftCompile normal arm64 /Users/runner/work/MyRAM-iOS/MyRAM-iOS/Baseline/MyRAM/Sync/Batch/SyncBatchAnchoredPayloadPolicy.swift (in target 'MyRAMMac' from project 'MyRAM')
    cd /Users/runner/work/MyRAM-iOS/MyRAM-iOS/Baseline
    

SwiftCompile normal arm64 /Users/runner/work/MyRAM-iOS/MyRAM-iOS/Baseline/MyRAM/Sync/Batch/SyncBatchPeerCapability.swift (in target 'MyRAMMac' from project 'MyRAM')
    cd /Users/runner/work/MyRAM-iOS/MyRAM-iOS/Baseline
    

SwiftCompile normal arm64 /Users/runner/work/MyRAM-iOS/MyRAM-iOS/Baseline/MyRAM/Sync/Batch/SyncBatchTransportAdmissionPlanner.swift (in target 'MyRAMMac' from project 'MyRAM')
    cd /Users/runner/work/MyRAM-iOS/MyRAM-iOS/Baseline
    

SwiftCompile normal arm64 /Users/runner/work/MyRAM-iOS/MyRAM-iOS/Baseline/MyRAM/Sync/Batch/SyncBatchEnvelope.swift (in target 'MyRAMMac' from project 'MyRAM')
    cd /Users/runner/work/MyRAM-iOS/MyRAM-iOS/Baseline
    

SwiftCompile normal arm64 /Users/runner/work/MyRAM-iOS/MyRAM-iOS/Baseline/MyRAM/Sync/Batch/MultipeerSyncMessageEnvelope.swift (in target 'MyRAMMac' from project 'MyRAM')
    cd /Users/runner/work/MyRAM-iOS/MyRAM-iOS/Baseline
    

SwiftCompile normal arm64 /Users/runner/work/MyRAM-iOS/MyRAM-iOS/Baseline/MyRAM/Sync/Batch/SyncBatchSeenBatchStore.swift (in target 'MyRAMMac' from project 'MyRAM')
    cd /Users/runner/work/MyRAM-iOS/MyRAM-iOS/Baseline
    

SwiftCompile normal arm64 /Users/runner/work/MyRAM-iOS/MyRAM-iOS/Baseline/MyRAM/Sync/Batch/SyncBatchUTF16Helpers.swift (in target 'MyRAMMac' from project 'MyRAM')
    cd /Users/runner/work/MyRAM-iOS/MyRAM-iOS/Baseline
    

SwiftCompile normal arm64 /Users/runner/work/MyRAM-iOS/MyRAM-iOS/Baseline/MyRAM/Sync/Batch/SyncBatchNoteChangeCapture.swift (in target 'MyRAMMac' from project 'MyRAM')
    cd /Users/runner/work/MyRAM-iOS/MyRAM-iOS/Baseline
    

SwiftCompile normal arm64 /Users/runner/work/MyRAM-iOS/MyRAM-iOS/Baseline/MyRAM/Sync/Convergence/SyncConvergenceTypes.swift (in target 'MyRAMMac' from project 'MyRAM')
    cd /Users/runner/work/MyRAM-iOS/MyRAM-iOS/Baseline
    

SwiftCompile normal arm64 /Users/runner/work/MyRAM-iOS/MyRAM-iOS/Baseline/MyRAM/Sync/Convergence/SyncConvergenceModels.swift (in target 'MyRAMMac' from project 'MyRAM')
    cd /Users/runner/work/MyRAM-iOS/MyRAM-iOS/Baseline
    

SwiftCompile normal arm64 /Users/runner/work/MyRAM-iOS/MyRAM-iOS/Baseline/MyRAM/Sync/Convergence/SyncConvergencePlanningTypes.swift (in target 'MyRAMMac' from project 'MyRAM')
    cd /Users/runner/work/MyRAM-iOS/MyRAM-iOS/Baseline
    

SwiftCompile normal arm64 /Users/runner/work/MyRAM-iOS/MyRAM-iOS/Baseline/MyRAM/Sync/Convergence/SyncConvergenceRewriteSafetyPolicy.swift (in target 'MyRAMMac' from project 'MyRAM')
    cd /Users/runner/work/MyRAM-iOS/MyRAM-iOS/Baseline
    

SwiftCompile normal arm64 /Users/runner/work/MyRAM-iOS/MyRAM-iOS/Baseline/MyRAM/Sync/Convergence/ExplicitDeleteProvenanceTypes.swift (in target 'MyRAMMac' from project 'MyRAM')
    cd /Users/runner/work/MyRAM-iOS/MyRAM-iOS/Baseline
    

SwiftCompile normal arm64 /Users/runner/work/MyRAM-iOS/MyRAM-iOS/Baseline/MyRAM/Sync/Convergence/ExplicitDeleteProvenanceBuilder.swift (in target 'MyRAMMac' from project 'MyRAM')
    cd /Users/runner/work/MyRAM-iOS/MyRAM-iOS/Baseline
    

SwiftCompile normal arm64 Compiling\ NoteSequenceStateBootstrapMigrator.swift,\ SwiftDataNoteSequenceStateStore.swift,\ MyRAMSyncOperationIDAllocator.swift,\ FileBackedSyncOperationIDReservationStore.swift,\ MyRAMMacApp.swift,\ MyRAMMacRootView.swift,\ MacStartupCoordinator.swift,\ MacNoteEditorView.swift,\ MacTextViewRepresentable.swift,\ MacEditorSampleDocument.swift,\ MacRemoteInsertionAttributePolicy.swift,\ MacIncomingSyncApplicationPolicy.swift,\ MacEditorSyncBridge.swift,\ MacNSRangeClamp.swift,\ MyRAMPlatform.swift,\ RTFCoding.swift,\ AttributedTextStorageKeys.swift,\ MacNotePersistenceAdapter.swift,\ MacEditorTextColorPolicy.swift,\ Note.swift /Users/runner/work/MyRAM-iOS/MyRAM-iOS/Baseline/MyRAM/Sync/AnchoredSequence/NoteSequenceStateBootstrapMigrator.swift /Users/runner/work/MyRAM-iOS/MyRAM-iOS/Baseline/MyRAM/Sync/AnchoredSequence/SwiftDataNoteSequenceStateStore.swift /Users/runner/work/MyRAM-iOS/MyRAM-iOS/Baseline/MyRAM/Sync/AnchoredSequence/MyRAMSyncOperationIDAllocator.swift /Users/runner/work/MyRAM-iOS/MyRAM-iOS/Baseline/MyRAM/Sync/AnchoredSequence/FileBackedSyncOperationIDReservationStore.swift /Users/runner/work/MyRAM-iOS/MyRAM-iOS/Baseline/MyRAM/Mac/MyRAMMacApp.swift /Users/runner/work/MyRAM-iOS/MyRAM-iOS/Baseline/MyRAM/Mac/MyRAMMacRootView.swift /Users/runner/work/MyRAM-iOS/MyRAM-iOS/Baseline/MyRAM/Mac/MacStartupCoordinator.swift /Users/runner/work/MyRAM-iOS/MyRAM-iOS/Baseline/MyRAM/Mac/MacNoteEditorView.swift /Users/runner/work/MyRAM-iOS/MyRAM-iOS/Baseline/MyRAM/Mac/MacTextViewRepresentable.swift /Users/runner/work/MyRAM-iOS/MyRAM-iOS/Baseline/MyRAM/Mac/MacEditorSampleDocument.swift /Users/runner/work/MyRAM-iOS/MyRAM-iOS/Baseline/MyRAM/Mac/MacRemoteInsertionAttributePolicy.swift /Users/runner/work/MyRAM-iOS/MyRAM-iOS/Baseline/MyRAM/Mac/MacIncomingSyncApplicationPolicy.swift /Users/runner/work/MyRAM-iOS/MyRAM-iOS/Baseline/MyRAM/Mac/MacEditorSyncBridge.swift /Users/runner/work/MyRAM-iOS/MyRAM-iOS/Baseline/MyRAM/Mac/MacNSRangeClamp.swift /Users/runner/work/MyRAM-iOS/MyRAM-iOS/Baseline/MyRAM/Platform/MyRAMPlatform.swift /Users/runner/work/MyRAM-iOS/MyRAM-iOS/Baseline/MyRAM/Persistence/RTFCoding.swift /Users/runner/work/MyRAM-iOS/MyRAM-iOS/Baseline/MyRAM/Persistence/AttributedTextStorageKeys.swift /Users/runner/work/MyRAM-iOS/MyRAM-iOS/Baseline/MyRAM/Mac/MacNotePersistenceAdapter.swift /Users/runner/work/MyRAM-iOS/MyRAM-iOS/Baseline/MyRAM/Mac/MacEditorTextColorPolicy.swift /Users/runner/work/MyRAM-iOS/MyRAM-iOS/Baseline/MyRAM/Models/Note.swift (in target 'MyRAMMac' from project 'MyRAM')

SwiftCompile normal arm64 /Users/runner/work/MyRAM-iOS/MyRAM-iOS/Baseline/MyRAM/Sync/AnchoredSequence/NoteSequenceStateBootstrapMigrator.swift (in target 'MyRAMMac' from project 'MyRAM')
    cd /Users/runner/work/MyRAM-iOS/MyRAM-iOS/Baseline
    

SwiftCompile normal arm64 /Users/runner/work/MyRAM-iOS/MyRAM-iOS/Baseline/MyRAM/Sync/AnchoredSequence/SwiftDataNoteSequenceStateStore.swift (in target 'MyRAMMac' from project 'MyRAM')
    cd /Users/runner/work/MyRAM-iOS/MyRAM-iOS/Baseline
    

SwiftCompile normal arm64 /Users/runner/work/MyRAM-iOS/MyRAM-iOS/Baseline/MyRAM/Sync/AnchoredSequence/MyRAMSyncOperationIDAllocator.swift (in target 'MyRAMMac' from project 'MyRAM')
    cd /Users/runner/work/MyRAM-iOS/MyRAM-iOS/Baseline
    

SwiftCompile normal arm64 /Users/runner/work/MyRAM-iOS/MyRAM-iOS/Baseline/MyRAM/Sync/AnchoredSequence/FileBackedSyncOperationIDReservationStore.swift (in target 'MyRAMMac' from project 'MyRAM')
    cd /Users/runner/work/MyRAM-iOS/MyRAM-iOS/Baseline
    

SwiftCompile normal arm64 /Users/runner/work/MyRAM-iOS/MyRAM-iOS/Baseline/MyRAM/Mac/MyRAMMacApp.swift (in target 'MyRAMMac' from project 'MyRAM')
    cd /Users/runner/work/MyRAM-iOS/MyRAM-iOS/Baseline
    

SwiftCompile normal arm64 /Users/runner/work/MyRAM-iOS/MyRAM-iOS/Baseline/MyRAM/Mac/MyRAMMacRootView.swift (in target 'MyRAMMac' from project 'MyRAM')
    cd /Users/runner/work/MyRAM-iOS/MyRAM-iOS/Baseline
    

SwiftCompile normal arm64 /Users/runner/work/MyRAM-iOS/MyRAM-iOS/Baseline/MyRAM/Mac/MacStartupCoordinator.swift (in target 'MyRAMMac' from project 'MyRAM')
    cd /Users/runner/work/MyRAM-iOS/MyRAM-iOS/Baseline
    

SwiftCompile normal arm64 /Users/runner/work/MyRAM-iOS/MyRAM-iOS/Baseline/MyRAM/Mac/MacNoteEditorView.swift (in target 'MyRAMMac' from project 'MyRAM')
    cd /Users/runner/work/MyRAM-iOS/MyRAM-iOS/Baseline
    

SwiftCompile normal arm64 /Users/runner/work/MyRAM-iOS/MyRAM-iOS/Baseline/MyRAM/Mac/MacTextViewRepresentable.swift (in target 'MyRAMMac' from project 'MyRAM')
    cd /Users/runner/work/MyRAM-iOS/MyRAM-iOS/Baseline
    

SwiftCompile normal arm64 /Users/runner/work/MyRAM-iOS/MyRAM-iOS/Baseline/MyRAM/Mac/MacEditorSampleDocument.swift (in target 'MyRAMMac' from project 'MyRAM')
    cd /Users/runner/work/MyRAM-iOS/MyRAM-iOS/Baseline
    

SwiftCompile normal arm64 /Users/runner/work/MyRAM-iOS/MyRAM-iOS/Baseline/MyRAM/Mac/MacRemoteInsertionAttributePolicy.swift (in target 'MyRAMMac' from project 'MyRAM')
    cd /Users/runner/work/MyRAM-iOS/MyRAM-iOS/Baseline
    

SwiftCompile normal arm64 /Users/runner/work/MyRAM-iOS/MyRAM-iOS/Baseline/MyRAM/Mac/MacIncomingSyncApplicationPolicy.swift (in target 'MyRAMMac' from project 'MyRAM')
    cd /Users/runner/work/MyRAM-iOS/MyRAM-iOS/Baseline
    

SwiftCompile normal arm64 /Users/runner/work/MyRAM-iOS/MyRAM-iOS/Baseline/MyRAM/Mac/MacEditorSyncBridge.swift (in target 'MyRAMMac' from project 'MyRAM')
    cd /Users/runner/work/MyRAM-iOS/MyRAM-iOS/Baseline
    

SwiftCompile normal arm64 /Users/runner/work/MyRAM-iOS/MyRAM-iOS/Baseline/MyRAM/Mac/MacNSRangeClamp.swift (in target 'MyRAMMac' from project 'MyRAM')
    cd /Users/runner/work/MyRAM-iOS/MyRAM-iOS/Baseline
    

SwiftCompile normal arm64 /Users/runner/work/MyRAM-iOS/MyRAM-iOS/Baseline/MyRAM/Platform/MyRAMPlatform.swift (in target 'MyRAMMac' from project 'MyRAM')
    cd /Users/runner/work/MyRAM-iOS/MyRAM-iOS/Baseline
    

SwiftCompile normal arm64 /Users/runner/work/MyRAM-iOS/MyRAM-iOS/Baseline/MyRAM/Persistence/RTFCoding.swift (in target 'MyRAMMac' from project 'MyRAM')
    cd /Users/runner/work/MyRAM-iOS/MyRAM-iOS/Baseline
    

SwiftCompile normal arm64 /Users/runner/work/MyRAM-iOS/MyRAM-iOS/Baseline/MyRAM/Persistence/AttributedTextStorageKeys.swift (in target 'MyRAMMac' from project 'MyRAM')
    cd /Users/runner/work/MyRAM-iOS/MyRAM-iOS/Baseline
    

SwiftCompile normal arm64 /Users/runner/work/MyRAM-iOS/MyRAM-iOS/Baseline/MyRAM/Mac/MacNotePersistenceAdapter.swift (in target 'MyRAMMac' from project 'MyRAM')
    cd /Users/runner/work/MyRAM-iOS/MyRAM-iOS/Baseline
    

SwiftCompile normal arm64 /Users/runner/work/MyRAM-iOS/MyRAM-iOS/Baseline/MyRAM/Mac/MacEditorTextColorPolicy.swift (in target 'MyRAMMac' from project 'MyRAM')
    cd /Users/runner/work/MyRAM-iOS/MyRAM-iOS/Baseline
    

SwiftCompile normal arm64 /Users/runner/work/MyRAM-iOS/MyRAM-iOS/Baseline/MyRAM/Models/Note.swift (in target 'MyRAMMac' from project 'MyRAM')
    cd /Users/runner/work/MyRAM-iOS/MyRAM-iOS/Baseline
    

SwiftCompile normal arm64 Compiling\ MyRAMExternalOpenDispatcher.swift,\ MyRAMWidgetHostCoordinator.swift,\ MyRAMWidgetNoteRouting.swift,\ MyRAMWidgetSelectionButton.swift,\ MarkdownFileIO.swift,\ MarkdownPreview.swift,\ MarkdownPreviewModePolicy.swift,\ MarkdownPreviewUIKitSyncExecutor.swift,\ MarkdownPreviewUIKitDeferredScheduler.swift,\ MarkdownPreviewUIKitEditorResignation.swift,\ MarkdownPreviewUIKitPostResignationReconciliation.swift,\ MarkdownPreviewUIKitAcceptedRestoreSupersession.swift,\ MacMarkdownPreviewFocusResignation.swift,\ MacNoteViewZoom.swift,\ MacMarkdownPreviewDocumentBuilder.swift,\ MacMarkdownPreviewTextView.swift,\ MacMarkdownFileCommands.swift,\ MacMarkdownFileOperationCoordinator.swift,\ NoteSequenceStateRecord.swift,\ NoteSequenceStateBootstrapAdapter.swift,\ NoteSequenceStateFullBodyIntegration.swift /Users/runner/work/MyRAM-iOS/MyRAM-iOS/Baseline/MyRAM/WidgetHost/MyRAMExternalOpenDispatcher.swift /Users/runner/work/MyRAM-iOS/MyRAM-iOS/Baseline/MyRAM/WidgetHost/MyRAMWidgetHostCoordinator.swift /Users/runner/work/MyRAM-iOS/MyRAM-iOS/Baseline/MyRAM/WidgetHost/MyRAMWidgetNoteRouting.swift /Users/runner/work/MyRAM-iOS/MyRAM-iOS/Baseline/MyRAM/WidgetHost/MyRAMWidgetSelectionButton.swift /Users/runner/work/MyRAM-iOS/MyRAM-iOS/Baseline/MyRAM/Markdown/MarkdownFileIO.swift /Users/runner/work/MyRAM-iOS/MyRAM-iOS/Baseline/MyRAM/Markdown/MarkdownPreview.swift /Users/runner/work/MyRAM-iOS/MyRAM-iOS/Baseline/MyRAM/Markdown/MarkdownPreviewModePolicy.swift /Users/runner/work/MyRAM-iOS/MyRAM-iOS/Baseline/MyRAM/Markdown/MarkdownPreviewUIKitSyncExecutor.swift /Users/runner/work/MyRAM-iOS/MyRAM-iOS/Baseline/MyRAM/Markdown/MarkdownPreviewUIKitDeferredScheduler.swift /Users/runner/work/MyRAM-iOS/MyRAM-iOS/Baseline/MyRAM/Markdown/MarkdownPreviewUIKitEditorResignation.swift /Users/runner/work/MyRAM-iOS/MyRAM-iOS/Baseline/MyRAM/Markdown/MarkdownPreviewUIKitPostResignationReconciliation.swift /Users/runner/work/MyRAM-iOS/MyRAM-iOS/Baseline/MyRAM/Markdown/MarkdownPreviewUIKitAcceptedRestoreSupersession.swift /Users/runner/work/MyRAM-iOS/MyRAM-iOS/Baseline/MyRAM/Mac/MacMarkdownPreviewFocusResignation.swift /Users/runner/work/MyRAM-iOS/MyRAM-iOS/Baseline/MyRAM/Mac/MacNoteViewZoom.swift /Users/runner/work/MyRAM-iOS/MyRAM-iOS/Baseline/MyRAM/Mac/MacMarkdownPreviewDocumentBuilder.swift /Users/runner/work/MyRAM-iOS/MyRAM-iOS/Baseline/MyRAM/Mac/MacMarkdownPreviewTextView.swift /Users/runner/work/MyRAM-iOS/MyRAM-iOS/Baseline/MyRAM/Mac/MacMarkdownFileCommands.swift /Users/runner/work/MyRAM-iOS/MyRAM-iOS/Baseline/MyRAM/Mac/MacMarkdownFileOperationCoordinator.swift /Users/runner/work/MyRAM-iOS/MyRAM-iOS/Baseline/MyRAM/Sync/AnchoredSequence/NoteSequenceStateRecord.swift /Users/runner/work/MyRAM-iOS/MyRAM-iOS/Baseline/MyRAM/Sync/AnchoredSequence/NoteSequenceStateBootstrapAdapter.swift /Users/runner/work/MyRAM-iOS/MyRAM-iOS/Baseline/MyRAM/Sync/AnchoredSequence/NoteSequenceStateFullBodyIntegration.swift (in target 'MyRAMMac' from project 'MyRAM')

SwiftCompile normal arm64 /Users/runner/work/MyRAM-iOS/MyRAM-iOS/Baseline/MyRAM/WidgetHost/MyRAMExternalOpenDispatcher.swift (in target 'MyRAMMac' from project 'MyRAM')
    cd /Users/runner/work/MyRAM-iOS/MyRAM-iOS/Baseline
    

SwiftCompile normal arm64 /Users/runner/work/MyRAM-iOS/MyRAM-iOS/Baseline/MyRAM/WidgetHost/MyRAMWidgetHostCoordinator.swift (in target 'MyRAMMac' from project 'MyRAM')
    cd /Users/runner/work/MyRAM-iOS/MyRAM-iOS/Baseline
    

SwiftCompile normal arm64 /Users/runner/work/MyRAM-iOS/MyRAM-iOS/Baseline/MyRAM/WidgetHost/MyRAMWidgetNoteRouting.swift (in target 'MyRAMMac' from project 'MyRAM')
    cd /Users/runner/work/MyRAM-iOS/MyRAM-iOS/Baseline
    

SwiftCompile normal arm64 /Users/runner/work/MyRAM-iOS/MyRAM-iOS/Baseline/MyRAM/WidgetHost/MyRAMWidgetSelectionButton.swift (in target 'MyRAMMac' from project 'MyRAM')
    cd /Users/runner/work/MyRAM-iOS/MyRAM-iOS/Baseline
    

SwiftCompile normal arm64 /Users/runner/work/MyRAM-iOS/MyRAM-iOS/Baseline/MyRAM/Markdown/MarkdownFileIO.swift (in target 'MyRAMMac' from project 'MyRAM')
    cd /Users/runner/work/MyRAM-iOS/MyRAM-iOS/Baseline
    

SwiftCompile normal arm64 /Users/runner/work/MyRAM-iOS/MyRAM-iOS/Baseline/MyRAM/Markdown/MarkdownPreview.swift (in target 'MyRAMMac' from project 'MyRAM')
    cd /Users/runner/work/MyRAM-iOS/MyRAM-iOS/Baseline
    

SwiftCompile normal arm64 /Users/runner/work/MyRAM-iOS/MyRAM-iOS/Baseline/MyRAM/Markdown/MarkdownPreviewModePolicy.swift (in target 'MyRAMMac' from project 'MyRAM')
    cd /Users/runner/work/MyRAM-iOS/MyRAM-iOS/Baseline
    

SwiftCompile normal arm64 /Users/runner/work/MyRAM-iOS/MyRAM-iOS/Baseline/MyRAM/Markdown/MarkdownPreviewUIKitSyncExecutor.swift (in target 'MyRAMMac' from project 'MyRAM')
    cd /Users/runner/work/MyRAM-iOS/MyRAM-iOS/Baseline
    

SwiftCompile normal arm64 /Users/runner/work/MyRAM-iOS/MyRAM-iOS/Baseline/MyRAM/Markdown/MarkdownPreviewUIKitDeferredScheduler.swift (in target 'MyRAMMac' from project 'MyRAM')
    cd /Users/runner/work/MyRAM-iOS/MyRAM-iOS/Baseline
    

SwiftCompile normal arm64 /Users/runner/work/MyRAM-iOS/MyRAM-iOS/Baseline/MyRAM/Markdown/MarkdownPreviewUIKitEditorResignation.swift (in target 'MyRAMMac' from project 'MyRAM')
    cd /Users/runner/work/MyRAM-iOS/MyRAM-iOS/Baseline
    

SwiftCompile normal arm64 /Users/runner/work/MyRAM-iOS/MyRAM-iOS/Baseline/MyRAM/Markdown/MarkdownPreviewUIKitPostResignationReconciliation.swift (in target 'MyRAMMac' from project 'MyRAM')
    cd /Users/runner/work/MyRAM-iOS/MyRAM-iOS/Baseline
    

SwiftCompile normal arm64 /Users/runner/work/MyRAM-iOS/MyRAM-iOS/Baseline/MyRAM/Markdown/MarkdownPreviewUIKitAcceptedRestoreSupersession.swift (in target 'MyRAMMac' from project 'MyRAM')
    cd /Users/runner/work/MyRAM-iOS/MyRAM-iOS/Baseline
    

SwiftCompile normal arm64 /Users/runner/work/MyRAM-iOS/MyRAM-iOS/Baseline/MyRAM/Mac/MacMarkdownPreviewFocusResignation.swift (in target 'MyRAMMac' from project 'MyRAM')
    cd /Users/runner/work/MyRAM-iOS/MyRAM-iOS/Baseline
    

SwiftCompile normal arm64 /Users/runner/work/MyRAM-iOS/MyRAM-iOS/Baseline/MyRAM/Mac/MacNoteViewZoom.swift (in target 'MyRAMMac' from project 'MyRAM')
    cd /Users/runner/work/MyRAM-iOS/MyRAM-iOS/Baseline
    

SwiftCompile normal arm64 /Users/runner/work/MyRAM-iOS/MyRAM-iOS/Baseline/MyRAM/Mac/MacMarkdownPreviewDocumentBuilder.swift (in target 'MyRAMMac' from project 'MyRAM')
    cd /Users/runner/work/MyRAM-iOS/MyRAM-iOS/Baseline
    

SwiftCompile normal arm64 /Users/runner/work/MyRAM-iOS/MyRAM-iOS/Baseline/MyRAM/Mac/MacMarkdownPreviewTextView.swift (in target 'MyRAMMac' from project 'MyRAM')
    cd /Users/runner/work/MyRAM-iOS/MyRAM-iOS/Baseline
    

SwiftCompile normal arm64 /Users/runner/work/MyRAM-iOS/MyRAM-iOS/Baseline/MyRAM/Mac/MacMarkdownFileCommands.swift (in target 'MyRAMMac' from project 'MyRAM')
    cd /Users/runner/work/MyRAM-iOS/MyRAM-iOS/Baseline
    

SwiftCompile normal arm64 /Users/runner/work/MyRAM-iOS/MyRAM-iOS/Baseline/MyRAM/Mac/MacMarkdownFileOperationCoordinator.swift (in target 'MyRAMMac' from project 'MyRAM')
    cd /Users/runner/work/MyRAM-iOS/MyRAM-iOS/Baseline
    

SwiftCompile normal arm64 /Users/runner/work/MyRAM-iOS/MyRAM-iOS/Baseline/MyRAM/Sync/AnchoredSequence/NoteSequenceStateRecord.swift (in target 'MyRAMMac' from project 'MyRAM')
    cd /Users/runner/work/MyRAM-iOS/MyRAM-iOS/Baseline
    

SwiftCompile normal arm64 /Users/runner/work/MyRAM-iOS/MyRAM-iOS/Baseline/MyRAM/Sync/AnchoredSequence/NoteSequenceStateBootstrapAdapter.swift (in target 'MyRAMMac' from project 'MyRAM')
    cd /Users/runner/work/MyRAM-iOS/MyRAM-iOS/Baseline
    

SwiftCompile normal arm64 /Users/runner/work/MyRAM-iOS/MyRAM-iOS/Baseline/MyRAM/Sync/AnchoredSequence/NoteSequenceStateFullBodyIntegration.swift (in target 'MyRAMMac' from project 'MyRAM')
    cd /Users/runner/work/MyRAM-iOS/MyRAM-iOS/Baseline
    

SwiftDriverJobDiscovery normal arm64 Emitting module for MyRAMMac (in target 'MyRAMMac' from project 'MyRAM')

SwiftDriver\ Compilation\ Requirements MyRAMMac normal arm64 com.apple.xcode.tools.swift.compiler (in target 'MyRAMMac' from project 'MyRAM')
    cd /Users/runner/work/MyRAM-iOS/MyRAM-iOS/Baseline
    builtin-Swift-Compilation-Requirements -- /Applications/Xcode_26.5.app/Contents/Developer/Toolchains/XcodeDefault.xctoolchain/usr/bin/swiftc -module-name MyRAMMac -Onone @/tmp/MYR175-Classify-Baseline-Mac/Build/Intermediates.noindex/MyRAM.build/Debug/MyRAMMac.build/Objects-normal/arm64/MyRAMMac.SwiftFileList -DDEBUG -enable-bare-slash-regex -enable-experimental-feature DebugDescriptionMacro -sdk /Applications/Xcode_26.5.app/Contents/Developer/Platforms/MacOSX.platform/Developer/SDKs/MacOSX26.5.sdk -target arm64-apple-macos14.0 -g -module-cache-path /tmp/MYR175-Classify-Baseline-Mac/ModuleCache.noindex -Xfrontend -serialize-debugging-options -enable-testing -index-store-path /tmp/MYR175-Classify-Baseline-Mac/Index.noindex/DataStore -Xcc -D_LIBCPP_HARDENING_MODE\=_LIBCPP_HARDENING_MODE_DEBUG -swift-version 5 -I /tmp/MYR175-Classify-Baseline-Mac/Build/Products/Debug -F /tmp/MYR175-Classify-Baseline-Mac/Build/Products/Debug/PackageFrameworks -F /tmp/MYR175-Classify-Baseline-Mac/Build/Products/Debug/PackageFrameworks -F /tmp/MYR175-Classify-Baseline-Mac/Build/Products/Debug -emit-localized-strings -emit-localized-strings-path /tmp/MYR175-Classify-Baseline-Mac/Build/Intermediates.noindex/MyRAM.build/Debug/MyRAMMac.build/Objects-normal/arm64 -c -j3 -enable-batch-mode -incremental -Xcc -ivfsstatcache -Xcc /tmp/MYR175-Classify-Baseline-Mac/SDKStatCaches.noindex/macosx26.5-25F70-688ef53f1462e2c8f657fdc38a81448f3599ee76dc2a8020dfcb4b41ead48a8c.sdkstatcache -output-file-map /tmp/MYR175-Classify-Baseline-Mac/Build/Intermediates.noindex/MyRAM.build/Debug/MyRAMMac.build/Objects-normal/arm64/MyRAMMac-OutputFileMap.json -use-frontend-parseable-output -save-temps -no-color-diagnostics -explicit-module-build -module-cache-path /tmp/MYR175-Classify-Baseline-Mac/Build/Intermediates.noindex/SwiftExplicitPrecompiledModules -clang-scanner-module-cache-path /tmp/MYR175-Classify-Baseline-Mac/ModuleCache.noindex -sdk-module-cache-path /tmp/MYR175-Classify-Baseline-Mac/ModuleCache.noindex -serialize-diagnostics -emit-dependencies -emit-module -emit-module-path /tmp/MYR175-Classify-Baseline-Mac/Build/Intermediates.noindex/MyRAM.build/Debug/MyRAMMac.build/Objects-normal/arm64/MyRAMMac.swiftmodule -validate-clang-modules-once -clang-build-session-file /tmp/MYR175-Classify-Baseline-Mac/ModuleCache.noindex/Session.modulevalidation -Xcc -I/tmp/MYR175-Classify-Baseline-Mac/Build/Intermediates.noindex/MyRAM.build/Debug/MyRAMMac.build/swift-overrides.hmap -emit-const-values -Xfrontend -const-gather-protocols-file -Xfrontend /tmp/MYR175-Classify-Baseline-Mac/Build/Intermediates.noindex/MyRAM.build/Debug/MyRAMMac.build/Objects-normal/arm64/MyRAMMac_const_extract_protocols.json -Xcc -iquote -Xcc /tmp/MYR175-Classify-Baseline-Mac/Build/Intermediates.noindex/MyRAM.build/Debug/MyRAMMac.build/MyRAMMac-generated-files.hmap -Xcc -I/tmp/MYR175-Classify-Baseline-Mac/Build/Intermediates.noindex/MyRAM.build/Debug/MyRAMMac.build/MyRAMMac-own-target-headers.hmap -Xcc -I/tmp/MYR175-Classify-Baseline-Mac/Build/Intermediates.noindex/MyRAM.build/Debug/MyRAMMac.build/MyRAMMac-all-non-framework-target-headers.hmap -Xcc -ivfsoverlay -Xcc /tmp/MYR175-Classify-Baseline-Mac/Build/Intermediates.noindex/MyRAM.build/Debug/MyRAM-98a9cbde253e8e955bc92731eb290203-VFS/all-product-headers.yaml -Xcc -iquote -Xcc /tmp/MYR175-Classify-Baseline-Mac/Build/Intermediates.noindex/MyRAM.build/Debug/MyRAMMac.build/MyRAMMac-project-headers.hmap -Xcc -I/tmp/MYR175-Classify-Baseline-Mac/Build/Products/Debug/include -Xcc -I/tmp/MYR175-Classify-Baseline-Mac/Build/Intermediates.noindex/MyRAM.build/Debug/MyRAMMac.build/DerivedSources-normal/arm64 -Xcc -I/tmp/MYR175-Classify-Baseline-Mac/Build/Intermediates.noindex/MyRAM.build/Debug/MyRAMMac.build/DerivedSources/arm64 -Xcc -I/tmp/MYR175-Classify-Baseline-Mac/Build/Intermediates.noindex/MyRAM.build/Debug/MyRAMMac.build/DerivedSources -Xcc -DDEBUG\=1 -emit-objc-header -emit-objc-header-path /tmp/MYR175-Classify-Baseline-Mac/Build/Intermediates.noindex/MyRAM.build/Debug/MyRAMMac.build/Objects-normal/arm64/MyRAMMac-Swift.h -working-directory /Users/runner/work/MyRAM-iOS/MyRAM-iOS/Baseline -experimental-emit-module-separately -disable-cmo

SwiftDriverJobDiscovery normal arm64 Compiling NoteSequenceStateBootstrapMigrator.swift, SwiftDataNoteSequenceStateStore.swift, MyRAMSyncOperationIDAllocator.swift, FileBackedSyncOperationIDReservationStore.swift, MyRAMMacApp.swift, MyRAMMacRootView.swift, MacStartupCoordinator.swift, MacNoteEditorView.swift, MacTextViewRepresentable.swift, MacEditorSampleDocument.swift, MacRemoteInsertionAttributePolicy.swift, MacIncomingSyncApplicationPolicy.swift, MacEditorSyncBridge.swift, MacNSRangeClamp.swift, MyRAMPlatform.swift, RTFCoding.swift, AttributedTextStorageKeys.swift, MacNotePersistenceAdapter.swift, MacEditorTextColorPolicy.swift, Note.swift (in target 'MyRAMMac' from project 'MyRAM')

SwiftCompile normal arm64 Compiling\ ExplicitDeleteProvenanceValidator.swift,\ SyncConvergencePlanner.swift,\ IncrementalEditIntegrationTypes.swift,\ RetainedOperationCausalGraph.swift,\ SwiftDataSyncConvergencePersistenceTransaction.swift,\ SyncConvergencePostCommitTypes.swift,\ SyncConvergencePostCommitGating.swift,\ SwiftDataSyncConvergencePostCommitStore.swift,\ SyncConvergencePostCommitExecutor.swift,\ SyncConvergenceLocalObligation.swift,\ FileBackedSyncConvergenceLocalObligationQueue.swift,\ SyncConvergenceDrainPassScheduler.swift,\ SyncConvergenceRuntime.swift,\ SyncBatchUnsentQueue.swift,\ FileBackedSyncBatchQueue.swift,\ MyRAMSyncModels.swift,\ SyncConflictStore.swift,\ MyRAMWidgetContentSelectionPolicy.swift,\ MyRAMWidgetSnapshotStore.swift,\ MyRAMWidgetSnapshot.swift /Users/runner/work/MyRAM-iOS/MyRAM-iOS/Baseline/MyRAM/Sync/Convergence/ExplicitDeleteProvenanceValidator.swift /Users/runner/work/MyRAM-iOS/MyRAM-iOS/Baseline/MyRAM/Sync/Convergence/SyncConvergencePlanner.swift /Users/runner/work/MyRAM-iOS/MyRAM-iOS/Baseline/MyRAM/Sync/Convergence/IncrementalEditIntegrationTypes.swift /Users/runner/work/MyRAM-iOS/MyRAM-iOS/Baseline/MyRAM/Sync/Convergence/RetainedOperationCausalGraph.swift /Users/runner/work/MyRAM-iOS/MyRAM-iOS/Baseline/MyRAM/Sync/Convergence/SwiftDataSyncConvergencePersistenceTransaction.swift /Users/runner/work/MyRAM-iOS/MyRAM-iOS/Baseline/MyRAM/Sync/Convergence/SyncConvergencePostCommitTypes.swift /Users/runner/work/MyRAM-iOS/MyRAM-iOS/Baseline/MyRAM/Sync/Convergence/SyncConvergencePostCommitGating.swift /Users/runner/work/MyRAM-iOS/MyRAM-iOS/Baseline/MyRAM/Sync/Convergence/SwiftDataSyncConvergencePostCommitStore.swift /Users/runner/work/MyRAM-iOS/MyRAM-iOS/Baseline/MyRAM/Sync/Convergence/SyncConvergencePostCommitExecutor.swift /Users/runner/work/MyRAM-iOS/MyRAM-iOS/Baseline/MyRAM/Sync/Convergence/SyncConvergenceLocalObligation.swift /Users/runner/work/MyRAM-iOS/MyRAM-iOS/Baseline/MyRAM/Sync/Convergence/FileBackedSyncConvergenceLocalObligationQueue.swift /Users/runner/work/MyRAM-iOS/MyRAM-iOS/Baseline/MyRAM/Sync/Convergence/SyncConvergenceDrainPassScheduler.swift /Users/runner/work/MyRAM-iOS/MyRAM-iOS/Baseline/MyRAM/Sync/Convergence/SyncConvergenceRuntime.swift /Users/runner/work/MyRAM-iOS/MyRAM-iOS/Baseline/MyRAM/Sync/Batch/SyncBatchUnsentQueue.swift /Users/runner/work/MyRAM-iOS/MyRAM-iOS/Baseline/MyRAM/Sync/Batch/FileBackedSyncBatchQueue.swift /Users/runner/work/MyRAM-iOS/MyRAM-iOS/Baseline/MyRAM/Sync/MyRAMSyncModels.swift /Users/runner/work/MyRAM-iOS/MyRAM-iOS/Baseline/MyRAM/Sync/SyncConflictStore.swift /Users/runner/work/MyRAM-iOS/MyRAM-iOS/Baseline/MyRAM/WidgetShared/MyRAMWidgetContentSelectionPolicy.swift /Users/runner/work/MyRAM-iOS/MyRAM-iOS/Baseline/MyRAM/WidgetShared/MyRAMWidgetSnapshotStore.swift /Users/runner/work/MyRAM-iOS/MyRAM-iOS/Baseline/MyRAM/WidgetShared/MyRAMWidgetSnapshot.swift (in target 'MyRAMMac' from project 'MyRAM')
SwiftCompile normal arm64 /Users/runner/work/MyRAM-iOS/MyRAM-iOS/Baseline/MyRAM/Sync/Convergence/ExplicitDeleteProvenanceValidator.swift (in target 'MyRAMMac' from project 'MyRAM')
    cd /Users/runner/work/MyRAM-iOS/MyRAM-iOS/Baseline
    

SwiftCompile normal arm64 /Users/runner/work/MyRAM-iOS/MyRAM-iOS/Baseline/MyRAM/Sync/Convergence/SyncConvergencePlanner.swift (in target 'MyRAMMac' from project 'MyRAM')
    cd /Users/runner/work/MyRAM-iOS/MyRAM-iOS/Baseline
    

SwiftCompile normal arm64 /Users/runner/work/MyRAM-iOS/MyRAM-iOS/Baseline/MyRAM/Sync/Convergence/IncrementalEditIntegrationTypes.swift (in target 'MyRAMMac' from project 'MyRAM')
    cd /Users/runner/work/MyRAM-iOS/MyRAM-iOS/Baseline
    

SwiftCompile normal arm64 /Users/runner/work/MyRAM-iOS/MyRAM-iOS/Baseline/MyRAM/Sync/Convergence/RetainedOperationCausalGraph.swift (in target 'MyRAMMac' from project 'MyRAM')
    cd /Users/runner/work/MyRAM-iOS/MyRAM-iOS/Baseline
    

SwiftCompile normal arm64 /Users/runner/work/MyRAM-iOS/MyRAM-iOS/Baseline/MyRAM/Sync/Convergence/SwiftDataSyncConvergencePersistenceTransaction.swift (in target 'MyRAMMac' from project 'MyRAM')
    cd /Users/runner/work/MyRAM-iOS/MyRAM-iOS/Baseline
    

SwiftCompile normal arm64 /Users/runner/work/MyRAM-iOS/MyRAM-iOS/Baseline/MyRAM/Sync/Convergence/SyncConvergencePostCommitTypes.swift (in target 'MyRAMMac' from project 'MyRAM')
    cd /Users/runner/work/MyRAM-iOS/MyRAM-iOS/Baseline
    

SwiftCompile normal arm64 /Users/runner/work/MyRAM-iOS/MyRAM-iOS/Baseline/MyRAM/Sync/Convergence/SyncConvergencePostCommitGating.swift (in target 'MyRAMMac' from project 'MyRAM')
    cd /Users/runner/work/MyRAM-iOS/MyRAM-iOS/Baseline
    

SwiftCompile normal arm64 /Users/runner/work/MyRAM-iOS/MyRAM-iOS/Baseline/MyRAM/Sync/Convergence/SwiftDataSyncConvergencePostCommitStore.swift (in target 'MyRAMMac' from project 'MyRAM')
    cd /Users/runner/work/MyRAM-iOS/MyRAM-iOS/Baseline
    

SwiftCompile normal arm64 /Users/runner/work/MyRAM-iOS/MyRAM-iOS/Baseline/MyRAM/Sync/Convergence/SyncConvergencePostCommitExecutor.swift (in target 'MyRAMMac' from project 'MyRAM')
    cd /Users/runner/work/MyRAM-iOS/MyRAM-iOS/Baseline
    

SwiftCompile normal arm64 /Users/runner/work/MyRAM-iOS/MyRAM-iOS/Baseline/MyRAM/Sync/Convergence/SyncConvergenceLocalObligation.swift (in target 'MyRAMMac' from project 'MyRAM')
    cd /Users/runner/work/MyRAM-iOS/MyRAM-iOS/Baseline
    

SwiftCompile normal arm64 /Users/runner/work/MyRAM-iOS/MyRAM-iOS/Baseline/MyRAM/Sync/Convergence/FileBackedSyncConvergenceLocalObligationQueue.swift (in target 'MyRAMMac' from project 'MyRAM')
    cd /Users/runner/work/MyRAM-iOS/MyRAM-iOS/Baseline
    

SwiftCompile normal arm64 /Users/runner/work/MyRAM-iOS/MyRAM-iOS/Baseline/MyRAM/Sync/Convergence/SyncConvergenceDrainPassScheduler.swift (in target 'MyRAMMac' from project 'MyRAM')
    cd /Users/runner/work/MyRAM-iOS/MyRAM-iOS/Baseline
    

SwiftCompile normal arm64 /Users/runner/work/MyRAM-iOS/MyRAM-iOS/Baseline/MyRAM/Sync/Convergence/SyncConvergenceRuntime.swift (in target 'MyRAMMac' from project 'MyRAM')
    cd /Users/runner/work/MyRAM-iOS/MyRAM-iOS/Baseline
    

SwiftCompile normal arm64 /Users/runner/work/MyRAM-iOS/MyRAM-iOS/Baseline/MyRAM/Sync/Batch/SyncBatchUnsentQueue.swift (in target 'MyRAMMac' from project 'MyRAM')
    cd /Users/runner/work/MyRAM-iOS/MyRAM-iOS/Baseline
    

SwiftCompile normal arm64 /Users/runner/work/MyRAM-iOS/MyRAM-iOS/Baseline/MyRAM/Sync/Batch/FileBackedSyncBatchQueue.swift (in target 'MyRAMMac' from project 'MyRAM')
    cd /Users/runner/work/MyRAM-iOS/MyRAM-iOS/Baseline
    

SwiftCompile normal arm64 /Users/runner/work/MyRAM-iOS/MyRAM-iOS/Baseline/MyRAM/Sync/MyRAMSyncModels.swift (in target 'MyRAMMac' from project 'MyRAM')
    cd /Users/runner/work/MyRAM-iOS/MyRAM-iOS/Baseline
    

SwiftCompile normal arm64 /Users/runner/work/MyRAM-iOS/MyRAM-iOS/Baseline/MyRAM/Sync/SyncConflictStore.swift (in target 'MyRAMMac' from project 'MyRAM')
    cd /Users/runner/work/MyRAM-iOS/MyRAM-iOS/Baseline
    

SwiftCompile normal arm64 /Users/runner/work/MyRAM-iOS/MyRAM-iOS/Baseline/MyRAM/WidgetShared/MyRAMWidgetContentSelectionPolicy.swift (in target 'MyRAMMac' from project 'MyRAM')
    cd /Users/runner/work/MyRAM-iOS/MyRAM-iOS/Baseline
    

SwiftCompile normal arm64 /Users/runner/work/MyRAM-iOS/MyRAM-iOS/Baseline/MyRAM/WidgetShared/MyRAMWidgetSnapshotStore.swift (in target 'MyRAMMac' from project 'MyRAM')
    cd /Users/runner/work/MyRAM-iOS/MyRAM-iOS/Baseline
    

SwiftCompile normal arm64 /Users/runner/work/MyRAM-iOS/MyRAM-iOS/Baseline/MyRAM/WidgetShared/MyRAMWidgetSnapshot.swift (in target 'MyRAMMac' from project 'MyRAM')
    cd /Users/runner/work/MyRAM-iOS/MyRAM-iOS/Baseline
    

SwiftMergeGeneratedHeaders /tmp/MYR175-Classify-Baseline-Mac/Build/Intermediates.noindex/MyRAM.build/Debug/MyRAMMac.build/DerivedSources/MyRAMMac-Swift.h /tmp/MYR175-Classify-Baseline-Mac/Build/Intermediates.noindex/MyRAM.build/Debug/MyRAMMac.build/Objects-normal/arm64/MyRAMMac-Swift.h (in target 'MyRAMMac' from project 'MyRAM')
    cd /Users/runner/work/MyRAM-iOS/MyRAM-iOS/Baseline
    builtin-swiftHeaderTool -arch arm64 /tmp/MYR175-Classify-Baseline-Mac/Build/Intermediates.noindex/MyRAM.build/Debug/MyRAMMac.build/Objects-normal/arm64/MyRAMMac-Swift.h -o /tmp/MYR175-Classify-Baseline-Mac/Build/Intermediates.noindex/MyRAM.build/Debug/MyRAMMac.build/DerivedSources/MyRAMMac-Swift.h

SwiftDriverJobDiscovery normal arm64 Compiling MyRAMExternalOpenDispatcher.swift, MyRAMWidgetHostCoordinator.swift, MyRAMWidgetNoteRouting.swift, MyRAMWidgetSelectionButton.swift, MarkdownFileIO.swift, MarkdownPreview.swift, MarkdownPreviewModePolicy.swift, MarkdownPreviewUIKitSyncExecutor.swift, MarkdownPreviewUIKitDeferredScheduler.swift, MarkdownPreviewUIKitEditorResignation.swift, MarkdownPreviewUIKitPostResignationReconciliation.swift, MarkdownPreviewUIKitAcceptedRestoreSupersession.swift, MacMarkdownPreviewFocusResignation.swift, MacNoteViewZoom.swift, MacMarkdownPreviewDocumentBuilder.swift, MacMarkdownPreviewTextView.swift, MacMarkdownFileCommands.swift, MacMarkdownFileOperationCoordinator.swift, NoteSequenceStateRecord.swift, NoteSequenceStateBootstrapAdapter.swift, NoteSequenceStateFullBodyIntegration.swift (in target 'MyRAMMac' from project 'MyRAM')

Copy /tmp/MYR175-Classify-Baseline-Mac/Build/Products/Debug/MyRAMMac.swiftmodule/arm64-apple-macos.swiftmodule /tmp/MYR175-Classify-Baseline-Mac/Build/Intermediates.noindex/MyRAM.build/Debug/MyRAMMac.build/Objects-normal/arm64/MyRAMMac.swiftmodule (in target 'MyRAMMac' from project 'MyRAM')
    cd /Users/runner/work/MyRAM-iOS/MyRAM-iOS/Baseline
    builtin-copy -exclude .DS_Store -exclude CVS -exclude .svn -exclude .git -exclude .hg -resolve-src-symlinks -rename /tmp/MYR175-Classify-Baseline-Mac/Build/Intermediates.noindex/MyRAM.build/Debug/MyRAMMac.build/Objects-normal/arm64/MyRAMMac.swiftmodule /tmp/MYR175-Classify-Baseline-Mac/Build/Products/Debug/MyRAMMac.swiftmodule/arm64-apple-macos.swiftmodule

Copy /tmp/MYR175-Classify-Baseline-Mac/Build/Products/Debug/MyRAMMac.swiftmodule/arm64-apple-macos.swiftdoc /tmp/MYR175-Classify-Baseline-Mac/Build/Intermediates.noindex/MyRAM.build/Debug/MyRAMMac.build/Objects-normal/arm64/MyRAMMac.swiftdoc (in target 'MyRAMMac' from project 'MyRAM')
    cd /Users/runner/work/MyRAM-iOS/MyRAM-iOS/Baseline
    builtin-copy -exclude .DS_Store -exclude CVS -exclude .svn -exclude .git -exclude .hg -resolve-src-symlinks -rename /tmp/MYR175-Classify-Baseline-Mac/Build/Intermediates.noindex/MyRAM.build/Debug/MyRAMMac.build/Objects-normal/arm64/MyRAMMac.swiftdoc /tmp/MYR175-Classify-Baseline-Mac/Build/Products/Debug/MyRAMMac.swiftmodule/arm64-apple-macos.swiftdoc

Copy /tmp/MYR175-Classify-Baseline-Mac/Build/Products/Debug/MyRAMMac.swiftmodule/arm64-apple-macos.abi.json /tmp/MYR175-Classify-Baseline-Mac/Build/Intermediates.noindex/MyRAM.build/Debug/MyRAMMac.build/Objects-normal/arm64/MyRAMMac.abi.json (in target 'MyRAMMac' from project 'MyRAM')
    cd /Users/runner/work/MyRAM-iOS/MyRAM-iOS/Baseline
    builtin-copy -exclude .DS_Store -exclude CVS -exclude .svn -exclude .git -exclude .hg -resolve-src-symlinks -rename /tmp/MYR175-Classify-Baseline-Mac/Build/Intermediates.noindex/MyRAM.build/Debug/MyRAMMac.build/Objects-normal/arm64/MyRAMMac.abi.json /tmp/MYR175-Classify-Baseline-Mac/Build/Products/Debug/MyRAMMac.swiftmodule/arm64-apple-macos.abi.json

Copy /tmp/MYR175-Classify-Baseline-Mac/Build/Products/Debug/MyRAMMac.swiftmodule/Project/arm64-apple-macos.swiftsourceinfo /tmp/MYR175-Classify-Baseline-Mac/Build/Intermediates.noindex/MyRAM.build/Debug/MyRAMMac.build/Objects-normal/arm64/MyRAMMac.swiftsourceinfo (in target 'MyRAMMac' from project 'MyRAM')
    cd /Users/runner/work/MyRAM-iOS/MyRAM-iOS/Baseline
    builtin-copy -exclude .DS_Store -exclude CVS -exclude .svn -exclude .git -exclude .hg -resolve-src-symlinks -rename /tmp/MYR175-Classify-Baseline-Mac/Build/Intermediates.noindex/MyRAM.build/Debug/MyRAMMac.build/Objects-normal/arm64/MyRAMMac.swiftsourceinfo /tmp/MYR175-Classify-Baseline-Mac/Build/Products/Debug/MyRAMMac.swiftmodule/Project/arm64-apple-macos.swiftsourceinfo

SwiftCompile normal arm64 Compiling\ MyRAMWidgetDeepLink.swift,\ MyRAMWidgetRuntimeConfiguration.swift,\ MyRAMWidgetSnapshotCodec.swift,\ MyRAMSyncChangeApplier.swift,\ MyRAMLegacySyncChangeValidator.swift,\ AppliedEditorMutation.swift,\ ActiveEditorApplicationPolicy.swift,\ ActiveEditorSyncUpdateHandler.swift,\ EditorSelectionMapper.swift,\ EditorRemoteApplyResult.swift,\ MacSyncModels.swift,\ MacSyncDeviceIdentity.swift,\ MacSyncSeenBatchStore.swift,\ MacSyncBatchAccumulator.swift,\ MacAppliedSyncBatch.swift,\ MacSyncBatchController.swift,\ MacSyncConvergenceCoordinator.swift,\ MacSyncConvergencePresentationAdapter.swift,\ MacLegacySyncReceiver.swift,\ GeneratedAssetSymbols.swift /Users/runner/work/MyRAM-iOS/MyRAM-iOS/Baseline/MyRAM/WidgetShared/MyRAMWidgetDeepLink.swift /Users/runner/work/MyRAM-iOS/MyRAM-iOS/Baseline/MyRAM/WidgetShared/MyRAMWidgetRuntimeConfiguration.swift /Users/runner/work/MyRAM-iOS/MyRAM-iOS/Baseline/MyRAM/WidgetShared/MyRAMWidgetSnapshotCodec.swift /Users/runner/work/MyRAM-iOS/MyRAM-iOS/Baseline/MyRAM/Sync/MyRAMSyncChangeApplier.swift /Users/runner/work/MyRAM-iOS/MyRAM-iOS/Baseline/MyRAM/Sync/Legacy/MyRAMLegacySyncChangeValidator.swift /Users/runner/work/MyRAM-iOS/MyRAM-iOS/Baseline/MyRAM/Sync/EditorApplication/AppliedEditorMutation.swift /Users/runner/work/MyRAM-iOS/MyRAM-iOS/Baseline/MyRAM/Sync/EditorApplication/ActiveEditorApplicationPolicy.swift /Users/runner/work/MyRAM-iOS/MyRAM-iOS/Baseline/MyRAM/Sync/EditorApplication/ActiveEditorSyncUpdateHandler.swift /Users/runner/work/MyRAM-iOS/MyRAM-iOS/Baseline/MyRAM/Sync/EditorApplication/EditorSelectionMapper.swift /Users/runner/work/MyRAM-iOS/MyRAM-iOS/Baseline/MyRAM/Sync/EditorApplication/EditorRemoteApplyResult.swift /Users/runner/work/MyRAM-iOS/MyRAM-iOS/Baseline/MyRAM/Mac/Sync/MacSyncModels.swift /Users/runner/work/MyRAM-iOS/MyRAM-iOS/Baseline/MyRAM/Mac/Sync/MacSyncDeviceIdentity.swift /Users/runner/work/MyRAM-iOS/MyRAM-iOS/Baseline/MyRAM/Mac/Sync/MacSyncSeenBatchStore.swift /Users/runner/work/MyRAM-iOS/MyRAM-iOS/Baseline/MyRAM/Mac/Sync/MacSyncBatchAccumulator.swift /Users/runner/work/MyRAM-iOS/MyRAM-iOS/Baseline/MyRAM/Mac/Sync/MacAppliedSyncBatch.swift /Users/runner/work/MyRAM-iOS/MyRAM-iOS/Baseline/MyRAM/Mac/Sync/MacSyncBatchController.swift /Users/runner/work/MyRAM-iOS/MyRAM-iOS/Baseline/MyRAM/Mac/Sync/MacSyncConvergenceCoordinator.swift /Users/runner/work/MyRAM-iOS/MyRAM-iOS/Baseline/MyRAM/Mac/Sync/MacSyncConvergencePresentationAdapter.swift /Users/runner/work/MyRAM-iOS/MyRAM-iOS/Baseline/MyRAM/Mac/Sync/MacLegacySyncReceiver.swift /tmp/MYR175-Classify-Baseline-Mac/Build/Intermediates.noindex/MyRAM.build/Debug/MyRAMMac.build/DerivedSources/GeneratedAssetSymbols.swift (in target 'MyRAMMac' from project 'MyRAM')

SwiftCompile normal arm64 /Users/runner/work/MyRAM-iOS/MyRAM-iOS/Baseline/MyRAM/WidgetShared/MyRAMWidgetDeepLink.swift (in target 'MyRAMMac' from project 'MyRAM')
    cd /Users/runner/work/MyRAM-iOS/MyRAM-iOS/Baseline
    

SwiftCompile normal arm64 /Users/runner/work/MyRAM-iOS/MyRAM-iOS/Baseline/MyRAM/WidgetShared/MyRAMWidgetRuntimeConfiguration.swift (in target 'MyRAMMac' from project 'MyRAM')
    cd /Users/runner/work/MyRAM-iOS/MyRAM-iOS/Baseline
    

SwiftCompile normal arm64 /Users/runner/work/MyRAM-iOS/MyRAM-iOS/Baseline/MyRAM/WidgetShared/MyRAMWidgetSnapshotCodec.swift (in target 'MyRAMMac' from project 'MyRAM')
    cd /Users/runner/work/MyRAM-iOS/MyRAM-iOS/Baseline
    

SwiftCompile normal arm64 /Users/runner/work/MyRAM-iOS/MyRAM-iOS/Baseline/MyRAM/Sync/MyRAMSyncChangeApplier.swift (in target 'MyRAMMac' from project 'MyRAM')
    cd /Users/runner/work/MyRAM-iOS/MyRAM-iOS/Baseline
    

SwiftCompile normal arm64 /Users/runner/work/MyRAM-iOS/MyRAM-iOS/Baseline/MyRAM/Sync/Legacy/MyRAMLegacySyncChangeValidator.swift (in target 'MyRAMMac' from project 'MyRAM')
    cd /Users/runner/work/MyRAM-iOS/MyRAM-iOS/Baseline
    

SwiftCompile normal arm64 /Users/runner/work/MyRAM-iOS/MyRAM-iOS/Baseline/MyRAM/Sync/EditorApplication/AppliedEditorMutation.swift (in target 'MyRAMMac' from project 'MyRAM')
    cd /Users/runner/work/MyRAM-iOS/MyRAM-iOS/Baseline
    

SwiftCompile normal arm64 /Users/runner/work/MyRAM-iOS/MyRAM-iOS/Baseline/MyRAM/Sync/EditorApplication/ActiveEditorApplicationPolicy.swift (in target 'MyRAMMac' from project 'MyRAM')
    cd /Users/runner/work/MyRAM-iOS/MyRAM-iOS/Baseline
    

SwiftCompile normal arm64 /Users/runner/work/MyRAM-iOS/MyRAM-iOS/Baseline/MyRAM/Sync/EditorApplication/ActiveEditorSyncUpdateHandler.swift (in target 'MyRAMMac' from project 'MyRAM')
    cd /Users/runner/work/MyRAM-iOS/MyRAM-iOS/Baseline
    

SwiftCompile normal arm64 /Users/runner/work/MyRAM-iOS/MyRAM-iOS/Baseline/MyRAM/Sync/EditorApplication/EditorSelectionMapper.swift (in target 'MyRAMMac' from project 'MyRAM')
    cd /Users/runner/work/MyRAM-iOS/MyRAM-iOS/Baseline
    

SwiftCompile normal arm64 /Users/runner/work/MyRAM-iOS/MyRAM-iOS/Baseline/MyRAM/Sync/EditorApplication/EditorRemoteApplyResult.swift (in target 'MyRAMMac' from project 'MyRAM')
    cd /Users/runner/work/MyRAM-iOS/MyRAM-iOS/Baseline
    

SwiftCompile normal arm64 /Users/runner/work/MyRAM-iOS/MyRAM-iOS/Baseline/MyRAM/Mac/Sync/MacSyncModels.swift (in target 'MyRAMMac' from project 'MyRAM')
    cd /Users/runner/work/MyRAM-iOS/MyRAM-iOS/Baseline
    

SwiftCompile normal arm64 /Users/runner/work/MyRAM-iOS/MyRAM-iOS/Baseline/MyRAM/Mac/Sync/MacSyncDeviceIdentity.swift (in target 'MyRAMMac' from project 'MyRAM')
    cd /Users/runner/work/MyRAM-iOS/MyRAM-iOS/Baseline
    

SwiftCompile normal arm64 /Users/runner/work/MyRAM-iOS/MyRAM-iOS/Baseline/MyRAM/Mac/Sync/MacSyncSeenBatchStore.swift (in target 'MyRAMMac' from project 'MyRAM')
    cd /Users/runner/work/MyRAM-iOS/MyRAM-iOS/Baseline
    

SwiftCompile normal arm64 /Users/runner/work/MyRAM-iOS/MyRAM-iOS/Baseline/MyRAM/Mac/Sync/MacSyncBatchAccumulator.swift (in target 'MyRAMMac' from project 'MyRAM')
    cd /Users/runner/work/MyRAM-iOS/MyRAM-iOS/Baseline
    

SwiftCompile normal arm64 /Users/runner/work/MyRAM-iOS/MyRAM-iOS/Baseline/MyRAM/Mac/Sync/MacAppliedSyncBatch.swift (in target 'MyRAMMac' from project 'MyRAM')
    cd /Users/runner/work/MyRAM-iOS/MyRAM-iOS/Baseline
    

SwiftCompile normal arm64 /Users/runner/work/MyRAM-iOS/MyRAM-iOS/Baseline/MyRAM/Mac/Sync/MacSyncBatchController.swift (in target 'MyRAMMac' from project 'MyRAM')
    cd /Users/runner/work/MyRAM-iOS/MyRAM-iOS/Baseline
    

SwiftCompile normal arm64 /Users/runner/work/MyRAM-iOS/MyRAM-iOS/Baseline/MyRAM/Mac/Sync/MacSyncConvergenceCoordinator.swift (in target 'MyRAMMac' from project 'MyRAM')
    cd /Users/runner/work/MyRAM-iOS/MyRAM-iOS/Baseline
    

SwiftCompile normal arm64 /Users/runner/work/MyRAM-iOS/MyRAM-iOS/Baseline/MyRAM/Mac/Sync/MacSyncConvergencePresentationAdapter.swift (in target 'MyRAMMac' from project 'MyRAM')
    cd /Users/runner/work/MyRAM-iOS/MyRAM-iOS/Baseline
    

SwiftCompile normal arm64 /Users/runner/work/MyRAM-iOS/MyRAM-iOS/Baseline/MyRAM/Mac/Sync/MacLegacySyncReceiver.swift (in target 'MyRAMMac' from project 'MyRAM')
    cd /Users/runner/work/MyRAM-iOS/MyRAM-iOS/Baseline
    

SwiftCompile normal arm64 /tmp/MYR175-Classify-Baseline-Mac/Build/Intermediates.noindex/MyRAM.build/Debug/MyRAMMac.build/DerivedSources/GeneratedAssetSymbols.swift (in target 'MyRAMMac' from project 'MyRAM')
    cd /Users/runner/work/MyRAM-iOS/MyRAM-iOS/Baseline
    

SwiftDriverJobDiscovery normal arm64 Compiling Folder.swift, MyRAMSchema.swift, PersistenceManager.swift, MacSidebarCollapsePolicy.swift, SyncBatchPayload.swift, SyncBatchAnchoredPayloadAdapter.swift, SyncBatchAnchoredPayloadPolicy.swift, SyncBatchPeerCapability.swift, SyncBatchTransportAdmissionPlanner.swift, SyncBatchEnvelope.swift, MultipeerSyncMessageEnvelope.swift, SyncBatchSeenBatchStore.swift, SyncBatchUTF16Helpers.swift, SyncBatchNoteChangeCapture.swift, SyncConvergenceTypes.swift, SyncConvergenceModels.swift, SyncConvergencePlanningTypes.swift, SyncConvergenceRewriteSafetyPolicy.swift, ExplicitDeleteProvenanceTypes.swift, ExplicitDeleteProvenanceBuilder.swift (in target 'MyRAMMac' from project 'MyRAM')

SwiftDriver MyRAMMacTests normal arm64 com.apple.xcode.tools.swift.compiler (in target 'MyRAMMacTests' from project 'MyRAM')
    cd /Users/runner/work/MyRAM-iOS/MyRAM-iOS/Baseline
    builtin-SwiftDriver -- /Applications/Xcode_26.5.app/Contents/Developer/Toolchains/XcodeDefault.xctoolchain/usr/bin/swiftc -module-name MyRAMMacTests -Onone @/tmp/MYR175-Classify-Baseline-Mac/Build/Intermediates.noindex/MyRAM.build/Debug/MyRAMMacTests.build/Objects-normal/arm64/MyRAMMacTests.SwiftFileList -DDEBUG -plugin-path /Applications/Xcode_26.5.app/Contents/Developer/Toolchains/XcodeDefault.xctoolchain/usr/lib/swift/host/plugins/testing -enable-bare-slash-regex -enable-experimental-feature DebugDescriptionMacro -sdk /Applications/Xcode_26.5.app/Contents/Developer/Platforms/MacOSX.platform/Developer/SDKs/MacOSX26.5.sdk -target arm64-apple-macos14.0 -g -module-cache-path /tmp/MYR175-Classify-Baseline-Mac/ModuleCache.noindex -Xfrontend -serialize-debugging-options -enable-testing -index-store-path /tmp/MYR175-Classify-Baseline-Mac/Index.noindex/DataStore -Xcc -D_LIBCPP_HARDENING_MODE\=_LIBCPP_HARDENING_MODE_DEBUG -swift-version 5 -I /tmp/MYR175-Classify-Baseline-Mac/Build/Products/Debug -Isystem /Applications/Xcode_26.5.app/Contents/Developer/Platforms/MacOSX.platform/Developer/usr/lib -F /tmp/MYR175-Classify-Baseline-Mac/Build/Products/Debug/PackageFrameworks -F /tmp/MYR175-Classify-Baseline-Mac/Build/Products/Debug/PackageFrameworks -F /tmp/MYR175-Classify-Baseline-Mac/Build/Products/Debug/PackageFrameworks -F /tmp/MYR175-Classify-Baseline-Mac/Build/Products/Debug -F /Applications/Xcode_26.5.app/Contents/Developer/Platforms/MacOSX.platform/Developer/Library/Frameworks -c -j3 -enable-batch-mode -incremental -Xcc -ivfsstatcache -Xcc /tmp/MYR175-Classify-Baseline-Mac/SDKStatCaches.noindex/macosx26.5-25F70-688ef53f1462e2c8f657fdc38a81448f3599ee76dc2a8020dfcb4b41ead48a8c.sdkstatcache -output-file-map /tmp/MYR175-Classify-Baseline-Mac/Build/Intermediates.noindex/MyRAM.build/Debug/MyRAMMacTests.build/Objects-normal/arm64/MyRAMMacTests-OutputFileMap.json -use-frontend-parseable-output -save-temps -no-color-diagnostics -explicit-module-build -module-cache-path /tmp/MYR175-Classify-Baseline-Mac/Build/Intermediates.noindex/SwiftExplicitPrecompiledModules -clang-scanner-module-cache-path /tmp/MYR175-Classify-Baseline-Mac/ModuleCache.noindex -sdk-module-cache-path /tmp/MYR175-Classify-Baseline-Mac/ModuleCache.noindex -serialize-diagnostics -emit-dependencies -emit-module -emit-module-path /tmp/MYR175-Classify-Baseline-Mac/Build/Intermediates.noindex/MyRAM.build/Debug/MyRAMMacTests.build/Objects-normal/arm64/MyRAMMacTests.swiftmodule -validate-clang-modules-once -clang-build-session-file /tmp/MYR175-Classify-Baseline-Mac/ModuleCache.noindex/Session.modulevalidation -Xcc -I/tmp/MYR175-Classify-Baseline-Mac/Build/Intermediates.noindex/MyRAM.build/Debug/MyRAMMacTests.build/swift-overrides.hmap -emit-const-values -Xfrontend -const-gather-protocols-file -Xfrontend /tmp/MYR175-Classify-Baseline-Mac/Build/Intermediates.noindex/MyRAM.build/Debug/MyRAMMacTests.build/Objects-normal/arm64/MyRAMMacTests_const_extract_protocols.json -Xcc -iquote -Xcc /tmp/MYR175-Classify-Baseline-Mac/Build/Intermediates.noindex/MyRAM.build/Debug/MyRAMMacTests.build/MyRAMMacTests-generated-files.hmap -Xcc -I/tmp/MYR175-Classify-Baseline-Mac/Build/Intermediates.noindex/MyRAM.build/Debug/MyRAMMacTests.build/MyRAMMacTests-own-target-headers.hmap -Xcc -I/tmp/MYR175-Classify-Baseline-Mac/Build/Intermediates.noindex/MyRAM.build/Debug/MyRAMMacTests.build/MyRAMMacTests-all-non-framework-target-headers.hmap -Xcc -ivfsoverlay -Xcc /tmp/MYR175-Classify-Baseline-Mac/Build/Intermediates.noindex/MyRAM.build/Debug/MyRAM-98a9cbde253e8e955bc92731eb290203-VFS/all-product-headers.yaml -Xcc -iquote -Xcc /tmp/MYR175-Classify-Baseline-Mac/Build/Intermediates.noindex/MyRAM.build/Debug/MyRAMMacTests.build/MyRAMMacTests-project-headers.hmap -Xcc -I/tmp/MYR175-Classify-Baseline-Mac/Build/Products/Debug/include -Xcc -I/tmp/MYR175-Classify-Baseline-Mac/Build/Intermediates.noindex/MyRAM.build/Debug/MyRAMMacTests.build/DerivedSources-normal/arm64 -Xcc -I/tmp/MYR175-Classify-Baseline-Mac/Build/Intermediates.noindex/MyRAM.build/Debug/MyRAMMacTests.build/DerivedSources/arm64 -Xcc -I/tmp/MYR175-Classify-Baseline-Mac/Build/Intermediates.noindex/MyRAM.build/Debug/MyRAMMacTests.build/DerivedSources -Xcc -DDEBUG\=1 -emit-objc-header -emit-objc-header-path /tmp/MYR175-Classify-Baseline-Mac/Build/Intermediates.noindex/MyRAM.build/Debug/MyRAMMacTests.build/Objects-normal/arm64/MyRAMMacTests-Swift.h -working-directory /Users/runner/work/MyRAM-iOS/MyRAM-iOS/Baseline -experimental-emit-module-separately -disable-cmo

SwiftDriverJobDiscovery normal arm64 Compiling MyRAMWidgetDeepLink.swift, MyRAMWidgetRuntimeConfiguration.swift, MyRAMWidgetSnapshotCodec.swift, MyRAMSyncChangeApplier.swift, MyRAMLegacySyncChangeValidator.swift, AppliedEditorMutation.swift, ActiveEditorApplicationPolicy.swift, ActiveEditorSyncUpdateHandler.swift, EditorSelectionMapper.swift, EditorRemoteApplyResult.swift, MacSyncModels.swift, MacSyncDeviceIdentity.swift, MacSyncSeenBatchStore.swift, MacSyncBatchAccumulator.swift, MacAppliedSyncBatch.swift, MacSyncBatchController.swift, MacSyncConvergenceCoordinator.swift, MacSyncConvergencePresentationAdapter.swift, MacLegacySyncReceiver.swift, GeneratedAssetSymbols.swift (in target 'MyRAMMac' from project 'MyRAM')

SwiftExplicitDependencyGeneratePcm arm64 /tmp/MYR175-Classify-Baseline-Mac/Build/Intermediates.noindex/SwiftExplicitPrecompiledModules/XCUIAutomation-B9N7EL2PKMFLXR30YWF6SWGPR.pcm

SwiftExplicitDependencyCompileModuleFromInterface arm64 /tmp/MYR175-Classify-Baseline-Mac/Build/Intermediates.noindex/SwiftExplicitPrecompiledModules/XCUIAutomation-3T04F42M4049E.swiftmodule

SwiftExplicitDependencyGeneratePcm arm64 /tmp/MYR175-Classify-Baseline-Mac/Build/Intermediates.noindex/SwiftExplicitPrecompiledModules/XCTest-91YOZOO1YURMG3T3H2KQHKGFS.pcm

SwiftExplicitDependencyCompileModuleFromInterface arm64 /tmp/MYR175-Classify-Baseline-Mac/Build/Intermediates.noindex/SwiftExplicitPrecompiledModules/XCTest-2JMEHVTNJHV6J.swiftmodule

SwiftEmitModule normal arm64 Emitting\ module\ for\ MyRAMMacTests (in target 'MyRAMMacTests' from project 'MyRAM')

EmitSwiftModule normal arm64 (in target 'MyRAMMacTests' from project 'MyRAM')
    cd /Users/runner/work/MyRAM-iOS/MyRAM-iOS/Baseline
    

SwiftCompile normal arm64 Compiling\ MacMarkdownFileIOIntegrationTests.swift,\ MarkdownPreviewParserTests.swift,\ MacMarkdownPreviewIntegrationTests.swift,\ MacNoteViewZoomTests.swift,\ MacMarkdownPreviewDocumentBuilderTests.swift,\ MacEditorTextColorPolicyTests.swift,\ MacSidebarCollapsePolicyTests.swift,\ SyncBatchEnvelopeV2Tests.swift,\ SyncBatchPeerCapabilityTests.swift,\ SyncBatchTransportAdmissionPlannerTests.swift,\ MacSyncDeviceIdentityTests.swift,\ MacSyncSeenBatchStoreTests.swift,\ MacSyncBatchAccumulatorTests.swift /Users/runner/work/MyRAM-iOS/MyRAM-iOS/Baseline/MyRAMMacTests/MacMarkdownFileIOIntegrationTests.swift /Users/runner/work/MyRAM-iOS/MyRAM-iOS/Baseline/MyRAMTests/MarkdownPreviewParserTests.swift /Users/runner/work/MyRAM-iOS/MyRAM-iOS/Baseline/MyRAMMacTests/MacMarkdownPreviewIntegrationTests.swift /Users/runner/work/MyRAM-iOS/MyRAM-iOS/Baseline/MyRAMMacTests/MacNoteViewZoomTests.swift /Users/runner/work/MyRAM-iOS/MyRAM-iOS/Baseline/MyRAMMacTests/MacMarkdownPreviewDocumentBuilderTests.swift /Users/runner/work/MyRAM-iOS/MyRAM-iOS/Baseline/MyRAMMacTests/MacEditorTextColorPolicyTests.swift /Users/runner/work/MyRAM-iOS/MyRAM-iOS/Baseline/MyRAMMacTests/MacSidebarCollapsePolicyTests.swift /Users/runner/work/MyRAM-iOS/MyRAM-iOS/Baseline/MyRAMMacTests/SyncBatchEnvelopeV2Tests.swift /Users/runner/work/MyRAM-iOS/MyRAM-iOS/Baseline/MyRAMMacTests/SyncBatchPeerCapabilityTests.swift /Users/runner/work/MyRAM-iOS/MyRAM-iOS/Baseline/MyRAMMacTests/SyncBatchTransportAdmissionPlannerTests.swift /Users/runner/work/MyRAM-iOS/MyRAM-iOS/Baseline/MyRAMMacTests/MacSyncDeviceIdentityTests.swift /Users/runner/work/MyRAM-iOS/MyRAM-iOS/Baseline/MyRAMMacTests/MacSyncSeenBatchStoreTests.swift /Users/runner/work/MyRAM-iOS/MyRAM-iOS/Baseline/MyRAMMacTests/MacSyncBatchAccumulatorTests.swift (in target 'MyRAMMacTests' from project 'MyRAM')

SwiftCompile normal arm64 /Users/runner/work/MyRAM-iOS/MyRAM-iOS/Baseline/MyRAMMacTests/MacMarkdownFileIOIntegrationTests.swift (in target 'MyRAMMacTests' from project 'MyRAM')
    cd /Users/runner/work/MyRAM-iOS/MyRAM-iOS/Baseline
    

SwiftCompile normal arm64 /Users/runner/work/MyRAM-iOS/MyRAM-iOS/Baseline/MyRAMTests/MarkdownPreviewParserTests.swift (in target 'MyRAMMacTests' from project 'MyRAM')
    cd /Users/runner/work/MyRAM-iOS/MyRAM-iOS/Baseline
    

SwiftCompile normal arm64 /Users/runner/work/MyRAM-iOS/MyRAM-iOS/Baseline/MyRAMMacTests/MacMarkdownPreviewIntegrationTests.swift (in target 'MyRAMMacTests' from project 'MyRAM')
    cd /Users/runner/work/MyRAM-iOS/MyRAM-iOS/Baseline
    

SwiftCompile normal arm64 /Users/runner/work/MyRAM-iOS/MyRAM-iOS/Baseline/MyRAMMacTests/MacNoteViewZoomTests.swift (in target 'MyRAMMacTests' from project 'MyRAM')
    cd /Users/runner/work/MyRAM-iOS/MyRAM-iOS/Baseline
    

SwiftCompile normal arm64 /Users/runner/work/MyRAM-iOS/MyRAM-iOS/Baseline/MyRAMMacTests/MacMarkdownPreviewDocumentBuilderTests.swift (in target 'MyRAMMacTests' from project 'MyRAM')
    cd /Users/runner/work/MyRAM-iOS/MyRAM-iOS/Baseline
    

SwiftCompile normal arm64 /Users/runner/work/MyRAM-iOS/MyRAM-iOS/Baseline/MyRAMMacTests/MacEditorTextColorPolicyTests.swift (in target 'MyRAMMacTests' from project 'MyRAM')
    cd /Users/runner/work/MyRAM-iOS/MyRAM-iOS/Baseline
    

SwiftCompile normal arm64 /Users/runner/work/MyRAM-iOS/MyRAM-iOS/Baseline/MyRAMMacTests/MacSidebarCollapsePolicyTests.swift (in target 'MyRAMMacTests' from project 'MyRAM')
    cd /Users/runner/work/MyRAM-iOS/MyRAM-iOS/Baseline
    

SwiftCompile normal arm64 /Users/runner/work/MyRAM-iOS/MyRAM-iOS/Baseline/MyRAMMacTests/SyncBatchEnvelopeV2Tests.swift (in target 'MyRAMMacTests' from project 'MyRAM')
    cd /Users/runner/work/MyRAM-iOS/MyRAM-iOS/Baseline
    

SwiftCompile normal arm64 /Users/runner/work/MyRAM-iOS/MyRAM-iOS/Baseline/MyRAMMacTests/SyncBatchPeerCapabilityTests.swift (in target 'MyRAMMacTests' from project 'MyRAM')
    cd /Users/runner/work/MyRAM-iOS/MyRAM-iOS/Baseline
    

SwiftCompile normal arm64 /Users/runner/work/MyRAM-iOS/MyRAM-iOS/Baseline/MyRAMMacTests/SyncBatchTransportAdmissionPlannerTests.swift (in target 'MyRAMMacTests' from project 'MyRAM')
    cd /Users/runner/work/MyRAM-iOS/MyRAM-iOS/Baseline
    

SwiftCompile normal arm64 /Users/runner/work/MyRAM-iOS/MyRAM-iOS/Baseline/MyRAMMacTests/MacSyncDeviceIdentityTests.swift (in target 'MyRAMMacTests' from project 'MyRAM')
    cd /Users/runner/work/MyRAM-iOS/MyRAM-iOS/Baseline
    

SwiftCompile normal arm64 /Users/runner/work/MyRAM-iOS/MyRAM-iOS/Baseline/MyRAMMacTests/MacSyncSeenBatchStoreTests.swift (in target 'MyRAMMacTests' from project 'MyRAM')
    cd /Users/runner/work/MyRAM-iOS/MyRAM-iOS/Baseline
    

SwiftCompile normal arm64 /Users/runner/work/MyRAM-iOS/MyRAM-iOS/Baseline/MyRAMMacTests/MacSyncBatchAccumulatorTests.swift (in target 'MyRAMMacTests' from project 'MyRAM')
    cd /Users/runner/work/MyRAM-iOS/MyRAM-iOS/Baseline
    

SwiftCompile normal arm64 Compiling\ MarkdownFileIOTests.swift,\ SwiftDataNoteSequenceStateStoreTests.swift,\ NoteSequenceStateFullBodyIntegrationTests.swift,\ NoteSequenceStateBootstrapMigratorTests.swift,\ MYR170MacFullBodyPathIntegrationTests.swift,\ MacStartupCoordinatorTests.swift,\ MyRAMSyncOperationIDAllocatorTests.swift,\ MacEditorSampleDocumentTests.swift,\ MacEditorSelectionMapperTests.swift,\ MacRemoteInsertionAttributePolicyTests.swift,\ MacIncomingSyncApplicationPolicyTests.swift,\ MacEditorSyncBridgeTests.swift,\ MacNotePersistenceAdapterTests.swift /Users/runner/work/MyRAM-iOS/MyRAM-iOS/Baseline/MyRAMTests/MarkdownFileIOTests.swift /Users/runner/work/MyRAM-iOS/MyRAM-iOS/Baseline/MyRAMTests/SwiftDataNoteSequenceStateStoreTests.swift /Users/runner/work/MyRAM-iOS/MyRAM-iOS/Baseline/MyRAMTests/NoteSequenceStateFullBodyIntegrationTests.swift /Users/runner/work/MyRAM-iOS/MyRAM-iOS/Baseline/MyRAMTests/NoteSequenceStateBootstrapMigratorTests.swift /Users/runner/work/MyRAM-iOS/MyRAM-iOS/Baseline/MyRAMMacTests/MYR170MacFullBodyPathIntegrationTests.swift /Users/runner/work/MyRAM-iOS/MyRAM-iOS/Baseline/MyRAMMacTests/MacStartupCoordinatorTests.swift /Users/runner/work/MyRAM-iOS/MyRAM-iOS/Baseline/MyRAMTests/MyRAMSyncOperationIDAllocatorTests.swift /Users/runner/work/MyRAM-iOS/MyRAM-iOS/Baseline/MyRAMMacTests/MacEditorSampleDocumentTests.swift /Users/runner/work/MyRAM-iOS/MyRAM-iOS/Baseline/MyRAMMacTests/MacEditorSelectionMapperTests.swift /Users/runner/work/MyRAM-iOS/MyRAM-iOS/Baseline/MyRAMMacTests/MacRemoteInsertionAttributePolicyTests.swift /Users/runner/work/MyRAM-iOS/MyRAM-iOS/Baseline/MyRAMMacTests/MacIncomingSyncApplicationPolicyTests.swift /Users/runner/work/MyRAM-iOS/MyRAM-iOS/Baseline/MyRAMMacTests/MacEditorSyncBridgeTests.swift /Users/runner/work/MyRAM-iOS/MyRAM-iOS/Baseline/MyRAMMacTests/MacNotePersistenceAdapterTests.swift (in target 'MyRAMMacTests' from project 'MyRAM')
SwiftCompile normal arm64 /Users/runner/work/MyRAM-iOS/MyRAM-iOS/Baseline/MyRAMTests/MarkdownFileIOTests.swift (in target 'MyRAMMacTests' from project 'MyRAM')
    cd /Users/runner/work/MyRAM-iOS/MyRAM-iOS/Baseline
    

SwiftCompile normal arm64 /Users/runner/work/MyRAM-iOS/MyRAM-iOS/Baseline/MyRAMTests/SwiftDataNoteSequenceStateStoreTests.swift (in target 'MyRAMMacTests' from project 'MyRAM')
    cd /Users/runner/work/MyRAM-iOS/MyRAM-iOS/Baseline
    

SwiftCompile normal arm64 /Users/runner/work/MyRAM-iOS/MyRAM-iOS/Baseline/MyRAMTests/NoteSequenceStateFullBodyIntegrationTests.swift (in target 'MyRAMMacTests' from project 'MyRAM')
    cd /Users/runner/work/MyRAM-iOS/MyRAM-iOS/Baseline
    

SwiftCompile normal arm64 /Users/runner/work/MyRAM-iOS/MyRAM-iOS/Baseline/MyRAMTests/NoteSequenceStateBootstrapMigratorTests.swift (in target 'MyRAMMacTests' from project 'MyRAM')
    cd /Users/runner/work/MyRAM-iOS/MyRAM-iOS/Baseline
    

SwiftCompile normal arm64 /Users/runner/work/MyRAM-iOS/MyRAM-iOS/Baseline/MyRAMMacTests/MYR170MacFullBodyPathIntegrationTests.swift (in target 'MyRAMMacTests' from project 'MyRAM')
    cd /Users/runner/work/MyRAM-iOS/MyRAM-iOS/Baseline
    

SwiftCompile normal arm64 /Users/runner/work/MyRAM-iOS/MyRAM-iOS/Baseline/MyRAMMacTests/MacStartupCoordinatorTests.swift (in target 'MyRAMMacTests' from project 'MyRAM')
    cd /Users/runner/work/MyRAM-iOS/MyRAM-iOS/Baseline
    

SwiftCompile normal arm64 /Users/runner/work/MyRAM-iOS/MyRAM-iOS/Baseline/MyRAMTests/MyRAMSyncOperationIDAllocatorTests.swift (in target 'MyRAMMacTests' from project 'MyRAM')
    cd /Users/runner/work/MyRAM-iOS/MyRAM-iOS/Baseline
    

SwiftCompile normal arm64 /Users/runner/work/MyRAM-iOS/MyRAM-iOS/Baseline/MyRAMMacTests/MacEditorSampleDocumentTests.swift (in target 'MyRAMMacTests' from project 'MyRAM')
    cd /Users/runner/work/MyRAM-iOS/MyRAM-iOS/Baseline
    

SwiftCompile normal arm64 /Users/runner/work/MyRAM-iOS/MyRAM-iOS/Baseline/MyRAMMacTests/MacEditorSelectionMapperTests.swift (in target 'MyRAMMacTests' from project 'MyRAM')
    cd /Users/runner/work/MyRAM-iOS/MyRAM-iOS/Baseline
    

SwiftCompile normal arm64 /Users/runner/work/MyRAM-iOS/MyRAM-iOS/Baseline/MyRAMMacTests/MacRemoteInsertionAttributePolicyTests.swift (in target 'MyRAMMacTests' from project 'MyRAM')
    cd /Users/runner/work/MyRAM-iOS/MyRAM-iOS/Baseline
    

SwiftCompile normal arm64 /Users/runner/work/MyRAM-iOS/MyRAM-iOS/Baseline/MyRAMMacTests/MacIncomingSyncApplicationPolicyTests.swift (in target 'MyRAMMacTests' from project 'MyRAM')
    cd /Users/runner/work/MyRAM-iOS/MyRAM-iOS/Baseline
    

SwiftCompile normal arm64 /Users/runner/work/MyRAM-iOS/MyRAM-iOS/Baseline/MyRAMMacTests/MacEditorSyncBridgeTests.swift (in target 'MyRAMMacTests' from project 'MyRAM')
    cd /Users/runner/work/MyRAM-iOS/MyRAM-iOS/Baseline
    

SwiftCompile normal arm64 /Users/runner/work/MyRAM-iOS/MyRAM-iOS/Baseline/MyRAMMacTests/MacNotePersistenceAdapterTests.swift (in target 'MyRAMMacTests' from project 'MyRAM')
    cd /Users/runner/work/MyRAM-iOS/MyRAM-iOS/Baseline
    

SwiftDriverJobDiscovery normal arm64 Emitting module for MyRAMMacTests (in target 'MyRAMMacTests' from project 'MyRAM')

SwiftDriver\ Compilation\ Requirements MyRAMMacTests normal arm64 com.apple.xcode.tools.swift.compiler (in target 'MyRAMMacTests' from project 'MyRAM')
    cd /Users/runner/work/MyRAM-iOS/MyRAM-iOS/Baseline
    builtin-Swift-Compilation-Requirements -- /Applications/Xcode_26.5.app/Contents/Developer/Toolchains/XcodeDefault.xctoolchain/usr/bin/swiftc -module-name MyRAMMacTests -Onone @/tmp/MYR175-Classify-Baseline-Mac/Build/Intermediates.noindex/MyRAM.build/Debug/MyRAMMacTests.build/Objects-normal/arm64/MyRAMMacTests.SwiftFileList -DDEBUG -plugin-path /Applications/Xcode_26.5.app/Contents/Developer/Toolchains/XcodeDefault.xctoolchain/usr/lib/swift/host/plugins/testing -enable-bare-slash-regex -enable-experimental-feature DebugDescriptionMacro -sdk /Applications/Xcode_26.5.app/Contents/Developer/Platforms/MacOSX.platform/Developer/SDKs/MacOSX26.5.sdk -target arm64-apple-macos14.0 -g -module-cache-path /tmp/MYR175-Classify-Baseline-Mac/ModuleCache.noindex -Xfrontend -serialize-debugging-options -enable-testing -index-store-path /tmp/MYR175-Classify-Baseline-Mac/Index.noindex/DataStore -Xcc -D_LIBCPP_HARDENING_MODE\=_LIBCPP_HARDENING_MODE_DEBUG -swift-version 5 -I /tmp/MYR175-Classify-Baseline-Mac/Build/Products/Debug -Isystem /Applications/Xcode_26.5.app/Contents/Developer/Platforms/MacOSX.platform/Developer/usr/lib -F /tmp/MYR175-Classify-Baseline-Mac/Build/Products/Debug/PackageFrameworks -F /tmp/MYR175-Classify-Baseline-Mac/Build/Products/Debug/PackageFrameworks -F /tmp/MYR175-Classify-Baseline-Mac/Build/Products/Debug/PackageFrameworks -F /tmp/MYR175-Classify-Baseline-Mac/Build/Products/Debug -F /Applications/Xcode_26.5.app/Contents/Developer/Platforms/MacOSX.platform/Developer/Library/Frameworks -c -j3 -enable-batch-mode -incremental -Xcc -ivfsstatcache -Xcc /tmp/MYR175-Classify-Baseline-Mac/SDKStatCaches.noindex/macosx26.5-25F70-688ef53f1462e2c8f657fdc38a81448f3599ee76dc2a8020dfcb4b41ead48a8c.sdkstatcache -output-file-map /tmp/MYR175-Classify-Baseline-Mac/Build/Intermediates.noindex/MyRAM.build/Debug/MyRAMMacTests.build/Objects-normal/arm64/MyRAMMacTests-OutputFileMap.json -use-frontend-parseable-output -save-temps -no-color-diagnostics -explicit-module-build -module-cache-path /tmp/MYR175-Classify-Baseline-Mac/Build/Intermediates.noindex/SwiftExplicitPrecompiledModules -clang-scanner-module-cache-path /tmp/MYR175-Classify-Baseline-Mac/ModuleCache.noindex -sdk-module-cache-path /tmp/MYR175-Classify-Baseline-Mac/ModuleCache.noindex -serialize-diagnostics -emit-dependencies -emit-module -emit-module-path /tmp/MYR175-Classify-Baseline-Mac/Build/Intermediates.noindex/MyRAM.build/Debug/MyRAMMacTests.build/Objects-normal/arm64/MyRAMMacTests.swiftmodule -validate-clang-modules-once -clang-build-session-file /tmp/MYR175-Classify-Baseline-Mac/ModuleCache.noindex/Session.modulevalidation -Xcc -I/tmp/MYR175-Classify-Baseline-Mac/Build/Intermediates.noindex/MyRAM.build/Debug/MyRAMMacTests.build/swift-overrides.hmap -emit-const-values -Xfrontend -const-gather-protocols-file -Xfrontend /tmp/MYR175-Classify-Baseline-Mac/Build/Intermediates.noindex/MyRAM.build/Debug/MyRAMMacTests.build/Objects-normal/arm64/MyRAMMacTests_const_extract_protocols.json -Xcc -iquote -Xcc /tmp/MYR175-Classify-Baseline-Mac/Build/Intermediates.noindex/MyRAM.build/Debug/MyRAMMacTests.build/MyRAMMacTests-generated-files.hmap -Xcc -I/tmp/MYR175-Classify-Baseline-Mac/Build/Intermediates.noindex/MyRAM.build/Debug/MyRAMMacTests.build/MyRAMMacTests-own-target-headers.hmap -Xcc -I/tmp/MYR175-Classify-Baseline-Mac/Build/Intermediates.noindex/MyRAM.build/Debug/MyRAMMacTests.build/MyRAMMacTests-all-non-framework-target-headers.hmap -Xcc -ivfsoverlay -Xcc /tmp/MYR175-Classify-Baseline-Mac/Build/Intermediates.noindex/MyRAM.build/Debug/MyRAM-98a9cbde253e8e955bc92731eb290203-VFS/all-product-headers.yaml -Xcc -iquote -Xcc /tmp/MYR175-Classify-Baseline-Mac/Build/Intermediates.noindex/MyRAM.build/Debug/MyRAMMacTests.build/MyRAMMacTests-project-headers.hmap -Xcc -I/tmp/MYR175-Classify-Baseline-Mac/Build/Products/Debug/include -Xcc -I/tmp/MYR175-Classify-Baseline-Mac/Build/Intermediates.noindex/MyRAM.build/Debug/MyRAMMacTests.build/DerivedSources-normal/arm64 -Xcc -I/tmp/MYR175-Classify-Baseline-Mac/Build/Intermediates.noindex/MyRAM.build/Debug/MyRAMMacTests.build/DerivedSources/arm64 -Xcc -I/tmp/MYR175-Classify-Baseline-Mac/Build/Intermediates.noindex/MyRAM.build/Debug/MyRAMMacTests.build/DerivedSources -Xcc -DDEBUG\=1 -emit-objc-header -emit-objc-header-path /tmp/MYR175-Classify-Baseline-Mac/Build/Intermediates.noindex/MyRAM.build/Debug/MyRAMMacTests.build/Objects-normal/arm64/MyRAMMacTests-Swift.h -working-directory /Users/runner/work/MyRAM-iOS/MyRAM-iOS/Baseline -experimental-emit-module-separately -disable-cmo

SwiftDriverJobDiscovery normal arm64 Compiling MacMarkdownFileIOIntegrationTests.swift, MarkdownPreviewParserTests.swift, MacMarkdownPreviewIntegrationTests.swift, MacNoteViewZoomTests.swift, MacMarkdownPreviewDocumentBuilderTests.swift, MacEditorTextColorPolicyTests.swift, MacSidebarCollapsePolicyTests.swift, SyncBatchEnvelopeV2Tests.swift, SyncBatchPeerCapabilityTests.swift, SyncBatchTransportAdmissionPlannerTests.swift, MacSyncDeviceIdentityTests.swift, MacSyncSeenBatchStoreTests.swift, MacSyncBatchAccumulatorTests.swift (in target 'MyRAMMacTests' from project 'MyRAM')

SwiftCompile normal arm64 Compiling\ MacExplicitDeleteProvenanceTests.swift,\ MacSyncBatchControllerTests.swift,\ MacSyncConvergencePresentationAdapterTests.swift,\ MacSyncConvergenceCoordinatorTests.swift,\ MacSyncIncomingLocalBoundaryTests.swift,\ MacLegacySyncReceiverTests.swift,\ SyncBatchUnsentQueueTests.swift,\ SyncConvergencePlanningTests.swift,\ SyncConvergenceRewriteSafetyPolicyTests.swift,\ SyncConvergenceIncorporationTests.swift,\ SyncConvergencePostCommitTests.swift,\ SyncConvergencePostCommitTestDoubles.swift,\ SyncConvergenceIdentityTestSupport.swift /Users/runner/work/MyRAM-iOS/MyRAM-iOS/Baseline/MyRAMMacTests/MacExplicitDeleteProvenanceTests.swift /Users/runner/work/MyRAM-iOS/MyRAM-iOS/Baseline/MyRAMMacTests/MacSyncBatchControllerTests.swift /Users/runner/work/MyRAM-iOS/MyRAM-iOS/Baseline/MyRAMMacTests/MacSyncConvergencePresentationAdapterTests.swift /Users/runner/work/MyRAM-iOS/MyRAM-iOS/Baseline/MyRAMMacTests/MacSyncConvergenceCoordinatorTests.swift /Users/runner/work/MyRAM-iOS/MyRAM-iOS/Baseline/MyRAMMacTests/MacSyncIncomingLocalBoundaryTests.swift /Users/runner/work/MyRAM-iOS/MyRAM-iOS/Baseline/MyRAMMacTests/MacLegacySyncReceiverTests.swift /Users/runner/work/MyRAM-iOS/MyRAM-iOS/Baseline/MyRAMTests/SyncBatchUnsentQueueTests.swift /Users/runner/work/MyRAM-iOS/MyRAM-iOS/Baseline/MyRAMTests/SyncConvergencePlanningTests.swift /Users/runner/work/MyRAM-iOS/MyRAM-iOS/Baseline/MyRAMTests/SyncConvergenceRewriteSafetyPolicyTests.swift /Users/runner/work/MyRAM-iOS/MyRAM-iOS/Baseline/MyRAMTests/SyncConvergenceIncorporationTests.swift /Users/runner/work/MyRAM-iOS/MyRAM-iOS/Baseline/MyRAMTests/SyncConvergencePostCommitTests.swift /Users/runner/work/MyRAM-iOS/MyRAM-iOS/Baseline/MyRAMTests/SyncConvergencePostCommitTestDoubles.swift /Users/runner/work/MyRAM-iOS/MyRAM-iOS/Baseline/MyRAMTests/SyncConvergenceIdentityTestSupport.swift (in target 'MyRAMMacTests' from project 'MyRAM')
SwiftCompile normal arm64 /Users/runner/work/MyRAM-iOS/MyRAM-iOS/Baseline/MyRAMMacTests/MacExplicitDeleteProvenanceTests.swift (in target 'MyRAMMacTests' from project 'MyRAM')
    cd /Users/runner/work/MyRAM-iOS/MyRAM-iOS/Baseline
    

SwiftCompile normal arm64 /Users/runner/work/MyRAM-iOS/MyRAM-iOS/Baseline/MyRAMMacTests/MacSyncBatchControllerTests.swift (in target 'MyRAMMacTests' from project 'MyRAM')
    cd /Users/runner/work/MyRAM-iOS/MyRAM-iOS/Baseline
    

SwiftCompile normal arm64 /Users/runner/work/MyRAM-iOS/MyRAM-iOS/Baseline/MyRAMMacTests/MacSyncConvergencePresentationAdapterTests.swift (in target 'MyRAMMacTests' from project 'MyRAM')
    cd /Users/runner/work/MyRAM-iOS/MyRAM-iOS/Baseline
    

SwiftCompile normal arm64 /Users/runner/work/MyRAM-iOS/MyRAM-iOS/Baseline/MyRAMMacTests/MacSyncConvergenceCoordinatorTests.swift (in target 'MyRAMMacTests' from project 'MyRAM')
    cd /Users/runner/work/MyRAM-iOS/MyRAM-iOS/Baseline
    

SwiftCompile normal arm64 /Users/runner/work/MyRAM-iOS/MyRAM-iOS/Baseline/MyRAMMacTests/MacSyncIncomingLocalBoundaryTests.swift (in target 'MyRAMMacTests' from project 'MyRAM')
    cd /Users/runner/work/MyRAM-iOS/MyRAM-iOS/Baseline
    

SwiftCompile normal arm64 /Users/runner/work/MyRAM-iOS/MyRAM-iOS/Baseline/MyRAMMacTests/MacLegacySyncReceiverTests.swift (in target 'MyRAMMacTests' from project 'MyRAM')
    cd /Users/runner/work/MyRAM-iOS/MyRAM-iOS/Baseline
    

SwiftCompile normal arm64 /Users/runner/work/MyRAM-iOS/MyRAM-iOS/Baseline/MyRAMTests/SyncBatchUnsentQueueTests.swift (in target 'MyRAMMacTests' from project 'MyRAM')
    cd /Users/runner/work/MyRAM-iOS/MyRAM-iOS/Baseline
    

SwiftCompile normal arm64 /Users/runner/work/MyRAM-iOS/MyRAM-iOS/Baseline/MyRAMTests/SyncConvergencePlanningTests.swift (in target 'MyRAMMacTests' from project 'MyRAM')
    cd /Users/runner/work/MyRAM-iOS/MyRAM-iOS/Baseline
    

SwiftCompile normal arm64 /Users/runner/work/MyRAM-iOS/MyRAM-iOS/Baseline/MyRAMTests/SyncConvergenceRewriteSafetyPolicyTests.swift (in target 'MyRAMMacTests' from project 'MyRAM')
    cd /Users/runner/work/MyRAM-iOS/MyRAM-iOS/Baseline
    

SwiftCompile normal arm64 /Users/runner/work/MyRAM-iOS/MyRAM-iOS/Baseline/MyRAMTests/SyncConvergenceIncorporationTests.swift (in target 'MyRAMMacTests' from project 'MyRAM')
    cd /Users/runner/work/MyRAM-iOS/MyRAM-iOS/Baseline
    

SwiftCompile normal arm64 /Users/runner/work/MyRAM-iOS/MyRAM-iOS/Baseline/MyRAMTests/SyncConvergencePostCommitTests.swift (in target 'MyRAMMacTests' from project 'MyRAM')
    cd /Users/runner/work/MyRAM-iOS/MyRAM-iOS/Baseline
    

SwiftCompile normal arm64 /Users/runner/work/MyRAM-iOS/MyRAM-iOS/Baseline/MyRAMTests/SyncConvergencePostCommitTestDoubles.swift (in target 'MyRAMMacTests' from project 'MyRAM')
    cd /Users/runner/work/MyRAM-iOS/MyRAM-iOS/Baseline
    

SwiftCompile normal arm64 /Users/runner/work/MyRAM-iOS/MyRAM-iOS/Baseline/MyRAMTests/SyncConvergenceIdentityTestSupport.swift (in target 'MyRAMMacTests' from project 'MyRAM')
    cd /Users/runner/work/MyRAM-iOS/MyRAM-iOS/Baseline
    

SwiftMergeGeneratedHeaders /tmp/MYR175-Classify-Baseline-Mac/Build/Intermediates.noindex/MyRAM.build/Debug/MyRAMMacTests.build/DerivedSources/MyRAMMacTests-Swift.h /tmp/MYR175-Classify-Baseline-Mac/Build/Intermediates.noindex/MyRAM.build/Debug/MyRAMMacTests.build/Objects-normal/arm64/MyRAMMacTests-Swift.h (in target 'MyRAMMacTests' from project 'MyRAM')
    cd /Users/runner/work/MyRAM-iOS/MyRAM-iOS/Baseline
    builtin-swiftHeaderTool -arch arm64 /tmp/MYR175-Classify-Baseline-Mac/Build/Intermediates.noindex/MyRAM.build/Debug/MyRAMMacTests.build/Objects-normal/arm64/MyRAMMacTests-Swift.h -o /tmp/MYR175-Classify-Baseline-Mac/Build/Intermediates.noindex/MyRAM.build/Debug/MyRAMMacTests.build/DerivedSources/MyRAMMacTests-Swift.h

SwiftDriverJobDiscovery normal arm64 Compiling ExplicitDeleteProvenanceValidator.swift, SyncConvergencePlanner.swift, IncrementalEditIntegrationTypes.swift, RetainedOperationCausalGraph.swift, SwiftDataSyncConvergencePersistenceTransaction.swift, SyncConvergencePostCommitTypes.swift, SyncConvergencePostCommitGating.swift, SwiftDataSyncConvergencePostCommitStore.swift, SyncConvergencePostCommitExecutor.swift, SyncConvergenceLocalObligation.swift, FileBackedSyncConvergenceLocalObligationQueue.swift, SyncConvergenceDrainPassScheduler.swift, SyncConvergenceRuntime.swift, SyncBatchUnsentQueue.swift, FileBackedSyncBatchQueue.swift, MyRAMSyncModels.swift, SyncConflictStore.swift, MyRAMWidgetContentSelectionPolicy.swift, MyRAMWidgetSnapshotStore.swift, MyRAMWidgetSnapshot.swift (in target 'MyRAMMac' from project 'MyRAM')

Copy /tmp/MYR175-Classify-Baseline-Mac/Build/Products/Debug/MyRAMMacTests.swiftmodule/arm64-apple-macos.swiftmodule /tmp/MYR175-Classify-Baseline-Mac/Build/Intermediates.noindex/MyRAM.build/Debug/MyRAMMacTests.build/Objects-normal/arm64/MyRAMMacTests.swiftmodule (in target 'MyRAMMacTests' from project 'MyRAM')
    cd /Users/runner/work/MyRAM-iOS/MyRAM-iOS/Baseline
    builtin-copy -exclude .DS_Store -exclude CVS -exclude .svn -exclude .git -exclude .hg -resolve-src-symlinks -rename /tmp/MYR175-Classify-Baseline-Mac/Build/Intermediates.noindex/MyRAM.build/Debug/MyRAMMacTests.build/Objects-normal/arm64/MyRAMMacTests.swiftmodule /tmp/MYR175-Classify-Baseline-Mac/Build/Products/Debug/MyRAMMacTests.swiftmodule/arm64-apple-macos.swiftmodule

Copy /tmp/MYR175-Classify-Baseline-Mac/Build/Products/Debug/MyRAMMacTests.swiftmodule/arm64-apple-macos.swiftdoc /tmp/MYR175-Classify-Baseline-Mac/Build/Intermediates.noindex/MyRAM.build/Debug/MyRAMMacTests.build/Objects-normal/arm64/MyRAMMacTests.swiftdoc (in target 'MyRAMMacTests' from project 'MyRAM')
    cd /Users/runner/work/MyRAM-iOS/MyRAM-iOS/Baseline
    builtin-copy -exclude .DS_Store -exclude CVS -exclude .svn -exclude .git -exclude .hg -resolve-src-symlinks -rename /tmp/MYR175-Classify-Baseline-Mac/Build/Intermediates.noindex/MyRAM.build/Debug/MyRAMMacTests.build/Objects-normal/arm64/MyRAMMacTests.swiftdoc /tmp/MYR175-Classify-Baseline-Mac/Build/Products/Debug/MyRAMMacTests.swiftmodule/arm64-apple-macos.swiftdoc

Copy /tmp/MYR175-Classify-Baseline-Mac/Build/Products/Debug/MyRAMMacTests.swiftmodule/arm64-apple-macos.abi.json /tmp/MYR175-Classify-Baseline-Mac/Build/Intermediates.noindex/MyRAM.build/Debug/MyRAMMacTests.build/Objects-normal/arm64/MyRAMMacTests.abi.json (in target 'MyRAMMacTests' from project 'MyRAM')
    cd /Users/runner/work/MyRAM-iOS/MyRAM-iOS/Baseline
    builtin-copy -exclude .DS_Store -exclude CVS -exclude .svn -exclude .git -exclude .hg -resolve-src-symlinks -rename /tmp/MYR175-Classify-Baseline-Mac/Build/Intermediates.noindex/MyRAM.build/Debug/MyRAMMacTests.build/Objects-normal/arm64/MyRAMMacTests.abi.json /tmp/MYR175-Classify-Baseline-Mac/Build/Products/Debug/MyRAMMacTests.swiftmodule/arm64-apple-macos.abi.json

Copy /tmp/MYR175-Classify-Baseline-Mac/Build/Products/Debug/MyRAMMacTests.swiftmodule/Project/arm64-apple-macos.swiftsourceinfo /tmp/MYR175-Classify-Baseline-Mac/Build/Intermediates.noindex/MyRAM.build/Debug/MyRAMMacTests.build/Objects-normal/arm64/MyRAMMacTests.swiftsourceinfo (in target 'MyRAMMacTests' from project 'MyRAM')
    cd /Users/runner/work/MyRAM-iOS/MyRAM-iOS/Baseline
    builtin-copy -exclude .DS_Store -exclude CVS -exclude .svn -exclude .git -exclude .hg -resolve-src-symlinks -rename /tmp/MYR175-Classify-Baseline-Mac/Build/Intermediates.noindex/MyRAM.build/Debug/MyRAMMacTests.build/Objects-normal/arm64/MyRAMMacTests.swiftsourceinfo /tmp/MYR175-Classify-Baseline-Mac/Build/Products/Debug/MyRAMMacTests.swiftmodule/Project/arm64-apple-macos.swiftsourceinfo

SwiftDriver\ Compilation MyRAMMac normal arm64 com.apple.xcode.tools.swift.compiler (in target 'MyRAMMac' from project 'MyRAM')
    cd /Users/runner/work/MyRAM-iOS/MyRAM-iOS/Baseline
    builtin-Swift-Compilation -- /Applications/Xcode_26.5.app/Contents/Developer/Toolchains/XcodeDefault.xctoolchain/usr/bin/swiftc -module-name MyRAMMac -Onone @/tmp/MYR175-Classify-Baseline-Mac/Build/Intermediates.noindex/MyRAM.build/Debug/MyRAMMac.build/Objects-normal/arm64/MyRAMMac.SwiftFileList -DDEBUG -enable-bare-slash-regex -enable-experimental-feature DebugDescriptionMacro -sdk /Applications/Xcode_26.5.app/Contents/Developer/Platforms/MacOSX.platform/Developer/SDKs/MacOSX26.5.sdk -target arm64-apple-macos14.0 -g -module-cache-path /tmp/MYR175-Classify-Baseline-Mac/ModuleCache.noindex -Xfrontend -serialize-debugging-options -enable-testing -index-store-path /tmp/MYR175-Classify-Baseline-Mac/Index.noindex/DataStore -Xcc -D_LIBCPP_HARDENING_MODE\=_LIBCPP_HARDENING_MODE_DEBUG -swift-version 5 -I /tmp/MYR175-Classify-Baseline-Mac/Build/Products/Debug -F /tmp/MYR175-Classify-Baseline-Mac/Build/Products/Debug/PackageFrameworks -F /tmp/MYR175-Classify-Baseline-Mac/Build/Products/Debug/PackageFrameworks -F /tmp/MYR175-Classify-Baseline-Mac/Build/Products/Debug -emit-localized-strings -emit-localized-strings-path /tmp/MYR175-Classify-Baseline-Mac/Build/Intermediates.noindex/MyRAM.build/Debug/MyRAMMac.build/Objects-normal/arm64 -c -j3 -enable-batch-mode -incremental -Xcc -ivfsstatcache -Xcc /tmp/MYR175-Classify-Baseline-Mac/SDKStatCaches.noindex/macosx26.5-25F70-688ef53f1462e2c8f657fdc38a81448f3599ee76dc2a8020dfcb4b41ead48a8c.sdkstatcache -output-file-map /tmp/MYR175-Classify-Baseline-Mac/Build/Intermediates.noindex/MyRAM.build/Debug/MyRAMMac.build/Objects-normal/arm64/MyRAMMac-OutputFileMap.json -use-frontend-parseable-output -save-temps -no-color-diagnostics -explicit-module-build -module-cache-path /tmp/MYR175-Classify-Baseline-Mac/Build/Intermediates.noindex/SwiftExplicitPrecompiledModules -clang-scanner-module-cache-path /tmp/MYR175-Classify-Baseline-Mac/ModuleCache.noindex -sdk-module-cache-path /tmp/MYR175-Classify-Baseline-Mac/ModuleCache.noindex -serialize-diagnostics -emit-dependencies -emit-module -emit-module-path /tmp/MYR175-Classify-Baseline-Mac/Build/Intermediates.noindex/MyRAM.build/Debug/MyRAMMac.build/Objects-normal/arm64/MyRAMMac.swiftmodule -validate-clang-modules-once -clang-build-session-file /tmp/MYR175-Classify-Baseline-Mac/ModuleCache.noindex/Session.modulevalidation -Xcc -I/tmp/MYR175-Classify-Baseline-Mac/Build/Intermediates.noindex/MyRAM.build/Debug/MyRAMMac.build/swift-overrides.hmap -emit-const-values -Xfrontend -const-gather-protocols-file -Xfrontend /tmp/MYR175-Classify-Baseline-Mac/Build/Intermediates.noindex/MyRAM.build/Debug/MyRAMMac.build/Objects-normal/arm64/MyRAMMac_const_extract_protocols.json -Xcc -iquote -Xcc /tmp/MYR175-Classify-Baseline-Mac/Build/Intermediates.noindex/MyRAM.build/Debug/MyRAMMac.build/MyRAMMac-generated-files.hmap -Xcc -I/tmp/MYR175-Classify-Baseline-Mac/Build/Intermediates.noindex/MyRAM.build/Debug/MyRAMMac.build/MyRAMMac-own-target-headers.hmap -Xcc -I/tmp/MYR175-Classify-Baseline-Mac/Build/Intermediates.noindex/MyRAM.build/Debug/MyRAMMac.build/MyRAMMac-all-non-framework-target-headers.hmap -Xcc -ivfsoverlay -Xcc /tmp/MYR175-Classify-Baseline-Mac/Build/Intermediates.noindex/MyRAM.build/Debug/MyRAM-98a9cbde253e8e955bc92731eb290203-VFS/all-product-headers.yaml -Xcc -iquote -Xcc /tmp/MYR175-Classify-Baseline-Mac/Build/Intermediates.noindex/MyRAM.build/Debug/MyRAMMac.build/MyRAMMac-project-headers.hmap -Xcc -I/tmp/MYR175-Classify-Baseline-Mac/Build/Products/Debug/include -Xcc -I/tmp/MYR175-Classify-Baseline-Mac/Build/Intermediates.noindex/MyRAM.build/Debug/MyRAMMac.build/DerivedSources-normal/arm64 -Xcc -I/tmp/MYR175-Classify-Baseline-Mac/Build/Intermediates.noindex/MyRAM.build/Debug/MyRAMMac.build/DerivedSources/arm64 -Xcc -I/tmp/MYR175-Classify-Baseline-Mac/Build/Intermediates.noindex/MyRAM.build/Debug/MyRAMMac.build/DerivedSources -Xcc -DDEBUG\=1 -emit-objc-header -emit-objc-header-path /tmp/MYR175-Classify-Baseline-Mac/Build/Intermediates.noindex/MyRAM.build/Debug/MyRAMMac.build/Objects-normal/arm64/MyRAMMac-Swift.h -working-directory /Users/runner/work/MyRAM-iOS/MyRAM-iOS/Baseline -experimental-emit-module-separately -disable-cmo

Ld /tmp/MYR175-Classify-Baseline-Mac/Build/Products/Debug/MyRAMMac.app/Contents/MacOS/MyRAMMac.debug.dylib normal (in target 'MyRAMMac' from project 'MyRAM')
    cd /Users/runner/work/MyRAM-iOS/MyRAM-iOS/Baseline
    /Applications/Xcode_26.5.app/Contents/Developer/Toolchains/XcodeDefault.xctoolchain/usr/bin/clang -Xlinker -reproducible -target arm64-apple-macos14.0 -dynamiclib -isysroot /Applications/Xcode_26.5.app/Contents/Developer/Platforms/MacOSX.platform/Developer/SDKs/MacOSX26.5.sdk -O0 -L/tmp/MYR175-Classify-Baseline-Mac/Build/Intermediates.noindex/EagerLinkingTBDs/Debug -L/tmp/MYR175-Classify-Baseline-Mac/Build/Products/Debug -F/tmp/MYR175-Classify-Baseline-Mac/Build/Intermediates.noindex/EagerLinkingTBDs/Debug -F/tmp/MYR175-Classify-Baseline-Mac/Build/Products/Debug/PackageFrameworks -F/tmp/MYR175-Classify-Baseline-Mac/Build/Products/Debug/PackageFrameworks -F/tmp/MYR175-Classify-Baseline-Mac/Build/Products/Debug -filelist /tmp/MYR175-Classify-Baseline-Mac/Build/Intermediates.noindex/MyRAM.build/Debug/MyRAMMac.build/Objects-normal/arm64/MyRAMMac.LinkFileList -install_name @rpath/MyRAMMac.debug.dylib -Xlinker -rpath -Xlinker /usr/lib/swift -Xlinker -rpath -Xlinker /tmp/MYR175-Classify-Baseline-Mac/Build/Products/Debug/PackageFrameworks -Xlinker -rpath -Xlinker @executable_path/../Frameworks -Xlinker -object_path_lto -Xlinker /tmp/MYR175-Classify-Baseline-Mac/Build/Intermediates.noindex/MyRAM.build/Debug/MyRAMMac.build/Objects-normal/arm64/MyRAMMac_lto.o -rdynamic -Xlinker -no_deduplicate -Xlinker -dependency_info -Xlinker /tmp/MYR175-Classify-Baseline-Mac/Build/Intermediates.noindex/MyRAM.build/Debug/MyRAMMac.build/Objects-normal/arm64/MyRAMMac_dependency_info.dat -fobjc-link-runtime -L/Applications/Xcode_26.5.app/Contents/Developer/Toolchains/XcodeDefault.xctoolchain/usr/lib/swift/macosx -L/usr/lib/swift -Xlinker -add_ast_path -Xlinker /tmp/MYR175-Classify-Baseline-Mac/Build/Intermediates.noindex/MyRAM.build/Debug/MyRAMMac.build/Objects-normal/arm64/MyRAMMac.swiftmodule @/tmp/MYR175-Classify-Baseline-Mac/Build/Intermediates.noindex/MyRAM.build/Debug/MyRAMMac.build/Objects-normal/arm64/MyRAMMac-linker-args.resp -Wl,-no_warn_duplicate_libraries -Wl,-no_warn_duplicate_libraries -Xlinker -alias -Xlinker _main -Xlinker ___debug_main_executable_dylib_entry_point /tmp/MYR175-Classify-Baseline-Mac/Build/Products/Debug/PackageFrameworks/AnchoredSequenceCore_-65B9EEE52AB2106_PackageProduct.framework/Versions/A/AnchoredSequenceCore_-65B9EEE52AB2106_PackageProduct -Xlinker -no_adhoc_codesign -o /tmp/MYR175-Classify-Baseline-Mac/Build/Products/Debug/MyRAMMac.app/Contents/MacOS/MyRAMMac.debug.dylib -Xlinker -add_ast_path -Xlinker /tmp/MYR175-Classify-Baseline-Mac/Build/Intermediates.noindex/NearbySyncCore.build/Debug/NearbySyncCore.build/Objects-normal/arm64/NearbySyncCore.swiftmodule @/tmp/MYR175-Classify-Baseline-Mac/Build/Intermediates.noindex/NearbySyncCore.build/Debug/NearbySyncCore.build/Objects-normal/arm64/NearbySyncCore-linker-args.resp

ConstructStubExecutorLinkFileList /tmp/MYR175-Classify-Baseline-Mac/Build/Intermediates.noindex/MyRAM.build/Debug/MyRAMMac.build/MyRAMMac-ExecutorLinkFileList-normal-arm64.txt (in target 'MyRAMMac' from project 'MyRAM')
    cd /Users/runner/work/MyRAM-iOS/MyRAM-iOS/Baseline
    construct-stub-executor-link-file-list /tmp/MYR175-Classify-Baseline-Mac/Build/Products/Debug/MyRAMMac.app/Contents/MacOS/MyRAMMac.debug.dylib /Applications/Xcode_26.5.app/Contents/Developer/Platforms/MacOSX.platform/Developer/usr/lib/libPreviewsJITStubExecutor_no_swift_entry_point.a /Applications/Xcode_26.5.app/Contents/Developer/Platforms/MacOSX.platform/Developer/usr/lib/libPreviewsJITStubExecutor.a --output /tmp/MYR175-Classify-Baseline-Mac/Build/Intermediates.noindex/MyRAM.build/Debug/MyRAMMac.build/MyRAMMac-ExecutorLinkFileList-normal-arm64.txt
note: Using stub executor library with Swift entry point. (in target 'MyRAMMac' from project 'MyRAM')

Ld /tmp/MYR175-Classify-Baseline-Mac/Build/Products/Debug/MyRAMMac.app/Contents/MacOS/MyRAMMac normal (in target 'MyRAMMac' from project 'MyRAM')
    cd /Users/runner/work/MyRAM-iOS/MyRAM-iOS/Baseline
    /Applications/Xcode_26.5.app/Contents/Developer/Toolchains/XcodeDefault.xctoolchain/usr/bin/clang -Xlinker -reproducible -target arm64-apple-macos14.0 -isysroot /Applications/Xcode_26.5.app/Contents/Developer/Platforms/MacOSX.platform/Developer/SDKs/MacOSX26.5.sdk -O0 -L/tmp/MYR175-Classify-Baseline-Mac/Build/Products/Debug -F/tmp/MYR175-Classify-Baseline-Mac/Build/Products/Debug/PackageFrameworks -F/tmp/MYR175-Classify-Baseline-Mac/Build/Products/Debug/PackageFrameworks -F/tmp/MYR175-Classify-Baseline-Mac/Build/Products/Debug -Xlinker -rpath -Xlinker @executable_path -Xlinker -rpath -Xlinker /tmp/MYR175-Classify-Baseline-Mac/Build/Products/Debug/PackageFrameworks -Xlinker -rpath -Xlinker @executable_path/../Frameworks -rdynamic -Xlinker -no_deduplicate -e ___debug_blank_executor_main -Xlinker -sectcreate -Xlinker __TEXT -Xlinker __debug_dylib -Xlinker /tmp/MYR175-Classify-Baseline-Mac/Build/Intermediates.noindex/MyRAM.build/Debug/MyRAMMac.build/MyRAMMac-DebugDylibPath-normal-arm64.txt -Xlinker -sectcreate -Xlinker __TEXT -Xlinker __debug_instlnm -Xlinker /tmp/MYR175-Classify-Baseline-Mac/Build/Intermediates.noindex/MyRAM.build/Debug/MyRAMMac.build/MyRAMMac-DebugDylibInstallName-normal-arm64.txt -Xlinker -filelist -Xlinker /tmp/MYR175-Classify-Baseline-Mac/Build/Intermediates.noindex/MyRAM.build/Debug/MyRAMMac.build/MyRAMMac-ExecutorLinkFileList-normal-arm64.txt /tmp/MYR175-Classify-Baseline-Mac/Build/Products/Debug/MyRAMMac.app/Contents/MacOS/MyRAMMac.debug.dylib -Xlinker -no_adhoc_codesign -o /tmp/MYR175-Classify-Baseline-Mac/Build/Products/Debug/MyRAMMac.app/Contents/MacOS/MyRAMMac

Copy /tmp/MYR175-Classify-Baseline-Mac/Build/Products/Debug/MyRAMMac.app/Contents/PlugIns/MyRAMMacWidgetExtension.appex /tmp/MYR175-Classify-Baseline-Mac/Build/Products/Debug/MyRAMMacWidgetExtension.appex (in target 'MyRAMMac' from project 'MyRAM')
    cd /Users/runner/work/MyRAM-iOS/MyRAM-iOS/Baseline
    builtin-copy -exclude .DS_Store -exclude CVS -exclude .svn -exclude .git -exclude .hg -exclude Headers -exclude PrivateHeaders -exclude Modules -exclude \*.tbd -resolve-src-symlinks -remove-static-executable /tmp/MYR175-Classify-Baseline-Mac/Build/Products/Debug/MyRAMMacWidgetExtension.appex /tmp/MYR175-Classify-Baseline-Mac/Build/Products/Debug/MyRAMMac.app/Contents/PlugIns

ProcessInfoPlistFile /tmp/MYR175-Classify-Baseline-Mac/Build/Products/Debug/MyRAMMac.app/Contents/Info.plist /Users/runner/work/MyRAM-iOS/MyRAM-iOS/Baseline/MyRAM/Mac/Info.plist (in target 'MyRAMMac' from project 'MyRAM')
    cd /Users/runner/work/MyRAM-iOS/MyRAM-iOS/Baseline
    builtin-infoPlistUtility /Users/runner/work/MyRAM-iOS/MyRAM-iOS/Baseline/MyRAM/Mac/Info.plist -producttype com.apple.product-type.application -genpkginfo /tmp/MYR175-Classify-Baseline-Mac/Build/Products/Debug/MyRAMMac.app/Contents/PkgInfo -expandbuildsettings -platform macosx -additionalcontentfile /tmp/MYR175-Classify-Baseline-Mac/Build/Intermediates.noindex/MyRAM.build/Debug/MyRAMMac.build/assetcatalog_generated_info.plist -scanforprivacyfile /tmp/MYR175-Classify-Baseline-Mac/Build/Products/Debug/MyRAMMac.app/Contents/Frameworks/AnchoredSequenceCore_-65B9EEE52AB2106_PackageProduct.framework -scanforprivacyfile /tmp/MYR175-Classify-Baseline-Mac/Build/Products/Debug/MyRAMMac.app/Contents/PlugIns/MyRAMMacWidgetExtension.appex -o /tmp/MYR175-Classify-Baseline-Mac/Build/Products/Debug/MyRAMMac.app/Contents/Info.plist

ExtractAppIntentsMetadata (in target 'MyRAMMac' from project 'MyRAM')
    cd /Users/runner/work/MyRAM-iOS/MyRAM-iOS/Baseline
    /Applications/Xcode_26.5.app/Contents/Developer/Toolchains/XcodeDefault.xctoolchain/usr/bin/appintentsmetadataprocessor --toolchain-dir /var/run/com.apple.security.cryptexd/mnt/com.apple.MobileAsset.MetalToolchain-v17.6.42.0.es00zl/Metal.xctoolchain --module-name MyRAMMac --sdk-root /Applications/Xcode_26.5.app/Contents/Developer/Platforms/MacOSX.platform/Developer/SDKs/MacOSX26.5.sdk --xcode-version 17F42 --platform-family macOS --deployment-target 14.0 --bundle-identifier com.northsignalstudio.myram.mac.dev --output /tmp/MYR175-Classify-Baseline-Mac/Build/Products/Debug/MyRAMMac.app/Contents/Resources --target-triple arm64-apple-macos14.0 --binary-file /tmp/MYR175-Classify-Baseline-Mac/Build/Products/Debug/MyRAMMac.app/Contents/MacOS/MyRAMMac --dependency-file /tmp/MYR175-Classify-Baseline-Mac/Build/Intermediates.noindex/MyRAM.build/Debug/MyRAMMac.build/Objects-normal/arm64/MyRAMMac_dependency_info.dat --stringsdata-file /tmp/MYR175-Classify-Baseline-Mac/Build/Intermediates.noindex/MyRAM.build/Debug/MyRAMMac.build/Objects-normal/arm64/ExtractedAppShortcutsMetadata.stringsdata --source-file-list /tmp/MYR175-Classify-Baseline-Mac/Build/Intermediates.noindex/MyRAM.build/Debug/MyRAMMac.build/Objects-normal/arm64/MyRAMMac.SwiftFileList --metadata-file-list /tmp/MYR175-Classify-Baseline-Mac/Build/Intermediates.noindex/MyRAM.build/Debug/MyRAMMac.build/MyRAMMac.DependencyMetadataFileList --static-metadata-file-list /tmp/MYR175-Classify-Baseline-Mac/Build/Intermediates.noindex/MyRAM.build/Debug/MyRAMMac.build/MyRAMMac.DependencyStaticMetadataFileList --swift-const-vals-list /tmp/MYR175-Classify-Baseline-Mac/Build/Intermediates.noindex/MyRAM.build/Debug/MyRAMMac.build/Objects-normal/arm64/MyRAMMac.SwiftConstValuesFileList --compile-time-extraction --deployment-aware-processing --validate-assistant-intents --no-app-shortcuts-localization
2026-08-04 15:32:40.719 appintentsmetadataprocessor[6686:23368] Starting appintentsmetadataprocessor export
2026-08-04 15:32:40.824 appintentsmetadataprocessor[6686:23368] Extracted no relevant App Intents symbols, skipping writing output

CopySwiftLibs /tmp/MYR175-Classify-Baseline-Mac/Build/Products/Debug/MyRAMMac.app (in target 'MyRAMMac' from project 'MyRAM')
    cd /Users/runner/work/MyRAM-iOS/MyRAM-iOS/Baseline
    builtin-swiftStdLibTool --copy --verbose --sign - --scan-executable /tmp/MYR175-Classify-Baseline-Mac/Build/Products/Debug/MyRAMMac.app/Contents/MacOS/MyRAMMac.debug.dylib --scan-folder /tmp/MYR175-Classify-Baseline-Mac/Build/Products/Debug/MyRAMMac.app/Contents/Frameworks --scan-folder /tmp/MYR175-Classify-Baseline-Mac/Build/Products/Debug/MyRAMMac.app/Contents/PlugIns --scan-folder /tmp/MYR175-Classify-Baseline-Mac/Build/Products/Debug/MyRAMMac.app/Contents/Library/SystemExtensions --scan-folder /tmp/MYR175-Classify-Baseline-Mac/Build/Products/Debug/MyRAMMac.app/Contents/Extensions --scan-folder /tmp/MYR175-Classify-Baseline-Mac/Build/Products/Debug/PackageFrameworks/AnchoredSequenceCore_-65B9EEE52AB2106_PackageProduct.framework --platform macosx --toolchain /var/run/com.apple.security.cryptexd/mnt/com.apple.MobileAsset.MetalToolchain-v17.6.42.0.es00zl/Metal.xctoolchain --toolchain /Applications/Xcode_26.5.app/Contents/Developer/Toolchains/XcodeDefault.xctoolchain --destination /tmp/MYR175-Classify-Baseline-Mac/Build/Products/Debug/MyRAMMac.app/Contents/Frameworks --strip-bitcode --strip-bitcode-tool /Applications/Xcode_26.5.app/Contents/Developer/Toolchains/XcodeDefault.xctoolchain/usr/bin/bitcode_strip --emit-dependency-info /tmp/MYR175-Classify-Baseline-Mac/Build/Intermediates.noindex/MyRAM.build/Debug/MyRAMMac.build/SwiftStdLibToolInputDependencies.dep --filter-for-swift-os --back-deploy-swift-span

ProcessInfoPlistFile /tmp/MYR175-Classify-Baseline-Mac/Build/Products/Debug/MyRAMMac.app/Contents/PlugIns/MyRAMMacTests.xctest/Contents/Info.plist /tmp/MYR175-Classify-Baseline-Mac/Build/Intermediates.noindex/MyRAM.build/Debug/MyRAMMacTests.build/empty-MyRAMMacTests.plist (in target 'MyRAMMacTests' from project 'MyRAM')
    cd /Users/runner/work/MyRAM-iOS/MyRAM-iOS/Baseline
    builtin-infoPlistUtility /tmp/MYR175-Classify-Baseline-Mac/Build/Intermediates.noindex/MyRAM.build/Debug/MyRAMMacTests.build/empty-MyRAMMacTests.plist -producttype com.apple.product-type.bundle.unit-test -expandbuildsettings -platform macosx -o /tmp/MYR175-Classify-Baseline-Mac/Build/Products/Debug/MyRAMMac.app/Contents/PlugIns/MyRAMMacTests.xctest/Contents/Info.plist

Copy /tmp/MYR175-Classify-Baseline-Mac/Build/Products/Debug/MyRAMMac.app/Contents/PlugIns/MyRAMMacTests.xctest/Contents/Frameworks/AnchoredSequenceCore_-65B9EEE52AB2106_PackageProduct.framework /tmp/MYR175-Classify-Baseline-Mac/Build/Products/Debug/PackageFrameworks/AnchoredSequenceCore_-65B9EEE52AB2106_PackageProduct.framework (in target 'MyRAMMacTests' from project 'MyRAM')
    cd /Users/runner/work/MyRAM-iOS/MyRAM-iOS/Baseline
    builtin-copy -exclude .DS_Store -exclude CVS -exclude .svn -exclude .git -exclude .hg -resolve-src-symlinks -remove-static-executable /tmp/MYR175-Classify-Baseline-Mac/Build/Products/Debug/PackageFrameworks/AnchoredSequenceCore_-65B9EEE52AB2106_PackageProduct.framework /tmp/MYR175-Classify-Baseline-Mac/Build/Products/Debug/MyRAMMac.app/Contents/PlugIns/MyRAMMacTests.xctest/Contents/Frameworks

CodeSign /tmp/MYR175-Classify-Baseline-Mac/Build/Products/Debug/MyRAMMac.app/Contents/PlugIns/MyRAMMacTests.xctest/Contents/Frameworks/AnchoredSequenceCore_-65B9EEE52AB2106_PackageProduct.framework/Versions/A (in target 'MyRAMMacTests' from project 'MyRAM')
    cd /Users/runner/work/MyRAM-iOS/MyRAM-iOS/Baseline
    
    Signing Identity:     "Sign to Run Locally"
    
    /usr/bin/codesign --force --sign - --timestamp\=none --preserve-metadata\=identifier,entitlements,flags --generate-entitlement-der /tmp/MYR175-Classify-Baseline-Mac/Build/Products/Debug/MyRAMMac.app/Contents/PlugIns/MyRAMMacTests.xctest/Contents/Frameworks/AnchoredSequenceCore_-65B9EEE52AB2106_PackageProduct.framework/Versions/A
/tmp/MYR175-Classify-Baseline-Mac/Build/Products/Debug/MyRAMMac.app/Contents/PlugIns/MyRAMMacTests.xctest/Contents/Frameworks/AnchoredSequenceCore_-65B9EEE52AB2106_PackageProduct.framework/Versions/A: replacing existing signature

SwiftDriverJobDiscovery normal arm64 Compiling MarkdownFileIOTests.swift, SwiftDataNoteSequenceStateStoreTests.swift, NoteSequenceStateFullBodyIntegrationTests.swift, NoteSequenceStateBootstrapMigratorTests.swift, MYR170MacFullBodyPathIntegrationTests.swift, MacStartupCoordinatorTests.swift, MyRAMSyncOperationIDAllocatorTests.swift, MacEditorSampleDocumentTests.swift, MacEditorSelectionMapperTests.swift, MacRemoteInsertionAttributePolicyTests.swift, MacIncomingSyncApplicationPolicyTests.swift, MacEditorSyncBridgeTests.swift, MacNotePersistenceAdapterTests.swift (in target 'MyRAMMacTests' from project 'MyRAM')

SwiftDriverJobDiscovery normal arm64 Compiling MacExplicitDeleteProvenanceTests.swift, MacSyncBatchControllerTests.swift, MacSyncConvergencePresentationAdapterTests.swift, MacSyncConvergenceCoordinatorTests.swift, MacSyncIncomingLocalBoundaryTests.swift, MacLegacySyncReceiverTests.swift, SyncBatchUnsentQueueTests.swift, SyncConvergencePlanningTests.swift, SyncConvergenceRewriteSafetyPolicyTests.swift, SyncConvergenceIncorporationTests.swift, SyncConvergencePostCommitTests.swift, SyncConvergencePostCommitTestDoubles.swift, SyncConvergenceIdentityTestSupport.swift (in target 'MyRAMMacTests' from project 'MyRAM')

SwiftDriver\ Compilation MyRAMMacTests normal arm64 com.apple.xcode.tools.swift.compiler (in target 'MyRAMMacTests' from project 'MyRAM')
    cd /Users/runner/work/MyRAM-iOS/MyRAM-iOS/Baseline
    builtin-Swift-Compilation -- /Applications/Xcode_26.5.app/Contents/Developer/Toolchains/XcodeDefault.xctoolchain/usr/bin/swiftc -module-name MyRAMMacTests -Onone @/tmp/MYR175-Classify-Baseline-Mac/Build/Intermediates.noindex/MyRAM.build/Debug/MyRAMMacTests.build/Objects-normal/arm64/MyRAMMacTests.SwiftFileList -DDEBUG -plugin-path /Applications/Xcode_26.5.app/Contents/Developer/Toolchains/XcodeDefault.xctoolchain/usr/lib/swift/host/plugins/testing -enable-bare-slash-regex -enable-experimental-feature DebugDescriptionMacro -sdk /Applications/Xcode_26.5.app/Contents/Developer/Platforms/MacOSX.platform/Developer/SDKs/MacOSX26.5.sdk -target arm64-apple-macos14.0 -g -module-cache-path /tmp/MYR175-Classify-Baseline-Mac/ModuleCache.noindex -Xfrontend -serialize-debugging-options -enable-testing -index-store-path /tmp/MYR175-Classify-Baseline-Mac/Index.noindex/DataStore -Xcc -D_LIBCPP_HARDENING_MODE\=_LIBCPP_HARDENING_MODE_DEBUG -swift-version 5 -I /tmp/MYR175-Classify-Baseline-Mac/Build/Products/Debug -Isystem /Applications/Xcode_26.5.app/Contents/Developer/Platforms/MacOSX.platform/Developer/usr/lib -F /tmp/MYR175-Classify-Baseline-Mac/Build/Products/Debug/PackageFrameworks -F /tmp/MYR175-Classify-Baseline-Mac/Build/Products/Debug/PackageFrameworks -F /tmp/MYR175-Classify-Baseline-Mac/Build/Products/Debug/PackageFrameworks -F /tmp/MYR175-Classify-Baseline-Mac/Build/Products/Debug -F /Applications/Xcode_26.5.app/Contents/Developer/Platforms/MacOSX.platform/Developer/Library/Frameworks -c -j3 -enable-batch-mode -incremental -Xcc -ivfsstatcache -Xcc /tmp/MYR175-Classify-Baseline-Mac/SDKStatCaches.noindex/macosx26.5-25F70-688ef53f1462e2c8f657fdc38a81448f3599ee76dc2a8020dfcb4b41ead48a8c.sdkstatcache -output-file-map /tmp/MYR175-Classify-Baseline-Mac/Build/Intermediates.noindex/MyRAM.build/Debug/MyRAMMacTests.build/Objects-normal/arm64/MyRAMMacTests-OutputFileMap.json -use-frontend-parseable-output -save-temps -no-color-diagnostics -explicit-module-build -module-cache-path /tmp/MYR175-Classify-Baseline-Mac/Build/Intermediates.noindex/SwiftExplicitPrecompiledModules -clang-scanner-module-cache-path /tmp/MYR175-Classify-Baseline-Mac/ModuleCache.noindex -sdk-module-cache-path /tmp/MYR175-Classify-Baseline-Mac/ModuleCache.noindex -serialize-diagnostics -emit-dependencies -emit-module -emit-module-path /tmp/MYR175-Classify-Baseline-Mac/Build/Intermediates.noindex/MyRAM.build/Debug/MyRAMMacTests.build/Objects-normal/arm64/MyRAMMacTests.swiftmodule -validate-clang-modules-once -clang-build-session-file /tmp/MYR175-Classify-Baseline-Mac/ModuleCache.noindex/Session.modulevalidation -Xcc -I/tmp/MYR175-Classify-Baseline-Mac/Build/Intermediates.noindex/MyRAM.build/Debug/MyRAMMacTests.build/swift-overrides.hmap -emit-const-values -Xfrontend -const-gather-protocols-file -Xfrontend /tmp/MYR175-Classify-Baseline-Mac/Build/Intermediates.noindex/MyRAM.build/Debug/MyRAMMacTests.build/Objects-normal/arm64/MyRAMMacTests_const_extract_protocols.json -Xcc -iquote -Xcc /tmp/MYR175-Classify-Baseline-Mac/Build/Intermediates.noindex/MyRAM.build/Debug/MyRAMMacTests.build/MyRAMMacTests-generated-files.hmap -Xcc -I/tmp/MYR175-Classify-Baseline-Mac/Build/Intermediates.noindex/MyRAM.build/Debug/MyRAMMacTests.build/MyRAMMacTests-own-target-headers.hmap -Xcc -I/tmp/MYR175-Classify-Baseline-Mac/Build/Intermediates.noindex/MyRAM.build/Debug/MyRAMMacTests.build/MyRAMMacTests-all-non-framework-target-headers.hmap -Xcc -ivfsoverlay -Xcc /tmp/MYR175-Classify-Baseline-Mac/Build/Intermediates.noindex/MyRAM.build/Debug/MyRAM-98a9cbde253e8e955bc92731eb290203-VFS/all-product-headers.yaml -Xcc -iquote -Xcc /tmp/MYR175-Classify-Baseline-Mac/Build/Intermediates.noindex/MyRAM.build/Debug/MyRAMMacTests.build/MyRAMMacTests-project-headers.hmap -Xcc -I/tmp/MYR175-Classify-Baseline-Mac/Build/Products/Debug/include -Xcc -I/tmp/MYR175-Classify-Baseline-Mac/Build/Intermediates.noindex/MyRAM.build/Debug/MyRAMMacTests.build/DerivedSources-normal/arm64 -Xcc -I/tmp/MYR175-Classify-Baseline-Mac/Build/Intermediates.noindex/MyRAM.build/Debug/MyRAMMacTests.build/DerivedSources/arm64 -Xcc -I/tmp/MYR175-Classify-Baseline-Mac/Build/Intermediates.noindex/MyRAM.build/Debug/MyRAMMacTests.build/DerivedSources -Xcc -DDEBUG\=1 -emit-objc-header -emit-objc-header-path /tmp/MYR175-Classify-Baseline-Mac/Build/Intermediates.noindex/MyRAM.build/Debug/MyRAMMacTests.build/Objects-normal/arm64/MyRAMMacTests-Swift.h -working-directory /Users/runner/work/MyRAM-iOS/MyRAM-iOS/Baseline -experimental-emit-module-separately -disable-cmo

Ld /tmp/MYR175-Classify-Baseline-Mac/Build/Products/Debug/MyRAMMac.app/Contents/PlugIns/MyRAMMacTests.xctest/Contents/MacOS/MyRAMMacTests normal (in target 'MyRAMMacTests' from project 'MyRAM')
    cd /Users/runner/work/MyRAM-iOS/MyRAM-iOS/Baseline
    /Applications/Xcode_26.5.app/Contents/Developer/Toolchains/XcodeDefault.xctoolchain/usr/bin/clang -Xlinker -reproducible -target arm64-apple-macos14.0 -bundle -isysroot /Applications/Xcode_26.5.app/Contents/Developer/Platforms/MacOSX.platform/Developer/SDKs/MacOSX26.5.sdk -O0 -L/tmp/MYR175-Classify-Baseline-Mac/Build/Intermediates.noindex/EagerLinkingTBDs/Debug -L/tmp/MYR175-Classify-Baseline-Mac/Build/Products/Debug -L/Applications/Xcode_26.5.app/Contents/Developer/Platforms/MacOSX.platform/Developer/usr/lib -F/tmp/MYR175-Classify-Baseline-Mac/Build/Intermediates.noindex/EagerLinkingTBDs/Debug -F/tmp/MYR175-Classify-Baseline-Mac/Build/Products/Debug/PackageFrameworks -F/tmp/MYR175-Classify-Baseline-Mac/Build/Products/Debug/PackageFrameworks -F/tmp/MYR175-Classify-Baseline-Mac/Build/Products/Debug/PackageFrameworks -F/tmp/MYR175-Classify-Baseline-Mac/Build/Products/Debug -iframework /Applications/Xcode_26.5.app/Contents/Developer/Platforms/MacOSX.platform/Developer/Library/Frameworks -filelist /tmp/MYR175-Classify-Baseline-Mac/Build/Intermediates.noindex/MyRAM.build/Debug/MyRAMMacTests.build/Objects-normal/arm64/MyRAMMacTests.LinkFileList -Xlinker -rpath -Xlinker /usr/lib/swift -Xlinker -rpath -Xlinker /tmp/MYR175-Classify-Baseline-Mac/Build/Products/Debug/PackageFrameworks -Xlinker -rpath -Xlinker @loader_path/../Frameworks -Xlinker -rpath -Xlinker @executable_path/../Frameworks -bundle_loader /tmp/MYR175-Classify-Baseline-Mac/Build/Products/Debug/MyRAMMac.app/Contents/MacOS/MyRAMMac -Xlinker -object_path_lto -Xlinker /tmp/MYR175-Classify-Baseline-Mac/Build/Intermediates.noindex/MyRAM.build/Debug/MyRAMMacTests.build/Objects-normal/arm64/MyRAMMacTests_lto.o -rdynamic -Xlinker -no_deduplicate -Xlinker -dependency_info -Xlinker /tmp/MYR175-Classify-Baseline-Mac/Build/Intermediates.noindex/MyRAM.build/Debug/MyRAMMacTests.build/Objects-normal/arm64/MyRAMMacTests_dependency_info.dat -fobjc-link-runtime -L/Applications/Xcode_26.5.app/Contents/Developer/Toolchains/XcodeDefault.xctoolchain/usr/lib/swift/macosx -L/usr/lib/swift -Xlinker -add_ast_path -Xlinker /tmp/MYR175-Classify-Baseline-Mac/Build/Intermediates.noindex/MyRAM.build/Debug/MyRAMMacTests.build/Objects-normal/arm64/MyRAMMacTests.swiftmodule @/tmp/MYR175-Classify-Baseline-Mac/Build/Intermediates.noindex/MyRAM.build/Debug/MyRAMMacTests.build/Objects-normal/arm64/MyRAMMacTests-linker-args.resp -Wl,-no_warn_duplicate_libraries -Wl,-no_warn_duplicate_libraries -Wl,-no_warn_duplicate_libraries -Xlinker -needed_framework -Xlinker XCTest -framework XCTest -Xlinker -needed-lXCTestSwiftSupport -lXCTestSwiftSupport /tmp/MYR175-Classify-Baseline-Mac/Build/Products/Debug/PackageFrameworks/AnchoredSequenceCore_-65B9EEE52AB2106_PackageProduct.framework/Versions/A/AnchoredSequenceCore_-65B9EEE52AB2106_PackageProduct /tmp/MYR175-Classify-Baseline-Mac/Build/Products/Debug/MyRAMMac.app/Contents/MacOS/MyRAMMac.debug.dylib -Xlinker -no_adhoc_codesign -o /tmp/MYR175-Classify-Baseline-Mac/Build/Products/Debug/MyRAMMac.app/Contents/PlugIns/MyRAMMacTests.xctest/Contents/MacOS/MyRAMMacTests

CopySwiftLibs /tmp/MYR175-Classify-Baseline-Mac/Build/Products/Debug/MyRAMMac.app/Contents/PlugIns/MyRAMMacTests.xctest (in target 'MyRAMMacTests' from project 'MyRAM')
    cd /Users/runner/work/MyRAM-iOS/MyRAM-iOS/Baseline
    builtin-swiftStdLibTool --copy --verbose --sign - --scan-executable /tmp/MYR175-Classify-Baseline-Mac/Build/Products/Debug/MyRAMMac.app/Contents/PlugIns/MyRAMMacTests.xctest/Contents/MacOS/MyRAMMacTests --scan-folder /tmp/MYR175-Classify-Baseline-Mac/Build/Products/Debug/MyRAMMac.app/Contents/PlugIns/MyRAMMacTests.xctest/Contents/Frameworks --scan-folder /tmp/MYR175-Classify-Baseline-Mac/Build/Products/Debug/MyRAMMac.app/Contents/PlugIns/MyRAMMacTests.xctest/Contents/PlugIns --scan-folder /tmp/MYR175-Classify-Baseline-Mac/Build/Products/Debug/MyRAMMac.app/Contents/PlugIns/MyRAMMacTests.xctest/Contents/Library/SystemExtensions --scan-folder /tmp/MYR175-Classify-Baseline-Mac/Build/Products/Debug/MyRAMMac.app/Contents/PlugIns/MyRAMMacTests.xctest/Contents/Extensions --scan-folder /tmp/MYR175-Classify-Baseline-Mac/Build/Products/Debug/PackageFrameworks/AnchoredSequenceCore_-65B9EEE52AB2106_PackageProduct.framework --platform macosx --toolchain /var/run/com.apple.security.cryptexd/mnt/com.apple.MobileAsset.MetalToolchain-v17.6.42.0.es00zl/Metal.xctoolchain --toolchain /Applications/Xcode_26.5.app/Contents/Developer/Toolchains/XcodeDefault.xctoolchain --destination /tmp/MYR175-Classify-Baseline-Mac/Build/Products/Debug/MyRAMMac.app/Contents/PlugIns/MyRAMMacTests.xctest/Contents/Frameworks --strip-bitcode --scan-executable /Applications/Xcode_26.5.app/Contents/Developer/Platforms/MacOSX.platform/Developer/usr/lib/libXCTestSwiftSupport.dylib --strip-bitcode-tool /Applications/Xcode_26.5.app/Contents/Developer/Toolchains/XcodeDefault.xctoolchain/usr/bin/bitcode_strip --emit-dependency-info /tmp/MYR175-Classify-Baseline-Mac/Build/Intermediates.noindex/MyRAM.build/Debug/MyRAMMacTests.build/SwiftStdLibToolInputDependencies.dep --filter-for-swift-os --back-deploy-swift-span

ExtractAppIntentsMetadata (in target 'MyRAMMacTests' from project 'MyRAM')
    cd /Users/runner/work/MyRAM-iOS/MyRAM-iOS/Baseline
    /Applications/Xcode_26.5.app/Contents/Developer/Toolchains/XcodeDefault.xctoolchain/usr/bin/appintentsmetadataprocessor --toolchain-dir /var/run/com.apple.security.cryptexd/mnt/com.apple.MobileAsset.MetalToolchain-v17.6.42.0.es00zl/Metal.xctoolchain --module-name MyRAMMacTests --sdk-root /Applications/Xcode_26.5.app/Contents/Developer/Platforms/MacOSX.platform/Developer/SDKs/MacOSX26.5.sdk --xcode-version 17F42 --platform-family macOS --deployment-target 14.0 --bundle-identifier com.northsignalstudio.myram.mac.tests --output /tmp/MYR175-Classify-Baseline-Mac/Build/Products/Debug/MyRAMMac.app/Contents/PlugIns/MyRAMMacTests.xctest/Contents/Resources --target-triple arm64-apple-macos14.0 --binary-file /tmp/MYR175-Classify-Baseline-Mac/Build/Products/Debug/MyRAMMac.app/Contents/PlugIns/MyRAMMacTests.xctest/Contents/MacOS/MyRAMMacTests --dependency-file /tmp/MYR175-Classify-Baseline-Mac/Build/Intermediates.noindex/MyRAM.build/Debug/MyRAMMacTests.build/Objects-normal/arm64/MyRAMMacTests_dependency_info.dat --stringsdata-file /tmp/MYR175-Classify-Baseline-Mac/Build/Intermediates.noindex/MyRAM.build/Debug/MyRAMMacTests.build/Objects-normal/arm64/ExtractedAppShortcutsMetadata.stringsdata --source-file-list /tmp/MYR175-Classify-Baseline-Mac/Build/Intermediates.noindex/MyRAM.build/Debug/MyRAMMacTests.build/Objects-normal/arm64/MyRAMMacTests.SwiftFileList --metadata-file-list /tmp/MYR175-Classify-Baseline-Mac/Build/Intermediates.noindex/MyRAM.build/Debug/MyRAMMacTests.build/MyRAMMacTests.DependencyMetadataFileList --static-metadata-file-list /tmp/MYR175-Classify-Baseline-Mac/Build/Intermediates.noindex/MyRAM.build/Debug/MyRAMMacTests.build/MyRAMMacTests.DependencyStaticMetadataFileList --swift-const-vals-list /tmp/MYR175-Classify-Baseline-Mac/Build/Intermediates.noindex/MyRAM.build/Debug/MyRAMMacTests.build/Objects-normal/arm64/MyRAMMacTests.SwiftConstValuesFileList --compile-time-extraction --deployment-aware-processing --validate-assistant-intents --no-app-shortcuts-localization
2026-08-04 15:32:50.636 appintentsmetadataprocessor[6967:24084] Starting appintentsmetadataprocessor export
2026-08-04 15:32:50.646 appintentsmetadataprocessor[6967:24084] Extracted no relevant App Intents symbols, skipping writing output

CodeSign /tmp/MYR175-Classify-Baseline-Mac/Build/Products/Debug/MyRAMMac.app/Contents/PlugIns/MyRAMMacTests.xctest (in target 'MyRAMMacTests' from project 'MyRAM')
    cd /Users/runner/work/MyRAM-iOS/MyRAM-iOS/Baseline
    
    Signing Identity:     "Sign to Run Locally"
    
    /usr/bin/codesign --force --sign - --timestamp\=none --generate-entitlement-der /tmp/MYR175-Classify-Baseline-Mac/Build/Products/Debug/MyRAMMac.app/Contents/PlugIns/MyRAMMacTests.xctest

RegisterExecutionPolicyException /tmp/MYR175-Classify-Baseline-Mac/Build/Products/Debug/MyRAMMac.app/Contents/PlugIns/MyRAMMacTests.xctest (in target 'MyRAMMacTests' from project 'MyRAM')
    cd /Users/runner/work/MyRAM-iOS/MyRAM-iOS/Baseline
    builtin-RegisterExecutionPolicyException /tmp/MYR175-Classify-Baseline-Mac/Build/Products/Debug/MyRAMMac.app/Contents/PlugIns/MyRAMMacTests.xctest

Touch /tmp/MYR175-Classify-Baseline-Mac/Build/Products/Debug/MyRAMMac.app/Contents/PlugIns/MyRAMMacTests.xctest (in target 'MyRAMMacTests' from project 'MyRAM')
    cd /Users/runner/work/MyRAM-iOS/MyRAM-iOS/Baseline
    /usr/bin/touch -c /tmp/MYR175-Classify-Baseline-Mac/Build/Products/Debug/MyRAMMac.app/Contents/PlugIns/MyRAMMacTests.xctest

CodeSign /tmp/MYR175-Classify-Baseline-Mac/Build/Products/Debug/MyRAMMac.app/Contents/MacOS/MyRAMMac.debug.dylib (in target 'MyRAMMac' from project 'MyRAM')
    cd /Users/runner/work/MyRAM-iOS/MyRAM-iOS/Baseline
    
    Signing Identity:     "Sign to Run Locally"
    
    /usr/bin/codesign --force --sign - --timestamp\=none --generate-entitlement-der /tmp/MYR175-Classify-Baseline-Mac/Build/Products/Debug/MyRAMMac.app/Contents/MacOS/MyRAMMac.debug.dylib

CodeSign /tmp/MYR175-Classify-Baseline-Mac/Build/Products/Debug/MyRAMMac.app/Contents/MacOS/__preview.dylib (in target 'MyRAMMac' from project 'MyRAM')
    cd /Users/runner/work/MyRAM-iOS/MyRAM-iOS/Baseline
    
    Signing Identity:     "Sign to Run Locally"
    
    /usr/bin/codesign --force --sign - --timestamp\=none --generate-entitlement-der /tmp/MYR175-Classify-Baseline-Mac/Build/Products/Debug/MyRAMMac.app/Contents/MacOS/__preview.dylib

CodeSign /tmp/MYR175-Classify-Baseline-Mac/Build/Products/Debug/MyRAMMac.app (in target 'MyRAMMac' from project 'MyRAM')
    cd /Users/runner/work/MyRAM-iOS/MyRAM-iOS/Baseline
    
    Signing Identity:     "Sign to Run Locally"
    
    /usr/bin/codesign --force --sign - --entitlements /tmp/MYR175-Classify-Baseline-Mac/Build/Intermediates.noindex/MyRAM.build/Debug/MyRAMMac.build/MyRAMMac.app.xcent --timestamp\=none --generate-entitlement-der /tmp/MYR175-Classify-Baseline-Mac/Build/Products/Debug/MyRAMMac.app

ValidateEmbeddedBinary /tmp/MYR175-Classify-Baseline-Mac/Build/Products/Debug/MyRAMMac.app/Contents/PlugIns/MyRAMMacWidgetExtension.appex (in target 'MyRAMMac' from project 'MyRAM')
    cd /Users/runner/work/MyRAM-iOS/MyRAM-iOS/Baseline
    /Applications/Xcode_26.5.app/Contents/Developer/usr/bin/embeddedBinaryValidationUtility /tmp/MYR175-Classify-Baseline-Mac/Build/Products/Debug/MyRAMMac.app/Contents/PlugIns/MyRAMMacWidgetExtension.appex -signing-cert - -info-plist-path /tmp/MYR175-Classify-Baseline-Mac/Build/Products/Debug/MyRAMMac.app/Contents/Info.plist

RegisterExecutionPolicyException /tmp/MYR175-Classify-Baseline-Mac/Build/Products/Debug/MyRAMMac.app (in target 'MyRAMMac' from project 'MyRAM')
    cd /Users/runner/work/MyRAM-iOS/MyRAM-iOS/Baseline
    builtin-RegisterExecutionPolicyException /tmp/MYR175-Classify-Baseline-Mac/Build/Products/Debug/MyRAMMac.app

Validate /tmp/MYR175-Classify-Baseline-Mac/Build/Products/Debug/MyRAMMac.app (in target 'MyRAMMac' from project 'MyRAM')
    cd /Users/runner/work/MyRAM-iOS/MyRAM-iOS/Baseline
    builtin-validationUtility /tmp/MYR175-Classify-Baseline-Mac/Build/Products/Debug/MyRAMMac.app -no-validate-extension -infoplist-subpath Contents/Info.plist

Touch /tmp/MYR175-Classify-Baseline-Mac/Build/Products/Debug/MyRAMMac.app (in target 'MyRAMMac' from project 'MyRAM')
    cd /Users/runner/work/MyRAM-iOS/MyRAM-iOS/Baseline
    /usr/bin/touch -c /tmp/MYR175-Classify-Baseline-Mac/Build/Products/Debug/MyRAMMac.app

RegisterWithLaunchServices /tmp/MYR175-Classify-Baseline-Mac/Build/Products/Debug/MyRAMMac.app (in target 'MyRAMMac' from project 'MyRAM')
    cd /Users/runner/work/MyRAM-iOS/MyRAM-iOS/Baseline
    /System/Library/Frameworks/CoreServices.framework/Versions/Current/Frameworks/LaunchServices.framework/Versions/Current/Support/lsregister -f -R -trusted /tmp/MYR175-Classify-Baseline-Mac/Build/Products/Debug/MyRAMMac.app

note: Disabling hardened runtime with ad-hoc codesigning. (in target 'MyRAMMacWidgetExtension' from project 'MyRAM')
note: Disabling hardened runtime with ad-hoc codesigning. (in target 'MyRAMMac' from project 'MyRAM')
2026-08-04 15:32:53.274981+0000 MyRAMMac[6994:24336] [Connection] Unable to get synchronousRemoteObjectProxy, error: Error Domain=NSCocoaErrorDomain Code=4097 "connection to service named com.apple.linkd.autoShortcut" UserInfo={NSDebugDescription=connection to service named com.apple.linkd.autoShortcut}
2026-08-04 15:32:53.275463+0000 MyRAMMac[6994:24336] [Application] Error registering app with intents framework: Error Domain=NSCocoaErrorDomain Code=4097 "connection to service named com.apple.linkd.autoShortcut" UserInfo={NSDebugDescription=connection to service named com.apple.linkd.autoShortcut}
2026-08-04 15:32:53.275720+0000 MyRAMMac[6994:24331] [Connection] Unable to get synchronousRemoteObjectProxy, error: Error Domain=NSCocoaErrorDomain Code=4097 "connection to service named com.apple.linkd.autoShortcut" UserInfo={NSDebugDescription=connection to service named com.apple.linkd.autoShortcut}
2026-08-04 15:32:53.275734+0000 MyRAMMac[6994:24331] [Connection] Unable to re-register with Process Instance Registry, error: Error Domain=NSCocoaErrorDomain Code=4097 "connection to service named com.apple.linkd.autoShortcut" UserInfo={NSDebugDescription=connection to service named com.apple.linkd.autoShortcut}
2026-08-04 15:32:53.276053+0000 MyRAMMac[6994:24336] [Connection] Unable to get synchronousRemoteObjectProxy, error: Error Domain=NSCocoaErrorDomain Code=4097 "connection to service named com.apple.linkd.autoShortcut" UserInfo={NSDebugDescription=connection to service named com.apple.linkd.autoShortcut}
2026-08-04 15:32:53.276073+0000 MyRAMMac[6994:24336] [Connection] Unable to re-register with Process Instance Registry, error: Error Domain=NSCocoaErrorDomain Code=4097 "connection to service named com.apple.linkd.autoShortcut" UserInfo={NSDebugDescription=connection to service named com.apple.linkd.autoShortcut}
✅ Fresh SwiftData store initialized successfully
2026-08-04 15:32:53.336563+0000 MyRAMMac[6994:24336] [Connection] Will NOT re-try to establish the connection
2026-08-04 15:32:53.350072+0000 MyRAMMac[6994:24331] [Connection] Unable to get synchronousRemoteObjectProxy, error: Error Domain=NSCocoaErrorDomain Code=4097 "connection to service named com.apple.linkd.autoShortcut" UserInfo={NSDebugDescription=connection to service named com.apple.linkd.autoShortcut}
2026-08-04 15:32:53.363964+0000 MyRAMMac[6994:24331] [Connection] Unable to re-register with Process Instance Registry, error: Error Domain=NSCocoaErrorDomain Code=4097 "connection to service named com.apple.linkd.autoShortcut" UserInfo={NSDebugDescription=connection to service named com.apple.linkd.autoShortcut}
2026-08-04 15:32:53.482831+0000 MyRAMMac[6994:24310] ApplePersistenceIgnoreState: Existing state will not be touched. New state will be written to /var/folders/df/djsxfhc17x95674wsm_g8s980000gn/T/com.northsignalstudio.myram.mac.dev.savedState
Test Suite 'Selected tests' started at 2026-08-04 15:32:54.232.
Test Suite 'MyRAMMacTests.xctest' started at 2026-08-04 15:32:54.232.
Test Suite 'SyncConvergencePlanningTests' started at 2026-08-04 15:32:54.232.
Test Case '-[MyRAMMacTests.SyncConvergencePlanningTests testAllRetainedBodyOperationsRouteNone]' started.
Test Case '-[MyRAMMacTests.SyncConvergencePlanningTests testAllRetainedBodyOperationsRouteNone]' passed (0.009 seconds).
Test Case '-[MyRAMMacTests.SyncConvergencePlanningTests testAnchoredBatchFailsPlanningBeforeCanonicalWork]' started.
Test Case '-[MyRAMMacTests.SyncConvergencePlanningTests testAnchoredBatchFailsPlanningBeforeCanonicalWork]' passed (0.001 seconds).
Test Case '-[MyRAMMacTests.SyncConvergencePlanningTests testCanonicalDigestExplicitlyRejectsAnchoredBatch]' started.
Test Case '-[MyRAMMacTests.SyncConvergencePlanningTests testCanonicalDigestExplicitlyRejectsAnchoredBatch]' passed (0.001 seconds).
Test Case '-[MyRAMMacTests.SyncConvergencePlanningTests testCanonicalPayloadDigestV1GoldenVectorMatrix]' started.
Test Case '-[MyRAMMacTests.SyncConvergencePlanningTests testCanonicalPayloadDigestV1GoldenVectorMatrix]' passed (0.009 seconds).
Test Case '-[MyRAMMacTests.SyncConvergencePlanningTests testCanonicalPayloadDigestV1IsStableAndOrderSensitive]' started.
Test Case '-[MyRAMMacTests.SyncConvergencePlanningTests testCanonicalPayloadDigestV1IsStableAndOrderSensitive]' passed (0.001 seconds).
Test Case '-[MyRAMMacTests.SyncConvergencePlanningTests testCommittedResultV1GoldenVectorMatrix]' started.
Test Case '-[MyRAMMacTests.SyncConvergencePlanningTests testCommittedResultV1GoldenVectorMatrix]' passed (0.006 seconds).
Test Case '-[MyRAMMacTests.SyncConvergencePlanningTests testCommittedResultV1OrderingAndChangeSensitivity]' started.
Test Case '-[MyRAMMacTests.SyncConvergencePlanningTests testCommittedResultV1OrderingAndChangeSensitivity]' passed (0.002 seconds).
Test Case '-[MyRAMMacTests.SyncConvergencePlanningTests testCommittedResultV1ReconciliationHashFieldOrderIsSignificant]' started.
Test Case '-[MyRAMMacTests.SyncConvergencePlanningTests testCommittedResultV1ReconciliationHashFieldOrderIsSignificant]' passed (0.002 seconds).
Test Case '-[MyRAMMacTests.SyncConvergencePlanningTests testCommittedResultV1ReconciliationReservedVariantIsPinned]' started.
Test Case '-[MyRAMMacTests.SyncConvergencePlanningTests testCommittedResultV1ReconciliationReservedVariantIsPinned]' passed (0.004 seconds).
Test Case '-[MyRAMMacTests.SyncConvergencePlanningTests testCompetingValidNilBaseBranchesBacktrackToTargetPath]' started.
Test Case '-[MyRAMMacTests.SyncConvergencePlanningTests testCompetingValidNilBaseBranchesBacktrackToTargetPath]' passed (0.006 seconds).
Test Case '-[MyRAMMacTests.SyncConvergencePlanningTests testConcurrentDeleteRebasesLaterInsertOffsetBackward]' started.
Test Case '-[MyRAMMacTests.SyncConvergencePlanningTests testConcurrentDeleteRebasesLaterInsertOffsetBackward]' passed (0.003 seconds).
Test Case '-[MyRAMMacTests.SyncConvergencePlanningTests testConcurrentEditsConvergeToIdenticalBodyRegardlessOfWhichSideIsLocal]' started.
Test Case '-[MyRAMMacTests.SyncConvergencePlanningTests testConcurrentEditsConvergeToIdenticalBodyRegardlessOfWhichSideIsLocal]' passed (0.004 seconds).
Test Case '-[MyRAMMacTests.SyncConvergencePlanningTests testConcurrentInsertsRebaseOffsetsInsteadOfCorruptingLaterText]' started.
Test Case '-[MyRAMMacTests.SyncConvergencePlanningTests testConcurrentInsertsRebaseOffsetsInsteadOfCorruptingLaterText]' passed (0.005 seconds).
Test Case '-[MyRAMMacTests.SyncConvergencePlanningTests testConcurrentSameBaseOperationsConvergeInsteadOfCorruptingHistory]' started.
Test Case '-[MyRAMMacTests.SyncConvergencePlanningTests testConcurrentSameBaseOperationsConvergeInsteadOfCorruptingHistory]' passed (0.015 seconds).
Test Case '-[MyRAMMacTests.SyncConvergencePlanningTests testContradictoryDuplicateBatchIdentityFailsBeforeCommit]' started.
Test Case '-[MyRAMMacTests.SyncConvergencePlanningTests testContradictoryDuplicateBatchIdentityFailsBeforeCommit]' passed (0.002 seconds).
Test Case '-[MyRAMMacTests.SyncConvergencePlanningTests testContradictoryFullRecordAndTombstoneFailsBeforeCommit]' started.
Test Case '-[MyRAMMacTests.SyncConvergencePlanningTests testContradictoryFullRecordAndTombstoneFailsBeforeCommit]' passed (0.003 seconds).
Test Case '-[MyRAMMacTests.SyncConvergencePlanningTests testContradictoryOperationIdentityFailsBeforeCommit]' started.
Test Case '-[MyRAMMacTests.SyncConvergencePlanningTests testContradictoryOperationIdentityFailsBeforeCommit]' passed (0.002 seconds).
Test Case '-[MyRAMMacTests.SyncConvergencePlanningTests testContradictoryTitleWinnerAuthorityFailsBeforeCommit]' started.
Test Case '-[MyRAMMacTests.SyncConvergencePlanningTests testContradictoryTitleWinnerAuthorityFailsBeforeCommit]' passed (0.011 seconds).
Test Case '-[MyRAMMacTests.SyncConvergencePlanningTests testCorruptRetainedOperationResultFailsBeforeCommit]' started.
Test Case '-[MyRAMMacTests.SyncConvergencePlanningTests testCorruptRetainedOperationResultFailsBeforeCommit]' passed (0.002 seconds).
Test Case '-[MyRAMMacTests.SyncConvergencePlanningTests testCreationPlanningDoesNotRequireExistingProjectedNote]' started.
Test Case '-[MyRAMMacTests.SyncConvergencePlanningTests testCreationPlanningDoesNotRequireExistingProjectedNote]' passed (0.002 seconds).
Test Case '-[MyRAMMacTests.SyncConvergencePlanningTests testCycleAndDuplicateResultOperationsDoNotReExploreBodies]' started.
Test Case '-[MyRAMMacTests.SyncConvergencePlanningTests testCycleAndDuplicateResultOperationsDoNotReExploreBodies]' passed (0.006 seconds).
Test Case '-[MyRAMMacTests.SyncConvergencePlanningTests testDisjointNoteSelectionIsIndependentOfQueueEnumerationOrder]' started.
Test Case '-[MyRAMMacTests.SyncConvergencePlanningTests testDisjointNoteSelectionIsIndependentOfQueueEnumerationOrder]' passed (0.001 seconds).
Test Case '-[MyRAMMacTests.SyncConvergencePlanningTests testEarlierMultiNoteEvidenceBatchBlocksItsOtherNotes]' started.
Test Case '-[MyRAMMacTests.SyncConvergencePlanningTests testEarlierMultiNoteEvidenceBatchBlocksItsOtherNotes]' passed (0.004 seconds).
Test Case '-[MyRAMMacTests.SyncConvergencePlanningTests testEarlierMultiNoteQueuedBatchIsNotPartiallyConsumedAsUnionEvidence]' started.
Test Case '-[MyRAMMacTests.SyncConvergencePlanningTests testEarlierMultiNoteQueuedBatchIsNotPartiallyConsumedAsUnionEvidence]' passed (0.002 seconds).
Test Case '-[MyRAMMacTests.SyncConvergencePlanningTests testExplicitCandidateQueuePositionLimitsEvidenceToEarlierBatches]' started.
Test Case '-[MyRAMMacTests.SyncConvergencePlanningTests testExplicitCandidateQueuePositionLimitsEvidenceToEarlierBatches]' passed (0.002 seconds).
Test Case '-[MyRAMMacTests.SyncConvergencePlanningTests testHistoryHardOverflowDefersBeforePlan]' started.
Test Case '-[MyRAMMacTests.SyncConvergencePlanningTests testHistoryHardOverflowDefersBeforePlan]' passed (0.001 seconds).
Test Case '-[MyRAMMacTests.SyncConvergencePlanningTests testIdenticalPreviouslyIncorporatedBatchReturnsCleanupPlan]' started.
Test Case '-[MyRAMMacTests.SyncConvergencePlanningTests testIdenticalPreviouslyIncorporatedBatchReturnsCleanupPlan]' passed (0.001 seconds).
Test Case '-[MyRAMMacTests.SyncConvergencePlanningTests testLaterQueuedSameNoteSuccessorIsBlockedFromEvidenceSelection]' started.
Test Case '-[MyRAMMacTests.SyncConvergencePlanningTests testLaterQueuedSameNoteSuccessorIsBlockedFromEvidenceSelection]' passed (0.010 seconds).
Test Case '-[MyRAMMacTests.SyncConvergencePlanningTests testLegacyPositionalEffectPreservesExpectedTextNoop]' started.
Test Case '-[MyRAMMacTests.SyncConvergencePlanningTests testLegacyPositionalEffectPreservesExpectedTextNoop]' passed (0.002 seconds).
Test Case '-[MyRAMMacTests.SyncConvergencePlanningTests testLifecycleDivergencePreservesLiveNoteWithoutBlockingPlan]' started.
Test Case '-[MyRAMMacTests.SyncConvergencePlanningTests testLifecycleDivergencePreservesLiveNoteWithoutBlockingPlan]' passed (0.003 seconds).
Test Case '-[MyRAMMacTests.SyncConvergencePlanningTests testLifecycleForMissingNoteIsConsumedWithoutBlockingPlan]' started.
Test Case '-[MyRAMMacTests.SyncConvergencePlanningTests testLifecycleForMissingNoteIsConsumedWithoutBlockingPlan]' passed (0.003 seconds).
Test Case '-[MyRAMMacTests.SyncConvergencePlanningTests testMalformedRetainedReplayKeyFailsAsCorruptHistoryWithoutFallbackOrdering]' started.
Test Case '-[MyRAMMacTests.SyncConvergencePlanningTests testMalformedRetainedReplayKeyFailsAsCorruptHistoryWithoutFallbackOrdering]' passed (0.002 seconds).
Test Case '-[MyRAMMacTests.SyncConvergencePlanningTests testMissingHistoricalBaseDefersAsUnreconstructableBase]' started.
Test Case '-[MyRAMMacTests.SyncConvergencePlanningTests testMissingHistoricalBaseDefersAsUnreconstructableBase]' passed (0.002 seconds).
Test Case '-[MyRAMMacTests.SyncConvergencePlanningTests testMixedRetainedAndExecutableBodyOperationsRouteIncrementalWithOnlyNewWork]' started.
Test Case '-[MyRAMMacTests.SyncConvergencePlanningTests testMixedRetainedAndExecutableBodyOperationsRouteIncrementalWithOnlyNewWork]' passed (0.002 seconds).
Test Case '-[MyRAMMacTests.SyncConvergencePlanningTests testNilBaseRetainedOperationWithoutEvidenceIsNeverGuessedIntoChain]' started.
Test Case '-[MyRAMMacTests.SyncConvergencePlanningTests testNilBaseRetainedOperationWithoutEvidenceIsNeverGuessedIntoChain]' passed (0.002 seconds).
Test Case '-[MyRAMMacTests.SyncConvergencePlanningTests testNilBaseRetainedOperationWithResultHashReconstructsChain]' started.
Test Case '-[MyRAMMacTests.SyncConvergencePlanningTests testNilBaseRetainedOperationWithResultHashReconstructsChain]' passed (0.003 seconds).
Test Case '-[MyRAMMacTests.SyncConvergencePlanningTests testPlanningSuccessReturnsPlannedOutcome]' started.
Test Case '-[MyRAMMacTests.SyncConvergencePlanningTests testPlanningSuccessReturnsPlannedOutcome]' passed (0.002 seconds).
Test Case '-[MyRAMMacTests.SyncConvergencePlanningTests testProjectedNoteEffectKindMembershipRejectsInvalidSets]' started.
Test Case '-[MyRAMMacTests.SyncConvergencePlanningTests testProjectedNoteEffectKindMembershipRejectsInvalidSets]' passed (0.001 seconds).
Test Case '-[MyRAMMacTests.SyncConvergencePlanningTests testProjectedNoteEffectV1GoldenVectorPreservesMainContract]' started.
Test Case '-[MyRAMMacTests.SyncConvergencePlanningTests testProjectedNoteEffectV1GoldenVectorPreservesMainContract]' passed (0.001 seconds).
Test Case '-[MyRAMMacTests.SyncConvergencePlanningTests testProjectedNoteEffectV1IsKindPermutationIndependent]' started.
Test Case '-[MyRAMMacTests.SyncConvergencePlanningTests testProjectedNoteEffectV1IsKindPermutationIndependent]' passed (0.001 seconds).
Test Case '-[MyRAMMacTests.SyncConvergencePlanningTests testProjectedNoteEffectV1MultiEffectPermutationIndependence]' started.
Test Case '-[MyRAMMacTests.SyncConvergencePlanningTests testProjectedNoteEffectV1MultiEffectPermutationIndependence]' passed (0.003 seconds).
Test Case '-[MyRAMMacTests.SyncConvergencePlanningTests testQueuedSameNoteEvidenceParticipatesInConflictUnion]' started.
Test Case '-[MyRAMMacTests.SyncConvergencePlanningTests testQueuedSameNoteEvidenceParticipatesInConflictUnion]' passed (0.005 seconds).
Test Case '-[MyRAMMacTests.SyncConvergencePlanningTests testReconstructedConflictDroppingUnprovenTextReturnsUnprovenTextLoss]' started.
Test Case '-[MyRAMMacTests.SyncConvergencePlanningTests testReconstructedConflictDroppingUnprovenTextReturnsUnprovenTextLoss]' passed (0.003 seconds).
Test Case '-[MyRAMMacTests.SyncConvergencePlanningTests testReconstructedConflictUsesDeleteEvidenceForWholeNoteRouting]' started.
Test Case '-[MyRAMMacTests.SyncConvergencePlanningTests testReconstructedConflictUsesDeleteEvidenceForWholeNoteRouting]' passed (0.009 seconds).
Test Case '-[MyRAMMacTests.SyncConvergencePlanningTests testReconstructionFromRetainedOperationDoesNotReplayConsumedHistoryTwice]' started.
Test Case '-[MyRAMMacTests.SyncConvergencePlanningTests testReconstructionFromRetainedOperationDoesNotReplayConsumedHistoryTwice]' passed (0.004 seconds).
Test Case '-[MyRAMMacTests.SyncConvergencePlanningTests testReconstructionStressWithHundredsOfNilBaseCandidatesCompletesBounded]' started.
Test Case '-[MyRAMMacTests.SyncConvergencePlanningTests testReconstructionStressWithHundredsOfNilBaseCandidatesCompletesBounded]' passed (10.486 seconds).
Test Case '-[MyRAMMacTests.SyncConvergencePlanningTests testRetainedChainInvalidRangeFailsAsCorruptHistory]' started.
Test Case '-[MyRAMMacTests.SyncConvergencePlanningTests testRetainedChainInvalidRangeFailsAsCorruptHistory]' passed (0.004 seconds).
Test Case '-[MyRAMMacTests.SyncConvergencePlanningTests testRetainedIdentityContradictionFailsClosed]' started.
Test Case '-[MyRAMMacTests.SyncConvergencePlanningTests testRetainedIdentityContradictionFailsClosed]' passed (0.002 seconds).
Test Case '-[MyRAMMacTests.SyncConvergencePlanningTests testRetainedIdentityIdempotencyPreventsDoubleApplication]' started.
Test Case '-[MyRAMMacTests.SyncConvergencePlanningTests testRetainedIdentityIdempotencyPreventsDoubleApplication]' passed (0.002 seconds).
Test Case '-[MyRAMMacTests.SyncConvergencePlanningTests testSameBatchChainedOperationsSurviveReconstructedConflict]' started.
Test Case '-[MyRAMMacTests.SyncConvergencePlanningTests testSameBatchChainedOperationsSurviveReconstructedConflict]' passed (0.003 seconds).
Test Case '-[MyRAMMacTests.SyncConvergencePlanningTests testSoftHistoryPressureDefersNewEvidenceGrowth]' started.
Test Case '-[MyRAMMacTests.SyncConvergencePlanningTests testSoftHistoryPressureDefersNewEvidenceGrowth]' passed (0.002 seconds).
Test Case '-[MyRAMMacTests.SyncConvergencePlanningTests testTitleHigherCanonicalKeyWinsAndLowerKeyIsIgnored]' started.
Test Case '-[MyRAMMacTests.SyncConvergencePlanningTests testTitleHigherCanonicalKeyWinsAndLowerKeyIsIgnored]' passed (0.004 seconds).
Test Case '-[MyRAMMacTests.SyncConvergencePlanningTests testTwoBodyOperationsInOneBatchProduceOneCompleteEffectAndOneBodyEvidence]' started.
Test Case '-[MyRAMMacTests.SyncConvergencePlanningTests testTwoBodyOperationsInOneBatchProduceOneCompleteEffectAndOneBodyEvidence]' passed (0.006 seconds).
Test Case '-[MyRAMMacTests.SyncConvergencePlanningTests testTwoRetainedConcurrentCandidatesDoNotCorruptMergedReplay]' started.
Test Case '-[MyRAMMacTests.SyncConvergencePlanningTests testTwoRetainedConcurrentCandidatesDoNotCorruptMergedReplay]' passed (0.006 seconds).
Test Case '-[MyRAMMacTests.SyncConvergencePlanningTests testUnencodablePlannedOperationAccountingFailsClosed]' started.
Test Case '-[MyRAMMacTests.SyncConvergencePlanningTests testUnencodablePlannedOperationAccountingFailsClosed]' passed (0.001 seconds).
Test Case '-[MyRAMMacTests.SyncConvergencePlanningTests testUnknownHashedBodyDefersWithRealDeclaredHash]' started.
Test Case '-[MyRAMMacTests.SyncConvergencePlanningTests testUnknownHashedBodyDefersWithRealDeclaredHash]' passed (0.001 seconds).
Test Case '-[MyRAMMacTests.SyncConvergencePlanningTests testUnknownTitleAndLegacyBodyProduceCompatibilityNoops]' started.
Test Case '-[MyRAMMacTests.SyncConvergencePlanningTests testUnknownTitleAndLegacyBodyProduceCompatibilityNoops]' passed (0.001 seconds).
Test Case '-[MyRAMMacTests.SyncConvergencePlanningTests testUnrelatedNilBaseRetainedBranchDoesNotBlockValidReconstruction]' started.
Test Case '-[MyRAMMacTests.SyncConvergencePlanningTests testUnrelatedNilBaseRetainedBranchDoesNotBlockValidReconstruction]' passed (0.005 seconds).
Test Case '-[MyRAMMacTests.SyncConvergencePlanningTests testUnsupportedReconciliationDefersBatch]' started.
Test Case '-[MyRAMMacTests.SyncConvergencePlanningTests testUnsupportedReconciliationDefersBatch]' passed (0.003 seconds).
Test Case '-[MyRAMMacTests.SyncConvergencePlanningTests testUnsupportedStoredDigestFormatFailsBeforeCommit]' started.
Test Case '-[MyRAMMacTests.SyncConvergencePlanningTests testUnsupportedStoredDigestFormatFailsBeforeCommit]' passed (0.001 seconds).
Test Case '-[MyRAMMacTests.SyncConvergencePlanningTests testValidatorRejectsMissingSourceOperationBlockedSuccessorRoutingAndHistoryMismatch]' started.
Test Case '-[MyRAMMacTests.SyncConvergencePlanningTests testValidatorRejectsMissingSourceOperationBlockedSuccessorRoutingAndHistoryMismatch]' passed (0.004 seconds).
Test Suite 'SyncConvergencePlanningTests' passed at 2026-08-04 15:33:04.977.
	 Executed 61 tests, with 0 failures (0 unexpected) in 10.695 (10.745) seconds
Test Suite 'MyRAMMacTests.xctest' passed at 2026-08-04 15:33:04.979.
	 Executed 61 tests, with 0 failures (0 unexpected) in 10.695 (10.747) seconds
Test Suite 'Selected tests' passed at 2026-08-04 15:33:04.980.
	 Executed 61 tests, with 0 failures (0 unexpected) in 10.695 (10.748) seconds
2026-08-04 15:33:05.505 xcodebuild[4684:18237] [MT] IDETestOperationsObserverDebug: 12.883 elapsed -- Testing started completed.
2026-08-04 15:33:05.505 xcodebuild[4684:18237] [MT] IDETestOperationsObserverDebug: 0.000 sec, +0.000 sec -- start
2026-08-04 15:33:05.505 xcodebuild[4684:18237] [MT] IDETestOperationsObserverDebug: 12.883 sec, +12.883 sec -- end

Test session results, code coverage, and logs:
	/tmp/MYR175-Classify-Baseline-Mac/Logs/Test/Test-MyRAMMac-2026.08.04_15-31-49-+0000.xcresult

** TEST SUCCEEDED **

Testing started
