Command line invocation:
    /Applications/Xcode_26.5.app/Contents/Developer/usr/bin/xcodebuild -project MyRAM.xcodeproj -scheme MyRAMMac -destination platform=macOS -parallel-testing-enabled NO -derivedDataPath /tmp/MYR175-Classify-Candidate-Mac DEVELOPMENT_TEAM= CODE_SIGN_STYLE=Manual CODE_SIGN_IDENTITY=- AD_HOC_CODE_SIGNING_ALLOWED=YES PROVISIONING_PROFILE= PROVISIONING_PROFILE_SPECIFIER= test "-only-testing:MyRAMMacTests/SyncConvergencePlanningTests"

Build settings from command line:
    AD_HOC_CODE_SIGNING_ALLOWED = YES
    CODE_SIGN_IDENTITY = -
    CODE_SIGN_STYLE = Manual
    DEVELOPMENT_TEAM = 
    PROVISIONING_PROFILE = 
    PROVISIONING_PROFILE_SPECIFIER = 

Resolve Package Graph


Resolved source packages:
  AnchoredSequenceCore: /Users/runner/work/MyRAM-iOS/MyRAM-iOS/Candidate/Packages/AnchoredSequenceCore @ local
  NearbySyncCore: /Users/runner/work/MyRAM-iOS/MyRAM-iOS/NearbySyncCore @ local

--- xcodebuild: WARNING: Using the first of multiple matching destinations:
{ platform:macOS, arch:arm64, id:b4b4d35470579a3056384a8b618241032f2d84e4, name:My Mac }
{ platform:macOS, arch:x86_64, id:b4b4d35470579a3056384a8b618241032f2d84e4, name:My Mac }
note: Using codesigning identity override: -
ComputePackagePrebuildTargetDependencyGraph

Prepare packages

CreateBuildRequest

SendProjectDescription

CreateBuildOperation

ComputeTargetDependencyGraph
note: Building targets in dependency order
note: Target dependency graph (7 targets)
    Target 'MyRAMMacTests' in project 'MyRAM'
        ➜ Explicit dependency on target 'MyRAMMac' in project 'MyRAM'
        ➜ Explicit dependency on target 'AnchoredSequenceCore' in project 'AnchoredSequenceCore'
    Target 'MyRAMMac' in project 'MyRAM'
        ➜ Explicit dependency on target 'MyRAMMacWidgetExtension' in project 'MyRAM'
        ➜ Explicit dependency on target 'NearbySyncCore' in project 'NearbySyncCore'
        ➜ Explicit dependency on target 'AnchoredSequenceCore' in project 'AnchoredSequenceCore'
    Target 'AnchoredSequenceCore' in project 'AnchoredSequenceCore'
        ➜ Explicit dependency on target 'AnchoredSequenceCore' in project 'AnchoredSequenceCore'
    Target 'AnchoredSequenceCore' in project 'AnchoredSequenceCore' (no dependencies)
    Target 'NearbySyncCore' in project 'NearbySyncCore'
        ➜ Explicit dependency on target 'NearbySyncCore' in project 'NearbySyncCore'
    Target 'NearbySyncCore' in project 'NearbySyncCore' (no dependencies)
    Target 'MyRAMMacWidgetExtension' in project 'MyRAM' (no dependencies)

GatherProvisioningInputs

CreateBuildDescription

ExecuteExternalTool /Applications/Xcode_26.5.app/Contents/Developer/Toolchains/XcodeDefault.xctoolchain/usr/bin/swiftc --version

ExecuteExternalTool /Applications/Xcode_26.5.app/Contents/Developer/usr/bin/actool --version --output-format xml1

ExecuteExternalTool /Applications/Xcode_26.5.app/Contents/Developer/Toolchains/XcodeDefault.xctoolchain/usr/bin/clang -v -E -dM -isysroot /Applications/Xcode_26.5.app/Contents/Developer/Platforms/MacOSX.platform/Developer/SDKs/MacOSX26.5.sdk -x c -c /dev/null

ExecuteExternalTool /Applications/Xcode_26.5.app/Contents/Developer/Toolchains/XcodeDefault.xctoolchain/usr/bin/ld -version_details

Build description signature: 8b9d618ef542ca62477dcf7180de6e19
Build description path: /tmp/MYR175-Classify-Candidate-Mac/Build/Intermediates.noindex/XCBuildData/8b9d618ef542ca62477dcf7180de6e19.xcbuilddata
ClangStatCache /Applications/Xcode_26.5.app/Contents/Developer/Toolchains/XcodeDefault.xctoolchain/usr/bin/clang-stat-cache /Applications/Xcode_26.5.app/Contents/Developer/Platforms/MacOSX.platform/Developer/SDKs/MacOSX26.5.sdk /tmp/MYR175-Classify-Candidate-Mac/SDKStatCaches.noindex/macosx26.5-25F70-688ef53f1462e2c8f657fdc38a81448f3599ee76dc2a8020dfcb4b41ead48a8c.sdkstatcache
    cd /Users/runner/work/MyRAM-iOS/MyRAM-iOS/Candidate/MyRAM.xcodeproj
    /Applications/Xcode_26.5.app/Contents/Developer/Toolchains/XcodeDefault.xctoolchain/usr/bin/clang-stat-cache /Applications/Xcode_26.5.app/Contents/Developer/Platforms/MacOSX.platform/Developer/SDKs/MacOSX26.5.sdk -o /tmp/MYR175-Classify-Candidate-Mac/SDKStatCaches.noindex/macosx26.5-25F70-688ef53f1462e2c8f657fdc38a81448f3599ee76dc2a8020dfcb4b41ead48a8c.sdkstatcache

CreateBuildDirectory /tmp/MYR175-Classify-Candidate-Mac/Build/Products
    cd /Users/runner/work/MyRAM-iOS/MyRAM-iOS/Candidate/MyRAM.xcodeproj
    builtin-create-build-directory /tmp/MYR175-Classify-Candidate-Mac/Build/Products

CreateBuildDirectory /tmp/MYR175-Classify-Candidate-Mac/Build/Intermediates.noindex
    cd /Users/runner/work/MyRAM-iOS/MyRAM-iOS/Candidate/MyRAM.xcodeproj
    builtin-create-build-directory /tmp/MYR175-Classify-Candidate-Mac/Build/Intermediates.noindex

WriteAuxiliaryFile /tmp/MYR175-Classify-Candidate-Mac/Build/Intermediates.noindex/MyRAM.build/Debug/MyRAM-98a9cbde253e8e955bc92731eb290203-VFS/all-product-headers.yaml
    cd /Users/runner/work/MyRAM-iOS/MyRAM-iOS/Candidate/MyRAM.xcodeproj
    write-file /tmp/MYR175-Classify-Candidate-Mac/Build/Intermediates.noindex/MyRAM.build/Debug/MyRAM-98a9cbde253e8e955bc92731eb290203-VFS/all-product-headers.yaml

CreateBuildDirectory /tmp/MYR175-Classify-Candidate-Mac/Build/Products/Debug
    cd /Users/runner/work/MyRAM-iOS/MyRAM-iOS/Candidate/MyRAM.xcodeproj
    builtin-create-build-directory /tmp/MYR175-Classify-Candidate-Mac/Build/Products/Debug

CreateBuildDirectory /tmp/MYR175-Classify-Candidate-Mac/Build/Intermediates.noindex/SwiftExplicitPrecompiledModules
    cd /Users/runner/work/MyRAM-iOS/MyRAM-iOS/Candidate/MyRAM.xcodeproj
    builtin-create-build-directory /tmp/MYR175-Classify-Candidate-Mac/Build/Intermediates.noindex/SwiftExplicitPrecompiledModules

CreateBuildDirectory /tmp/MYR175-Classify-Candidate-Mac/Build/Intermediates.noindex/ExplicitPrecompiledModules
    cd /Users/runner/work/MyRAM-iOS/MyRAM-iOS/Candidate/MyRAM.xcodeproj
    builtin-create-build-directory /tmp/MYR175-Classify-Candidate-Mac/Build/Intermediates.noindex/ExplicitPrecompiledModules

CreateBuildDirectory /tmp/MYR175-Classify-Candidate-Mac/Build/Intermediates.noindex/EagerLinkingTBDs/Debug
    cd /Users/runner/work/MyRAM-iOS/MyRAM-iOS/Candidate/MyRAM.xcodeproj
    builtin-create-build-directory /tmp/MYR175-Classify-Candidate-Mac/Build/Intermediates.noindex/EagerLinkingTBDs/Debug

CreateBuildDirectory /tmp/MYR175-Classify-Candidate-Mac/Build/Products/Debug/PackageFrameworks
    cd /Users/runner/work/MyRAM-iOS/MyRAM-iOS/Candidate/MyRAM.xcodeproj
    builtin-create-build-directory /tmp/MYR175-Classify-Candidate-Mac/Build/Products/Debug/PackageFrameworks

WriteAuxiliaryFile /tmp/MYR175-Classify-Candidate-Mac/Build/Intermediates.noindex/NearbySyncCore.build/Debug/NearbySyncCore.build/Objects-normal/arm64/NearbySyncCore_const_extract_protocols.json (in target 'NearbySyncCore' from project 'NearbySyncCore')
    cd /Users/runner/work/MyRAM-iOS/MyRAM-iOS/NearbySyncCore
    write-file /tmp/MYR175-Classify-Candidate-Mac/Build/Intermediates.noindex/NearbySyncCore.build/Debug/NearbySyncCore.build/Objects-normal/arm64/NearbySyncCore_const_extract_protocols.json

WriteAuxiliaryFile /tmp/MYR175-Classify-Candidate-Mac/Build/Intermediates.noindex/NearbySyncCore.build/Debug/NearbySyncCore.build/Objects-normal/arm64/NearbySyncCore.SwiftFileList (in target 'NearbySyncCore' from project 'NearbySyncCore')
    cd /Users/runner/work/MyRAM-iOS/MyRAM-iOS/NearbySyncCore
    write-file /tmp/MYR175-Classify-Candidate-Mac/Build/Intermediates.noindex/NearbySyncCore.build/Debug/NearbySyncCore.build/Objects-normal/arm64/NearbySyncCore.SwiftFileList

WriteAuxiliaryFile /tmp/MYR175-Classify-Candidate-Mac/Build/Intermediates.noindex/NearbySyncCore.build/Debug/NearbySyncCore.build/Objects-normal/arm64/NearbySyncCore.SwiftConstValuesFileList (in target 'NearbySyncCore' from project 'NearbySyncCore')
    cd /Users/runner/work/MyRAM-iOS/MyRAM-iOS/NearbySyncCore
    write-file /tmp/MYR175-Classify-Candidate-Mac/Build/Intermediates.noindex/NearbySyncCore.build/Debug/NearbySyncCore.build/Objects-normal/arm64/NearbySyncCore.SwiftConstValuesFileList

WriteAuxiliaryFile /tmp/MYR175-Classify-Candidate-Mac/Build/Intermediates.noindex/NearbySyncCore.build/Debug/NearbySyncCore.build/Objects-normal/arm64/NearbySyncCore.LinkFileList (in target 'NearbySyncCore' from project 'NearbySyncCore')
    cd /Users/runner/work/MyRAM-iOS/MyRAM-iOS/NearbySyncCore
    write-file /tmp/MYR175-Classify-Candidate-Mac/Build/Intermediates.noindex/NearbySyncCore.build/Debug/NearbySyncCore.build/Objects-normal/arm64/NearbySyncCore.LinkFileList

WriteAuxiliaryFile /tmp/MYR175-Classify-Candidate-Mac/Build/Intermediates.noindex/NearbySyncCore.build/Debug/NearbySyncCore.build/Objects-normal/arm64/NearbySyncCore-OutputFileMap.json (in target 'NearbySyncCore' from project 'NearbySyncCore')
    cd /Users/runner/work/MyRAM-iOS/MyRAM-iOS/NearbySyncCore
    write-file /tmp/MYR175-Classify-Candidate-Mac/Build/Intermediates.noindex/NearbySyncCore.build/Debug/NearbySyncCore.build/Objects-normal/arm64/NearbySyncCore-OutputFileMap.json

WriteAuxiliaryFile /tmp/MYR175-Classify-Candidate-Mac/Build/Intermediates.noindex/NearbySyncCore.build/Debug/NearbySyncCore.build/NearbySyncCore.modulemap (in target 'NearbySyncCore' from project 'NearbySyncCore')
    cd /Users/runner/work/MyRAM-iOS/MyRAM-iOS/NearbySyncCore
    write-file /tmp/MYR175-Classify-Candidate-Mac/Build/Intermediates.noindex/NearbySyncCore.build/Debug/NearbySyncCore.build/NearbySyncCore.modulemap

WriteAuxiliaryFile /tmp/MYR175-Classify-Candidate-Mac/Build/Intermediates.noindex/NearbySyncCore.build/Debug/NearbySyncCore.build/NearbySyncCore.DependencyStaticMetadataFileList (in target 'NearbySyncCore' from project 'NearbySyncCore')
    cd /Users/runner/work/MyRAM-iOS/MyRAM-iOS/NearbySyncCore
    write-file /tmp/MYR175-Classify-Candidate-Mac/Build/Intermediates.noindex/NearbySyncCore.build/Debug/NearbySyncCore.build/NearbySyncCore.DependencyStaticMetadataFileList

WriteAuxiliaryFile /tmp/MYR175-Classify-Candidate-Mac/Build/Intermediates.noindex/NearbySyncCore.build/Debug/NearbySyncCore.build/NearbySyncCore.DependencyMetadataFileList (in target 'NearbySyncCore' from project 'NearbySyncCore')
    cd /Users/runner/work/MyRAM-iOS/MyRAM-iOS/NearbySyncCore
    write-file /tmp/MYR175-Classify-Candidate-Mac/Build/Intermediates.noindex/NearbySyncCore.build/Debug/NearbySyncCore.build/NearbySyncCore.DependencyMetadataFileList

WriteAuxiliaryFile /tmp/MYR175-Classify-Candidate-Mac/Build/Intermediates.noindex/MyRAM.build/Debug/MyRAMMacWidgetExtension.build/Objects-normal/arm64/MyRAMMacWidgetExtension_const_extract_protocols.json (in target 'MyRAMMacWidgetExtension' from project 'MyRAM')
    cd /Users/runner/work/MyRAM-iOS/MyRAM-iOS/Candidate
    write-file /tmp/MYR175-Classify-Candidate-Mac/Build/Intermediates.noindex/MyRAM.build/Debug/MyRAMMacWidgetExtension.build/Objects-normal/arm64/MyRAMMacWidgetExtension_const_extract_protocols.json

WriteAuxiliaryFile /tmp/MYR175-Classify-Candidate-Mac/Build/Intermediates.noindex/MyRAM.build/Debug/MyRAMMacWidgetExtension.build/Objects-normal/arm64/MyRAMMacWidgetExtension.SwiftFileList (in target 'MyRAMMacWidgetExtension' from project 'MyRAM')
    cd /Users/runner/work/MyRAM-iOS/MyRAM-iOS/Candidate
    write-file /tmp/MYR175-Classify-Candidate-Mac/Build/Intermediates.noindex/MyRAM.build/Debug/MyRAMMacWidgetExtension.build/Objects-normal/arm64/MyRAMMacWidgetExtension.SwiftFileList

WriteAuxiliaryFile /tmp/MYR175-Classify-Candidate-Mac/Build/Intermediates.noindex/MyRAM.build/Debug/MyRAMMacWidgetExtension.build/Objects-normal/arm64/MyRAMMacWidgetExtension.SwiftConstValuesFileList (in target 'MyRAMMacWidgetExtension' from project 'MyRAM')
    cd /Users/runner/work/MyRAM-iOS/MyRAM-iOS/Candidate
    write-file /tmp/MYR175-Classify-Candidate-Mac/Build/Intermediates.noindex/MyRAM.build/Debug/MyRAMMacWidgetExtension.build/Objects-normal/arm64/MyRAMMacWidgetExtension.SwiftConstValuesFileList

WriteAuxiliaryFile /tmp/MYR175-Classify-Candidate-Mac/Build/Intermediates.noindex/MyRAM.build/Debug/MyRAMMacWidgetExtension.build/Objects-normal/arm64/MyRAMMacWidgetExtension.LinkFileList (in target 'MyRAMMacWidgetExtension' from project 'MyRAM')
    cd /Users/runner/work/MyRAM-iOS/MyRAM-iOS/Candidate
    write-file /tmp/MYR175-Classify-Candidate-Mac/Build/Intermediates.noindex/MyRAM.build/Debug/MyRAMMacWidgetExtension.build/Objects-normal/arm64/MyRAMMacWidgetExtension.LinkFileList

WriteAuxiliaryFile /tmp/MYR175-Classify-Candidate-Mac/Build/Intermediates.noindex/MyRAM.build/Debug/MyRAMMacWidgetExtension.build/Objects-normal/arm64/MyRAMMacWidgetExtension-OutputFileMap.json (in target 'MyRAMMacWidgetExtension' from project 'MyRAM')
    cd /Users/runner/work/MyRAM-iOS/MyRAM-iOS/Candidate
    write-file /tmp/MYR175-Classify-Candidate-Mac/Build/Intermediates.noindex/MyRAM.build/Debug/MyRAMMacWidgetExtension.build/Objects-normal/arm64/MyRAMMacWidgetExtension-OutputFileMap.json

WriteAuxiliaryFile /tmp/MYR175-Classify-Candidate-Mac/Build/Intermediates.noindex/MyRAM.build/Debug/MyRAMMacWidgetExtension.build/MyRAMMacWidgetExtension.hmap (in target 'MyRAMMacWidgetExtension' from project 'MyRAM')
    cd /Users/runner/work/MyRAM-iOS/MyRAM-iOS/Candidate
    write-file /tmp/MYR175-Classify-Candidate-Mac/Build/Intermediates.noindex/MyRAM.build/Debug/MyRAMMacWidgetExtension.build/MyRAMMacWidgetExtension.hmap

WriteAuxiliaryFile /tmp/MYR175-Classify-Candidate-Mac/Build/Intermediates.noindex/MyRAM.build/Debug/MyRAMMacWidgetExtension.build/MyRAMMacWidgetExtension.DependencyStaticMetadataFileList (in target 'MyRAMMacWidgetExtension' from project 'MyRAM')
    cd /Users/runner/work/MyRAM-iOS/MyRAM-iOS/Candidate
    write-file /tmp/MYR175-Classify-Candidate-Mac/Build/Intermediates.noindex/MyRAM.build/Debug/MyRAMMacWidgetExtension.build/MyRAMMacWidgetExtension.DependencyStaticMetadataFileList

Copy /tmp/MYR175-Classify-Candidate-Mac/Build/Intermediates.noindex/GeneratedModuleMaps/NearbySyncCore.modulemap /tmp/MYR175-Classify-Candidate-Mac/Build/Intermediates.noindex/NearbySyncCore.build/Debug/NearbySyncCore.build/NearbySyncCore.modulemap (in target 'NearbySyncCore' from project 'NearbySyncCore')
    cd /Users/runner/work/MyRAM-iOS/MyRAM-iOS/NearbySyncCore
    builtin-copy -exclude .DS_Store -exclude CVS -exclude .svn -exclude .git -exclude .hg -resolve-src-symlinks /tmp/MYR175-Classify-Candidate-Mac/Build/Intermediates.noindex/NearbySyncCore.build/Debug/NearbySyncCore.build/NearbySyncCore.modulemap /tmp/MYR175-Classify-Candidate-Mac/Build/Intermediates.noindex/GeneratedModuleMaps

WriteAuxiliaryFile /tmp/MYR175-Classify-Candidate-Mac/Build/Intermediates.noindex/MyRAM.build/Debug/MyRAMMacWidgetExtension.build/MyRAMMacWidgetExtension.DependencyMetadataFileList (in target 'MyRAMMacWidgetExtension' from project 'MyRAM')
    cd /Users/runner/work/MyRAM-iOS/MyRAM-iOS/Candidate
    write-file /tmp/MYR175-Classify-Candidate-Mac/Build/Intermediates.noindex/MyRAM.build/Debug/MyRAMMacWidgetExtension.build/MyRAMMacWidgetExtension.DependencyMetadataFileList

WriteAuxiliaryFile /tmp/MYR175-Classify-Candidate-Mac/Build/Intermediates.noindex/MyRAM.build/Debug/MyRAMMacWidgetExtension.build/MyRAMMacWidgetExtension-project-headers.hmap (in target 'MyRAMMacWidgetExtension' from project 'MyRAM')
    cd /Users/runner/work/MyRAM-iOS/MyRAM-iOS/Candidate
    write-file /tmp/MYR175-Classify-Candidate-Mac/Build/Intermediates.noindex/MyRAM.build/Debug/MyRAMMacWidgetExtension.build/MyRAMMacWidgetExtension-project-headers.hmap

WriteAuxiliaryFile /tmp/MYR175-Classify-Candidate-Mac/Build/Intermediates.noindex/MyRAM.build/Debug/MyRAMMacWidgetExtension.build/MyRAMMacWidgetExtension-own-target-headers.hmap (in target 'MyRAMMacWidgetExtension' from project 'MyRAM')
    cd /Users/runner/work/MyRAM-iOS/MyRAM-iOS/Candidate
    write-file /tmp/MYR175-Classify-Candidate-Mac/Build/Intermediates.noindex/MyRAM.build/Debug/MyRAMMacWidgetExtension.build/MyRAMMacWidgetExtension-own-target-headers.hmap

WriteAuxiliaryFile /tmp/MYR175-Classify-Candidate-Mac/Build/Intermediates.noindex/MyRAM.build/Debug/MyRAMMacWidgetExtension.build/MyRAMMacWidgetExtension-generated-files.hmap (in target 'MyRAMMacWidgetExtension' from project 'MyRAM')
    cd /Users/runner/work/MyRAM-iOS/MyRAM-iOS/Candidate
    write-file /tmp/MYR175-Classify-Candidate-Mac/Build/Intermediates.noindex/MyRAM.build/Debug/MyRAMMacWidgetExtension.build/MyRAMMacWidgetExtension-generated-files.hmap

WriteAuxiliaryFile /tmp/MYR175-Classify-Candidate-Mac/Build/Intermediates.noindex/MyRAM.build/Debug/MyRAMMacWidgetExtension.build/MyRAMMacWidgetExtension-all-target-headers.hmap (in target 'MyRAMMacWidgetExtension' from project 'MyRAM')
    cd /Users/runner/work/MyRAM-iOS/MyRAM-iOS/Candidate
    write-file /tmp/MYR175-Classify-Candidate-Mac/Build/Intermediates.noindex/MyRAM.build/Debug/MyRAMMacWidgetExtension.build/MyRAMMacWidgetExtension-all-target-headers.hmap

WriteAuxiliaryFile /tmp/MYR175-Classify-Candidate-Mac/Build/Intermediates.noindex/MyRAM.build/Debug/MyRAMMacWidgetExtension.build/MyRAMMacWidgetExtension-all-non-framework-target-headers.hmap (in target 'MyRAMMacWidgetExtension' from project 'MyRAM')
    cd /Users/runner/work/MyRAM-iOS/MyRAM-iOS/Candidate
    write-file /tmp/MYR175-Classify-Candidate-Mac/Build/Intermediates.noindex/MyRAM.build/Debug/MyRAMMacWidgetExtension.build/MyRAMMacWidgetExtension-all-non-framework-target-headers.hmap

WriteAuxiliaryFile /tmp/MYR175-Classify-Candidate-Mac/Build/Intermediates.noindex/MyRAM.build/Debug/MyRAMMacWidgetExtension.build/MyRAMMacWidgetExtension-DebugEntryPoint-normal-arm64.txt (in target 'MyRAMMacWidgetExtension' from project 'MyRAM')
    cd /Users/runner/work/MyRAM-iOS/MyRAM-iOS/Candidate
    write-file /tmp/MYR175-Classify-Candidate-Mac/Build/Intermediates.noindex/MyRAM.build/Debug/MyRAMMacWidgetExtension.build/MyRAMMacWidgetExtension-DebugEntryPoint-normal-arm64.txt

WriteAuxiliaryFile /tmp/MYR175-Classify-Candidate-Mac/Build/Intermediates.noindex/MyRAM.build/Debug/MyRAMMacWidgetExtension.build/MyRAMMacWidgetExtension-DebugDylibPath-normal-arm64.txt (in target 'MyRAMMacWidgetExtension' from project 'MyRAM')
    cd /Users/runner/work/MyRAM-iOS/MyRAM-iOS/Candidate
    write-file /tmp/MYR175-Classify-Candidate-Mac/Build/Intermediates.noindex/MyRAM.build/Debug/MyRAMMacWidgetExtension.build/MyRAMMacWidgetExtension-DebugDylibPath-normal-arm64.txt

WriteAuxiliaryFile /tmp/MYR175-Classify-Candidate-Mac/Build/Intermediates.noindex/MyRAM.build/Debug/MyRAMMacWidgetExtension.build/MyRAMMacWidgetExtension-DebugDylibInstallName-normal-arm64.txt (in target 'MyRAMMacWidgetExtension' from project 'MyRAM')
    cd /Users/runner/work/MyRAM-iOS/MyRAM-iOS/Candidate
    write-file /tmp/MYR175-Classify-Candidate-Mac/Build/Intermediates.noindex/MyRAM.build/Debug/MyRAMMacWidgetExtension.build/MyRAMMacWidgetExtension-DebugDylibInstallName-normal-arm64.txt

WriteAuxiliaryFile /tmp/MYR175-Classify-Candidate-Mac/Build/Intermediates.noindex/MyRAM.build/Debug/MyRAMMacWidgetExtension.build/DerivedSources/Entitlements.plist (in target 'MyRAMMacWidgetExtension' from project 'MyRAM')
    cd /Users/runner/work/MyRAM-iOS/MyRAM-iOS/Candidate
    write-file /tmp/MYR175-Classify-Candidate-Mac/Build/Intermediates.noindex/MyRAM.build/Debug/MyRAMMacWidgetExtension.build/DerivedSources/Entitlements.plist

WriteAuxiliaryFile /tmp/MYR175-Classify-Candidate-Mac/Build/Intermediates.noindex/MyRAM.build/Debug/MyRAMMacTests.build/empty-MyRAMMacTests.plist (in target 'MyRAMMacTests' from project 'MyRAM')
    cd /Users/runner/work/MyRAM-iOS/MyRAM-iOS/Candidate
    write-file /tmp/MYR175-Classify-Candidate-Mac/Build/Intermediates.noindex/MyRAM.build/Debug/MyRAMMacTests.build/empty-MyRAMMacTests.plist

WriteAuxiliaryFile /tmp/MYR175-Classify-Candidate-Mac/Build/Intermediates.noindex/MyRAM.build/Debug/MyRAMMacTests.build/Objects-normal/arm64/MyRAMMacTests_const_extract_protocols.json (in target 'MyRAMMacTests' from project 'MyRAM')
    cd /Users/runner/work/MyRAM-iOS/MyRAM-iOS/Candidate
    write-file /tmp/MYR175-Classify-Candidate-Mac/Build/Intermediates.noindex/MyRAM.build/Debug/MyRAMMacTests.build/Objects-normal/arm64/MyRAMMacTests_const_extract_protocols.json

WriteAuxiliaryFile /tmp/MYR175-Classify-Candidate-Mac/Build/Intermediates.noindex/MyRAM.build/Debug/MyRAMMacTests.build/Objects-normal/arm64/MyRAMMacTests.SwiftFileList (in target 'MyRAMMacTests' from project 'MyRAM')
    cd /Users/runner/work/MyRAM-iOS/MyRAM-iOS/Candidate
    write-file /tmp/MYR175-Classify-Candidate-Mac/Build/Intermediates.noindex/MyRAM.build/Debug/MyRAMMacTests.build/Objects-normal/arm64/MyRAMMacTests.SwiftFileList

WriteAuxiliaryFile /tmp/MYR175-Classify-Candidate-Mac/Build/Intermediates.noindex/MyRAM.build/Debug/MyRAMMacTests.build/Objects-normal/arm64/MyRAMMacTests.SwiftConstValuesFileList (in target 'MyRAMMacTests' from project 'MyRAM')
    cd /Users/runner/work/MyRAM-iOS/MyRAM-iOS/Candidate
    write-file /tmp/MYR175-Classify-Candidate-Mac/Build/Intermediates.noindex/MyRAM.build/Debug/MyRAMMacTests.build/Objects-normal/arm64/MyRAMMacTests.SwiftConstValuesFileList

WriteAuxiliaryFile /tmp/MYR175-Classify-Candidate-Mac/Build/Intermediates.noindex/MyRAM.build/Debug/MyRAMMacTests.build/Objects-normal/arm64/MyRAMMacTests.LinkFileList (in target 'MyRAMMacTests' from project 'MyRAM')
    cd /Users/runner/work/MyRAM-iOS/MyRAM-iOS/Candidate
    write-file /tmp/MYR175-Classify-Candidate-Mac/Build/Intermediates.noindex/MyRAM.build/Debug/MyRAMMacTests.build/Objects-normal/arm64/MyRAMMacTests.LinkFileList

WriteAuxiliaryFile /tmp/MYR175-Classify-Candidate-Mac/Build/Intermediates.noindex/MyRAM.build/Debug/MyRAMMacTests.build/Objects-normal/arm64/MyRAMMacTests-OutputFileMap.json (in target 'MyRAMMacTests' from project 'MyRAM')
    cd /Users/runner/work/MyRAM-iOS/MyRAM-iOS/Candidate
    write-file /tmp/MYR175-Classify-Candidate-Mac/Build/Intermediates.noindex/MyRAM.build/Debug/MyRAMMacTests.build/Objects-normal/arm64/MyRAMMacTests-OutputFileMap.json

WriteAuxiliaryFile /tmp/MYR175-Classify-Candidate-Mac/Build/Intermediates.noindex/MyRAM.build/Debug/MyRAMMacTests.build/MyRAMMacTests.hmap (in target 'MyRAMMacTests' from project 'MyRAM')
    cd /Users/runner/work/MyRAM-iOS/MyRAM-iOS/Candidate
    write-file /tmp/MYR175-Classify-Candidate-Mac/Build/Intermediates.noindex/MyRAM.build/Debug/MyRAMMacTests.build/MyRAMMacTests.hmap

WriteAuxiliaryFile /tmp/MYR175-Classify-Candidate-Mac/Build/Intermediates.noindex/MyRAM.build/Debug/MyRAMMacTests.build/MyRAMMacTests.DependencyStaticMetadataFileList (in target 'MyRAMMacTests' from project 'MyRAM')
    cd /Users/runner/work/MyRAM-iOS/MyRAM-iOS/Candidate
    write-file /tmp/MYR175-Classify-Candidate-Mac/Build/Intermediates.noindex/MyRAM.build/Debug/MyRAMMacTests.build/MyRAMMacTests.DependencyStaticMetadataFileList

WriteAuxiliaryFile /tmp/MYR175-Classify-Candidate-Mac/Build/Intermediates.noindex/MyRAM.build/Debug/MyRAMMacTests.build/MyRAMMacTests.DependencyMetadataFileList (in target 'MyRAMMacTests' from project 'MyRAM')
    cd /Users/runner/work/MyRAM-iOS/MyRAM-iOS/Candidate
    write-file /tmp/MYR175-Classify-Candidate-Mac/Build/Intermediates.noindex/MyRAM.build/Debug/MyRAMMacTests.build/MyRAMMacTests.DependencyMetadataFileList

WriteAuxiliaryFile /tmp/MYR175-Classify-Candidate-Mac/Build/Intermediates.noindex/MyRAM.build/Debug/MyRAMMacTests.build/MyRAMMacTests-project-headers.hmap (in target 'MyRAMMacTests' from project 'MyRAM')
    cd /Users/runner/work/MyRAM-iOS/MyRAM-iOS/Candidate
    write-file /tmp/MYR175-Classify-Candidate-Mac/Build/Intermediates.noindex/MyRAM.build/Debug/MyRAMMacTests.build/MyRAMMacTests-project-headers.hmap

WriteAuxiliaryFile /tmp/MYR175-Classify-Candidate-Mac/Build/Intermediates.noindex/MyRAM.build/Debug/MyRAMMacTests.build/MyRAMMacTests-own-target-headers.hmap (in target 'MyRAMMacTests' from project 'MyRAM')
    cd /Users/runner/work/MyRAM-iOS/MyRAM-iOS/Candidate
    write-file /tmp/MYR175-Classify-Candidate-Mac/Build/Intermediates.noindex/MyRAM.build/Debug/MyRAMMacTests.build/MyRAMMacTests-own-target-headers.hmap

WriteAuxiliaryFile /tmp/MYR175-Classify-Candidate-Mac/Build/Intermediates.noindex/MyRAM.build/Debug/MyRAMMacTests.build/MyRAMMacTests-generated-files.hmap (in target 'MyRAMMacTests' from project 'MyRAM')
    cd /Users/runner/work/MyRAM-iOS/MyRAM-iOS/Candidate
    write-file /tmp/MYR175-Classify-Candidate-Mac/Build/Intermediates.noindex/MyRAM.build/Debug/MyRAMMacTests.build/MyRAMMacTests-generated-files.hmap

WriteAuxiliaryFile /tmp/MYR175-Classify-Candidate-Mac/Build/Intermediates.noindex/MyRAM.build/Debug/MyRAMMacTests.build/MyRAMMacTests-all-target-headers.hmap (in target 'MyRAMMacTests' from project 'MyRAM')
    cd /Users/runner/work/MyRAM-iOS/MyRAM-iOS/Candidate
    write-file /tmp/MYR175-Classify-Candidate-Mac/Build/Intermediates.noindex/MyRAM.build/Debug/MyRAMMacTests.build/MyRAMMacTests-all-target-headers.hmap

WriteAuxiliaryFile /tmp/MYR175-Classify-Candidate-Mac/Build/Intermediates.noindex/MyRAM.build/Debug/MyRAMMacTests.build/MyRAMMacTests-all-non-framework-target-headers.hmap (in target 'MyRAMMacTests' from project 'MyRAM')
    cd /Users/runner/work/MyRAM-iOS/MyRAM-iOS/Candidate
    write-file /tmp/MYR175-Classify-Candidate-Mac/Build/Intermediates.noindex/MyRAM.build/Debug/MyRAMMacTests.build/MyRAMMacTests-all-non-framework-target-headers.hmap

WriteAuxiliaryFile /tmp/MYR175-Classify-Candidate-Mac/Build/Intermediates.noindex/MyRAM.build/Debug/MyRAMMac.build/Objects-normal/arm64/MyRAMMac_const_extract_protocols.json (in target 'MyRAMMac' from project 'MyRAM')
    cd /Users/runner/work/MyRAM-iOS/MyRAM-iOS/Candidate
    write-file /tmp/MYR175-Classify-Candidate-Mac/Build/Intermediates.noindex/MyRAM.build/Debug/MyRAMMac.build/Objects-normal/arm64/MyRAMMac_const_extract_protocols.json

WriteAuxiliaryFile /tmp/MYR175-Classify-Candidate-Mac/Build/Intermediates.noindex/MyRAM.build/Debug/MyRAMMac.build/Objects-normal/arm64/MyRAMMac.SwiftFileList (in target 'MyRAMMac' from project 'MyRAM')
    cd /Users/runner/work/MyRAM-iOS/MyRAM-iOS/Candidate
    write-file /tmp/MYR175-Classify-Candidate-Mac/Build/Intermediates.noindex/MyRAM.build/Debug/MyRAMMac.build/Objects-normal/arm64/MyRAMMac.SwiftFileList

WriteAuxiliaryFile /tmp/MYR175-Classify-Candidate-Mac/Build/Intermediates.noindex/MyRAM.build/Debug/MyRAMMac.build/Objects-normal/arm64/MyRAMMac.SwiftConstValuesFileList (in target 'MyRAMMac' from project 'MyRAM')
    cd /Users/runner/work/MyRAM-iOS/MyRAM-iOS/Candidate
    write-file /tmp/MYR175-Classify-Candidate-Mac/Build/Intermediates.noindex/MyRAM.build/Debug/MyRAMMac.build/Objects-normal/arm64/MyRAMMac.SwiftConstValuesFileList

WriteAuxiliaryFile /tmp/MYR175-Classify-Candidate-Mac/Build/Intermediates.noindex/MyRAM.build/Debug/MyRAMMac.build/Objects-normal/arm64/MyRAMMac.LinkFileList (in target 'MyRAMMac' from project 'MyRAM')
    cd /Users/runner/work/MyRAM-iOS/MyRAM-iOS/Candidate
    write-file /tmp/MYR175-Classify-Candidate-Mac/Build/Intermediates.noindex/MyRAM.build/Debug/MyRAMMac.build/Objects-normal/arm64/MyRAMMac.LinkFileList

WriteAuxiliaryFile /tmp/MYR175-Classify-Candidate-Mac/Build/Intermediates.noindex/MyRAM.build/Debug/MyRAMMac.build/Objects-normal/arm64/MyRAMMac-OutputFileMap.json (in target 'MyRAMMac' from project 'MyRAM')
    cd /Users/runner/work/MyRAM-iOS/MyRAM-iOS/Candidate
    write-file /tmp/MYR175-Classify-Candidate-Mac/Build/Intermediates.noindex/MyRAM.build/Debug/MyRAMMac.build/Objects-normal/arm64/MyRAMMac-OutputFileMap.json

WriteAuxiliaryFile /tmp/MYR175-Classify-Candidate-Mac/Build/Intermediates.noindex/MyRAM.build/Debug/MyRAMMac.build/MyRAMMac.hmap (in target 'MyRAMMac' from project 'MyRAM')
    cd /Users/runner/work/MyRAM-iOS/MyRAM-iOS/Candidate
    write-file /tmp/MYR175-Classify-Candidate-Mac/Build/Intermediates.noindex/MyRAM.build/Debug/MyRAMMac.build/MyRAMMac.hmap

WriteAuxiliaryFile /tmp/MYR175-Classify-Candidate-Mac/Build/Intermediates.noindex/MyRAM.build/Debug/MyRAMMac.build/MyRAMMac.DependencyStaticMetadataFileList (in target 'MyRAMMac' from project 'MyRAM')
    cd /Users/runner/work/MyRAM-iOS/MyRAM-iOS/Candidate
    write-file /tmp/MYR175-Classify-Candidate-Mac/Build/Intermediates.noindex/MyRAM.build/Debug/MyRAMMac.build/MyRAMMac.DependencyStaticMetadataFileList

WriteAuxiliaryFile /tmp/MYR175-Classify-Candidate-Mac/Build/Intermediates.noindex/MyRAM.build/Debug/MyRAMMac.build/MyRAMMac.DependencyMetadataFileList (in target 'MyRAMMac' from project 'MyRAM')
    cd /Users/runner/work/MyRAM-iOS/MyRAM-iOS/Candidate
    write-file /tmp/MYR175-Classify-Candidate-Mac/Build/Intermediates.noindex/MyRAM.build/Debug/MyRAMMac.build/MyRAMMac.DependencyMetadataFileList

WriteAuxiliaryFile /tmp/MYR175-Classify-Candidate-Mac/Build/Intermediates.noindex/MyRAM.build/Debug/MyRAMMac.build/MyRAMMac-project-headers.hmap (in target 'MyRAMMac' from project 'MyRAM')
    cd /Users/runner/work/MyRAM-iOS/MyRAM-iOS/Candidate
    write-file /tmp/MYR175-Classify-Candidate-Mac/Build/Intermediates.noindex/MyRAM.build/Debug/MyRAMMac.build/MyRAMMac-project-headers.hmap

WriteAuxiliaryFile /tmp/MYR175-Classify-Candidate-Mac/Build/Intermediates.noindex/MyRAM.build/Debug/MyRAMMac.build/MyRAMMac-own-target-headers.hmap (in target 'MyRAMMac' from project 'MyRAM')
    cd /Users/runner/work/MyRAM-iOS/MyRAM-iOS/Candidate
    write-file /tmp/MYR175-Classify-Candidate-Mac/Build/Intermediates.noindex/MyRAM.build/Debug/MyRAMMac.build/MyRAMMac-own-target-headers.hmap

WriteAuxiliaryFile /tmp/MYR175-Classify-Candidate-Mac/Build/Intermediates.noindex/MyRAM.build/Debug/MyRAMMac.build/MyRAMMac-generated-files.hmap (in target 'MyRAMMac' from project 'MyRAM')
    cd /Users/runner/work/MyRAM-iOS/MyRAM-iOS/Candidate
    write-file /tmp/MYR175-Classify-Candidate-Mac/Build/Intermediates.noindex/MyRAM.build/Debug/MyRAMMac.build/MyRAMMac-generated-files.hmap

WriteAuxiliaryFile /tmp/MYR175-Classify-Candidate-Mac/Build/Intermediates.noindex/MyRAM.build/Debug/MyRAMMac.build/MyRAMMac-all-target-headers.hmap (in target 'MyRAMMac' from project 'MyRAM')
    cd /Users/runner/work/MyRAM-iOS/MyRAM-iOS/Candidate
    write-file /tmp/MYR175-Classify-Candidate-Mac/Build/Intermediates.noindex/MyRAM.build/Debug/MyRAMMac.build/MyRAMMac-all-target-headers.hmap

WriteAuxiliaryFile /tmp/MYR175-Classify-Candidate-Mac/Build/Intermediates.noindex/MyRAM.build/Debug/MyRAMMac.build/MyRAMMac-all-non-framework-target-headers.hmap (in target 'MyRAMMac' from project 'MyRAM')
    cd /Users/runner/work/MyRAM-iOS/MyRAM-iOS/Candidate
    write-file /tmp/MYR175-Classify-Candidate-Mac/Build/Intermediates.noindex/MyRAM.build/Debug/MyRAMMac.build/MyRAMMac-all-non-framework-target-headers.hmap

WriteAuxiliaryFile /tmp/MYR175-Classify-Candidate-Mac/Build/Intermediates.noindex/MyRAM.build/Debug/MyRAMMac.build/MyRAMMac-DebugDylibPath-normal-arm64.txt (in target 'MyRAMMac' from project 'MyRAM')
    cd /Users/runner/work/MyRAM-iOS/MyRAM-iOS/Candidate
    write-file /tmp/MYR175-Classify-Candidate-Mac/Build/Intermediates.noindex/MyRAM.build/Debug/MyRAMMac.build/MyRAMMac-DebugDylibPath-normal-arm64.txt

WriteAuxiliaryFile /tmp/MYR175-Classify-Candidate-Mac/Build/Intermediates.noindex/MyRAM.build/Debug/MyRAMMac.build/MyRAMMac-DebugDylibInstallName-normal-arm64.txt (in target 'MyRAMMac' from project 'MyRAM')
    cd /Users/runner/work/MyRAM-iOS/MyRAM-iOS/Candidate
    write-file /tmp/MYR175-Classify-Candidate-Mac/Build/Intermediates.noindex/MyRAM.build/Debug/MyRAMMac.build/MyRAMMac-DebugDylibInstallName-normal-arm64.txt

WriteAuxiliaryFile /tmp/MYR175-Classify-Candidate-Mac/Build/Intermediates.noindex/MyRAM.build/Debug/MyRAMMac.build/DerivedSources/Entitlements.plist (in target 'MyRAMMac' from project 'MyRAM')
    cd /Users/runner/work/MyRAM-iOS/MyRAM-iOS/Candidate
    write-file /tmp/MYR175-Classify-Candidate-Mac/Build/Intermediates.noindex/MyRAM.build/Debug/MyRAMMac.build/DerivedSources/Entitlements.plist

WriteAuxiliaryFile /tmp/MYR175-Classify-Candidate-Mac/Build/Intermediates.noindex/AnchoredSequenceCore.build/Debug/AnchoredSequenceCore.build/Objects-normal/arm64/AnchoredSequenceCore_const_extract_protocols.json (in target 'AnchoredSequenceCore' from project 'AnchoredSequenceCore')
    cd /Users/runner/work/MyRAM-iOS/MyRAM-iOS/Candidate/Packages/AnchoredSequenceCore
    write-file /tmp/MYR175-Classify-Candidate-Mac/Build/Intermediates.noindex/AnchoredSequenceCore.build/Debug/AnchoredSequenceCore.build/Objects-normal/arm64/AnchoredSequenceCore_const_extract_protocols.json

WriteAuxiliaryFile /tmp/MYR175-Classify-Candidate-Mac/Build/Intermediates.noindex/AnchoredSequenceCore.build/Debug/AnchoredSequenceCore.build/Objects-normal/arm64/AnchoredSequenceCore.SwiftFileList (in target 'AnchoredSequenceCore' from project 'AnchoredSequenceCore')
    cd /Users/runner/work/MyRAM-iOS/MyRAM-iOS/Candidate/Packages/AnchoredSequenceCore
    write-file /tmp/MYR175-Classify-Candidate-Mac/Build/Intermediates.noindex/AnchoredSequenceCore.build/Debug/AnchoredSequenceCore.build/Objects-normal/arm64/AnchoredSequenceCore.SwiftFileList

WriteAuxiliaryFile /tmp/MYR175-Classify-Candidate-Mac/Build/Intermediates.noindex/AnchoredSequenceCore.build/Debug/AnchoredSequenceCore.build/Objects-normal/arm64/AnchoredSequenceCore.SwiftConstValuesFileList (in target 'AnchoredSequenceCore' from project 'AnchoredSequenceCore')
    cd /Users/runner/work/MyRAM-iOS/MyRAM-iOS/Candidate/Packages/AnchoredSequenceCore
    write-file /tmp/MYR175-Classify-Candidate-Mac/Build/Intermediates.noindex/AnchoredSequenceCore.build/Debug/AnchoredSequenceCore.build/Objects-normal/arm64/AnchoredSequenceCore.SwiftConstValuesFileList

WriteAuxiliaryFile /tmp/MYR175-Classify-Candidate-Mac/Build/Intermediates.noindex/AnchoredSequenceCore.build/Debug/AnchoredSequenceCore.build/Objects-normal/arm64/AnchoredSequenceCore.LinkFileList (in target 'AnchoredSequenceCore' from project 'AnchoredSequenceCore')
    cd /Users/runner/work/MyRAM-iOS/MyRAM-iOS/Candidate/Packages/AnchoredSequenceCore
    write-file /tmp/MYR175-Classify-Candidate-Mac/Build/Intermediates.noindex/AnchoredSequenceCore.build/Debug/AnchoredSequenceCore.build/Objects-normal/arm64/AnchoredSequenceCore.LinkFileList

WriteAuxiliaryFile /tmp/MYR175-Classify-Candidate-Mac/Build/Intermediates.noindex/AnchoredSequenceCore.build/Debug/AnchoredSequenceCore.build/Objects-normal/arm64/AnchoredSequenceCore-OutputFileMap.json (in target 'AnchoredSequenceCore' from project 'AnchoredSequenceCore')
    cd /Users/runner/work/MyRAM-iOS/MyRAM-iOS/Candidate/Packages/AnchoredSequenceCore
    write-file /tmp/MYR175-Classify-Candidate-Mac/Build/Intermediates.noindex/AnchoredSequenceCore.build/Debug/AnchoredSequenceCore.build/Objects-normal/arm64/AnchoredSequenceCore-OutputFileMap.json

WriteAuxiliaryFile /tmp/MYR175-Classify-Candidate-Mac/Build/Intermediates.noindex/AnchoredSequenceCore.build/Debug/AnchoredSequenceCore.build/AnchoredSequenceCore.modulemap (in target 'AnchoredSequenceCore' from project 'AnchoredSequenceCore')
    cd /Users/runner/work/MyRAM-iOS/MyRAM-iOS/Candidate/Packages/AnchoredSequenceCore
    write-file /tmp/MYR175-Classify-Candidate-Mac/Build/Intermediates.noindex/AnchoredSequenceCore.build/Debug/AnchoredSequenceCore.build/AnchoredSequenceCore.modulemap

WriteAuxiliaryFile /tmp/MYR175-Classify-Candidate-Mac/Build/Intermediates.noindex/AnchoredSequenceCore.build/Debug/AnchoredSequenceCore.build/AnchoredSequenceCore.DependencyStaticMetadataFileList (in target 'AnchoredSequenceCore' from project 'AnchoredSequenceCore')
    cd /Users/runner/work/MyRAM-iOS/MyRAM-iOS/Candidate/Packages/AnchoredSequenceCore
    write-file /tmp/MYR175-Classify-Candidate-Mac/Build/Intermediates.noindex/AnchoredSequenceCore.build/Debug/AnchoredSequenceCore.build/AnchoredSequenceCore.DependencyStaticMetadataFileList

WriteAuxiliaryFile /tmp/MYR175-Classify-Candidate-Mac/Build/Intermediates.noindex/AnchoredSequenceCore.build/Debug/AnchoredSequenceCore.build/AnchoredSequenceCore.DependencyMetadataFileList (in target 'AnchoredSequenceCore' from project 'AnchoredSequenceCore')
    cd /Users/runner/work/MyRAM-iOS/MyRAM-iOS/Candidate/Packages/AnchoredSequenceCore
    write-file /tmp/MYR175-Classify-Candidate-Mac/Build/Intermediates.noindex/AnchoredSequenceCore.build/Debug/AnchoredSequenceCore.build/AnchoredSequenceCore.DependencyMetadataFileList

WriteAuxiliaryFile /tmp/MYR175-Classify-Candidate-Mac/Build/Intermediates.noindex/AnchoredSequenceCore.build/Debug/AnchoredSequenceCore\ product.build/empty-AnchoredSequenceCore_-65B9EEE52AB2106_PackageProduct.plist (in target 'AnchoredSequenceCore' from project 'AnchoredSequenceCore')
    cd /Users/runner/work/MyRAM-iOS/MyRAM-iOS/Candidate/Packages/AnchoredSequenceCore
    write-file /tmp/MYR175-Classify-Candidate-Mac/Build/Intermediates.noindex/AnchoredSequenceCore.build/Debug/AnchoredSequenceCore\ product.build/empty-AnchoredSequenceCore_-65B9EEE52AB2106_PackageProduct.plist

Copy /tmp/MYR175-Classify-Candidate-Mac/Build/Intermediates.noindex/GeneratedModuleMaps/AnchoredSequenceCore.modulemap /tmp/MYR175-Classify-Candidate-Mac/Build/Intermediates.noindex/AnchoredSequenceCore.build/Debug/AnchoredSequenceCore.build/AnchoredSequenceCore.modulemap (in target 'AnchoredSequenceCore' from project 'AnchoredSequenceCore')
    cd /Users/runner/work/MyRAM-iOS/MyRAM-iOS/Candidate/Packages/AnchoredSequenceCore
    builtin-copy -exclude .DS_Store -exclude CVS -exclude .svn -exclude .git -exclude .hg -resolve-src-symlinks /tmp/MYR175-Classify-Candidate-Mac/Build/Intermediates.noindex/AnchoredSequenceCore.build/Debug/AnchoredSequenceCore.build/AnchoredSequenceCore.modulemap /tmp/MYR175-Classify-Candidate-Mac/Build/Intermediates.noindex/GeneratedModuleMaps

WriteAuxiliaryFile /tmp/MYR175-Classify-Candidate-Mac/Build/Intermediates.noindex/AnchoredSequenceCore.build/Debug/AnchoredSequenceCore\ product.build/Objects-normal/arm64/AnchoredSequenceCore_-65B9EEE52AB2106_PackageProduct.LinkFileList (in target 'AnchoredSequenceCore' from project 'AnchoredSequenceCore')
    cd /Users/runner/work/MyRAM-iOS/MyRAM-iOS/Candidate/Packages/AnchoredSequenceCore
    write-file /tmp/MYR175-Classify-Candidate-Mac/Build/Intermediates.noindex/AnchoredSequenceCore.build/Debug/AnchoredSequenceCore\ product.build/Objects-normal/arm64/AnchoredSequenceCore_-65B9EEE52AB2106_PackageProduct.LinkFileList

WriteAuxiliaryFile /tmp/MYR175-Classify-Candidate-Mac/Build/Intermediates.noindex/AnchoredSequenceCore.build/Debug/AnchoredSequenceCore\ product.build/AnchoredSequenceCore_-65B9EEE52AB2106_PackageProduct.DependencyStaticMetadataFileList (in target 'AnchoredSequenceCore' from project 'AnchoredSequenceCore')
    cd /Users/runner/work/MyRAM-iOS/MyRAM-iOS/Candidate/Packages/AnchoredSequenceCore
    write-file /tmp/MYR175-Classify-Candidate-Mac/Build/Intermediates.noindex/AnchoredSequenceCore.build/Debug/AnchoredSequenceCore\ product.build/AnchoredSequenceCore_-65B9EEE52AB2106_PackageProduct.DependencyStaticMetadataFileList

WriteAuxiliaryFile /tmp/MYR175-Classify-Candidate-Mac/Build/Intermediates.noindex/AnchoredSequenceCore.build/Debug/AnchoredSequenceCore\ product.build/AnchoredSequenceCore_-65B9EEE52AB2106_PackageProduct.DependencyMetadataFileList (in target 'AnchoredSequenceCore' from project 'AnchoredSequenceCore')
    cd /Users/runner/work/MyRAM-iOS/MyRAM-iOS/Candidate/Packages/AnchoredSequenceCore
    write-file /tmp/MYR175-Classify-Candidate-Mac/Build/Intermediates.noindex/AnchoredSequenceCore.build/Debug/AnchoredSequenceCore\ product.build/AnchoredSequenceCore_-65B9EEE52AB2106_PackageProduct.DependencyMetadataFileList

MkDir /tmp/MYR175-Classify-Candidate-Mac/Build/Products/Debug/MyRAMMacWidgetExtension.appex/Contents/Resources (in target 'MyRAMMacWidgetExtension' from project 'MyRAM')
    cd /Users/runner/work/MyRAM-iOS/MyRAM-iOS/Candidate
    /bin/mkdir -p /tmp/MYR175-Classify-Candidate-Mac/Build/Products/Debug/MyRAMMacWidgetExtension.appex/Contents/Resources

MkDir /tmp/MYR175-Classify-Candidate-Mac/Build/Products/Debug/MyRAMMacWidgetExtension.appex/Contents/MacOS (in target 'MyRAMMacWidgetExtension' from project 'MyRAM')
    cd /Users/runner/work/MyRAM-iOS/MyRAM-iOS/Candidate
    /bin/mkdir -p /tmp/MYR175-Classify-Candidate-Mac/Build/Products/Debug/MyRAMMacWidgetExtension.appex/Contents/MacOS

MkDir /tmp/MYR175-Classify-Candidate-Mac/Build/Products/Debug/MyRAMMacWidgetExtension.appex/Contents (in target 'MyRAMMacWidgetExtension' from project 'MyRAM')
    cd /Users/runner/work/MyRAM-iOS/MyRAM-iOS/Candidate
    /bin/mkdir -p /tmp/MYR175-Classify-Candidate-Mac/Build/Products/Debug/MyRAMMacWidgetExtension.appex/Contents

MkDir /tmp/MYR175-Classify-Candidate-Mac/Build/Products/Debug/MyRAMMacWidgetExtension.appex (in target 'MyRAMMacWidgetExtension' from project 'MyRAM')
    cd /Users/runner/work/MyRAM-iOS/MyRAM-iOS/Candidate
    /bin/mkdir -p /tmp/MYR175-Classify-Candidate-Mac/Build/Products/Debug/MyRAMMacWidgetExtension.appex

MkDir /tmp/MYR175-Classify-Candidate-Mac/Build/Products/Debug/MyRAMMac.app/Contents/PlugIns/MyRAMMacTests.xctest/Contents/MacOS (in target 'MyRAMMacTests' from project 'MyRAM')
    cd /Users/runner/work/MyRAM-iOS/MyRAM-iOS/Candidate
    /bin/mkdir -p /tmp/MYR175-Classify-Candidate-Mac/Build/Products/Debug/MyRAMMac.app/Contents/PlugIns/MyRAMMacTests.xctest/Contents/MacOS

MkDir /tmp/MYR175-Classify-Candidate-Mac/Build/Products/Debug/MyRAMMac.app/Contents/PlugIns/MyRAMMacTests.xctest/Contents/Frameworks (in target 'MyRAMMacTests' from project 'MyRAM')
    cd /Users/runner/work/MyRAM-iOS/MyRAM-iOS/Candidate
    /bin/mkdir -p /tmp/MYR175-Classify-Candidate-Mac/Build/Products/Debug/MyRAMMac.app/Contents/PlugIns/MyRAMMacTests.xctest/Contents/Frameworks

MkDir /tmp/MYR175-Classify-Candidate-Mac/Build/Products/Debug/MyRAMMac.app/Contents/PlugIns/MyRAMMacTests.xctest/Contents (in target 'MyRAMMacTests' from project 'MyRAM')
    cd /Users/runner/work/MyRAM-iOS/MyRAM-iOS/Candidate
    /bin/mkdir -p /tmp/MYR175-Classify-Candidate-Mac/Build/Products/Debug/MyRAMMac.app/Contents/PlugIns/MyRAMMacTests.xctest/Contents

MkDir /tmp/MYR175-Classify-Candidate-Mac/Build/Products/Debug/MyRAMMac.app/Contents/PlugIns/MyRAMMacTests.xctest (in target 'MyRAMMacTests' from project 'MyRAM')
    cd /Users/runner/work/MyRAM-iOS/MyRAM-iOS/Candidate
    /bin/mkdir -p /tmp/MYR175-Classify-Candidate-Mac/Build/Products/Debug/MyRAMMac.app/Contents/PlugIns/MyRAMMacTests.xctest

MkDir /tmp/MYR175-Classify-Candidate-Mac/Build/Products/Debug/MyRAMMac.app/Contents/Resources (in target 'MyRAMMac' from project 'MyRAM')
    cd /Users/runner/work/MyRAM-iOS/MyRAM-iOS/Candidate
    /bin/mkdir -p /tmp/MYR175-Classify-Candidate-Mac/Build/Products/Debug/MyRAMMac.app/Contents/Resources

MkDir /tmp/MYR175-Classify-Candidate-Mac/Build/Products/Debug/MyRAMMac.app/Contents/PlugIns (in target 'MyRAMMac' from project 'MyRAM')
    cd /Users/runner/work/MyRAM-iOS/MyRAM-iOS/Candidate
    /bin/mkdir -p /tmp/MYR175-Classify-Candidate-Mac/Build/Products/Debug/MyRAMMac.app/Contents/PlugIns

MkDir /tmp/MYR175-Classify-Candidate-Mac/Build/Products/Debug/MyRAMMac.app/Contents/MacOS (in target 'MyRAMMac' from project 'MyRAM')
    cd /Users/runner/work/MyRAM-iOS/MyRAM-iOS/Candidate
    /bin/mkdir -p /tmp/MYR175-Classify-Candidate-Mac/Build/Products/Debug/MyRAMMac.app/Contents/MacOS

MkDir /tmp/MYR175-Classify-Candidate-Mac/Build/Products/Debug/MyRAMMac.app/Contents/Frameworks (in target 'MyRAMMac' from project 'MyRAM')
    cd /Users/runner/work/MyRAM-iOS/MyRAM-iOS/Candidate
    /bin/mkdir -p /tmp/MYR175-Classify-Candidate-Mac/Build/Products/Debug/MyRAMMac.app/Contents/Frameworks

MkDir /tmp/MYR175-Classify-Candidate-Mac/Build/Products/Debug/MyRAMMac.app/Contents (in target 'MyRAMMac' from project 'MyRAM')
    cd /Users/runner/work/MyRAM-iOS/MyRAM-iOS/Candidate
    /bin/mkdir -p /tmp/MYR175-Classify-Candidate-Mac/Build/Products/Debug/MyRAMMac.app/Contents

MkDir /tmp/MYR175-Classify-Candidate-Mac/Build/Products/Debug/MyRAMMac.app (in target 'MyRAMMac' from project 'MyRAM')
    cd /Users/runner/work/MyRAM-iOS/MyRAM-iOS/Candidate
    /bin/mkdir -p /tmp/MYR175-Classify-Candidate-Mac/Build/Products/Debug/MyRAMMac.app

SymLink /tmp/MYR175-Classify-Candidate-Mac/Build/Products/Debug/PackageFrameworks/AnchoredSequenceCore_-65B9EEE52AB2106_PackageProduct.framework/Versions/Current A (in target 'AnchoredSequenceCore' from project 'AnchoredSequenceCore')
    cd /Users/runner/work/MyRAM-iOS/MyRAM-iOS/Candidate/Packages/AnchoredSequenceCore
    /bin/ln -sfh A /tmp/MYR175-Classify-Candidate-Mac/Build/Products/Debug/PackageFrameworks/AnchoredSequenceCore_-65B9EEE52AB2106_PackageProduct.framework/Versions/Current

SymLink /tmp/MYR175-Classify-Candidate-Mac/Build/Products/Debug/PackageFrameworks/AnchoredSequenceCore_-65B9EEE52AB2106_PackageProduct.framework/Resources Versions/Current/Resources (in target 'AnchoredSequenceCore' from project 'AnchoredSequenceCore')
    cd /Users/runner/work/MyRAM-iOS/MyRAM-iOS/Candidate/Packages/AnchoredSequenceCore
    /bin/ln -sfh Versions/Current/Resources /tmp/MYR175-Classify-Candidate-Mac/Build/Products/Debug/PackageFrameworks/AnchoredSequenceCore_-65B9EEE52AB2106_PackageProduct.framework/Resources

SymLink /tmp/MYR175-Classify-Candidate-Mac/Build/Products/Debug/PackageFrameworks/AnchoredSequenceCore_-65B9EEE52AB2106_PackageProduct.framework/AnchoredSequenceCore_-65B9EEE52AB2106_PackageProduct Versions/Current/AnchoredSequenceCore_-65B9EEE52AB2106_PackageProduct (in target 'AnchoredSequenceCore' from project 'AnchoredSequenceCore')
    cd /Users/runner/work/MyRAM-iOS/MyRAM-iOS/Candidate/Packages/AnchoredSequenceCore
    /bin/ln -sfh Versions/Current/AnchoredSequenceCore_-65B9EEE52AB2106_PackageProduct /tmp/MYR175-Classify-Candidate-Mac/Build/Products/Debug/PackageFrameworks/AnchoredSequenceCore_-65B9EEE52AB2106_PackageProduct.framework/AnchoredSequenceCore_-65B9EEE52AB2106_PackageProduct

MkDir /tmp/MYR175-Classify-Candidate-Mac/Build/Products/Debug/PackageFrameworks/AnchoredSequenceCore_-65B9EEE52AB2106_PackageProduct.framework/Versions/A/Resources (in target 'AnchoredSequenceCore' from project 'AnchoredSequenceCore')
    cd /Users/runner/work/MyRAM-iOS/MyRAM-iOS/Candidate/Packages/AnchoredSequenceCore
    /bin/mkdir -p /tmp/MYR175-Classify-Candidate-Mac/Build/Products/Debug/PackageFrameworks/AnchoredSequenceCore_-65B9EEE52AB2106_PackageProduct.framework/Versions/A/Resources

MkDir /tmp/MYR175-Classify-Candidate-Mac/Build/Products/Debug/PackageFrameworks/AnchoredSequenceCore_-65B9EEE52AB2106_PackageProduct.framework/Versions/A (in target 'AnchoredSequenceCore' from project 'AnchoredSequenceCore')
    cd /Users/runner/work/MyRAM-iOS/MyRAM-iOS/Candidate/Packages/AnchoredSequenceCore
    /bin/mkdir -p /tmp/MYR175-Classify-Candidate-Mac/Build/Products/Debug/PackageFrameworks/AnchoredSequenceCore_-65B9EEE52AB2106_PackageProduct.framework/Versions/A

MkDir /tmp/MYR175-Classify-Candidate-Mac/Build/Products/Debug/PackageFrameworks/AnchoredSequenceCore_-65B9EEE52AB2106_PackageProduct.framework/Versions (in target 'AnchoredSequenceCore' from project 'AnchoredSequenceCore')
    cd /Users/runner/work/MyRAM-iOS/MyRAM-iOS/Candidate/Packages/AnchoredSequenceCore
    /bin/mkdir -p /tmp/MYR175-Classify-Candidate-Mac/Build/Products/Debug/PackageFrameworks/AnchoredSequenceCore_-65B9EEE52AB2106_PackageProduct.framework/Versions

MkDir /tmp/MYR175-Classify-Candidate-Mac/Build/Products/Debug/PackageFrameworks/AnchoredSequenceCore_-65B9EEE52AB2106_PackageProduct.framework (in target 'AnchoredSequenceCore' from project 'AnchoredSequenceCore')
    cd /Users/runner/work/MyRAM-iOS/MyRAM-iOS/Candidate/Packages/AnchoredSequenceCore
    /bin/mkdir -p /tmp/MYR175-Classify-Candidate-Mac/Build/Products/Debug/PackageFrameworks/AnchoredSequenceCore_-65B9EEE52AB2106_PackageProduct.framework

ProcessProductPackaging /Users/runner/work/MyRAM-iOS/MyRAM-iOS/Candidate/MyRAMMacWidgetExtension.entitlements /tmp/MYR175-Classify-Candidate-Mac/Build/Intermediates.noindex/MyRAM.build/Debug/MyRAMMacWidgetExtension.build/MyRAMMacWidgetExtension.appex.xcent (in target 'MyRAMMacWidgetExtension' from project 'MyRAM')
    cd /Users/runner/work/MyRAM-iOS/MyRAM-iOS/Candidate
    
    Entitlements:
    
    {
    "com.apple.security.app-sandbox" = 1;
    "com.apple.security.application-groups" =     (
        "group.com.northsignalstudio.myram.mac.dev.widget"
    );
    "com.apple.security.get-task-allow" = 1;
}
    
    builtin-productPackagingUtility /Users/runner/work/MyRAM-iOS/MyRAM-iOS/Candidate/MyRAMMacWidgetExtension.entitlements -entitlements -format xml -o /tmp/MYR175-Classify-Candidate-Mac/Build/Intermediates.noindex/MyRAM.build/Debug/MyRAMMacWidgetExtension.build/MyRAMMacWidgetExtension.appex.xcent

ProcessProductPackagingDER /tmp/MYR175-Classify-Candidate-Mac/Build/Intermediates.noindex/MyRAM.build/Debug/MyRAMMacWidgetExtension.build/MyRAMMacWidgetExtension.appex.xcent /tmp/MYR175-Classify-Candidate-Mac/Build/Intermediates.noindex/MyRAM.build/Debug/MyRAMMacWidgetExtension.build/MyRAMMacWidgetExtension.appex.xcent.der (in target 'MyRAMMacWidgetExtension' from project 'MyRAM')
    cd /Users/runner/work/MyRAM-iOS/MyRAM-iOS/Candidate
    /usr/bin/derq query -f xml -i /tmp/MYR175-Classify-Candidate-Mac/Build/Intermediates.noindex/MyRAM.build/Debug/MyRAMMacWidgetExtension.build/MyRAMMacWidgetExtension.appex.xcent -o /tmp/MYR175-Classify-Candidate-Mac/Build/Intermediates.noindex/MyRAM.build/Debug/MyRAMMacWidgetExtension.build/MyRAMMacWidgetExtension.appex.xcent.der --raw

Ld /tmp/MYR175-Classify-Candidate-Mac/Build/Products/Debug/MyRAMMacWidgetExtension.appex/Contents/MacOS/__preview.dylib normal (in target 'MyRAMMacWidgetExtension' from project 'MyRAM')
    cd /Users/runner/work/MyRAM-iOS/MyRAM-iOS/Candidate
    /Applications/Xcode_26.5.app/Contents/Developer/Toolchains/XcodeDefault.xctoolchain/usr/bin/clang -Xlinker -reproducible -target arm64-apple-macos14.0 -dynamiclib -isysroot /Applications/Xcode_26.5.app/Contents/Developer/Platforms/MacOSX.platform/Developer/SDKs/MacOSX26.5.sdk -O0 -L/tmp/MYR175-Classify-Candidate-Mac/Build/Products/Debug -F/tmp/MYR175-Classify-Candidate-Mac/Build/Products/Debug -install_name @rpath/MyRAMMacWidgetExtension.debug.dylib -rdynamic -Xlinker -no_deduplicate -Xlinker -dependency_info -Xlinker /tmp/MYR175-Classify-Candidate-Mac/Build/Intermediates.noindex/MyRAM.build/Debug/MyRAMMacWidgetExtension.build/Objects-normal/arm64/MyRAMMacWidgetExtension_dependency_info.dat -Xlinker -no_adhoc_codesign -o /tmp/MYR175-Classify-Candidate-Mac/Build/Products/Debug/MyRAMMacWidgetExtension.appex/Contents/MacOS/__preview.dylib

MkDir /tmp/MYR175-Classify-Candidate-Mac/Build/Intermediates.noindex/MyRAM.build/Debug/MyRAMMacWidgetExtension.build/assetcatalog_output/unthinned (in target 'MyRAMMacWidgetExtension' from project 'MyRAM')
    cd /Users/runner/work/MyRAM-iOS/MyRAM-iOS/Candidate
    /bin/mkdir -p /tmp/MYR175-Classify-Candidate-Mac/Build/Intermediates.noindex/MyRAM.build/Debug/MyRAMMacWidgetExtension.build/assetcatalog_output/unthinned

MkDir /tmp/MYR175-Classify-Candidate-Mac/Build/Intermediates.noindex/MyRAM.build/Debug/MyRAMMacWidgetExtension.build/assetcatalog_output/thinned (in target 'MyRAMMacWidgetExtension' from project 'MyRAM')
    cd /Users/runner/work/MyRAM-iOS/MyRAM-iOS/Candidate
    /bin/mkdir -p /tmp/MYR175-Classify-Candidate-Mac/Build/Intermediates.noindex/MyRAM.build/Debug/MyRAMMacWidgetExtension.build/assetcatalog_output/thinned

GenerateAssetSymbols /Users/runner/work/MyRAM-iOS/MyRAM-iOS/Candidate/MyRAMMacWidget/Assets.xcassets (in target 'MyRAMMacWidgetExtension' from project 'MyRAM')
    cd /Users/runner/work/MyRAM-iOS/MyRAM-iOS/Candidate
    /Applications/Xcode_26.5.app/Contents/Developer/usr/bin/actool /Users/runner/work/MyRAM-iOS/MyRAM-iOS/Candidate/MyRAMMacWidget/Assets.xcassets --compile /tmp/MYR175-Classify-Candidate-Mac/Build/Products/Debug/MyRAMMacWidgetExtension.appex/Contents/Resources --output-format human-readable-text --notices --warnings --export-dependency-info /tmp/MYR175-Classify-Candidate-Mac/Build/Intermediates.noindex/MyRAM.build/Debug/MyRAMMacWidgetExtension.build/assetcatalog_dependencies --output-partial-info-plist /tmp/MYR175-Classify-Candidate-Mac/Build/Intermediates.noindex/MyRAM.build/Debug/MyRAMMacWidgetExtension.build/assetcatalog_generated_info.plist --accent-color AccentColor --widget-background-color WidgetBackground --enable-on-demand-resources NO --standalone-icon-behavior all --development-region en --target-device mac --minimum-deployment-target 14.0 --platform macosx --bundle-identifier com.northsignalstudio.myram.mac.dev.widget --generate-swift-asset-symbols /tmp/MYR175-Classify-Candidate-Mac/Build/Intermediates.noindex/MyRAM.build/Debug/MyRAMMacWidgetExtension.build/DerivedSources/GeneratedAssetSymbols.swift --generate-objc-asset-symbols /tmp/MYR175-Classify-Candidate-Mac/Build/Intermediates.noindex/MyRAM.build/Debug/MyRAMMacWidgetExtension.build/DerivedSources/GeneratedAssetSymbols.h --generate-asset-symbol-index /tmp/MYR175-Classify-Candidate-Mac/Build/Intermediates.noindex/MyRAM.build/Debug/MyRAMMacWidgetExtension.build/DerivedSources/GeneratedAssetSymbols-Index.plist
/* com.apple.actool.compilation-results */
/tmp/MYR175-Classify-Candidate-Mac/Build/Intermediates.noindex/MyRAM.build/Debug/MyRAMMacWidgetExtension.build/DerivedSources/GeneratedAssetSymbols-Index.plist
/tmp/MYR175-Classify-Candidate-Mac/Build/Intermediates.noindex/MyRAM.build/Debug/MyRAMMacWidgetExtension.build/DerivedSources/GeneratedAssetSymbols.h
/tmp/MYR175-Classify-Candidate-Mac/Build/Intermediates.noindex/MyRAM.build/Debug/MyRAMMacWidgetExtension.build/DerivedSources/GeneratedAssetSymbols.swift


CompileAssetCatalogVariant thinned /tmp/MYR175-Classify-Candidate-Mac/Build/Products/Debug/MyRAMMacWidgetExtension.appex/Contents/Resources /Users/runner/work/MyRAM-iOS/MyRAM-iOS/Candidate/MyRAMMacWidget/Assets.xcassets (in target 'MyRAMMacWidgetExtension' from project 'MyRAM')
    cd /Users/runner/work/MyRAM-iOS/MyRAM-iOS/Candidate
    /Applications/Xcode_26.5.app/Contents/Developer/usr/bin/actool /Users/runner/work/MyRAM-iOS/MyRAM-iOS/Candidate/MyRAMMacWidget/Assets.xcassets --compile /tmp/MYR175-Classify-Candidate-Mac/Build/Intermediates.noindex/MyRAM.build/Debug/MyRAMMacWidgetExtension.build/assetcatalog_output/thinned --output-format human-readable-text --notices --warnings --export-dependency-info /tmp/MYR175-Classify-Candidate-Mac/Build/Intermediates.noindex/MyRAM.build/Debug/MyRAMMacWidgetExtension.build/assetcatalog_dependencies_thinned --output-partial-info-plist /tmp/MYR175-Classify-Candidate-Mac/Build/Intermediates.noindex/MyRAM.build/Debug/MyRAMMacWidgetExtension.build/assetcatalog_generated_info.plist_thinned --accent-color AccentColor --widget-background-color WidgetBackground --enable-on-demand-resources NO --standalone-icon-behavior all --development-region en --target-device mac --minimum-deployment-target 14.0 --platform macosx
/* com.apple.actool.compilation-results */
/tmp/MYR175-Classify-Candidate-Mac/Build/Intermediates.noindex/MyRAM.build/Debug/MyRAMMacWidgetExtension.build/assetcatalog_generated_info.plist_thinned


LinkAssetCatalog /Users/runner/work/MyRAM-iOS/MyRAM-iOS/Candidate/MyRAMMacWidget/Assets.xcassets (in target 'MyRAMMacWidgetExtension' from project 'MyRAM')
    cd /Users/runner/work/MyRAM-iOS/MyRAM-iOS/Candidate
    builtin-linkAssetCatalog --thinned /tmp/MYR175-Classify-Candidate-Mac/Build/Intermediates.noindex/MyRAM.build/Debug/MyRAMMacWidgetExtension.build/assetcatalog_output/thinned --thinned-dependencies /tmp/MYR175-Classify-Candidate-Mac/Build/Intermediates.noindex/MyRAM.build/Debug/MyRAMMacWidgetExtension.build/assetcatalog_dependencies_thinned --thinned-info-plist-content /tmp/MYR175-Classify-Candidate-Mac/Build/Intermediates.noindex/MyRAM.build/Debug/MyRAMMacWidgetExtension.build/assetcatalog_generated_info.plist_thinned --unthinned /tmp/MYR175-Classify-Candidate-Mac/Build/Intermediates.noindex/MyRAM.build/Debug/MyRAMMacWidgetExtension.build/assetcatalog_output/unthinned --unthinned-dependencies /tmp/MYR175-Classify-Candidate-Mac/Build/Intermediates.noindex/MyRAM.build/Debug/MyRAMMacWidgetExtension.build/assetcatalog_dependencies_unthinned --unthinned-info-plist-content /tmp/MYR175-Classify-Candidate-Mac/Build/Intermediates.noindex/MyRAM.build/Debug/MyRAMMacWidgetExtension.build/assetcatalog_generated_info.plist_unthinned --output /tmp/MYR175-Classify-Candidate-Mac/Build/Products/Debug/MyRAMMacWidgetExtension.appex/Contents/Resources --plist-output /tmp/MYR175-Classify-Candidate-Mac/Build/Intermediates.noindex/MyRAM.build/Debug/MyRAMMacWidgetExtension.build/assetcatalog_generated_info.plist

ProcessInfoPlistFile /tmp/MYR175-Classify-Candidate-Mac/Build/Products/Debug/MyRAMMacWidgetExtension.appex/Contents/Info.plist /Users/runner/work/MyRAM-iOS/MyRAM-iOS/Candidate/MyRAMMacWidget/Info.plist (in target 'MyRAMMacWidgetExtension' from project 'MyRAM')
    cd /Users/runner/work/MyRAM-iOS/MyRAM-iOS/Candidate
    builtin-infoPlistUtility /Users/runner/work/MyRAM-iOS/MyRAM-iOS/Candidate/MyRAMMacWidget/Info.plist -producttype com.apple.product-type.app-extension -expandbuildsettings -platform macosx -additionalcontentfile /tmp/MYR175-Classify-Candidate-Mac/Build/Intermediates.noindex/MyRAM.build/Debug/MyRAMMacWidgetExtension.build/assetcatalog_generated_info.plist -o /tmp/MYR175-Classify-Candidate-Mac/Build/Products/Debug/MyRAMMacWidgetExtension.appex/Contents/Info.plist

SwiftDriver MyRAMMacWidgetExtension normal arm64 com.apple.xcode.tools.swift.compiler (in target 'MyRAMMacWidgetExtension' from project 'MyRAM')
    cd /Users/runner/work/MyRAM-iOS/MyRAM-iOS/Candidate
    builtin-SwiftDriver -- /Applications/Xcode_26.5.app/Contents/Developer/Toolchains/XcodeDefault.xctoolchain/usr/bin/swiftc -module-name MyRAMMacWidgetExtension -Onone @/tmp/MYR175-Classify-Candidate-Mac/Build/Intermediates.noindex/MyRAM.build/Debug/MyRAMMacWidgetExtension.build/Objects-normal/arm64/MyRAMMacWidgetExtension.SwiftFileList -DDEBUG -enable-bare-slash-regex -enable-upcoming-feature DisableOutwardActorInference -enable-upcoming-feature InferSendableFromCaptures -enable-upcoming-feature GlobalActorIsolatedTypesUsability -enable-upcoming-feature MemberImportVisibility -enable-upcoming-feature InferIsolatedConformances -enable-upcoming-feature NonisolatedNonsendingByDefault -enable-experimental-feature DebugDescriptionMacro -sdk /Applications/Xcode_26.5.app/Contents/Developer/Platforms/MacOSX.platform/Developer/SDKs/MacOSX26.5.sdk -target arm64-apple-macos14.0 -g -module-cache-path /tmp/MYR175-Classify-Candidate-Mac/ModuleCache.noindex -Xfrontend -serialize-debugging-options -application-extension -enable-testing -index-store-path /tmp/MYR175-Classify-Candidate-Mac/Index.noindex/DataStore -Xcc -D_LIBCPP_HARDENING_MODE\=_LIBCPP_HARDENING_MODE_DEBUG -swift-version 5 -I /tmp/MYR175-Classify-Candidate-Mac/Build/Products/Debug -F /tmp/MYR175-Classify-Candidate-Mac/Build/Products/Debug -emit-localized-strings -emit-localized-strings-path /tmp/MYR175-Classify-Candidate-Mac/Build/Intermediates.noindex/MyRAM.build/Debug/MyRAMMacWidgetExtension.build/Objects-normal/arm64 -c -j3 -enable-batch-mode -incremental -Xcc -ivfsstatcache -Xcc /tmp/MYR175-Classify-Candidate-Mac/SDKStatCaches.noindex/macosx26.5-25F70-688ef53f1462e2c8f657fdc38a81448f3599ee76dc2a8020dfcb4b41ead48a8c.sdkstatcache -output-file-map /tmp/MYR175-Classify-Candidate-Mac/Build/Intermediates.noindex/MyRAM.build/Debug/MyRAMMacWidgetExtension.build/Objects-normal/arm64/MyRAMMacWidgetExtension-OutputFileMap.json -use-frontend-parseable-output -save-temps -no-color-diagnostics -explicit-module-build -module-cache-path /tmp/MYR175-Classify-Candidate-Mac/Build/Intermediates.noindex/SwiftExplicitPrecompiledModules -clang-scanner-module-cache-path /tmp/MYR175-Classify-Candidate-Mac/ModuleCache.noindex -sdk-module-cache-path /tmp/MYR175-Classify-Candidate-Mac/ModuleCache.noindex -serialize-diagnostics -emit-dependencies -emit-module -emit-module-path /tmp/MYR175-Classify-Candidate-Mac/Build/Intermediates.noindex/MyRAM.build/Debug/MyRAMMacWidgetExtension.build/Objects-normal/arm64/MyRAMMacWidgetExtension.swiftmodule -validate-clang-modules-once -clang-build-session-file /tmp/MYR175-Classify-Candidate-Mac/ModuleCache.noindex/Session.modulevalidation -Xcc -I/tmp/MYR175-Classify-Candidate-Mac/Build/Intermediates.noindex/MyRAM.build/Debug/MyRAMMacWidgetExtension.build/swift-overrides.hmap -emit-const-values -Xfrontend -const-gather-protocols-file -Xfrontend /tmp/MYR175-Classify-Candidate-Mac/Build/Intermediates.noindex/MyRAM.build/Debug/MyRAMMacWidgetExtension.build/Objects-normal/arm64/MyRAMMacWidgetExtension_const_extract_protocols.json -Xcc -iquote -Xcc /tmp/MYR175-Classify-Candidate-Mac/Build/Intermediates.noindex/MyRAM.build/Debug/MyRAMMacWidgetExtension.build/MyRAMMacWidgetExtension-generated-files.hmap -Xcc -I/tmp/MYR175-Classify-Candidate-Mac/Build/Intermediates.noindex/MyRAM.build/Debug/MyRAMMacWidgetExtension.build/MyRAMMacWidgetExtension-own-target-headers.hmap -Xcc -I/tmp/MYR175-Classify-Candidate-Mac/Build/Intermediates.noindex/MyRAM.build/Debug/MyRAMMacWidgetExtension.build/MyRAMMacWidgetExtension-all-non-framework-target-headers.hmap -Xcc -ivfsoverlay -Xcc /tmp/MYR175-Classify-Candidate-Mac/Build/Intermediates.noindex/MyRAM.build/Debug/MyRAM-98a9cbde253e8e955bc92731eb290203-VFS/all-product-headers.yaml -Xcc -iquote -Xcc /tmp/MYR175-Classify-Candidate-Mac/Build/Intermediates.noindex/MyRAM.build/Debug/MyRAMMacWidgetExtension.build/MyRAMMacWidgetExtension-project-headers.hmap -Xcc -I/tmp/MYR175-Classify-Candidate-Mac/Build/Products/Debug/include -Xcc -I/tmp/MYR175-Classify-Candidate-Mac/Build/Intermediates.noindex/MyRAM.build/Debug/MyRAMMacWidgetExtension.build/DerivedSources-normal/arm64 -Xcc -I/tmp/MYR175-Classify-Candidate-Mac/Build/Intermediates.noindex/MyRAM.build/Debug/MyRAMMacWidgetExtension.build/DerivedSources/arm64 -Xcc -I/tmp/MYR175-Classify-Candidate-Mac/Build/Intermediates.noindex/MyRAM.build/Debug/MyRAMMacWidgetExtension.build/DerivedSources -Xcc -DDEBUG\=1 -emit-objc-header -emit-objc-header-path /tmp/MYR175-Classify-Candidate-Mac/Build/Intermediates.noindex/MyRAM.build/Debug/MyRAMMacWidgetExtension.build/Objects-normal/arm64/MyRAMMacWidgetExtension-Swift.h -working-directory /Users/runner/work/MyRAM-iOS/MyRAM-iOS/Candidate -experimental-emit-module-separately -disable-cmo

SwiftDriver NearbySyncCore normal arm64 com.apple.xcode.tools.swift.compiler (in target 'NearbySyncCore' from project 'NearbySyncCore')
    cd /Users/runner/work/MyRAM-iOS/MyRAM-iOS/Candidate/MyRAM.xcodeproj
    builtin-SwiftDriver -- /Applications/Xcode_26.5.app/Contents/Developer/Toolchains/XcodeDefault.xctoolchain/usr/bin/swiftc -module-name NearbySyncCore -Onone @/tmp/MYR175-Classify-Candidate-Mac/Build/Intermediates.noindex/NearbySyncCore.build/Debug/NearbySyncCore.build/Objects-normal/arm64/NearbySyncCore.SwiftFileList -DSWIFT_PACKAGE -DDEBUG -DSWIFT_MODULE_RESOURCE_BUNDLE_UNAVAILABLE -DXcode -plugin-path /Applications/Xcode_26.5.app/Contents/Developer/Toolchains/XcodeDefault.xctoolchain/usr/lib/swift/host/plugins/testing -enable-experimental-feature DebugDescriptionMacro -sdk /Applications/Xcode_26.5.app/Contents/Developer/Platforms/MacOSX.platform/Developer/SDKs/MacOSX26.5.sdk -target arm64-apple-macos13.0 -g -module-cache-path /tmp/MYR175-Classify-Candidate-Mac/ModuleCache.noindex -Xfrontend -serialize-debugging-options -enable-testing -suppress-warnings -index-store-path /tmp/MYR175-Classify-Candidate-Mac/Index.noindex/DataStore -Xcc -D_LIBCPP_HARDENING_MODE\=_LIBCPP_HARDENING_MODE_DEBUG -swift-version 5 -I /tmp/MYR175-Classify-Candidate-Mac/Build/Products/Debug -Isystem /Applications/Xcode_26.5.app/Contents/Developer/Platforms/MacOSX.platform/Developer/usr/lib -F /tmp/MYR175-Classify-Candidate-Mac/Build/Products/Debug -F /Applications/Xcode_26.5.app/Contents/Developer/Platforms/MacOSX.platform/Developer/Library/Frameworks -c -j3 -enable-batch-mode -incremental -Xcc -ivfsstatcache -Xcc /tmp/MYR175-Classify-Candidate-Mac/SDKStatCaches.noindex/macosx26.5-25F70-688ef53f1462e2c8f657fdc38a81448f3599ee76dc2a8020dfcb4b41ead48a8c.sdkstatcache -output-file-map /tmp/MYR175-Classify-Candidate-Mac/Build/Intermediates.noindex/NearbySyncCore.build/Debug/NearbySyncCore.build/Objects-normal/arm64/NearbySyncCore-OutputFileMap.json -use-frontend-parseable-output -save-temps -no-color-diagnostics -explicit-module-build -module-cache-path /tmp/MYR175-Classify-Candidate-Mac/Build/Intermediates.noindex/SwiftExplicitPrecompiledModules -clang-scanner-module-cache-path /tmp/MYR175-Classify-Candidate-Mac/ModuleCache.noindex -sdk-module-cache-path /tmp/MYR175-Classify-Candidate-Mac/ModuleCache.noindex -serialize-diagnostics -emit-dependencies -emit-module -emit-module-path /tmp/MYR175-Classify-Candidate-Mac/Build/Intermediates.noindex/NearbySyncCore.build/Debug/NearbySyncCore.build/Objects-normal/arm64/NearbySyncCore.swiftmodule -validate-clang-modules-once -clang-build-session-file /tmp/MYR175-Classify-Candidate-Mac/ModuleCache.noindex/Session.modulevalidation -package-name nearbysynccore -Xcc -I/tmp/MYR175-Classify-Candidate-Mac/Build/Intermediates.noindex/NearbySyncCore.build/Debug/NearbySyncCore.build/swift-overrides.hmap -emit-const-values -Xfrontend -const-gather-protocols-file -Xfrontend /tmp/MYR175-Classify-Candidate-Mac/Build/Intermediates.noindex/NearbySyncCore.build/Debug/NearbySyncCore.build/Objects-normal/arm64/NearbySyncCore_const_extract_protocols.json -Xcc -I/tmp/MYR175-Classify-Candidate-Mac/Build/Products/Debug/include -Xcc -I/tmp/MYR175-Classify-Candidate-Mac/Build/Intermediates.noindex/NearbySyncCore.build/Debug/NearbySyncCore.build/DerivedSources-normal/arm64 -Xcc -I/tmp/MYR175-Classify-Candidate-Mac/Build/Intermediates.noindex/NearbySyncCore.build/Debug/NearbySyncCore.build/DerivedSources/arm64 -Xcc -I/tmp/MYR175-Classify-Candidate-Mac/Build/Intermediates.noindex/NearbySyncCore.build/Debug/NearbySyncCore.build/DerivedSources -Xcc -DSWIFT_PACKAGE -Xcc -DDEBUG\=1 -emit-objc-header -emit-objc-header-path /tmp/MYR175-Classify-Candidate-Mac/Build/Intermediates.noindex/NearbySyncCore.build/Debug/NearbySyncCore.build/Objects-normal/arm64/NearbySyncCore-Swift.h -working-directory /Users/runner/work/MyRAM-iOS/MyRAM-iOS/Candidate/MyRAM.xcodeproj -experimental-emit-module-separately -disable-cmo

SwiftDriver AnchoredSequenceCore normal arm64 com.apple.xcode.tools.swift.compiler (in target 'AnchoredSequenceCore' from project 'AnchoredSequenceCore')
    cd /Users/runner/work/MyRAM-iOS/MyRAM-iOS/Candidate/MyRAM.xcodeproj
    builtin-SwiftDriver -- /Applications/Xcode_26.5.app/Contents/Developer/Toolchains/XcodeDefault.xctoolchain/usr/bin/swiftc -module-name AnchoredSequenceCore -Onone @/tmp/MYR175-Classify-Candidate-Mac/Build/Intermediates.noindex/AnchoredSequenceCore.build/Debug/AnchoredSequenceCore.build/Objects-normal/arm64/AnchoredSequenceCore.SwiftFileList -DSWIFT_PACKAGE -DDEBUG -DSWIFT_MODULE_RESOURCE_BUNDLE_UNAVAILABLE -DXcode -plugin-path /Applications/Xcode_26.5.app/Contents/Developer/Toolchains/XcodeDefault.xctoolchain/usr/lib/swift/host/plugins/testing -enable-experimental-feature DebugDescriptionMacro -sdk /Applications/Xcode_26.5.app/Contents/Developer/Platforms/MacOSX.platform/Developer/SDKs/MacOSX26.5.sdk -target arm64-apple-macos13.0 -g -module-cache-path /tmp/MYR175-Classify-Candidate-Mac/ModuleCache.noindex -Xfrontend -serialize-debugging-options -enable-testing -suppress-warnings -index-store-path /tmp/MYR175-Classify-Candidate-Mac/Index.noindex/DataStore -Xcc -D_LIBCPP_HARDENING_MODE\=_LIBCPP_HARDENING_MODE_DEBUG -swift-version 5 -I /tmp/MYR175-Classify-Candidate-Mac/Build/Products/Debug -Isystem /Applications/Xcode_26.5.app/Contents/Developer/Platforms/MacOSX.platform/Developer/usr/lib -F /tmp/MYR175-Classify-Candidate-Mac/Build/Products/Debug -F /Applications/Xcode_26.5.app/Contents/Developer/Platforms/MacOSX.platform/Developer/Library/Frameworks -c -j3 -enable-batch-mode -incremental -Xcc -ivfsstatcache -Xcc /tmp/MYR175-Classify-Candidate-Mac/SDKStatCaches.noindex/macosx26.5-25F70-688ef53f1462e2c8f657fdc38a81448f3599ee76dc2a8020dfcb4b41ead48a8c.sdkstatcache -output-file-map /tmp/MYR175-Classify-Candidate-Mac/Build/Intermediates.noindex/AnchoredSequenceCore.build/Debug/AnchoredSequenceCore.build/Objects-normal/arm64/AnchoredSequenceCore-OutputFileMap.json -use-frontend-parseable-output -save-temps -no-color-diagnostics -explicit-module-build -module-cache-path /tmp/MYR175-Classify-Candidate-Mac/Build/Intermediates.noindex/SwiftExplicitPrecompiledModules -clang-scanner-module-cache-path /tmp/MYR175-Classify-Candidate-Mac/ModuleCache.noindex -sdk-module-cache-path /tmp/MYR175-Classify-Candidate-Mac/ModuleCache.noindex -serialize-diagnostics -emit-dependencies -emit-module -emit-module-path /tmp/MYR175-Classify-Candidate-Mac/Build/Intermediates.noindex/AnchoredSequenceCore.build/Debug/AnchoredSequenceCore.build/Objects-normal/arm64/AnchoredSequenceCore.swiftmodule -validate-clang-modules-once -clang-build-session-file /tmp/MYR175-Classify-Candidate-Mac/ModuleCache.noindex/Session.modulevalidation -package-name anchoredsequencecore -Xcc -I/tmp/MYR175-Classify-Candidate-Mac/Build/Intermediates.noindex/AnchoredSequenceCore.build/Debug/AnchoredSequenceCore.build/swift-overrides.hmap -emit-const-values -Xfrontend -const-gather-protocols-file -Xfrontend /tmp/MYR175-Classify-Candidate-Mac/Build/Intermediates.noindex/AnchoredSequenceCore.build/Debug/AnchoredSequenceCore.build/Objects-normal/arm64/AnchoredSequenceCore_const_extract_protocols.json -Xcc -I/tmp/MYR175-Classify-Candidate-Mac/Build/Products/Debug/include -Xcc -I/tmp/MYR175-Classify-Candidate-Mac/Build/Intermediates.noindex/AnchoredSequenceCore.build/Debug/AnchoredSequenceCore.build/DerivedSources-normal/arm64 -Xcc -I/tmp/MYR175-Classify-Candidate-Mac/Build/Intermediates.noindex/AnchoredSequenceCore.build/Debug/AnchoredSequenceCore.build/DerivedSources/arm64 -Xcc -I/tmp/MYR175-Classify-Candidate-Mac/Build/Intermediates.noindex/AnchoredSequenceCore.build/Debug/AnchoredSequenceCore.build/DerivedSources -Xcc -DSWIFT_PACKAGE -Xcc -DDEBUG\=1 -emit-objc-header -emit-objc-header-path /tmp/MYR175-Classify-Candidate-Mac/Build/Intermediates.noindex/AnchoredSequenceCore.build/Debug/AnchoredSequenceCore.build/Objects-normal/arm64/AnchoredSequenceCore-Swift.h -working-directory /Users/runner/work/MyRAM-iOS/MyRAM-iOS/Candidate/MyRAM.xcodeproj -experimental-emit-module-separately -disable-cmo

SwiftExplicitDependencyGeneratePcm arm64 /tmp/MYR175-Classify-Candidate-Mac/ModuleCache.noindex/_Builtin_stdarg-23QB3GLM9793M29QVGDU1DKRL.pcm

SwiftExplicitDependencyGeneratePcm arm64 /tmp/MYR175-Classify-Candidate-Mac/ModuleCache.noindex/_Builtin_stdbool-5CVWDF162VWG5IFXX2CPN6O9R.pcm

SwiftExplicitDependencyGeneratePcm arm64 /tmp/MYR175-Classify-Candidate-Mac/ModuleCache.noindex/_AvailabilityInternal-E5J2R72MZ5BKMW8AZEFGQIXY6.pcm

SwiftExplicitDependencyGeneratePcm arm64 /tmp/MYR175-Classify-Candidate-Mac/ModuleCache.noindex/ptrcheck-CDO6WPDO0CLB46GP07BB4FPD.pcm

SwiftExplicitDependencyGeneratePcm arm64 /tmp/MYR175-Classify-Candidate-Mac/ModuleCache.noindex/_SwiftConcurrencyShims-9A7AJB9U5YRXRW5940EXX4AYU.pcm

SwiftExplicitDependencyGeneratePcm arm64 /tmp/MYR175-Classify-Candidate-Mac/ModuleCache.noindex/_Builtin_float-3VFT0LJIBLK6YWJAUOBSLNHPQ.pcm

SwiftExplicitDependencyGeneratePcm arm64 /tmp/MYR175-Classify-Candidate-Mac/ModuleCache.noindex/_Builtin_stddef-CWRHDZ95AH6EIXTXL2LHBSRX1.pcm

SwiftExplicitDependencyGeneratePcm arm64 /tmp/MYR175-Classify-Candidate-Mac/ModuleCache.noindex/_DarwinFoundation1-3AWBNSP8VK55JMNP9HLIVAIHO.pcm

SwiftExplicitDependencyGeneratePcm arm64 /tmp/MYR175-Classify-Candidate-Mac/ModuleCache.noindex/SwiftShims-E60NGZKV84Z42GSJB2IG4SD2.pcm

SwiftExplicitDependencyGeneratePcm arm64 /tmp/MYR175-Classify-Candidate-Mac/ModuleCache.noindex/ptrauth-CNMGU9FKAI8FJMPR1CZISU1KI.pcm

SwiftExplicitDependencyGeneratePcm arm64 /tmp/MYR175-Classify-Candidate-Mac/ModuleCache.noindex/_DarwinFoundation2-26UWE1P9DLO74HUT09Y68HNR2.pcm

SwiftExplicitDependencyGeneratePcm arm64 /tmp/MYR175-Classify-Candidate-Mac/ModuleCache.noindex/_Builtin_limits-BCIMYK5CQ2JZCQEHJAY62YTZ9.pcm

SwiftExplicitDependencyGeneratePcm arm64 /tmp/MYR175-Classify-Candidate-Mac/ModuleCache.noindex/sys_types-346CEQVUC4CRZBJY8JL7SAM1Z.pcm

SwiftExplicitDependencyGeneratePcm arm64 /tmp/MYR175-Classify-Candidate-Mac/ModuleCache.noindex/_Builtin_stdint-COD4UAL6WWB56N13AXM2LB5K2.pcm

SwiftExplicitDependencyGeneratePcm arm64 /tmp/MYR175-Classify-Candidate-Mac/ModuleCache.noindex/libDER-7CUN568SBL45YOQ02SJPU5F97.pcm

SwiftExplicitDependencyGeneratePcm arm64 /tmp/MYR175-Classify-Candidate-Mac/ModuleCache.noindex/_DarwinFoundation3-Q6QMPGTKM63N5SBH61SRW0XB.pcm

SwiftExplicitDependencyGeneratePcm arm64 /tmp/MYR175-Classify-Candidate-Mac/ModuleCache.noindex/_Builtin_inttypes-32DYRKYABW888G3DZCGUY1UYJ.pcm

SwiftExplicitDependencyGeneratePcm arm64 /tmp/MYR175-Classify-Candidate-Mac/ModuleCache.noindex/Darwin-D7LOYONUK7YB9321333YCYA12.pcm

SwiftExplicitDependencyGeneratePcm arm64 /tmp/MYR175-Classify-Candidate-Mac/ModuleCache.noindex/_Builtin_stdarg-35GKINAE985OLL2P6QTRMPN19.pcm

SwiftExplicitDependencyGeneratePcm arm64 /tmp/MYR175-Classify-Candidate-Mac/ModuleCache.noindex/SwiftShims-DVGGLS9TGPR3YWZSN3UZYFCID.pcm

SwiftExplicitDependencyGeneratePcm arm64 /tmp/MYR175-Classify-Candidate-Mac/ModuleCache.noindex/ActivityKit-EH5EBVSVFYSXMHNAC8VDTQBDJ.pcm

SwiftExplicitDependencyGeneratePcm arm64 /tmp/MYR175-Classify-Candidate-Mac/ModuleCache.noindex/ptrcheck-98ZZ7RQD7N118RXNZV2X7JAHR.pcm

SwiftExplicitDependencyGeneratePcm arm64 /tmp/MYR175-Classify-Candidate-Mac/ModuleCache.noindex/DeveloperToolsSupport-5VXLDBI8M3KSM5FX2AX81WS3K.pcm

SwiftExplicitDependencyGeneratePcm arm64 /tmp/MYR175-Classify-Candidate-Mac/ModuleCache.noindex/ptrauth-8J16DU58MEWTTBAYDCYK07WBL.pcm

SwiftExplicitDependencyGeneratePcm arm64 /tmp/MYR175-Classify-Candidate-Mac/ModuleCache.noindex/_Builtin_stddef-9JAAZQR04DGQZY9V9BLTDKYAM.pcm

SwiftExplicitDependencyGeneratePcm arm64 /tmp/MYR175-Classify-Candidate-Mac/ModuleCache.noindex/_AvailabilityInternal-91VOLZGDDOVSXDQWEF4I0JI2E.pcm

SwiftExplicitDependencyGeneratePcm arm64 /tmp/MYR175-Classify-Candidate-Mac/ModuleCache.noindex/_SwiftConcurrencyShims-EM8N99XKN40U6GXMRPP0J4R4U.pcm

SwiftExplicitDependencyGeneratePcm arm64 /tmp/MYR175-Classify-Candidate-Mac/ModuleCache.noindex/_Builtin_float-453B97D89KQZNM9Z00B0STSJ5.pcm

SwiftExplicitDependencyGeneratePcm arm64 /tmp/MYR175-Classify-Candidate-Mac/ModuleCache.noindex/_Builtin_stdbool-6QU6OU5DED0AWRBA3V0KS7B7H.pcm

SwiftExplicitDependencyGeneratePcm arm64 /tmp/MYR175-Classify-Candidate-Mac/ModuleCache.noindex/_DarwinFoundation1-AN420BO9DAB09OG58B602PTFW.pcm

SwiftExplicitDependencyGeneratePcm arm64 /tmp/MYR175-Classify-Candidate-Mac/ModuleCache.noindex/MachO-6BMOLRW1YGT6V5F6BZXWKIL0W.pcm

SwiftExplicitDependencyGeneratePcm arm64 /tmp/MYR175-Classify-Candidate-Mac/ModuleCache.noindex/launch-9MRG22SZJFAVNPHZ7K1OX081S.pcm

SwiftExplicitDependencyGeneratePcm arm64 /tmp/MYR175-Classify-Candidate-Mac/ModuleCache.noindex/libkern-593SN8Q6AC75THXZ8HYVO3GT3.pcm

SwiftExplicitDependencyGeneratePcm arm64 /tmp/MYR175-Classify-Candidate-Mac/ModuleCache.noindex/_DarwinFoundation2-3B015C8MQPCGFPXGQG2YKCFS9.pcm

SwiftExplicitDependencyGeneratePcm arm64 /tmp/MYR175-Classify-Candidate-Mac/ModuleCache.noindex/_Builtin_limits-9L0T9I0AA4YKH0ZJCSMHBVEFM.pcm

SwiftExplicitDependencyGeneratePcm arm64 /tmp/MYR175-Classify-Candidate-Mac/ModuleCache.noindex/ExtensionFoundation-C2XR19JEOGMJ32KC32PDT4PW8.pcm

SwiftExplicitDependencyGeneratePcm arm64 /tmp/MYR175-Classify-Candidate-Mac/ModuleCache.noindex/ObjectiveC-8I5B1673A63ORI9LIOQG9C77G.pcm

SwiftExplicitDependencyGeneratePcm arm64 /tmp/MYR175-Classify-Candidate-Mac/ModuleCache.noindex/_Builtin_stdint-4MURX9JSUQPWIHL2N5363VLUB.pcm

SwiftExplicitDependencyGeneratePcm arm64 /tmp/MYR175-Classify-Candidate-Mac/ModuleCache.noindex/sys_types-66B239RRSZQZZZKIJKRP5ZRC6.pcm

SwiftExplicitDependencyGeneratePcm arm64 /tmp/MYR175-Classify-Candidate-Mac/ModuleCache.noindex/_Builtin_tgmath-8NEIV7ND59PAGPGJVENZUCJWH.pcm

SwiftExplicitDependencyGeneratePcm arm64 /tmp/MYR175-Classify-Candidate-Mac/ModuleCache.noindex/os_object-4J7VC23N4WH740CBG8ZHTGU92.pcm

SwiftExplicitDependencyGeneratePcm arm64 /tmp/MYR175-Classify-Candidate-Mac/ModuleCache.noindex/libDER-4NHQY9O5S8X9IX6A1AEQLUO4W.pcm

SwiftExplicitDependencyGeneratePcm arm64 /tmp/MYR175-Classify-Candidate-Mac/ModuleCache.noindex/OpenGL-50EJTRZ50C44068VJZGSC5PEP.pcm

SwiftExplicitDependencyGeneratePcm arm64 /tmp/MYR175-Classify-Candidate-Mac/ModuleCache.noindex/_Builtin_intrinsics-C95GAB1S6QOYL62PII17R631E.pcm

SwiftExplicitDependencyGeneratePcm arm64 /tmp/MYR175-Classify-Candidate-Mac/ModuleCache.noindex/_DarwinFoundation3-1PCS3BRSOSIWAF8JR8D2TU8XW.pcm

SwiftExplicitDependencyGeneratePcm arm64 /tmp/MYR175-Classify-Candidate-Mac/ModuleCache.noindex/os_workgroup-DT88XJTJ1ECLACOBY4PYESVC2.pcm

SwiftExplicitDependencyGeneratePcm arm64 /tmp/MYR175-Classify-Candidate-Mac/ModuleCache.noindex/_Builtin_inttypes-6WC280CGVCDA7SEJQVHM7BVS0.pcm

SwiftExplicitDependencyGeneratePcm arm64 /tmp/MYR175-Classify-Candidate-Mac/ModuleCache.noindex/_Builtin_stdatomic-2E4FZW3RPS78FLF9DVN4B4KEP.pcm

SwiftExplicitDependencyGeneratePcm arm64 /tmp/MYR175-Classify-Candidate-Mac/ModuleCache.noindex/Dispatch-D8MA1KUDJIF7ZHQ1HLTE5RDDJ.pcm

SwiftExplicitDependencyGeneratePcm arm64 /tmp/MYR175-Classify-Candidate-Mac/ModuleCache.noindex/Darwin-B59A998ANPDFGN2CVKBT1EWPA.pcm

SwiftExplicitDependencyGeneratePcm arm64 /tmp/MYR175-Classify-Candidate-Mac/ModuleCache.noindex/simd-BYUW8ST3VQ5EHGDQ78W5TQHEE.pcm

SwiftExplicitDependencyGeneratePcm arm64 /tmp/MYR175-Classify-Candidate-Mac/ModuleCache.noindex/CoreFoundation-9C7U6CZF9MUNH85VBH9CQHTIA.pcm

SwiftExplicitDependencyGeneratePcm arm64 /tmp/MYR175-Classify-Candidate-Mac/ModuleCache.noindex/XPC-C9Q1JXRE07VHDHJM8WIWLFXST.pcm

SwiftExplicitDependencyGeneratePcm arm64 /tmp/MYR175-Classify-Candidate-Mac/ModuleCache.noindex/CFNetwork-DWV3K6GNSA7P5S95MRPNX28P0.pcm

SwiftExplicitDependencyGeneratePcm arm64 /tmp/MYR175-Classify-Candidate-Mac/ModuleCache.noindex/Security-5FD6S2YUDGF6A57I0BY7DRRK.pcm

SwiftExplicitDependencyGeneratePcm arm64 /tmp/MYR175-Classify-Candidate-Mac/ModuleCache.noindex/IOKit-HDMUUJS5HAM1ADLWGRNO5XE5.pcm

SwiftExplicitDependencyGeneratePcm arm64 /tmp/MYR175-Classify-Candidate-Mac/ModuleCache.noindex/MachO-447KEPL2IPZY4FGWMCIDF1IX2.pcm

SwiftExplicitDependencyGeneratePcm arm64 /tmp/MYR175-Classify-Candidate-Mac/ModuleCache.noindex/Spatial-3T3EUG3DWUAA1K5ZC2S3D2K09.pcm

SwiftExplicitDependencyGeneratePcm arm64 /tmp/MYR175-Classify-Candidate-Mac/ModuleCache.noindex/libkern-EIRLN2R6HQGHFIDD21WB0UK2A.pcm

SwiftExplicitDependencyGeneratePcm arm64 /tmp/MYR175-Classify-Candidate-Mac/ModuleCache.noindex/CUPS-D0H14I9QH5IIHI89399KLOFZK.pcm

SwiftExplicitDependencyGeneratePcm arm64 /tmp/MYR175-Classify-Candidate-Mac/ModuleCache.noindex/DiskArbitration-7EXURZ1OHR50W4HLU9RE8RFQT.pcm

SwiftExplicitDependencyGeneratePcm arm64 /tmp/MYR175-Classify-Candidate-Mac/ModuleCache.noindex/launch-COANYQMQHUV60G8OHVVWZH4H4.pcm

SwiftExplicitDependencyGeneratePcm arm64 /tmp/MYR175-Classify-Candidate-Mac/ModuleCache.noindex/CoreServices-ZYM8QN8O7ZCZBNFWDJDQFF01.pcm

SwiftExplicitDependencyGeneratePcm arm64 /tmp/MYR175-Classify-Candidate-Mac/ModuleCache.noindex/ObjectiveC-9D2GA4KUWW4D5A8V7DO6PZBWV.pcm

SwiftExplicitDependencyGeneratePcm arm64 /tmp/MYR175-Classify-Candidate-Mac/ModuleCache.noindex/os_object-8W0LMD7P06YS6A88F1M1323QL.pcm

SwiftExplicitDependencyGeneratePcm arm64 /tmp/MYR175-Classify-Candidate-Mac/ModuleCache.noindex/os_workgroup-4IXQ7SVH6GRKX3P8QY46YR52S.pcm

SwiftExplicitDependencyGeneratePcm arm64 /tmp/MYR175-Classify-Candidate-Mac/ModuleCache.noindex/Dispatch-9SS24GT5J8UA1F5GVH2JSPO8D.pcm

SwiftExplicitDependencyGeneratePcm arm64 /tmp/MYR175-Classify-Candidate-Mac/ModuleCache.noindex/Foundation-9RHIPI23JT4V11A6ZQQM0FUQ6.pcm

SwiftExplicitDependencyGeneratePcm arm64 /tmp/MYR175-Classify-Candidate-Mac/ModuleCache.noindex/dnssd-4PV7PLM3J9D6HGIB8PCC7TYPM.pcm

SwiftExplicitDependencyGeneratePcm arm64 /tmp/MYR175-Classify-Candidate-Mac/ModuleCache.noindex/XPC-496FGEZSUNMXB5YE599XA46EF.pcm

SwiftExplicitDependencyGeneratePcm arm64 /tmp/MYR175-Classify-Candidate-Mac/ModuleCache.noindex/CoreFoundation-CGOUVKB5TGVWNIAACV362PU48.pcm

SwiftExplicitDependencyGeneratePcm arm64 /tmp/MYR175-Classify-Candidate-Mac/ModuleCache.noindex/os-4I73KN8E6YTJQ0AYVE7MLKIEI.pcm

SwiftExplicitDependencyGeneratePcm arm64 /tmp/MYR175-Classify-Candidate-Mac/ModuleCache.noindex/IOKit-58KBJ5GCR4G85ILFQJRJIW92A.pcm

SwiftExplicitDependencyGeneratePcm arm64 /tmp/MYR175-Classify-Candidate-Mac/ModuleCache.noindex/Security-1N1QTITT3FH3NRE9TSON0N9US.pcm

SwiftExplicitDependencyGeneratePcm arm64 /tmp/MYR175-Classify-Candidate-Mac/ModuleCache.noindex/CFNetwork-BS9ZZHTFR49FC816X75QYACHP.pcm

SwiftEmitModule normal arm64 Emitting\ module\ for\ NearbySyncCore (in target 'NearbySyncCore' from project 'NearbySyncCore')
EmitSwiftModule normal arm64 (in target 'NearbySyncCore' from project 'NearbySyncCore')
    cd /Users/runner/work/MyRAM-iOS/MyRAM-iOS/Candidate/MyRAM.xcodeproj
    

SwiftExplicitDependencyGeneratePcm arm64 /tmp/MYR175-Classify-Candidate-Mac/ModuleCache.noindex/LocalAuthentication-4GTU9HQ1YKMYE5YX3KYH2HLP1.pcm

SwiftExplicitDependencyGeneratePcm arm64 /tmp/MYR175-Classify-Candidate-Mac/ModuleCache.noindex/ColorSync-169K8O2CC9C779EGJMWHS3UGV.pcm

SwiftExplicitDependencyGeneratePcm arm64 /tmp/MYR175-Classify-Candidate-Mac/ModuleCache.noindex/DiskArbitration-4DBKJNZI4SZXSH2KVVG4I0DLW.pcm

SwiftExplicitDependencyGeneratePcm arm64 /tmp/MYR175-Classify-Candidate-Mac/ModuleCache.noindex/CoreGraphics-6EUP5K11J0XTF8CFR4J7BGLFB.pcm

SwiftEmitModule normal arm64 Emitting\ module\ for\ AnchoredSequenceCore (in target 'AnchoredSequenceCore' from project 'AnchoredSequenceCore')
EmitSwiftModule normal arm64 (in target 'AnchoredSequenceCore' from project 'AnchoredSequenceCore')
    cd /Users/runner/work/MyRAM-iOS/MyRAM-iOS/Candidate/MyRAM.xcodeproj
    

SwiftExplicitDependencyGeneratePcm arm64 /tmp/MYR175-Classify-Candidate-Mac/ModuleCache.noindex/CoreServices-2OHSNJHFGZNJ7XCBUKFZ9XP9U.pcm

SwiftExplicitDependencyGeneratePcm arm64 /tmp/MYR175-Classify-Candidate-Mac/ModuleCache.noindex/CoreText-2IKBWE4BOECY000JTZ0DHHJ1N.pcm

SwiftDriverJobDiscovery normal arm64 Emitting module for NearbySyncCore (in target 'NearbySyncCore' from project 'NearbySyncCore')

SwiftDriver\ Compilation\ Requirements NearbySyncCore normal arm64 com.apple.xcode.tools.swift.compiler (in target 'NearbySyncCore' from project 'NearbySyncCore')
    cd /Users/runner/work/MyRAM-iOS/MyRAM-iOS/Candidate/MyRAM.xcodeproj
    builtin-Swift-Compilation-Requirements -- /Applications/Xcode_26.5.app/Contents/Developer/Toolchains/XcodeDefault.xctoolchain/usr/bin/swiftc -module-name NearbySyncCore -Onone @/tmp/MYR175-Classify-Candidate-Mac/Build/Intermediates.noindex/NearbySyncCore.build/Debug/NearbySyncCore.build/Objects-normal/arm64/NearbySyncCore.SwiftFileList -DSWIFT_PACKAGE -DDEBUG -DSWIFT_MODULE_RESOURCE_BUNDLE_UNAVAILABLE -DXcode -plugin-path /Applications/Xcode_26.5.app/Contents/Developer/Toolchains/XcodeDefault.xctoolchain/usr/lib/swift/host/plugins/testing -enable-experimental-feature DebugDescriptionMacro -sdk /Applications/Xcode_26.5.app/Contents/Developer/Platforms/MacOSX.platform/Developer/SDKs/MacOSX26.5.sdk -target arm64-apple-macos13.0 -g -module-cache-path /tmp/MYR175-Classify-Candidate-Mac/ModuleCache.noindex -Xfrontend -serialize-debugging-options -enable-testing -suppress-warnings -index-store-path /tmp/MYR175-Classify-Candidate-Mac/Index.noindex/DataStore -Xcc -D_LIBCPP_HARDENING_MODE\=_LIBCPP_HARDENING_MODE_DEBUG -swift-version 5 -I /tmp/MYR175-Classify-Candidate-Mac/Build/Products/Debug -Isystem /Applications/Xcode_26.5.app/Contents/Developer/Platforms/MacOSX.platform/Developer/usr/lib -F /tmp/MYR175-Classify-Candidate-Mac/Build/Products/Debug -F /Applications/Xcode_26.5.app/Contents/Developer/Platforms/MacOSX.platform/Developer/Library/Frameworks -c -j3 -enable-batch-mode -incremental -Xcc -ivfsstatcache -Xcc /tmp/MYR175-Classify-Candidate-Mac/SDKStatCaches.noindex/macosx26.5-25F70-688ef53f1462e2c8f657fdc38a81448f3599ee76dc2a8020dfcb4b41ead48a8c.sdkstatcache -output-file-map /tmp/MYR175-Classify-Candidate-Mac/Build/Intermediates.noindex/NearbySyncCore.build/Debug/NearbySyncCore.build/Objects-normal/arm64/NearbySyncCore-OutputFileMap.json -use-frontend-parseable-output -save-temps -no-color-diagnostics -explicit-module-build -module-cache-path /tmp/MYR175-Classify-Candidate-Mac/Build/Intermediates.noindex/SwiftExplicitPrecompiledModules -clang-scanner-module-cache-path /tmp/MYR175-Classify-Candidate-Mac/ModuleCache.noindex -sdk-module-cache-path /tmp/MYR175-Classify-Candidate-Mac/ModuleCache.noindex -serialize-diagnostics -emit-dependencies -emit-module -emit-module-path /tmp/MYR175-Classify-Candidate-Mac/Build/Intermediates.noindex/NearbySyncCore.build/Debug/NearbySyncCore.build/Objects-normal/arm64/NearbySyncCore.swiftmodule -validate-clang-modules-once -clang-build-session-file /tmp/MYR175-Classify-Candidate-Mac/ModuleCache.noindex/Session.modulevalidation -package-name nearbysynccore -Xcc -I/tmp/MYR175-Classify-Candidate-Mac/Build/Intermediates.noindex/NearbySyncCore.build/Debug/NearbySyncCore.build/swift-overrides.hmap -emit-const-values -Xfrontend -const-gather-protocols-file -Xfrontend /tmp/MYR175-Classify-Candidate-Mac/Build/Intermediates.noindex/NearbySyncCore.build/Debug/NearbySyncCore.build/Objects-normal/arm64/NearbySyncCore_const_extract_protocols.json -Xcc -I/tmp/MYR175-Classify-Candidate-Mac/Build/Products/Debug/include -Xcc -I/tmp/MYR175-Classify-Candidate-Mac/Build/Intermediates.noindex/NearbySyncCore.build/Debug/NearbySyncCore.build/DerivedSources-normal/arm64 -Xcc -I/tmp/MYR175-Classify-Candidate-Mac/Build/Intermediates.noindex/NearbySyncCore.build/Debug/NearbySyncCore.build/DerivedSources/arm64 -Xcc -I/tmp/MYR175-Classify-Candidate-Mac/Build/Intermediates.noindex/NearbySyncCore.build/Debug/NearbySyncCore.build/DerivedSources -Xcc -DSWIFT_PACKAGE -Xcc -DDEBUG\=1 -emit-objc-header -emit-objc-header-path /tmp/MYR175-Classify-Candidate-Mac/Build/Intermediates.noindex/NearbySyncCore.build/Debug/NearbySyncCore.build/Objects-normal/arm64/NearbySyncCore-Swift.h -working-directory /Users/runner/work/MyRAM-iOS/MyRAM-iOS/Candidate/MyRAM.xcodeproj -experimental-emit-module-separately -disable-cmo

SwiftExplicitDependencyGeneratePcm arm64 /tmp/MYR175-Classify-Candidate-Mac/ModuleCache.noindex/ImageIO-4TYVIVBB9EIOOAPRXTTNIK0KH.pcm

SwiftMergeGeneratedHeaders /tmp/MYR175-Classify-Candidate-Mac/Build/Intermediates.noindex/GeneratedModuleMaps/NearbySyncCore-Swift.h /tmp/MYR175-Classify-Candidate-Mac/Build/Intermediates.noindex/NearbySyncCore.build/Debug/NearbySyncCore.build/Objects-normal/arm64/NearbySyncCore-Swift.h (in target 'NearbySyncCore' from project 'NearbySyncCore')
    cd /Users/runner/work/MyRAM-iOS/MyRAM-iOS/NearbySyncCore
    builtin-swiftHeaderTool -arch arm64 /tmp/MYR175-Classify-Candidate-Mac/Build/Intermediates.noindex/NearbySyncCore.build/Debug/NearbySyncCore.build/Objects-normal/arm64/NearbySyncCore-Swift.h -o /tmp/MYR175-Classify-Candidate-Mac/Build/Intermediates.noindex/GeneratedModuleMaps/NearbySyncCore-Swift.h

SwiftDriverJobDiscovery normal arm64 Emitting module for AnchoredSequenceCore (in target 'AnchoredSequenceCore' from project 'AnchoredSequenceCore')

Copy /tmp/MYR175-Classify-Candidate-Mac/Build/Products/Debug/NearbySyncCore.swiftmodule/arm64-apple-macos.swiftmodule /tmp/MYR175-Classify-Candidate-Mac/Build/Intermediates.noindex/NearbySyncCore.build/Debug/NearbySyncCore.build/Objects-normal/arm64/NearbySyncCore.swiftmodule (in target 'NearbySyncCore' from project 'NearbySyncCore')
    cd /Users/runner/work/MyRAM-iOS/MyRAM-iOS/NearbySyncCore
    builtin-copy -exclude .DS_Store -exclude CVS -exclude .svn -exclude .git -exclude .hg -resolve-src-symlinks -rename /tmp/MYR175-Classify-Candidate-Mac/Build/Intermediates.noindex/NearbySyncCore.build/Debug/NearbySyncCore.build/Objects-normal/arm64/NearbySyncCore.swiftmodule /tmp/MYR175-Classify-Candidate-Mac/Build/Products/Debug/NearbySyncCore.swiftmodule/arm64-apple-macos.swiftmodule

Copy /tmp/MYR175-Classify-Candidate-Mac/Build/Products/Debug/NearbySyncCore.swiftmodule/arm64-apple-macos.swiftdoc /tmp/MYR175-Classify-Candidate-Mac/Build/Intermediates.noindex/NearbySyncCore.build/Debug/NearbySyncCore.build/Objects-normal/arm64/NearbySyncCore.swiftdoc (in target 'NearbySyncCore' from project 'NearbySyncCore')
    cd /Users/runner/work/MyRAM-iOS/MyRAM-iOS/NearbySyncCore
    builtin-copy -exclude .DS_Store -exclude CVS -exclude .svn -exclude .git -exclude .hg -resolve-src-symlinks -rename /tmp/MYR175-Classify-Candidate-Mac/Build/Intermediates.noindex/NearbySyncCore.build/Debug/NearbySyncCore.build/Objects-normal/arm64/NearbySyncCore.swiftdoc /tmp/MYR175-Classify-Candidate-Mac/Build/Products/Debug/NearbySyncCore.swiftmodule/arm64-apple-macos.swiftdoc

Copy /tmp/MYR175-Classify-Candidate-Mac/Build/Products/Debug/NearbySyncCore.swiftmodule/arm64-apple-macos.abi.json /tmp/MYR175-Classify-Candidate-Mac/Build/Intermediates.noindex/NearbySyncCore.build/Debug/NearbySyncCore.build/Objects-normal/arm64/NearbySyncCore.abi.json (in target 'NearbySyncCore' from project 'NearbySyncCore')
    cd /Users/runner/work/MyRAM-iOS/MyRAM-iOS/NearbySyncCore
    builtin-copy -exclude .DS_Store -exclude CVS -exclude .svn -exclude .git -exclude .hg -resolve-src-symlinks -rename /tmp/MYR175-Classify-Candidate-Mac/Build/Intermediates.noindex/NearbySyncCore.build/Debug/NearbySyncCore.build/Objects-normal/arm64/NearbySyncCore.abi.json /tmp/MYR175-Classify-Candidate-Mac/Build/Products/Debug/NearbySyncCore.swiftmodule/arm64-apple-macos.abi.json

Copy /tmp/MYR175-Classify-Candidate-Mac/Build/Products/Debug/NearbySyncCore.swiftmodule/Project/arm64-apple-macos.swiftsourceinfo /tmp/MYR175-Classify-Candidate-Mac/Build/Intermediates.noindex/NearbySyncCore.build/Debug/NearbySyncCore.build/Objects-normal/arm64/NearbySyncCore.swiftsourceinfo (in target 'NearbySyncCore' from project 'NearbySyncCore')
    cd /Users/runner/work/MyRAM-iOS/MyRAM-iOS/NearbySyncCore
    builtin-copy -exclude .DS_Store -exclude CVS -exclude .svn -exclude .git -exclude .hg -resolve-src-symlinks -rename /tmp/MYR175-Classify-Candidate-Mac/Build/Intermediates.noindex/NearbySyncCore.build/Debug/NearbySyncCore.build/Objects-normal/arm64/NearbySyncCore.swiftsourceinfo /tmp/MYR175-Classify-Candidate-Mac/Build/Products/Debug/NearbySyncCore.swiftmodule/Project/arm64-apple-macos.swiftsourceinfo

SwiftDriver\ Compilation\ Requirements AnchoredSequenceCore normal arm64 com.apple.xcode.tools.swift.compiler (in target 'AnchoredSequenceCore' from project 'AnchoredSequenceCore')
    cd /Users/runner/work/MyRAM-iOS/MyRAM-iOS/Candidate/MyRAM.xcodeproj
    builtin-Swift-Compilation-Requirements -- /Applications/Xcode_26.5.app/Contents/Developer/Toolchains/XcodeDefault.xctoolchain/usr/bin/swiftc -module-name AnchoredSequenceCore -Onone @/tmp/MYR175-Classify-Candidate-Mac/Build/Intermediates.noindex/AnchoredSequenceCore.build/Debug/AnchoredSequenceCore.build/Objects-normal/arm64/AnchoredSequenceCore.SwiftFileList -DSWIFT_PACKAGE -DDEBUG -DSWIFT_MODULE_RESOURCE_BUNDLE_UNAVAILABLE -DXcode -plugin-path /Applications/Xcode_26.5.app/Contents/Developer/Toolchains/XcodeDefault.xctoolchain/usr/lib/swift/host/plugins/testing -enable-experimental-feature DebugDescriptionMacro -sdk /Applications/Xcode_26.5.app/Contents/Developer/Platforms/MacOSX.platform/Developer/SDKs/MacOSX26.5.sdk -target arm64-apple-macos13.0 -g -module-cache-path /tmp/MYR175-Classify-Candidate-Mac/ModuleCache.noindex -Xfrontend -serialize-debugging-options -enable-testing -suppress-warnings -index-store-path /tmp/MYR175-Classify-Candidate-Mac/Index.noindex/DataStore -Xcc -D_LIBCPP_HARDENING_MODE\=_LIBCPP_HARDENING_MODE_DEBUG -swift-version 5 -I /tmp/MYR175-Classify-Candidate-Mac/Build/Products/Debug -Isystem /Applications/Xcode_26.5.app/Contents/Developer/Platforms/MacOSX.platform/Developer/usr/lib -F /tmp/MYR175-Classify-Candidate-Mac/Build/Products/Debug -F /Applications/Xcode_26.5.app/Contents/Developer/Platforms/MacOSX.platform/Developer/Library/Frameworks -c -j3 -enable-batch-mode -incremental -Xcc -ivfsstatcache -Xcc /tmp/MYR175-Classify-Candidate-Mac/SDKStatCaches.noindex/macosx26.5-25F70-688ef53f1462e2c8f657fdc38a81448f3599ee76dc2a8020dfcb4b41ead48a8c.sdkstatcache -output-file-map /tmp/MYR175-Classify-Candidate-Mac/Build/Intermediates.noindex/AnchoredSequenceCore.build/Debug/AnchoredSequenceCore.build/Objects-normal/arm64/AnchoredSequenceCore-OutputFileMap.json -use-frontend-parseable-output -save-temps -no-color-diagnostics -explicit-module-build -module-cache-path /tmp/MYR175-Classify-Candidate-Mac/Build/Intermediates.noindex/SwiftExplicitPrecompiledModules -clang-scanner-module-cache-path /tmp/MYR175-Classify-Candidate-Mac/ModuleCache.noindex -sdk-module-cache-path /tmp/MYR175-Classify-Candidate-Mac/ModuleCache.noindex -serialize-diagnostics -emit-dependencies -emit-module -emit-module-path /tmp/MYR175-Classify-Candidate-Mac/Build/Intermediates.noindex/AnchoredSequenceCore.build/Debug/AnchoredSequenceCore.build/Objects-normal/arm64/AnchoredSequenceCore.swiftmodule -validate-clang-modules-once -clang-build-session-file /tmp/MYR175-Classify-Candidate-Mac/ModuleCache.noindex/Session.modulevalidation -package-name anchoredsequencecore -Xcc -I/tmp/MYR175-Classify-Candidate-Mac/Build/Intermediates.noindex/AnchoredSequenceCore.build/Debug/AnchoredSequenceCore.build/swift-overrides.hmap -emit-const-values -Xfrontend -const-gather-protocols-file -Xfrontend /tmp/MYR175-Classify-Candidate-Mac/Build/Intermediates.noindex/AnchoredSequenceCore.build/Debug/AnchoredSequenceCore.build/Objects-normal/arm64/AnchoredSequenceCore_const_extract_protocols.json -Xcc -I/tmp/MYR175-Classify-Candidate-Mac/Build/Products/Debug/include -Xcc -I/tmp/MYR175-Classify-Candidate-Mac/Build/Intermediates.noindex/AnchoredSequenceCore.build/Debug/AnchoredSequenceCore.build/DerivedSources-normal/arm64 -Xcc -I/tmp/MYR175-Classify-Candidate-Mac/Build/Intermediates.noindex/AnchoredSequenceCore.build/Debug/AnchoredSequenceCore.build/DerivedSources/arm64 -Xcc -I/tmp/MYR175-Classify-Candidate-Mac/Build/Intermediates.noindex/AnchoredSequenceCore.build/Debug/AnchoredSequenceCore.build/DerivedSources -Xcc -DSWIFT_PACKAGE -Xcc -DDEBUG\=1 -emit-objc-header -emit-objc-header-path /tmp/MYR175-Classify-Candidate-Mac/Build/Intermediates.noindex/AnchoredSequenceCore.build/Debug/AnchoredSequenceCore.build/Objects-normal/arm64/AnchoredSequenceCore-Swift.h -working-directory /Users/runner/work/MyRAM-iOS/MyRAM-iOS/Candidate/MyRAM.xcodeproj -experimental-emit-module-separately -disable-cmo

SwiftCompile normal arm64 Compiling\ SyncModels.swift,\ SyncQueue.swift /Users/runner/work/MyRAM-iOS/MyRAM-iOS/NearbySyncCore/Sources/NearbySyncCore/SyncModels.swift /Users/runner/work/MyRAM-iOS/MyRAM-iOS/NearbySyncCore/Sources/NearbySyncCore/SyncQueue.swift (in target 'NearbySyncCore' from project 'NearbySyncCore')
SwiftCompile normal arm64 /Users/runner/work/MyRAM-iOS/MyRAM-iOS/NearbySyncCore/Sources/NearbySyncCore/SyncModels.swift (in target 'NearbySyncCore' from project 'NearbySyncCore')
    cd /Users/runner/work/MyRAM-iOS/MyRAM-iOS/Candidate/MyRAM.xcodeproj
    

SwiftCompile normal arm64 /Users/runner/work/MyRAM-iOS/MyRAM-iOS/NearbySyncCore/Sources/NearbySyncCore/SyncQueue.swift (in target 'NearbySyncCore' from project 'NearbySyncCore')
    cd /Users/runner/work/MyRAM-iOS/MyRAM-iOS/Candidate/MyRAM.xcodeproj
    

SwiftMergeGeneratedHeaders /tmp/MYR175-Classify-Candidate-Mac/Build/Intermediates.noindex/GeneratedModuleMaps/AnchoredSequenceCore-Swift.h /tmp/MYR175-Classify-Candidate-Mac/Build/Intermediates.noindex/AnchoredSequenceCore.build/Debug/AnchoredSequenceCore.build/Objects-normal/arm64/AnchoredSequenceCore-Swift.h (in target 'AnchoredSequenceCore' from project 'AnchoredSequenceCore')
    cd /Users/runner/work/MyRAM-iOS/MyRAM-iOS/Candidate/Packages/AnchoredSequenceCore
    builtin-swiftHeaderTool -arch arm64 /tmp/MYR175-Classify-Candidate-Mac/Build/Intermediates.noindex/AnchoredSequenceCore.build/Debug/AnchoredSequenceCore.build/Objects-normal/arm64/AnchoredSequenceCore-Swift.h -o /tmp/MYR175-Classify-Candidate-Mac/Build/Intermediates.noindex/GeneratedModuleMaps/AnchoredSequenceCore-Swift.h

Copy /tmp/MYR175-Classify-Candidate-Mac/Build/Products/Debug/AnchoredSequenceCore.swiftmodule/arm64-apple-macos.swiftmodule /tmp/MYR175-Classify-Candidate-Mac/Build/Intermediates.noindex/AnchoredSequenceCore.build/Debug/AnchoredSequenceCore.build/Objects-normal/arm64/AnchoredSequenceCore.swiftmodule (in target 'AnchoredSequenceCore' from project 'AnchoredSequenceCore')
    cd /Users/runner/work/MyRAM-iOS/MyRAM-iOS/Candidate/Packages/AnchoredSequenceCore
    builtin-copy -exclude .DS_Store -exclude CVS -exclude .svn -exclude .git -exclude .hg -resolve-src-symlinks -rename /tmp/MYR175-Classify-Candidate-Mac/Build/Intermediates.noindex/AnchoredSequenceCore.build/Debug/AnchoredSequenceCore.build/Objects-normal/arm64/AnchoredSequenceCore.swiftmodule /tmp/MYR175-Classify-Candidate-Mac/Build/Products/Debug/AnchoredSequenceCore.swiftmodule/arm64-apple-macos.swiftmodule

Copy /tmp/MYR175-Classify-Candidate-Mac/Build/Products/Debug/AnchoredSequenceCore.swiftmodule/arm64-apple-macos.swiftdoc /tmp/MYR175-Classify-Candidate-Mac/Build/Intermediates.noindex/AnchoredSequenceCore.build/Debug/AnchoredSequenceCore.build/Objects-normal/arm64/AnchoredSequenceCore.swiftdoc (in target 'AnchoredSequenceCore' from project 'AnchoredSequenceCore')
    cd /Users/runner/work/MyRAM-iOS/MyRAM-iOS/Candidate/Packages/AnchoredSequenceCore
    builtin-copy -exclude .DS_Store -exclude CVS -exclude .svn -exclude .git -exclude .hg -resolve-src-symlinks -rename /tmp/MYR175-Classify-Candidate-Mac/Build/Intermediates.noindex/AnchoredSequenceCore.build/Debug/AnchoredSequenceCore.build/Objects-normal/arm64/AnchoredSequenceCore.swiftdoc /tmp/MYR175-Classify-Candidate-Mac/Build/Products/Debug/AnchoredSequenceCore.swiftmodule/arm64-apple-macos.swiftdoc

Copy /tmp/MYR175-Classify-Candidate-Mac/Build/Products/Debug/AnchoredSequenceCore.swiftmodule/arm64-apple-macos.abi.json /tmp/MYR175-Classify-Candidate-Mac/Build/Intermediates.noindex/AnchoredSequenceCore.build/Debug/AnchoredSequenceCore.build/Objects-normal/arm64/AnchoredSequenceCore.abi.json (in target 'AnchoredSequenceCore' from project 'AnchoredSequenceCore')
    cd /Users/runner/work/MyRAM-iOS/MyRAM-iOS/Candidate/Packages/AnchoredSequenceCore
    builtin-copy -exclude .DS_Store -exclude CVS -exclude .svn -exclude .git -exclude .hg -resolve-src-symlinks -rename /tmp/MYR175-Classify-Candidate-Mac/Build/Intermediates.noindex/AnchoredSequenceCore.build/Debug/AnchoredSequenceCore.build/Objects-normal/arm64/AnchoredSequenceCore.abi.json /tmp/MYR175-Classify-Candidate-Mac/Build/Products/Debug/AnchoredSequenceCore.swiftmodule/arm64-apple-macos.abi.json

Copy /tmp/MYR175-Classify-Candidate-Mac/Build/Products/Debug/AnchoredSequenceCore.swiftmodule/Project/arm64-apple-macos.swiftsourceinfo /tmp/MYR175-Classify-Candidate-Mac/Build/Intermediates.noindex/AnchoredSequenceCore.build/Debug/AnchoredSequenceCore.build/Objects-normal/arm64/AnchoredSequenceCore.swiftsourceinfo (in target 'AnchoredSequenceCore' from project 'AnchoredSequenceCore')
    cd /Users/runner/work/MyRAM-iOS/MyRAM-iOS/Candidate/Packages/AnchoredSequenceCore
    builtin-copy -exclude .DS_Store -exclude CVS -exclude .svn -exclude .git -exclude .hg -resolve-src-symlinks -rename /tmp/MYR175-Classify-Candidate-Mac/Build/Intermediates.noindex/AnchoredSequenceCore.build/Debug/AnchoredSequenceCore.build/Objects-normal/arm64/AnchoredSequenceCore.swiftsourceinfo /tmp/MYR175-Classify-Candidate-Mac/Build/Products/Debug/AnchoredSequenceCore.swiftmodule/Project/arm64-apple-macos.swiftsourceinfo

SwiftCompile normal arm64 Compiling\ DebouncedChangeSender.swift,\ SyncEngine.swift /Users/runner/work/MyRAM-iOS/MyRAM-iOS/NearbySyncCore/Sources/NearbySyncCore/DebouncedChangeSender.swift /Users/runner/work/MyRAM-iOS/MyRAM-iOS/NearbySyncCore/Sources/NearbySyncCore/SyncEngine.swift (in target 'NearbySyncCore' from project 'NearbySyncCore')
SwiftCompile normal arm64 /Users/runner/work/MyRAM-iOS/MyRAM-iOS/NearbySyncCore/Sources/NearbySyncCore/DebouncedChangeSender.swift (in target 'NearbySyncCore' from project 'NearbySyncCore')
    cd /Users/runner/work/MyRAM-iOS/MyRAM-iOS/Candidate/MyRAM.xcodeproj
    

SwiftCompile normal arm64 /Users/runner/work/MyRAM-iOS/MyRAM-iOS/NearbySyncCore/Sources/NearbySyncCore/SyncEngine.swift (in target 'NearbySyncCore' from project 'NearbySyncCore')
    cd /Users/runner/work/MyRAM-iOS/MyRAM-iOS/Candidate/MyRAM.xcodeproj
    

SwiftExplicitDependencyGeneratePcm arm64 /tmp/MYR175-Classify-Candidate-Mac/ModuleCache.noindex/Foundation-EA0SQYJKH6UO1DKYUY9YQLJR9.pcm

SwiftCompile normal arm64 Compiling\ SyncStore.swift,\ TrustedPeerStore.swift /Users/runner/work/MyRAM-iOS/MyRAM-iOS/NearbySyncCore/Sources/NearbySyncCore/SyncStore.swift /Users/runner/work/MyRAM-iOS/MyRAM-iOS/NearbySyncCore/Sources/NearbySyncCore/TrustedPeerStore.swift (in target 'NearbySyncCore' from project 'NearbySyncCore')

SwiftCompile normal arm64 /Users/runner/work/MyRAM-iOS/MyRAM-iOS/NearbySyncCore/Sources/NearbySyncCore/SyncStore.swift (in target 'NearbySyncCore' from project 'NearbySyncCore')
    cd /Users/runner/work/MyRAM-iOS/MyRAM-iOS/Candidate/MyRAM.xcodeproj
    

SwiftCompile normal arm64 /Users/runner/work/MyRAM-iOS/MyRAM-iOS/NearbySyncCore/Sources/NearbySyncCore/TrustedPeerStore.swift (in target 'NearbySyncCore' from project 'NearbySyncCore')
    cd /Users/runner/work/MyRAM-iOS/MyRAM-iOS/Candidate/MyRAM.xcodeproj
    

SwiftExplicitDependencyGeneratePcm arm64 /tmp/MYR175-Classify-Candidate-Mac/ModuleCache.noindex/WidgetKit-B2NXU178ZMFKERPVSFSKG62JN.pcm

SwiftDriverJobDiscovery normal arm64 Compiling SyncStore.swift, TrustedPeerStore.swift (in target 'NearbySyncCore' from project 'NearbySyncCore')

SwiftExplicitDependencyGeneratePcm arm64 /tmp/MYR175-Classify-Candidate-Mac/ModuleCache.noindex/IOSurface-ADL7R02JIX2X6MW4RVBW0SZK9.pcm

SwiftDriverJobDiscovery normal arm64 Compiling SyncModels.swift, SyncQueue.swift (in target 'NearbySyncCore' from project 'NearbySyncCore')

SwiftExplicitDependencyGeneratePcm arm64 /tmp/MYR175-Classify-Candidate-Mac/ModuleCache.noindex/Symbols-1TJ4I6NHQHC501BPQV25VSCWF.pcm

SwiftDriverJobDiscovery normal arm64 Compiling DebouncedChangeSender.swift, SyncEngine.swift (in target 'NearbySyncCore' from project 'NearbySyncCore')

SwiftExplicitDependencyGeneratePcm arm64 /tmp/MYR175-Classify-Candidate-Mac/ModuleCache.noindex/RelevanceKit-BW0MAJBA3F8ZDC5QSZMMFI5KL.pcm

SwiftExplicitDependencyGeneratePcm arm64 /tmp/MYR175-Classify-Candidate-Mac/ModuleCache.noindex/Network-E7P6N0ATOCVBU3397XTK5HU2Y.pcm

SwiftExplicitDependencyGeneratePcm arm64 /tmp/MYR175-Classify-Candidate-Mac/ModuleCache.noindex/CoreData-6OKJOP1LYKFK8X8QGNWSUWK4X.pcm

SwiftExplicitDependencyGeneratePcm arm64 /tmp/MYR175-Classify-Candidate-Mac/ModuleCache.noindex/OSLog-C3QDUEJQL0W15WENASUV57G08.pcm

SwiftExplicitDependencyGeneratePcm arm64 /tmp/MYR175-Classify-Candidate-Mac/ModuleCache.noindex/Metal-8C0JP46SSQ6WWZPO2JCZ5Y1G0.pcm

SwiftExplicitDependencyGeneratePcm arm64 /tmp/MYR175-Classify-Candidate-Mac/ModuleCache.noindex/UserNotifications-DQDCECRH0M2JUQB5L784DVMYU.pcm

SwiftExplicitDependencyGeneratePcm arm64 /tmp/MYR175-Classify-Candidate-Mac/ModuleCache.noindex/ApplicationServices-A12VZKHCYTPMKVW2G18TREXJ6.pcm

SwiftExplicitDependencyGeneratePcm arm64 /tmp/MYR175-Classify-Candidate-Mac/ModuleCache.noindex/_LocationEssentials-EQJZ0BFD80Z9NK4U4FLHSOYVH.pcm

SwiftExplicitDependencyGeneratePcm arm64 /tmp/MYR175-Classify-Candidate-Mac/ModuleCache.noindex/Accessibility-2RWVGFA74JGS4FRTLNR6YWEE3.pcm

SwiftExplicitDependencyGeneratePcm arm64 /tmp/MYR175-Classify-Candidate-Mac/ModuleCache.noindex/CoreLocation-3KDXKZD0I1GIRRG4WALMGLILD.pcm

SwiftExplicitDependencyGeneratePcm arm64 /tmp/MYR175-Classify-Candidate-Mac/ModuleCache.noindex/UniformTypeIdentifiers-5966JOYHMBXBPPDGT15C9J5CX.pcm

SwiftExplicitDependencyGeneratePcm arm64 /tmp/MYR175-Classify-Candidate-Mac/ModuleCache.noindex/CoreVideo-EF9CCK6WZNYPC40DQ89ZIGGUY.pcm

SwiftExplicitDependencyGeneratePcm arm64 /tmp/MYR175-Classify-Candidate-Mac/ModuleCache.noindex/AppIntents-F24VEMIQIPH1NCO8YYAK4KZVT.pcm

SwiftExplicitDependencyGeneratePcm arm64 /tmp/MYR175-Classify-Candidate-Mac/ModuleCache.noindex/Intents-8UDK15W3MVCYIMTHHR0CG0GUQ.pcm

SwiftExplicitDependencyGeneratePcm arm64 /tmp/MYR175-Classify-Candidate-Mac/ModuleCache.noindex/CoreSpotlight-3VOV18UKILEZT2UU9D0YOZHDE.pcm

SwiftExplicitDependencyGeneratePcm arm64 /tmp/MYR175-Classify-Candidate-Mac/ModuleCache.noindex/DataDetection-8BNSOCGDSL3K7I81CV7H5XPPM.pcm

SwiftExplicitDependencyGeneratePcm arm64 /tmp/MYR175-Classify-Candidate-Mac/ModuleCache.noindex/QuartzCore-ACI7QUOMOEW4Z19X2MF7E8C8Y.pcm

SwiftExplicitDependencyGeneratePcm arm64 /tmp/MYR175-Classify-Candidate-Mac/ModuleCache.noindex/CoreImage-9YSZPSUA9GCWRCW2MOKSXR433.pcm

SwiftExplicitDependencyGeneratePcm arm64 /tmp/MYR175-Classify-Candidate-Mac/ModuleCache.noindex/CoreTransferable-ACRQTP0KJCR6XJADY1NSD82CS.pcm

SwiftExplicitDependencyGeneratePcm arm64 /tmp/MYR175-Classify-Candidate-Mac/ModuleCache.noindex/SwiftUICore-86A2UC9X5EPPMIA3HHDYGE5XD.pcm

SwiftExplicitDependencyGeneratePcm arm64 /tmp/MYR175-Classify-Candidate-Mac/ModuleCache.noindex/AppKit-8ATEOSJ4T5E11H5HNZBNKQ85M.pcm

SwiftDriver\ Compilation NearbySyncCore normal arm64 com.apple.xcode.tools.swift.compiler (in target 'NearbySyncCore' from project 'NearbySyncCore')
    cd /Users/runner/work/MyRAM-iOS/MyRAM-iOS/Candidate/MyRAM.xcodeproj
    builtin-Swift-Compilation -- /Applications/Xcode_26.5.app/Contents/Developer/Toolchains/XcodeDefault.xctoolchain/usr/bin/swiftc -module-name NearbySyncCore -Onone @/tmp/MYR175-Classify-Candidate-Mac/Build/Intermediates.noindex/NearbySyncCore.build/Debug/NearbySyncCore.build/Objects-normal/arm64/NearbySyncCore.SwiftFileList -DSWIFT_PACKAGE -DDEBUG -DSWIFT_MODULE_RESOURCE_BUNDLE_UNAVAILABLE -DXcode -plugin-path /Applications/Xcode_26.5.app/Contents/Developer/Toolchains/XcodeDefault.xctoolchain/usr/lib/swift/host/plugins/testing -enable-experimental-feature DebugDescriptionMacro -sdk /Applications/Xcode_26.5.app/Contents/Developer/Platforms/MacOSX.platform/Developer/SDKs/MacOSX26.5.sdk -target arm64-apple-macos13.0 -g -module-cache-path /tmp/MYR175-Classify-Candidate-Mac/ModuleCache.noindex -Xfrontend -serialize-debugging-options -enable-testing -suppress-warnings -index-store-path /tmp/MYR175-Classify-Candidate-Mac/Index.noindex/DataStore -Xcc -D_LIBCPP_HARDENING_MODE\=_LIBCPP_HARDENING_MODE_DEBUG -swift-version 5 -I /tmp/MYR175-Classify-Candidate-Mac/Build/Products/Debug -Isystem /Applications/Xcode_26.5.app/Contents/Developer/Platforms/MacOSX.platform/Developer/usr/lib -F /tmp/MYR175-Classify-Candidate-Mac/Build/Products/Debug -F /Applications/Xcode_26.5.app/Contents/Developer/Platforms/MacOSX.platform/Developer/Library/Frameworks -c -j3 -enable-batch-mode -incremental -Xcc -ivfsstatcache -Xcc /tmp/MYR175-Classify-Candidate-Mac/SDKStatCaches.noindex/macosx26.5-25F70-688ef53f1462e2c8f657fdc38a81448f3599ee76dc2a8020dfcb4b41ead48a8c.sdkstatcache -output-file-map /tmp/MYR175-Classify-Candidate-Mac/Build/Intermediates.noindex/NearbySyncCore.build/Debug/NearbySyncCore.build/Objects-normal/arm64/NearbySyncCore-OutputFileMap.json -use-frontend-parseable-output -save-temps -no-color-diagnostics -explicit-module-build -module-cache-path /tmp/MYR175-Classify-Candidate-Mac/Build/Intermediates.noindex/SwiftExplicitPrecompiledModules -clang-scanner-module-cache-path /tmp/MYR175-Classify-Candidate-Mac/ModuleCache.noindex -sdk-module-cache-path /tmp/MYR175-Classify-Candidate-Mac/ModuleCache.noindex -serialize-diagnostics -emit-dependencies -emit-module -emit-module-path /tmp/MYR175-Classify-Candidate-Mac/Build/Intermediates.noindex/NearbySyncCore.build/Debug/NearbySyncCore.build/Objects-normal/arm64/NearbySyncCore.swiftmodule -validate-clang-modules-once -clang-build-session-file /tmp/MYR175-Classify-Candidate-Mac/ModuleCache.noindex/Session.modulevalidation -package-name nearbysynccore -Xcc -I/tmp/MYR175-Classify-Candidate-Mac/Build/Intermediates.noindex/NearbySyncCore.build/Debug/NearbySyncCore.build/swift-overrides.hmap -emit-const-values -Xfrontend -const-gather-protocols-file -Xfrontend /tmp/MYR175-Classify-Candidate-Mac/Build/Intermediates.noindex/NearbySyncCore.build/Debug/NearbySyncCore.build/Objects-normal/arm64/NearbySyncCore_const_extract_protocols.json -Xcc -I/tmp/MYR175-Classify-Candidate-Mac/Build/Products/Debug/include -Xcc -I/tmp/MYR175-Classify-Candidate-Mac/Build/Intermediates.noindex/NearbySyncCore.build/Debug/NearbySyncCore.build/DerivedSources-normal/arm64 -Xcc -I/tmp/MYR175-Classify-Candidate-Mac/Build/Intermediates.noindex/NearbySyncCore.build/Debug/NearbySyncCore.build/DerivedSources/arm64 -Xcc -I/tmp/MYR175-Classify-Candidate-Mac/Build/Intermediates.noindex/NearbySyncCore.build/Debug/NearbySyncCore.build/DerivedSources -Xcc -DSWIFT_PACKAGE -Xcc -DDEBUG\=1 -emit-objc-header -emit-objc-header-path /tmp/MYR175-Classify-Candidate-Mac/Build/Intermediates.noindex/NearbySyncCore.build/Debug/NearbySyncCore.build/Objects-normal/arm64/NearbySyncCore-Swift.h -working-directory /Users/runner/work/MyRAM-iOS/MyRAM-iOS/Candidate/MyRAM.xcodeproj -experimental-emit-module-separately -disable-cmo

SwiftCompile normal arm64 Compiling\ SyncSequenceIdentity.swift,\ SyncTextLegacyBootstrap.swift /Users/runner/work/MyRAM-iOS/MyRAM-iOS/Candidate/Packages/AnchoredSequenceCore/Sources/AnchoredSequenceCore/SyncSequenceIdentity.swift /Users/runner/work/MyRAM-iOS/MyRAM-iOS/Candidate/Packages/AnchoredSequenceCore/Sources/AnchoredSequenceCore/SyncTextLegacyBootstrap.swift (in target 'AnchoredSequenceCore' from project 'AnchoredSequenceCore')

SwiftCompile normal arm64 /Users/runner/work/MyRAM-iOS/MyRAM-iOS/Candidate/Packages/AnchoredSequenceCore/Sources/AnchoredSequenceCore/SyncSequenceIdentity.swift (in target 'AnchoredSequenceCore' from project 'AnchoredSequenceCore')
    cd /Users/runner/work/MyRAM-iOS/MyRAM-iOS/Candidate/MyRAM.xcodeproj
    

SwiftCompile normal arm64 /Users/runner/work/MyRAM-iOS/MyRAM-iOS/Candidate/Packages/AnchoredSequenceCore/Sources/AnchoredSequenceCore/SyncTextLegacyBootstrap.swift (in target 'AnchoredSequenceCore' from project 'AnchoredSequenceCore')
    cd /Users/runner/work/MyRAM-iOS/MyRAM-iOS/Candidate/MyRAM.xcodeproj
    

SwiftCompile normal arm64 Compiling\ SyncTextOperationPayload.swift,\ SyncTextSequenceState.swift /Users/runner/work/MyRAM-iOS/MyRAM-iOS/Candidate/Packages/AnchoredSequenceCore/Sources/AnchoredSequenceCore/SyncTextOperationPayload.swift /Users/runner/work/MyRAM-iOS/MyRAM-iOS/Candidate/Packages/AnchoredSequenceCore/Sources/AnchoredSequenceCore/SyncTextSequenceState.swift (in target 'AnchoredSequenceCore' from project 'AnchoredSequenceCore')
SwiftCompile normal arm64 /Users/runner/work/MyRAM-iOS/MyRAM-iOS/Candidate/Packages/AnchoredSequenceCore/Sources/AnchoredSequenceCore/SyncTextOperationPayload.swift (in target 'AnchoredSequenceCore' from project 'AnchoredSequenceCore')
    cd /Users/runner/work/MyRAM-iOS/MyRAM-iOS/Candidate/MyRAM.xcodeproj
    

SwiftCompile normal arm64 /Users/runner/work/MyRAM-iOS/MyRAM-iOS/Candidate/Packages/AnchoredSequenceCore/Sources/AnchoredSequenceCore/SyncTextSequenceState.swift (in target 'AnchoredSequenceCore' from project 'AnchoredSequenceCore')
    cd /Users/runner/work/MyRAM-iOS/MyRAM-iOS/Candidate/MyRAM.xcodeproj
    

SwiftCompile normal arm64 Compiling\ SyncActorSequenceReservation.swift,\ SyncOperationIDOrder.swift /Users/runner/work/MyRAM-iOS/MyRAM-iOS/Candidate/Packages/AnchoredSequenceCore/Sources/AnchoredSequenceCore/SyncActorSequenceReservation.swift /Users/runner/work/MyRAM-iOS/MyRAM-iOS/Candidate/Packages/AnchoredSequenceCore/Sources/AnchoredSequenceCore/SyncOperationIDOrder.swift (in target 'AnchoredSequenceCore' from project 'AnchoredSequenceCore')

SwiftCompile normal arm64 /Users/runner/work/MyRAM-iOS/MyRAM-iOS/Candidate/Packages/AnchoredSequenceCore/Sources/AnchoredSequenceCore/SyncActorSequenceReservation.swift (in target 'AnchoredSequenceCore' from project 'AnchoredSequenceCore')
    cd /Users/runner/work/MyRAM-iOS/MyRAM-iOS/Candidate/MyRAM.xcodeproj
    

SwiftCompile normal arm64 /Users/runner/work/MyRAM-iOS/MyRAM-iOS/Candidate/Packages/AnchoredSequenceCore/Sources/AnchoredSequenceCore/SyncOperationIDOrder.swift (in target 'AnchoredSequenceCore' from project 'AnchoredSequenceCore')
    cd /Users/runner/work/MyRAM-iOS/MyRAM-iOS/Candidate/MyRAM.xcodeproj
    

SwiftDriverJobDiscovery normal arm64 Compiling SyncSequenceIdentity.swift, SyncTextLegacyBootstrap.swift (in target 'AnchoredSequenceCore' from project 'AnchoredSequenceCore')

SwiftDriverJobDiscovery normal arm64 Compiling SyncActorSequenceReservation.swift, SyncOperationIDOrder.swift (in target 'AnchoredSequenceCore' from project 'AnchoredSequenceCore')

Ld /tmp/MYR175-Classify-Candidate-Mac/Build/Products/Debug/NearbySyncCore.o normal (in target 'NearbySyncCore' from project 'NearbySyncCore')
    cd /Users/runner/work/MyRAM-iOS/MyRAM-iOS/NearbySyncCore
    /Applications/Xcode_26.5.app/Contents/Developer/Toolchains/XcodeDefault.xctoolchain/usr/bin/clang -Xlinker -reproducible -target arm64-apple-macos13.0 -r -isysroot /Applications/Xcode_26.5.app/Contents/Developer/Platforms/MacOSX.platform/Developer/SDKs/MacOSX26.5.sdk -O0 -w -F/tmp/MYR175-Classify-Candidate-Mac/Build/Intermediates.noindex/EagerLinkingTBDs/Debug -F/tmp/MYR175-Classify-Candidate-Mac/Build/Products/Debug -iframework /Applications/Xcode_26.5.app/Contents/Developer/Platforms/MacOSX.platform/Developer/Library/Frameworks -filelist /tmp/MYR175-Classify-Candidate-Mac/Build/Intermediates.noindex/NearbySyncCore.build/Debug/NearbySyncCore.build/Objects-normal/arm64/NearbySyncCore.LinkFileList -nostdlib -Xlinker -object_path_lto -Xlinker /tmp/MYR175-Classify-Candidate-Mac/Build/Intermediates.noindex/NearbySyncCore.build/Debug/NearbySyncCore.build/Objects-normal/arm64/NearbySyncCore_lto.o -Xlinker -no_deduplicate -Xlinker -dependency_info -Xlinker /tmp/MYR175-Classify-Candidate-Mac/Build/Intermediates.noindex/NearbySyncCore.build/Debug/NearbySyncCore.build/Objects-normal/arm64/NearbySyncCore_dependency_info.dat -fobjc-link-runtime -L/Applications/Xcode_26.5.app/Contents/Developer/Toolchains/XcodeDefault.xctoolchain/usr/lib/swift/macosx -L/usr/lib/swift -Xlinker -add_ast_path -Xlinker /tmp/MYR175-Classify-Candidate-Mac/Build/Intermediates.noindex/NearbySyncCore.build/Debug/NearbySyncCore.build/Objects-normal/arm64/NearbySyncCore.swiftmodule @/tmp/MYR175-Classify-Candidate-Mac/Build/Intermediates.noindex/NearbySyncCore.build/Debug/NearbySyncCore.build/Objects-normal/arm64/NearbySyncCore-linker-args.resp -o /tmp/MYR175-Classify-Candidate-Mac/Build/Products/Debug/NearbySyncCore.o

ExtractAppIntentsMetadata (in target 'NearbySyncCore' from project 'NearbySyncCore')
    cd /Users/runner/work/MyRAM-iOS/MyRAM-iOS/NearbySyncCore
    /Applications/Xcode_26.5.app/Contents/Developer/Toolchains/XcodeDefault.xctoolchain/usr/bin/appintentsmetadataprocessor --toolchain-dir /var/run/com.apple.security.cryptexd/mnt/com.apple.MobileAsset.MetalToolchain-v17.6.42.0.es00zl/Metal.xctoolchain --module-name NearbySyncCore --sdk-root /Applications/Xcode_26.5.app/Contents/Developer/Platforms/MacOSX.platform/Developer/SDKs/MacOSX26.5.sdk --xcode-version 17F42 --platform-family macOS --deployment-target 13.0 --bundle-identifier nearbysynccore.NearbySyncCore --output /tmp/MYR175-Classify-Candidate-Mac/Build/Products/Debug/NearbySyncCore.appintents --target-triple arm64-apple-macos13.0 --binary-file /tmp/MYR175-Classify-Candidate-Mac/Build/Products/Debug/NearbySyncCore.o --dependency-file /tmp/MYR175-Classify-Candidate-Mac/Build/Intermediates.noindex/NearbySyncCore.build/Debug/NearbySyncCore.build/Objects-normal/arm64/NearbySyncCore_dependency_info.dat --stringsdata-file /tmp/MYR175-Classify-Candidate-Mac/Build/Intermediates.noindex/NearbySyncCore.build/Debug/NearbySyncCore.build/Objects-normal/arm64/ExtractedAppShortcutsMetadata.stringsdata --source-file-list /tmp/MYR175-Classify-Candidate-Mac/Build/Intermediates.noindex/NearbySyncCore.build/Debug/NearbySyncCore.build/Objects-normal/arm64/NearbySyncCore.SwiftFileList --metadata-file-list /tmp/MYR175-Classify-Candidate-Mac/Build/Intermediates.noindex/NearbySyncCore.build/Debug/NearbySyncCore.build/NearbySyncCore.DependencyMetadataFileList --static-metadata-file-list /tmp/MYR175-Classify-Candidate-Mac/Build/Intermediates.noindex/NearbySyncCore.build/Debug/NearbySyncCore.build/NearbySyncCore.DependencyStaticMetadataFileList --swift-const-vals-list /tmp/MYR175-Classify-Candidate-Mac/Build/Intermediates.noindex/NearbySyncCore.build/Debug/NearbySyncCore.build/Objects-normal/arm64/NearbySyncCore.SwiftConstValuesFileList --force --compile-time-extraction --deployment-aware-processing --validate-assistant-intents --no-app-shortcuts-localization
2026-08-04 15:30:37.986 appintentsmetadataprocessor[3114:13133] Starting appintentsmetadataprocessor export
2026-08-04 15:30:38.050 appintentsmetadataprocessor[3114:13133] Extracted no relevant App Intents symbols, skipping writing output

SwiftExplicitDependencyGeneratePcm arm64 /tmp/MYR175-Classify-Candidate-Mac/ModuleCache.noindex/SwiftUI-DGLQCGZ9NAWHQD8N2Z55Z01IQ.pcm

SwiftEmitModule normal arm64 Emitting\ module\ for\ MyRAMMacWidgetExtension (in target 'MyRAMMacWidgetExtension' from project 'MyRAM')
EmitSwiftModule normal arm64 (in target 'MyRAMMacWidgetExtension' from project 'MyRAM')
    cd /Users/runner/work/MyRAM-iOS/MyRAM-iOS/Candidate
    

SwiftCompile normal arm64 Compiling\ MyRAMWidgetSnapshot.swift,\ MyRAMWidgetDeepLink.swift,\ MyRAMMacWidget.swift /Users/runner/work/MyRAM-iOS/MyRAM-iOS/Candidate/MyRAM/WidgetShared/MyRAMWidgetSnapshot.swift /Users/runner/work/MyRAM-iOS/MyRAM-iOS/Candidate/MyRAM/WidgetShared/MyRAMWidgetDeepLink.swift /Users/runner/work/MyRAM-iOS/MyRAM-iOS/Candidate/MyRAMMacWidget/MyRAMMacWidget.swift (in target 'MyRAMMacWidgetExtension' from project 'MyRAM')
SwiftCompile normal arm64 /Users/runner/work/MyRAM-iOS/MyRAM-iOS/Candidate/MyRAM/WidgetShared/MyRAMWidgetSnapshot.swift (in target 'MyRAMMacWidgetExtension' from project 'MyRAM')
    cd /Users/runner/work/MyRAM-iOS/MyRAM-iOS/Candidate
    

SwiftCompile normal arm64 /Users/runner/work/MyRAM-iOS/MyRAM-iOS/Candidate/MyRAM/WidgetShared/MyRAMWidgetDeepLink.swift (in target 'MyRAMMacWidgetExtension' from project 'MyRAM')
    cd /Users/runner/work/MyRAM-iOS/MyRAM-iOS/Candidate
    

SwiftCompile normal arm64 /Users/runner/work/MyRAM-iOS/MyRAM-iOS/Candidate/MyRAMMacWidget/MyRAMMacWidget.swift (in target 'MyRAMMacWidgetExtension' from project 'MyRAM')
    cd /Users/runner/work/MyRAM-iOS/MyRAM-iOS/Candidate
    

SwiftCompile normal arm64 Compiling\ MyRAMWidgetSnapshotStore.swift,\ MyRAMWidgetSnapshotCodec.swift,\ GeneratedAssetSymbols.swift /Users/runner/work/MyRAM-iOS/MyRAM-iOS/Candidate/MyRAM/WidgetShared/MyRAMWidgetSnapshotStore.swift /Users/runner/work/MyRAM-iOS/MyRAM-iOS/Candidate/MyRAM/WidgetShared/MyRAMWidgetSnapshotCodec.swift /tmp/MYR175-Classify-Candidate-Mac/Build/Intermediates.noindex/MyRAM.build/Debug/MyRAMMacWidgetExtension.build/DerivedSources/GeneratedAssetSymbols.swift (in target 'MyRAMMacWidgetExtension' from project 'MyRAM')

SwiftCompile normal arm64 /Users/runner/work/MyRAM-iOS/MyRAM-iOS/Candidate/MyRAM/WidgetShared/MyRAMWidgetSnapshotStore.swift (in target 'MyRAMMacWidgetExtension' from project 'MyRAM')
    cd /Users/runner/work/MyRAM-iOS/MyRAM-iOS/Candidate
    

SwiftCompile normal arm64 /Users/runner/work/MyRAM-iOS/MyRAM-iOS/Candidate/MyRAM/WidgetShared/MyRAMWidgetSnapshotCodec.swift (in target 'MyRAMMacWidgetExtension' from project 'MyRAM')
    cd /Users/runner/work/MyRAM-iOS/MyRAM-iOS/Candidate
    

SwiftCompile normal arm64 /tmp/MYR175-Classify-Candidate-Mac/Build/Intermediates.noindex/MyRAM.build/Debug/MyRAMMacWidgetExtension.build/DerivedSources/GeneratedAssetSymbols.swift (in target 'MyRAMMacWidgetExtension' from project 'MyRAM')
    cd /Users/runner/work/MyRAM-iOS/MyRAM-iOS/Candidate
    

SwiftDriverJobDiscovery normal arm64 Compiling SyncTextOperationPayload.swift, SyncTextSequenceState.swift (in target 'AnchoredSequenceCore' from project 'AnchoredSequenceCore')

SwiftCompile normal arm64 Compiling\ MyRAMMacWidgetBundle.swift,\ MyRAMWidgetRuntimeConfiguration.swift,\ MyRAMWidgetContentSelectionPolicy.swift /Users/runner/work/MyRAM-iOS/MyRAM-iOS/Candidate/MyRAMMacWidget/MyRAMMacWidgetBundle.swift /Users/runner/work/MyRAM-iOS/MyRAM-iOS/Candidate/MyRAM/WidgetShared/MyRAMWidgetRuntimeConfiguration.swift /Users/runner/work/MyRAM-iOS/MyRAM-iOS/Candidate/MyRAM/WidgetShared/MyRAMWidgetContentSelectionPolicy.swift (in target 'MyRAMMacWidgetExtension' from project 'MyRAM')
SwiftCompile normal arm64 /Users/runner/work/MyRAM-iOS/MyRAM-iOS/Candidate/MyRAMMacWidget/MyRAMMacWidgetBundle.swift (in target 'MyRAMMacWidgetExtension' from project 'MyRAM')
    cd /Users/runner/work/MyRAM-iOS/MyRAM-iOS/Candidate
    

SwiftCompile normal arm64 /Users/runner/work/MyRAM-iOS/MyRAM-iOS/Candidate/MyRAM/WidgetShared/MyRAMWidgetRuntimeConfiguration.swift (in target 'MyRAMMacWidgetExtension' from project 'MyRAM')
    cd /Users/runner/work/MyRAM-iOS/MyRAM-iOS/Candidate
    

SwiftCompile normal arm64 /Users/runner/work/MyRAM-iOS/MyRAM-iOS/Candidate/MyRAM/WidgetShared/MyRAMWidgetContentSelectionPolicy.swift (in target 'MyRAMMacWidgetExtension' from project 'MyRAM')
    cd /Users/runner/work/MyRAM-iOS/MyRAM-iOS/Candidate
    

SwiftDriverJobDiscovery normal arm64 Emitting module for MyRAMMacWidgetExtension (in target 'MyRAMMacWidgetExtension' from project 'MyRAM')

SwiftDriver\ Compilation\ Requirements MyRAMMacWidgetExtension normal arm64 com.apple.xcode.tools.swift.compiler (in target 'MyRAMMacWidgetExtension' from project 'MyRAM')
    cd /Users/runner/work/MyRAM-iOS/MyRAM-iOS/Candidate
    builtin-Swift-Compilation-Requirements -- /Applications/Xcode_26.5.app/Contents/Developer/Toolchains/XcodeDefault.xctoolchain/usr/bin/swiftc -module-name MyRAMMacWidgetExtension -Onone @/tmp/MYR175-Classify-Candidate-Mac/Build/Intermediates.noindex/MyRAM.build/Debug/MyRAMMacWidgetExtension.build/Objects-normal/arm64/MyRAMMacWidgetExtension.SwiftFileList -DDEBUG -enable-bare-slash-regex -enable-upcoming-feature DisableOutwardActorInference -enable-upcoming-feature InferSendableFromCaptures -enable-upcoming-feature GlobalActorIsolatedTypesUsability -enable-upcoming-feature MemberImportVisibility -enable-upcoming-feature InferIsolatedConformances -enable-upcoming-feature NonisolatedNonsendingByDefault -enable-experimental-feature DebugDescriptionMacro -sdk /Applications/Xcode_26.5.app/Contents/Developer/Platforms/MacOSX.platform/Developer/SDKs/MacOSX26.5.sdk -target arm64-apple-macos14.0 -g -module-cache-path /tmp/MYR175-Classify-Candidate-Mac/ModuleCache.noindex -Xfrontend -serialize-debugging-options -application-extension -enable-testing -index-store-path /tmp/MYR175-Classify-Candidate-Mac/Index.noindex/DataStore -Xcc -D_LIBCPP_HARDENING_MODE\=_LIBCPP_HARDENING_MODE_DEBUG -swift-version 5 -I /tmp/MYR175-Classify-Candidate-Mac/Build/Products/Debug -F /tmp/MYR175-Classify-Candidate-Mac/Build/Products/Debug -emit-localized-strings -emit-localized-strings-path /tmp/MYR175-Classify-Candidate-Mac/Build/Intermediates.noindex/MyRAM.build/Debug/MyRAMMacWidgetExtension.build/Objects-normal/arm64 -c -j3 -enable-batch-mode -incremental -Xcc -ivfsstatcache -Xcc /tmp/MYR175-Classify-Candidate-Mac/SDKStatCaches.noindex/macosx26.5-25F70-688ef53f1462e2c8f657fdc38a81448f3599ee76dc2a8020dfcb4b41ead48a8c.sdkstatcache -output-file-map /tmp/MYR175-Classify-Candidate-Mac/Build/Intermediates.noindex/MyRAM.build/Debug/MyRAMMacWidgetExtension.build/Objects-normal/arm64/MyRAMMacWidgetExtension-OutputFileMap.json -use-frontend-parseable-output -save-temps -no-color-diagnostics -explicit-module-build -module-cache-path /tmp/MYR175-Classify-Candidate-Mac/Build/Intermediates.noindex/SwiftExplicitPrecompiledModules -clang-scanner-module-cache-path /tmp/MYR175-Classify-Candidate-Mac/ModuleCache.noindex -sdk-module-cache-path /tmp/MYR175-Classify-Candidate-Mac/ModuleCache.noindex -serialize-diagnostics -emit-dependencies -emit-module -emit-module-path /tmp/MYR175-Classify-Candidate-Mac/Build/Intermediates.noindex/MyRAM.build/Debug/MyRAMMacWidgetExtension.build/Objects-normal/arm64/MyRAMMacWidgetExtension.swiftmodule -validate-clang-modules-once -clang-build-session-file /tmp/MYR175-Classify-Candidate-Mac/ModuleCache.noindex/Session.modulevalidation -Xcc -I/tmp/MYR175-Classify-Candidate-Mac/Build/Intermediates.noindex/MyRAM.build/Debug/MyRAMMacWidgetExtension.build/swift-overrides.hmap -emit-const-values -Xfrontend -const-gather-protocols-file -Xfrontend /tmp/MYR175-Classify-Candidate-Mac/Build/Intermediates.noindex/MyRAM.build/Debug/MyRAMMacWidgetExtension.build/Objects-normal/arm64/MyRAMMacWidgetExtension_const_extract_protocols.json -Xcc -iquote -Xcc /tmp/MYR175-Classify-Candidate-Mac/Build/Intermediates.noindex/MyRAM.build/Debug/MyRAMMacWidgetExtension.build/MyRAMMacWidgetExtension-generated-files.hmap -Xcc -I/tmp/MYR175-Classify-Candidate-Mac/Build/Intermediates.noindex/MyRAM.build/Debug/MyRAMMacWidgetExtension.build/MyRAMMacWidgetExtension-own-target-headers.hmap -Xcc -I/tmp/MYR175-Classify-Candidate-Mac/Build/Intermediates.noindex/MyRAM.build/Debug/MyRAMMacWidgetExtension.build/MyRAMMacWidgetExtension-all-non-framework-target-headers.hmap -Xcc -ivfsoverlay -Xcc /tmp/MYR175-Classify-Candidate-Mac/Build/Intermediates.noindex/MyRAM.build/Debug/MyRAM-98a9cbde253e8e955bc92731eb290203-VFS/all-product-headers.yaml -Xcc -iquote -Xcc /tmp/MYR175-Classify-Candidate-Mac/Build/Intermediates.noindex/MyRAM.build/Debug/MyRAMMacWidgetExtension.build/MyRAMMacWidgetExtension-project-headers.hmap -Xcc -I/tmp/MYR175-Classify-Candidate-Mac/Build/Products/Debug/include -Xcc -I/tmp/MYR175-Classify-Candidate-Mac/Build/Intermediates.noindex/MyRAM.build/Debug/MyRAMMacWidgetExtension.build/DerivedSources-normal/arm64 -Xcc -I/tmp/MYR175-Classify-Candidate-Mac/Build/Intermediates.noindex/MyRAM.build/Debug/MyRAMMacWidgetExtension.build/DerivedSources/arm64 -Xcc -I/tmp/MYR175-Classify-Candidate-Mac/Build/Intermediates.noindex/MyRAM.build/Debug/MyRAMMacWidgetExtension.build/DerivedSources -Xcc -DDEBUG\=1 -emit-objc-header -emit-objc-header-path /tmp/MYR175-Classify-Candidate-Mac/Build/Intermediates.noindex/MyRAM.build/Debug/MyRAMMacWidgetExtension.build/Objects-normal/arm64/MyRAMMacWidgetExtension-Swift.h -working-directory /Users/runner/work/MyRAM-iOS/MyRAM-iOS/Candidate -experimental-emit-module-separately -disable-cmo

SwiftDriverJobDiscovery normal arm64 Compiling MyRAMWidgetSnapshotStore.swift, MyRAMWidgetSnapshotCodec.swift, GeneratedAssetSymbols.swift (in target 'MyRAMMacWidgetExtension' from project 'MyRAM')

SwiftDriver\ Compilation AnchoredSequenceCore normal arm64 com.apple.xcode.tools.swift.compiler (in target 'AnchoredSequenceCore' from project 'AnchoredSequenceCore')
    cd /Users/runner/work/MyRAM-iOS/MyRAM-iOS/Candidate/MyRAM.xcodeproj
    builtin-Swift-Compilation -- /Applications/Xcode_26.5.app/Contents/Developer/Toolchains/XcodeDefault.xctoolchain/usr/bin/swiftc -module-name AnchoredSequenceCore -Onone @/tmp/MYR175-Classify-Candidate-Mac/Build/Intermediates.noindex/AnchoredSequenceCore.build/Debug/AnchoredSequenceCore.build/Objects-normal/arm64/AnchoredSequenceCore.SwiftFileList -DSWIFT_PACKAGE -DDEBUG -DSWIFT_MODULE_RESOURCE_BUNDLE_UNAVAILABLE -DXcode -plugin-path /Applications/Xcode_26.5.app/Contents/Developer/Toolchains/XcodeDefault.xctoolchain/usr/lib/swift/host/plugins/testing -enable-experimental-feature DebugDescriptionMacro -sdk /Applications/Xcode_26.5.app/Contents/Developer/Platforms/MacOSX.platform/Developer/SDKs/MacOSX26.5.sdk -target arm64-apple-macos13.0 -g -module-cache-path /tmp/MYR175-Classify-Candidate-Mac/ModuleCache.noindex -Xfrontend -serialize-debugging-options -enable-testing -suppress-warnings -index-store-path /tmp/MYR175-Classify-Candidate-Mac/Index.noindex/DataStore -Xcc -D_LIBCPP_HARDENING_MODE\=_LIBCPP_HARDENING_MODE_DEBUG -swift-version 5 -I /tmp/MYR175-Classify-Candidate-Mac/Build/Products/Debug -Isystem /Applications/Xcode_26.5.app/Contents/Developer/Platforms/MacOSX.platform/Developer/usr/lib -F /tmp/MYR175-Classify-Candidate-Mac/Build/Products/Debug -F /Applications/Xcode_26.5.app/Contents/Developer/Platforms/MacOSX.platform/Developer/Library/Frameworks -c -j3 -enable-batch-mode -incremental -Xcc -ivfsstatcache -Xcc /tmp/MYR175-Classify-Candidate-Mac/SDKStatCaches.noindex/macosx26.5-25F70-688ef53f1462e2c8f657fdc38a81448f3599ee76dc2a8020dfcb4b41ead48a8c.sdkstatcache -output-file-map /tmp/MYR175-Classify-Candidate-Mac/Build/Intermediates.noindex/AnchoredSequenceCore.build/Debug/AnchoredSequenceCore.build/Objects-normal/arm64/AnchoredSequenceCore-OutputFileMap.json -use-frontend-parseable-output -save-temps -no-color-diagnostics -explicit-module-build -module-cache-path /tmp/MYR175-Classify-Candidate-Mac/Build/Intermediates.noindex/SwiftExplicitPrecompiledModules -clang-scanner-module-cache-path /tmp/MYR175-Classify-Candidate-Mac/ModuleCache.noindex -sdk-module-cache-path /tmp/MYR175-Classify-Candidate-Mac/ModuleCache.noindex -serialize-diagnostics -emit-dependencies -emit-module -emit-module-path /tmp/MYR175-Classify-Candidate-Mac/Build/Intermediates.noindex/AnchoredSequenceCore.build/Debug/AnchoredSequenceCore.build/Objects-normal/arm64/AnchoredSequenceCore.swiftmodule -validate-clang-modules-once -clang-build-session-file /tmp/MYR175-Classify-Candidate-Mac/ModuleCache.noindex/Session.modulevalidation -package-name anchoredsequencecore -Xcc -I/tmp/MYR175-Classify-Candidate-Mac/Build/Intermediates.noindex/AnchoredSequenceCore.build/Debug/AnchoredSequenceCore.build/swift-overrides.hmap -emit-const-values -Xfrontend -const-gather-protocols-file -Xfrontend /tmp/MYR175-Classify-Candidate-Mac/Build/Intermediates.noindex/AnchoredSequenceCore.build/Debug/AnchoredSequenceCore.build/Objects-normal/arm64/AnchoredSequenceCore_const_extract_protocols.json -Xcc -I/tmp/MYR175-Classify-Candidate-Mac/Build/Products/Debug/include -Xcc -I/tmp/MYR175-Classify-Candidate-Mac/Build/Intermediates.noindex/AnchoredSequenceCore.build/Debug/AnchoredSequenceCore.build/DerivedSources-normal/arm64 -Xcc -I/tmp/MYR175-Classify-Candidate-Mac/Build/Intermediates.noindex/AnchoredSequenceCore.build/Debug/AnchoredSequenceCore.build/DerivedSources/arm64 -Xcc -I/tmp/MYR175-Classify-Candidate-Mac/Build/Intermediates.noindex/AnchoredSequenceCore.build/Debug/AnchoredSequenceCore.build/DerivedSources -Xcc -DSWIFT_PACKAGE -Xcc -DDEBUG\=1 -emit-objc-header -emit-objc-header-path /tmp/MYR175-Classify-Candidate-Mac/Build/Intermediates.noindex/AnchoredSequenceCore.build/Debug/AnchoredSequenceCore.build/Objects-normal/arm64/AnchoredSequenceCore-Swift.h -working-directory /Users/runner/work/MyRAM-iOS/MyRAM-iOS/Candidate/MyRAM.xcodeproj -experimental-emit-module-separately -disable-cmo

SwiftMergeGeneratedHeaders /tmp/MYR175-Classify-Candidate-Mac/Build/Intermediates.noindex/MyRAM.build/Debug/MyRAMMacWidgetExtension.build/DerivedSources/MyRAMMacWidgetExtension-Swift.h /tmp/MYR175-Classify-Candidate-Mac/Build/Intermediates.noindex/MyRAM.build/Debug/MyRAMMacWidgetExtension.build/Objects-normal/arm64/MyRAMMacWidgetExtension-Swift.h (in target 'MyRAMMacWidgetExtension' from project 'MyRAM')
    cd /Users/runner/work/MyRAM-iOS/MyRAM-iOS/Candidate
    builtin-swiftHeaderTool -arch arm64 /tmp/MYR175-Classify-Candidate-Mac/Build/Intermediates.noindex/MyRAM.build/Debug/MyRAMMacWidgetExtension.build/Objects-normal/arm64/MyRAMMacWidgetExtension-Swift.h -o /tmp/MYR175-Classify-Candidate-Mac/Build/Intermediates.noindex/MyRAM.build/Debug/MyRAMMacWidgetExtension.build/DerivedSources/MyRAMMacWidgetExtension-Swift.h

Copy /tmp/MYR175-Classify-Candidate-Mac/Build/Products/Debug/MyRAMMacWidgetExtension.swiftmodule/arm64-apple-macos.swiftmodule /tmp/MYR175-Classify-Candidate-Mac/Build/Intermediates.noindex/MyRAM.build/Debug/MyRAMMacWidgetExtension.build/Objects-normal/arm64/MyRAMMacWidgetExtension.swiftmodule (in target 'MyRAMMacWidgetExtension' from project 'MyRAM')
    cd /Users/runner/work/MyRAM-iOS/MyRAM-iOS/Candidate
    builtin-copy -exclude .DS_Store -exclude CVS -exclude .svn -exclude .git -exclude .hg -resolve-src-symlinks -rename /tmp/MYR175-Classify-Candidate-Mac/Build/Intermediates.noindex/MyRAM.build/Debug/MyRAMMacWidgetExtension.build/Objects-normal/arm64/MyRAMMacWidgetExtension.swiftmodule /tmp/MYR175-Classify-Candidate-Mac/Build/Products/Debug/MyRAMMacWidgetExtension.swiftmodule/arm64-apple-macos.swiftmodule

Copy /tmp/MYR175-Classify-Candidate-Mac/Build/Products/Debug/MyRAMMacWidgetExtension.swiftmodule/arm64-apple-macos.swiftdoc /tmp/MYR175-Classify-Candidate-Mac/Build/Intermediates.noindex/MyRAM.build/Debug/MyRAMMacWidgetExtension.build/Objects-normal/arm64/MyRAMMacWidgetExtension.swiftdoc (in target 'MyRAMMacWidgetExtension' from project 'MyRAM')
    cd /Users/runner/work/MyRAM-iOS/MyRAM-iOS/Candidate
    builtin-copy -exclude .DS_Store -exclude CVS -exclude .svn -exclude .git -exclude .hg -resolve-src-symlinks -rename /tmp/MYR175-Classify-Candidate-Mac/Build/Intermediates.noindex/MyRAM.build/Debug/MyRAMMacWidgetExtension.build/Objects-normal/arm64/MyRAMMacWidgetExtension.swiftdoc /tmp/MYR175-Classify-Candidate-Mac/Build/Products/Debug/MyRAMMacWidgetExtension.swiftmodule/arm64-apple-macos.swiftdoc

Copy /tmp/MYR175-Classify-Candidate-Mac/Build/Products/Debug/MyRAMMacWidgetExtension.swiftmodule/arm64-apple-macos.abi.json /tmp/MYR175-Classify-Candidate-Mac/Build/Intermediates.noindex/MyRAM.build/Debug/MyRAMMacWidgetExtension.build/Objects-normal/arm64/MyRAMMacWidgetExtension.abi.json (in target 'MyRAMMacWidgetExtension' from project 'MyRAM')
    cd /Users/runner/work/MyRAM-iOS/MyRAM-iOS/Candidate
    builtin-copy -exclude .DS_Store -exclude CVS -exclude .svn -exclude .git -exclude .hg -resolve-src-symlinks -rename /tmp/MYR175-Classify-Candidate-Mac/Build/Intermediates.noindex/MyRAM.build/Debug/MyRAMMacWidgetExtension.build/Objects-normal/arm64/MyRAMMacWidgetExtension.abi.json /tmp/MYR175-Classify-Candidate-Mac/Build/Products/Debug/MyRAMMacWidgetExtension.swiftmodule/arm64-apple-macos.abi.json

Copy /tmp/MYR175-Classify-Candidate-Mac/Build/Products/Debug/MyRAMMacWidgetExtension.swiftmodule/Project/arm64-apple-macos.swiftsourceinfo /tmp/MYR175-Classify-Candidate-Mac/Build/Intermediates.noindex/MyRAM.build/Debug/MyRAMMacWidgetExtension.build/Objects-normal/arm64/MyRAMMacWidgetExtension.swiftsourceinfo (in target 'MyRAMMacWidgetExtension' from project 'MyRAM')
    cd /Users/runner/work/MyRAM-iOS/MyRAM-iOS/Candidate
    builtin-copy -exclude .DS_Store -exclude CVS -exclude .svn -exclude .git -exclude .hg -resolve-src-symlinks -rename /tmp/MYR175-Classify-Candidate-Mac/Build/Intermediates.noindex/MyRAM.build/Debug/MyRAMMacWidgetExtension.build/Objects-normal/arm64/MyRAMMacWidgetExtension.swiftsourceinfo /tmp/MYR175-Classify-Candidate-Mac/Build/Products/Debug/MyRAMMacWidgetExtension.swiftmodule/Project/arm64-apple-macos.swiftsourceinfo

Ld /tmp/MYR175-Classify-Candidate-Mac/Build/Products/Debug/AnchoredSequenceCore.o normal (in target 'AnchoredSequenceCore' from project 'AnchoredSequenceCore')
    cd /Users/runner/work/MyRAM-iOS/MyRAM-iOS/Candidate/Packages/AnchoredSequenceCore
    /Applications/Xcode_26.5.app/Contents/Developer/Toolchains/XcodeDefault.xctoolchain/usr/bin/clang -Xlinker -reproducible -target arm64-apple-macos13.0 -r -isysroot /Applications/Xcode_26.5.app/Contents/Developer/Platforms/MacOSX.platform/Developer/SDKs/MacOSX26.5.sdk -O0 -w -F/tmp/MYR175-Classify-Candidate-Mac/Build/Intermediates.noindex/EagerLinkingTBDs/Debug -F/tmp/MYR175-Classify-Candidate-Mac/Build/Products/Debug -iframework /Applications/Xcode_26.5.app/Contents/Developer/Platforms/MacOSX.platform/Developer/Library/Frameworks -filelist /tmp/MYR175-Classify-Candidate-Mac/Build/Intermediates.noindex/AnchoredSequenceCore.build/Debug/AnchoredSequenceCore.build/Objects-normal/arm64/AnchoredSequenceCore.LinkFileList -nostdlib -Xlinker -object_path_lto -Xlinker /tmp/MYR175-Classify-Candidate-Mac/Build/Intermediates.noindex/AnchoredSequenceCore.build/Debug/AnchoredSequenceCore.build/Objects-normal/arm64/AnchoredSequenceCore_lto.o -Xlinker -no_deduplicate -Xlinker -dependency_info -Xlinker /tmp/MYR175-Classify-Candidate-Mac/Build/Intermediates.noindex/AnchoredSequenceCore.build/Debug/AnchoredSequenceCore.build/Objects-normal/arm64/AnchoredSequenceCore_dependency_info.dat -fobjc-link-runtime -L/Applications/Xcode_26.5.app/Contents/Developer/Toolchains/XcodeDefault.xctoolchain/usr/lib/swift/macosx -L/usr/lib/swift -Xlinker -add_ast_path -Xlinker /tmp/MYR175-Classify-Candidate-Mac/Build/Intermediates.noindex/AnchoredSequenceCore.build/Debug/AnchoredSequenceCore.build/Objects-normal/arm64/AnchoredSequenceCore.swiftmodule @/tmp/MYR175-Classify-Candidate-Mac/Build/Intermediates.noindex/AnchoredSequenceCore.build/Debug/AnchoredSequenceCore.build/Objects-normal/arm64/AnchoredSequenceCore-linker-args.resp -o /tmp/MYR175-Classify-Candidate-Mac/Build/Products/Debug/AnchoredSequenceCore.o

SwiftDriverJobDiscovery normal arm64 Compiling MyRAMWidgetSnapshot.swift, MyRAMWidgetDeepLink.swift, MyRAMMacWidget.swift (in target 'MyRAMMacWidgetExtension' from project 'MyRAM')

ProcessProductPackaging /Users/runner/work/MyRAM-iOS/MyRAM-iOS/Candidate/MyRAMMac.entitlements /tmp/MYR175-Classify-Candidate-Mac/Build/Intermediates.noindex/MyRAM.build/Debug/MyRAMMac.build/MyRAMMac.app.xcent (in target 'MyRAMMac' from project 'MyRAM')
    cd /Users/runner/work/MyRAM-iOS/MyRAM-iOS/Candidate
    
    Entitlements:
    
    {
    "com.apple.security.application-groups" =     (
        "group.com.northsignalstudio.myram.mac.dev.widget"
    );
    "com.apple.security.get-task-allow" = 1;
}
    
    builtin-productPackagingUtility /Users/runner/work/MyRAM-iOS/MyRAM-iOS/Candidate/MyRAMMac.entitlements -entitlements -format xml -o /tmp/MYR175-Classify-Candidate-Mac/Build/Intermediates.noindex/MyRAM.build/Debug/MyRAMMac.build/MyRAMMac.app.xcent

ProcessProductPackagingDER /tmp/MYR175-Classify-Candidate-Mac/Build/Intermediates.noindex/MyRAM.build/Debug/MyRAMMac.build/MyRAMMac.app.xcent /tmp/MYR175-Classify-Candidate-Mac/Build/Intermediates.noindex/MyRAM.build/Debug/MyRAMMac.build/MyRAMMac.app.xcent.der (in target 'MyRAMMac' from project 'MyRAM')
    cd /Users/runner/work/MyRAM-iOS/MyRAM-iOS/Candidate
    /usr/bin/derq query -f xml -i /tmp/MYR175-Classify-Candidate-Mac/Build/Intermediates.noindex/MyRAM.build/Debug/MyRAMMac.build/MyRAMMac.app.xcent -o /tmp/MYR175-Classify-Candidate-Mac/Build/Intermediates.noindex/MyRAM.build/Debug/MyRAMMac.build/MyRAMMac.app.xcent.der --raw

RegisterExecutionPolicyException /tmp/MYR175-Classify-Candidate-Mac/Build/Products/Debug/NearbySyncCore.o (in target 'NearbySyncCore' from project 'NearbySyncCore')
    cd /Users/runner/work/MyRAM-iOS/MyRAM-iOS/NearbySyncCore
    builtin-RegisterExecutionPolicyException /tmp/MYR175-Classify-Candidate-Mac/Build/Products/Debug/NearbySyncCore.o

ExtractAppIntentsMetadata (in target 'AnchoredSequenceCore' from project 'AnchoredSequenceCore')
    cd /Users/runner/work/MyRAM-iOS/MyRAM-iOS/Candidate/Packages/AnchoredSequenceCore
    /Applications/Xcode_26.5.app/Contents/Developer/Toolchains/XcodeDefault.xctoolchain/usr/bin/appintentsmetadataprocessor --toolchain-dir /var/run/com.apple.security.cryptexd/mnt/com.apple.MobileAsset.MetalToolchain-v17.6.42.0.es00zl/Metal.xctoolchain --module-name AnchoredSequenceCore --sdk-root /Applications/Xcode_26.5.app/Contents/Developer/Platforms/MacOSX.platform/Developer/SDKs/MacOSX26.5.sdk --xcode-version 17F42 --platform-family macOS --deployment-target 13.0 --bundle-identifier anchoredsequencecore.AnchoredSequenceCore --output /tmp/MYR175-Classify-Candidate-Mac/Build/Products/Debug/AnchoredSequenceCore.appintents --target-triple arm64-apple-macos13.0 --binary-file /tmp/MYR175-Classify-Candidate-Mac/Build/Products/Debug/AnchoredSequenceCore.o --dependency-file /tmp/MYR175-Classify-Candidate-Mac/Build/Intermediates.noindex/AnchoredSequenceCore.build/Debug/AnchoredSequenceCore.build/Objects-normal/arm64/AnchoredSequenceCore_dependency_info.dat --stringsdata-file /tmp/MYR175-Classify-Candidate-Mac/Build/Intermediates.noindex/AnchoredSequenceCore.build/Debug/AnchoredSequenceCore.build/Objects-normal/arm64/ExtractedAppShortcutsMetadata.stringsdata --source-file-list /tmp/MYR175-Classify-Candidate-Mac/Build/Intermediates.noindex/AnchoredSequenceCore.build/Debug/AnchoredSequenceCore.build/Objects-normal/arm64/AnchoredSequenceCore.SwiftFileList --metadata-file-list /tmp/MYR175-Classify-Candidate-Mac/Build/Intermediates.noindex/AnchoredSequenceCore.build/Debug/AnchoredSequenceCore.build/AnchoredSequenceCore.DependencyMetadataFileList --static-metadata-file-list /tmp/MYR175-Classify-Candidate-Mac/Build/Intermediates.noindex/AnchoredSequenceCore.build/Debug/AnchoredSequenceCore.build/AnchoredSequenceCore.DependencyStaticMetadataFileList --swift-const-vals-list /tmp/MYR175-Classify-Candidate-Mac/Build/Intermediates.noindex/AnchoredSequenceCore.build/Debug/AnchoredSequenceCore.build/Objects-normal/arm64/AnchoredSequenceCore.SwiftConstValuesFileList --force --compile-time-extraction --deployment-aware-processing --validate-assistant-intents --no-app-shortcuts-localization
2026-08-04 15:30:43.423 appintentsmetadataprocessor[3340:13693] Starting appintentsmetadataprocessor export
2026-08-04 15:30:43.445 appintentsmetadataprocessor[3340:13693] Extracted no relevant App Intents symbols, skipping writing output

MkDir /tmp/MYR175-Classify-Candidate-Mac/Build/Intermediates.noindex/MyRAM.build/Debug/MyRAMMac.build/assetcatalog_output/unthinned (in target 'MyRAMMac' from project 'MyRAM')
    cd /Users/runner/work/MyRAM-iOS/MyRAM-iOS/Candidate
    /bin/mkdir -p /tmp/MYR175-Classify-Candidate-Mac/Build/Intermediates.noindex/MyRAM.build/Debug/MyRAMMac.build/assetcatalog_output/unthinned

MkDir /tmp/MYR175-Classify-Candidate-Mac/Build/Intermediates.noindex/MyRAM.build/Debug/MyRAMMac.build/assetcatalog_output/thinned (in target 'MyRAMMac' from project 'MyRAM')
    cd /Users/runner/work/MyRAM-iOS/MyRAM-iOS/Candidate
    /bin/mkdir -p /tmp/MYR175-Classify-Candidate-Mac/Build/Intermediates.noindex/MyRAM.build/Debug/MyRAMMac.build/assetcatalog_output/thinned

GenerateAssetSymbols /Users/runner/work/MyRAM-iOS/MyRAM-iOS/Candidate/MyRAM/Assets.xcassets (in target 'MyRAMMac' from project 'MyRAM')
    cd /Users/runner/work/MyRAM-iOS/MyRAM-iOS/Candidate
    /Applications/Xcode_26.5.app/Contents/Developer/usr/bin/actool /Users/runner/work/MyRAM-iOS/MyRAM-iOS/Candidate/MyRAM/Assets.xcassets --compile /tmp/MYR175-Classify-Candidate-Mac/Build/Products/Debug/MyRAMMac.app/Contents/Resources --output-format human-readable-text --notices --warnings --export-dependency-info /tmp/MYR175-Classify-Candidate-Mac/Build/Intermediates.noindex/MyRAM.build/Debug/MyRAMMac.build/assetcatalog_dependencies --output-partial-info-plist /tmp/MYR175-Classify-Candidate-Mac/Build/Intermediates.noindex/MyRAM.build/Debug/MyRAMMac.build/assetcatalog_generated_info.plist --app-icon AppIcon --enable-on-demand-resources NO --development-region en --target-device mac --minimum-deployment-target 14.0 --platform macosx --bundle-identifier com.northsignalstudio.myram.mac.dev --generate-swift-asset-symbols /tmp/MYR175-Classify-Candidate-Mac/Build/Intermediates.noindex/MyRAM.build/Debug/MyRAMMac.build/DerivedSources/GeneratedAssetSymbols.swift --generate-objc-asset-symbols /tmp/MYR175-Classify-Candidate-Mac/Build/Intermediates.noindex/MyRAM.build/Debug/MyRAMMac.build/DerivedSources/GeneratedAssetSymbols.h --generate-asset-symbol-index /tmp/MYR175-Classify-Candidate-Mac/Build/Intermediates.noindex/MyRAM.build/Debug/MyRAMMac.build/DerivedSources/GeneratedAssetSymbols-Index.plist
/* com.apple.actool.compilation-results */
/tmp/MYR175-Classify-Candidate-Mac/Build/Intermediates.noindex/MyRAM.build/Debug/MyRAMMac.build/DerivedSources/GeneratedAssetSymbols-Index.plist
/tmp/MYR175-Classify-Candidate-Mac/Build/Intermediates.noindex/MyRAM.build/Debug/MyRAMMac.build/DerivedSources/GeneratedAssetSymbols.h
/tmp/MYR175-Classify-Candidate-Mac/Build/Intermediates.noindex/MyRAM.build/Debug/MyRAMMac.build/DerivedSources/GeneratedAssetSymbols.swift


CompileAssetCatalogVariant thinned /tmp/MYR175-Classify-Candidate-Mac/Build/Products/Debug/MyRAMMac.app/Contents/Resources /Users/runner/work/MyRAM-iOS/MyRAM-iOS/Candidate/MyRAM/Assets.xcassets (in target 'MyRAMMac' from project 'MyRAM')
    cd /Users/runner/work/MyRAM-iOS/MyRAM-iOS/Candidate
    /Applications/Xcode_26.5.app/Contents/Developer/usr/bin/actool /Users/runner/work/MyRAM-iOS/MyRAM-iOS/Candidate/MyRAM/Assets.xcassets --compile /tmp/MYR175-Classify-Candidate-Mac/Build/Intermediates.noindex/MyRAM.build/Debug/MyRAMMac.build/assetcatalog_output/thinned --output-format human-readable-text --notices --warnings --export-dependency-info /tmp/MYR175-Classify-Candidate-Mac/Build/Intermediates.noindex/MyRAM.build/Debug/MyRAMMac.build/assetcatalog_dependencies_thinned --output-partial-info-plist /tmp/MYR175-Classify-Candidate-Mac/Build/Intermediates.noindex/MyRAM.build/Debug/MyRAMMac.build/assetcatalog_generated_info.plist_thinned --app-icon AppIcon --enable-on-demand-resources NO --development-region en --target-device mac --minimum-deployment-target 14.0 --platform macosx
/* com.apple.actool.compilation-results */
/tmp/MYR175-Classify-Candidate-Mac/Build/Intermediates.noindex/MyRAM.build/Debug/MyRAMMac.build/assetcatalog_generated_info.plist_thinned
/tmp/MYR175-Classify-Candidate-Mac/Build/Intermediates.noindex/MyRAM.build/Debug/MyRAMMac.build/assetcatalog_output/thinned/AppIcon.icns
/tmp/MYR175-Classify-Candidate-Mac/Build/Intermediates.noindex/MyRAM.build/Debug/MyRAMMac.build/assetcatalog_output/thinned/Assets.car


SwiftDriverJobDiscovery normal arm64 Compiling MyRAMMacWidgetBundle.swift, MyRAMWidgetRuntimeConfiguration.swift, MyRAMWidgetContentSelectionPolicy.swift (in target 'MyRAMMacWidgetExtension' from project 'MyRAM')

SwiftDriver\ Compilation MyRAMMacWidgetExtension normal arm64 com.apple.xcode.tools.swift.compiler (in target 'MyRAMMacWidgetExtension' from project 'MyRAM')
    cd /Users/runner/work/MyRAM-iOS/MyRAM-iOS/Candidate
    builtin-Swift-Compilation -- /Applications/Xcode_26.5.app/Contents/Developer/Toolchains/XcodeDefault.xctoolchain/usr/bin/swiftc -module-name MyRAMMacWidgetExtension -Onone @/tmp/MYR175-Classify-Candidate-Mac/Build/Intermediates.noindex/MyRAM.build/Debug/MyRAMMacWidgetExtension.build/Objects-normal/arm64/MyRAMMacWidgetExtension.SwiftFileList -DDEBUG -enable-bare-slash-regex -enable-upcoming-feature DisableOutwardActorInference -enable-upcoming-feature InferSendableFromCaptures -enable-upcoming-feature GlobalActorIsolatedTypesUsability -enable-upcoming-feature MemberImportVisibility -enable-upcoming-feature InferIsolatedConformances -enable-upcoming-feature NonisolatedNonsendingByDefault -enable-experimental-feature DebugDescriptionMacro -sdk /Applications/Xcode_26.5.app/Contents/Developer/Platforms/MacOSX.platform/Developer/SDKs/MacOSX26.5.sdk -target arm64-apple-macos14.0 -g -module-cache-path /tmp/MYR175-Classify-Candidate-Mac/ModuleCache.noindex -Xfrontend -serialize-debugging-options -application-extension -enable-testing -index-store-path /tmp/MYR175-Classify-Candidate-Mac/Index.noindex/DataStore -Xcc -D_LIBCPP_HARDENING_MODE\=_LIBCPP_HARDENING_MODE_DEBUG -swift-version 5 -I /tmp/MYR175-Classify-Candidate-Mac/Build/Products/Debug -F /tmp/MYR175-Classify-Candidate-Mac/Build/Products/Debug -emit-localized-strings -emit-localized-strings-path /tmp/MYR175-Classify-Candidate-Mac/Build/Intermediates.noindex/MyRAM.build/Debug/MyRAMMacWidgetExtension.build/Objects-normal/arm64 -c -j3 -enable-batch-mode -incremental -Xcc -ivfsstatcache -Xcc /tmp/MYR175-Classify-Candidate-Mac/SDKStatCaches.noindex/macosx26.5-25F70-688ef53f1462e2c8f657fdc38a81448f3599ee76dc2a8020dfcb4b41ead48a8c.sdkstatcache -output-file-map /tmp/MYR175-Classify-Candidate-Mac/Build/Intermediates.noindex/MyRAM.build/Debug/MyRAMMacWidgetExtension.build/Objects-normal/arm64/MyRAMMacWidgetExtension-OutputFileMap.json -use-frontend-parseable-output -save-temps -no-color-diagnostics -explicit-module-build -module-cache-path /tmp/MYR175-Classify-Candidate-Mac/Build/Intermediates.noindex/SwiftExplicitPrecompiledModules -clang-scanner-module-cache-path /tmp/MYR175-Classify-Candidate-Mac/ModuleCache.noindex -sdk-module-cache-path /tmp/MYR175-Classify-Candidate-Mac/ModuleCache.noindex -serialize-diagnostics -emit-dependencies -emit-module -emit-module-path /tmp/MYR175-Classify-Candidate-Mac/Build/Intermediates.noindex/MyRAM.build/Debug/MyRAMMacWidgetExtension.build/Objects-normal/arm64/MyRAMMacWidgetExtension.swiftmodule -validate-clang-modules-once -clang-build-session-file /tmp/MYR175-Classify-Candidate-Mac/ModuleCache.noindex/Session.modulevalidation -Xcc -I/tmp/MYR175-Classify-Candidate-Mac/Build/Intermediates.noindex/MyRAM.build/Debug/MyRAMMacWidgetExtension.build/swift-overrides.hmap -emit-const-values -Xfrontend -const-gather-protocols-file -Xfrontend /tmp/MYR175-Classify-Candidate-Mac/Build/Intermediates.noindex/MyRAM.build/Debug/MyRAMMacWidgetExtension.build/Objects-normal/arm64/MyRAMMacWidgetExtension_const_extract_protocols.json -Xcc -iquote -Xcc /tmp/MYR175-Classify-Candidate-Mac/Build/Intermediates.noindex/MyRAM.build/Debug/MyRAMMacWidgetExtension.build/MyRAMMacWidgetExtension-generated-files.hmap -Xcc -I/tmp/MYR175-Classify-Candidate-Mac/Build/Intermediates.noindex/MyRAM.build/Debug/MyRAMMacWidgetExtension.build/MyRAMMacWidgetExtension-own-target-headers.hmap -Xcc -I/tmp/MYR175-Classify-Candidate-Mac/Build/Intermediates.noindex/MyRAM.build/Debug/MyRAMMacWidgetExtension.build/MyRAMMacWidgetExtension-all-non-framework-target-headers.hmap -Xcc -ivfsoverlay -Xcc /tmp/MYR175-Classify-Candidate-Mac/Build/Intermediates.noindex/MyRAM.build/Debug/MyRAM-98a9cbde253e8e955bc92731eb290203-VFS/all-product-headers.yaml -Xcc -iquote -Xcc /tmp/MYR175-Classify-Candidate-Mac/Build/Intermediates.noindex/MyRAM.build/Debug/MyRAMMacWidgetExtension.build/MyRAMMacWidgetExtension-project-headers.hmap -Xcc -I/tmp/MYR175-Classify-Candidate-Mac/Build/Products/Debug/include -Xcc -I/tmp/MYR175-Classify-Candidate-Mac/Build/Intermediates.noindex/MyRAM.build/Debug/MyRAMMacWidgetExtension.build/DerivedSources-normal/arm64 -Xcc -I/tmp/MYR175-Classify-Candidate-Mac/Build/Intermediates.noindex/MyRAM.build/Debug/MyRAMMacWidgetExtension.build/DerivedSources/arm64 -Xcc -I/tmp/MYR175-Classify-Candidate-Mac/Build/Intermediates.noindex/MyRAM.build/Debug/MyRAMMacWidgetExtension.build/DerivedSources -Xcc -DDEBUG\=1 -emit-objc-header -emit-objc-header-path /tmp/MYR175-Classify-Candidate-Mac/Build/Intermediates.noindex/MyRAM.build/Debug/MyRAMMacWidgetExtension.build/Objects-normal/arm64/MyRAMMacWidgetExtension-Swift.h -working-directory /Users/runner/work/MyRAM-iOS/MyRAM-iOS/Candidate -experimental-emit-module-separately -disable-cmo

SwiftDriver MyRAMMac normal arm64 com.apple.xcode.tools.swift.compiler (in target 'MyRAMMac' from project 'MyRAM')
    cd /Users/runner/work/MyRAM-iOS/MyRAM-iOS/Candidate
    builtin-SwiftDriver -- /Applications/Xcode_26.5.app/Contents/Developer/Toolchains/XcodeDefault.xctoolchain/usr/bin/swiftc -module-name MyRAMMac -Onone @/tmp/MYR175-Classify-Candidate-Mac/Build/Intermediates.noindex/MyRAM.build/Debug/MyRAMMac.build/Objects-normal/arm64/MyRAMMac.SwiftFileList -DDEBUG -enable-bare-slash-regex -enable-experimental-feature DebugDescriptionMacro -sdk /Applications/Xcode_26.5.app/Contents/Developer/Platforms/MacOSX.platform/Developer/SDKs/MacOSX26.5.sdk -target arm64-apple-macos14.0 -g -module-cache-path /tmp/MYR175-Classify-Candidate-Mac/ModuleCache.noindex -Xfrontend -serialize-debugging-options -enable-testing -index-store-path /tmp/MYR175-Classify-Candidate-Mac/Index.noindex/DataStore -Xcc -D_LIBCPP_HARDENING_MODE\=_LIBCPP_HARDENING_MODE_DEBUG -swift-version 5 -I /tmp/MYR175-Classify-Candidate-Mac/Build/Products/Debug -F /tmp/MYR175-Classify-Candidate-Mac/Build/Products/Debug/PackageFrameworks -F /tmp/MYR175-Classify-Candidate-Mac/Build/Products/Debug/PackageFrameworks -F /tmp/MYR175-Classify-Candidate-Mac/Build/Products/Debug -emit-localized-strings -emit-localized-strings-path /tmp/MYR175-Classify-Candidate-Mac/Build/Intermediates.noindex/MyRAM.build/Debug/MyRAMMac.build/Objects-normal/arm64 -c -j3 -enable-batch-mode -incremental -Xcc -ivfsstatcache -Xcc /tmp/MYR175-Classify-Candidate-Mac/SDKStatCaches.noindex/macosx26.5-25F70-688ef53f1462e2c8f657fdc38a81448f3599ee76dc2a8020dfcb4b41ead48a8c.sdkstatcache -output-file-map /tmp/MYR175-Classify-Candidate-Mac/Build/Intermediates.noindex/MyRAM.build/Debug/MyRAMMac.build/Objects-normal/arm64/MyRAMMac-OutputFileMap.json -use-frontend-parseable-output -save-temps -no-color-diagnostics -explicit-module-build -module-cache-path /tmp/MYR175-Classify-Candidate-Mac/Build/Intermediates.noindex/SwiftExplicitPrecompiledModules -clang-scanner-module-cache-path /tmp/MYR175-Classify-Candidate-Mac/ModuleCache.noindex -sdk-module-cache-path /tmp/MYR175-Classify-Candidate-Mac/ModuleCache.noindex -serialize-diagnostics -emit-dependencies -emit-module -emit-module-path /tmp/MYR175-Classify-Candidate-Mac/Build/Intermediates.noindex/MyRAM.build/Debug/MyRAMMac.build/Objects-normal/arm64/MyRAMMac.swiftmodule -validate-clang-modules-once -clang-build-session-file /tmp/MYR175-Classify-Candidate-Mac/ModuleCache.noindex/Session.modulevalidation -Xcc -I/tmp/MYR175-Classify-Candidate-Mac/Build/Intermediates.noindex/MyRAM.build/Debug/MyRAMMac.build/swift-overrides.hmap -emit-const-values -Xfrontend -const-gather-protocols-file -Xfrontend /tmp/MYR175-Classify-Candidate-Mac/Build/Intermediates.noindex/MyRAM.build/Debug/MyRAMMac.build/Objects-normal/arm64/MyRAMMac_const_extract_protocols.json -Xcc -iquote -Xcc /tmp/MYR175-Classify-Candidate-Mac/Build/Intermediates.noindex/MyRAM.build/Debug/MyRAMMac.build/MyRAMMac-generated-files.hmap -Xcc -I/tmp/MYR175-Classify-Candidate-Mac/Build/Intermediates.noindex/MyRAM.build/Debug/MyRAMMac.build/MyRAMMac-own-target-headers.hmap -Xcc -I/tmp/MYR175-Classify-Candidate-Mac/Build/Intermediates.noindex/MyRAM.build/Debug/MyRAMMac.build/MyRAMMac-all-non-framework-target-headers.hmap -Xcc -ivfsoverlay -Xcc /tmp/MYR175-Classify-Candidate-Mac/Build/Intermediates.noindex/MyRAM.build/Debug/MyRAM-98a9cbde253e8e955bc92731eb290203-VFS/all-product-headers.yaml -Xcc -iquote -Xcc /tmp/MYR175-Classify-Candidate-Mac/Build/Intermediates.noindex/MyRAM.build/Debug/MyRAMMac.build/MyRAMMac-project-headers.hmap -Xcc -I/tmp/MYR175-Classify-Candidate-Mac/Build/Products/Debug/include -Xcc -I/tmp/MYR175-Classify-Candidate-Mac/Build/Intermediates.noindex/MyRAM.build/Debug/MyRAMMac.build/DerivedSources-normal/arm64 -Xcc -I/tmp/MYR175-Classify-Candidate-Mac/Build/Intermediates.noindex/MyRAM.build/Debug/MyRAMMac.build/DerivedSources/arm64 -Xcc -I/tmp/MYR175-Classify-Candidate-Mac/Build/Intermediates.noindex/MyRAM.build/Debug/MyRAMMac.build/DerivedSources -Xcc -DDEBUG\=1 -emit-objc-header -emit-objc-header-path /tmp/MYR175-Classify-Candidate-Mac/Build/Intermediates.noindex/MyRAM.build/Debug/MyRAMMac.build/Objects-normal/arm64/MyRAMMac-Swift.h -working-directory /Users/runner/work/MyRAM-iOS/MyRAM-iOS/Candidate -experimental-emit-module-separately -disable-cmo

Ld /tmp/MYR175-Classify-Candidate-Mac/Build/Products/Debug/MyRAMMacWidgetExtension.appex/Contents/MacOS/MyRAMMacWidgetExtension.debug.dylib normal (in target 'MyRAMMacWidgetExtension' from project 'MyRAM')
    cd /Users/runner/work/MyRAM-iOS/MyRAM-iOS/Candidate
    /Applications/Xcode_26.5.app/Contents/Developer/Toolchains/XcodeDefault.xctoolchain/usr/bin/clang -Xlinker -reproducible -target arm64-apple-macos14.0 -dynamiclib -isysroot /Applications/Xcode_26.5.app/Contents/Developer/Platforms/MacOSX.platform/Developer/SDKs/MacOSX26.5.sdk -O0 -L/tmp/MYR175-Classify-Candidate-Mac/Build/Intermediates.noindex/EagerLinkingTBDs/Debug -L/tmp/MYR175-Classify-Candidate-Mac/Build/Products/Debug -F/tmp/MYR175-Classify-Candidate-Mac/Build/Intermediates.noindex/EagerLinkingTBDs/Debug -F/tmp/MYR175-Classify-Candidate-Mac/Build/Products/Debug -filelist /tmp/MYR175-Classify-Candidate-Mac/Build/Intermediates.noindex/MyRAM.build/Debug/MyRAMMacWidgetExtension.build/Objects-normal/arm64/MyRAMMacWidgetExtension.LinkFileList -install_name @rpath/MyRAMMacWidgetExtension.debug.dylib -Xlinker -rpath -Xlinker /usr/lib/swift -Xlinker -rpath -Xlinker @executable_path/../Frameworks -Xlinker -rpath -Xlinker @executable_path/../../../../Frameworks -Xlinker -object_path_lto -Xlinker /tmp/MYR175-Classify-Candidate-Mac/Build/Intermediates.noindex/MyRAM.build/Debug/MyRAMMacWidgetExtension.build/Objects-normal/arm64/MyRAMMacWidgetExtension_lto.o -rdynamic -Xlinker -no_deduplicate -Xlinker -dependency_info -Xlinker /tmp/MYR175-Classify-Candidate-Mac/Build/Intermediates.noindex/MyRAM.build/Debug/MyRAMMacWidgetExtension.build/Objects-normal/arm64/MyRAMMacWidgetExtension_dependency_info.dat -fapplication-extension -fobjc-link-runtime -L/Applications/Xcode_26.5.app/Contents/Developer/Toolchains/XcodeDefault.xctoolchain/usr/lib/swift/macosx -L/usr/lib/swift -Xlinker -add_ast_path -Xlinker /tmp/MYR175-Classify-Candidate-Mac/Build/Intermediates.noindex/MyRAM.build/Debug/MyRAMMacWidgetExtension.build/Objects-normal/arm64/MyRAMMacWidgetExtension.swiftmodule @/tmp/MYR175-Classify-Candidate-Mac/Build/Intermediates.noindex/MyRAM.build/Debug/MyRAMMacWidgetExtension.build/Objects-normal/arm64/MyRAMMacWidgetExtension-linker-args.resp -Xlinker -alias -Xlinker _NSExtensionMain -Xlinker ___debug_main_executable_dylib_entry_point -framework SwiftUI -framework WidgetKit -Xlinker -no_adhoc_codesign -o /tmp/MYR175-Classify-Candidate-Mac/Build/Products/Debug/MyRAMMacWidgetExtension.appex/Contents/MacOS/MyRAMMacWidgetExtension.debug.dylib

ConstructStubExecutorLinkFileList /tmp/MYR175-Classify-Candidate-Mac/Build/Intermediates.noindex/MyRAM.build/Debug/MyRAMMacWidgetExtension.build/MyRAMMacWidgetExtension-ExecutorLinkFileList-normal-arm64.txt (in target 'MyRAMMacWidgetExtension' from project 'MyRAM')
    cd /Users/runner/work/MyRAM-iOS/MyRAM-iOS/Candidate
    construct-stub-executor-link-file-list /tmp/MYR175-Classify-Candidate-Mac/Build/Products/Debug/MyRAMMacWidgetExtension.appex/Contents/MacOS/MyRAMMacWidgetExtension.debug.dylib /Applications/Xcode_26.5.app/Contents/Developer/Platforms/MacOSX.platform/Developer/usr/lib/libPreviewsJITStubExecutor_no_swift_entry_point.a /Applications/Xcode_26.5.app/Contents/Developer/Platforms/MacOSX.platform/Developer/usr/lib/libPreviewsJITStubExecutor.a --output /tmp/MYR175-Classify-Candidate-Mac/Build/Intermediates.noindex/MyRAM.build/Debug/MyRAMMacWidgetExtension.build/MyRAMMacWidgetExtension-ExecutorLinkFileList-normal-arm64.txt
note: Using stub executor library with Swift entry point. (in target 'MyRAMMacWidgetExtension' from project 'MyRAM')

Ld /tmp/MYR175-Classify-Candidate-Mac/Build/Products/Debug/MyRAMMacWidgetExtension.appex/Contents/MacOS/MyRAMMacWidgetExtension normal (in target 'MyRAMMacWidgetExtension' from project 'MyRAM')
    cd /Users/runner/work/MyRAM-iOS/MyRAM-iOS/Candidate
    /Applications/Xcode_26.5.app/Contents/Developer/Toolchains/XcodeDefault.xctoolchain/usr/bin/clang -Xlinker -reproducible -target arm64-apple-macos14.0 -isysroot /Applications/Xcode_26.5.app/Contents/Developer/Platforms/MacOSX.platform/Developer/SDKs/MacOSX26.5.sdk -O0 -L/tmp/MYR175-Classify-Candidate-Mac/Build/Products/Debug -F/tmp/MYR175-Classify-Candidate-Mac/Build/Products/Debug -Xlinker -rpath -Xlinker @executable_path -Xlinker -rpath -Xlinker @executable_path/../Frameworks -Xlinker -rpath -Xlinker @executable_path/../../../../Frameworks -rdynamic -Xlinker -no_deduplicate -e ___debug_blank_executor_main -Xlinker -sectcreate -Xlinker __TEXT -Xlinker __debug_dylib -Xlinker /tmp/MYR175-Classify-Candidate-Mac/Build/Intermediates.noindex/MyRAM.build/Debug/MyRAMMacWidgetExtension.build/MyRAMMacWidgetExtension-DebugDylibPath-normal-arm64.txt -Xlinker -sectcreate -Xlinker __TEXT -Xlinker __debug_entry -Xlinker /tmp/MYR175-Classify-Candidate-Mac/Build/Intermediates.noindex/MyRAM.build/Debug/MyRAMMacWidgetExtension.build/MyRAMMacWidgetExtension-DebugEntryPoint-normal-arm64.txt -Xlinker -sectcreate -Xlinker __TEXT -Xlinker __debug_instlnm -Xlinker /tmp/MYR175-Classify-Candidate-Mac/Build/Intermediates.noindex/MyRAM.build/Debug/MyRAMMacWidgetExtension.build/MyRAMMacWidgetExtension-DebugDylibInstallName-normal-arm64.txt -Xlinker -filelist -Xlinker /tmp/MYR175-Classify-Candidate-Mac/Build/Intermediates.noindex/MyRAM.build/Debug/MyRAMMacWidgetExtension.build/MyRAMMacWidgetExtension-ExecutorLinkFileList-normal-arm64.txt /tmp/MYR175-Classify-Candidate-Mac/Build/Products/Debug/MyRAMMacWidgetExtension.appex/Contents/MacOS/MyRAMMacWidgetExtension.debug.dylib -Xlinker -no_adhoc_codesign -o /tmp/MYR175-Classify-Candidate-Mac/Build/Products/Debug/MyRAMMacWidgetExtension.appex/Contents/MacOS/MyRAMMacWidgetExtension

ExtractAppIntentsMetadata (in target 'MyRAMMacWidgetExtension' from project 'MyRAM')
    cd /Users/runner/work/MyRAM-iOS/MyRAM-iOS/Candidate
    /Applications/Xcode_26.5.app/Contents/Developer/Toolchains/XcodeDefault.xctoolchain/usr/bin/appintentsmetadataprocessor --toolchain-dir /var/run/com.apple.security.cryptexd/mnt/com.apple.MobileAsset.MetalToolchain-v17.6.42.0.es00zl/Metal.xctoolchain --module-name MyRAMMacWidgetExtension --sdk-root /Applications/Xcode_26.5.app/Contents/Developer/Platforms/MacOSX.platform/Developer/SDKs/MacOSX26.5.sdk --xcode-version 17F42 --platform-family macOS --deployment-target 14.0 --bundle-identifier com.northsignalstudio.myram.mac.dev.widget --output /tmp/MYR175-Classify-Candidate-Mac/Build/Products/Debug/MyRAMMacWidgetExtension.appex/Contents/Resources --target-triple arm64-apple-macos14.0 --binary-file /tmp/MYR175-Classify-Candidate-Mac/Build/Products/Debug/MyRAMMacWidgetExtension.appex/Contents/MacOS/MyRAMMacWidgetExtension --dependency-file /tmp/MYR175-Classify-Candidate-Mac/Build/Intermediates.noindex/MyRAM.build/Debug/MyRAMMacWidgetExtension.build/Objects-normal/arm64/MyRAMMacWidgetExtension_dependency_info.dat --stringsdata-file /tmp/MYR175-Classify-Candidate-Mac/Build/Intermediates.noindex/MyRAM.build/Debug/MyRAMMacWidgetExtension.build/Objects-normal/arm64/ExtractedAppShortcutsMetadata.stringsdata --source-file-list /tmp/MYR175-Classify-Candidate-Mac/Build/Intermediates.noindex/MyRAM.build/Debug/MyRAMMacWidgetExtension.build/Objects-normal/arm64/MyRAMMacWidgetExtension.SwiftFileList --metadata-file-list /tmp/MYR175-Classify-Candidate-Mac/Build/Intermediates.noindex/MyRAM.build/Debug/MyRAMMacWidgetExtension.build/MyRAMMacWidgetExtension.DependencyMetadataFileList --static-metadata-file-list /tmp/MYR175-Classify-Candidate-Mac/Build/Intermediates.noindex/MyRAM.build/Debug/MyRAMMacWidgetExtension.build/MyRAMMacWidgetExtension.DependencyStaticMetadataFileList --swift-const-vals-list /tmp/MYR175-Classify-Candidate-Mac/Build/Intermediates.noindex/MyRAM.build/Debug/MyRAMMacWidgetExtension.build/Objects-normal/arm64/MyRAMMacWidgetExtension.SwiftConstValuesFileList --compile-time-extraction --deployment-aware-processing --validate-assistant-intents --no-app-shortcuts-localization
2026-08-04 15:30:44.586 appintentsmetadataprocessor[3350:13781] Starting appintentsmetadataprocessor export
2026-08-04 15:30:44.605 appintentsmetadataprocessor[3350:13781] Extracted no relevant App Intents symbols, skipping writing output

CodeSign /tmp/MYR175-Classify-Candidate-Mac/Build/Products/Debug/MyRAMMacWidgetExtension.appex/Contents/MacOS/MyRAMMacWidgetExtension.debug.dylib (in target 'MyRAMMacWidgetExtension' from project 'MyRAM')
    cd /Users/runner/work/MyRAM-iOS/MyRAM-iOS/Candidate
    
    Signing Identity:     "Sign to Run Locally"
    
    /usr/bin/codesign --force --sign - --timestamp\=none --generate-entitlement-der /tmp/MYR175-Classify-Candidate-Mac/Build/Products/Debug/MyRAMMacWidgetExtension.appex/Contents/MacOS/MyRAMMacWidgetExtension.debug.dylib

RegisterExecutionPolicyException /tmp/MYR175-Classify-Candidate-Mac/Build/Products/Debug/AnchoredSequenceCore.o (in target 'AnchoredSequenceCore' from project 'AnchoredSequenceCore')
    cd /Users/runner/work/MyRAM-iOS/MyRAM-iOS/Candidate/Packages/AnchoredSequenceCore
    builtin-RegisterExecutionPolicyException /tmp/MYR175-Classify-Candidate-Mac/Build/Products/Debug/AnchoredSequenceCore.o

CodeSign /tmp/MYR175-Classify-Candidate-Mac/Build/Products/Debug/MyRAMMacWidgetExtension.appex/Contents/MacOS/__preview.dylib (in target 'MyRAMMacWidgetExtension' from project 'MyRAM')
    cd /Users/runner/work/MyRAM-iOS/MyRAM-iOS/Candidate
    
    Signing Identity:     "Sign to Run Locally"
    
    /usr/bin/codesign --force --sign - --timestamp\=none --generate-entitlement-der /tmp/MYR175-Classify-Candidate-Mac/Build/Products/Debug/MyRAMMacWidgetExtension.appex/Contents/MacOS/__preview.dylib

CodeSign /tmp/MYR175-Classify-Candidate-Mac/Build/Products/Debug/MyRAMMacWidgetExtension.appex (in target 'MyRAMMacWidgetExtension' from project 'MyRAM')
    cd /Users/runner/work/MyRAM-iOS/MyRAM-iOS/Candidate
    
    Signing Identity:     "Sign to Run Locally"
    
    /usr/bin/codesign --force --sign - --entitlements /tmp/MYR175-Classify-Candidate-Mac/Build/Intermediates.noindex/MyRAM.build/Debug/MyRAMMacWidgetExtension.build/MyRAMMacWidgetExtension.appex.xcent --timestamp\=none --generate-entitlement-der /tmp/MYR175-Classify-Candidate-Mac/Build/Products/Debug/MyRAMMacWidgetExtension.appex

RegisterExecutionPolicyException /tmp/MYR175-Classify-Candidate-Mac/Build/Products/Debug/MyRAMMacWidgetExtension.appex (in target 'MyRAMMacWidgetExtension' from project 'MyRAM')
    cd /Users/runner/work/MyRAM-iOS/MyRAM-iOS/Candidate
    builtin-RegisterExecutionPolicyException /tmp/MYR175-Classify-Candidate-Mac/Build/Products/Debug/MyRAMMacWidgetExtension.appex

ProcessInfoPlistFile /tmp/MYR175-Classify-Candidate-Mac/Build/Products/Debug/PackageFrameworks/AnchoredSequenceCore_-65B9EEE52AB2106_PackageProduct.framework/Versions/A/Resources/Info.plist /tmp/MYR175-Classify-Candidate-Mac/Build/Intermediates.noindex/AnchoredSequenceCore.build/Debug/AnchoredSequenceCore\ product.build/empty-AnchoredSequenceCore_-65B9EEE52AB2106_PackageProduct.plist (in target 'AnchoredSequenceCore' from project 'AnchoredSequenceCore')
    cd /Users/runner/work/MyRAM-iOS/MyRAM-iOS/Candidate/Packages/AnchoredSequenceCore
    builtin-infoPlistUtility /tmp/MYR175-Classify-Candidate-Mac/Build/Intermediates.noindex/AnchoredSequenceCore.build/Debug/AnchoredSequenceCore\ product.build/empty-AnchoredSequenceCore_-65B9EEE52AB2106_PackageProduct.plist -producttype com.apple.product-type.framework -expandbuildsettings -platform macosx -o /tmp/MYR175-Classify-Candidate-Mac/Build/Products/Debug/PackageFrameworks/AnchoredSequenceCore_-65B9EEE52AB2106_PackageProduct.framework/Versions/A/Resources/Info.plist

Ld /tmp/MYR175-Classify-Candidate-Mac/Build/Products/Debug/PackageFrameworks/AnchoredSequenceCore_-65B9EEE52AB2106_PackageProduct.framework/Versions/A/AnchoredSequenceCore_-65B9EEE52AB2106_PackageProduct normal (in target 'AnchoredSequenceCore' from project 'AnchoredSequenceCore')
    cd /Users/runner/work/MyRAM-iOS/MyRAM-iOS/Candidate/Packages/AnchoredSequenceCore
    /Applications/Xcode_26.5.app/Contents/Developer/Toolchains/XcodeDefault.xctoolchain/usr/bin/clang -Xlinker -reproducible -target arm64-apple-macos13.0 -dynamiclib -isysroot /Applications/Xcode_26.5.app/Contents/Developer/Platforms/MacOSX.platform/Developer/SDKs/MacOSX26.5.sdk -O0 -w -L/tmp/MYR175-Classify-Candidate-Mac/Build/Intermediates.noindex/EagerLinkingTBDs/Debug -L/tmp/MYR175-Classify-Candidate-Mac/Build/Products/Debug -L/Applications/Xcode_26.5.app/Contents/Developer/Platforms/MacOSX.platform/Developer/usr/lib -F/tmp/MYR175-Classify-Candidate-Mac/Build/Intermediates.noindex/EagerLinkingTBDs/Debug -F/tmp/MYR175-Classify-Candidate-Mac/Build/Products/Debug/PackageFrameworks -F/tmp/MYR175-Classify-Candidate-Mac/Build/Products/Debug -iframework /Applications/Xcode_26.5.app/Contents/Developer/Platforms/MacOSX.platform/Developer/Library/Frameworks -filelist /tmp/MYR175-Classify-Candidate-Mac/Build/Intermediates.noindex/AnchoredSequenceCore.build/Debug/AnchoredSequenceCore\ product.build/Objects-normal/arm64/AnchoredSequenceCore_-65B9EEE52AB2106_PackageProduct.LinkFileList -install_name @rpath/AnchoredSequenceCore_-65B9EEE52AB2106_PackageProduct.framework/Versions/A/AnchoredSequenceCore_-65B9EEE52AB2106_PackageProduct -Xlinker -rpath -Xlinker /usr/lib/swift -Xlinker -rpath -Xlinker /tmp/MYR175-Classify-Candidate-Mac/Build/Products/Debug/PackageFrameworks -Xlinker -object_path_lto -Xlinker /tmp/MYR175-Classify-Candidate-Mac/Build/Intermediates.noindex/AnchoredSequenceCore.build/Debug/AnchoredSequenceCore\ product.build/Objects-normal/arm64/AnchoredSequenceCore_-65B9EEE52AB2106_PackageProduct_lto.o -rdynamic -Xlinker -no_deduplicate -Xlinker -dependency_info -Xlinker /tmp/MYR175-Classify-Candidate-Mac/Build/Intermediates.noindex/AnchoredSequenceCore.build/Debug/AnchoredSequenceCore\ product.build/Objects-normal/arm64/AnchoredSequenceCore_-65B9EEE52AB2106_PackageProduct_dependency_info.dat -fobjc-link-runtime -L/Applications/Xcode_26.5.app/Contents/Developer/Toolchains/XcodeDefault.xctoolchain/usr/lib/swift/macosx -L/usr/lib/swift -Wl,-no_warn_duplicate_libraries -o /tmp/MYR175-Classify-Candidate-Mac/Build/Products/Debug/PackageFrameworks/AnchoredSequenceCore_-65B9EEE52AB2106_PackageProduct.framework/Versions/A/AnchoredSequenceCore_-65B9EEE52AB2106_PackageProduct -Xlinker -add_ast_path -Xlinker /tmp/MYR175-Classify-Candidate-Mac/Build/Intermediates.noindex/AnchoredSequenceCore.build/Debug/AnchoredSequenceCore.build/Objects-normal/arm64/AnchoredSequenceCore.swiftmodule @/tmp/MYR175-Classify-Candidate-Mac/Build/Intermediates.noindex/AnchoredSequenceCore.build/Debug/AnchoredSequenceCore.build/Objects-normal/arm64/AnchoredSequenceCore-linker-args.resp

Touch /tmp/MYR175-Classify-Candidate-Mac/Build/Products/Debug/MyRAMMacWidgetExtension.appex (in target 'MyRAMMacWidgetExtension' from project 'MyRAM')
    cd /Users/runner/work/MyRAM-iOS/MyRAM-iOS/Candidate
    /usr/bin/touch -c /tmp/MYR175-Classify-Candidate-Mac/Build/Products/Debug/MyRAMMacWidgetExtension.appex

GenerateTAPI /tmp/MYR175-Classify-Candidate-Mac/Build/Intermediates.noindex/EagerLinkingTBDs/Debug/AnchoredSequenceCore_-65B9EEE52AB2106_PackageProduct.framework/Versions/A/AnchoredSequenceCore_-65B9EEE52AB2106_PackageProduct.tbd (in target 'AnchoredSequenceCore' from project 'AnchoredSequenceCore')
    cd /Users/runner/work/MyRAM-iOS/MyRAM-iOS/Candidate/Packages/AnchoredSequenceCore
    /Applications/Xcode_26.5.app/Contents/Developer/Toolchains/XcodeDefault.xctoolchain/usr/bin/tapi stubify -isysroot /Applications/Xcode_26.5.app/Contents/Developer/Platforms/MacOSX.platform/Developer/SDKs/MacOSX26.5.sdk -F/tmp/MYR175-Classify-Candidate-Mac/Build/Products/Debug/PackageFrameworks -F/tmp/MYR175-Classify-Candidate-Mac/Build/Products/Debug -iframework /Applications/Xcode_26.5.app/Contents/Developer/Platforms/MacOSX.platform/Developer/Library/Frameworks -L/tmp/MYR175-Classify-Candidate-Mac/Build/Products/Debug -L/Applications/Xcode_26.5.app/Contents/Developer/Platforms/MacOSX.platform/Developer/usr/lib /tmp/MYR175-Classify-Candidate-Mac/Build/Products/Debug/PackageFrameworks/AnchoredSequenceCore_-65B9EEE52AB2106_PackageProduct.framework/Versions/A/AnchoredSequenceCore_-65B9EEE52AB2106_PackageProduct -o /tmp/MYR175-Classify-Candidate-Mac/Build/Intermediates.noindex/EagerLinkingTBDs/Debug/AnchoredSequenceCore_-65B9EEE52AB2106_PackageProduct.framework/Versions/A/AnchoredSequenceCore_-65B9EEE52AB2106_PackageProduct.tbd

RegisterExecutionPolicyException /tmp/MYR175-Classify-Candidate-Mac/Build/Products/Debug/PackageFrameworks/AnchoredSequenceCore_-65B9EEE52AB2106_PackageProduct.framework (in target 'AnchoredSequenceCore' from project 'AnchoredSequenceCore')
    cd /Users/runner/work/MyRAM-iOS/MyRAM-iOS/Candidate/Packages/AnchoredSequenceCore
    builtin-RegisterExecutionPolicyException /tmp/MYR175-Classify-Candidate-Mac/Build/Products/Debug/PackageFrameworks/AnchoredSequenceCore_-65B9EEE52AB2106_PackageProduct.framework

SymLink /tmp/MYR175-Classify-Candidate-Mac/Build/Intermediates.noindex/EagerLinkingTBDs/Debug/AnchoredSequenceCore_-65B9EEE52AB2106_PackageProduct.framework/AnchoredSequenceCore_-65B9EEE52AB2106_PackageProduct.tbd /tmp/MYR175-Classify-Candidate-Mac/Build/Intermediates.noindex/EagerLinkingTBDs/Debug/AnchoredSequenceCore_-65B9EEE52AB2106_PackageProduct.framework/Versions/A/AnchoredSequenceCore_-65B9EEE52AB2106_PackageProduct.tbd (in target 'AnchoredSequenceCore' from project 'AnchoredSequenceCore')
    cd /Users/runner/work/MyRAM-iOS/MyRAM-iOS/Candidate/Packages/AnchoredSequenceCore
    /bin/ln -sfh /tmp/MYR175-Classify-Candidate-Mac/Build/Intermediates.noindex/EagerLinkingTBDs/Debug/AnchoredSequenceCore_-65B9EEE52AB2106_PackageProduct.framework/Versions/A/AnchoredSequenceCore_-65B9EEE52AB2106_PackageProduct.tbd /tmp/MYR175-Classify-Candidate-Mac/Build/Intermediates.noindex/EagerLinkingTBDs/Debug/AnchoredSequenceCore_-65B9EEE52AB2106_PackageProduct.framework/AnchoredSequenceCore_-65B9EEE52AB2106_PackageProduct.tbd

Touch /tmp/MYR175-Classify-Candidate-Mac/Build/Products/Debug/PackageFrameworks/AnchoredSequenceCore_-65B9EEE52AB2106_PackageProduct.framework (in target 'AnchoredSequenceCore' from project 'AnchoredSequenceCore')
    cd /Users/runner/work/MyRAM-iOS/MyRAM-iOS/Candidate/Packages/AnchoredSequenceCore
    /usr/bin/touch -c /tmp/MYR175-Classify-Candidate-Mac/Build/Products/Debug/PackageFrameworks/AnchoredSequenceCore_-65B9EEE52AB2106_PackageProduct.framework

Ld /tmp/MYR175-Classify-Candidate-Mac/Build/Products/Debug/MyRAMMac.app/Contents/MacOS/__preview.dylib normal (in target 'MyRAMMac' from project 'MyRAM')
    cd /Users/runner/work/MyRAM-iOS/MyRAM-iOS/Candidate
    /Applications/Xcode_26.5.app/Contents/Developer/Toolchains/XcodeDefault.xctoolchain/usr/bin/clang -Xlinker -reproducible -target arm64-apple-macos14.0 -dynamiclib -isysroot /Applications/Xcode_26.5.app/Contents/Developer/Platforms/MacOSX.platform/Developer/SDKs/MacOSX26.5.sdk -O0 -L/tmp/MYR175-Classify-Candidate-Mac/Build/Products/Debug -F/tmp/MYR175-Classify-Candidate-Mac/Build/Products/Debug/PackageFrameworks -F/tmp/MYR175-Classify-Candidate-Mac/Build/Products/Debug/PackageFrameworks -F/tmp/MYR175-Classify-Candidate-Mac/Build/Products/Debug -install_name @rpath/MyRAMMac.debug.dylib -rdynamic -Xlinker -no_deduplicate -Xlinker -dependency_info -Xlinker /tmp/MYR175-Classify-Candidate-Mac/Build/Intermediates.noindex/MyRAM.build/Debug/MyRAMMac.build/Objects-normal/arm64/MyRAMMac_dependency_info.dat -Xlinker -no_adhoc_codesign -o /tmp/MYR175-Classify-Candidate-Mac/Build/Products/Debug/MyRAMMac.app/Contents/MacOS/__preview.dylib

Copy /tmp/MYR175-Classify-Candidate-Mac/Build/Products/Debug/MyRAMMac.app/Contents/Frameworks/libXCTestSwiftSupport.dylib /Applications/Xcode_26.5.app/Contents/Developer/Platforms/MacOSX.platform/Developer/usr/lib/libXCTestSwiftSupport.dylib (in target 'MyRAMMac' from project 'MyRAM')
    cd /Users/runner/work/MyRAM-iOS/MyRAM-iOS/Candidate
    builtin-copy -exclude .DS_Store -exclude CVS -exclude .svn -exclude .git -exclude .hg -exclude Headers -exclude PrivateHeaders -exclude Modules -exclude \*.tbd -resolve-src-symlinks /Applications/Xcode_26.5.app/Contents/Developer/Platforms/MacOSX.platform/Developer/usr/lib/libXCTestSwiftSupport.dylib /tmp/MYR175-Classify-Candidate-Mac/Build/Products/Debug/MyRAMMac.app/Contents/Frameworks

Copy /tmp/MYR175-Classify-Candidate-Mac/Build/Products/Debug/MyRAMMac.app/Contents/Frameworks/libXCTestBundleInject.dylib /Applications/Xcode_26.5.app/Contents/Developer/Platforms/MacOSX.platform/Developer/usr/lib/libXCTestBundleInject.dylib (in target 'MyRAMMac' from project 'MyRAM')
    cd /Users/runner/work/MyRAM-iOS/MyRAM-iOS/Candidate
    builtin-copy -exclude .DS_Store -exclude CVS -exclude .svn -exclude .git -exclude .hg -exclude Headers -exclude PrivateHeaders -exclude Modules -exclude \*.tbd -resolve-src-symlinks /Applications/Xcode_26.5.app/Contents/Developer/Platforms/MacOSX.platform/Developer/usr/lib/libXCTestBundleInject.dylib /tmp/MYR175-Classify-Candidate-Mac/Build/Products/Debug/MyRAMMac.app/Contents/Frameworks

Copy /tmp/MYR175-Classify-Candidate-Mac/Build/Products/Debug/MyRAMMac.app/Contents/Frameworks/XCUnit.framework /Applications/Xcode_26.5.app/Contents/Developer/Platforms/MacOSX.platform/Developer/Library/PrivateFrameworks/XCUnit.framework (in target 'MyRAMMac' from project 'MyRAM')
    cd /Users/runner/work/MyRAM-iOS/MyRAM-iOS/Candidate
    builtin-copy -exclude .DS_Store -exclude CVS -exclude .svn -exclude .git -exclude .hg -exclude Headers -exclude PrivateHeaders -exclude Modules -exclude \*.tbd -resolve-src-symlinks /Applications/Xcode_26.5.app/Contents/Developer/Platforms/MacOSX.platform/Developer/Library/PrivateFrameworks/XCUnit.framework /tmp/MYR175-Classify-Candidate-Mac/Build/Products/Debug/MyRAMMac.app/Contents/Frameworks

Copy /tmp/MYR175-Classify-Candidate-Mac/Build/Products/Debug/MyRAMMac.app/Contents/Frameworks/XCUIAutomation.framework /Applications/Xcode_26.5.app/Contents/Developer/Platforms/MacOSX.platform/Developer/Library/Frameworks/XCUIAutomation.framework (in target 'MyRAMMac' from project 'MyRAM')
    cd /Users/runner/work/MyRAM-iOS/MyRAM-iOS/Candidate
    builtin-copy -exclude .DS_Store -exclude CVS -exclude .svn -exclude .git -exclude .hg -exclude Headers -exclude PrivateHeaders -exclude Modules -exclude \*.tbd -resolve-src-symlinks /Applications/Xcode_26.5.app/Contents/Developer/Platforms/MacOSX.platform/Developer/Library/Frameworks/XCUIAutomation.framework /tmp/MYR175-Classify-Candidate-Mac/Build/Products/Debug/MyRAMMac.app/Contents/Frameworks

Copy /tmp/MYR175-Classify-Candidate-Mac/Build/Products/Debug/MyRAMMac.app/Contents/Frameworks/XCTestSupport.framework /Applications/Xcode_26.5.app/Contents/Developer/Platforms/MacOSX.platform/Developer/Library/PrivateFrameworks/XCTestSupport.framework (in target 'MyRAMMac' from project 'MyRAM')
    cd /Users/runner/work/MyRAM-iOS/MyRAM-iOS/Candidate
    builtin-copy -exclude .DS_Store -exclude CVS -exclude .svn -exclude .git -exclude .hg -exclude Headers -exclude PrivateHeaders -exclude Modules -exclude \*.tbd -resolve-src-symlinks /Applications/Xcode_26.5.app/Contents/Developer/Platforms/MacOSX.platform/Developer/Library/PrivateFrameworks/XCTestSupport.framework /tmp/MYR175-Classify-Candidate-Mac/Build/Products/Debug/MyRAMMac.app/Contents/Frameworks

Copy /tmp/MYR175-Classify-Candidate-Mac/Build/Products/Debug/MyRAMMac.app/Contents/Frameworks/XCTestCore.framework /Applications/Xcode_26.5.app/Contents/Developer/Platforms/MacOSX.platform/Developer/Library/PrivateFrameworks/XCTestCore.framework (in target 'MyRAMMac' from project 'MyRAM')
    cd /Users/runner/work/MyRAM-iOS/MyRAM-iOS/Candidate
    builtin-copy -exclude .DS_Store -exclude CVS -exclude .svn -exclude .git -exclude .hg -exclude Headers -exclude PrivateHeaders -exclude Modules -exclude \*.tbd -resolve-src-symlinks /Applications/Xcode_26.5.app/Contents/Developer/Platforms/MacOSX.platform/Developer/Library/PrivateFrameworks/XCTestCore.framework /tmp/MYR175-Classify-Candidate-Mac/Build/Products/Debug/MyRAMMac.app/Contents/Frameworks

Copy /tmp/MYR175-Classify-Candidate-Mac/Build/Products/Debug/MyRAMMac.app/Contents/Frameworks/XCTest.framework /Applications/Xcode_26.5.app/Contents/Developer/Platforms/MacOSX.platform/Developer/Library/Frameworks/XCTest.framework (in target 'MyRAMMac' from project 'MyRAM')
    cd /Users/runner/work/MyRAM-iOS/MyRAM-iOS/Candidate
    builtin-copy -exclude .DS_Store -exclude CVS -exclude .svn -exclude .git -exclude .hg -exclude Headers -exclude PrivateHeaders -exclude Modules -exclude \*.tbd -resolve-src-symlinks /Applications/Xcode_26.5.app/Contents/Developer/Platforms/MacOSX.platform/Developer/Library/Frameworks/XCTest.framework /tmp/MYR175-Classify-Candidate-Mac/Build/Products/Debug/MyRAMMac.app/Contents/Frameworks

Copy /tmp/MYR175-Classify-Candidate-Mac/Build/Products/Debug/MyRAMMac.app/Contents/Frameworks/XCTAutomationSupport.framework /Applications/Xcode_26.5.app/Contents/Developer/Platforms/MacOSX.platform/Developer/Library/PrivateFrameworks/XCTAutomationSupport.framework (in target 'MyRAMMac' from project 'MyRAM')
    cd /Users/runner/work/MyRAM-iOS/MyRAM-iOS/Candidate
    builtin-copy -exclude .DS_Store -exclude CVS -exclude .svn -exclude .git -exclude .hg -exclude Headers -exclude PrivateHeaders -exclude Modules -exclude \*.tbd -resolve-src-symlinks /Applications/Xcode_26.5.app/Contents/Developer/Platforms/MacOSX.platform/Developer/Library/PrivateFrameworks/XCTAutomationSupport.framework /tmp/MYR175-Classify-Candidate-Mac/Build/Products/Debug/MyRAMMac.app/Contents/Frameworks

Copy /tmp/MYR175-Classify-Candidate-Mac/Build/Products/Debug/MyRAMMac.app/Contents/Frameworks/Testing.framework /Applications/Xcode_26.5.app/Contents/Developer/Platforms/MacOSX.platform/Developer/Library/Frameworks/Testing.framework (in target 'MyRAMMac' from project 'MyRAM')
    cd /Users/runner/work/MyRAM-iOS/MyRAM-iOS/Candidate
    builtin-copy -exclude .DS_Store -exclude CVS -exclude .svn -exclude .git -exclude .hg -exclude Headers -exclude PrivateHeaders -exclude Modules -exclude \*.tbd -resolve-src-symlinks /Applications/Xcode_26.5.app/Contents/Developer/Platforms/MacOSX.platform/Developer/Library/Frameworks/Testing.framework /tmp/MYR175-Classify-Candidate-Mac/Build/Products/Debug/MyRAMMac.app/Contents/Frameworks

Copy /tmp/MYR175-Classify-Candidate-Mac/Build/Products/Debug/MyRAMMac.app/Contents/Frameworks/AnchoredSequenceCore_-65B9EEE52AB2106_PackageProduct.framework /tmp/MYR175-Classify-Candidate-Mac/Build/Products/Debug/PackageFrameworks/AnchoredSequenceCore_-65B9EEE52AB2106_PackageProduct.framework (in target 'MyRAMMac' from project 'MyRAM')
    cd /Users/runner/work/MyRAM-iOS/MyRAM-iOS/Candidate
    builtin-copy -exclude .DS_Store -exclude CVS -exclude .svn -exclude .git -exclude .hg -resolve-src-symlinks -remove-static-executable /tmp/MYR175-Classify-Candidate-Mac/Build/Products/Debug/PackageFrameworks/AnchoredSequenceCore_-65B9EEE52AB2106_PackageProduct.framework /tmp/MYR175-Classify-Candidate-Mac/Build/Products/Debug/MyRAMMac.app/Contents/Frameworks

CodeSign /tmp/MYR175-Classify-Candidate-Mac/Build/Products/Debug/MyRAMMac.app/Contents/Frameworks/libXCTestSwiftSupport.dylib (in target 'MyRAMMac' from project 'MyRAM')
    cd /Users/runner/work/MyRAM-iOS/MyRAM-iOS/Candidate
    
    Signing Identity:     "Sign to Run Locally"
    
    /usr/bin/codesign --force --sign - --timestamp\=none --preserve-metadata\=identifier,entitlements,flags --generate-entitlement-der /tmp/MYR175-Classify-Candidate-Mac/Build/Products/Debug/MyRAMMac.app/Contents/Frameworks/libXCTestSwiftSupport.dylib
/tmp/MYR175-Classify-Candidate-Mac/Build/Products/Debug/MyRAMMac.app/Contents/Frameworks/libXCTestSwiftSupport.dylib: replacing existing signature

CodeSign /tmp/MYR175-Classify-Candidate-Mac/Build/Products/Debug/MyRAMMac.app/Contents/Frameworks/libXCTestBundleInject.dylib (in target 'MyRAMMac' from project 'MyRAM')
    cd /Users/runner/work/MyRAM-iOS/MyRAM-iOS/Candidate
    
    Signing Identity:     "Sign to Run Locally"
    
    /usr/bin/codesign --force --sign - --timestamp\=none --preserve-metadata\=identifier,entitlements,flags --generate-entitlement-der /tmp/MYR175-Classify-Candidate-Mac/Build/Products/Debug/MyRAMMac.app/Contents/Frameworks/libXCTestBundleInject.dylib
/tmp/MYR175-Classify-Candidate-Mac/Build/Products/Debug/MyRAMMac.app/Contents/Frameworks/libXCTestBundleInject.dylib: replacing existing signature

CodeSign /tmp/MYR175-Classify-Candidate-Mac/Build/Products/Debug/MyRAMMac.app/Contents/Frameworks/XCUnit.framework (in target 'MyRAMMac' from project 'MyRAM')
    cd /Users/runner/work/MyRAM-iOS/MyRAM-iOS/Candidate
    
    Signing Identity:     "Sign to Run Locally"
    
    /usr/bin/codesign --force --sign - --timestamp\=none --preserve-metadata\=identifier,entitlements,flags --generate-entitlement-der /tmp/MYR175-Classify-Candidate-Mac/Build/Products/Debug/MyRAMMac.app/Contents/Frameworks/XCUnit.framework
/tmp/MYR175-Classify-Candidate-Mac/Build/Products/Debug/MyRAMMac.app/Contents/Frameworks/XCUnit.framework: replacing existing signature

CodeSign /tmp/MYR175-Classify-Candidate-Mac/Build/Products/Debug/MyRAMMac.app/Contents/Frameworks/XCUIAutomation.framework (in target 'MyRAMMac' from project 'MyRAM')
    cd /Users/runner/work/MyRAM-iOS/MyRAM-iOS/Candidate
    
    Signing Identity:     "Sign to Run Locally"
    
    /usr/bin/codesign --force --sign - --timestamp\=none --preserve-metadata\=identifier,entitlements,flags --generate-entitlement-der /tmp/MYR175-Classify-Candidate-Mac/Build/Products/Debug/MyRAMMac.app/Contents/Frameworks/XCUIAutomation.framework
/tmp/MYR175-Classify-Candidate-Mac/Build/Products/Debug/MyRAMMac.app/Contents/Frameworks/XCUIAutomation.framework: replacing existing signature

CodeSign /tmp/MYR175-Classify-Candidate-Mac/Build/Products/Debug/MyRAMMac.app/Contents/Frameworks/XCTestSupport.framework (in target 'MyRAMMac' from project 'MyRAM')
    cd /Users/runner/work/MyRAM-iOS/MyRAM-iOS/Candidate
    
    Signing Identity:     "Sign to Run Locally"
    
    /usr/bin/codesign --force --sign - --timestamp\=none --preserve-metadata\=identifier,entitlements,flags --generate-entitlement-der /tmp/MYR175-Classify-Candidate-Mac/Build/Products/Debug/MyRAMMac.app/Contents/Frameworks/XCTestSupport.framework
/tmp/MYR175-Classify-Candidate-Mac/Build/Products/Debug/MyRAMMac.app/Contents/Frameworks/XCTestSupport.framework: replacing existing signature

SwiftExplicitDependencyGeneratePcm arm64 /tmp/MYR175-Classify-Candidate-Mac/ModuleCache.noindex/ActivityKit-4Q26GIZPVNGGJUI3AO9XBQ2I0.pcm

SwiftExplicitDependencyGeneratePcm arm64 /tmp/MYR175-Classify-Candidate-Mac/ModuleCache.noindex/_Builtin_stdarg-C6ZTOBN7M2H4VURKKRIQNWXUT.pcm

SwiftExplicitDependencyGeneratePcm arm64 /tmp/MYR175-Classify-Candidate-Mac/ModuleCache.noindex/DeveloperToolsSupport-66JJ7QRBV4L7ZZLEHCAML9MWC.pcm

SwiftExplicitDependencyGeneratePcm arm64 /tmp/MYR175-Classify-Candidate-Mac/ModuleCache.noindex/_AvailabilityInternal-5NKENNMGYZ7ASU8XCKYJKAKLT.pcm

SwiftExplicitDependencyGeneratePcm arm64 /tmp/MYR175-Classify-Candidate-Mac/ModuleCache.noindex/ptrcheck-5TRQWXJ1660NJELR8OC705EH.pcm

SwiftExplicitDependencyGeneratePcm arm64 /tmp/MYR175-Classify-Candidate-Mac/ModuleCache.noindex/_Builtin_float-UJZUHWZ08M8350RJGFB31OJ9.pcm

SwiftExplicitDependencyGeneratePcm arm64 /tmp/MYR175-Classify-Candidate-Mac/ModuleCache.noindex/_Builtin_stddef-EAWGZSEFIWINQFTN056M2ZPE0.pcm

SwiftExplicitDependencyGeneratePcm arm64 /tmp/MYR175-Classify-Candidate-Mac/ModuleCache.noindex/ptrauth-9AUK8PKXGFAP0O53CNH44B7LN.pcm

SwiftExplicitDependencyGeneratePcm arm64 /tmp/MYR175-Classify-Candidate-Mac/ModuleCache.noindex/_DarwinFoundation1-2KBO56W6RMNVD9K2S2Q7C114N.pcm

SwiftExplicitDependencyGeneratePcm arm64 /tmp/MYR175-Classify-Candidate-Mac/ModuleCache.noindex/SwiftShims-63DVE4PJLI0IXIC0QQ4MNWL1C.pcm

SwiftExplicitDependencyGeneratePcm arm64 /tmp/MYR175-Classify-Candidate-Mac/ModuleCache.noindex/_Builtin_stdbool-4GY5SI3ODDJ1SYDQS1AF0TS8.pcm

SwiftExplicitDependencyGeneratePcm arm64 /tmp/MYR175-Classify-Candidate-Mac/ModuleCache.noindex/_SwiftConcurrencyShims-I8NDUQ8XIF242YQV57FOYIRF.pcm

LinkAssetCatalog /Users/runner/work/MyRAM-iOS/MyRAM-iOS/Candidate/MyRAM/Assets.xcassets (in target 'MyRAMMac' from project 'MyRAM')
    cd /Users/runner/work/MyRAM-iOS/MyRAM-iOS/Candidate
    builtin-linkAssetCatalog --thinned /tmp/MYR175-Classify-Candidate-Mac/Build/Intermediates.noindex/MyRAM.build/Debug/MyRAMMac.build/assetcatalog_output/thinned --thinned-dependencies /tmp/MYR175-Classify-Candidate-Mac/Build/Intermediates.noindex/MyRAM.build/Debug/MyRAMMac.build/assetcatalog_dependencies_thinned --thinned-info-plist-content /tmp/MYR175-Classify-Candidate-Mac/Build/Intermediates.noindex/MyRAM.build/Debug/MyRAMMac.build/assetcatalog_generated_info.plist_thinned --unthinned /tmp/MYR175-Classify-Candidate-Mac/Build/Intermediates.noindex/MyRAM.build/Debug/MyRAMMac.build/assetcatalog_output/unthinned --unthinned-dependencies /tmp/MYR175-Classify-Candidate-Mac/Build/Intermediates.noindex/MyRAM.build/Debug/MyRAMMac.build/assetcatalog_dependencies_unthinned --unthinned-info-plist-content /tmp/MYR175-Classify-Candidate-Mac/Build/Intermediates.noindex/MyRAM.build/Debug/MyRAMMac.build/assetcatalog_generated_info.plist_unthinned --output /tmp/MYR175-Classify-Candidate-Mac/Build/Products/Debug/MyRAMMac.app/Contents/Resources --plist-output /tmp/MYR175-Classify-Candidate-Mac/Build/Intermediates.noindex/MyRAM.build/Debug/MyRAMMac.build/assetcatalog_generated_info.plist
note: Emplaced /tmp/MYR175-Classify-Candidate-Mac/Build/Products/Debug/MyRAMMac.app/Contents/Resources/AppIcon.icns (in target 'MyRAMMac' from project 'MyRAM')
note: Emplaced /tmp/MYR175-Classify-Candidate-Mac/Build/Products/Debug/MyRAMMac.app/Contents/Resources/Assets.car (in target 'MyRAMMac' from project 'MyRAM')

SwiftExplicitDependencyGeneratePcm arm64 /tmp/MYR175-Classify-Candidate-Mac/ModuleCache.noindex/_DarwinFoundation2-9Y9MO4R94W3TZFKUTMUY4AVAN.pcm

SwiftExplicitDependencyGeneratePcm arm64 /tmp/MYR175-Classify-Candidate-Mac/ModuleCache.noindex/_Builtin_limits-9N1OI4KL4PPB4OWS9DSGVTS7X.pcm

SwiftExplicitDependencyGeneratePcm arm64 /tmp/MYR175-Classify-Candidate-Mac/ModuleCache.noindex/ExtensionFoundation-87EK44ULRGM508XEZOVBOLIS7.pcm

CodeSign /tmp/MYR175-Classify-Candidate-Mac/Build/Products/Debug/MyRAMMac.app/Contents/Frameworks/XCTestCore.framework (in target 'MyRAMMac' from project 'MyRAM')
    cd /Users/runner/work/MyRAM-iOS/MyRAM-iOS/Candidate
    
    Signing Identity:     "Sign to Run Locally"
    
    /usr/bin/codesign --force --sign - --timestamp\=none --preserve-metadata\=identifier,entitlements,flags --generate-entitlement-der /tmp/MYR175-Classify-Candidate-Mac/Build/Products/Debug/MyRAMMac.app/Contents/Frameworks/XCTestCore.framework
/tmp/MYR175-Classify-Candidate-Mac/Build/Products/Debug/MyRAMMac.app/Contents/Frameworks/XCTestCore.framework: replacing existing signature

CodeSign /tmp/MYR175-Classify-Candidate-Mac/Build/Products/Debug/MyRAMMac.app/Contents/Frameworks/XCTest.framework (in target 'MyRAMMac' from project 'MyRAM')
    cd /Users/runner/work/MyRAM-iOS/MyRAM-iOS/Candidate
    
    Signing Identity:     "Sign to Run Locally"
    
    /usr/bin/codesign --force --sign - --timestamp\=none --preserve-metadata\=identifier,entitlements,flags --generate-entitlement-der /tmp/MYR175-Classify-Candidate-Mac/Build/Products/Debug/MyRAMMac.app/Contents/Frameworks/XCTest.framework
/tmp/MYR175-Classify-Candidate-Mac/Build/Products/Debug/MyRAMMac.app/Contents/Frameworks/XCTest.framework: replacing existing signature

CodeSign /tmp/MYR175-Classify-Candidate-Mac/Build/Products/Debug/MyRAMMac.app/Contents/Frameworks/XCTAutomationSupport.framework (in target 'MyRAMMac' from project 'MyRAM')
    cd /Users/runner/work/MyRAM-iOS/MyRAM-iOS/Candidate
    
    Signing Identity:     "Sign to Run Locally"
    
    /usr/bin/codesign --force --sign - --timestamp\=none --preserve-metadata\=identifier,entitlements,flags --generate-entitlement-der /tmp/MYR175-Classify-Candidate-Mac/Build/Products/Debug/MyRAMMac.app/Contents/Frameworks/XCTAutomationSupport.framework
/tmp/MYR175-Classify-Candidate-Mac/Build/Products/Debug/MyRAMMac.app/Contents/Frameworks/XCTAutomationSupport.framework: replacing existing signature

CodeSign /tmp/MYR175-Classify-Candidate-Mac/Build/Products/Debug/MyRAMMac.app/Contents/Frameworks/Testing.framework (in target 'MyRAMMac' from project 'MyRAM')
    cd /Users/runner/work/MyRAM-iOS/MyRAM-iOS/Candidate
    
    Signing Identity:     "Sign to Run Locally"
    
    /usr/bin/codesign --force --sign - --timestamp\=none --preserve-metadata\=identifier,entitlements,flags --generate-entitlement-der /tmp/MYR175-Classify-Candidate-Mac/Build/Products/Debug/MyRAMMac.app/Contents/Frameworks/Testing.framework
/tmp/MYR175-Classify-Candidate-Mac/Build/Products/Debug/MyRAMMac.app/Contents/Frameworks/Testing.framework: replacing existing signature

CodeSign /tmp/MYR175-Classify-Candidate-Mac/Build/Products/Debug/MyRAMMac.app/Contents/Frameworks/AnchoredSequenceCore_-65B9EEE52AB2106_PackageProduct.framework/Versions/A (in target 'MyRAMMac' from project 'MyRAM')
    cd /Users/runner/work/MyRAM-iOS/MyRAM-iOS/Candidate
    
    Signing Identity:     "Sign to Run Locally"
    
    /usr/bin/codesign --force --sign - --timestamp\=none --preserve-metadata\=identifier,entitlements,flags --generate-entitlement-der /tmp/MYR175-Classify-Candidate-Mac/Build/Products/Debug/MyRAMMac.app/Contents/Frameworks/AnchoredSequenceCore_-65B9EEE52AB2106_PackageProduct.framework/Versions/A
/tmp/MYR175-Classify-Candidate-Mac/Build/Products/Debug/MyRAMMac.app/Contents/Frameworks/AnchoredSequenceCore_-65B9EEE52AB2106_PackageProduct.framework/Versions/A: replacing existing signature

SwiftExplicitDependencyGeneratePcm arm64 /tmp/MYR175-Classify-Candidate-Mac/ModuleCache.noindex/_Builtin_tgmath-CZDAT2YBANDXRV28XFVEOPC5T.pcm

SwiftExplicitDependencyGeneratePcm arm64 /tmp/MYR175-Classify-Candidate-Mac/ModuleCache.noindex/sys_types-CG2D0KCOJ8UVM07EWAFFU36ZC.pcm

SwiftExplicitDependencyGeneratePcm arm64 /tmp/MYR175-Classify-Candidate-Mac/ModuleCache.noindex/_Builtin_stdint-6UE6UODSG4NALPOCQE8LG9R86.pcm

SwiftExplicitDependencyGeneratePcm arm64 /tmp/MYR175-Classify-Candidate-Mac/ModuleCache.noindex/_Builtin_intrinsics-5LE6L4UJKLS2L34BURYWQLOWY.pcm

SwiftExplicitDependencyGeneratePcm arm64 /tmp/MYR175-Classify-Candidate-Mac/ModuleCache.noindex/libDER-1JWWZBF1NEFFLSAFLGQVB88GB.pcm

SwiftExplicitDependencyGeneratePcm arm64 /tmp/MYR175-Classify-Candidate-Mac/ModuleCache.noindex/_Builtin_stdatomic-6HY2X62XH6MIA8JNF5IB1B4C8.pcm

SwiftExplicitDependencyGeneratePcm arm64 /tmp/MYR175-Classify-Candidate-Mac/ModuleCache.noindex/OpenGL-5ORTWCLHMGBTOIWKEMMG1AJUR.pcm

SwiftExplicitDependencyGeneratePcm arm64 /tmp/MYR175-Classify-Candidate-Mac/ModuleCache.noindex/_DarwinFoundation3-16LTVTHQC392VVOOICYHM97SA.pcm

SwiftExplicitDependencyGeneratePcm arm64 /tmp/MYR175-Classify-Candidate-Mac/ModuleCache.noindex/_Builtin_inttypes-9E465LBA6M5G5X5K5UQXZ8HGQ.pcm

SwiftExplicitDependencyGeneratePcm arm64 /tmp/MYR175-Classify-Candidate-Mac/ModuleCache.noindex/simd-3HS8W0SCWUG8TQI5O28SYL4Z6.pcm

SwiftExplicitDependencyGeneratePcm arm64 /tmp/MYR175-Classify-Candidate-Mac/ModuleCache.noindex/Darwin-3W4UKA9X6OKJ6Q31X7Q8L5IN1.pcm

SwiftExplicitDependencyGeneratePcm arm64 /tmp/MYR175-Classify-Candidate-Mac/ModuleCache.noindex/Spatial-B6LP7MXY9741QZ0LM92UIHAN3.pcm

SwiftExplicitDependencyGeneratePcm arm64 /tmp/MYR175-Classify-Candidate-Mac/ModuleCache.noindex/CUPS-R8XYYILI5K7BX9W8I12RBNJF.pcm

SwiftExplicitDependencyGeneratePcm arm64 /tmp/MYR175-Classify-Candidate-Mac/ModuleCache.noindex/libkern-3XH0M0EPBEVXTJNA6OXJIR1SB.pcm

SwiftExplicitDependencyGeneratePcm arm64 /tmp/MYR175-Classify-Candidate-Mac/ModuleCache.noindex/MachO-298ZGA57WOQFERKWSGQRX0VP5.pcm

SwiftExplicitDependencyGeneratePcm arm64 /tmp/MYR175-Classify-Candidate-Mac/ModuleCache.noindex/launch-AMQD6JB2V38RLU783G60C1Q91.pcm

SwiftExplicitDependencyGeneratePcm arm64 /tmp/MYR175-Classify-Candidate-Mac/ModuleCache.noindex/ObjectiveC-837H4ICPIJSXV486DPCFY57T2.pcm

SwiftExplicitDependencyGeneratePcm arm64 /tmp/MYR175-Classify-Candidate-Mac/ModuleCache.noindex/os_object-BYJWR8HI495J7UYE6IUCEUBOC.pcm

SwiftExplicitDependencyGeneratePcm arm64 /tmp/MYR175-Classify-Candidate-Mac/ModuleCache.noindex/os_workgroup-227G1NMULWEZFCJQOGCOQLSQZ.pcm

SwiftExplicitDependencyGeneratePcm arm64 /tmp/MYR175-Classify-Candidate-Mac/ModuleCache.noindex/Dispatch-6ZGOQ5NO6IE8CI5CFZA5U2MPZ.pcm

SwiftExplicitDependencyGeneratePcm arm64 /tmp/MYR175-Classify-Candidate-Mac/ModuleCache.noindex/CoreFoundation-3WX5QZIYMHEPW44NZB9VCF3FJ.pcm

SwiftExplicitDependencyGeneratePcm arm64 /tmp/MYR175-Classify-Candidate-Mac/ModuleCache.noindex/dnssd-7KMRSVYM5Q5D8ZFCGD9NHFKJ6.pcm

SwiftExplicitDependencyGeneratePcm arm64 /tmp/MYR175-Classify-Candidate-Mac/ModuleCache.noindex/XPC-5WV3HO7WQQIADH8CPDRICH55W.pcm

SwiftExplicitDependencyGeneratePcm arm64 /tmp/MYR175-Classify-Candidate-Mac/ModuleCache.noindex/os-EQ0XNUO2J607E4X52PMNUM130.pcm

SwiftExplicitDependencyGeneratePcm arm64 /tmp/MYR175-Classify-Candidate-Mac/ModuleCache.noindex/ColorSync-61KQ1UN204B3RITYVG0KD5TBP.pcm

SwiftExplicitDependencyGeneratePcm arm64 /tmp/MYR175-Classify-Candidate-Mac/ModuleCache.noindex/Security-3EHT02BW59ZC9M9A6QX74GSNI.pcm

SwiftExplicitDependencyGeneratePcm arm64 /tmp/MYR175-Classify-Candidate-Mac/ModuleCache.noindex/IOKit-7VRRM2129B7JLWCJHRUTTGN8R.pcm

SwiftExplicitDependencyGeneratePcm arm64 /tmp/MYR175-Classify-Candidate-Mac/ModuleCache.noindex/CFNetwork-85TE4ZHNY6UU2FD374597CBTK.pcm

SwiftExplicitDependencyGeneratePcm arm64 /tmp/MYR175-Classify-Candidate-Mac/ModuleCache.noindex/DiskArbitration-7SPBW59J688HAC07WK8HI9U4M.pcm

SwiftExplicitDependencyGeneratePcm arm64 /tmp/MYR175-Classify-Candidate-Mac/ModuleCache.noindex/CoreGraphics-18OPCZMWT05PE6YKRH8VQB5G7.pcm

SwiftExplicitDependencyGeneratePcm arm64 /tmp/MYR175-Classify-Candidate-Mac/ModuleCache.noindex/CoreServices-AVBSW0URL5U2AR91LH3K51CWI.pcm

SwiftExplicitDependencyGeneratePcm arm64 /tmp/MYR175-Classify-Candidate-Mac/ModuleCache.noindex/ImageIO-78OX1NYT1ESK1STF2OZ3S5437.pcm

SwiftExplicitDependencyGeneratePcm arm64 /tmp/MYR175-Classify-Candidate-Mac/ModuleCache.noindex/CoreText-3IBG6J1CN6QYB6R1SPEW03VGW.pcm

SwiftExplicitDependencyGeneratePcm arm64 /tmp/MYR175-Classify-Candidate-Mac/ModuleCache.noindex/Foundation-4YY8AS2CJDVG4I7R3Y573IHIW.pcm

SwiftExplicitDependencyGeneratePcm arm64 /tmp/MYR175-Classify-Candidate-Mac/ModuleCache.noindex/AppIntents-3IVDNW5GWU83YNSOGMKBKK6EZ.pcm

SwiftExplicitDependencyGeneratePcm arm64 /tmp/MYR175-Classify-Candidate-Mac/ModuleCache.noindex/DataDetection-RE7ORT09BDTOL7QWC3QIWC4E.pcm

SwiftExplicitDependencyGeneratePcm arm64 /tmp/MYR175-Classify-Candidate-Mac/ModuleCache.noindex/_LocationEssentials-BYKQ290MKQ4X5EPHWPS0ZEVOS.pcm

SwiftExplicitDependencyGeneratePcm arm64 /tmp/MYR175-Classify-Candidate-Mac/ModuleCache.noindex/LocalAuthentication-B1WTN8T8BW9KE01KVTB1810Q4.pcm

SwiftExplicitDependencyGeneratePcm arm64 /tmp/MYR175-Classify-Candidate-Mac/ModuleCache.noindex/RelevanceKit-CCD251NUU007FRZSGYZGB0PTJ.pcm

SwiftExplicitDependencyGeneratePcm arm64 /tmp/MYR175-Classify-Candidate-Mac/ModuleCache.noindex/ApplicationServices-R3PZON7LBYH0744BRJRAI3TS.pcm

SwiftExplicitDependencyGeneratePcm arm64 /tmp/MYR175-Classify-Candidate-Mac/ModuleCache.noindex/Symbols-9S8DOVM1RBA3KP994DRQJHYC5.pcm

SwiftExplicitDependencyGeneratePcm arm64 /tmp/MYR175-Classify-Candidate-Mac/ModuleCache.noindex/IOSurface-73M4JXE7SY8YTVIGCY4KOJPMZ.pcm

SwiftExplicitDependencyGeneratePcm arm64 /tmp/MYR175-Classify-Candidate-Mac/ModuleCache.noindex/WidgetKit-1W8CEV08RK63RLJ5VVD5HZ8ZA.pcm

SwiftExplicitDependencyGeneratePcm arm64 /tmp/MYR175-Classify-Candidate-Mac/ModuleCache.noindex/UniformTypeIdentifiers-KSJ4ADD0D7IZOWU6EC2H8MYD.pcm

SwiftExplicitDependencyGeneratePcm arm64 /tmp/MYR175-Classify-Candidate-Mac/ModuleCache.noindex/CoreData-E7NPVQ1KB938WJG41NQPE1YN6.pcm

SwiftExplicitDependencyGeneratePcm arm64 /tmp/MYR175-Classify-Candidate-Mac/ModuleCache.noindex/Accessibility-2YN383TVAD9SIUXO6GZJWSGKQ.pcm

SwiftExplicitDependencyGeneratePcm arm64 /tmp/MYR175-Classify-Candidate-Mac/ModuleCache.noindex/Metal-3OXZ2LUVDZVWQMZ252JH1TE9X.pcm

SwiftExplicitDependencyGeneratePcm arm64 /tmp/MYR175-Classify-Candidate-Mac/ModuleCache.noindex/CoreSpotlight-1DSK2WWB35PRX7XWE1APXGEMN.pcm

SwiftExplicitDependencyGeneratePcm arm64 /tmp/MYR175-Classify-Candidate-Mac/ModuleCache.noindex/UserNotifications-D6UA8UTWG9GB5BR77LF53N3R7.pcm

SwiftExplicitDependencyGeneratePcm arm64 /tmp/MYR175-Classify-Candidate-Mac/ModuleCache.noindex/OSLog-EJQOOKOCSROWZSJBWKHVRUE8.pcm

SwiftExplicitDependencyGeneratePcm arm64 /tmp/MYR175-Classify-Candidate-Mac/ModuleCache.noindex/Network-B9QN7VLAEWT2FBLP085R1EYRB.pcm

SwiftExplicitDependencyGeneratePcm arm64 /tmp/MYR175-Classify-Candidate-Mac/ModuleCache.noindex/CoreTransferable-C96G7Z83C4ARP1CYKWK3LL048.pcm

SwiftExplicitDependencyGeneratePcm arm64 /tmp/MYR175-Classify-Candidate-Mac/ModuleCache.noindex/CoreLocation-6WOV26G0O91OV489RW594HBXB.pcm

SwiftExplicitDependencyGeneratePcm arm64 /tmp/MYR175-Classify-Candidate-Mac/ModuleCache.noindex/CoreVideo-17OFAJ1ON98WJ628RPNY7U1MK.pcm

SwiftExplicitDependencyGeneratePcm arm64 /tmp/MYR175-Classify-Candidate-Mac/ModuleCache.noindex/Intents-951ZQF4S8TI0FDTMMPE24V4F.pcm

SwiftExplicitDependencyGeneratePcm arm64 /tmp/MYR175-Classify-Candidate-Mac/ModuleCache.noindex/CoreImage-56H1KVIELWFOPFXW5XI1HZGWB.pcm

SwiftExplicitDependencyGeneratePcm arm64 /tmp/MYR175-Classify-Candidate-Mac/ModuleCache.noindex/QuartzCore-3T1VQXPCQAMP5DV34O9FCBQ0.pcm

SwiftExplicitDependencyGeneratePcm arm64 /tmp/MYR175-Classify-Candidate-Mac/ModuleCache.noindex/SwiftUICore-3DDK8UNHLJEXANFDPHDXNYZ23.pcm

SwiftExplicitDependencyGeneratePcm arm64 /tmp/MYR175-Classify-Candidate-Mac/ModuleCache.noindex/AppKit-9KUVJB6SIPDLP0ZDQ0QL2SRKT.pcm

SwiftExplicitDependencyGeneratePcm arm64 /tmp/MYR175-Classify-Candidate-Mac/ModuleCache.noindex/Cocoa-3KEYANS0P7V46MGT2XXWQFJXG.pcm

SwiftExplicitDependencyGeneratePcm arm64 /tmp/MYR175-Classify-Candidate-Mac/ModuleCache.noindex/SwiftUI-ESKEUUZATSNMD1349PIEURHIG.pcm

SwiftExplicitDependencyGeneratePcm arm64 /tmp/MYR175-Classify-Candidate-Mac/ModuleCache.noindex/MultipeerConnectivity-33EPJV7PURDJI0FPUEZX7JFRZ.pcm

SwiftEmitModule normal arm64 Emitting\ module\ for\ MyRAMMac (in target 'MyRAMMac' from project 'MyRAM')

EmitSwiftModule normal arm64 (in target 'MyRAMMac' from project 'MyRAM')
    cd /Users/runner/work/MyRAM-iOS/MyRAM-iOS/Candidate
    

SwiftCompile normal arm64 Compiling\ ExplicitDeleteProvenanceValidator.swift,\ SyncConvergencePlanner.swift,\ IncrementalEditIntegrationTypes.swift,\ RetainedOperationCausalGraph.swift,\ SwiftDataSyncConvergencePersistenceTransaction.swift,\ SyncConvergencePostCommitTypes.swift,\ SyncConvergencePostCommitGating.swift,\ SwiftDataSyncConvergencePostCommitStore.swift,\ SyncConvergencePostCommitExecutor.swift,\ SyncConvergenceLocalObligation.swift,\ FileBackedSyncConvergenceLocalObligationQueue.swift,\ SyncConvergenceDrainPassScheduler.swift,\ SyncConvergenceRuntime.swift,\ SyncBatchUnsentQueue.swift,\ FileBackedSyncBatchQueue.swift,\ MyRAMSyncModels.swift,\ SyncConflictStore.swift,\ MyRAMWidgetContentSelectionPolicy.swift,\ MyRAMWidgetSnapshotStore.swift,\ MyRAMWidgetSnapshot.swift /Users/runner/work/MyRAM-iOS/MyRAM-iOS/Candidate/MyRAM/Sync/Convergence/ExplicitDeleteProvenanceValidator.swift /Users/runner/work/MyRAM-iOS/MyRAM-iOS/Candidate/MyRAM/Sync/Convergence/SyncConvergencePlanner.swift /Users/runner/work/MyRAM-iOS/MyRAM-iOS/Candidate/MyRAM/Sync/Convergence/IncrementalEditIntegrationTypes.swift /Users/runner/work/MyRAM-iOS/MyRAM-iOS/Candidate/MyRAM/Sync/Convergence/RetainedOperationCausalGraph.swift /Users/runner/work/MyRAM-iOS/MyRAM-iOS/Candidate/MyRAM/Sync/Convergence/SwiftDataSyncConvergencePersistenceTransaction.swift /Users/runner/work/MyRAM-iOS/MyRAM-iOS/Candidate/MyRAM/Sync/Convergence/SyncConvergencePostCommitTypes.swift /Users/runner/work/MyRAM-iOS/MyRAM-iOS/Candidate/MyRAM/Sync/Convergence/SyncConvergencePostCommitGating.swift /Users/runner/work/MyRAM-iOS/MyRAM-iOS/Candidate/MyRAM/Sync/Convergence/SwiftDataSyncConvergencePostCommitStore.swift /Users/runner/work/MyRAM-iOS/MyRAM-iOS/Candidate/MyRAM/Sync/Convergence/SyncConvergencePostCommitExecutor.swift /Users/runner/work/MyRAM-iOS/MyRAM-iOS/Candidate/MyRAM/Sync/Convergence/SyncConvergenceLocalObligation.swift /Users/runner/work/MyRAM-iOS/MyRAM-iOS/Candidate/MyRAM/Sync/Convergence/FileBackedSyncConvergenceLocalObligationQueue.swift /Users/runner/work/MyRAM-iOS/MyRAM-iOS/Candidate/MyRAM/Sync/Convergence/SyncConvergenceDrainPassScheduler.swift /Users/runner/work/MyRAM-iOS/MyRAM-iOS/Candidate/MyRAM/Sync/Convergence/SyncConvergenceRuntime.swift /Users/runner/work/MyRAM-iOS/MyRAM-iOS/Candidate/MyRAM/Sync/Batch/SyncBatchUnsentQueue.swift /Users/runner/work/MyRAM-iOS/MyRAM-iOS/Candidate/MyRAM/Sync/Batch/FileBackedSyncBatchQueue.swift /Users/runner/work/MyRAM-iOS/MyRAM-iOS/Candidate/MyRAM/Sync/MyRAMSyncModels.swift /Users/runner/work/MyRAM-iOS/MyRAM-iOS/Candidate/MyRAM/Sync/SyncConflictStore.swift /Users/runner/work/MyRAM-iOS/MyRAM-iOS/Candidate/MyRAM/WidgetShared/MyRAMWidgetContentSelectionPolicy.swift /Users/runner/work/MyRAM-iOS/MyRAM-iOS/Candidate/MyRAM/WidgetShared/MyRAMWidgetSnapshotStore.swift /Users/runner/work/MyRAM-iOS/MyRAM-iOS/Candidate/MyRAM/WidgetShared/MyRAMWidgetSnapshot.swift (in target 'MyRAMMac' from project 'MyRAM')
SwiftCompile normal arm64 /Users/runner/work/MyRAM-iOS/MyRAM-iOS/Candidate/MyRAM/Sync/Convergence/ExplicitDeleteProvenanceValidator.swift (in target 'MyRAMMac' from project 'MyRAM')
    cd /Users/runner/work/MyRAM-iOS/MyRAM-iOS/Candidate
    

SwiftCompile normal arm64 /Users/runner/work/MyRAM-iOS/MyRAM-iOS/Candidate/MyRAM/Sync/Convergence/SyncConvergencePlanner.swift (in target 'MyRAMMac' from project 'MyRAM')
    cd /Users/runner/work/MyRAM-iOS/MyRAM-iOS/Candidate
    

SwiftCompile normal arm64 /Users/runner/work/MyRAM-iOS/MyRAM-iOS/Candidate/MyRAM/Sync/Convergence/IncrementalEditIntegrationTypes.swift (in target 'MyRAMMac' from project 'MyRAM')
    cd /Users/runner/work/MyRAM-iOS/MyRAM-iOS/Candidate
    

SwiftCompile normal arm64 /Users/runner/work/MyRAM-iOS/MyRAM-iOS/Candidate/MyRAM/Sync/Convergence/RetainedOperationCausalGraph.swift (in target 'MyRAMMac' from project 'MyRAM')
    cd /Users/runner/work/MyRAM-iOS/MyRAM-iOS/Candidate
    

SwiftCompile normal arm64 /Users/runner/work/MyRAM-iOS/MyRAM-iOS/Candidate/MyRAM/Sync/Convergence/SwiftDataSyncConvergencePersistenceTransaction.swift (in target 'MyRAMMac' from project 'MyRAM')
    cd /Users/runner/work/MyRAM-iOS/MyRAM-iOS/Candidate
    

SwiftCompile normal arm64 /Users/runner/work/MyRAM-iOS/MyRAM-iOS/Candidate/MyRAM/Sync/Convergence/SyncConvergencePostCommitTypes.swift (in target 'MyRAMMac' from project 'MyRAM')
    cd /Users/runner/work/MyRAM-iOS/MyRAM-iOS/Candidate
    

SwiftCompile normal arm64 /Users/runner/work/MyRAM-iOS/MyRAM-iOS/Candidate/MyRAM/Sync/Convergence/SyncConvergencePostCommitGating.swift (in target 'MyRAMMac' from project 'MyRAM')
    cd /Users/runner/work/MyRAM-iOS/MyRAM-iOS/Candidate
    

SwiftCompile normal arm64 /Users/runner/work/MyRAM-iOS/MyRAM-iOS/Candidate/MyRAM/Sync/Convergence/SwiftDataSyncConvergencePostCommitStore.swift (in target 'MyRAMMac' from project 'MyRAM')
    cd /Users/runner/work/MyRAM-iOS/MyRAM-iOS/Candidate
    

SwiftCompile normal arm64 /Users/runner/work/MyRAM-iOS/MyRAM-iOS/Candidate/MyRAM/Sync/Convergence/SyncConvergencePostCommitExecutor.swift (in target 'MyRAMMac' from project 'MyRAM')
    cd /Users/runner/work/MyRAM-iOS/MyRAM-iOS/Candidate
    

SwiftCompile normal arm64 /Users/runner/work/MyRAM-iOS/MyRAM-iOS/Candidate/MyRAM/Sync/Convergence/SyncConvergenceLocalObligation.swift (in target 'MyRAMMac' from project 'MyRAM')
    cd /Users/runner/work/MyRAM-iOS/MyRAM-iOS/Candidate
    

SwiftCompile normal arm64 /Users/runner/work/MyRAM-iOS/MyRAM-iOS/Candidate/MyRAM/Sync/Convergence/FileBackedSyncConvergenceLocalObligationQueue.swift (in target 'MyRAMMac' from project 'MyRAM')
    cd /Users/runner/work/MyRAM-iOS/MyRAM-iOS/Candidate
    

SwiftCompile normal arm64 /Users/runner/work/MyRAM-iOS/MyRAM-iOS/Candidate/MyRAM/Sync/Convergence/SyncConvergenceDrainPassScheduler.swift (in target 'MyRAMMac' from project 'MyRAM')
    cd /Users/runner/work/MyRAM-iOS/MyRAM-iOS/Candidate
    

SwiftCompile normal arm64 /Users/runner/work/MyRAM-iOS/MyRAM-iOS/Candidate/MyRAM/Sync/Convergence/SyncConvergenceRuntime.swift (in target 'MyRAMMac' from project 'MyRAM')
    cd /Users/runner/work/MyRAM-iOS/MyRAM-iOS/Candidate
    

SwiftCompile normal arm64 /Users/runner/work/MyRAM-iOS/MyRAM-iOS/Candidate/MyRAM/Sync/Batch/SyncBatchUnsentQueue.swift (in target 'MyRAMMac' from project 'MyRAM')
    cd /Users/runner/work/MyRAM-iOS/MyRAM-iOS/Candidate
    

SwiftCompile normal arm64 /Users/runner/work/MyRAM-iOS/MyRAM-iOS/Candidate/MyRAM/Sync/Batch/FileBackedSyncBatchQueue.swift (in target 'MyRAMMac' from project 'MyRAM')
    cd /Users/runner/work/MyRAM-iOS/MyRAM-iOS/Candidate
    

SwiftCompile normal arm64 /Users/runner/work/MyRAM-iOS/MyRAM-iOS/Candidate/MyRAM/Sync/MyRAMSyncModels.swift (in target 'MyRAMMac' from project 'MyRAM')
    cd /Users/runner/work/MyRAM-iOS/MyRAM-iOS/Candidate
    

SwiftCompile normal arm64 /Users/runner/work/MyRAM-iOS/MyRAM-iOS/Candidate/MyRAM/Sync/SyncConflictStore.swift (in target 'MyRAMMac' from project 'MyRAM')
    cd /Users/runner/work/MyRAM-iOS/MyRAM-iOS/Candidate
    

SwiftCompile normal arm64 /Users/runner/work/MyRAM-iOS/MyRAM-iOS/Candidate/MyRAM/WidgetShared/MyRAMWidgetContentSelectionPolicy.swift (in target 'MyRAMMac' from project 'MyRAM')
    cd /Users/runner/work/MyRAM-iOS/MyRAM-iOS/Candidate
    

SwiftCompile normal arm64 /Users/runner/work/MyRAM-iOS/MyRAM-iOS/Candidate/MyRAM/WidgetShared/MyRAMWidgetSnapshotStore.swift (in target 'MyRAMMac' from project 'MyRAM')
    cd /Users/runner/work/MyRAM-iOS/MyRAM-iOS/Candidate
    

SwiftCompile normal arm64 /Users/runner/work/MyRAM-iOS/MyRAM-iOS/Candidate/MyRAM/WidgetShared/MyRAMWidgetSnapshot.swift (in target 'MyRAMMac' from project 'MyRAM')
    cd /Users/runner/work/MyRAM-iOS/MyRAM-iOS/Candidate
    

SwiftCompile normal arm64 Compiling\ Folder.swift,\ MyRAMSchema.swift,\ PersistenceManager.swift,\ MacSidebarCollapsePolicy.swift,\ SyncBatchPayload.swift,\ SyncBatchAnchoredPayloadAdapter.swift,\ SyncBatchAnchoredPayloadPolicy.swift,\ SyncBatchPeerCapability.swift,\ SyncBatchTransportAdmissionPlanner.swift,\ SyncBatchEnvelope.swift,\ MultipeerSyncMessageEnvelope.swift,\ SyncBatchSeenBatchStore.swift,\ SyncBatchUTF16Helpers.swift,\ SyncBatchNoteChangeCapture.swift,\ SyncConvergenceTypes.swift,\ SyncConvergenceModels.swift,\ SyncConvergencePlanningTypes.swift,\ SyncConvergenceRewriteSafetyPolicy.swift,\ ExplicitDeleteProvenanceTypes.swift,\ ExplicitDeleteProvenanceBuilder.swift /Users/runner/work/MyRAM-iOS/MyRAM-iOS/Candidate/MyRAM/Models/Folder.swift /Users/runner/work/MyRAM-iOS/MyRAM-iOS/Candidate/MyRAM/MyRAMSchema.swift /Users/runner/work/MyRAM-iOS/MyRAM-iOS/Candidate/MyRAM/PersistenceManager.swift /Users/runner/work/MyRAM-iOS/MyRAM-iOS/Candidate/MyRAM/Mac/MacSidebarCollapsePolicy.swift /Users/runner/work/MyRAM-iOS/MyRAM-iOS/Candidate/MyRAM/Sync/Batch/SyncBatchPayload.swift /Users/runner/work/MyRAM-iOS/MyRAM-iOS/Candidate/MyRAM/Sync/Batch/SyncBatchAnchoredPayloadAdapter.swift /Users/runner/work/MyRAM-iOS/MyRAM-iOS/Candidate/MyRAM/Sync/Batch/SyncBatchAnchoredPayloadPolicy.swift /Users/runner/work/MyRAM-iOS/MyRAM-iOS/Candidate/MyRAM/Sync/Batch/SyncBatchPeerCapability.swift /Users/runner/work/MyRAM-iOS/MyRAM-iOS/Candidate/MyRAM/Sync/Batch/SyncBatchTransportAdmissionPlanner.swift /Users/runner/work/MyRAM-iOS/MyRAM-iOS/Candidate/MyRAM/Sync/Batch/SyncBatchEnvelope.swift /Users/runner/work/MyRAM-iOS/MyRAM-iOS/Candidate/MyRAM/Sync/Batch/MultipeerSyncMessageEnvelope.swift /Users/runner/work/MyRAM-iOS/MyRAM-iOS/Candidate/MyRAM/Sync/Batch/SyncBatchSeenBatchStore.swift /Users/runner/work/MyRAM-iOS/MyRAM-iOS/Candidate/MyRAM/Sync/Batch/SyncBatchUTF16Helpers.swift /Users/runner/work/MyRAM-iOS/MyRAM-iOS/Candidate/MyRAM/Sync/Batch/SyncBatchNoteChangeCapture.swift /Users/runner/work/MyRAM-iOS/MyRAM-iOS/Candidate/MyRAM/Sync/Convergence/SyncConvergenceTypes.swift /Users/runner/work/MyRAM-iOS/MyRAM-iOS/Candidate/MyRAM/Sync/Convergence/SyncConvergenceModels.swift /Users/runner/work/MyRAM-iOS/MyRAM-iOS/Candidate/MyRAM/Sync/Convergence/SyncConvergencePlanningTypes.swift /Users/runner/work/MyRAM-iOS/MyRAM-iOS/Candidate/MyRAM/Sync/Convergence/SyncConvergenceRewriteSafetyPolicy.swift /Users/runner/work/MyRAM-iOS/MyRAM-iOS/Candidate/MyRAM/Sync/Convergence/ExplicitDeleteProvenanceTypes.swift /Users/runner/work/MyRAM-iOS/MyRAM-iOS/Candidate/MyRAM/Sync/Convergence/ExplicitDeleteProvenanceBuilder.swift (in target 'MyRAMMac' from project 'MyRAM')

SwiftCompile normal arm64 /Users/runner/work/MyRAM-iOS/MyRAM-iOS/Candidate/MyRAM/Models/Folder.swift (in target 'MyRAMMac' from project 'MyRAM')
    cd /Users/runner/work/MyRAM-iOS/MyRAM-iOS/Candidate
    

SwiftCompile normal arm64 /Users/runner/work/MyRAM-iOS/MyRAM-iOS/Candidate/MyRAM/MyRAMSchema.swift (in target 'MyRAMMac' from project 'MyRAM')
    cd /Users/runner/work/MyRAM-iOS/MyRAM-iOS/Candidate
    

SwiftCompile normal arm64 /Users/runner/work/MyRAM-iOS/MyRAM-iOS/Candidate/MyRAM/PersistenceManager.swift (in target 'MyRAMMac' from project 'MyRAM')
    cd /Users/runner/work/MyRAM-iOS/MyRAM-iOS/Candidate
    

SwiftCompile normal arm64 /Users/runner/work/MyRAM-iOS/MyRAM-iOS/Candidate/MyRAM/Mac/MacSidebarCollapsePolicy.swift (in target 'MyRAMMac' from project 'MyRAM')
    cd /Users/runner/work/MyRAM-iOS/MyRAM-iOS/Candidate
    

SwiftCompile normal arm64 /Users/runner/work/MyRAM-iOS/MyRAM-iOS/Candidate/MyRAM/Sync/Batch/SyncBatchPayload.swift (in target 'MyRAMMac' from project 'MyRAM')
    cd /Users/runner/work/MyRAM-iOS/MyRAM-iOS/Candidate
    

SwiftCompile normal arm64 /Users/runner/work/MyRAM-iOS/MyRAM-iOS/Candidate/MyRAM/Sync/Batch/SyncBatchAnchoredPayloadAdapter.swift (in target 'MyRAMMac' from project 'MyRAM')
    cd /Users/runner/work/MyRAM-iOS/MyRAM-iOS/Candidate
    

SwiftCompile normal arm64 /Users/runner/work/MyRAM-iOS/MyRAM-iOS/Candidate/MyRAM/Sync/Batch/SyncBatchAnchoredPayloadPolicy.swift (in target 'MyRAMMac' from project 'MyRAM')
    cd /Users/runner/work/MyRAM-iOS/MyRAM-iOS/Candidate
    

SwiftCompile normal arm64 /Users/runner/work/MyRAM-iOS/MyRAM-iOS/Candidate/MyRAM/Sync/Batch/SyncBatchPeerCapability.swift (in target 'MyRAMMac' from project 'MyRAM')
    cd /Users/runner/work/MyRAM-iOS/MyRAM-iOS/Candidate
    

SwiftCompile normal arm64 /Users/runner/work/MyRAM-iOS/MyRAM-iOS/Candidate/MyRAM/Sync/Batch/SyncBatchTransportAdmissionPlanner.swift (in target 'MyRAMMac' from project 'MyRAM')
    cd /Users/runner/work/MyRAM-iOS/MyRAM-iOS/Candidate
    

SwiftCompile normal arm64 /Users/runner/work/MyRAM-iOS/MyRAM-iOS/Candidate/MyRAM/Sync/Batch/SyncBatchEnvelope.swift (in target 'MyRAMMac' from project 'MyRAM')
    cd /Users/runner/work/MyRAM-iOS/MyRAM-iOS/Candidate
    

SwiftCompile normal arm64 /Users/runner/work/MyRAM-iOS/MyRAM-iOS/Candidate/MyRAM/Sync/Batch/MultipeerSyncMessageEnvelope.swift (in target 'MyRAMMac' from project 'MyRAM')
    cd /Users/runner/work/MyRAM-iOS/MyRAM-iOS/Candidate
    

SwiftCompile normal arm64 /Users/runner/work/MyRAM-iOS/MyRAM-iOS/Candidate/MyRAM/Sync/Batch/SyncBatchSeenBatchStore.swift (in target 'MyRAMMac' from project 'MyRAM')
    cd /Users/runner/work/MyRAM-iOS/MyRAM-iOS/Candidate
    

SwiftCompile normal arm64 /Users/runner/work/MyRAM-iOS/MyRAM-iOS/Candidate/MyRAM/Sync/Batch/SyncBatchUTF16Helpers.swift (in target 'MyRAMMac' from project 'MyRAM')
    cd /Users/runner/work/MyRAM-iOS/MyRAM-iOS/Candidate
    

SwiftCompile normal arm64 /Users/runner/work/MyRAM-iOS/MyRAM-iOS/Candidate/MyRAM/Sync/Batch/SyncBatchNoteChangeCapture.swift (in target 'MyRAMMac' from project 'MyRAM')
    cd /Users/runner/work/MyRAM-iOS/MyRAM-iOS/Candidate
    

SwiftCompile normal arm64 /Users/runner/work/MyRAM-iOS/MyRAM-iOS/Candidate/MyRAM/Sync/Convergence/SyncConvergenceTypes.swift (in target 'MyRAMMac' from project 'MyRAM')
    cd /Users/runner/work/MyRAM-iOS/MyRAM-iOS/Candidate
    

SwiftCompile normal arm64 /Users/runner/work/MyRAM-iOS/MyRAM-iOS/Candidate/MyRAM/Sync/Convergence/SyncConvergenceModels.swift (in target 'MyRAMMac' from project 'MyRAM')
    cd /Users/runner/work/MyRAM-iOS/MyRAM-iOS/Candidate
    

SwiftCompile normal arm64 /Users/runner/work/MyRAM-iOS/MyRAM-iOS/Candidate/MyRAM/Sync/Convergence/SyncConvergencePlanningTypes.swift (in target 'MyRAMMac' from project 'MyRAM')
    cd /Users/runner/work/MyRAM-iOS/MyRAM-iOS/Candidate
    

SwiftCompile normal arm64 /Users/runner/work/MyRAM-iOS/MyRAM-iOS/Candidate/MyRAM/Sync/Convergence/SyncConvergenceRewriteSafetyPolicy.swift (in target 'MyRAMMac' from project 'MyRAM')
    cd /Users/runner/work/MyRAM-iOS/MyRAM-iOS/Candidate
    

SwiftCompile normal arm64 /Users/runner/work/MyRAM-iOS/MyRAM-iOS/Candidate/MyRAM/Sync/Convergence/ExplicitDeleteProvenanceTypes.swift (in target 'MyRAMMac' from project 'MyRAM')
    cd /Users/runner/work/MyRAM-iOS/MyRAM-iOS/Candidate
    

SwiftCompile normal arm64 /Users/runner/work/MyRAM-iOS/MyRAM-iOS/Candidate/MyRAM/Sync/Convergence/ExplicitDeleteProvenanceBuilder.swift (in target 'MyRAMMac' from project 'MyRAM')
    cd /Users/runner/work/MyRAM-iOS/MyRAM-iOS/Candidate
    

SwiftCompile normal arm64 Compiling\ MyRAMExternalOpenDispatcher.swift,\ MyRAMWidgetHostCoordinator.swift,\ MyRAMWidgetNoteRouting.swift,\ MyRAMWidgetSelectionButton.swift,\ MarkdownFileIO.swift,\ MarkdownPreview.swift,\ MarkdownPreviewModePolicy.swift,\ MarkdownPreviewUIKitSyncExecutor.swift,\ MarkdownPreviewUIKitDeferredScheduler.swift,\ MarkdownPreviewUIKitEditorResignation.swift,\ MarkdownPreviewUIKitPostResignationReconciliation.swift,\ MarkdownPreviewUIKitAcceptedRestoreSupersession.swift,\ MacMarkdownPreviewFocusResignation.swift,\ MacNoteViewZoom.swift,\ MacMarkdownPreviewDocumentBuilder.swift,\ MacMarkdownPreviewTextView.swift,\ MacMarkdownFileCommands.swift,\ MacMarkdownFileOperationCoordinator.swift,\ NoteSequenceStateRecord.swift,\ NoteSequenceStateBootstrapAdapter.swift,\ NoteSequenceStateFullBodyIntegration.swift /Users/runner/work/MyRAM-iOS/MyRAM-iOS/Candidate/MyRAM/WidgetHost/MyRAMExternalOpenDispatcher.swift /Users/runner/work/MyRAM-iOS/MyRAM-iOS/Candidate/MyRAM/WidgetHost/MyRAMWidgetHostCoordinator.swift /Users/runner/work/MyRAM-iOS/MyRAM-iOS/Candidate/MyRAM/WidgetHost/MyRAMWidgetNoteRouting.swift /Users/runner/work/MyRAM-iOS/MyRAM-iOS/Candidate/MyRAM/WidgetHost/MyRAMWidgetSelectionButton.swift /Users/runner/work/MyRAM-iOS/MyRAM-iOS/Candidate/MyRAM/Markdown/MarkdownFileIO.swift /Users/runner/work/MyRAM-iOS/MyRAM-iOS/Candidate/MyRAM/Markdown/MarkdownPreview.swift /Users/runner/work/MyRAM-iOS/MyRAM-iOS/Candidate/MyRAM/Markdown/MarkdownPreviewModePolicy.swift /Users/runner/work/MyRAM-iOS/MyRAM-iOS/Candidate/MyRAM/Markdown/MarkdownPreviewUIKitSyncExecutor.swift /Users/runner/work/MyRAM-iOS/MyRAM-iOS/Candidate/MyRAM/Markdown/MarkdownPreviewUIKitDeferredScheduler.swift /Users/runner/work/MyRAM-iOS/MyRAM-iOS/Candidate/MyRAM/Markdown/MarkdownPreviewUIKitEditorResignation.swift /Users/runner/work/MyRAM-iOS/MyRAM-iOS/Candidate/MyRAM/Markdown/MarkdownPreviewUIKitPostResignationReconciliation.swift /Users/runner/work/MyRAM-iOS/MyRAM-iOS/Candidate/MyRAM/Markdown/MarkdownPreviewUIKitAcceptedRestoreSupersession.swift /Users/runner/work/MyRAM-iOS/MyRAM-iOS/Candidate/MyRAM/Mac/MacMarkdownPreviewFocusResignation.swift /Users/runner/work/MyRAM-iOS/MyRAM-iOS/Candidate/MyRAM/Mac/MacNoteViewZoom.swift /Users/runner/work/MyRAM-iOS/MyRAM-iOS/Candidate/MyRAM/Mac/MacMarkdownPreviewDocumentBuilder.swift /Users/runner/work/MyRAM-iOS/MyRAM-iOS/Candidate/MyRAM/Mac/MacMarkdownPreviewTextView.swift /Users/runner/work/MyRAM-iOS/MyRAM-iOS/Candidate/MyRAM/Mac/MacMarkdownFileCommands.swift /Users/runner/work/MyRAM-iOS/MyRAM-iOS/Candidate/MyRAM/Mac/MacMarkdownFileOperationCoordinator.swift /Users/runner/work/MyRAM-iOS/MyRAM-iOS/Candidate/MyRAM/Sync/AnchoredSequence/NoteSequenceStateRecord.swift /Users/runner/work/MyRAM-iOS/MyRAM-iOS/Candidate/MyRAM/Sync/AnchoredSequence/NoteSequenceStateBootstrapAdapter.swift /Users/runner/work/MyRAM-iOS/MyRAM-iOS/Candidate/MyRAM/Sync/AnchoredSequence/NoteSequenceStateFullBodyIntegration.swift (in target 'MyRAMMac' from project 'MyRAM')

SwiftCompile normal arm64 /Users/runner/work/MyRAM-iOS/MyRAM-iOS/Candidate/MyRAM/WidgetHost/MyRAMExternalOpenDispatcher.swift (in target 'MyRAMMac' from project 'MyRAM')
    cd /Users/runner/work/MyRAM-iOS/MyRAM-iOS/Candidate
    

SwiftCompile normal arm64 /Users/runner/work/MyRAM-iOS/MyRAM-iOS/Candidate/MyRAM/WidgetHost/MyRAMWidgetHostCoordinator.swift (in target 'MyRAMMac' from project 'MyRAM')
    cd /Users/runner/work/MyRAM-iOS/MyRAM-iOS/Candidate
    

SwiftCompile normal arm64 /Users/runner/work/MyRAM-iOS/MyRAM-iOS/Candidate/MyRAM/WidgetHost/MyRAMWidgetNoteRouting.swift (in target 'MyRAMMac' from project 'MyRAM')
    cd /Users/runner/work/MyRAM-iOS/MyRAM-iOS/Candidate
    

SwiftCompile normal arm64 /Users/runner/work/MyRAM-iOS/MyRAM-iOS/Candidate/MyRAM/WidgetHost/MyRAMWidgetSelectionButton.swift (in target 'MyRAMMac' from project 'MyRAM')
    cd /Users/runner/work/MyRAM-iOS/MyRAM-iOS/Candidate
    

SwiftCompile normal arm64 /Users/runner/work/MyRAM-iOS/MyRAM-iOS/Candidate/MyRAM/Markdown/MarkdownFileIO.swift (in target 'MyRAMMac' from project 'MyRAM')
    cd /Users/runner/work/MyRAM-iOS/MyRAM-iOS/Candidate
    

SwiftCompile normal arm64 /Users/runner/work/MyRAM-iOS/MyRAM-iOS/Candidate/MyRAM/Markdown/MarkdownPreview.swift (in target 'MyRAMMac' from project 'MyRAM')
    cd /Users/runner/work/MyRAM-iOS/MyRAM-iOS/Candidate
    

SwiftCompile normal arm64 /Users/runner/work/MyRAM-iOS/MyRAM-iOS/Candidate/MyRAM/Markdown/MarkdownPreviewModePolicy.swift (in target 'MyRAMMac' from project 'MyRAM')
    cd /Users/runner/work/MyRAM-iOS/MyRAM-iOS/Candidate
    

SwiftCompile normal arm64 /Users/runner/work/MyRAM-iOS/MyRAM-iOS/Candidate/MyRAM/Markdown/MarkdownPreviewUIKitSyncExecutor.swift (in target 'MyRAMMac' from project 'MyRAM')
    cd /Users/runner/work/MyRAM-iOS/MyRAM-iOS/Candidate
    

SwiftCompile normal arm64 /Users/runner/work/MyRAM-iOS/MyRAM-iOS/Candidate/MyRAM/Markdown/MarkdownPreviewUIKitDeferredScheduler.swift (in target 'MyRAMMac' from project 'MyRAM')
    cd /Users/runner/work/MyRAM-iOS/MyRAM-iOS/Candidate
    

SwiftCompile normal arm64 /Users/runner/work/MyRAM-iOS/MyRAM-iOS/Candidate/MyRAM/Markdown/MarkdownPreviewUIKitEditorResignation.swift (in target 'MyRAMMac' from project 'MyRAM')
    cd /Users/runner/work/MyRAM-iOS/MyRAM-iOS/Candidate
    

SwiftCompile normal arm64 /Users/runner/work/MyRAM-iOS/MyRAM-iOS/Candidate/MyRAM/Markdown/MarkdownPreviewUIKitPostResignationReconciliation.swift (in target 'MyRAMMac' from project 'MyRAM')
    cd /Users/runner/work/MyRAM-iOS/MyRAM-iOS/Candidate
    

SwiftCompile normal arm64 /Users/runner/work/MyRAM-iOS/MyRAM-iOS/Candidate/MyRAM/Markdown/MarkdownPreviewUIKitAcceptedRestoreSupersession.swift (in target 'MyRAMMac' from project 'MyRAM')
    cd /Users/runner/work/MyRAM-iOS/MyRAM-iOS/Candidate
    

SwiftCompile normal arm64 /Users/runner/work/MyRAM-iOS/MyRAM-iOS/Candidate/MyRAM/Mac/MacMarkdownPreviewFocusResignation.swift (in target 'MyRAMMac' from project 'MyRAM')
    cd /Users/runner/work/MyRAM-iOS/MyRAM-iOS/Candidate
    

SwiftCompile normal arm64 /Users/runner/work/MyRAM-iOS/MyRAM-iOS/Candidate/MyRAM/Mac/MacNoteViewZoom.swift (in target 'MyRAMMac' from project 'MyRAM')
    cd /Users/runner/work/MyRAM-iOS/MyRAM-iOS/Candidate
    

SwiftCompile normal arm64 /Users/runner/work/MyRAM-iOS/MyRAM-iOS/Candidate/MyRAM/Mac/MacMarkdownPreviewDocumentBuilder.swift (in target 'MyRAMMac' from project 'MyRAM')
    cd /Users/runner/work/MyRAM-iOS/MyRAM-iOS/Candidate
    

SwiftCompile normal arm64 /Users/runner/work/MyRAM-iOS/MyRAM-iOS/Candidate/MyRAM/Mac/MacMarkdownPreviewTextView.swift (in target 'MyRAMMac' from project 'MyRAM')
    cd /Users/runner/work/MyRAM-iOS/MyRAM-iOS/Candidate
    

SwiftCompile normal arm64 /Users/runner/work/MyRAM-iOS/MyRAM-iOS/Candidate/MyRAM/Mac/MacMarkdownFileCommands.swift (in target 'MyRAMMac' from project 'MyRAM')
    cd /Users/runner/work/MyRAM-iOS/MyRAM-iOS/Candidate
    

SwiftCompile normal arm64 /Users/runner/work/MyRAM-iOS/MyRAM-iOS/Candidate/MyRAM/Mac/MacMarkdownFileOperationCoordinator.swift (in target 'MyRAMMac' from project 'MyRAM')
    cd /Users/runner/work/MyRAM-iOS/MyRAM-iOS/Candidate
    

SwiftCompile normal arm64 /Users/runner/work/MyRAM-iOS/MyRAM-iOS/Candidate/MyRAM/Sync/AnchoredSequence/NoteSequenceStateRecord.swift (in target 'MyRAMMac' from project 'MyRAM')
    cd /Users/runner/work/MyRAM-iOS/MyRAM-iOS/Candidate
    

SwiftCompile normal arm64 /Users/runner/work/MyRAM-iOS/MyRAM-iOS/Candidate/MyRAM/Sync/AnchoredSequence/NoteSequenceStateBootstrapAdapter.swift (in target 'MyRAMMac' from project 'MyRAM')
    cd /Users/runner/work/MyRAM-iOS/MyRAM-iOS/Candidate
    

SwiftCompile normal arm64 /Users/runner/work/MyRAM-iOS/MyRAM-iOS/Candidate/MyRAM/Sync/AnchoredSequence/NoteSequenceStateFullBodyIntegration.swift (in target 'MyRAMMac' from project 'MyRAM')
    cd /Users/runner/work/MyRAM-iOS/MyRAM-iOS/Candidate
    

SwiftDriverJobDiscovery normal arm64 Emitting module for MyRAMMac (in target 'MyRAMMac' from project 'MyRAM')

SwiftDriver\ Compilation\ Requirements MyRAMMac normal arm64 com.apple.xcode.tools.swift.compiler (in target 'MyRAMMac' from project 'MyRAM')
    cd /Users/runner/work/MyRAM-iOS/MyRAM-iOS/Candidate
    builtin-Swift-Compilation-Requirements -- /Applications/Xcode_26.5.app/Contents/Developer/Toolchains/XcodeDefault.xctoolchain/usr/bin/swiftc -module-name MyRAMMac -Onone @/tmp/MYR175-Classify-Candidate-Mac/Build/Intermediates.noindex/MyRAM.build/Debug/MyRAMMac.build/Objects-normal/arm64/MyRAMMac.SwiftFileList -DDEBUG -enable-bare-slash-regex -enable-experimental-feature DebugDescriptionMacro -sdk /Applications/Xcode_26.5.app/Contents/Developer/Platforms/MacOSX.platform/Developer/SDKs/MacOSX26.5.sdk -target arm64-apple-macos14.0 -g -module-cache-path /tmp/MYR175-Classify-Candidate-Mac/ModuleCache.noindex -Xfrontend -serialize-debugging-options -enable-testing -index-store-path /tmp/MYR175-Classify-Candidate-Mac/Index.noindex/DataStore -Xcc -D_LIBCPP_HARDENING_MODE\=_LIBCPP_HARDENING_MODE_DEBUG -swift-version 5 -I /tmp/MYR175-Classify-Candidate-Mac/Build/Products/Debug -F /tmp/MYR175-Classify-Candidate-Mac/Build/Products/Debug/PackageFrameworks -F /tmp/MYR175-Classify-Candidate-Mac/Build/Products/Debug/PackageFrameworks -F /tmp/MYR175-Classify-Candidate-Mac/Build/Products/Debug -emit-localized-strings -emit-localized-strings-path /tmp/MYR175-Classify-Candidate-Mac/Build/Intermediates.noindex/MyRAM.build/Debug/MyRAMMac.build/Objects-normal/arm64 -c -j3 -enable-batch-mode -incremental -Xcc -ivfsstatcache -Xcc /tmp/MYR175-Classify-Candidate-Mac/SDKStatCaches.noindex/macosx26.5-25F70-688ef53f1462e2c8f657fdc38a81448f3599ee76dc2a8020dfcb4b41ead48a8c.sdkstatcache -output-file-map /tmp/MYR175-Classify-Candidate-Mac/Build/Intermediates.noindex/MyRAM.build/Debug/MyRAMMac.build/Objects-normal/arm64/MyRAMMac-OutputFileMap.json -use-frontend-parseable-output -save-temps -no-color-diagnostics -explicit-module-build -module-cache-path /tmp/MYR175-Classify-Candidate-Mac/Build/Intermediates.noindex/SwiftExplicitPrecompiledModules -clang-scanner-module-cache-path /tmp/MYR175-Classify-Candidate-Mac/ModuleCache.noindex -sdk-module-cache-path /tmp/MYR175-Classify-Candidate-Mac/ModuleCache.noindex -serialize-diagnostics -emit-dependencies -emit-module -emit-module-path /tmp/MYR175-Classify-Candidate-Mac/Build/Intermediates.noindex/MyRAM.build/Debug/MyRAMMac.build/Objects-normal/arm64/MyRAMMac.swiftmodule -validate-clang-modules-once -clang-build-session-file /tmp/MYR175-Classify-Candidate-Mac/ModuleCache.noindex/Session.modulevalidation -Xcc -I/tmp/MYR175-Classify-Candidate-Mac/Build/Intermediates.noindex/MyRAM.build/Debug/MyRAMMac.build/swift-overrides.hmap -emit-const-values -Xfrontend -const-gather-protocols-file -Xfrontend /tmp/MYR175-Classify-Candidate-Mac/Build/Intermediates.noindex/MyRAM.build/Debug/MyRAMMac.build/Objects-normal/arm64/MyRAMMac_const_extract_protocols.json -Xcc -iquote -Xcc /tmp/MYR175-Classify-Candidate-Mac/Build/Intermediates.noindex/MyRAM.build/Debug/MyRAMMac.build/MyRAMMac-generated-files.hmap -Xcc -I/tmp/MYR175-Classify-Candidate-Mac/Build/Intermediates.noindex/MyRAM.build/Debug/MyRAMMac.build/MyRAMMac-own-target-headers.hmap -Xcc -I/tmp/MYR175-Classify-Candidate-Mac/Build/Intermediates.noindex/MyRAM.build/Debug/MyRAMMac.build/MyRAMMac-all-non-framework-target-headers.hmap -Xcc -ivfsoverlay -Xcc /tmp/MYR175-Classify-Candidate-Mac/Build/Intermediates.noindex/MyRAM.build/Debug/MyRAM-98a9cbde253e8e955bc92731eb290203-VFS/all-product-headers.yaml -Xcc -iquote -Xcc /tmp/MYR175-Classify-Candidate-Mac/Build/Intermediates.noindex/MyRAM.build/Debug/MyRAMMac.build/MyRAMMac-project-headers.hmap -Xcc -I/tmp/MYR175-Classify-Candidate-Mac/Build/Products/Debug/include -Xcc -I/tmp/MYR175-Classify-Candidate-Mac/Build/Intermediates.noindex/MyRAM.build/Debug/MyRAMMac.build/DerivedSources-normal/arm64 -Xcc -I/tmp/MYR175-Classify-Candidate-Mac/Build/Intermediates.noindex/MyRAM.build/Debug/MyRAMMac.build/DerivedSources/arm64 -Xcc -I/tmp/MYR175-Classify-Candidate-Mac/Build/Intermediates.noindex/MyRAM.build/Debug/MyRAMMac.build/DerivedSources -Xcc -DDEBUG\=1 -emit-objc-header -emit-objc-header-path /tmp/MYR175-Classify-Candidate-Mac/Build/Intermediates.noindex/MyRAM.build/Debug/MyRAMMac.build/Objects-normal/arm64/MyRAMMac-Swift.h -working-directory /Users/runner/work/MyRAM-iOS/MyRAM-iOS/Candidate -experimental-emit-module-separately -disable-cmo

SwiftDriverJobDiscovery normal arm64 Compiling MyRAMExternalOpenDispatcher.swift, MyRAMWidgetHostCoordinator.swift, MyRAMWidgetNoteRouting.swift, MyRAMWidgetSelectionButton.swift, MarkdownFileIO.swift, MarkdownPreview.swift, MarkdownPreviewModePolicy.swift, MarkdownPreviewUIKitSyncExecutor.swift, MarkdownPreviewUIKitDeferredScheduler.swift, MarkdownPreviewUIKitEditorResignation.swift, MarkdownPreviewUIKitPostResignationReconciliation.swift, MarkdownPreviewUIKitAcceptedRestoreSupersession.swift, MacMarkdownPreviewFocusResignation.swift, MacNoteViewZoom.swift, MacMarkdownPreviewDocumentBuilder.swift, MacMarkdownPreviewTextView.swift, MacMarkdownFileCommands.swift, MacMarkdownFileOperationCoordinator.swift, NoteSequenceStateRecord.swift, NoteSequenceStateBootstrapAdapter.swift, NoteSequenceStateFullBodyIntegration.swift (in target 'MyRAMMac' from project 'MyRAM')

SwiftCompile normal arm64 Compiling\ MyRAMWidgetDeepLink.swift,\ MyRAMWidgetRuntimeConfiguration.swift,\ MyRAMWidgetSnapshotCodec.swift,\ MyRAMSyncChangeApplier.swift,\ MyRAMLegacySyncChangeValidator.swift,\ AppliedEditorMutation.swift,\ ActiveEditorApplicationPolicy.swift,\ ActiveEditorSyncUpdateHandler.swift,\ EditorSelectionMapper.swift,\ EditorRemoteApplyResult.swift,\ MacSyncModels.swift,\ MacSyncDeviceIdentity.swift,\ MacSyncSeenBatchStore.swift,\ MacSyncBatchAccumulator.swift,\ MacAppliedSyncBatch.swift,\ MacSyncBatchController.swift,\ MacSyncConvergenceCoordinator.swift,\ MacSyncConvergencePresentationAdapter.swift,\ MacLegacySyncReceiver.swift,\ GeneratedAssetSymbols.swift /Users/runner/work/MyRAM-iOS/MyRAM-iOS/Candidate/MyRAM/WidgetShared/MyRAMWidgetDeepLink.swift /Users/runner/work/MyRAM-iOS/MyRAM-iOS/Candidate/MyRAM/WidgetShared/MyRAMWidgetRuntimeConfiguration.swift /Users/runner/work/MyRAM-iOS/MyRAM-iOS/Candidate/MyRAM/WidgetShared/MyRAMWidgetSnapshotCodec.swift /Users/runner/work/MyRAM-iOS/MyRAM-iOS/Candidate/MyRAM/Sync/MyRAMSyncChangeApplier.swift /Users/runner/work/MyRAM-iOS/MyRAM-iOS/Candidate/MyRAM/Sync/Legacy/MyRAMLegacySyncChangeValidator.swift /Users/runner/work/MyRAM-iOS/MyRAM-iOS/Candidate/MyRAM/Sync/EditorApplication/AppliedEditorMutation.swift /Users/runner/work/MyRAM-iOS/MyRAM-iOS/Candidate/MyRAM/Sync/EditorApplication/ActiveEditorApplicationPolicy.swift /Users/runner/work/MyRAM-iOS/MyRAM-iOS/Candidate/MyRAM/Sync/EditorApplication/ActiveEditorSyncUpdateHandler.swift /Users/runner/work/MyRAM-iOS/MyRAM-iOS/Candidate/MyRAM/Sync/EditorApplication/EditorSelectionMapper.swift /Users/runner/work/MyRAM-iOS/MyRAM-iOS/Candidate/MyRAM/Sync/EditorApplication/EditorRemoteApplyResult.swift /Users/runner/work/MyRAM-iOS/MyRAM-iOS/Candidate/MyRAM/Mac/Sync/MacSyncModels.swift /Users/runner/work/MyRAM-iOS/MyRAM-iOS/Candidate/MyRAM/Mac/Sync/MacSyncDeviceIdentity.swift /Users/runner/work/MyRAM-iOS/MyRAM-iOS/Candidate/MyRAM/Mac/Sync/MacSyncSeenBatchStore.swift /Users/runner/work/MyRAM-iOS/MyRAM-iOS/Candidate/MyRAM/Mac/Sync/MacSyncBatchAccumulator.swift /Users/runner/work/MyRAM-iOS/MyRAM-iOS/Candidate/MyRAM/Mac/Sync/MacAppliedSyncBatch.swift /Users/runner/work/MyRAM-iOS/MyRAM-iOS/Candidate/MyRAM/Mac/Sync/MacSyncBatchController.swift /Users/runner/work/MyRAM-iOS/MyRAM-iOS/Candidate/MyRAM/Mac/Sync/MacSyncConvergenceCoordinator.swift /Users/runner/work/MyRAM-iOS/MyRAM-iOS/Candidate/MyRAM/Mac/Sync/MacSyncConvergencePresentationAdapter.swift /Users/runner/work/MyRAM-iOS/MyRAM-iOS/Candidate/MyRAM/Mac/Sync/MacLegacySyncReceiver.swift /tmp/MYR175-Classify-Candidate-Mac/Build/Intermediates.noindex/MyRAM.build/Debug/MyRAMMac.build/DerivedSources/GeneratedAssetSymbols.swift (in target 'MyRAMMac' from project 'MyRAM')
SwiftCompile normal arm64 /Users/runner/work/MyRAM-iOS/MyRAM-iOS/Candidate/MyRAM/WidgetShared/MyRAMWidgetDeepLink.swift (in target 'MyRAMMac' from project 'MyRAM')
    cd /Users/runner/work/MyRAM-iOS/MyRAM-iOS/Candidate
    

SwiftCompile normal arm64 /Users/runner/work/MyRAM-iOS/MyRAM-iOS/Candidate/MyRAM/WidgetShared/MyRAMWidgetRuntimeConfiguration.swift (in target 'MyRAMMac' from project 'MyRAM')
    cd /Users/runner/work/MyRAM-iOS/MyRAM-iOS/Candidate
    

SwiftCompile normal arm64 /Users/runner/work/MyRAM-iOS/MyRAM-iOS/Candidate/MyRAM/WidgetShared/MyRAMWidgetSnapshotCodec.swift (in target 'MyRAMMac' from project 'MyRAM')
    cd /Users/runner/work/MyRAM-iOS/MyRAM-iOS/Candidate
    

SwiftCompile normal arm64 /Users/runner/work/MyRAM-iOS/MyRAM-iOS/Candidate/MyRAM/Sync/MyRAMSyncChangeApplier.swift (in target 'MyRAMMac' from project 'MyRAM')
    cd /Users/runner/work/MyRAM-iOS/MyRAM-iOS/Candidate
    

SwiftCompile normal arm64 /Users/runner/work/MyRAM-iOS/MyRAM-iOS/Candidate/MyRAM/Sync/Legacy/MyRAMLegacySyncChangeValidator.swift (in target 'MyRAMMac' from project 'MyRAM')
    cd /Users/runner/work/MyRAM-iOS/MyRAM-iOS/Candidate
    

SwiftCompile normal arm64 /Users/runner/work/MyRAM-iOS/MyRAM-iOS/Candidate/MyRAM/Sync/EditorApplication/AppliedEditorMutation.swift (in target 'MyRAMMac' from project 'MyRAM')
    cd /Users/runner/work/MyRAM-iOS/MyRAM-iOS/Candidate
    

SwiftCompile normal arm64 /Users/runner/work/MyRAM-iOS/MyRAM-iOS/Candidate/MyRAM/Sync/EditorApplication/ActiveEditorApplicationPolicy.swift (in target 'MyRAMMac' from project 'MyRAM')
    cd /Users/runner/work/MyRAM-iOS/MyRAM-iOS/Candidate
    

SwiftCompile normal arm64 /Users/runner/work/MyRAM-iOS/MyRAM-iOS/Candidate/MyRAM/Sync/EditorApplication/ActiveEditorSyncUpdateHandler.swift (in target 'MyRAMMac' from project 'MyRAM')
    cd /Users/runner/work/MyRAM-iOS/MyRAM-iOS/Candidate
    

SwiftCompile normal arm64 /Users/runner/work/MyRAM-iOS/MyRAM-iOS/Candidate/MyRAM/Sync/EditorApplication/EditorSelectionMapper.swift (in target 'MyRAMMac' from project 'MyRAM')
    cd /Users/runner/work/MyRAM-iOS/MyRAM-iOS/Candidate
    

SwiftCompile normal arm64 /Users/runner/work/MyRAM-iOS/MyRAM-iOS/Candidate/MyRAM/Sync/EditorApplication/EditorRemoteApplyResult.swift (in target 'MyRAMMac' from project 'MyRAM')
    cd /Users/runner/work/MyRAM-iOS/MyRAM-iOS/Candidate
    

SwiftCompile normal arm64 /Users/runner/work/MyRAM-iOS/MyRAM-iOS/Candidate/MyRAM/Mac/Sync/MacSyncModels.swift (in target 'MyRAMMac' from project 'MyRAM')
    cd /Users/runner/work/MyRAM-iOS/MyRAM-iOS/Candidate
    

SwiftCompile normal arm64 /Users/runner/work/MyRAM-iOS/MyRAM-iOS/Candidate/MyRAM/Mac/Sync/MacSyncDeviceIdentity.swift (in target 'MyRAMMac' from project 'MyRAM')
    cd /Users/runner/work/MyRAM-iOS/MyRAM-iOS/Candidate
    

SwiftCompile normal arm64 /Users/runner/work/MyRAM-iOS/MyRAM-iOS/Candidate/MyRAM/Mac/Sync/MacSyncSeenBatchStore.swift (in target 'MyRAMMac' from project 'MyRAM')
    cd /Users/runner/work/MyRAM-iOS/MyRAM-iOS/Candidate
    

SwiftCompile normal arm64 /Users/runner/work/MyRAM-iOS/MyRAM-iOS/Candidate/MyRAM/Mac/Sync/MacSyncBatchAccumulator.swift (in target 'MyRAMMac' from project 'MyRAM')
    cd /Users/runner/work/MyRAM-iOS/MyRAM-iOS/Candidate
    

SwiftCompile normal arm64 /Users/runner/work/MyRAM-iOS/MyRAM-iOS/Candidate/MyRAM/Mac/Sync/MacAppliedSyncBatch.swift (in target 'MyRAMMac' from project 'MyRAM')
    cd /Users/runner/work/MyRAM-iOS/MyRAM-iOS/Candidate
    

SwiftCompile normal arm64 /Users/runner/work/MyRAM-iOS/MyRAM-iOS/Candidate/MyRAM/Mac/Sync/MacSyncBatchController.swift (in target 'MyRAMMac' from project 'MyRAM')
    cd /Users/runner/work/MyRAM-iOS/MyRAM-iOS/Candidate
    

SwiftCompile normal arm64 /Users/runner/work/MyRAM-iOS/MyRAM-iOS/Candidate/MyRAM/Mac/Sync/MacSyncConvergenceCoordinator.swift (in target 'MyRAMMac' from project 'MyRAM')
    cd /Users/runner/work/MyRAM-iOS/MyRAM-iOS/Candidate
    

SwiftCompile normal arm64 /Users/runner/work/MyRAM-iOS/MyRAM-iOS/Candidate/MyRAM/Mac/Sync/MacSyncConvergencePresentationAdapter.swift (in target 'MyRAMMac' from project 'MyRAM')
    cd /Users/runner/work/MyRAM-iOS/MyRAM-iOS/Candidate
    

SwiftCompile normal arm64 /Users/runner/work/MyRAM-iOS/MyRAM-iOS/Candidate/MyRAM/Mac/Sync/MacLegacySyncReceiver.swift (in target 'MyRAMMac' from project 'MyRAM')
    cd /Users/runner/work/MyRAM-iOS/MyRAM-iOS/Candidate
    

SwiftCompile normal arm64 /tmp/MYR175-Classify-Candidate-Mac/Build/Intermediates.noindex/MyRAM.build/Debug/MyRAMMac.build/DerivedSources/GeneratedAssetSymbols.swift (in target 'MyRAMMac' from project 'MyRAM')
    cd /Users/runner/work/MyRAM-iOS/MyRAM-iOS/Candidate
    

SwiftMergeGeneratedHeaders /tmp/MYR175-Classify-Candidate-Mac/Build/Intermediates.noindex/MyRAM.build/Debug/MyRAMMac.build/DerivedSources/MyRAMMac-Swift.h /tmp/MYR175-Classify-Candidate-Mac/Build/Intermediates.noindex/MyRAM.build/Debug/MyRAMMac.build/Objects-normal/arm64/MyRAMMac-Swift.h (in target 'MyRAMMac' from project 'MyRAM')
    cd /Users/runner/work/MyRAM-iOS/MyRAM-iOS/Candidate
    builtin-swiftHeaderTool -arch arm64 /tmp/MYR175-Classify-Candidate-Mac/Build/Intermediates.noindex/MyRAM.build/Debug/MyRAMMac.build/Objects-normal/arm64/MyRAMMac-Swift.h -o /tmp/MYR175-Classify-Candidate-Mac/Build/Intermediates.noindex/MyRAM.build/Debug/MyRAMMac.build/DerivedSources/MyRAMMac-Swift.h

SwiftDriverJobDiscovery normal arm64 Compiling Folder.swift, MyRAMSchema.swift, PersistenceManager.swift, MacSidebarCollapsePolicy.swift, SyncBatchPayload.swift, SyncBatchAnchoredPayloadAdapter.swift, SyncBatchAnchoredPayloadPolicy.swift, SyncBatchPeerCapability.swift, SyncBatchTransportAdmissionPlanner.swift, SyncBatchEnvelope.swift, MultipeerSyncMessageEnvelope.swift, SyncBatchSeenBatchStore.swift, SyncBatchUTF16Helpers.swift, SyncBatchNoteChangeCapture.swift, SyncConvergenceTypes.swift, SyncConvergenceModels.swift, SyncConvergencePlanningTypes.swift, SyncConvergenceRewriteSafetyPolicy.swift, ExplicitDeleteProvenanceTypes.swift, ExplicitDeleteProvenanceBuilder.swift (in target 'MyRAMMac' from project 'MyRAM')

Copy /tmp/MYR175-Classify-Candidate-Mac/Build/Products/Debug/MyRAMMac.swiftmodule/arm64-apple-macos.swiftmodule /tmp/MYR175-Classify-Candidate-Mac/Build/Intermediates.noindex/MyRAM.build/Debug/MyRAMMac.build/Objects-normal/arm64/MyRAMMac.swiftmodule (in target 'MyRAMMac' from project 'MyRAM')
    cd /Users/runner/work/MyRAM-iOS/MyRAM-iOS/Candidate
    builtin-copy -exclude .DS_Store -exclude CVS -exclude .svn -exclude .git -exclude .hg -resolve-src-symlinks -rename /tmp/MYR175-Classify-Candidate-Mac/Build/Intermediates.noindex/MyRAM.build/Debug/MyRAMMac.build/Objects-normal/arm64/MyRAMMac.swiftmodule /tmp/MYR175-Classify-Candidate-Mac/Build/Products/Debug/MyRAMMac.swiftmodule/arm64-apple-macos.swiftmodule

Copy /tmp/MYR175-Classify-Candidate-Mac/Build/Products/Debug/MyRAMMac.swiftmodule/arm64-apple-macos.swiftdoc /tmp/MYR175-Classify-Candidate-Mac/Build/Intermediates.noindex/MyRAM.build/Debug/MyRAMMac.build/Objects-normal/arm64/MyRAMMac.swiftdoc (in target 'MyRAMMac' from project 'MyRAM')
    cd /Users/runner/work/MyRAM-iOS/MyRAM-iOS/Candidate
    builtin-copy -exclude .DS_Store -exclude CVS -exclude .svn -exclude .git -exclude .hg -resolve-src-symlinks -rename /tmp/MYR175-Classify-Candidate-Mac/Build/Intermediates.noindex/MyRAM.build/Debug/MyRAMMac.build/Objects-normal/arm64/MyRAMMac.swiftdoc /tmp/MYR175-Classify-Candidate-Mac/Build/Products/Debug/MyRAMMac.swiftmodule/arm64-apple-macos.swiftdoc

Copy /tmp/MYR175-Classify-Candidate-Mac/Build/Products/Debug/MyRAMMac.swiftmodule/arm64-apple-macos.abi.json /tmp/MYR175-Classify-Candidate-Mac/Build/Intermediates.noindex/MyRAM.build/Debug/MyRAMMac.build/Objects-normal/arm64/MyRAMMac.abi.json (in target 'MyRAMMac' from project 'MyRAM')
    cd /Users/runner/work/MyRAM-iOS/MyRAM-iOS/Candidate
    builtin-copy -exclude .DS_Store -exclude CVS -exclude .svn -exclude .git -exclude .hg -resolve-src-symlinks -rename /tmp/MYR175-Classify-Candidate-Mac/Build/Intermediates.noindex/MyRAM.build/Debug/MyRAMMac.build/Objects-normal/arm64/MyRAMMac.abi.json /tmp/MYR175-Classify-Candidate-Mac/Build/Products/Debug/MyRAMMac.swiftmodule/arm64-apple-macos.abi.json

Copy /tmp/MYR175-Classify-Candidate-Mac/Build/Products/Debug/MyRAMMac.swiftmodule/Project/arm64-apple-macos.swiftsourceinfo /tmp/MYR175-Classify-Candidate-Mac/Build/Intermediates.noindex/MyRAM.build/Debug/MyRAMMac.build/Objects-normal/arm64/MyRAMMac.swiftsourceinfo (in target 'MyRAMMac' from project 'MyRAM')
    cd /Users/runner/work/MyRAM-iOS/MyRAM-iOS/Candidate
    builtin-copy -exclude .DS_Store -exclude CVS -exclude .svn -exclude .git -exclude .hg -resolve-src-symlinks -rename /tmp/MYR175-Classify-Candidate-Mac/Build/Intermediates.noindex/MyRAM.build/Debug/MyRAMMac.build/Objects-normal/arm64/MyRAMMac.swiftsourceinfo /tmp/MYR175-Classify-Candidate-Mac/Build/Products/Debug/MyRAMMac.swiftmodule/Project/arm64-apple-macos.swiftsourceinfo

SwiftCompile normal arm64 Compiling\ NoteSequenceStateBootstrapMigrator.swift,\ SwiftDataNoteSequenceStateStore.swift,\ MyRAMSyncOperationIDAllocator.swift,\ FileBackedSyncOperationIDReservationStore.swift,\ MyRAMMacApp.swift,\ MyRAMMacRootView.swift,\ MacStartupCoordinator.swift,\ MacNoteEditorView.swift,\ MacTextViewRepresentable.swift,\ MacEditorSampleDocument.swift,\ MacRemoteInsertionAttributePolicy.swift,\ MacIncomingSyncApplicationPolicy.swift,\ MacEditorSyncBridge.swift,\ MacNSRangeClamp.swift,\ MyRAMPlatform.swift,\ RTFCoding.swift,\ AttributedTextStorageKeys.swift,\ MacNotePersistenceAdapter.swift,\ MacEditorTextColorPolicy.swift,\ Note.swift /Users/runner/work/MyRAM-iOS/MyRAM-iOS/Candidate/MyRAM/Sync/AnchoredSequence/NoteSequenceStateBootstrapMigrator.swift /Users/runner/work/MyRAM-iOS/MyRAM-iOS/Candidate/MyRAM/Sync/AnchoredSequence/SwiftDataNoteSequenceStateStore.swift /Users/runner/work/MyRAM-iOS/MyRAM-iOS/Candidate/MyRAM/Sync/AnchoredSequence/MyRAMSyncOperationIDAllocator.swift /Users/runner/work/MyRAM-iOS/MyRAM-iOS/Candidate/MyRAM/Sync/AnchoredSequence/FileBackedSyncOperationIDReservationStore.swift /Users/runner/work/MyRAM-iOS/MyRAM-iOS/Candidate/MyRAM/Mac/MyRAMMacApp.swift /Users/runner/work/MyRAM-iOS/MyRAM-iOS/Candidate/MyRAM/Mac/MyRAMMacRootView.swift /Users/runner/work/MyRAM-iOS/MyRAM-iOS/Candidate/MyRAM/Mac/MacStartupCoordinator.swift /Users/runner/work/MyRAM-iOS/MyRAM-iOS/Candidate/MyRAM/Mac/MacNoteEditorView.swift /Users/runner/work/MyRAM-iOS/MyRAM-iOS/Candidate/MyRAM/Mac/MacTextViewRepresentable.swift /Users/runner/work/MyRAM-iOS/MyRAM-iOS/Candidate/MyRAM/Mac/MacEditorSampleDocument.swift /Users/runner/work/MyRAM-iOS/MyRAM-iOS/Candidate/MyRAM/Mac/MacRemoteInsertionAttributePolicy.swift /Users/runner/work/MyRAM-iOS/MyRAM-iOS/Candidate/MyRAM/Mac/MacIncomingSyncApplicationPolicy.swift /Users/runner/work/MyRAM-iOS/MyRAM-iOS/Candidate/MyRAM/Mac/MacEditorSyncBridge.swift /Users/runner/work/MyRAM-iOS/MyRAM-iOS/Candidate/MyRAM/Mac/MacNSRangeClamp.swift /Users/runner/work/MyRAM-iOS/MyRAM-iOS/Candidate/MyRAM/Platform/MyRAMPlatform.swift /Users/runner/work/MyRAM-iOS/MyRAM-iOS/Candidate/MyRAM/Persistence/RTFCoding.swift /Users/runner/work/MyRAM-iOS/MyRAM-iOS/Candidate/MyRAM/Persistence/AttributedTextStorageKeys.swift /Users/runner/work/MyRAM-iOS/MyRAM-iOS/Candidate/MyRAM/Mac/MacNotePersistenceAdapter.swift /Users/runner/work/MyRAM-iOS/MyRAM-iOS/Candidate/MyRAM/Mac/MacEditorTextColorPolicy.swift /Users/runner/work/MyRAM-iOS/MyRAM-iOS/Candidate/MyRAM/Models/Note.swift (in target 'MyRAMMac' from project 'MyRAM')
SwiftCompile normal arm64 /Users/runner/work/MyRAM-iOS/MyRAM-iOS/Candidate/MyRAM/Sync/AnchoredSequence/NoteSequenceStateBootstrapMigrator.swift (in target 'MyRAMMac' from project 'MyRAM')
    cd /Users/runner/work/MyRAM-iOS/MyRAM-iOS/Candidate
    

SwiftCompile normal arm64 /Users/runner/work/MyRAM-iOS/MyRAM-iOS/Candidate/MyRAM/Sync/AnchoredSequence/SwiftDataNoteSequenceStateStore.swift (in target 'MyRAMMac' from project 'MyRAM')
    cd /Users/runner/work/MyRAM-iOS/MyRAM-iOS/Candidate
    

SwiftCompile normal arm64 /Users/runner/work/MyRAM-iOS/MyRAM-iOS/Candidate/MyRAM/Sync/AnchoredSequence/MyRAMSyncOperationIDAllocator.swift (in target 'MyRAMMac' from project 'MyRAM')
    cd /Users/runner/work/MyRAM-iOS/MyRAM-iOS/Candidate
    

SwiftCompile normal arm64 /Users/runner/work/MyRAM-iOS/MyRAM-iOS/Candidate/MyRAM/Sync/AnchoredSequence/FileBackedSyncOperationIDReservationStore.swift (in target 'MyRAMMac' from project 'MyRAM')
    cd /Users/runner/work/MyRAM-iOS/MyRAM-iOS/Candidate
    

SwiftCompile normal arm64 /Users/runner/work/MyRAM-iOS/MyRAM-iOS/Candidate/MyRAM/Mac/MyRAMMacApp.swift (in target 'MyRAMMac' from project 'MyRAM')
    cd /Users/runner/work/MyRAM-iOS/MyRAM-iOS/Candidate
    

SwiftCompile normal arm64 /Users/runner/work/MyRAM-iOS/MyRAM-iOS/Candidate/MyRAM/Mac/MyRAMMacRootView.swift (in target 'MyRAMMac' from project 'MyRAM')
    cd /Users/runner/work/MyRAM-iOS/MyRAM-iOS/Candidate
    

SwiftCompile normal arm64 /Users/runner/work/MyRAM-iOS/MyRAM-iOS/Candidate/MyRAM/Mac/MacStartupCoordinator.swift (in target 'MyRAMMac' from project 'MyRAM')
    cd /Users/runner/work/MyRAM-iOS/MyRAM-iOS/Candidate
    

SwiftCompile normal arm64 /Users/runner/work/MyRAM-iOS/MyRAM-iOS/Candidate/MyRAM/Mac/MacNoteEditorView.swift (in target 'MyRAMMac' from project 'MyRAM')
    cd /Users/runner/work/MyRAM-iOS/MyRAM-iOS/Candidate
    

SwiftCompile normal arm64 /Users/runner/work/MyRAM-iOS/MyRAM-iOS/Candidate/MyRAM/Mac/MacTextViewRepresentable.swift (in target 'MyRAMMac' from project 'MyRAM')
    cd /Users/runner/work/MyRAM-iOS/MyRAM-iOS/Candidate
    

SwiftCompile normal arm64 /Users/runner/work/MyRAM-iOS/MyRAM-iOS/Candidate/MyRAM/Mac/MacEditorSampleDocument.swift (in target 'MyRAMMac' from project 'MyRAM')
    cd /Users/runner/work/MyRAM-iOS/MyRAM-iOS/Candidate
    

SwiftCompile normal arm64 /Users/runner/work/MyRAM-iOS/MyRAM-iOS/Candidate/MyRAM/Mac/MacRemoteInsertionAttributePolicy.swift (in target 'MyRAMMac' from project 'MyRAM')
    cd /Users/runner/work/MyRAM-iOS/MyRAM-iOS/Candidate
    

SwiftCompile normal arm64 /Users/runner/work/MyRAM-iOS/MyRAM-iOS/Candidate/MyRAM/Mac/MacIncomingSyncApplicationPolicy.swift (in target 'MyRAMMac' from project 'MyRAM')
    cd /Users/runner/work/MyRAM-iOS/MyRAM-iOS/Candidate
    

SwiftCompile normal arm64 /Users/runner/work/MyRAM-iOS/MyRAM-iOS/Candidate/MyRAM/Mac/MacEditorSyncBridge.swift (in target 'MyRAMMac' from project 'MyRAM')
    cd /Users/runner/work/MyRAM-iOS/MyRAM-iOS/Candidate
    

SwiftCompile normal arm64 /Users/runner/work/MyRAM-iOS/MyRAM-iOS/Candidate/MyRAM/Mac/MacNSRangeClamp.swift (in target 'MyRAMMac' from project 'MyRAM')
    cd /Users/runner/work/MyRAM-iOS/MyRAM-iOS/Candidate
    

SwiftCompile normal arm64 /Users/runner/work/MyRAM-iOS/MyRAM-iOS/Candidate/MyRAM/Platform/MyRAMPlatform.swift (in target 'MyRAMMac' from project 'MyRAM')
    cd /Users/runner/work/MyRAM-iOS/MyRAM-iOS/Candidate
    

SwiftCompile normal arm64 /Users/runner/work/MyRAM-iOS/MyRAM-iOS/Candidate/MyRAM/Persistence/RTFCoding.swift (in target 'MyRAMMac' from project 'MyRAM')
    cd /Users/runner/work/MyRAM-iOS/MyRAM-iOS/Candidate
    

SwiftCompile normal arm64 /Users/runner/work/MyRAM-iOS/MyRAM-iOS/Candidate/MyRAM/Persistence/AttributedTextStorageKeys.swift (in target 'MyRAMMac' from project 'MyRAM')
    cd /Users/runner/work/MyRAM-iOS/MyRAM-iOS/Candidate
    

SwiftCompile normal arm64 /Users/runner/work/MyRAM-iOS/MyRAM-iOS/Candidate/MyRAM/Mac/MacNotePersistenceAdapter.swift (in target 'MyRAMMac' from project 'MyRAM')
    cd /Users/runner/work/MyRAM-iOS/MyRAM-iOS/Candidate
    

SwiftCompile normal arm64 /Users/runner/work/MyRAM-iOS/MyRAM-iOS/Candidate/MyRAM/Mac/MacEditorTextColorPolicy.swift (in target 'MyRAMMac' from project 'MyRAM')
    cd /Users/runner/work/MyRAM-iOS/MyRAM-iOS/Candidate
    

SwiftCompile normal arm64 /Users/runner/work/MyRAM-iOS/MyRAM-iOS/Candidate/MyRAM/Models/Note.swift (in target 'MyRAMMac' from project 'MyRAM')
    cd /Users/runner/work/MyRAM-iOS/MyRAM-iOS/Candidate
    

SwiftDriverJobDiscovery normal arm64 Compiling ExplicitDeleteProvenanceValidator.swift, SyncConvergencePlanner.swift, IncrementalEditIntegrationTypes.swift, RetainedOperationCausalGraph.swift, SwiftDataSyncConvergencePersistenceTransaction.swift, SyncConvergencePostCommitTypes.swift, SyncConvergencePostCommitGating.swift, SwiftDataSyncConvergencePostCommitStore.swift, SyncConvergencePostCommitExecutor.swift, SyncConvergenceLocalObligation.swift, FileBackedSyncConvergenceLocalObligationQueue.swift, SyncConvergenceDrainPassScheduler.swift, SyncConvergenceRuntime.swift, SyncBatchUnsentQueue.swift, FileBackedSyncBatchQueue.swift, MyRAMSyncModels.swift, SyncConflictStore.swift, MyRAMWidgetContentSelectionPolicy.swift, MyRAMWidgetSnapshotStore.swift, MyRAMWidgetSnapshot.swift (in target 'MyRAMMac' from project 'MyRAM')

SwiftDriver MyRAMMacTests normal arm64 com.apple.xcode.tools.swift.compiler (in target 'MyRAMMacTests' from project 'MyRAM')
    cd /Users/runner/work/MyRAM-iOS/MyRAM-iOS/Candidate
    builtin-SwiftDriver -- /Applications/Xcode_26.5.app/Contents/Developer/Toolchains/XcodeDefault.xctoolchain/usr/bin/swiftc -module-name MyRAMMacTests -Onone @/tmp/MYR175-Classify-Candidate-Mac/Build/Intermediates.noindex/MyRAM.build/Debug/MyRAMMacTests.build/Objects-normal/arm64/MyRAMMacTests.SwiftFileList -DDEBUG -plugin-path /Applications/Xcode_26.5.app/Contents/Developer/Toolchains/XcodeDefault.xctoolchain/usr/lib/swift/host/plugins/testing -enable-bare-slash-regex -enable-experimental-feature DebugDescriptionMacro -sdk /Applications/Xcode_26.5.app/Contents/Developer/Platforms/MacOSX.platform/Developer/SDKs/MacOSX26.5.sdk -target arm64-apple-macos14.0 -g -module-cache-path /tmp/MYR175-Classify-Candidate-Mac/ModuleCache.noindex -Xfrontend -serialize-debugging-options -enable-testing -index-store-path /tmp/MYR175-Classify-Candidate-Mac/Index.noindex/DataStore -Xcc -D_LIBCPP_HARDENING_MODE\=_LIBCPP_HARDENING_MODE_DEBUG -swift-version 5 -I /tmp/MYR175-Classify-Candidate-Mac/Build/Products/Debug -Isystem /Applications/Xcode_26.5.app/Contents/Developer/Platforms/MacOSX.platform/Developer/usr/lib -F /tmp/MYR175-Classify-Candidate-Mac/Build/Products/Debug/PackageFrameworks -F /tmp/MYR175-Classify-Candidate-Mac/Build/Products/Debug/PackageFrameworks -F /tmp/MYR175-Classify-Candidate-Mac/Build/Products/Debug/PackageFrameworks -F /tmp/MYR175-Classify-Candidate-Mac/Build/Products/Debug -F /Applications/Xcode_26.5.app/Contents/Developer/Platforms/MacOSX.platform/Developer/Library/Frameworks -c -j3 -enable-batch-mode -incremental -Xcc -ivfsstatcache -Xcc /tmp/MYR175-Classify-Candidate-Mac/SDKStatCaches.noindex/macosx26.5-25F70-688ef53f1462e2c8f657fdc38a81448f3599ee76dc2a8020dfcb4b41ead48a8c.sdkstatcache -output-file-map /tmp/MYR175-Classify-Candidate-Mac/Build/Intermediates.noindex/MyRAM.build/Debug/MyRAMMacTests.build/Objects-normal/arm64/MyRAMMacTests-OutputFileMap.json -use-frontend-parseable-output -save-temps -no-color-diagnostics -explicit-module-build -module-cache-path /tmp/MYR175-Classify-Candidate-Mac/Build/Intermediates.noindex/SwiftExplicitPrecompiledModules -clang-scanner-module-cache-path /tmp/MYR175-Classify-Candidate-Mac/ModuleCache.noindex -sdk-module-cache-path /tmp/MYR175-Classify-Candidate-Mac/ModuleCache.noindex -serialize-diagnostics -emit-dependencies -emit-module -emit-module-path /tmp/MYR175-Classify-Candidate-Mac/Build/Intermediates.noindex/MyRAM.build/Debug/MyRAMMacTests.build/Objects-normal/arm64/MyRAMMacTests.swiftmodule -validate-clang-modules-once -clang-build-session-file /tmp/MYR175-Classify-Candidate-Mac/ModuleCache.noindex/Session.modulevalidation -Xcc -I/tmp/MYR175-Classify-Candidate-Mac/Build/Intermediates.noindex/MyRAM.build/Debug/MyRAMMacTests.build/swift-overrides.hmap -emit-const-values -Xfrontend -const-gather-protocols-file -Xfrontend /tmp/MYR175-Classify-Candidate-Mac/Build/Intermediates.noindex/MyRAM.build/Debug/MyRAMMacTests.build/Objects-normal/arm64/MyRAMMacTests_const_extract_protocols.json -Xcc -iquote -Xcc /tmp/MYR175-Classify-Candidate-Mac/Build/Intermediates.noindex/MyRAM.build/Debug/MyRAMMacTests.build/MyRAMMacTests-generated-files.hmap -Xcc -I/tmp/MYR175-Classify-Candidate-Mac/Build/Intermediates.noindex/MyRAM.build/Debug/MyRAMMacTests.build/MyRAMMacTests-own-target-headers.hmap -Xcc -I/tmp/MYR175-Classify-Candidate-Mac/Build/Intermediates.noindex/MyRAM.build/Debug/MyRAMMacTests.build/MyRAMMacTests-all-non-framework-target-headers.hmap -Xcc -ivfsoverlay -Xcc /tmp/MYR175-Classify-Candidate-Mac/Build/Intermediates.noindex/MyRAM.build/Debug/MyRAM-98a9cbde253e8e955bc92731eb290203-VFS/all-product-headers.yaml -Xcc -iquote -Xcc /tmp/MYR175-Classify-Candidate-Mac/Build/Intermediates.noindex/MyRAM.build/Debug/MyRAMMacTests.build/MyRAMMacTests-project-headers.hmap -Xcc -I/tmp/MYR175-Classify-Candidate-Mac/Build/Products/Debug/include -Xcc -I/tmp/MYR175-Classify-Candidate-Mac/Build/Intermediates.noindex/MyRAM.build/Debug/MyRAMMacTests.build/DerivedSources-normal/arm64 -Xcc -I/tmp/MYR175-Classify-Candidate-Mac/Build/Intermediates.noindex/MyRAM.build/Debug/MyRAMMacTests.build/DerivedSources/arm64 -Xcc -I/tmp/MYR175-Classify-Candidate-Mac/Build/Intermediates.noindex/MyRAM.build/Debug/MyRAMMacTests.build/DerivedSources -Xcc -DDEBUG\=1 -emit-objc-header -emit-objc-header-path /tmp/MYR175-Classify-Candidate-Mac/Build/Intermediates.noindex/MyRAM.build/Debug/MyRAMMacTests.build/Objects-normal/arm64/MyRAMMacTests-Swift.h -working-directory /Users/runner/work/MyRAM-iOS/MyRAM-iOS/Candidate -experimental-emit-module-separately -disable-cmo

SwiftDriverJobDiscovery normal arm64 Compiling MyRAMWidgetDeepLink.swift, MyRAMWidgetRuntimeConfiguration.swift, MyRAMWidgetSnapshotCodec.swift, MyRAMSyncChangeApplier.swift, MyRAMLegacySyncChangeValidator.swift, AppliedEditorMutation.swift, ActiveEditorApplicationPolicy.swift, ActiveEditorSyncUpdateHandler.swift, EditorSelectionMapper.swift, EditorRemoteApplyResult.swift, MacSyncModels.swift, MacSyncDeviceIdentity.swift, MacSyncSeenBatchStore.swift, MacSyncBatchAccumulator.swift, MacAppliedSyncBatch.swift, MacSyncBatchController.swift, MacSyncConvergenceCoordinator.swift, MacSyncConvergencePresentationAdapter.swift, MacLegacySyncReceiver.swift, GeneratedAssetSymbols.swift (in target 'MyRAMMac' from project 'MyRAM')

SwiftExplicitDependencyGeneratePcm arm64 /tmp/MYR175-Classify-Candidate-Mac/Build/Intermediates.noindex/SwiftExplicitPrecompiledModules/XCUIAutomation-9Z0EL1KDP8OXWVVIQELAT4V89.pcm

SwiftExplicitDependencyCompileModuleFromInterface arm64 /tmp/MYR175-Classify-Candidate-Mac/Build/Intermediates.noindex/SwiftExplicitPrecompiledModules/XCUIAutomation-J5D712X6G1HB.swiftmodule

SwiftExplicitDependencyGeneratePcm arm64 /tmp/MYR175-Classify-Candidate-Mac/Build/Intermediates.noindex/SwiftExplicitPrecompiledModules/XCTest-DBC41I2SHV4BU0E43W7DEWOBR.pcm

SwiftExplicitDependencyCompileModuleFromInterface arm64 /tmp/MYR175-Classify-Candidate-Mac/Build/Intermediates.noindex/SwiftExplicitPrecompiledModules/XCTest-1Q268UAIITN1L.swiftmodule

SwiftEmitModule normal arm64 Emitting\ module\ for\ MyRAMMacTests (in target 'MyRAMMacTests' from project 'MyRAM')

EmitSwiftModule normal arm64 (in target 'MyRAMMacTests' from project 'MyRAM')
    cd /Users/runner/work/MyRAM-iOS/MyRAM-iOS/Candidate
    

SwiftCompile normal arm64 Compiling\ MacExplicitDeleteProvenanceTests.swift,\ MacSyncBatchControllerTests.swift,\ MacSyncConvergencePresentationAdapterTests.swift,\ MacSyncConvergenceCoordinatorTests.swift,\ MacSyncIncomingLocalBoundaryTests.swift,\ MacLegacySyncReceiverTests.swift,\ SyncBatchUnsentQueueTests.swift,\ SyncConvergencePlanningTests.swift,\ SyncConvergenceRewriteSafetyPolicyTests.swift,\ SyncConvergenceIncorporationTests.swift,\ SyncConvergencePostCommitTests.swift,\ SyncConvergencePostCommitTestDoubles.swift,\ SyncConvergenceIdentityTestSupport.swift /Users/runner/work/MyRAM-iOS/MyRAM-iOS/Candidate/MyRAMMacTests/MacExplicitDeleteProvenanceTests.swift /Users/runner/work/MyRAM-iOS/MyRAM-iOS/Candidate/MyRAMMacTests/MacSyncBatchControllerTests.swift /Users/runner/work/MyRAM-iOS/MyRAM-iOS/Candidate/MyRAMMacTests/MacSyncConvergencePresentationAdapterTests.swift /Users/runner/work/MyRAM-iOS/MyRAM-iOS/Candidate/MyRAMMacTests/MacSyncConvergenceCoordinatorTests.swift /Users/runner/work/MyRAM-iOS/MyRAM-iOS/Candidate/MyRAMMacTests/MacSyncIncomingLocalBoundaryTests.swift /Users/runner/work/MyRAM-iOS/MyRAM-iOS/Candidate/MyRAMMacTests/MacLegacySyncReceiverTests.swift /Users/runner/work/MyRAM-iOS/MyRAM-iOS/Candidate/MyRAMTests/SyncBatchUnsentQueueTests.swift /Users/runner/work/MyRAM-iOS/MyRAM-iOS/Candidate/MyRAMTests/SyncConvergencePlanningTests.swift /Users/runner/work/MyRAM-iOS/MyRAM-iOS/Candidate/MyRAMTests/SyncConvergenceRewriteSafetyPolicyTests.swift /Users/runner/work/MyRAM-iOS/MyRAM-iOS/Candidate/MyRAMTests/SyncConvergenceIncorporationTests.swift /Users/runner/work/MyRAM-iOS/MyRAM-iOS/Candidate/MyRAMTests/SyncConvergencePostCommitTests.swift /Users/runner/work/MyRAM-iOS/MyRAM-iOS/Candidate/MyRAMTests/SyncConvergencePostCommitTestDoubles.swift /Users/runner/work/MyRAM-iOS/MyRAM-iOS/Candidate/MyRAMTests/SyncConvergenceIdentityTestSupport.swift (in target 'MyRAMMacTests' from project 'MyRAM')
SwiftCompile normal arm64 /Users/runner/work/MyRAM-iOS/MyRAM-iOS/Candidate/MyRAMMacTests/MacExplicitDeleteProvenanceTests.swift (in target 'MyRAMMacTests' from project 'MyRAM')
    cd /Users/runner/work/MyRAM-iOS/MyRAM-iOS/Candidate
    

SwiftCompile normal arm64 /Users/runner/work/MyRAM-iOS/MyRAM-iOS/Candidate/MyRAMMacTests/MacSyncBatchControllerTests.swift (in target 'MyRAMMacTests' from project 'MyRAM')
    cd /Users/runner/work/MyRAM-iOS/MyRAM-iOS/Candidate
    

SwiftCompile normal arm64 /Users/runner/work/MyRAM-iOS/MyRAM-iOS/Candidate/MyRAMMacTests/MacSyncConvergencePresentationAdapterTests.swift (in target 'MyRAMMacTests' from project 'MyRAM')
    cd /Users/runner/work/MyRAM-iOS/MyRAM-iOS/Candidate
    

SwiftCompile normal arm64 /Users/runner/work/MyRAM-iOS/MyRAM-iOS/Candidate/MyRAMMacTests/MacSyncConvergenceCoordinatorTests.swift (in target 'MyRAMMacTests' from project 'MyRAM')
    cd /Users/runner/work/MyRAM-iOS/MyRAM-iOS/Candidate
    

SwiftCompile normal arm64 /Users/runner/work/MyRAM-iOS/MyRAM-iOS/Candidate/MyRAMMacTests/MacSyncIncomingLocalBoundaryTests.swift (in target 'MyRAMMacTests' from project 'MyRAM')
    cd /Users/runner/work/MyRAM-iOS/MyRAM-iOS/Candidate
    

SwiftCompile normal arm64 /Users/runner/work/MyRAM-iOS/MyRAM-iOS/Candidate/MyRAMMacTests/MacLegacySyncReceiverTests.swift (in target 'MyRAMMacTests' from project 'MyRAM')
    cd /Users/runner/work/MyRAM-iOS/MyRAM-iOS/Candidate
    

SwiftCompile normal arm64 /Users/runner/work/MyRAM-iOS/MyRAM-iOS/Candidate/MyRAMTests/SyncBatchUnsentQueueTests.swift (in target 'MyRAMMacTests' from project 'MyRAM')
    cd /Users/runner/work/MyRAM-iOS/MyRAM-iOS/Candidate
    

SwiftCompile normal arm64 /Users/runner/work/MyRAM-iOS/MyRAM-iOS/Candidate/MyRAMTests/SyncConvergencePlanningTests.swift (in target 'MyRAMMacTests' from project 'MyRAM')
    cd /Users/runner/work/MyRAM-iOS/MyRAM-iOS/Candidate
    

SwiftCompile normal arm64 /Users/runner/work/MyRAM-iOS/MyRAM-iOS/Candidate/MyRAMTests/SyncConvergenceRewriteSafetyPolicyTests.swift (in target 'MyRAMMacTests' from project 'MyRAM')
    cd /Users/runner/work/MyRAM-iOS/MyRAM-iOS/Candidate
    

SwiftCompile normal arm64 /Users/runner/work/MyRAM-iOS/MyRAM-iOS/Candidate/MyRAMTests/SyncConvergenceIncorporationTests.swift (in target 'MyRAMMacTests' from project 'MyRAM')
    cd /Users/runner/work/MyRAM-iOS/MyRAM-iOS/Candidate
    

SwiftCompile normal arm64 /Users/runner/work/MyRAM-iOS/MyRAM-iOS/Candidate/MyRAMTests/SyncConvergencePostCommitTests.swift (in target 'MyRAMMacTests' from project 'MyRAM')
    cd /Users/runner/work/MyRAM-iOS/MyRAM-iOS/Candidate
    

SwiftCompile normal arm64 /Users/runner/work/MyRAM-iOS/MyRAM-iOS/Candidate/MyRAMTests/SyncConvergencePostCommitTestDoubles.swift (in target 'MyRAMMacTests' from project 'MyRAM')
    cd /Users/runner/work/MyRAM-iOS/MyRAM-iOS/Candidate
    

SwiftCompile normal arm64 /Users/runner/work/MyRAM-iOS/MyRAM-iOS/Candidate/MyRAMTests/SyncConvergenceIdentityTestSupport.swift (in target 'MyRAMMacTests' from project 'MyRAM')
    cd /Users/runner/work/MyRAM-iOS/MyRAM-iOS/Candidate
    

SwiftCompile normal arm64 Compiling\ MacMarkdownFileIOIntegrationTests.swift,\ MarkdownPreviewParserTests.swift,\ MacMarkdownPreviewIntegrationTests.swift,\ MacNoteViewZoomTests.swift,\ MacMarkdownPreviewDocumentBuilderTests.swift,\ MacEditorTextColorPolicyTests.swift,\ MacSidebarCollapsePolicyTests.swift,\ SyncBatchEnvelopeV2Tests.swift,\ SyncBatchPeerCapabilityTests.swift,\ SyncBatchTransportAdmissionPlannerTests.swift,\ MacSyncDeviceIdentityTests.swift,\ MacSyncSeenBatchStoreTests.swift,\ MacSyncBatchAccumulatorTests.swift /Users/runner/work/MyRAM-iOS/MyRAM-iOS/Candidate/MyRAMMacTests/MacMarkdownFileIOIntegrationTests.swift /Users/runner/work/MyRAM-iOS/MyRAM-iOS/Candidate/MyRAMTests/MarkdownPreviewParserTests.swift /Users/runner/work/MyRAM-iOS/MyRAM-iOS/Candidate/MyRAMMacTests/MacMarkdownPreviewIntegrationTests.swift /Users/runner/work/MyRAM-iOS/MyRAM-iOS/Candidate/MyRAMMacTests/MacNoteViewZoomTests.swift /Users/runner/work/MyRAM-iOS/MyRAM-iOS/Candidate/MyRAMMacTests/MacMarkdownPreviewDocumentBuilderTests.swift /Users/runner/work/MyRAM-iOS/MyRAM-iOS/Candidate/MyRAMMacTests/MacEditorTextColorPolicyTests.swift /Users/runner/work/MyRAM-iOS/MyRAM-iOS/Candidate/MyRAMMacTests/MacSidebarCollapsePolicyTests.swift /Users/runner/work/MyRAM-iOS/MyRAM-iOS/Candidate/MyRAMMacTests/SyncBatchEnvelopeV2Tests.swift /Users/runner/work/MyRAM-iOS/MyRAM-iOS/Candidate/MyRAMMacTests/SyncBatchPeerCapabilityTests.swift /Users/runner/work/MyRAM-iOS/MyRAM-iOS/Candidate/MyRAMMacTests/SyncBatchTransportAdmissionPlannerTests.swift /Users/runner/work/MyRAM-iOS/MyRAM-iOS/Candidate/MyRAMMacTests/MacSyncDeviceIdentityTests.swift /Users/runner/work/MyRAM-iOS/MyRAM-iOS/Candidate/MyRAMMacTests/MacSyncSeenBatchStoreTests.swift /Users/runner/work/MyRAM-iOS/MyRAM-iOS/Candidate/MyRAMMacTests/MacSyncBatchAccumulatorTests.swift (in target 'MyRAMMacTests' from project 'MyRAM')

SwiftCompile normal arm64 /Users/runner/work/MyRAM-iOS/MyRAM-iOS/Candidate/MyRAMMacTests/MacMarkdownFileIOIntegrationTests.swift (in target 'MyRAMMacTests' from project 'MyRAM')
    cd /Users/runner/work/MyRAM-iOS/MyRAM-iOS/Candidate
    

SwiftCompile normal arm64 /Users/runner/work/MyRAM-iOS/MyRAM-iOS/Candidate/MyRAMTests/MarkdownPreviewParserTests.swift (in target 'MyRAMMacTests' from project 'MyRAM')
    cd /Users/runner/work/MyRAM-iOS/MyRAM-iOS/Candidate
    

SwiftCompile normal arm64 /Users/runner/work/MyRAM-iOS/MyRAM-iOS/Candidate/MyRAMMacTests/MacMarkdownPreviewIntegrationTests.swift (in target 'MyRAMMacTests' from project 'MyRAM')
    cd /Users/runner/work/MyRAM-iOS/MyRAM-iOS/Candidate
    

SwiftCompile normal arm64 /Users/runner/work/MyRAM-iOS/MyRAM-iOS/Candidate/MyRAMMacTests/MacNoteViewZoomTests.swift (in target 'MyRAMMacTests' from project 'MyRAM')
    cd /Users/runner/work/MyRAM-iOS/MyRAM-iOS/Candidate
    

SwiftCompile normal arm64 /Users/runner/work/MyRAM-iOS/MyRAM-iOS/Candidate/MyRAMMacTests/MacMarkdownPreviewDocumentBuilderTests.swift (in target 'MyRAMMacTests' from project 'MyRAM')
    cd /Users/runner/work/MyRAM-iOS/MyRAM-iOS/Candidate
    

SwiftCompile normal arm64 /Users/runner/work/MyRAM-iOS/MyRAM-iOS/Candidate/MyRAMMacTests/MacEditorTextColorPolicyTests.swift (in target 'MyRAMMacTests' from project 'MyRAM')
    cd /Users/runner/work/MyRAM-iOS/MyRAM-iOS/Candidate
    

SwiftCompile normal arm64 /Users/runner/work/MyRAM-iOS/MyRAM-iOS/Candidate/MyRAMMacTests/MacSidebarCollapsePolicyTests.swift (in target 'MyRAMMacTests' from project 'MyRAM')
    cd /Users/runner/work/MyRAM-iOS/MyRAM-iOS/Candidate
    

SwiftCompile normal arm64 /Users/runner/work/MyRAM-iOS/MyRAM-iOS/Candidate/MyRAMMacTests/SyncBatchEnvelopeV2Tests.swift (in target 'MyRAMMacTests' from project 'MyRAM')
    cd /Users/runner/work/MyRAM-iOS/MyRAM-iOS/Candidate
    

SwiftCompile normal arm64 /Users/runner/work/MyRAM-iOS/MyRAM-iOS/Candidate/MyRAMMacTests/SyncBatchPeerCapabilityTests.swift (in target 'MyRAMMacTests' from project 'MyRAM')
    cd /Users/runner/work/MyRAM-iOS/MyRAM-iOS/Candidate
    

SwiftCompile normal arm64 /Users/runner/work/MyRAM-iOS/MyRAM-iOS/Candidate/MyRAMMacTests/SyncBatchTransportAdmissionPlannerTests.swift (in target 'MyRAMMacTests' from project 'MyRAM')
    cd /Users/runner/work/MyRAM-iOS/MyRAM-iOS/Candidate
    

SwiftCompile normal arm64 /Users/runner/work/MyRAM-iOS/MyRAM-iOS/Candidate/MyRAMMacTests/MacSyncDeviceIdentityTests.swift (in target 'MyRAMMacTests' from project 'MyRAM')
    cd /Users/runner/work/MyRAM-iOS/MyRAM-iOS/Candidate
    

SwiftCompile normal arm64 /Users/runner/work/MyRAM-iOS/MyRAM-iOS/Candidate/MyRAMMacTests/MacSyncSeenBatchStoreTests.swift (in target 'MyRAMMacTests' from project 'MyRAM')
    cd /Users/runner/work/MyRAM-iOS/MyRAM-iOS/Candidate
    

SwiftCompile normal arm64 /Users/runner/work/MyRAM-iOS/MyRAM-iOS/Candidate/MyRAMMacTests/MacSyncBatchAccumulatorTests.swift (in target 'MyRAMMacTests' from project 'MyRAM')
    cd /Users/runner/work/MyRAM-iOS/MyRAM-iOS/Candidate
    

SwiftDriverJobDiscovery normal arm64 Emitting module for MyRAMMacTests (in target 'MyRAMMacTests' from project 'MyRAM')

SwiftDriver\ Compilation\ Requirements MyRAMMacTests normal arm64 com.apple.xcode.tools.swift.compiler (in target 'MyRAMMacTests' from project 'MyRAM')
    cd /Users/runner/work/MyRAM-iOS/MyRAM-iOS/Candidate
    builtin-Swift-Compilation-Requirements -- /Applications/Xcode_26.5.app/Contents/Developer/Toolchains/XcodeDefault.xctoolchain/usr/bin/swiftc -module-name MyRAMMacTests -Onone @/tmp/MYR175-Classify-Candidate-Mac/Build/Intermediates.noindex/MyRAM.build/Debug/MyRAMMacTests.build/Objects-normal/arm64/MyRAMMacTests.SwiftFileList -DDEBUG -plugin-path /Applications/Xcode_26.5.app/Contents/Developer/Toolchains/XcodeDefault.xctoolchain/usr/lib/swift/host/plugins/testing -enable-bare-slash-regex -enable-experimental-feature DebugDescriptionMacro -sdk /Applications/Xcode_26.5.app/Contents/Developer/Platforms/MacOSX.platform/Developer/SDKs/MacOSX26.5.sdk -target arm64-apple-macos14.0 -g -module-cache-path /tmp/MYR175-Classify-Candidate-Mac/ModuleCache.noindex -Xfrontend -serialize-debugging-options -enable-testing -index-store-path /tmp/MYR175-Classify-Candidate-Mac/Index.noindex/DataStore -Xcc -D_LIBCPP_HARDENING_MODE\=_LIBCPP_HARDENING_MODE_DEBUG -swift-version 5 -I /tmp/MYR175-Classify-Candidate-Mac/Build/Products/Debug -Isystem /Applications/Xcode_26.5.app/Contents/Developer/Platforms/MacOSX.platform/Developer/usr/lib -F /tmp/MYR175-Classify-Candidate-Mac/Build/Products/Debug/PackageFrameworks -F /tmp/MYR175-Classify-Candidate-Mac/Build/Products/Debug/PackageFrameworks -F /tmp/MYR175-Classify-Candidate-Mac/Build/Products/Debug/PackageFrameworks -F /tmp/MYR175-Classify-Candidate-Mac/Build/Products/Debug -F /Applications/Xcode_26.5.app/Contents/Developer/Platforms/MacOSX.platform/Developer/Library/Frameworks -c -j3 -enable-batch-mode -incremental -Xcc -ivfsstatcache -Xcc /tmp/MYR175-Classify-Candidate-Mac/SDKStatCaches.noindex/macosx26.5-25F70-688ef53f1462e2c8f657fdc38a81448f3599ee76dc2a8020dfcb4b41ead48a8c.sdkstatcache -output-file-map /tmp/MYR175-Classify-Candidate-Mac/Build/Intermediates.noindex/MyRAM.build/Debug/MyRAMMacTests.build/Objects-normal/arm64/MyRAMMacTests-OutputFileMap.json -use-frontend-parseable-output -save-temps -no-color-diagnostics -explicit-module-build -module-cache-path /tmp/MYR175-Classify-Candidate-Mac/Build/Intermediates.noindex/SwiftExplicitPrecompiledModules -clang-scanner-module-cache-path /tmp/MYR175-Classify-Candidate-Mac/ModuleCache.noindex -sdk-module-cache-path /tmp/MYR175-Classify-Candidate-Mac/ModuleCache.noindex -serialize-diagnostics -emit-dependencies -emit-module -emit-module-path /tmp/MYR175-Classify-Candidate-Mac/Build/Intermediates.noindex/MyRAM.build/Debug/MyRAMMacTests.build/Objects-normal/arm64/MyRAMMacTests.swiftmodule -validate-clang-modules-once -clang-build-session-file /tmp/MYR175-Classify-Candidate-Mac/ModuleCache.noindex/Session.modulevalidation -Xcc -I/tmp/MYR175-Classify-Candidate-Mac/Build/Intermediates.noindex/MyRAM.build/Debug/MyRAMMacTests.build/swift-overrides.hmap -emit-const-values -Xfrontend -const-gather-protocols-file -Xfrontend /tmp/MYR175-Classify-Candidate-Mac/Build/Intermediates.noindex/MyRAM.build/Debug/MyRAMMacTests.build/Objects-normal/arm64/MyRAMMacTests_const_extract_protocols.json -Xcc -iquote -Xcc /tmp/MYR175-Classify-Candidate-Mac/Build/Intermediates.noindex/MyRAM.build/Debug/MyRAMMacTests.build/MyRAMMacTests-generated-files.hmap -Xcc -I/tmp/MYR175-Classify-Candidate-Mac/Build/Intermediates.noindex/MyRAM.build/Debug/MyRAMMacTests.build/MyRAMMacTests-own-target-headers.hmap -Xcc -I/tmp/MYR175-Classify-Candidate-Mac/Build/Intermediates.noindex/MyRAM.build/Debug/MyRAMMacTests.build/MyRAMMacTests-all-non-framework-target-headers.hmap -Xcc -ivfsoverlay -Xcc /tmp/MYR175-Classify-Candidate-Mac/Build/Intermediates.noindex/MyRAM.build/Debug/MyRAM-98a9cbde253e8e955bc92731eb290203-VFS/all-product-headers.yaml -Xcc -iquote -Xcc /tmp/MYR175-Classify-Candidate-Mac/Build/Intermediates.noindex/MyRAM.build/Debug/MyRAMMacTests.build/MyRAMMacTests-project-headers.hmap -Xcc -I/tmp/MYR175-Classify-Candidate-Mac/Build/Products/Debug/include -Xcc -I/tmp/MYR175-Classify-Candidate-Mac/Build/Intermediates.noindex/MyRAM.build/Debug/MyRAMMacTests.build/DerivedSources-normal/arm64 -Xcc -I/tmp/MYR175-Classify-Candidate-Mac/Build/Intermediates.noindex/MyRAM.build/Debug/MyRAMMacTests.build/DerivedSources/arm64 -Xcc -I/tmp/MYR175-Classify-Candidate-Mac/Build/Intermediates.noindex/MyRAM.build/Debug/MyRAMMacTests.build/DerivedSources -Xcc -DDEBUG\=1 -emit-objc-header -emit-objc-header-path /tmp/MYR175-Classify-Candidate-Mac/Build/Intermediates.noindex/MyRAM.build/Debug/MyRAMMacTests.build/Objects-normal/arm64/MyRAMMacTests-Swift.h -working-directory /Users/runner/work/MyRAM-iOS/MyRAM-iOS/Candidate -experimental-emit-module-separately -disable-cmo

SwiftDriverJobDiscovery normal arm64 Compiling NoteSequenceStateBootstrapMigrator.swift, SwiftDataNoteSequenceStateStore.swift, MyRAMSyncOperationIDAllocator.swift, FileBackedSyncOperationIDReservationStore.swift, MyRAMMacApp.swift, MyRAMMacRootView.swift, MacStartupCoordinator.swift, MacNoteEditorView.swift, MacTextViewRepresentable.swift, MacEditorSampleDocument.swift, MacRemoteInsertionAttributePolicy.swift, MacIncomingSyncApplicationPolicy.swift, MacEditorSyncBridge.swift, MacNSRangeClamp.swift, MyRAMPlatform.swift, RTFCoding.swift, AttributedTextStorageKeys.swift, MacNotePersistenceAdapter.swift, MacEditorTextColorPolicy.swift, Note.swift (in target 'MyRAMMac' from project 'MyRAM')

SwiftCompile normal arm64 Compiling\ MarkdownFileIOTests.swift,\ SwiftDataNoteSequenceStateStoreTests.swift,\ NoteSequenceStateFullBodyIntegrationTests.swift,\ NoteSequenceStateBootstrapMigratorTests.swift,\ MYR170MacFullBodyPathIntegrationTests.swift,\ MacStartupCoordinatorTests.swift,\ MyRAMSyncOperationIDAllocatorTests.swift,\ MacEditorSampleDocumentTests.swift,\ MacEditorSelectionMapperTests.swift,\ MacRemoteInsertionAttributePolicyTests.swift,\ MacIncomingSyncApplicationPolicyTests.swift,\ MacEditorSyncBridgeTests.swift,\ MacNotePersistenceAdapterTests.swift /Users/runner/work/MyRAM-iOS/MyRAM-iOS/Candidate/MyRAMTests/MarkdownFileIOTests.swift /Users/runner/work/MyRAM-iOS/MyRAM-iOS/Candidate/MyRAMTests/SwiftDataNoteSequenceStateStoreTests.swift /Users/runner/work/MyRAM-iOS/MyRAM-iOS/Candidate/MyRAMTests/NoteSequenceStateFullBodyIntegrationTests.swift /Users/runner/work/MyRAM-iOS/MyRAM-iOS/Candidate/MyRAMTests/NoteSequenceStateBootstrapMigratorTests.swift /Users/runner/work/MyRAM-iOS/MyRAM-iOS/Candidate/MyRAMMacTests/MYR170MacFullBodyPathIntegrationTests.swift /Users/runner/work/MyRAM-iOS/MyRAM-iOS/Candidate/MyRAMMacTests/MacStartupCoordinatorTests.swift /Users/runner/work/MyRAM-iOS/MyRAM-iOS/Candidate/MyRAMTests/MyRAMSyncOperationIDAllocatorTests.swift /Users/runner/work/MyRAM-iOS/MyRAM-iOS/Candidate/MyRAMMacTests/MacEditorSampleDocumentTests.swift /Users/runner/work/MyRAM-iOS/MyRAM-iOS/Candidate/MyRAMMacTests/MacEditorSelectionMapperTests.swift /Users/runner/work/MyRAM-iOS/MyRAM-iOS/Candidate/MyRAMMacTests/MacRemoteInsertionAttributePolicyTests.swift /Users/runner/work/MyRAM-iOS/MyRAM-iOS/Candidate/MyRAMMacTests/MacIncomingSyncApplicationPolicyTests.swift /Users/runner/work/MyRAM-iOS/MyRAM-iOS/Candidate/MyRAMMacTests/MacEditorSyncBridgeTests.swift /Users/runner/work/MyRAM-iOS/MyRAM-iOS/Candidate/MyRAMMacTests/MacNotePersistenceAdapterTests.swift (in target 'MyRAMMacTests' from project 'MyRAM')

SwiftCompile normal arm64 /Users/runner/work/MyRAM-iOS/MyRAM-iOS/Candidate/MyRAMTests/MarkdownFileIOTests.swift (in target 'MyRAMMacTests' from project 'MyRAM')
    cd /Users/runner/work/MyRAM-iOS/MyRAM-iOS/Candidate
    

SwiftCompile normal arm64 /Users/runner/work/MyRAM-iOS/MyRAM-iOS/Candidate/MyRAMTests/SwiftDataNoteSequenceStateStoreTests.swift (in target 'MyRAMMacTests' from project 'MyRAM')
    cd /Users/runner/work/MyRAM-iOS/MyRAM-iOS/Candidate
    

SwiftCompile normal arm64 /Users/runner/work/MyRAM-iOS/MyRAM-iOS/Candidate/MyRAMTests/NoteSequenceStateFullBodyIntegrationTests.swift (in target 'MyRAMMacTests' from project 'MyRAM')
    cd /Users/runner/work/MyRAM-iOS/MyRAM-iOS/Candidate
    

SwiftCompile normal arm64 /Users/runner/work/MyRAM-iOS/MyRAM-iOS/Candidate/MyRAMTests/NoteSequenceStateBootstrapMigratorTests.swift (in target 'MyRAMMacTests' from project 'MyRAM')
    cd /Users/runner/work/MyRAM-iOS/MyRAM-iOS/Candidate
    

SwiftCompile normal arm64 /Users/runner/work/MyRAM-iOS/MyRAM-iOS/Candidate/MyRAMMacTests/MYR170MacFullBodyPathIntegrationTests.swift (in target 'MyRAMMacTests' from project 'MyRAM')
    cd /Users/runner/work/MyRAM-iOS/MyRAM-iOS/Candidate
    

SwiftCompile normal arm64 /Users/runner/work/MyRAM-iOS/MyRAM-iOS/Candidate/MyRAMMacTests/MacStartupCoordinatorTests.swift (in target 'MyRAMMacTests' from project 'MyRAM')
    cd /Users/runner/work/MyRAM-iOS/MyRAM-iOS/Candidate
    

SwiftCompile normal arm64 /Users/runner/work/MyRAM-iOS/MyRAM-iOS/Candidate/MyRAMTests/MyRAMSyncOperationIDAllocatorTests.swift (in target 'MyRAMMacTests' from project 'MyRAM')
    cd /Users/runner/work/MyRAM-iOS/MyRAM-iOS/Candidate
    

SwiftCompile normal arm64 /Users/runner/work/MyRAM-iOS/MyRAM-iOS/Candidate/MyRAMMacTests/MacEditorSampleDocumentTests.swift (in target 'MyRAMMacTests' from project 'MyRAM')
    cd /Users/runner/work/MyRAM-iOS/MyRAM-iOS/Candidate
    

SwiftCompile normal arm64 /Users/runner/work/MyRAM-iOS/MyRAM-iOS/Candidate/MyRAMMacTests/MacEditorSelectionMapperTests.swift (in target 'MyRAMMacTests' from project 'MyRAM')
    cd /Users/runner/work/MyRAM-iOS/MyRAM-iOS/Candidate
    

SwiftCompile normal arm64 /Users/runner/work/MyRAM-iOS/MyRAM-iOS/Candidate/MyRAMMacTests/MacRemoteInsertionAttributePolicyTests.swift (in target 'MyRAMMacTests' from project 'MyRAM')
    cd /Users/runner/work/MyRAM-iOS/MyRAM-iOS/Candidate
    

SwiftCompile normal arm64 /Users/runner/work/MyRAM-iOS/MyRAM-iOS/Candidate/MyRAMMacTests/MacIncomingSyncApplicationPolicyTests.swift (in target 'MyRAMMacTests' from project 'MyRAM')
    cd /Users/runner/work/MyRAM-iOS/MyRAM-iOS/Candidate
    

SwiftCompile normal arm64 /Users/runner/work/MyRAM-iOS/MyRAM-iOS/Candidate/MyRAMMacTests/MacEditorSyncBridgeTests.swift (in target 'MyRAMMacTests' from project 'MyRAM')
    cd /Users/runner/work/MyRAM-iOS/MyRAM-iOS/Candidate
    

SwiftCompile normal arm64 /Users/runner/work/MyRAM-iOS/MyRAM-iOS/Candidate/MyRAMMacTests/MacNotePersistenceAdapterTests.swift (in target 'MyRAMMacTests' from project 'MyRAM')
    cd /Users/runner/work/MyRAM-iOS/MyRAM-iOS/Candidate
    

SwiftMergeGeneratedHeaders /tmp/MYR175-Classify-Candidate-Mac/Build/Intermediates.noindex/MyRAM.build/Debug/MyRAMMacTests.build/DerivedSources/MyRAMMacTests-Swift.h /tmp/MYR175-Classify-Candidate-Mac/Build/Intermediates.noindex/MyRAM.build/Debug/MyRAMMacTests.build/Objects-normal/arm64/MyRAMMacTests-Swift.h (in target 'MyRAMMacTests' from project 'MyRAM')
    cd /Users/runner/work/MyRAM-iOS/MyRAM-iOS/Candidate
    builtin-swiftHeaderTool -arch arm64 /tmp/MYR175-Classify-Candidate-Mac/Build/Intermediates.noindex/MyRAM.build/Debug/MyRAMMacTests.build/Objects-normal/arm64/MyRAMMacTests-Swift.h -o /tmp/MYR175-Classify-Candidate-Mac/Build/Intermediates.noindex/MyRAM.build/Debug/MyRAMMacTests.build/DerivedSources/MyRAMMacTests-Swift.h

SwiftDriverJobDiscovery normal arm64 Compiling MacMarkdownFileIOIntegrationTests.swift, MarkdownPreviewParserTests.swift, MacMarkdownPreviewIntegrationTests.swift, MacNoteViewZoomTests.swift, MacMarkdownPreviewDocumentBuilderTests.swift, MacEditorTextColorPolicyTests.swift, MacSidebarCollapsePolicyTests.swift, SyncBatchEnvelopeV2Tests.swift, SyncBatchPeerCapabilityTests.swift, SyncBatchTransportAdmissionPlannerTests.swift, MacSyncDeviceIdentityTests.swift, MacSyncSeenBatchStoreTests.swift, MacSyncBatchAccumulatorTests.swift (in target 'MyRAMMacTests' from project 'MyRAM')

Copy /tmp/MYR175-Classify-Candidate-Mac/Build/Products/Debug/MyRAMMacTests.swiftmodule/arm64-apple-macos.swiftmodule /tmp/MYR175-Classify-Candidate-Mac/Build/Intermediates.noindex/MyRAM.build/Debug/MyRAMMacTests.build/Objects-normal/arm64/MyRAMMacTests.swiftmodule (in target 'MyRAMMacTests' from project 'MyRAM')
    cd /Users/runner/work/MyRAM-iOS/MyRAM-iOS/Candidate
    builtin-copy -exclude .DS_Store -exclude CVS -exclude .svn -exclude .git -exclude .hg -resolve-src-symlinks -rename /tmp/MYR175-Classify-Candidate-Mac/Build/Intermediates.noindex/MyRAM.build/Debug/MyRAMMacTests.build/Objects-normal/arm64/MyRAMMacTests.swiftmodule /tmp/MYR175-Classify-Candidate-Mac/Build/Products/Debug/MyRAMMacTests.swiftmodule/arm64-apple-macos.swiftmodule

Copy /tmp/MYR175-Classify-Candidate-Mac/Build/Products/Debug/MyRAMMacTests.swiftmodule/arm64-apple-macos.swiftdoc /tmp/MYR175-Classify-Candidate-Mac/Build/Intermediates.noindex/MyRAM.build/Debug/MyRAMMacTests.build/Objects-normal/arm64/MyRAMMacTests.swiftdoc (in target 'MyRAMMacTests' from project 'MyRAM')
    cd /Users/runner/work/MyRAM-iOS/MyRAM-iOS/Candidate
    builtin-copy -exclude .DS_Store -exclude CVS -exclude .svn -exclude .git -exclude .hg -resolve-src-symlinks -rename /tmp/MYR175-Classify-Candidate-Mac/Build/Intermediates.noindex/MyRAM.build/Debug/MyRAMMacTests.build/Objects-normal/arm64/MyRAMMacTests.swiftdoc /tmp/MYR175-Classify-Candidate-Mac/Build/Products/Debug/MyRAMMacTests.swiftmodule/arm64-apple-macos.swiftdoc

Copy /tmp/MYR175-Classify-Candidate-Mac/Build/Products/Debug/MyRAMMacTests.swiftmodule/arm64-apple-macos.abi.json /tmp/MYR175-Classify-Candidate-Mac/Build/Intermediates.noindex/MyRAM.build/Debug/MyRAMMacTests.build/Objects-normal/arm64/MyRAMMacTests.abi.json (in target 'MyRAMMacTests' from project 'MyRAM')
    cd /Users/runner/work/MyRAM-iOS/MyRAM-iOS/Candidate
    builtin-copy -exclude .DS_Store -exclude CVS -exclude .svn -exclude .git -exclude .hg -resolve-src-symlinks -rename /tmp/MYR175-Classify-Candidate-Mac/Build/Intermediates.noindex/MyRAM.build/Debug/MyRAMMacTests.build/Objects-normal/arm64/MyRAMMacTests.abi.json /tmp/MYR175-Classify-Candidate-Mac/Build/Products/Debug/MyRAMMacTests.swiftmodule/arm64-apple-macos.abi.json

Copy /tmp/MYR175-Classify-Candidate-Mac/Build/Products/Debug/MyRAMMacTests.swiftmodule/Project/arm64-apple-macos.swiftsourceinfo /tmp/MYR175-Classify-Candidate-Mac/Build/Intermediates.noindex/MyRAM.build/Debug/MyRAMMacTests.build/Objects-normal/arm64/MyRAMMacTests.swiftsourceinfo (in target 'MyRAMMacTests' from project 'MyRAM')
    cd /Users/runner/work/MyRAM-iOS/MyRAM-iOS/Candidate
    builtin-copy -exclude .DS_Store -exclude CVS -exclude .svn -exclude .git -exclude .hg -resolve-src-symlinks -rename /tmp/MYR175-Classify-Candidate-Mac/Build/Intermediates.noindex/MyRAM.build/Debug/MyRAMMacTests.build/Objects-normal/arm64/MyRAMMacTests.swiftsourceinfo /tmp/MYR175-Classify-Candidate-Mac/Build/Products/Debug/MyRAMMacTests.swiftmodule/Project/arm64-apple-macos.swiftsourceinfo

SwiftDriver\ Compilation MyRAMMac normal arm64 com.apple.xcode.tools.swift.compiler (in target 'MyRAMMac' from project 'MyRAM')
    cd /Users/runner/work/MyRAM-iOS/MyRAM-iOS/Candidate
    builtin-Swift-Compilation -- /Applications/Xcode_26.5.app/Contents/Developer/Toolchains/XcodeDefault.xctoolchain/usr/bin/swiftc -module-name MyRAMMac -Onone @/tmp/MYR175-Classify-Candidate-Mac/Build/Intermediates.noindex/MyRAM.build/Debug/MyRAMMac.build/Objects-normal/arm64/MyRAMMac.SwiftFileList -DDEBUG -enable-bare-slash-regex -enable-experimental-feature DebugDescriptionMacro -sdk /Applications/Xcode_26.5.app/Contents/Developer/Platforms/MacOSX.platform/Developer/SDKs/MacOSX26.5.sdk -target arm64-apple-macos14.0 -g -module-cache-path /tmp/MYR175-Classify-Candidate-Mac/ModuleCache.noindex -Xfrontend -serialize-debugging-options -enable-testing -index-store-path /tmp/MYR175-Classify-Candidate-Mac/Index.noindex/DataStore -Xcc -D_LIBCPP_HARDENING_MODE\=_LIBCPP_HARDENING_MODE_DEBUG -swift-version 5 -I /tmp/MYR175-Classify-Candidate-Mac/Build/Products/Debug -F /tmp/MYR175-Classify-Candidate-Mac/Build/Products/Debug/PackageFrameworks -F /tmp/MYR175-Classify-Candidate-Mac/Build/Products/Debug/PackageFrameworks -F /tmp/MYR175-Classify-Candidate-Mac/Build/Products/Debug -emit-localized-strings -emit-localized-strings-path /tmp/MYR175-Classify-Candidate-Mac/Build/Intermediates.noindex/MyRAM.build/Debug/MyRAMMac.build/Objects-normal/arm64 -c -j3 -enable-batch-mode -incremental -Xcc -ivfsstatcache -Xcc /tmp/MYR175-Classify-Candidate-Mac/SDKStatCaches.noindex/macosx26.5-25F70-688ef53f1462e2c8f657fdc38a81448f3599ee76dc2a8020dfcb4b41ead48a8c.sdkstatcache -output-file-map /tmp/MYR175-Classify-Candidate-Mac/Build/Intermediates.noindex/MyRAM.build/Debug/MyRAMMac.build/Objects-normal/arm64/MyRAMMac-OutputFileMap.json -use-frontend-parseable-output -save-temps -no-color-diagnostics -explicit-module-build -module-cache-path /tmp/MYR175-Classify-Candidate-Mac/Build/Intermediates.noindex/SwiftExplicitPrecompiledModules -clang-scanner-module-cache-path /tmp/MYR175-Classify-Candidate-Mac/ModuleCache.noindex -sdk-module-cache-path /tmp/MYR175-Classify-Candidate-Mac/ModuleCache.noindex -serialize-diagnostics -emit-dependencies -emit-module -emit-module-path /tmp/MYR175-Classify-Candidate-Mac/Build/Intermediates.noindex/MyRAM.build/Debug/MyRAMMac.build/Objects-normal/arm64/MyRAMMac.swiftmodule -validate-clang-modules-once -clang-build-session-file /tmp/MYR175-Classify-Candidate-Mac/ModuleCache.noindex/Session.modulevalidation -Xcc -I/tmp/MYR175-Classify-Candidate-Mac/Build/Intermediates.noindex/MyRAM.build/Debug/MyRAMMac.build/swift-overrides.hmap -emit-const-values -Xfrontend -const-gather-protocols-file -Xfrontend /tmp/MYR175-Classify-Candidate-Mac/Build/Intermediates.noindex/MyRAM.build/Debug/MyRAMMac.build/Objects-normal/arm64/MyRAMMac_const_extract_protocols.json -Xcc -iquote -Xcc /tmp/MYR175-Classify-Candidate-Mac/Build/Intermediates.noindex/MyRAM.build/Debug/MyRAMMac.build/MyRAMMac-generated-files.hmap -Xcc -I/tmp/MYR175-Classify-Candidate-Mac/Build/Intermediates.noindex/MyRAM.build/Debug/MyRAMMac.build/MyRAMMac-own-target-headers.hmap -Xcc -I/tmp/MYR175-Classify-Candidate-Mac/Build/Intermediates.noindex/MyRAM.build/Debug/MyRAMMac.build/MyRAMMac-all-non-framework-target-headers.hmap -Xcc -ivfsoverlay -Xcc /tmp/MYR175-Classify-Candidate-Mac/Build/Intermediates.noindex/MyRAM.build/Debug/MyRAM-98a9cbde253e8e955bc92731eb290203-VFS/all-product-headers.yaml -Xcc -iquote -Xcc /tmp/MYR175-Classify-Candidate-Mac/Build/Intermediates.noindex/MyRAM.build/Debug/MyRAMMac.build/MyRAMMac-project-headers.hmap -Xcc -I/tmp/MYR175-Classify-Candidate-Mac/Build/Products/Debug/include -Xcc -I/tmp/MYR175-Classify-Candidate-Mac/Build/Intermediates.noindex/MyRAM.build/Debug/MyRAMMac.build/DerivedSources-normal/arm64 -Xcc -I/tmp/MYR175-Classify-Candidate-Mac/Build/Intermediates.noindex/MyRAM.build/Debug/MyRAMMac.build/DerivedSources/arm64 -Xcc -I/tmp/MYR175-Classify-Candidate-Mac/Build/Intermediates.noindex/MyRAM.build/Debug/MyRAMMac.build/DerivedSources -Xcc -DDEBUG\=1 -emit-objc-header -emit-objc-header-path /tmp/MYR175-Classify-Candidate-Mac/Build/Intermediates.noindex/MyRAM.build/Debug/MyRAMMac.build/Objects-normal/arm64/MyRAMMac-Swift.h -working-directory /Users/runner/work/MyRAM-iOS/MyRAM-iOS/Candidate -experimental-emit-module-separately -disable-cmo

Ld /tmp/MYR175-Classify-Candidate-Mac/Build/Products/Debug/MyRAMMac.app/Contents/MacOS/MyRAMMac.debug.dylib normal (in target 'MyRAMMac' from project 'MyRAM')
    cd /Users/runner/work/MyRAM-iOS/MyRAM-iOS/Candidate
    /Applications/Xcode_26.5.app/Contents/Developer/Toolchains/XcodeDefault.xctoolchain/usr/bin/clang -Xlinker -reproducible -target arm64-apple-macos14.0 -dynamiclib -isysroot /Applications/Xcode_26.5.app/Contents/Developer/Platforms/MacOSX.platform/Developer/SDKs/MacOSX26.5.sdk -O0 -L/tmp/MYR175-Classify-Candidate-Mac/Build/Intermediates.noindex/EagerLinkingTBDs/Debug -L/tmp/MYR175-Classify-Candidate-Mac/Build/Products/Debug -F/tmp/MYR175-Classify-Candidate-Mac/Build/Intermediates.noindex/EagerLinkingTBDs/Debug -F/tmp/MYR175-Classify-Candidate-Mac/Build/Products/Debug/PackageFrameworks -F/tmp/MYR175-Classify-Candidate-Mac/Build/Products/Debug/PackageFrameworks -F/tmp/MYR175-Classify-Candidate-Mac/Build/Products/Debug -filelist /tmp/MYR175-Classify-Candidate-Mac/Build/Intermediates.noindex/MyRAM.build/Debug/MyRAMMac.build/Objects-normal/arm64/MyRAMMac.LinkFileList -install_name @rpath/MyRAMMac.debug.dylib -Xlinker -rpath -Xlinker /usr/lib/swift -Xlinker -rpath -Xlinker /tmp/MYR175-Classify-Candidate-Mac/Build/Products/Debug/PackageFrameworks -Xlinker -rpath -Xlinker @executable_path/../Frameworks -Xlinker -object_path_lto -Xlinker /tmp/MYR175-Classify-Candidate-Mac/Build/Intermediates.noindex/MyRAM.build/Debug/MyRAMMac.build/Objects-normal/arm64/MyRAMMac_lto.o -rdynamic -Xlinker -no_deduplicate -Xlinker -dependency_info -Xlinker /tmp/MYR175-Classify-Candidate-Mac/Build/Intermediates.noindex/MyRAM.build/Debug/MyRAMMac.build/Objects-normal/arm64/MyRAMMac_dependency_info.dat -fobjc-link-runtime -L/Applications/Xcode_26.5.app/Contents/Developer/Toolchains/XcodeDefault.xctoolchain/usr/lib/swift/macosx -L/usr/lib/swift -Xlinker -add_ast_path -Xlinker /tmp/MYR175-Classify-Candidate-Mac/Build/Intermediates.noindex/MyRAM.build/Debug/MyRAMMac.build/Objects-normal/arm64/MyRAMMac.swiftmodule @/tmp/MYR175-Classify-Candidate-Mac/Build/Intermediates.noindex/MyRAM.build/Debug/MyRAMMac.build/Objects-normal/arm64/MyRAMMac-linker-args.resp -Wl,-no_warn_duplicate_libraries -Wl,-no_warn_duplicate_libraries -Xlinker -alias -Xlinker _main -Xlinker ___debug_main_executable_dylib_entry_point /tmp/MYR175-Classify-Candidate-Mac/Build/Products/Debug/PackageFrameworks/AnchoredSequenceCore_-65B9EEE52AB2106_PackageProduct.framework/Versions/A/AnchoredSequenceCore_-65B9EEE52AB2106_PackageProduct -Xlinker -no_adhoc_codesign -o /tmp/MYR175-Classify-Candidate-Mac/Build/Products/Debug/MyRAMMac.app/Contents/MacOS/MyRAMMac.debug.dylib -Xlinker -add_ast_path -Xlinker /tmp/MYR175-Classify-Candidate-Mac/Build/Intermediates.noindex/NearbySyncCore.build/Debug/NearbySyncCore.build/Objects-normal/arm64/NearbySyncCore.swiftmodule @/tmp/MYR175-Classify-Candidate-Mac/Build/Intermediates.noindex/NearbySyncCore.build/Debug/NearbySyncCore.build/Objects-normal/arm64/NearbySyncCore-linker-args.resp

ConstructStubExecutorLinkFileList /tmp/MYR175-Classify-Candidate-Mac/Build/Intermediates.noindex/MyRAM.build/Debug/MyRAMMac.build/MyRAMMac-ExecutorLinkFileList-normal-arm64.txt (in target 'MyRAMMac' from project 'MyRAM')
    cd /Users/runner/work/MyRAM-iOS/MyRAM-iOS/Candidate
    construct-stub-executor-link-file-list /tmp/MYR175-Classify-Candidate-Mac/Build/Products/Debug/MyRAMMac.app/Contents/MacOS/MyRAMMac.debug.dylib /Applications/Xcode_26.5.app/Contents/Developer/Platforms/MacOSX.platform/Developer/usr/lib/libPreviewsJITStubExecutor_no_swift_entry_point.a /Applications/Xcode_26.5.app/Contents/Developer/Platforms/MacOSX.platform/Developer/usr/lib/libPreviewsJITStubExecutor.a --output /tmp/MYR175-Classify-Candidate-Mac/Build/Intermediates.noindex/MyRAM.build/Debug/MyRAMMac.build/MyRAMMac-ExecutorLinkFileList-normal-arm64.txt
note: Using stub executor library with Swift entry point. (in target 'MyRAMMac' from project 'MyRAM')

Ld /tmp/MYR175-Classify-Candidate-Mac/Build/Products/Debug/MyRAMMac.app/Contents/MacOS/MyRAMMac normal (in target 'MyRAMMac' from project 'MyRAM')
    cd /Users/runner/work/MyRAM-iOS/MyRAM-iOS/Candidate
    /Applications/Xcode_26.5.app/Contents/Developer/Toolchains/XcodeDefault.xctoolchain/usr/bin/clang -Xlinker -reproducible -target arm64-apple-macos14.0 -isysroot /Applications/Xcode_26.5.app/Contents/Developer/Platforms/MacOSX.platform/Developer/SDKs/MacOSX26.5.sdk -O0 -L/tmp/MYR175-Classify-Candidate-Mac/Build/Products/Debug -F/tmp/MYR175-Classify-Candidate-Mac/Build/Products/Debug/PackageFrameworks -F/tmp/MYR175-Classify-Candidate-Mac/Build/Products/Debug/PackageFrameworks -F/tmp/MYR175-Classify-Candidate-Mac/Build/Products/Debug -Xlinker -rpath -Xlinker @executable_path -Xlinker -rpath -Xlinker /tmp/MYR175-Classify-Candidate-Mac/Build/Products/Debug/PackageFrameworks -Xlinker -rpath -Xlinker @executable_path/../Frameworks -rdynamic -Xlinker -no_deduplicate -e ___debug_blank_executor_main -Xlinker -sectcreate -Xlinker __TEXT -Xlinker __debug_dylib -Xlinker /tmp/MYR175-Classify-Candidate-Mac/Build/Intermediates.noindex/MyRAM.build/Debug/MyRAMMac.build/MyRAMMac-DebugDylibPath-normal-arm64.txt -Xlinker -sectcreate -Xlinker __TEXT -Xlinker __debug_instlnm -Xlinker /tmp/MYR175-Classify-Candidate-Mac/Build/Intermediates.noindex/MyRAM.build/Debug/MyRAMMac.build/MyRAMMac-DebugDylibInstallName-normal-arm64.txt -Xlinker -filelist -Xlinker /tmp/MYR175-Classify-Candidate-Mac/Build/Intermediates.noindex/MyRAM.build/Debug/MyRAMMac.build/MyRAMMac-ExecutorLinkFileList-normal-arm64.txt /tmp/MYR175-Classify-Candidate-Mac/Build/Products/Debug/MyRAMMac.app/Contents/MacOS/MyRAMMac.debug.dylib -Xlinker -no_adhoc_codesign -o /tmp/MYR175-Classify-Candidate-Mac/Build/Products/Debug/MyRAMMac.app/Contents/MacOS/MyRAMMac

Copy /tmp/MYR175-Classify-Candidate-Mac/Build/Products/Debug/MyRAMMac.app/Contents/PlugIns/MyRAMMacWidgetExtension.appex /tmp/MYR175-Classify-Candidate-Mac/Build/Products/Debug/MyRAMMacWidgetExtension.appex (in target 'MyRAMMac' from project 'MyRAM')
    cd /Users/runner/work/MyRAM-iOS/MyRAM-iOS/Candidate
    builtin-copy -exclude .DS_Store -exclude CVS -exclude .svn -exclude .git -exclude .hg -exclude Headers -exclude PrivateHeaders -exclude Modules -exclude \*.tbd -resolve-src-symlinks -remove-static-executable /tmp/MYR175-Classify-Candidate-Mac/Build/Products/Debug/MyRAMMacWidgetExtension.appex /tmp/MYR175-Classify-Candidate-Mac/Build/Products/Debug/MyRAMMac.app/Contents/PlugIns

ProcessInfoPlistFile /tmp/MYR175-Classify-Candidate-Mac/Build/Products/Debug/MyRAMMac.app/Contents/Info.plist /Users/runner/work/MyRAM-iOS/MyRAM-iOS/Candidate/MyRAM/Mac/Info.plist (in target 'MyRAMMac' from project 'MyRAM')
    cd /Users/runner/work/MyRAM-iOS/MyRAM-iOS/Candidate
    builtin-infoPlistUtility /Users/runner/work/MyRAM-iOS/MyRAM-iOS/Candidate/MyRAM/Mac/Info.plist -producttype com.apple.product-type.application -genpkginfo /tmp/MYR175-Classify-Candidate-Mac/Build/Products/Debug/MyRAMMac.app/Contents/PkgInfo -expandbuildsettings -platform macosx -additionalcontentfile /tmp/MYR175-Classify-Candidate-Mac/Build/Intermediates.noindex/MyRAM.build/Debug/MyRAMMac.build/assetcatalog_generated_info.plist -scanforprivacyfile /tmp/MYR175-Classify-Candidate-Mac/Build/Products/Debug/MyRAMMac.app/Contents/Frameworks/AnchoredSequenceCore_-65B9EEE52AB2106_PackageProduct.framework -scanforprivacyfile /tmp/MYR175-Classify-Candidate-Mac/Build/Products/Debug/MyRAMMac.app/Contents/PlugIns/MyRAMMacWidgetExtension.appex -o /tmp/MYR175-Classify-Candidate-Mac/Build/Products/Debug/MyRAMMac.app/Contents/Info.plist

ExtractAppIntentsMetadata (in target 'MyRAMMac' from project 'MyRAM')
    cd /Users/runner/work/MyRAM-iOS/MyRAM-iOS/Candidate
    /Applications/Xcode_26.5.app/Contents/Developer/Toolchains/XcodeDefault.xctoolchain/usr/bin/appintentsmetadataprocessor --toolchain-dir /var/run/com.apple.security.cryptexd/mnt/com.apple.MobileAsset.MetalToolchain-v17.6.42.0.es00zl/Metal.xctoolchain --module-name MyRAMMac --sdk-root /Applications/Xcode_26.5.app/Contents/Developer/Platforms/MacOSX.platform/Developer/SDKs/MacOSX26.5.sdk --xcode-version 17F42 --platform-family macOS --deployment-target 14.0 --bundle-identifier com.northsignalstudio.myram.mac.dev --output /tmp/MYR175-Classify-Candidate-Mac/Build/Products/Debug/MyRAMMac.app/Contents/Resources --target-triple arm64-apple-macos14.0 --binary-file /tmp/MYR175-Classify-Candidate-Mac/Build/Products/Debug/MyRAMMac.app/Contents/MacOS/MyRAMMac --dependency-file /tmp/MYR175-Classify-Candidate-Mac/Build/Intermediates.noindex/MyRAM.build/Debug/MyRAMMac.build/Objects-normal/arm64/MyRAMMac_dependency_info.dat --stringsdata-file /tmp/MYR175-Classify-Candidate-Mac/Build/Intermediates.noindex/MyRAM.build/Debug/MyRAMMac.build/Objects-normal/arm64/ExtractedAppShortcutsMetadata.stringsdata --source-file-list /tmp/MYR175-Classify-Candidate-Mac/Build/Intermediates.noindex/MyRAM.build/Debug/MyRAMMac.build/Objects-normal/arm64/MyRAMMac.SwiftFileList --metadata-file-list /tmp/MYR175-Classify-Candidate-Mac/Build/Intermediates.noindex/MyRAM.build/Debug/MyRAMMac.build/MyRAMMac.DependencyMetadataFileList --static-metadata-file-list /tmp/MYR175-Classify-Candidate-Mac/Build/Intermediates.noindex/MyRAM.build/Debug/MyRAMMac.build/MyRAMMac.DependencyStaticMetadataFileList --swift-const-vals-list /tmp/MYR175-Classify-Candidate-Mac/Build/Intermediates.noindex/MyRAM.build/Debug/MyRAMMac.build/Objects-normal/arm64/MyRAMMac.SwiftConstValuesFileList --compile-time-extraction --deployment-aware-processing --validate-assistant-intents --no-app-shortcuts-localization
2026-08-04 15:31:15.459 appintentsmetadataprocessor[4082:15822] Starting appintentsmetadataprocessor export
2026-08-04 15:31:15.532 appintentsmetadataprocessor[4082:15822] Extracted no relevant App Intents symbols, skipping writing output

CopySwiftLibs /tmp/MYR175-Classify-Candidate-Mac/Build/Products/Debug/MyRAMMac.app (in target 'MyRAMMac' from project 'MyRAM')
    cd /Users/runner/work/MyRAM-iOS/MyRAM-iOS/Candidate
    builtin-swiftStdLibTool --copy --verbose --sign - --scan-executable /tmp/MYR175-Classify-Candidate-Mac/Build/Products/Debug/MyRAMMac.app/Contents/MacOS/MyRAMMac.debug.dylib --scan-folder /tmp/MYR175-Classify-Candidate-Mac/Build/Products/Debug/MyRAMMac.app/Contents/Frameworks --scan-folder /tmp/MYR175-Classify-Candidate-Mac/Build/Products/Debug/MyRAMMac.app/Contents/PlugIns --scan-folder /tmp/MYR175-Classify-Candidate-Mac/Build/Products/Debug/MyRAMMac.app/Contents/Library/SystemExtensions --scan-folder /tmp/MYR175-Classify-Candidate-Mac/Build/Products/Debug/MyRAMMac.app/Contents/Extensions --scan-folder /tmp/MYR175-Classify-Candidate-Mac/Build/Products/Debug/PackageFrameworks/AnchoredSequenceCore_-65B9EEE52AB2106_PackageProduct.framework --platform macosx --toolchain /var/run/com.apple.security.cryptexd/mnt/com.apple.MobileAsset.MetalToolchain-v17.6.42.0.es00zl/Metal.xctoolchain --toolchain /Applications/Xcode_26.5.app/Contents/Developer/Toolchains/XcodeDefault.xctoolchain --destination /tmp/MYR175-Classify-Candidate-Mac/Build/Products/Debug/MyRAMMac.app/Contents/Frameworks --strip-bitcode --strip-bitcode-tool /Applications/Xcode_26.5.app/Contents/Developer/Toolchains/XcodeDefault.xctoolchain/usr/bin/bitcode_strip --emit-dependency-info /tmp/MYR175-Classify-Candidate-Mac/Build/Intermediates.noindex/MyRAM.build/Debug/MyRAMMac.build/SwiftStdLibToolInputDependencies.dep --filter-for-swift-os --back-deploy-swift-span

ProcessInfoPlistFile /tmp/MYR175-Classify-Candidate-Mac/Build/Products/Debug/MyRAMMac.app/Contents/PlugIns/MyRAMMacTests.xctest/Contents/Info.plist /tmp/MYR175-Classify-Candidate-Mac/Build/Intermediates.noindex/MyRAM.build/Debug/MyRAMMacTests.build/empty-MyRAMMacTests.plist (in target 'MyRAMMacTests' from project 'MyRAM')
    cd /Users/runner/work/MyRAM-iOS/MyRAM-iOS/Candidate
    builtin-infoPlistUtility /tmp/MYR175-Classify-Candidate-Mac/Build/Intermediates.noindex/MyRAM.build/Debug/MyRAMMacTests.build/empty-MyRAMMacTests.plist -producttype com.apple.product-type.bundle.unit-test -expandbuildsettings -platform macosx -o /tmp/MYR175-Classify-Candidate-Mac/Build/Products/Debug/MyRAMMac.app/Contents/PlugIns/MyRAMMacTests.xctest/Contents/Info.plist

Copy /tmp/MYR175-Classify-Candidate-Mac/Build/Products/Debug/MyRAMMac.app/Contents/PlugIns/MyRAMMacTests.xctest/Contents/Frameworks/AnchoredSequenceCore_-65B9EEE52AB2106_PackageProduct.framework /tmp/MYR175-Classify-Candidate-Mac/Build/Products/Debug/PackageFrameworks/AnchoredSequenceCore_-65B9EEE52AB2106_PackageProduct.framework (in target 'MyRAMMacTests' from project 'MyRAM')
    cd /Users/runner/work/MyRAM-iOS/MyRAM-iOS/Candidate
    builtin-copy -exclude .DS_Store -exclude CVS -exclude .svn -exclude .git -exclude .hg -resolve-src-symlinks -remove-static-executable /tmp/MYR175-Classify-Candidate-Mac/Build/Products/Debug/PackageFrameworks/AnchoredSequenceCore_-65B9EEE52AB2106_PackageProduct.framework /tmp/MYR175-Classify-Candidate-Mac/Build/Products/Debug/MyRAMMac.app/Contents/PlugIns/MyRAMMacTests.xctest/Contents/Frameworks

CodeSign /tmp/MYR175-Classify-Candidate-Mac/Build/Products/Debug/MyRAMMac.app/Contents/PlugIns/MyRAMMacTests.xctest/Contents/Frameworks/AnchoredSequenceCore_-65B9EEE52AB2106_PackageProduct.framework/Versions/A (in target 'MyRAMMacTests' from project 'MyRAM')
    cd /Users/runner/work/MyRAM-iOS/MyRAM-iOS/Candidate
    
    Signing Identity:     "Sign to Run Locally"
    
    /usr/bin/codesign --force --sign - --timestamp\=none --preserve-metadata\=identifier,entitlements,flags --generate-entitlement-der /tmp/MYR175-Classify-Candidate-Mac/Build/Products/Debug/MyRAMMac.app/Contents/PlugIns/MyRAMMacTests.xctest/Contents/Frameworks/AnchoredSequenceCore_-65B9EEE52AB2106_PackageProduct.framework/Versions/A
/tmp/MYR175-Classify-Candidate-Mac/Build/Products/Debug/MyRAMMac.app/Contents/PlugIns/MyRAMMacTests.xctest/Contents/Frameworks/AnchoredSequenceCore_-65B9EEE52AB2106_PackageProduct.framework/Versions/A: replacing existing signature

SwiftDriverJobDiscovery normal arm64 Compiling MarkdownFileIOTests.swift, SwiftDataNoteSequenceStateStoreTests.swift, NoteSequenceStateFullBodyIntegrationTests.swift, NoteSequenceStateBootstrapMigratorTests.swift, MYR170MacFullBodyPathIntegrationTests.swift, MacStartupCoordinatorTests.swift, MyRAMSyncOperationIDAllocatorTests.swift, MacEditorSampleDocumentTests.swift, MacEditorSelectionMapperTests.swift, MacRemoteInsertionAttributePolicyTests.swift, MacIncomingSyncApplicationPolicyTests.swift, MacEditorSyncBridgeTests.swift, MacNotePersistenceAdapterTests.swift (in target 'MyRAMMacTests' from project 'MyRAM')

SwiftDriverJobDiscovery normal arm64 Compiling MacExplicitDeleteProvenanceTests.swift, MacSyncBatchControllerTests.swift, MacSyncConvergencePresentationAdapterTests.swift, MacSyncConvergenceCoordinatorTests.swift, MacSyncIncomingLocalBoundaryTests.swift, MacLegacySyncReceiverTests.swift, SyncBatchUnsentQueueTests.swift, SyncConvergencePlanningTests.swift, SyncConvergenceRewriteSafetyPolicyTests.swift, SyncConvergenceIncorporationTests.swift, SyncConvergencePostCommitTests.swift, SyncConvergencePostCommitTestDoubles.swift, SyncConvergenceIdentityTestSupport.swift (in target 'MyRAMMacTests' from project 'MyRAM')

SwiftDriver\ Compilation MyRAMMacTests normal arm64 com.apple.xcode.tools.swift.compiler (in target 'MyRAMMacTests' from project 'MyRAM')
    cd /Users/runner/work/MyRAM-iOS/MyRAM-iOS/Candidate
    builtin-Swift-Compilation -- /Applications/Xcode_26.5.app/Contents/Developer/Toolchains/XcodeDefault.xctoolchain/usr/bin/swiftc -module-name MyRAMMacTests -Onone @/tmp/MYR175-Classify-Candidate-Mac/Build/Intermediates.noindex/MyRAM.build/Debug/MyRAMMacTests.build/Objects-normal/arm64/MyRAMMacTests.SwiftFileList -DDEBUG -plugin-path /Applications/Xcode_26.5.app/Contents/Developer/Toolchains/XcodeDefault.xctoolchain/usr/lib/swift/host/plugins/testing -enable-bare-slash-regex -enable-experimental-feature DebugDescriptionMacro -sdk /Applications/Xcode_26.5.app/Contents/Developer/Platforms/MacOSX.platform/Developer/SDKs/MacOSX26.5.sdk -target arm64-apple-macos14.0 -g -module-cache-path /tmp/MYR175-Classify-Candidate-Mac/ModuleCache.noindex -Xfrontend -serialize-debugging-options -enable-testing -index-store-path /tmp/MYR175-Classify-Candidate-Mac/Index.noindex/DataStore -Xcc -D_LIBCPP_HARDENING_MODE\=_LIBCPP_HARDENING_MODE_DEBUG -swift-version 5 -I /tmp/MYR175-Classify-Candidate-Mac/Build/Products/Debug -Isystem /Applications/Xcode_26.5.app/Contents/Developer/Platforms/MacOSX.platform/Developer/usr/lib -F /tmp/MYR175-Classify-Candidate-Mac/Build/Products/Debug/PackageFrameworks -F /tmp/MYR175-Classify-Candidate-Mac/Build/Products/Debug/PackageFrameworks -F /tmp/MYR175-Classify-Candidate-Mac/Build/Products/Debug/PackageFrameworks -F /tmp/MYR175-Classify-Candidate-Mac/Build/Products/Debug -F /Applications/Xcode_26.5.app/Contents/Developer/Platforms/MacOSX.platform/Developer/Library/Frameworks -c -j3 -enable-batch-mode -incremental -Xcc -ivfsstatcache -Xcc /tmp/MYR175-Classify-Candidate-Mac/SDKStatCaches.noindex/macosx26.5-25F70-688ef53f1462e2c8f657fdc38a81448f3599ee76dc2a8020dfcb4b41ead48a8c.sdkstatcache -output-file-map /tmp/MYR175-Classify-Candidate-Mac/Build/Intermediates.noindex/MyRAM.build/Debug/MyRAMMacTests.build/Objects-normal/arm64/MyRAMMacTests-OutputFileMap.json -use-frontend-parseable-output -save-temps -no-color-diagnostics -explicit-module-build -module-cache-path /tmp/MYR175-Classify-Candidate-Mac/Build/Intermediates.noindex/SwiftExplicitPrecompiledModules -clang-scanner-module-cache-path /tmp/MYR175-Classify-Candidate-Mac/ModuleCache.noindex -sdk-module-cache-path /tmp/MYR175-Classify-Candidate-Mac/ModuleCache.noindex -serialize-diagnostics -emit-dependencies -emit-module -emit-module-path /tmp/MYR175-Classify-Candidate-Mac/Build/Intermediates.noindex/MyRAM.build/Debug/MyRAMMacTests.build/Objects-normal/arm64/MyRAMMacTests.swiftmodule -validate-clang-modules-once -clang-build-session-file /tmp/MYR175-Classify-Candidate-Mac/ModuleCache.noindex/Session.modulevalidation -Xcc -I/tmp/MYR175-Classify-Candidate-Mac/Build/Intermediates.noindex/MyRAM.build/Debug/MyRAMMacTests.build/swift-overrides.hmap -emit-const-values -Xfrontend -const-gather-protocols-file -Xfrontend /tmp/MYR175-Classify-Candidate-Mac/Build/Intermediates.noindex/MyRAM.build/Debug/MyRAMMacTests.build/Objects-normal/arm64/MyRAMMacTests_const_extract_protocols.json -Xcc -iquote -Xcc /tmp/MYR175-Classify-Candidate-Mac/Build/Intermediates.noindex/MyRAM.build/Debug/MyRAMMacTests.build/MyRAMMacTests-generated-files.hmap -Xcc -I/tmp/MYR175-Classify-Candidate-Mac/Build/Intermediates.noindex/MyRAM.build/Debug/MyRAMMacTests.build/MyRAMMacTests-own-target-headers.hmap -Xcc -I/tmp/MYR175-Classify-Candidate-Mac/Build/Intermediates.noindex/MyRAM.build/Debug/MyRAMMacTests.build/MyRAMMacTests-all-non-framework-target-headers.hmap -Xcc -ivfsoverlay -Xcc /tmp/MYR175-Classify-Candidate-Mac/Build/Intermediates.noindex/MyRAM.build/Debug/MyRAM-98a9cbde253e8e955bc92731eb290203-VFS/all-product-headers.yaml -Xcc -iquote -Xcc /tmp/MYR175-Classify-Candidate-Mac/Build/Intermediates.noindex/MyRAM.build/Debug/MyRAMMacTests.build/MyRAMMacTests-project-headers.hmap -Xcc -I/tmp/MYR175-Classify-Candidate-Mac/Build/Products/Debug/include -Xcc -I/tmp/MYR175-Classify-Candidate-Mac/Build/Intermediates.noindex/MyRAM.build/Debug/MyRAMMacTests.build/DerivedSources-normal/arm64 -Xcc -I/tmp/MYR175-Classify-Candidate-Mac/Build/Intermediates.noindex/MyRAM.build/Debug/MyRAMMacTests.build/DerivedSources/arm64 -Xcc -I/tmp/MYR175-Classify-Candidate-Mac/Build/Intermediates.noindex/MyRAM.build/Debug/MyRAMMacTests.build/DerivedSources -Xcc -DDEBUG\=1 -emit-objc-header -emit-objc-header-path /tmp/MYR175-Classify-Candidate-Mac/Build/Intermediates.noindex/MyRAM.build/Debug/MyRAMMacTests.build/Objects-normal/arm64/MyRAMMacTests-Swift.h -working-directory /Users/runner/work/MyRAM-iOS/MyRAM-iOS/Candidate -experimental-emit-module-separately -disable-cmo

Ld /tmp/MYR175-Classify-Candidate-Mac/Build/Products/Debug/MyRAMMac.app/Contents/PlugIns/MyRAMMacTests.xctest/Contents/MacOS/MyRAMMacTests normal (in target 'MyRAMMacTests' from project 'MyRAM')
    cd /Users/runner/work/MyRAM-iOS/MyRAM-iOS/Candidate
    /Applications/Xcode_26.5.app/Contents/Developer/Toolchains/XcodeDefault.xctoolchain/usr/bin/clang -Xlinker -reproducible -target arm64-apple-macos14.0 -bundle -isysroot /Applications/Xcode_26.5.app/Contents/Developer/Platforms/MacOSX.platform/Developer/SDKs/MacOSX26.5.sdk -O0 -L/tmp/MYR175-Classify-Candidate-Mac/Build/Intermediates.noindex/EagerLinkingTBDs/Debug -L/tmp/MYR175-Classify-Candidate-Mac/Build/Products/Debug -L/Applications/Xcode_26.5.app/Contents/Developer/Platforms/MacOSX.platform/Developer/usr/lib -F/tmp/MYR175-Classify-Candidate-Mac/Build/Intermediates.noindex/EagerLinkingTBDs/Debug -F/tmp/MYR175-Classify-Candidate-Mac/Build/Products/Debug/PackageFrameworks -F/tmp/MYR175-Classify-Candidate-Mac/Build/Products/Debug/PackageFrameworks -F/tmp/MYR175-Classify-Candidate-Mac/Build/Products/Debug/PackageFrameworks -F/tmp/MYR175-Classify-Candidate-Mac/Build/Products/Debug -iframework /Applications/Xcode_26.5.app/Contents/Developer/Platforms/MacOSX.platform/Developer/Library/Frameworks -filelist /tmp/MYR175-Classify-Candidate-Mac/Build/Intermediates.noindex/MyRAM.build/Debug/MyRAMMacTests.build/Objects-normal/arm64/MyRAMMacTests.LinkFileList -Xlinker -rpath -Xlinker /usr/lib/swift -Xlinker -rpath -Xlinker /tmp/MYR175-Classify-Candidate-Mac/Build/Products/Debug/PackageFrameworks -Xlinker -rpath -Xlinker @loader_path/../Frameworks -Xlinker -rpath -Xlinker @executable_path/../Frameworks -bundle_loader /tmp/MYR175-Classify-Candidate-Mac/Build/Products/Debug/MyRAMMac.app/Contents/MacOS/MyRAMMac -Xlinker -object_path_lto -Xlinker /tmp/MYR175-Classify-Candidate-Mac/Build/Intermediates.noindex/MyRAM.build/Debug/MyRAMMacTests.build/Objects-normal/arm64/MyRAMMacTests_lto.o -rdynamic -Xlinker -no_deduplicate -Xlinker -dependency_info -Xlinker /tmp/MYR175-Classify-Candidate-Mac/Build/Intermediates.noindex/MyRAM.build/Debug/MyRAMMacTests.build/Objects-normal/arm64/MyRAMMacTests_dependency_info.dat -fobjc-link-runtime -L/Applications/Xcode_26.5.app/Contents/Developer/Toolchains/XcodeDefault.xctoolchain/usr/lib/swift/macosx -L/usr/lib/swift -Xlinker -add_ast_path -Xlinker /tmp/MYR175-Classify-Candidate-Mac/Build/Intermediates.noindex/MyRAM.build/Debug/MyRAMMacTests.build/Objects-normal/arm64/MyRAMMacTests.swiftmodule @/tmp/MYR175-Classify-Candidate-Mac/Build/Intermediates.noindex/MyRAM.build/Debug/MyRAMMacTests.build/Objects-normal/arm64/MyRAMMacTests-linker-args.resp -Wl,-no_warn_duplicate_libraries -Wl,-no_warn_duplicate_libraries -Wl,-no_warn_duplicate_libraries -Xlinker -needed_framework -Xlinker XCTest -framework XCTest -Xlinker -needed-lXCTestSwiftSupport -lXCTestSwiftSupport /tmp/MYR175-Classify-Candidate-Mac/Build/Products/Debug/PackageFrameworks/AnchoredSequenceCore_-65B9EEE52AB2106_PackageProduct.framework/Versions/A/AnchoredSequenceCore_-65B9EEE52AB2106_PackageProduct /tmp/MYR175-Classify-Candidate-Mac/Build/Products/Debug/MyRAMMac.app/Contents/MacOS/MyRAMMac.debug.dylib -Xlinker -no_adhoc_codesign -o /tmp/MYR175-Classify-Candidate-Mac/Build/Products/Debug/MyRAMMac.app/Contents/PlugIns/MyRAMMacTests.xctest/Contents/MacOS/MyRAMMacTests

CopySwiftLibs /tmp/MYR175-Classify-Candidate-Mac/Build/Products/Debug/MyRAMMac.app/Contents/PlugIns/MyRAMMacTests.xctest (in target 'MyRAMMacTests' from project 'MyRAM')
    cd /Users/runner/work/MyRAM-iOS/MyRAM-iOS/Candidate
    builtin-swiftStdLibTool --copy --verbose --sign - --scan-executable /tmp/MYR175-Classify-Candidate-Mac/Build/Products/Debug/MyRAMMac.app/Contents/PlugIns/MyRAMMacTests.xctest/Contents/MacOS/MyRAMMacTests --scan-folder /tmp/MYR175-Classify-Candidate-Mac/Build/Products/Debug/MyRAMMac.app/Contents/PlugIns/MyRAMMacTests.xctest/Contents/Frameworks --scan-folder /tmp/MYR175-Classify-Candidate-Mac/Build/Products/Debug/MyRAMMac.app/Contents/PlugIns/MyRAMMacTests.xctest/Contents/PlugIns --scan-folder /tmp/MYR175-Classify-Candidate-Mac/Build/Products/Debug/MyRAMMac.app/Contents/PlugIns/MyRAMMacTests.xctest/Contents/Library/SystemExtensions --scan-folder /tmp/MYR175-Classify-Candidate-Mac/Build/Products/Debug/MyRAMMac.app/Contents/PlugIns/MyRAMMacTests.xctest/Contents/Extensions --scan-folder /tmp/MYR175-Classify-Candidate-Mac/Build/Products/Debug/PackageFrameworks/AnchoredSequenceCore_-65B9EEE52AB2106_PackageProduct.framework --platform macosx --toolchain /var/run/com.apple.security.cryptexd/mnt/com.apple.MobileAsset.MetalToolchain-v17.6.42.0.es00zl/Metal.xctoolchain --toolchain /Applications/Xcode_26.5.app/Contents/Developer/Toolchains/XcodeDefault.xctoolchain --destination /tmp/MYR175-Classify-Candidate-Mac/Build/Products/Debug/MyRAMMac.app/Contents/PlugIns/MyRAMMacTests.xctest/Contents/Frameworks --strip-bitcode --scan-executable /Applications/Xcode_26.5.app/Contents/Developer/Platforms/MacOSX.platform/Developer/usr/lib/libXCTestSwiftSupport.dylib --strip-bitcode-tool /Applications/Xcode_26.5.app/Contents/Developer/Toolchains/XcodeDefault.xctoolchain/usr/bin/bitcode_strip --emit-dependency-info /tmp/MYR175-Classify-Candidate-Mac/Build/Intermediates.noindex/MyRAM.build/Debug/MyRAMMacTests.build/SwiftStdLibToolInputDependencies.dep --filter-for-swift-os --back-deploy-swift-span

ExtractAppIntentsMetadata (in target 'MyRAMMacTests' from project 'MyRAM')
    cd /Users/runner/work/MyRAM-iOS/MyRAM-iOS/Candidate
    /Applications/Xcode_26.5.app/Contents/Developer/Toolchains/XcodeDefault.xctoolchain/usr/bin/appintentsmetadataprocessor --toolchain-dir /var/run/com.apple.security.cryptexd/mnt/com.apple.MobileAsset.MetalToolchain-v17.6.42.0.es00zl/Metal.xctoolchain --module-name MyRAMMacTests --sdk-root /Applications/Xcode_26.5.app/Contents/Developer/Platforms/MacOSX.platform/Developer/SDKs/MacOSX26.5.sdk --xcode-version 17F42 --platform-family macOS --deployment-target 14.0 --bundle-identifier com.northsignalstudio.myram.mac.tests --output /tmp/MYR175-Classify-Candidate-Mac/Build/Products/Debug/MyRAMMac.app/Contents/PlugIns/MyRAMMacTests.xctest/Contents/Resources --target-triple arm64-apple-macos14.0 --binary-file /tmp/MYR175-Classify-Candidate-Mac/Build/Products/Debug/MyRAMMac.app/Contents/PlugIns/MyRAMMacTests.xctest/Contents/MacOS/MyRAMMacTests --dependency-file /tmp/MYR175-Classify-Candidate-Mac/Build/Intermediates.noindex/MyRAM.build/Debug/MyRAMMacTests.build/Objects-normal/arm64/MyRAMMacTests_dependency_info.dat --stringsdata-file /tmp/MYR175-Classify-Candidate-Mac/Build/Intermediates.noindex/MyRAM.build/Debug/MyRAMMacTests.build/Objects-normal/arm64/ExtractedAppShortcutsMetadata.stringsdata --source-file-list /tmp/MYR175-Classify-Candidate-Mac/Build/Intermediates.noindex/MyRAM.build/Debug/MyRAMMacTests.build/Objects-normal/arm64/MyRAMMacTests.SwiftFileList --metadata-file-list /tmp/MYR175-Classify-Candidate-Mac/Build/Intermediates.noindex/MyRAM.build/Debug/MyRAMMacTests.build/MyRAMMacTests.DependencyMetadataFileList --static-metadata-file-list /tmp/MYR175-Classify-Candidate-Mac/Build/Intermediates.noindex/MyRAM.build/Debug/MyRAMMacTests.build/MyRAMMacTests.DependencyStaticMetadataFileList --swift-const-vals-list /tmp/MYR175-Classify-Candidate-Mac/Build/Intermediates.noindex/MyRAM.build/Debug/MyRAMMacTests.build/Objects-normal/arm64/MyRAMMacTests.SwiftConstValuesFileList --compile-time-extraction --deployment-aware-processing --validate-assistant-intents --no-app-shortcuts-localization
2026-08-04 15:31:23.711 appintentsmetadataprocessor[4313:16551] Starting appintentsmetadataprocessor export
2026-08-04 15:31:23.733 appintentsmetadataprocessor[4313:16551] Extracted no relevant App Intents symbols, skipping writing output

CodeSign /tmp/MYR175-Classify-Candidate-Mac/Build/Products/Debug/MyRAMMac.app/Contents/PlugIns/MyRAMMacTests.xctest (in target 'MyRAMMacTests' from project 'MyRAM')
    cd /Users/runner/work/MyRAM-iOS/MyRAM-iOS/Candidate
    
    Signing Identity:     "Sign to Run Locally"
    
    /usr/bin/codesign --force --sign - --timestamp\=none --generate-entitlement-der /tmp/MYR175-Classify-Candidate-Mac/Build/Products/Debug/MyRAMMac.app/Contents/PlugIns/MyRAMMacTests.xctest

RegisterExecutionPolicyException /tmp/MYR175-Classify-Candidate-Mac/Build/Products/Debug/MyRAMMac.app/Contents/PlugIns/MyRAMMacTests.xctest (in target 'MyRAMMacTests' from project 'MyRAM')
    cd /Users/runner/work/MyRAM-iOS/MyRAM-iOS/Candidate
    builtin-RegisterExecutionPolicyException /tmp/MYR175-Classify-Candidate-Mac/Build/Products/Debug/MyRAMMac.app/Contents/PlugIns/MyRAMMacTests.xctest

Touch /tmp/MYR175-Classify-Candidate-Mac/Build/Products/Debug/MyRAMMac.app/Contents/PlugIns/MyRAMMacTests.xctest (in target 'MyRAMMacTests' from project 'MyRAM')
    cd /Users/runner/work/MyRAM-iOS/MyRAM-iOS/Candidate
    /usr/bin/touch -c /tmp/MYR175-Classify-Candidate-Mac/Build/Products/Debug/MyRAMMac.app/Contents/PlugIns/MyRAMMacTests.xctest

CodeSign /tmp/MYR175-Classify-Candidate-Mac/Build/Products/Debug/MyRAMMac.app/Contents/MacOS/MyRAMMac.debug.dylib (in target 'MyRAMMac' from project 'MyRAM')
    cd /Users/runner/work/MyRAM-iOS/MyRAM-iOS/Candidate
    
    Signing Identity:     "Sign to Run Locally"
    
    /usr/bin/codesign --force --sign - --timestamp\=none --generate-entitlement-der /tmp/MYR175-Classify-Candidate-Mac/Build/Products/Debug/MyRAMMac.app/Contents/MacOS/MyRAMMac.debug.dylib

CodeSign /tmp/MYR175-Classify-Candidate-Mac/Build/Products/Debug/MyRAMMac.app/Contents/MacOS/__preview.dylib (in target 'MyRAMMac' from project 'MyRAM')
    cd /Users/runner/work/MyRAM-iOS/MyRAM-iOS/Candidate
    
    Signing Identity:     "Sign to Run Locally"
    
    /usr/bin/codesign --force --sign - --timestamp\=none --generate-entitlement-der /tmp/MYR175-Classify-Candidate-Mac/Build/Products/Debug/MyRAMMac.app/Contents/MacOS/__preview.dylib

CodeSign /tmp/MYR175-Classify-Candidate-Mac/Build/Products/Debug/MyRAMMac.app (in target 'MyRAMMac' from project 'MyRAM')
    cd /Users/runner/work/MyRAM-iOS/MyRAM-iOS/Candidate
    
    Signing Identity:     "Sign to Run Locally"
    
    /usr/bin/codesign --force --sign - --entitlements /tmp/MYR175-Classify-Candidate-Mac/Build/Intermediates.noindex/MyRAM.build/Debug/MyRAMMac.build/MyRAMMac.app.xcent --timestamp\=none --generate-entitlement-der /tmp/MYR175-Classify-Candidate-Mac/Build/Products/Debug/MyRAMMac.app

ValidateEmbeddedBinary /tmp/MYR175-Classify-Candidate-Mac/Build/Products/Debug/MyRAMMac.app/Contents/PlugIns/MyRAMMacWidgetExtension.appex (in target 'MyRAMMac' from project 'MyRAM')
    cd /Users/runner/work/MyRAM-iOS/MyRAM-iOS/Candidate
    /Applications/Xcode_26.5.app/Contents/Developer/usr/bin/embeddedBinaryValidationUtility /tmp/MYR175-Classify-Candidate-Mac/Build/Products/Debug/MyRAMMac.app/Contents/PlugIns/MyRAMMacWidgetExtension.appex -signing-cert - -info-plist-path /tmp/MYR175-Classify-Candidate-Mac/Build/Products/Debug/MyRAMMac.app/Contents/Info.plist

RegisterExecutionPolicyException /tmp/MYR175-Classify-Candidate-Mac/Build/Products/Debug/MyRAMMac.app (in target 'MyRAMMac' from project 'MyRAM')
    cd /Users/runner/work/MyRAM-iOS/MyRAM-iOS/Candidate
    builtin-RegisterExecutionPolicyException /tmp/MYR175-Classify-Candidate-Mac/Build/Products/Debug/MyRAMMac.app

Validate /tmp/MYR175-Classify-Candidate-Mac/Build/Products/Debug/MyRAMMac.app (in target 'MyRAMMac' from project 'MyRAM')
    cd /Users/runner/work/MyRAM-iOS/MyRAM-iOS/Candidate
    builtin-validationUtility /tmp/MYR175-Classify-Candidate-Mac/Build/Products/Debug/MyRAMMac.app -no-validate-extension -infoplist-subpath Contents/Info.plist

Touch /tmp/MYR175-Classify-Candidate-Mac/Build/Products/Debug/MyRAMMac.app (in target 'MyRAMMac' from project 'MyRAM')
    cd /Users/runner/work/MyRAM-iOS/MyRAM-iOS/Candidate
    /usr/bin/touch -c /tmp/MYR175-Classify-Candidate-Mac/Build/Products/Debug/MyRAMMac.app

RegisterWithLaunchServices /tmp/MYR175-Classify-Candidate-Mac/Build/Products/Debug/MyRAMMac.app (in target 'MyRAMMac' from project 'MyRAM')
    cd /Users/runner/work/MyRAM-iOS/MyRAM-iOS/Candidate
    /System/Library/Frameworks/CoreServices.framework/Versions/Current/Frameworks/LaunchServices.framework/Versions/Current/Support/lsregister -f -R -trusted /tmp/MYR175-Classify-Candidate-Mac/Build/Products/Debug/MyRAMMac.app

note: Disabling hardened runtime with ad-hoc codesigning. (in target 'MyRAMMacWidgetExtension' from project 'MyRAM')
note: Disabling hardened runtime with ad-hoc codesigning. (in target 'MyRAMMac' from project 'MyRAM')
2026-08-04 15:31:28.173563+0000 MyRAMMac[4353:16965] [Connection] Unable to get synchronousRemoteObjectProxy, error: Error Domain=NSCocoaErrorDomain Code=4097 "connection to service named com.apple.linkd.autoShortcut" UserInfo={NSDebugDescription=connection to service named com.apple.linkd.autoShortcut}
2026-08-04 15:31:28.175173+0000 MyRAMMac[4353:16950] [Connection] Unable to get synchronousRemoteObjectProxy, error: Error Domain=NSCocoaErrorDomain Code=4097 "connection to service named com.apple.linkd.autoShortcut" UserInfo={NSDebugDescription=connection to service named com.apple.linkd.autoShortcut}
2026-08-04 15:31:28.175205+0000 MyRAMMac[4353:16950] [Connection] Unable to re-register with Process Instance Registry, error: Error Domain=NSCocoaErrorDomain Code=4097 "connection to service named com.apple.linkd.autoShortcut" UserInfo={NSDebugDescription=connection to service named com.apple.linkd.autoShortcut}
2026-08-04 15:31:28.175185+0000 MyRAMMac[4353:16965] [Application] Error registering app with intents framework: Error Domain=NSCocoaErrorDomain Code=4097 "connection to service named com.apple.linkd.autoShortcut" UserInfo={NSDebugDescription=connection to service named com.apple.linkd.autoShortcut}
2026-08-04 15:31:28.176376+0000 MyRAMMac[4353:16951] [Connection] Unable to get synchronousRemoteObjectProxy, error: Error Domain=NSCocoaErrorDomain Code=4097 "connection to service named com.apple.linkd.autoShortcut" UserInfo={NSDebugDescription=connection to service named com.apple.linkd.autoShortcut}
2026-08-04 15:31:28.176394+0000 MyRAMMac[4353:16951] [Connection] Unable to re-register with Process Instance Registry, error: Error Domain=NSCocoaErrorDomain Code=4097 "connection to service named com.apple.linkd.autoShortcut" UserInfo={NSDebugDescription=connection to service named com.apple.linkd.autoShortcut}
2026-08-04 15:31:28.177788+0000 MyRAMMac[4353:16951] [Connection] Will NOT re-try to establish the connection
2026-08-04 15:31:28.178054+0000 MyRAMMac[4353:16950] [Connection] Unable to get synchronousRemoteObjectProxy, error: Error Domain=NSCocoaErrorDomain Code=4097 "connection to service named com.apple.linkd.autoShortcut" UserInfo={NSDebugDescription=connection to service named com.apple.linkd.autoShortcut}
2026-08-04 15:31:28.178187+0000 MyRAMMac[4353:16950] [Connection] Unable to re-register with Process Instance Registry, error: Error Domain=NSCocoaErrorDomain Code=4097 "connection to service named com.apple.linkd.autoShortcut" UserInfo={NSDebugDescription=connection to service named com.apple.linkd.autoShortcut}
✅ Fresh SwiftData store initialized successfully
2026-08-04 15:31:29.259620+0000 MyRAMMac[4353:16858] ApplePersistenceIgnoreState: Existing state will not be touched. New state will be written to /var/folders/df/djsxfhc17x95674wsm_g8s980000gn/T/com.northsignalstudio.myram.mac.dev.savedState
2026-08-04 15:31:31.001675+0000 MyRAMMac[4353:16949] fopen failed for data file: errno = 2 (No such file or directory)
2026-08-04 15:31:31.193547+0000 MyRAMMac[4353:16949] fopen failed for data file: errno = 2 (No such file or directory)
Test Suite 'Selected tests' started at 2026-08-04 15:31:31.501.
Test Suite 'MyRAMMacTests.xctest' started at 2026-08-04 15:31:31.503.
Test Suite 'SyncConvergencePlanningTests' started at 2026-08-04 15:31:31.503.
Test Case '-[MyRAMMacTests.SyncConvergencePlanningTests testAllRetainedBodyOperationsRouteNone]' started.
Test Case '-[MyRAMMacTests.SyncConvergencePlanningTests testAllRetainedBodyOperationsRouteNone]' passed (0.019 seconds).
Test Case '-[MyRAMMacTests.SyncConvergencePlanningTests testAnchoredBatchFailsPlanningBeforeCanonicalWork]' started.
Test Case '-[MyRAMMacTests.SyncConvergencePlanningTests testAnchoredBatchFailsPlanningBeforeCanonicalWork]' passed (0.004 seconds).
Test Case '-[MyRAMMacTests.SyncConvergencePlanningTests testCanonicalDigestExplicitlyRejectsAnchoredBatch]' started.
Test Case '-[MyRAMMacTests.SyncConvergencePlanningTests testCanonicalDigestExplicitlyRejectsAnchoredBatch]' passed (0.003 seconds).
Test Case '-[MyRAMMacTests.SyncConvergencePlanningTests testCanonicalPayloadDigestV1GoldenVectorMatrix]' started.
Test Case '-[MyRAMMacTests.SyncConvergencePlanningTests testCanonicalPayloadDigestV1GoldenVectorMatrix]' passed (0.005 seconds).
Test Case '-[MyRAMMacTests.SyncConvergencePlanningTests testCanonicalPayloadDigestV1IsStableAndOrderSensitive]' started.
Test Case '-[MyRAMMacTests.SyncConvergencePlanningTests testCanonicalPayloadDigestV1IsStableAndOrderSensitive]' passed (0.008 seconds).
Test Case '-[MyRAMMacTests.SyncConvergencePlanningTests testCommittedResultV1GoldenVectorMatrix]' started.
Test Case '-[MyRAMMacTests.SyncConvergencePlanningTests testCommittedResultV1GoldenVectorMatrix]' passed (0.008 seconds).
Test Case '-[MyRAMMacTests.SyncConvergencePlanningTests testCommittedResultV1OrderingAndChangeSensitivity]' started.
Test Case '-[MyRAMMacTests.SyncConvergencePlanningTests testCommittedResultV1OrderingAndChangeSensitivity]' passed (0.002 seconds).
Test Case '-[MyRAMMacTests.SyncConvergencePlanningTests testCommittedResultV1ReconciliationHashFieldOrderIsSignificant]' started.
Test Case '-[MyRAMMacTests.SyncConvergencePlanningTests testCommittedResultV1ReconciliationHashFieldOrderIsSignificant]' passed (0.001 seconds).
Test Case '-[MyRAMMacTests.SyncConvergencePlanningTests testCommittedResultV1ReconciliationReservedVariantIsPinned]' started.
Test Case '-[MyRAMMacTests.SyncConvergencePlanningTests testCommittedResultV1ReconciliationReservedVariantIsPinned]' passed (0.004 seconds).
Test Case '-[MyRAMMacTests.SyncConvergencePlanningTests testCompetingValidNilBaseBranchesBacktrackToTargetPath]' started.
Test Case '-[MyRAMMacTests.SyncConvergencePlanningTests testCompetingValidNilBaseBranchesBacktrackToTargetPath]' passed (0.004 seconds).
Test Case '-[MyRAMMacTests.SyncConvergencePlanningTests testConcurrentDeleteRebasesLaterInsertOffsetBackward]' started.
Test Case '-[MyRAMMacTests.SyncConvergencePlanningTests testConcurrentDeleteRebasesLaterInsertOffsetBackward]' passed (0.005 seconds).
Test Case '-[MyRAMMacTests.SyncConvergencePlanningTests testConcurrentEditsConvergeToIdenticalBodyRegardlessOfWhichSideIsLocal]' started.
Test Case '-[MyRAMMacTests.SyncConvergencePlanningTests testConcurrentEditsConvergeToIdenticalBodyRegardlessOfWhichSideIsLocal]' passed (0.077 seconds).
Test Case '-[MyRAMMacTests.SyncConvergencePlanningTests testConcurrentInsertsRebaseOffsetsInsteadOfCorruptingLaterText]' started.
Test Case '-[MyRAMMacTests.SyncConvergencePlanningTests testConcurrentInsertsRebaseOffsetsInsteadOfCorruptingLaterText]' passed (0.002 seconds).
Test Case '-[MyRAMMacTests.SyncConvergencePlanningTests testConcurrentSameBaseOperationsConvergeInsteadOfCorruptingHistory]' started.
Test Case '-[MyRAMMacTests.SyncConvergencePlanningTests testConcurrentSameBaseOperationsConvergeInsteadOfCorruptingHistory]' passed (0.006 seconds).
Test Case '-[MyRAMMacTests.SyncConvergencePlanningTests testContradictoryDuplicateBatchIdentityFailsBeforeCommit]' started.
Test Case '-[MyRAMMacTests.SyncConvergencePlanningTests testContradictoryDuplicateBatchIdentityFailsBeforeCommit]' passed (0.003 seconds).
Test Case '-[MyRAMMacTests.SyncConvergencePlanningTests testContradictoryFullRecordAndTombstoneFailsBeforeCommit]' started.
Test Case '-[MyRAMMacTests.SyncConvergencePlanningTests testContradictoryFullRecordAndTombstoneFailsBeforeCommit]' passed (0.012 seconds).
Test Case '-[MyRAMMacTests.SyncConvergencePlanningTests testContradictoryOperationIdentityFailsBeforeCommit]' started.
Test Case '-[MyRAMMacTests.SyncConvergencePlanningTests testContradictoryOperationIdentityFailsBeforeCommit]' passed (0.001 seconds).
Test Case '-[MyRAMMacTests.SyncConvergencePlanningTests testContradictoryTitleWinnerAuthorityFailsBeforeCommit]' started.
Test Case '-[MyRAMMacTests.SyncConvergencePlanningTests testContradictoryTitleWinnerAuthorityFailsBeforeCommit]' passed (0.001 seconds).
Test Case '-[MyRAMMacTests.SyncConvergencePlanningTests testCorruptRetainedOperationResultFailsBeforeCommit]' started.
Test Case '-[MyRAMMacTests.SyncConvergencePlanningTests testCorruptRetainedOperationResultFailsBeforeCommit]' passed (0.002 seconds).
Test Case '-[MyRAMMacTests.SyncConvergencePlanningTests testCreationPlanningDoesNotRequireExistingProjectedNote]' started.
Test Case '-[MyRAMMacTests.SyncConvergencePlanningTests testCreationPlanningDoesNotRequireExistingProjectedNote]' passed (0.002 seconds).
Test Case '-[MyRAMMacTests.SyncConvergencePlanningTests testCycleAndDuplicateResultOperationsDoNotReExploreBodies]' started.
Test Case '-[MyRAMMacTests.SyncConvergencePlanningTests testCycleAndDuplicateResultOperationsDoNotReExploreBodies]' passed (0.008 seconds).
Test Case '-[MyRAMMacTests.SyncConvergencePlanningTests testDisjointNoteSelectionIsIndependentOfQueueEnumerationOrder]' started.
Test Case '-[MyRAMMacTests.SyncConvergencePlanningTests testDisjointNoteSelectionIsIndependentOfQueueEnumerationOrder]' passed (0.005 seconds).
Test Case '-[MyRAMMacTests.SyncConvergencePlanningTests testEarlierMultiNoteEvidenceBatchBlocksItsOtherNotes]' started.
Test Case '-[MyRAMMacTests.SyncConvergencePlanningTests testEarlierMultiNoteEvidenceBatchBlocksItsOtherNotes]' passed (0.003 seconds).
Test Case '-[MyRAMMacTests.SyncConvergencePlanningTests testEarlierMultiNoteQueuedBatchIsNotPartiallyConsumedAsUnionEvidence]' started.
Test Case '-[MyRAMMacTests.SyncConvergencePlanningTests testEarlierMultiNoteQueuedBatchIsNotPartiallyConsumedAsUnionEvidence]' passed (0.003 seconds).
Test Case '-[MyRAMMacTests.SyncConvergencePlanningTests testExplicitCandidateQueuePositionLimitsEvidenceToEarlierBatches]' started.
Test Case '-[MyRAMMacTests.SyncConvergencePlanningTests testExplicitCandidateQueuePositionLimitsEvidenceToEarlierBatches]' passed (0.001 seconds).
Test Case '-[MyRAMMacTests.SyncConvergencePlanningTests testHistoryHardOverflowDefersBeforePlan]' started.
Test Case '-[MyRAMMacTests.SyncConvergencePlanningTests testHistoryHardOverflowDefersBeforePlan]' passed (0.002 seconds).
Test Case '-[MyRAMMacTests.SyncConvergencePlanningTests testIdenticalPreviouslyIncorporatedBatchReturnsCleanupPlan]' started.
Test Case '-[MyRAMMacTests.SyncConvergencePlanningTests testIdenticalPreviouslyIncorporatedBatchReturnsCleanupPlan]' passed (0.001 seconds).
Test Case '-[MyRAMMacTests.SyncConvergencePlanningTests testLaterQueuedSameNoteSuccessorIsBlockedFromEvidenceSelection]' started.
Test Case '-[MyRAMMacTests.SyncConvergencePlanningTests testLaterQueuedSameNoteSuccessorIsBlockedFromEvidenceSelection]' passed (0.001 seconds).
Test Case '-[MyRAMMacTests.SyncConvergencePlanningTests testLegacyPositionalEffectPreservesExpectedTextNoop]' started.
Test Case '-[MyRAMMacTests.SyncConvergencePlanningTests testLegacyPositionalEffectPreservesExpectedTextNoop]' passed (0.003 seconds).
Test Case '-[MyRAMMacTests.SyncConvergencePlanningTests testLifecycleDivergencePreservesLiveNoteWithoutBlockingPlan]' started.
Test Case '-[MyRAMMacTests.SyncConvergencePlanningTests testLifecycleDivergencePreservesLiveNoteWithoutBlockingPlan]' passed (0.001 seconds).
Test Case '-[MyRAMMacTests.SyncConvergencePlanningTests testLifecycleForMissingNoteIsConsumedWithoutBlockingPlan]' started.
Test Case '-[MyRAMMacTests.SyncConvergencePlanningTests testLifecycleForMissingNoteIsConsumedWithoutBlockingPlan]' passed (0.003 seconds).
Test Case '-[MyRAMMacTests.SyncConvergencePlanningTests testMalformedRetainedReplayKeyFailsAsCorruptHistoryWithoutFallbackOrdering]' started.
Test Case '-[MyRAMMacTests.SyncConvergencePlanningTests testMalformedRetainedReplayKeyFailsAsCorruptHistoryWithoutFallbackOrdering]' passed (0.002 seconds).
Test Case '-[MyRAMMacTests.SyncConvergencePlanningTests testMissingHistoricalBaseDefersAsUnreconstructableBase]' started.
Test Case '-[MyRAMMacTests.SyncConvergencePlanningTests testMissingHistoricalBaseDefersAsUnreconstructableBase]' passed (0.001 seconds).
Test Case '-[MyRAMMacTests.SyncConvergencePlanningTests testMixedRetainedAndExecutableBodyOperationsRouteIncrementalWithOnlyNewWork]' started.
Test Case '-[MyRAMMacTests.SyncConvergencePlanningTests testMixedRetainedAndExecutableBodyOperationsRouteIncrementalWithOnlyNewWork]' passed (0.008 seconds).
Test Case '-[MyRAMMacTests.SyncConvergencePlanningTests testNilBaseRetainedOperationWithoutEvidenceIsNeverGuessedIntoChain]' started.
Test Case '-[MyRAMMacTests.SyncConvergencePlanningTests testNilBaseRetainedOperationWithoutEvidenceIsNeverGuessedIntoChain]' passed (0.001 seconds).
Test Case '-[MyRAMMacTests.SyncConvergencePlanningTests testNilBaseRetainedOperationWithResultHashReconstructsChain]' started.
Test Case '-[MyRAMMacTests.SyncConvergencePlanningTests testNilBaseRetainedOperationWithResultHashReconstructsChain]' passed (0.002 seconds).
Test Case '-[MyRAMMacTests.SyncConvergencePlanningTests testPlanningSuccessReturnsPlannedOutcome]' started.
Test Case '-[MyRAMMacTests.SyncConvergencePlanningTests testPlanningSuccessReturnsPlannedOutcome]' passed (0.007 seconds).
Test Case '-[MyRAMMacTests.SyncConvergencePlanningTests testProjectedNoteEffectKindMembershipRejectsInvalidSets]' started.
Test Case '-[MyRAMMacTests.SyncConvergencePlanningTests testProjectedNoteEffectKindMembershipRejectsInvalidSets]' passed (0.001 seconds).
Test Case '-[MyRAMMacTests.SyncConvergencePlanningTests testProjectedNoteEffectV1GoldenVectorPreservesMainContract]' started.
Test Case '-[MyRAMMacTests.SyncConvergencePlanningTests testProjectedNoteEffectV1GoldenVectorPreservesMainContract]' passed (0.001 seconds).
Test Case '-[MyRAMMacTests.SyncConvergencePlanningTests testProjectedNoteEffectV1IsKindPermutationIndependent]' started.
Test Case '-[MyRAMMacTests.SyncConvergencePlanningTests testProjectedNoteEffectV1IsKindPermutationIndependent]' passed (0.002 seconds).
Test Case '-[MyRAMMacTests.SyncConvergencePlanningTests testProjectedNoteEffectV1MultiEffectPermutationIndependence]' started.
Test Case '-[MyRAMMacTests.SyncConvergencePlanningTests testProjectedNoteEffectV1MultiEffectPermutationIndependence]' passed (0.002 seconds).
Test Case '-[MyRAMMacTests.SyncConvergencePlanningTests testQueuedSameNoteEvidenceParticipatesInConflictUnion]' started.
Test Case '-[MyRAMMacTests.SyncConvergencePlanningTests testQueuedSameNoteEvidenceParticipatesInConflictUnion]' passed (0.003 seconds).
Test Case '-[MyRAMMacTests.SyncConvergencePlanningTests testReconstructedConflictDroppingUnprovenTextReturnsUnprovenTextLoss]' started.
Test Case '-[MyRAMMacTests.SyncConvergencePlanningTests testReconstructedConflictDroppingUnprovenTextReturnsUnprovenTextLoss]' passed (0.007 seconds).
Test Case '-[MyRAMMacTests.SyncConvergencePlanningTests testReconstructedConflictUsesDeleteEvidenceForWholeNoteRouting]' started.
Test Case '-[MyRAMMacTests.SyncConvergencePlanningTests testReconstructedConflictUsesDeleteEvidenceForWholeNoteRouting]' passed (0.007 seconds).
Test Case '-[MyRAMMacTests.SyncConvergencePlanningTests testReconstructionFromRetainedOperationDoesNotReplayConsumedHistoryTwice]' started.
Test Case '-[MyRAMMacTests.SyncConvergencePlanningTests testReconstructionFromRetainedOperationDoesNotReplayConsumedHistoryTwice]' passed (0.006 seconds).
Test Case '-[MyRAMMacTests.SyncConvergencePlanningTests testReconstructionStressWithHundredsOfNilBaseCandidatesCompletesBounded]' started.
Test Case '-[MyRAMMacTests.SyncConvergencePlanningTests testReconstructionStressWithHundredsOfNilBaseCandidatesCompletesBounded]' passed (10.868 seconds).
Test Case '-[MyRAMMacTests.SyncConvergencePlanningTests testRetainedChainInvalidRangeFailsAsCorruptHistory]' started.
Test Case '-[MyRAMMacTests.SyncConvergencePlanningTests testRetainedChainInvalidRangeFailsAsCorruptHistory]' passed (0.003 seconds).
Test Case '-[MyRAMMacTests.SyncConvergencePlanningTests testRetainedIdentityContradictionFailsClosed]' started.
Test Case '-[MyRAMMacTests.SyncConvergencePlanningTests testRetainedIdentityContradictionFailsClosed]' passed (0.003 seconds).
Test Case '-[MyRAMMacTests.SyncConvergencePlanningTests testRetainedIdentityIdempotencyPreventsDoubleApplication]' started.
Test Case '-[MyRAMMacTests.SyncConvergencePlanningTests testRetainedIdentityIdempotencyPreventsDoubleApplication]' passed (0.002 seconds).
Test Case '-[MyRAMMacTests.SyncConvergencePlanningTests testSameBatchChainedOperationsSurviveReconstructedConflict]' started.
Test Case '-[MyRAMMacTests.SyncConvergencePlanningTests testSameBatchChainedOperationsSurviveReconstructedConflict]' passed (0.004 seconds).
Test Case '-[MyRAMMacTests.SyncConvergencePlanningTests testSoftHistoryPressureDefersNewEvidenceGrowth]' started.
Test Case '-[MyRAMMacTests.SyncConvergencePlanningTests testSoftHistoryPressureDefersNewEvidenceGrowth]' passed (0.003 seconds).
Test Case '-[MyRAMMacTests.SyncConvergencePlanningTests testTitleHigherCanonicalKeyWinsAndLowerKeyIsIgnored]' started.
Test Case '-[MyRAMMacTests.SyncConvergencePlanningTests testTitleHigherCanonicalKeyWinsAndLowerKeyIsIgnored]' passed (0.001 seconds).
Test Case '-[MyRAMMacTests.SyncConvergencePlanningTests testTwoBodyOperationsInOneBatchProduceOneCompleteEffectAndOneBodyEvidence]' started.
Test Case '-[MyRAMMacTests.SyncConvergencePlanningTests testTwoBodyOperationsInOneBatchProduceOneCompleteEffectAndOneBodyEvidence]' passed (0.002 seconds).
Test Case '-[MyRAMMacTests.SyncConvergencePlanningTests testTwoRetainedConcurrentCandidatesDoNotCorruptMergedReplay]' started.
Test Case '-[MyRAMMacTests.SyncConvergencePlanningTests testTwoRetainedConcurrentCandidatesDoNotCorruptMergedReplay]' passed (0.006 seconds).
Test Case '-[MyRAMMacTests.SyncConvergencePlanningTests testUnencodablePlannedOperationAccountingFailsClosed]' started.
Test Case '-[MyRAMMacTests.SyncConvergencePlanningTests testUnencodablePlannedOperationAccountingFailsClosed]' passed (0.003 seconds).
Test Case '-[MyRAMMacTests.SyncConvergencePlanningTests testUnknownHashedBodyDefersWithRealDeclaredHash]' started.
Test Case '-[MyRAMMacTests.SyncConvergencePlanningTests testUnknownHashedBodyDefersWithRealDeclaredHash]' passed (0.002 seconds).
Test Case '-[MyRAMMacTests.SyncConvergencePlanningTests testUnknownTitleAndLegacyBodyProduceCompatibilityNoops]' started.
Test Case '-[MyRAMMacTests.SyncConvergencePlanningTests testUnknownTitleAndLegacyBodyProduceCompatibilityNoops]' passed (0.004 seconds).
Test Case '-[MyRAMMacTests.SyncConvergencePlanningTests testUnrelatedNilBaseRetainedBranchDoesNotBlockValidReconstruction]' started.
Test Case '-[MyRAMMacTests.SyncConvergencePlanningTests testUnrelatedNilBaseRetainedBranchDoesNotBlockValidReconstruction]' passed (0.006 seconds).
Test Case '-[MyRAMMacTests.SyncConvergencePlanningTests testUnsupportedReconciliationDefersBatch]' started.
Test Case '-[MyRAMMacTests.SyncConvergencePlanningTests testUnsupportedReconciliationDefersBatch]' passed (0.001 seconds).
Test Case '-[MyRAMMacTests.SyncConvergencePlanningTests testUnsupportedStoredDigestFormatFailsBeforeCommit]' started.
Test Case '-[MyRAMMacTests.SyncConvergencePlanningTests testUnsupportedStoredDigestFormatFailsBeforeCommit]' passed (0.001 seconds).
Test Case '-[MyRAMMacTests.SyncConvergencePlanningTests testValidatorRejectsMissingSourceOperationBlockedSuccessorRoutingAndHistoryMismatch]' started.
Test Case '-[MyRAMMacTests.SyncConvergencePlanningTests testValidatorRejectsMissingSourceOperationBlockedSuccessorRoutingAndHistoryMismatch]' passed (0.007 seconds).
Test Suite 'SyncConvergencePlanningTests' passed at 2026-08-04 15:31:42.783.
	 Executed 61 tests, with 0 failures (0 unexpected) in 11.163 (11.280) seconds
Test Suite 'MyRAMMacTests.xctest' passed at 2026-08-04 15:31:42.783.
	 Executed 61 tests, with 0 failures (0 unexpected) in 11.163 (11.281) seconds
Test Suite 'Selected tests' passed at 2026-08-04 15:31:42.784.
	 Executed 61 tests, with 0 failures (0 unexpected) in 11.163 (11.282) seconds
2026-08-04 15:31:43.460 xcodebuild[1950:8964] [MT] IDETestOperationsObserverDebug: 17.062 elapsed -- Testing started completed.
2026-08-04 15:31:43.460 xcodebuild[1950:8964] [MT] IDETestOperationsObserverDebug: 0.000 sec, +0.000 sec -- start
2026-08-04 15:31:43.460 xcodebuild[1950:8964] [MT] IDETestOperationsObserverDebug: 17.062 sec, +17.062 sec -- end

Test session results, code coverage, and logs:
	/tmp/MYR175-Classify-Candidate-Mac/Logs/Test/Test-MyRAMMac-2026.08.04_15-30-04-+0000.xcresult

** TEST SUCCEEDED **

Testing started
