Command line invocation:
    /Applications/Xcode_16.4.app/Contents/Developer/usr/bin/xcodebuild -project MyRAM.xcodeproj -scheme MyRAM -destination "generic/platform=iOS Simulator" -derivedDataPath evidence/builds/DerivedData-iOS CODE_SIGNING_ALLOWED=NO CODE_SIGNING_REQUIRED=NO CODE_SIGN_IDENTITY= build

Build settings from command line:
    CODE_SIGN_IDENTITY = 
    CODE_SIGNING_ALLOWED = NO
    CODE_SIGNING_REQUIRED = NO

Resolve Package Graph


Resolved source packages:
  NearbySyncCore: /Users/runner/work/MyRAM-iOS/MyRAM-iOS/NearbySyncCore @ local
  AnchoredSequenceCore: /Users/runner/work/MyRAM-iOS/MyRAM-iOS/MyRAM-iOS/Packages/AnchoredSequenceCore @ local

note: Using codesigning identity override: 
ComputePackagePrebuildTargetDependencyGraph

Prepare packages

CreateBuildRequest

SendProjectDescription

CreateBuildOperation

ComputeTargetDependencyGraph
note: Building targets in dependency order
note: Target dependency graph (6 targets)
    Target 'MyRAM' in project 'MyRAM'
        ➜ Explicit dependency on target 'MyRAMWidgetExtension' in project 'MyRAM'
        ➜ Explicit dependency on target 'NearbySyncCore' in project 'NearbySyncCore'
        ➜ Explicit dependency on target 'AnchoredSequenceCore' in project 'AnchoredSequenceCore'
    Target 'AnchoredSequenceCore' in project 'AnchoredSequenceCore'
        ➜ Explicit dependency on target 'AnchoredSequenceCore' in project 'AnchoredSequenceCore'
    Target 'AnchoredSequenceCore' in project 'AnchoredSequenceCore' (no dependencies)
    Target 'NearbySyncCore' in project 'NearbySyncCore'
        ➜ Explicit dependency on target 'NearbySyncCore' in project 'NearbySyncCore'
    Target 'NearbySyncCore' in project 'NearbySyncCore' (no dependencies)
    Target 'MyRAMWidgetExtension' in project 'MyRAM' (no dependencies)

GatherProvisioningInputs

CreateBuildDescription

ExecuteExternalTool /Applications/Xcode_16.4.app/Contents/Developer/usr/bin/actool --version --output-format xml1

ExecuteExternalTool /Applications/Xcode_16.4.app/Contents/Developer/Toolchains/XcodeDefault.xctoolchain/usr/bin/swiftc --version

ExecuteExternalTool /Applications/Xcode_16.4.app/Contents/Developer/usr/bin/actool --print-asset-tag-combinations --output-format xml1 /Users/runner/work/MyRAM-iOS/MyRAM-iOS/MyRAM-iOS/MyRAM/Preview Content/Preview Assets.xcassets /Users/runner/work/MyRAM-iOS/MyRAM-iOS/MyRAM-iOS/MyRAM/Assets.xcassets

ExecuteExternalTool /Applications/Xcode_16.4.app/Contents/Developer/Toolchains/XcodeDefault.xctoolchain/usr/bin/clang -v -E -dM -isysroot /Applications/Xcode_16.4.app/Contents/Developer/Platforms/iPhoneSimulator.platform/Developer/SDKs/iPhoneSimulator18.5.sdk -x c -c /dev/null

ExecuteExternalTool /Applications/Xcode_16.4.app/Contents/Developer/Toolchains/XcodeDefault.xctoolchain/usr/bin/ld -version_details

Build description signature: e314724cf2217eec90237b6626bd22a4
Build description path: /Users/runner/work/MyRAM-iOS/MyRAM-iOS/MyRAM-iOS/evidence/builds/DerivedData-iOS/Build/Intermediates.noindex/XCBuildData/e314724cf2217eec90237b6626bd22a4.xcbuilddata
ClangStatCache /Applications/Xcode_16.4.app/Contents/Developer/Toolchains/XcodeDefault.xctoolchain/usr/bin/clang-stat-cache /Applications/Xcode_16.4.app/Contents/Developer/Platforms/iPhoneSimulator.platform/Developer/SDKs/iPhoneSimulator18.5.sdk /Users/runner/work/MyRAM-iOS/MyRAM-iOS/MyRAM-iOS/evidence/builds/DerivedData-iOS/SDKStatCaches.noindex/iphonesimulator18.5-22F76-96ae0914227b19deccb34b33ba7b5dea.sdkstatcache
    cd /Users/runner/work/MyRAM-iOS/MyRAM-iOS/MyRAM-iOS/MyRAM.xcodeproj
    /Applications/Xcode_16.4.app/Contents/Developer/Toolchains/XcodeDefault.xctoolchain/usr/bin/clang-stat-cache /Applications/Xcode_16.4.app/Contents/Developer/Platforms/iPhoneSimulator.platform/Developer/SDKs/iPhoneSimulator18.5.sdk -o /Users/runner/work/MyRAM-iOS/MyRAM-iOS/MyRAM-iOS/evidence/builds/DerivedData-iOS/SDKStatCaches.noindex/iphonesimulator18.5-22F76-96ae0914227b19deccb34b33ba7b5dea.sdkstatcache

CreateBuildDirectory /Users/runner/work/MyRAM-iOS/MyRAM-iOS/MyRAM-iOS/evidence/builds/DerivedData-iOS/Build/Products
    cd /Users/runner/work/MyRAM-iOS/MyRAM-iOS/MyRAM-iOS/MyRAM.xcodeproj
    builtin-create-build-directory /Users/runner/work/MyRAM-iOS/MyRAM-iOS/MyRAM-iOS/evidence/builds/DerivedData-iOS/Build/Products

CreateBuildDirectory /Users/runner/work/MyRAM-iOS/MyRAM-iOS/MyRAM-iOS/evidence/builds/DerivedData-iOS/Build/Intermediates.noindex
    cd /Users/runner/work/MyRAM-iOS/MyRAM-iOS/MyRAM-iOS/MyRAM.xcodeproj
    builtin-create-build-directory /Users/runner/work/MyRAM-iOS/MyRAM-iOS/MyRAM-iOS/evidence/builds/DerivedData-iOS/Build/Intermediates.noindex

WriteAuxiliaryFile /Users/runner/work/MyRAM-iOS/MyRAM-iOS/MyRAM-iOS/evidence/builds/DerivedData-iOS/Build/Intermediates.noindex/MyRAM.build/Debug-iphonesimulator/MyRAM-98a9cbde253e8e955bc92731eb290203-VFS-iphonesimulator/all-product-headers.yaml
    cd /Users/runner/work/MyRAM-iOS/MyRAM-iOS/MyRAM-iOS/MyRAM.xcodeproj
    write-file /Users/runner/work/MyRAM-iOS/MyRAM-iOS/MyRAM-iOS/evidence/builds/DerivedData-iOS/Build/Intermediates.noindex/MyRAM.build/Debug-iphonesimulator/MyRAM-98a9cbde253e8e955bc92731eb290203-VFS-iphonesimulator/all-product-headers.yaml

CreateBuildDirectory /Users/runner/work/MyRAM-iOS/MyRAM-iOS/MyRAM-iOS/evidence/builds/DerivedData-iOS/Build/Products/Debug-iphonesimulator
    cd /Users/runner/work/MyRAM-iOS/MyRAM-iOS/MyRAM-iOS/MyRAM.xcodeproj
    builtin-create-build-directory /Users/runner/work/MyRAM-iOS/MyRAM-iOS/MyRAM-iOS/evidence/builds/DerivedData-iOS/Build/Products/Debug-iphonesimulator

CreateBuildDirectory /Users/runner/work/MyRAM-iOS/MyRAM-iOS/MyRAM-iOS/evidence/builds/DerivedData-iOS/Build/Intermediates.noindex/EagerLinkingTBDs/Debug-iphonesimulator
    cd /Users/runner/work/MyRAM-iOS/MyRAM-iOS/MyRAM-iOS/MyRAM.xcodeproj
    builtin-create-build-directory /Users/runner/work/MyRAM-iOS/MyRAM-iOS/MyRAM-iOS/evidence/builds/DerivedData-iOS/Build/Intermediates.noindex/EagerLinkingTBDs/Debug-iphonesimulator

CreateBuildDirectory /Users/runner/work/MyRAM-iOS/MyRAM-iOS/MyRAM-iOS/evidence/builds/DerivedData-iOS/Build/Products/Debug-iphonesimulator/PackageFrameworks
    cd /Users/runner/work/MyRAM-iOS/MyRAM-iOS/MyRAM-iOS/MyRAM.xcodeproj
    builtin-create-build-directory /Users/runner/work/MyRAM-iOS/MyRAM-iOS/MyRAM-iOS/evidence/builds/DerivedData-iOS/Build/Products/Debug-iphonesimulator/PackageFrameworks

WriteAuxiliaryFile /Users/runner/work/MyRAM-iOS/MyRAM-iOS/MyRAM-iOS/evidence/builds/DerivedData-iOS/Build/Intermediates.noindex/NearbySyncCore.build/Debug-iphonesimulator/NearbySyncCore.build/Objects-normal/x86_64/NearbySyncCore.SwiftFileList (in target 'NearbySyncCore' from project 'NearbySyncCore')
    cd /Users/runner/work/MyRAM-iOS/MyRAM-iOS/NearbySyncCore
    write-file /Users/runner/work/MyRAM-iOS/MyRAM-iOS/MyRAM-iOS/evidence/builds/DerivedData-iOS/Build/Intermediates.noindex/NearbySyncCore.build/Debug-iphonesimulator/NearbySyncCore.build/Objects-normal/x86_64/NearbySyncCore.SwiftFileList

WriteAuxiliaryFile /Users/runner/work/MyRAM-iOS/MyRAM-iOS/MyRAM-iOS/evidence/builds/DerivedData-iOS/Build/Intermediates.noindex/NearbySyncCore.build/Debug-iphonesimulator/NearbySyncCore.build/Objects-normal/x86_64/NearbySyncCore_const_extract_protocols.json (in target 'NearbySyncCore' from project 'NearbySyncCore')
    cd /Users/runner/work/MyRAM-iOS/MyRAM-iOS/NearbySyncCore
    write-file /Users/runner/work/MyRAM-iOS/MyRAM-iOS/MyRAM-iOS/evidence/builds/DerivedData-iOS/Build/Intermediates.noindex/NearbySyncCore.build/Debug-iphonesimulator/NearbySyncCore.build/Objects-normal/x86_64/NearbySyncCore_const_extract_protocols.json

WriteAuxiliaryFile /Users/runner/work/MyRAM-iOS/MyRAM-iOS/MyRAM-iOS/evidence/builds/DerivedData-iOS/Build/Intermediates.noindex/NearbySyncCore.build/Debug-iphonesimulator/NearbySyncCore.build/Objects-normal/x86_64/NearbySyncCore.SwiftConstValuesFileList (in target 'NearbySyncCore' from project 'NearbySyncCore')
    cd /Users/runner/work/MyRAM-iOS/MyRAM-iOS/NearbySyncCore
    write-file /Users/runner/work/MyRAM-iOS/MyRAM-iOS/MyRAM-iOS/evidence/builds/DerivedData-iOS/Build/Intermediates.noindex/NearbySyncCore.build/Debug-iphonesimulator/NearbySyncCore.build/Objects-normal/x86_64/NearbySyncCore.SwiftConstValuesFileList

WriteAuxiliaryFile /Users/runner/work/MyRAM-iOS/MyRAM-iOS/MyRAM-iOS/evidence/builds/DerivedData-iOS/Build/Intermediates.noindex/NearbySyncCore.build/Debug-iphonesimulator/NearbySyncCore.build/Objects-normal/x86_64/NearbySyncCore.LinkFileList (in target 'NearbySyncCore' from project 'NearbySyncCore')
    cd /Users/runner/work/MyRAM-iOS/MyRAM-iOS/NearbySyncCore
    write-file /Users/runner/work/MyRAM-iOS/MyRAM-iOS/MyRAM-iOS/evidence/builds/DerivedData-iOS/Build/Intermediates.noindex/NearbySyncCore.build/Debug-iphonesimulator/NearbySyncCore.build/Objects-normal/x86_64/NearbySyncCore.LinkFileList

WriteAuxiliaryFile /Users/runner/work/MyRAM-iOS/MyRAM-iOS/MyRAM-iOS/evidence/builds/DerivedData-iOS/Build/Intermediates.noindex/NearbySyncCore.build/Debug-iphonesimulator/NearbySyncCore.build/Objects-normal/x86_64/NearbySyncCore-OutputFileMap.json (in target 'NearbySyncCore' from project 'NearbySyncCore')
    cd /Users/runner/work/MyRAM-iOS/MyRAM-iOS/NearbySyncCore
    write-file /Users/runner/work/MyRAM-iOS/MyRAM-iOS/MyRAM-iOS/evidence/builds/DerivedData-iOS/Build/Intermediates.noindex/NearbySyncCore.build/Debug-iphonesimulator/NearbySyncCore.build/Objects-normal/x86_64/NearbySyncCore-OutputFileMap.json

WriteAuxiliaryFile /Users/runner/work/MyRAM-iOS/MyRAM-iOS/MyRAM-iOS/evidence/builds/DerivedData-iOS/Build/Intermediates.noindex/NearbySyncCore.build/Debug-iphonesimulator/NearbySyncCore.build/Objects-normal/arm64/NearbySyncCore_const_extract_protocols.json (in target 'NearbySyncCore' from project 'NearbySyncCore')
    cd /Users/runner/work/MyRAM-iOS/MyRAM-iOS/NearbySyncCore
    write-file /Users/runner/work/MyRAM-iOS/MyRAM-iOS/MyRAM-iOS/evidence/builds/DerivedData-iOS/Build/Intermediates.noindex/NearbySyncCore.build/Debug-iphonesimulator/NearbySyncCore.build/Objects-normal/arm64/NearbySyncCore_const_extract_protocols.json

WriteAuxiliaryFile /Users/runner/work/MyRAM-iOS/MyRAM-iOS/MyRAM-iOS/evidence/builds/DerivedData-iOS/Build/Intermediates.noindex/NearbySyncCore.build/Debug-iphonesimulator/NearbySyncCore.build/Objects-normal/arm64/NearbySyncCore.SwiftFileList (in target 'NearbySyncCore' from project 'NearbySyncCore')
    cd /Users/runner/work/MyRAM-iOS/MyRAM-iOS/NearbySyncCore
    write-file /Users/runner/work/MyRAM-iOS/MyRAM-iOS/MyRAM-iOS/evidence/builds/DerivedData-iOS/Build/Intermediates.noindex/NearbySyncCore.build/Debug-iphonesimulator/NearbySyncCore.build/Objects-normal/arm64/NearbySyncCore.SwiftFileList

WriteAuxiliaryFile /Users/runner/work/MyRAM-iOS/MyRAM-iOS/MyRAM-iOS/evidence/builds/DerivedData-iOS/Build/Intermediates.noindex/NearbySyncCore.build/Debug-iphonesimulator/NearbySyncCore.build/Objects-normal/arm64/NearbySyncCore.SwiftConstValuesFileList (in target 'NearbySyncCore' from project 'NearbySyncCore')
    cd /Users/runner/work/MyRAM-iOS/MyRAM-iOS/NearbySyncCore
    write-file /Users/runner/work/MyRAM-iOS/MyRAM-iOS/MyRAM-iOS/evidence/builds/DerivedData-iOS/Build/Intermediates.noindex/NearbySyncCore.build/Debug-iphonesimulator/NearbySyncCore.build/Objects-normal/arm64/NearbySyncCore.SwiftConstValuesFileList

WriteAuxiliaryFile /Users/runner/work/MyRAM-iOS/MyRAM-iOS/MyRAM-iOS/evidence/builds/DerivedData-iOS/Build/Intermediates.noindex/NearbySyncCore.build/Debug-iphonesimulator/NearbySyncCore.build/Objects-normal/arm64/NearbySyncCore.LinkFileList (in target 'NearbySyncCore' from project 'NearbySyncCore')
    cd /Users/runner/work/MyRAM-iOS/MyRAM-iOS/NearbySyncCore
    write-file /Users/runner/work/MyRAM-iOS/MyRAM-iOS/MyRAM-iOS/evidence/builds/DerivedData-iOS/Build/Intermediates.noindex/NearbySyncCore.build/Debug-iphonesimulator/NearbySyncCore.build/Objects-normal/arm64/NearbySyncCore.LinkFileList

WriteAuxiliaryFile /Users/runner/work/MyRAM-iOS/MyRAM-iOS/MyRAM-iOS/evidence/builds/DerivedData-iOS/Build/Intermediates.noindex/NearbySyncCore.build/Debug-iphonesimulator/NearbySyncCore.build/Objects-normal/arm64/NearbySyncCore-OutputFileMap.json (in target 'NearbySyncCore' from project 'NearbySyncCore')
    cd /Users/runner/work/MyRAM-iOS/MyRAM-iOS/NearbySyncCore
    write-file /Users/runner/work/MyRAM-iOS/MyRAM-iOS/MyRAM-iOS/evidence/builds/DerivedData-iOS/Build/Intermediates.noindex/NearbySyncCore.build/Debug-iphonesimulator/NearbySyncCore.build/Objects-normal/arm64/NearbySyncCore-OutputFileMap.json

WriteAuxiliaryFile /Users/runner/work/MyRAM-iOS/MyRAM-iOS/MyRAM-iOS/evidence/builds/DerivedData-iOS/Build/Intermediates.noindex/NearbySyncCore.build/Debug-iphonesimulator/NearbySyncCore.build/NearbySyncCore.modulemap (in target 'NearbySyncCore' from project 'NearbySyncCore')
    cd /Users/runner/work/MyRAM-iOS/MyRAM-iOS/NearbySyncCore
    write-file /Users/runner/work/MyRAM-iOS/MyRAM-iOS/MyRAM-iOS/evidence/builds/DerivedData-iOS/Build/Intermediates.noindex/NearbySyncCore.build/Debug-iphonesimulator/NearbySyncCore.build/NearbySyncCore.modulemap

WriteAuxiliaryFile /Users/runner/work/MyRAM-iOS/MyRAM-iOS/MyRAM-iOS/evidence/builds/DerivedData-iOS/Build/Intermediates.noindex/NearbySyncCore.build/Debug-iphonesimulator/NearbySyncCore.build/NearbySyncCore.DependencyStaticMetadataFileList (in target 'NearbySyncCore' from project 'NearbySyncCore')
    cd /Users/runner/work/MyRAM-iOS/MyRAM-iOS/NearbySyncCore
    write-file /Users/runner/work/MyRAM-iOS/MyRAM-iOS/MyRAM-iOS/evidence/builds/DerivedData-iOS/Build/Intermediates.noindex/NearbySyncCore.build/Debug-iphonesimulator/NearbySyncCore.build/NearbySyncCore.DependencyStaticMetadataFileList

WriteAuxiliaryFile /Users/runner/work/MyRAM-iOS/MyRAM-iOS/MyRAM-iOS/evidence/builds/DerivedData-iOS/Build/Intermediates.noindex/NearbySyncCore.build/Debug-iphonesimulator/NearbySyncCore.build/NearbySyncCore.DependencyMetadataFileList (in target 'NearbySyncCore' from project 'NearbySyncCore')
    cd /Users/runner/work/MyRAM-iOS/MyRAM-iOS/NearbySyncCore
    write-file /Users/runner/work/MyRAM-iOS/MyRAM-iOS/MyRAM-iOS/evidence/builds/DerivedData-iOS/Build/Intermediates.noindex/NearbySyncCore.build/Debug-iphonesimulator/NearbySyncCore.build/NearbySyncCore.DependencyMetadataFileList

Copy /Users/runner/work/MyRAM-iOS/MyRAM-iOS/MyRAM-iOS/evidence/builds/DerivedData-iOS/Build/Intermediates.noindex/GeneratedModuleMaps-iphonesimulator/NearbySyncCore.modulemap /Users/runner/work/MyRAM-iOS/MyRAM-iOS/MyRAM-iOS/evidence/builds/DerivedData-iOS/Build/Intermediates.noindex/NearbySyncCore.build/Debug-iphonesimulator/NearbySyncCore.build/NearbySyncCore.modulemap (in target 'NearbySyncCore' from project 'NearbySyncCore')
    cd /Users/runner/work/MyRAM-iOS/MyRAM-iOS/NearbySyncCore
    builtin-copy -exclude .DS_Store -exclude CVS -exclude .svn -exclude .git -exclude .hg -resolve-src-symlinks /Users/runner/work/MyRAM-iOS/MyRAM-iOS/MyRAM-iOS/evidence/builds/DerivedData-iOS/Build/Intermediates.noindex/NearbySyncCore.build/Debug-iphonesimulator/NearbySyncCore.build/NearbySyncCore.modulemap /Users/runner/work/MyRAM-iOS/MyRAM-iOS/MyRAM-iOS/evidence/builds/DerivedData-iOS/Build/Intermediates.noindex/GeneratedModuleMaps-iphonesimulator

WriteAuxiliaryFile /Users/runner/work/MyRAM-iOS/MyRAM-iOS/MyRAM-iOS/evidence/builds/DerivedData-iOS/Build/Intermediates.noindex/MyRAM.build/Debug-iphonesimulator/MyRAMWidgetExtension.build/Objects-normal/x86_64/MyRAMWidgetExtension_const_extract_protocols.json (in target 'MyRAMWidgetExtension' from project 'MyRAM')
    cd /Users/runner/work/MyRAM-iOS/MyRAM-iOS/MyRAM-iOS
    write-file /Users/runner/work/MyRAM-iOS/MyRAM-iOS/MyRAM-iOS/evidence/builds/DerivedData-iOS/Build/Intermediates.noindex/MyRAM.build/Debug-iphonesimulator/MyRAMWidgetExtension.build/Objects-normal/x86_64/MyRAMWidgetExtension_const_extract_protocols.json

WriteAuxiliaryFile /Users/runner/work/MyRAM-iOS/MyRAM-iOS/MyRAM-iOS/evidence/builds/DerivedData-iOS/Build/Intermediates.noindex/MyRAM.build/Debug-iphonesimulator/MyRAMWidgetExtension.build/Objects-normal/x86_64/MyRAMWidgetExtension.SwiftFileList (in target 'MyRAMWidgetExtension' from project 'MyRAM')
    cd /Users/runner/work/MyRAM-iOS/MyRAM-iOS/MyRAM-iOS
    write-file /Users/runner/work/MyRAM-iOS/MyRAM-iOS/MyRAM-iOS/evidence/builds/DerivedData-iOS/Build/Intermediates.noindex/MyRAM.build/Debug-iphonesimulator/MyRAMWidgetExtension.build/Objects-normal/x86_64/MyRAMWidgetExtension.SwiftFileList

WriteAuxiliaryFile /Users/runner/work/MyRAM-iOS/MyRAM-iOS/MyRAM-iOS/evidence/builds/DerivedData-iOS/Build/Intermediates.noindex/MyRAM.build/Debug-iphonesimulator/MyRAMWidgetExtension.build/Objects-normal/x86_64/MyRAMWidgetExtension.SwiftConstValuesFileList (in target 'MyRAMWidgetExtension' from project 'MyRAM')
    cd /Users/runner/work/MyRAM-iOS/MyRAM-iOS/MyRAM-iOS
    write-file /Users/runner/work/MyRAM-iOS/MyRAM-iOS/MyRAM-iOS/evidence/builds/DerivedData-iOS/Build/Intermediates.noindex/MyRAM.build/Debug-iphonesimulator/MyRAMWidgetExtension.build/Objects-normal/x86_64/MyRAMWidgetExtension.SwiftConstValuesFileList

WriteAuxiliaryFile /Users/runner/work/MyRAM-iOS/MyRAM-iOS/MyRAM-iOS/evidence/builds/DerivedData-iOS/Build/Intermediates.noindex/MyRAM.build/Debug-iphonesimulator/MyRAMWidgetExtension.build/Objects-normal/x86_64/MyRAMWidgetExtension.LinkFileList (in target 'MyRAMWidgetExtension' from project 'MyRAM')
    cd /Users/runner/work/MyRAM-iOS/MyRAM-iOS/MyRAM-iOS
    write-file /Users/runner/work/MyRAM-iOS/MyRAM-iOS/MyRAM-iOS/evidence/builds/DerivedData-iOS/Build/Intermediates.noindex/MyRAM.build/Debug-iphonesimulator/MyRAMWidgetExtension.build/Objects-normal/x86_64/MyRAMWidgetExtension.LinkFileList

WriteAuxiliaryFile /Users/runner/work/MyRAM-iOS/MyRAM-iOS/MyRAM-iOS/evidence/builds/DerivedData-iOS/Build/Intermediates.noindex/MyRAM.build/Debug-iphonesimulator/MyRAMWidgetExtension.build/Objects-normal/x86_64/MyRAMWidgetExtension-OutputFileMap.json (in target 'MyRAMWidgetExtension' from project 'MyRAM')
    cd /Users/runner/work/MyRAM-iOS/MyRAM-iOS/MyRAM-iOS
    write-file /Users/runner/work/MyRAM-iOS/MyRAM-iOS/MyRAM-iOS/evidence/builds/DerivedData-iOS/Build/Intermediates.noindex/MyRAM.build/Debug-iphonesimulator/MyRAMWidgetExtension.build/Objects-normal/x86_64/MyRAMWidgetExtension-OutputFileMap.json

WriteAuxiliaryFile /Users/runner/work/MyRAM-iOS/MyRAM-iOS/MyRAM-iOS/evidence/builds/DerivedData-iOS/Build/Intermediates.noindex/MyRAM.build/Debug-iphonesimulator/MyRAMWidgetExtension.build/Objects-normal/arm64/MyRAMWidgetExtension_const_extract_protocols.json (in target 'MyRAMWidgetExtension' from project 'MyRAM')
    cd /Users/runner/work/MyRAM-iOS/MyRAM-iOS/MyRAM-iOS
    write-file /Users/runner/work/MyRAM-iOS/MyRAM-iOS/MyRAM-iOS/evidence/builds/DerivedData-iOS/Build/Intermediates.noindex/MyRAM.build/Debug-iphonesimulator/MyRAMWidgetExtension.build/Objects-normal/arm64/MyRAMWidgetExtension_const_extract_protocols.json

WriteAuxiliaryFile /Users/runner/work/MyRAM-iOS/MyRAM-iOS/MyRAM-iOS/evidence/builds/DerivedData-iOS/Build/Intermediates.noindex/MyRAM.build/Debug-iphonesimulator/MyRAMWidgetExtension.build/Objects-normal/arm64/MyRAMWidgetExtension.SwiftFileList (in target 'MyRAMWidgetExtension' from project 'MyRAM')
    cd /Users/runner/work/MyRAM-iOS/MyRAM-iOS/MyRAM-iOS
    write-file /Users/runner/work/MyRAM-iOS/MyRAM-iOS/MyRAM-iOS/evidence/builds/DerivedData-iOS/Build/Intermediates.noindex/MyRAM.build/Debug-iphonesimulator/MyRAMWidgetExtension.build/Objects-normal/arm64/MyRAMWidgetExtension.SwiftFileList

WriteAuxiliaryFile /Users/runner/work/MyRAM-iOS/MyRAM-iOS/MyRAM-iOS/evidence/builds/DerivedData-iOS/Build/Intermediates.noindex/MyRAM.build/Debug-iphonesimulator/MyRAMWidgetExtension.build/Objects-normal/arm64/MyRAMWidgetExtension.SwiftConstValuesFileList (in target 'MyRAMWidgetExtension' from project 'MyRAM')
    cd /Users/runner/work/MyRAM-iOS/MyRAM-iOS/MyRAM-iOS
    write-file /Users/runner/work/MyRAM-iOS/MyRAM-iOS/MyRAM-iOS/evidence/builds/DerivedData-iOS/Build/Intermediates.noindex/MyRAM.build/Debug-iphonesimulator/MyRAMWidgetExtension.build/Objects-normal/arm64/MyRAMWidgetExtension.SwiftConstValuesFileList

WriteAuxiliaryFile /Users/runner/work/MyRAM-iOS/MyRAM-iOS/MyRAM-iOS/evidence/builds/DerivedData-iOS/Build/Intermediates.noindex/MyRAM.build/Debug-iphonesimulator/MyRAMWidgetExtension.build/Objects-normal/arm64/MyRAMWidgetExtension.LinkFileList (in target 'MyRAMWidgetExtension' from project 'MyRAM')
    cd /Users/runner/work/MyRAM-iOS/MyRAM-iOS/MyRAM-iOS
    write-file /Users/runner/work/MyRAM-iOS/MyRAM-iOS/MyRAM-iOS/evidence/builds/DerivedData-iOS/Build/Intermediates.noindex/MyRAM.build/Debug-iphonesimulator/MyRAMWidgetExtension.build/Objects-normal/arm64/MyRAMWidgetExtension.LinkFileList

WriteAuxiliaryFile /Users/runner/work/MyRAM-iOS/MyRAM-iOS/MyRAM-iOS/evidence/builds/DerivedData-iOS/Build/Intermediates.noindex/MyRAM.build/Debug-iphonesimulator/MyRAMWidgetExtension.build/Objects-normal/arm64/MyRAMWidgetExtension-OutputFileMap.json (in target 'MyRAMWidgetExtension' from project 'MyRAM')
    cd /Users/runner/work/MyRAM-iOS/MyRAM-iOS/MyRAM-iOS
    write-file /Users/runner/work/MyRAM-iOS/MyRAM-iOS/MyRAM-iOS/evidence/builds/DerivedData-iOS/Build/Intermediates.noindex/MyRAM.build/Debug-iphonesimulator/MyRAMWidgetExtension.build/Objects-normal/arm64/MyRAMWidgetExtension-OutputFileMap.json

WriteAuxiliaryFile /Users/runner/work/MyRAM-iOS/MyRAM-iOS/MyRAM-iOS/evidence/builds/DerivedData-iOS/Build/Intermediates.noindex/MyRAM.build/Debug-iphonesimulator/MyRAMWidgetExtension.build/MyRAMWidgetExtension.hmap (in target 'MyRAMWidgetExtension' from project 'MyRAM')
    cd /Users/runner/work/MyRAM-iOS/MyRAM-iOS/MyRAM-iOS
    write-file /Users/runner/work/MyRAM-iOS/MyRAM-iOS/MyRAM-iOS/evidence/builds/DerivedData-iOS/Build/Intermediates.noindex/MyRAM.build/Debug-iphonesimulator/MyRAMWidgetExtension.build/MyRAMWidgetExtension.hmap

WriteAuxiliaryFile /Users/runner/work/MyRAM-iOS/MyRAM-iOS/MyRAM-iOS/evidence/builds/DerivedData-iOS/Build/Intermediates.noindex/MyRAM.build/Debug-iphonesimulator/MyRAMWidgetExtension.build/MyRAMWidgetExtension.DependencyStaticMetadataFileList (in target 'MyRAMWidgetExtension' from project 'MyRAM')
    cd /Users/runner/work/MyRAM-iOS/MyRAM-iOS/MyRAM-iOS
    write-file /Users/runner/work/MyRAM-iOS/MyRAM-iOS/MyRAM-iOS/evidence/builds/DerivedData-iOS/Build/Intermediates.noindex/MyRAM.build/Debug-iphonesimulator/MyRAMWidgetExtension.build/MyRAMWidgetExtension.DependencyStaticMetadataFileList

WriteAuxiliaryFile /Users/runner/work/MyRAM-iOS/MyRAM-iOS/MyRAM-iOS/evidence/builds/DerivedData-iOS/Build/Intermediates.noindex/MyRAM.build/Debug-iphonesimulator/MyRAMWidgetExtension.build/MyRAMWidgetExtension.DependencyMetadataFileList (in target 'MyRAMWidgetExtension' from project 'MyRAM')
    cd /Users/runner/work/MyRAM-iOS/MyRAM-iOS/MyRAM-iOS
    write-file /Users/runner/work/MyRAM-iOS/MyRAM-iOS/MyRAM-iOS/evidence/builds/DerivedData-iOS/Build/Intermediates.noindex/MyRAM.build/Debug-iphonesimulator/MyRAMWidgetExtension.build/MyRAMWidgetExtension.DependencyMetadataFileList

WriteAuxiliaryFile /Users/runner/work/MyRAM-iOS/MyRAM-iOS/MyRAM-iOS/evidence/builds/DerivedData-iOS/Build/Intermediates.noindex/MyRAM.build/Debug-iphonesimulator/MyRAMWidgetExtension.build/MyRAMWidgetExtension-project-headers.hmap (in target 'MyRAMWidgetExtension' from project 'MyRAM')
    cd /Users/runner/work/MyRAM-iOS/MyRAM-iOS/MyRAM-iOS
    write-file /Users/runner/work/MyRAM-iOS/MyRAM-iOS/MyRAM-iOS/evidence/builds/DerivedData-iOS/Build/Intermediates.noindex/MyRAM.build/Debug-iphonesimulator/MyRAMWidgetExtension.build/MyRAMWidgetExtension-project-headers.hmap

WriteAuxiliaryFile /Users/runner/work/MyRAM-iOS/MyRAM-iOS/MyRAM-iOS/evidence/builds/DerivedData-iOS/Build/Intermediates.noindex/MyRAM.build/Debug-iphonesimulator/MyRAMWidgetExtension.build/MyRAMWidgetExtension-own-target-headers.hmap (in target 'MyRAMWidgetExtension' from project 'MyRAM')
    cd /Users/runner/work/MyRAM-iOS/MyRAM-iOS/MyRAM-iOS
    write-file /Users/runner/work/MyRAM-iOS/MyRAM-iOS/MyRAM-iOS/evidence/builds/DerivedData-iOS/Build/Intermediates.noindex/MyRAM.build/Debug-iphonesimulator/MyRAMWidgetExtension.build/MyRAMWidgetExtension-own-target-headers.hmap

WriteAuxiliaryFile /Users/runner/work/MyRAM-iOS/MyRAM-iOS/MyRAM-iOS/evidence/builds/DerivedData-iOS/Build/Intermediates.noindex/MyRAM.build/Debug-iphonesimulator/MyRAMWidgetExtension.build/MyRAMWidgetExtension-generated-files.hmap (in target 'MyRAMWidgetExtension' from project 'MyRAM')
    cd /Users/runner/work/MyRAM-iOS/MyRAM-iOS/MyRAM-iOS
    write-file /Users/runner/work/MyRAM-iOS/MyRAM-iOS/MyRAM-iOS/evidence/builds/DerivedData-iOS/Build/Intermediates.noindex/MyRAM.build/Debug-iphonesimulator/MyRAMWidgetExtension.build/MyRAMWidgetExtension-generated-files.hmap

WriteAuxiliaryFile /Users/runner/work/MyRAM-iOS/MyRAM-iOS/MyRAM-iOS/evidence/builds/DerivedData-iOS/Build/Intermediates.noindex/MyRAM.build/Debug-iphonesimulator/MyRAMWidgetExtension.build/MyRAMWidgetExtension-all-target-headers.hmap (in target 'MyRAMWidgetExtension' from project 'MyRAM')
    cd /Users/runner/work/MyRAM-iOS/MyRAM-iOS/MyRAM-iOS
    write-file /Users/runner/work/MyRAM-iOS/MyRAM-iOS/MyRAM-iOS/evidence/builds/DerivedData-iOS/Build/Intermediates.noindex/MyRAM.build/Debug-iphonesimulator/MyRAMWidgetExtension.build/MyRAMWidgetExtension-all-target-headers.hmap

WriteAuxiliaryFile /Users/runner/work/MyRAM-iOS/MyRAM-iOS/MyRAM-iOS/evidence/builds/DerivedData-iOS/Build/Intermediates.noindex/MyRAM.build/Debug-iphonesimulator/MyRAMWidgetExtension.build/MyRAMWidgetExtension-all-non-framework-target-headers.hmap (in target 'MyRAMWidgetExtension' from project 'MyRAM')
    cd /Users/runner/work/MyRAM-iOS/MyRAM-iOS/MyRAM-iOS
    write-file /Users/runner/work/MyRAM-iOS/MyRAM-iOS/MyRAM-iOS/evidence/builds/DerivedData-iOS/Build/Intermediates.noindex/MyRAM.build/Debug-iphonesimulator/MyRAMWidgetExtension.build/MyRAMWidgetExtension-all-non-framework-target-headers.hmap

WriteAuxiliaryFile /Users/runner/work/MyRAM-iOS/MyRAM-iOS/MyRAM-iOS/evidence/builds/DerivedData-iOS/Build/Intermediates.noindex/MyRAM.build/Debug-iphonesimulator/MyRAMWidgetExtension.build/MyRAMWidgetExtension-DebugEntryPoint-normal-x86_64.txt (in target 'MyRAMWidgetExtension' from project 'MyRAM')
    cd /Users/runner/work/MyRAM-iOS/MyRAM-iOS/MyRAM-iOS
    write-file /Users/runner/work/MyRAM-iOS/MyRAM-iOS/MyRAM-iOS/evidence/builds/DerivedData-iOS/Build/Intermediates.noindex/MyRAM.build/Debug-iphonesimulator/MyRAMWidgetExtension.build/MyRAMWidgetExtension-DebugEntryPoint-normal-x86_64.txt

WriteAuxiliaryFile /Users/runner/work/MyRAM-iOS/MyRAM-iOS/MyRAM-iOS/evidence/builds/DerivedData-iOS/Build/Intermediates.noindex/MyRAM.build/Debug-iphonesimulator/MyRAMWidgetExtension.build/MyRAMWidgetExtension-DebugEntryPoint-normal-arm64.txt (in target 'MyRAMWidgetExtension' from project 'MyRAM')
    cd /Users/runner/work/MyRAM-iOS/MyRAM-iOS/MyRAM-iOS
    write-file /Users/runner/work/MyRAM-iOS/MyRAM-iOS/MyRAM-iOS/evidence/builds/DerivedData-iOS/Build/Intermediates.noindex/MyRAM.build/Debug-iphonesimulator/MyRAMWidgetExtension.build/MyRAMWidgetExtension-DebugEntryPoint-normal-arm64.txt

WriteAuxiliaryFile /Users/runner/work/MyRAM-iOS/MyRAM-iOS/MyRAM-iOS/evidence/builds/DerivedData-iOS/Build/Intermediates.noindex/MyRAM.build/Debug-iphonesimulator/MyRAMWidgetExtension.build/MyRAMWidgetExtension-DebugDylibPath-normal-x86_64.txt (in target 'MyRAMWidgetExtension' from project 'MyRAM')
    cd /Users/runner/work/MyRAM-iOS/MyRAM-iOS/MyRAM-iOS
    write-file /Users/runner/work/MyRAM-iOS/MyRAM-iOS/MyRAM-iOS/evidence/builds/DerivedData-iOS/Build/Intermediates.noindex/MyRAM.build/Debug-iphonesimulator/MyRAMWidgetExtension.build/MyRAMWidgetExtension-DebugDylibPath-normal-x86_64.txt

WriteAuxiliaryFile /Users/runner/work/MyRAM-iOS/MyRAM-iOS/MyRAM-iOS/evidence/builds/DerivedData-iOS/Build/Intermediates.noindex/MyRAM.build/Debug-iphonesimulator/MyRAMWidgetExtension.build/MyRAMWidgetExtension-DebugDylibPath-normal-arm64.txt (in target 'MyRAMWidgetExtension' from project 'MyRAM')
    cd /Users/runner/work/MyRAM-iOS/MyRAM-iOS/MyRAM-iOS
    write-file /Users/runner/work/MyRAM-iOS/MyRAM-iOS/MyRAM-iOS/evidence/builds/DerivedData-iOS/Build/Intermediates.noindex/MyRAM.build/Debug-iphonesimulator/MyRAMWidgetExtension.build/MyRAMWidgetExtension-DebugDylibPath-normal-arm64.txt

WriteAuxiliaryFile /Users/runner/work/MyRAM-iOS/MyRAM-iOS/MyRAM-iOS/evidence/builds/DerivedData-iOS/Build/Intermediates.noindex/MyRAM.build/Debug-iphonesimulator/MyRAMWidgetExtension.build/MyRAMWidgetExtension-DebugDylibInstallName-normal-x86_64.txt (in target 'MyRAMWidgetExtension' from project 'MyRAM')
    cd /Users/runner/work/MyRAM-iOS/MyRAM-iOS/MyRAM-iOS
    write-file /Users/runner/work/MyRAM-iOS/MyRAM-iOS/MyRAM-iOS/evidence/builds/DerivedData-iOS/Build/Intermediates.noindex/MyRAM.build/Debug-iphonesimulator/MyRAMWidgetExtension.build/MyRAMWidgetExtension-DebugDylibInstallName-normal-x86_64.txt

WriteAuxiliaryFile /Users/runner/work/MyRAM-iOS/MyRAM-iOS/MyRAM-iOS/evidence/builds/DerivedData-iOS/Build/Intermediates.noindex/MyRAM.build/Debug-iphonesimulator/MyRAMWidgetExtension.build/MyRAMWidgetExtension-DebugDylibInstallName-normal-arm64.txt (in target 'MyRAMWidgetExtension' from project 'MyRAM')
    cd /Users/runner/work/MyRAM-iOS/MyRAM-iOS/MyRAM-iOS
    write-file /Users/runner/work/MyRAM-iOS/MyRAM-iOS/MyRAM-iOS/evidence/builds/DerivedData-iOS/Build/Intermediates.noindex/MyRAM.build/Debug-iphonesimulator/MyRAMWidgetExtension.build/MyRAMWidgetExtension-DebugDylibInstallName-normal-arm64.txt

WriteAuxiliaryFile /Users/runner/work/MyRAM-iOS/MyRAM-iOS/MyRAM-iOS/evidence/builds/DerivedData-iOS/Build/Intermediates.noindex/MyRAM.build/Debug-iphonesimulator/MyRAM.build/Objects-normal/x86_64/MyRAM_const_extract_protocols.json (in target 'MyRAM' from project 'MyRAM')
    cd /Users/runner/work/MyRAM-iOS/MyRAM-iOS/MyRAM-iOS
    write-file /Users/runner/work/MyRAM-iOS/MyRAM-iOS/MyRAM-iOS/evidence/builds/DerivedData-iOS/Build/Intermediates.noindex/MyRAM.build/Debug-iphonesimulator/MyRAM.build/Objects-normal/x86_64/MyRAM_const_extract_protocols.json

WriteAuxiliaryFile /Users/runner/work/MyRAM-iOS/MyRAM-iOS/MyRAM-iOS/evidence/builds/DerivedData-iOS/Build/Intermediates.noindex/MyRAM.build/Debug-iphonesimulator/MyRAM.build/Objects-normal/x86_64/MyRAM.SwiftFileList (in target 'MyRAM' from project 'MyRAM')
    cd /Users/runner/work/MyRAM-iOS/MyRAM-iOS/MyRAM-iOS
    write-file /Users/runner/work/MyRAM-iOS/MyRAM-iOS/MyRAM-iOS/evidence/builds/DerivedData-iOS/Build/Intermediates.noindex/MyRAM.build/Debug-iphonesimulator/MyRAM.build/Objects-normal/x86_64/MyRAM.SwiftFileList

WriteAuxiliaryFile /Users/runner/work/MyRAM-iOS/MyRAM-iOS/MyRAM-iOS/evidence/builds/DerivedData-iOS/Build/Intermediates.noindex/MyRAM.build/Debug-iphonesimulator/MyRAM.build/Objects-normal/x86_64/MyRAM.SwiftConstValuesFileList (in target 'MyRAM' from project 'MyRAM')
    cd /Users/runner/work/MyRAM-iOS/MyRAM-iOS/MyRAM-iOS
    write-file /Users/runner/work/MyRAM-iOS/MyRAM-iOS/MyRAM-iOS/evidence/builds/DerivedData-iOS/Build/Intermediates.noindex/MyRAM.build/Debug-iphonesimulator/MyRAM.build/Objects-normal/x86_64/MyRAM.SwiftConstValuesFileList

WriteAuxiliaryFile /Users/runner/work/MyRAM-iOS/MyRAM-iOS/MyRAM-iOS/evidence/builds/DerivedData-iOS/Build/Intermediates.noindex/MyRAM.build/Debug-iphonesimulator/MyRAM.build/Objects-normal/x86_64/MyRAM.LinkFileList (in target 'MyRAM' from project 'MyRAM')
    cd /Users/runner/work/MyRAM-iOS/MyRAM-iOS/MyRAM-iOS
    write-file /Users/runner/work/MyRAM-iOS/MyRAM-iOS/MyRAM-iOS/evidence/builds/DerivedData-iOS/Build/Intermediates.noindex/MyRAM.build/Debug-iphonesimulator/MyRAM.build/Objects-normal/x86_64/MyRAM.LinkFileList

WriteAuxiliaryFile /Users/runner/work/MyRAM-iOS/MyRAM-iOS/MyRAM-iOS/evidence/builds/DerivedData-iOS/Build/Intermediates.noindex/MyRAM.build/Debug-iphonesimulator/MyRAM.build/Objects-normal/x86_64/MyRAM-OutputFileMap.json (in target 'MyRAM' from project 'MyRAM')
    cd /Users/runner/work/MyRAM-iOS/MyRAM-iOS/MyRAM-iOS
    write-file /Users/runner/work/MyRAM-iOS/MyRAM-iOS/MyRAM-iOS/evidence/builds/DerivedData-iOS/Build/Intermediates.noindex/MyRAM.build/Debug-iphonesimulator/MyRAM.build/Objects-normal/x86_64/MyRAM-OutputFileMap.json

WriteAuxiliaryFile /Users/runner/work/MyRAM-iOS/MyRAM-iOS/MyRAM-iOS/evidence/builds/DerivedData-iOS/Build/Intermediates.noindex/MyRAM.build/Debug-iphonesimulator/MyRAM.build/Objects-normal/arm64/MyRAM_const_extract_protocols.json (in target 'MyRAM' from project 'MyRAM')
    cd /Users/runner/work/MyRAM-iOS/MyRAM-iOS/MyRAM-iOS
    write-file /Users/runner/work/MyRAM-iOS/MyRAM-iOS/MyRAM-iOS/evidence/builds/DerivedData-iOS/Build/Intermediates.noindex/MyRAM.build/Debug-iphonesimulator/MyRAM.build/Objects-normal/arm64/MyRAM_const_extract_protocols.json

WriteAuxiliaryFile /Users/runner/work/MyRAM-iOS/MyRAM-iOS/MyRAM-iOS/evidence/builds/DerivedData-iOS/Build/Intermediates.noindex/MyRAM.build/Debug-iphonesimulator/MyRAM.build/Objects-normal/arm64/MyRAM.SwiftFileList (in target 'MyRAM' from project 'MyRAM')
    cd /Users/runner/work/MyRAM-iOS/MyRAM-iOS/MyRAM-iOS
    write-file /Users/runner/work/MyRAM-iOS/MyRAM-iOS/MyRAM-iOS/evidence/builds/DerivedData-iOS/Build/Intermediates.noindex/MyRAM.build/Debug-iphonesimulator/MyRAM.build/Objects-normal/arm64/MyRAM.SwiftFileList

WriteAuxiliaryFile /Users/runner/work/MyRAM-iOS/MyRAM-iOS/MyRAM-iOS/evidence/builds/DerivedData-iOS/Build/Intermediates.noindex/MyRAM.build/Debug-iphonesimulator/MyRAM.build/Objects-normal/arm64/MyRAM.SwiftConstValuesFileList (in target 'MyRAM' from project 'MyRAM')
    cd /Users/runner/work/MyRAM-iOS/MyRAM-iOS/MyRAM-iOS
    write-file /Users/runner/work/MyRAM-iOS/MyRAM-iOS/MyRAM-iOS/evidence/builds/DerivedData-iOS/Build/Intermediates.noindex/MyRAM.build/Debug-iphonesimulator/MyRAM.build/Objects-normal/arm64/MyRAM.SwiftConstValuesFileList

WriteAuxiliaryFile /Users/runner/work/MyRAM-iOS/MyRAM-iOS/MyRAM-iOS/evidence/builds/DerivedData-iOS/Build/Intermediates.noindex/MyRAM.build/Debug-iphonesimulator/MyRAM.build/Objects-normal/arm64/MyRAM.LinkFileList (in target 'MyRAM' from project 'MyRAM')
    cd /Users/runner/work/MyRAM-iOS/MyRAM-iOS/MyRAM-iOS
    write-file /Users/runner/work/MyRAM-iOS/MyRAM-iOS/MyRAM-iOS/evidence/builds/DerivedData-iOS/Build/Intermediates.noindex/MyRAM.build/Debug-iphonesimulator/MyRAM.build/Objects-normal/arm64/MyRAM.LinkFileList

WriteAuxiliaryFile /Users/runner/work/MyRAM-iOS/MyRAM-iOS/MyRAM-iOS/evidence/builds/DerivedData-iOS/Build/Intermediates.noindex/MyRAM.build/Debug-iphonesimulator/MyRAM.build/Objects-normal/arm64/MyRAM-OutputFileMap.json (in target 'MyRAM' from project 'MyRAM')
    cd /Users/runner/work/MyRAM-iOS/MyRAM-iOS/MyRAM-iOS
    write-file /Users/runner/work/MyRAM-iOS/MyRAM-iOS/MyRAM-iOS/evidence/builds/DerivedData-iOS/Build/Intermediates.noindex/MyRAM.build/Debug-iphonesimulator/MyRAM.build/Objects-normal/arm64/MyRAM-OutputFileMap.json

WriteAuxiliaryFile /Users/runner/work/MyRAM-iOS/MyRAM-iOS/MyRAM-iOS/evidence/builds/DerivedData-iOS/Build/Intermediates.noindex/MyRAM.build/Debug-iphonesimulator/MyRAM.build/MyRAM.hmap (in target 'MyRAM' from project 'MyRAM')
    cd /Users/runner/work/MyRAM-iOS/MyRAM-iOS/MyRAM-iOS
    write-file /Users/runner/work/MyRAM-iOS/MyRAM-iOS/MyRAM-iOS/evidence/builds/DerivedData-iOS/Build/Intermediates.noindex/MyRAM.build/Debug-iphonesimulator/MyRAM.build/MyRAM.hmap

WriteAuxiliaryFile /Users/runner/work/MyRAM-iOS/MyRAM-iOS/MyRAM-iOS/evidence/builds/DerivedData-iOS/Build/Intermediates.noindex/MyRAM.build/Debug-iphonesimulator/MyRAM.build/MyRAM.DependencyStaticMetadataFileList (in target 'MyRAM' from project 'MyRAM')
    cd /Users/runner/work/MyRAM-iOS/MyRAM-iOS/MyRAM-iOS
    write-file /Users/runner/work/MyRAM-iOS/MyRAM-iOS/MyRAM-iOS/evidence/builds/DerivedData-iOS/Build/Intermediates.noindex/MyRAM.build/Debug-iphonesimulator/MyRAM.build/MyRAM.DependencyStaticMetadataFileList

WriteAuxiliaryFile /Users/runner/work/MyRAM-iOS/MyRAM-iOS/MyRAM-iOS/evidence/builds/DerivedData-iOS/Build/Intermediates.noindex/MyRAM.build/Debug-iphonesimulator/MyRAM.build/MyRAM.DependencyMetadataFileList (in target 'MyRAM' from project 'MyRAM')
    cd /Users/runner/work/MyRAM-iOS/MyRAM-iOS/MyRAM-iOS
    write-file /Users/runner/work/MyRAM-iOS/MyRAM-iOS/MyRAM-iOS/evidence/builds/DerivedData-iOS/Build/Intermediates.noindex/MyRAM.build/Debug-iphonesimulator/MyRAM.build/MyRAM.DependencyMetadataFileList

WriteAuxiliaryFile /Users/runner/work/MyRAM-iOS/MyRAM-iOS/MyRAM-iOS/evidence/builds/DerivedData-iOS/Build/Intermediates.noindex/MyRAM.build/Debug-iphonesimulator/MyRAM.build/MyRAM-project-headers.hmap (in target 'MyRAM' from project 'MyRAM')
    cd /Users/runner/work/MyRAM-iOS/MyRAM-iOS/MyRAM-iOS
    write-file /Users/runner/work/MyRAM-iOS/MyRAM-iOS/MyRAM-iOS/evidence/builds/DerivedData-iOS/Build/Intermediates.noindex/MyRAM.build/Debug-iphonesimulator/MyRAM.build/MyRAM-project-headers.hmap

WriteAuxiliaryFile /Users/runner/work/MyRAM-iOS/MyRAM-iOS/MyRAM-iOS/evidence/builds/DerivedData-iOS/Build/Intermediates.noindex/MyRAM.build/Debug-iphonesimulator/MyRAM.build/MyRAM-own-target-headers.hmap (in target 'MyRAM' from project 'MyRAM')
    cd /Users/runner/work/MyRAM-iOS/MyRAM-iOS/MyRAM-iOS
    write-file /Users/runner/work/MyRAM-iOS/MyRAM-iOS/MyRAM-iOS/evidence/builds/DerivedData-iOS/Build/Intermediates.noindex/MyRAM.build/Debug-iphonesimulator/MyRAM.build/MyRAM-own-target-headers.hmap

WriteAuxiliaryFile /Users/runner/work/MyRAM-iOS/MyRAM-iOS/MyRAM-iOS/evidence/builds/DerivedData-iOS/Build/Intermediates.noindex/MyRAM.build/Debug-iphonesimulator/MyRAM.build/MyRAM-generated-files.hmap (in target 'MyRAM' from project 'MyRAM')
    cd /Users/runner/work/MyRAM-iOS/MyRAM-iOS/MyRAM-iOS
    write-file /Users/runner/work/MyRAM-iOS/MyRAM-iOS/MyRAM-iOS/evidence/builds/DerivedData-iOS/Build/Intermediates.noindex/MyRAM.build/Debug-iphonesimulator/MyRAM.build/MyRAM-generated-files.hmap

WriteAuxiliaryFile /Users/runner/work/MyRAM-iOS/MyRAM-iOS/MyRAM-iOS/evidence/builds/DerivedData-iOS/Build/Intermediates.noindex/MyRAM.build/Debug-iphonesimulator/MyRAM.build/MyRAM-all-target-headers.hmap (in target 'MyRAM' from project 'MyRAM')
    cd /Users/runner/work/MyRAM-iOS/MyRAM-iOS/MyRAM-iOS
    write-file /Users/runner/work/MyRAM-iOS/MyRAM-iOS/MyRAM-iOS/evidence/builds/DerivedData-iOS/Build/Intermediates.noindex/MyRAM.build/Debug-iphonesimulator/MyRAM.build/MyRAM-all-target-headers.hmap

WriteAuxiliaryFile /Users/runner/work/MyRAM-iOS/MyRAM-iOS/MyRAM-iOS/evidence/builds/DerivedData-iOS/Build/Intermediates.noindex/MyRAM.build/Debug-iphonesimulator/MyRAM.build/MyRAM-all-non-framework-target-headers.hmap (in target 'MyRAM' from project 'MyRAM')
    cd /Users/runner/work/MyRAM-iOS/MyRAM-iOS/MyRAM-iOS
    write-file /Users/runner/work/MyRAM-iOS/MyRAM-iOS/MyRAM-iOS/evidence/builds/DerivedData-iOS/Build/Intermediates.noindex/MyRAM.build/Debug-iphonesimulator/MyRAM.build/MyRAM-all-non-framework-target-headers.hmap

WriteAuxiliaryFile /Users/runner/work/MyRAM-iOS/MyRAM-iOS/MyRAM-iOS/evidence/builds/DerivedData-iOS/Build/Intermediates.noindex/MyRAM.build/Debug-iphonesimulator/MyRAM.build/MyRAM-DebugDylibPath-normal-x86_64.txt (in target 'MyRAM' from project 'MyRAM')
    cd /Users/runner/work/MyRAM-iOS/MyRAM-iOS/MyRAM-iOS
    write-file /Users/runner/work/MyRAM-iOS/MyRAM-iOS/MyRAM-iOS/evidence/builds/DerivedData-iOS/Build/Intermediates.noindex/MyRAM.build/Debug-iphonesimulator/MyRAM.build/MyRAM-DebugDylibPath-normal-x86_64.txt

WriteAuxiliaryFile /Users/runner/work/MyRAM-iOS/MyRAM-iOS/MyRAM-iOS/evidence/builds/DerivedData-iOS/Build/Intermediates.noindex/MyRAM.build/Debug-iphonesimulator/MyRAM.build/MyRAM-DebugDylibPath-normal-arm64.txt (in target 'MyRAM' from project 'MyRAM')
    cd /Users/runner/work/MyRAM-iOS/MyRAM-iOS/MyRAM-iOS
    write-file /Users/runner/work/MyRAM-iOS/MyRAM-iOS/MyRAM-iOS/evidence/builds/DerivedData-iOS/Build/Intermediates.noindex/MyRAM.build/Debug-iphonesimulator/MyRAM.build/MyRAM-DebugDylibPath-normal-arm64.txt

WriteAuxiliaryFile /Users/runner/work/MyRAM-iOS/MyRAM-iOS/MyRAM-iOS/evidence/builds/DerivedData-iOS/Build/Intermediates.noindex/MyRAM.build/Debug-iphonesimulator/MyRAM.build/MyRAM-DebugDylibInstallName-normal-x86_64.txt (in target 'MyRAM' from project 'MyRAM')
    cd /Users/runner/work/MyRAM-iOS/MyRAM-iOS/MyRAM-iOS
    write-file /Users/runner/work/MyRAM-iOS/MyRAM-iOS/MyRAM-iOS/evidence/builds/DerivedData-iOS/Build/Intermediates.noindex/MyRAM.build/Debug-iphonesimulator/MyRAM.build/MyRAM-DebugDylibInstallName-normal-x86_64.txt

WriteAuxiliaryFile /Users/runner/work/MyRAM-iOS/MyRAM-iOS/MyRAM-iOS/evidence/builds/DerivedData-iOS/Build/Intermediates.noindex/MyRAM.build/Debug-iphonesimulator/MyRAM.build/MyRAM-DebugDylibInstallName-normal-arm64.txt (in target 'MyRAM' from project 'MyRAM')
    cd /Users/runner/work/MyRAM-iOS/MyRAM-iOS/MyRAM-iOS
    write-file /Users/runner/work/MyRAM-iOS/MyRAM-iOS/MyRAM-iOS/evidence/builds/DerivedData-iOS/Build/Intermediates.noindex/MyRAM.build/Debug-iphonesimulator/MyRAM.build/MyRAM-DebugDylibInstallName-normal-arm64.txt

WriteAuxiliaryFile /Users/runner/work/MyRAM-iOS/MyRAM-iOS/MyRAM-iOS/evidence/builds/DerivedData-iOS/Build/Intermediates.noindex/AnchoredSequenceCore.build/Debug-iphonesimulator/AnchoredSequenceCore.build/Objects-normal/x86_64/AnchoredSequenceCore_const_extract_protocols.json (in target 'AnchoredSequenceCore' from project 'AnchoredSequenceCore')
    cd /Users/runner/work/MyRAM-iOS/MyRAM-iOS/MyRAM-iOS/Packages/AnchoredSequenceCore
    write-file /Users/runner/work/MyRAM-iOS/MyRAM-iOS/MyRAM-iOS/evidence/builds/DerivedData-iOS/Build/Intermediates.noindex/AnchoredSequenceCore.build/Debug-iphonesimulator/AnchoredSequenceCore.build/Objects-normal/x86_64/AnchoredSequenceCore_const_extract_protocols.json

WriteAuxiliaryFile /Users/runner/work/MyRAM-iOS/MyRAM-iOS/MyRAM-iOS/evidence/builds/DerivedData-iOS/Build/Intermediates.noindex/AnchoredSequenceCore.build/Debug-iphonesimulator/AnchoredSequenceCore.build/Objects-normal/x86_64/AnchoredSequenceCore.SwiftFileList (in target 'AnchoredSequenceCore' from project 'AnchoredSequenceCore')
    cd /Users/runner/work/MyRAM-iOS/MyRAM-iOS/MyRAM-iOS/Packages/AnchoredSequenceCore
    write-file /Users/runner/work/MyRAM-iOS/MyRAM-iOS/MyRAM-iOS/evidence/builds/DerivedData-iOS/Build/Intermediates.noindex/AnchoredSequenceCore.build/Debug-iphonesimulator/AnchoredSequenceCore.build/Objects-normal/x86_64/AnchoredSequenceCore.SwiftFileList

WriteAuxiliaryFile /Users/runner/work/MyRAM-iOS/MyRAM-iOS/MyRAM-iOS/evidence/builds/DerivedData-iOS/Build/Intermediates.noindex/AnchoredSequenceCore.build/Debug-iphonesimulator/AnchoredSequenceCore.build/Objects-normal/x86_64/AnchoredSequenceCore.SwiftConstValuesFileList (in target 'AnchoredSequenceCore' from project 'AnchoredSequenceCore')
    cd /Users/runner/work/MyRAM-iOS/MyRAM-iOS/MyRAM-iOS/Packages/AnchoredSequenceCore
    write-file /Users/runner/work/MyRAM-iOS/MyRAM-iOS/MyRAM-iOS/evidence/builds/DerivedData-iOS/Build/Intermediates.noindex/AnchoredSequenceCore.build/Debug-iphonesimulator/AnchoredSequenceCore.build/Objects-normal/x86_64/AnchoredSequenceCore.SwiftConstValuesFileList

WriteAuxiliaryFile /Users/runner/work/MyRAM-iOS/MyRAM-iOS/MyRAM-iOS/evidence/builds/DerivedData-iOS/Build/Intermediates.noindex/AnchoredSequenceCore.build/Debug-iphonesimulator/AnchoredSequenceCore.build/Objects-normal/x86_64/AnchoredSequenceCore.LinkFileList (in target 'AnchoredSequenceCore' from project 'AnchoredSequenceCore')
    cd /Users/runner/work/MyRAM-iOS/MyRAM-iOS/MyRAM-iOS/Packages/AnchoredSequenceCore
    write-file /Users/runner/work/MyRAM-iOS/MyRAM-iOS/MyRAM-iOS/evidence/builds/DerivedData-iOS/Build/Intermediates.noindex/AnchoredSequenceCore.build/Debug-iphonesimulator/AnchoredSequenceCore.build/Objects-normal/x86_64/AnchoredSequenceCore.LinkFileList

WriteAuxiliaryFile /Users/runner/work/MyRAM-iOS/MyRAM-iOS/MyRAM-iOS/evidence/builds/DerivedData-iOS/Build/Intermediates.noindex/AnchoredSequenceCore.build/Debug-iphonesimulator/AnchoredSequenceCore.build/Objects-normal/x86_64/AnchoredSequenceCore-OutputFileMap.json (in target 'AnchoredSequenceCore' from project 'AnchoredSequenceCore')
    cd /Users/runner/work/MyRAM-iOS/MyRAM-iOS/MyRAM-iOS/Packages/AnchoredSequenceCore
    write-file /Users/runner/work/MyRAM-iOS/MyRAM-iOS/MyRAM-iOS/evidence/builds/DerivedData-iOS/Build/Intermediates.noindex/AnchoredSequenceCore.build/Debug-iphonesimulator/AnchoredSequenceCore.build/Objects-normal/x86_64/AnchoredSequenceCore-OutputFileMap.json

WriteAuxiliaryFile /Users/runner/work/MyRAM-iOS/MyRAM-iOS/MyRAM-iOS/evidence/builds/DerivedData-iOS/Build/Intermediates.noindex/AnchoredSequenceCore.build/Debug-iphonesimulator/AnchoredSequenceCore.build/Objects-normal/arm64/AnchoredSequenceCore_const_extract_protocols.json (in target 'AnchoredSequenceCore' from project 'AnchoredSequenceCore')
    cd /Users/runner/work/MyRAM-iOS/MyRAM-iOS/MyRAM-iOS/Packages/AnchoredSequenceCore
    write-file /Users/runner/work/MyRAM-iOS/MyRAM-iOS/MyRAM-iOS/evidence/builds/DerivedData-iOS/Build/Intermediates.noindex/AnchoredSequenceCore.build/Debug-iphonesimulator/AnchoredSequenceCore.build/Objects-normal/arm64/AnchoredSequenceCore_const_extract_protocols.json

WriteAuxiliaryFile /Users/runner/work/MyRAM-iOS/MyRAM-iOS/MyRAM-iOS/evidence/builds/DerivedData-iOS/Build/Intermediates.noindex/AnchoredSequenceCore.build/Debug-iphonesimulator/AnchoredSequenceCore.build/Objects-normal/arm64/AnchoredSequenceCore.SwiftFileList (in target 'AnchoredSequenceCore' from project 'AnchoredSequenceCore')
    cd /Users/runner/work/MyRAM-iOS/MyRAM-iOS/MyRAM-iOS/Packages/AnchoredSequenceCore
    write-file /Users/runner/work/MyRAM-iOS/MyRAM-iOS/MyRAM-iOS/evidence/builds/DerivedData-iOS/Build/Intermediates.noindex/AnchoredSequenceCore.build/Debug-iphonesimulator/AnchoredSequenceCore.build/Objects-normal/arm64/AnchoredSequenceCore.SwiftFileList

WriteAuxiliaryFile /Users/runner/work/MyRAM-iOS/MyRAM-iOS/MyRAM-iOS/evidence/builds/DerivedData-iOS/Build/Intermediates.noindex/AnchoredSequenceCore.build/Debug-iphonesimulator/AnchoredSequenceCore.build/Objects-normal/arm64/AnchoredSequenceCore.SwiftConstValuesFileList (in target 'AnchoredSequenceCore' from project 'AnchoredSequenceCore')
    cd /Users/runner/work/MyRAM-iOS/MyRAM-iOS/MyRAM-iOS/Packages/AnchoredSequenceCore
    write-file /Users/runner/work/MyRAM-iOS/MyRAM-iOS/MyRAM-iOS/evidence/builds/DerivedData-iOS/Build/Intermediates.noindex/AnchoredSequenceCore.build/Debug-iphonesimulator/AnchoredSequenceCore.build/Objects-normal/arm64/AnchoredSequenceCore.SwiftConstValuesFileList

WriteAuxiliaryFile /Users/runner/work/MyRAM-iOS/MyRAM-iOS/MyRAM-iOS/evidence/builds/DerivedData-iOS/Build/Intermediates.noindex/AnchoredSequenceCore.build/Debug-iphonesimulator/AnchoredSequenceCore.build/Objects-normal/arm64/AnchoredSequenceCore.LinkFileList (in target 'AnchoredSequenceCore' from project 'AnchoredSequenceCore')
    cd /Users/runner/work/MyRAM-iOS/MyRAM-iOS/MyRAM-iOS/Packages/AnchoredSequenceCore
    write-file /Users/runner/work/MyRAM-iOS/MyRAM-iOS/MyRAM-iOS/evidence/builds/DerivedData-iOS/Build/Intermediates.noindex/AnchoredSequenceCore.build/Debug-iphonesimulator/AnchoredSequenceCore.build/Objects-normal/arm64/AnchoredSequenceCore.LinkFileList

WriteAuxiliaryFile /Users/runner/work/MyRAM-iOS/MyRAM-iOS/MyRAM-iOS/evidence/builds/DerivedData-iOS/Build/Intermediates.noindex/AnchoredSequenceCore.build/Debug-iphonesimulator/AnchoredSequenceCore.build/Objects-normal/arm64/AnchoredSequenceCore-OutputFileMap.json (in target 'AnchoredSequenceCore' from project 'AnchoredSequenceCore')
    cd /Users/runner/work/MyRAM-iOS/MyRAM-iOS/MyRAM-iOS/Packages/AnchoredSequenceCore
    write-file /Users/runner/work/MyRAM-iOS/MyRAM-iOS/MyRAM-iOS/evidence/builds/DerivedData-iOS/Build/Intermediates.noindex/AnchoredSequenceCore.build/Debug-iphonesimulator/AnchoredSequenceCore.build/Objects-normal/arm64/AnchoredSequenceCore-OutputFileMap.json

WriteAuxiliaryFile /Users/runner/work/MyRAM-iOS/MyRAM-iOS/MyRAM-iOS/evidence/builds/DerivedData-iOS/Build/Intermediates.noindex/AnchoredSequenceCore.build/Debug-iphonesimulator/AnchoredSequenceCore.build/AnchoredSequenceCore.modulemap (in target 'AnchoredSequenceCore' from project 'AnchoredSequenceCore')
    cd /Users/runner/work/MyRAM-iOS/MyRAM-iOS/MyRAM-iOS/Packages/AnchoredSequenceCore
    write-file /Users/runner/work/MyRAM-iOS/MyRAM-iOS/MyRAM-iOS/evidence/builds/DerivedData-iOS/Build/Intermediates.noindex/AnchoredSequenceCore.build/Debug-iphonesimulator/AnchoredSequenceCore.build/AnchoredSequenceCore.modulemap

WriteAuxiliaryFile /Users/runner/work/MyRAM-iOS/MyRAM-iOS/MyRAM-iOS/evidence/builds/DerivedData-iOS/Build/Intermediates.noindex/AnchoredSequenceCore.build/Debug-iphonesimulator/AnchoredSequenceCore.build/AnchoredSequenceCore.DependencyStaticMetadataFileList (in target 'AnchoredSequenceCore' from project 'AnchoredSequenceCore')
    cd /Users/runner/work/MyRAM-iOS/MyRAM-iOS/MyRAM-iOS/Packages/AnchoredSequenceCore
    write-file /Users/runner/work/MyRAM-iOS/MyRAM-iOS/MyRAM-iOS/evidence/builds/DerivedData-iOS/Build/Intermediates.noindex/AnchoredSequenceCore.build/Debug-iphonesimulator/AnchoredSequenceCore.build/AnchoredSequenceCore.DependencyStaticMetadataFileList

WriteAuxiliaryFile /Users/runner/work/MyRAM-iOS/MyRAM-iOS/MyRAM-iOS/evidence/builds/DerivedData-iOS/Build/Intermediates.noindex/AnchoredSequenceCore.build/Debug-iphonesimulator/AnchoredSequenceCore.build/AnchoredSequenceCore.DependencyMetadataFileList (in target 'AnchoredSequenceCore' from project 'AnchoredSequenceCore')
    cd /Users/runner/work/MyRAM-iOS/MyRAM-iOS/MyRAM-iOS/Packages/AnchoredSequenceCore
    write-file /Users/runner/work/MyRAM-iOS/MyRAM-iOS/MyRAM-iOS/evidence/builds/DerivedData-iOS/Build/Intermediates.noindex/AnchoredSequenceCore.build/Debug-iphonesimulator/AnchoredSequenceCore.build/AnchoredSequenceCore.DependencyMetadataFileList

Copy /Users/runner/work/MyRAM-iOS/MyRAM-iOS/MyRAM-iOS/evidence/builds/DerivedData-iOS/Build/Intermediates.noindex/GeneratedModuleMaps-iphonesimulator/AnchoredSequenceCore.modulemap /Users/runner/work/MyRAM-iOS/MyRAM-iOS/MyRAM-iOS/evidence/builds/DerivedData-iOS/Build/Intermediates.noindex/AnchoredSequenceCore.build/Debug-iphonesimulator/AnchoredSequenceCore.build/AnchoredSequenceCore.modulemap (in target 'AnchoredSequenceCore' from project 'AnchoredSequenceCore')
    cd /Users/runner/work/MyRAM-iOS/MyRAM-iOS/MyRAM-iOS/Packages/AnchoredSequenceCore
    builtin-copy -exclude .DS_Store -exclude CVS -exclude .svn -exclude .git -exclude .hg -resolve-src-symlinks /Users/runner/work/MyRAM-iOS/MyRAM-iOS/MyRAM-iOS/evidence/builds/DerivedData-iOS/Build/Intermediates.noindex/AnchoredSequenceCore.build/Debug-iphonesimulator/AnchoredSequenceCore.build/AnchoredSequenceCore.modulemap /Users/runner/work/MyRAM-iOS/MyRAM-iOS/MyRAM-iOS/evidence/builds/DerivedData-iOS/Build/Intermediates.noindex/GeneratedModuleMaps-iphonesimulator

MkDir /Users/runner/work/MyRAM-iOS/MyRAM-iOS/MyRAM-iOS/evidence/builds/DerivedData-iOS/Build/Products/Debug-iphonesimulator/MyRAMWidgetExtension.appex (in target 'MyRAMWidgetExtension' from project 'MyRAM')
    cd /Users/runner/work/MyRAM-iOS/MyRAM-iOS/MyRAM-iOS
    /bin/mkdir -p /Users/runner/work/MyRAM-iOS/MyRAM-iOS/MyRAM-iOS/evidence/builds/DerivedData-iOS/Build/Products/Debug-iphonesimulator/MyRAMWidgetExtension.appex

MkDir /Users/runner/work/MyRAM-iOS/MyRAM-iOS/MyRAM-iOS/evidence/builds/DerivedData-iOS/Build/Products/Debug-iphonesimulator/MyRAM.app/PlugIns (in target 'MyRAM' from project 'MyRAM')
    cd /Users/runner/work/MyRAM-iOS/MyRAM-iOS/MyRAM-iOS
    /bin/mkdir -p /Users/runner/work/MyRAM-iOS/MyRAM-iOS/MyRAM-iOS/evidence/builds/DerivedData-iOS/Build/Products/Debug-iphonesimulator/MyRAM.app/PlugIns

MkDir /Users/runner/work/MyRAM-iOS/MyRAM-iOS/MyRAM-iOS/evidence/builds/DerivedData-iOS/Build/Products/Debug-iphonesimulator/MyRAM.app (in target 'MyRAM' from project 'MyRAM')
    cd /Users/runner/work/MyRAM-iOS/MyRAM-iOS/MyRAM-iOS
    /bin/mkdir -p /Users/runner/work/MyRAM-iOS/MyRAM-iOS/MyRAM-iOS/evidence/builds/DerivedData-iOS/Build/Products/Debug-iphonesimulator/MyRAM.app

Ld /Users/runner/work/MyRAM-iOS/MyRAM-iOS/MyRAM-iOS/evidence/builds/DerivedData-iOS/Build/Intermediates.noindex/MyRAM.build/Debug-iphonesimulator/MyRAMWidgetExtension.build/Objects-normal/arm64/Binary/__preview.dylib normal arm64 (in target 'MyRAMWidgetExtension' from project 'MyRAM')
    cd /Users/runner/work/MyRAM-iOS/MyRAM-iOS/MyRAM-iOS
    /Applications/Xcode_16.4.app/Contents/Developer/Toolchains/XcodeDefault.xctoolchain/usr/bin/clang -Xlinker -reproducible -target arm64-apple-ios17.0-simulator -dynamiclib -isysroot /Applications/Xcode_16.4.app/Contents/Developer/Platforms/iPhoneSimulator.platform/Developer/SDKs/iPhoneSimulator18.5.sdk -O0 -L/Users/runner/work/MyRAM-iOS/MyRAM-iOS/MyRAM-iOS/evidence/builds/DerivedData-iOS/Build/Products/Debug-iphonesimulator -F/Users/runner/work/MyRAM-iOS/MyRAM-iOS/MyRAM-iOS/evidence/builds/DerivedData-iOS/Build/Products/Debug-iphonesimulator -install_name @rpath/MyRAMWidgetExtension.debug.dylib -dead_strip -rdynamic -Xlinker -no_deduplicate -Xlinker -objc_abi_version -Xlinker 2 -Xlinker -dependency_info -Xlinker /Users/runner/work/MyRAM-iOS/MyRAM-iOS/MyRAM-iOS/evidence/builds/DerivedData-iOS/Build/Intermediates.noindex/MyRAM.build/Debug-iphonesimulator/MyRAMWidgetExtension.build/Objects-normal/arm64/MyRAMWidgetExtension_dependency_info.dat -o /Users/runner/work/MyRAM-iOS/MyRAM-iOS/MyRAM-iOS/evidence/builds/DerivedData-iOS/Build/Intermediates.noindex/MyRAM.build/Debug-iphonesimulator/MyRAMWidgetExtension.build/Objects-normal/arm64/Binary/__preview.dylib

Ld /Users/runner/work/MyRAM-iOS/MyRAM-iOS/MyRAM-iOS/evidence/builds/DerivedData-iOS/Build/Intermediates.noindex/MyRAM.build/Debug-iphonesimulator/MyRAMWidgetExtension.build/Objects-normal/x86_64/Binary/__preview.dylib normal x86_64 (in target 'MyRAMWidgetExtension' from project 'MyRAM')
    cd /Users/runner/work/MyRAM-iOS/MyRAM-iOS/MyRAM-iOS
    /Applications/Xcode_16.4.app/Contents/Developer/Toolchains/XcodeDefault.xctoolchain/usr/bin/clang -Xlinker -reproducible -target x86_64-apple-ios17.0-simulator -dynamiclib -isysroot /Applications/Xcode_16.4.app/Contents/Developer/Platforms/iPhoneSimulator.platform/Developer/SDKs/iPhoneSimulator18.5.sdk -O0 -L/Users/runner/work/MyRAM-iOS/MyRAM-iOS/MyRAM-iOS/evidence/builds/DerivedData-iOS/Build/Products/Debug-iphonesimulator -F/Users/runner/work/MyRAM-iOS/MyRAM-iOS/MyRAM-iOS/evidence/builds/DerivedData-iOS/Build/Products/Debug-iphonesimulator -install_name @rpath/MyRAMWidgetExtension.debug.dylib -dead_strip -rdynamic -Xlinker -no_deduplicate -Xlinker -objc_abi_version -Xlinker 2 -Xlinker -dependency_info -Xlinker /Users/runner/work/MyRAM-iOS/MyRAM-iOS/MyRAM-iOS/evidence/builds/DerivedData-iOS/Build/Intermediates.noindex/MyRAM.build/Debug-iphonesimulator/MyRAMWidgetExtension.build/Objects-normal/x86_64/MyRAMWidgetExtension_dependency_info.dat -o /Users/runner/work/MyRAM-iOS/MyRAM-iOS/MyRAM-iOS/evidence/builds/DerivedData-iOS/Build/Intermediates.noindex/MyRAM.build/Debug-iphonesimulator/MyRAMWidgetExtension.build/Objects-normal/x86_64/Binary/__preview.dylib

MkDir /Users/runner/work/MyRAM-iOS/MyRAM-iOS/MyRAM-iOS/evidence/builds/DerivedData-iOS/Build/Intermediates.noindex/MyRAM.build/Debug-iphonesimulator/MyRAMWidgetExtension.build/assetcatalog_output/thinned (in target 'MyRAMWidgetExtension' from project 'MyRAM')
    cd /Users/runner/work/MyRAM-iOS/MyRAM-iOS/MyRAM-iOS
    /bin/mkdir -p /Users/runner/work/MyRAM-iOS/MyRAM-iOS/MyRAM-iOS/evidence/builds/DerivedData-iOS/Build/Intermediates.noindex/MyRAM.build/Debug-iphonesimulator/MyRAMWidgetExtension.build/assetcatalog_output/thinned

MkDir /Users/runner/work/MyRAM-iOS/MyRAM-iOS/MyRAM-iOS/evidence/builds/DerivedData-iOS/Build/Intermediates.noindex/MyRAM.build/Debug-iphonesimulator/MyRAMWidgetExtension.build/assetcatalog_output/unthinned (in target 'MyRAMWidgetExtension' from project 'MyRAM')
    cd /Users/runner/work/MyRAM-iOS/MyRAM-iOS/MyRAM-iOS
    /bin/mkdir -p /Users/runner/work/MyRAM-iOS/MyRAM-iOS/MyRAM-iOS/evidence/builds/DerivedData-iOS/Build/Intermediates.noindex/MyRAM.build/Debug-iphonesimulator/MyRAMWidgetExtension.build/assetcatalog_output/unthinned

GenerateAssetSymbols /Users/runner/work/MyRAM-iOS/MyRAM-iOS/MyRAM-iOS/MyRAMWidget/Assets.xcassets (in target 'MyRAMWidgetExtension' from project 'MyRAM')
    cd /Users/runner/work/MyRAM-iOS/MyRAM-iOS/MyRAM-iOS
    /Applications/Xcode_16.4.app/Contents/Developer/usr/bin/actool /Users/runner/work/MyRAM-iOS/MyRAM-iOS/MyRAM-iOS/MyRAMWidget/Assets.xcassets --compile /Users/runner/work/MyRAM-iOS/MyRAM-iOS/MyRAM-iOS/evidence/builds/DerivedData-iOS/Build/Products/Debug-iphonesimulator/MyRAMWidgetExtension.appex --output-format human-readable-text --notices --warnings --export-dependency-info /Users/runner/work/MyRAM-iOS/MyRAM-iOS/MyRAM-iOS/evidence/builds/DerivedData-iOS/Build/Intermediates.noindex/MyRAM.build/Debug-iphonesimulator/MyRAMWidgetExtension.build/assetcatalog_dependencies --output-partial-info-plist /Users/runner/work/MyRAM-iOS/MyRAM-iOS/MyRAM-iOS/evidence/builds/DerivedData-iOS/Build/Intermediates.noindex/MyRAM.build/Debug-iphonesimulator/MyRAMWidgetExtension.build/assetcatalog_generated_info.plist --accent-color AccentColor --widget-background-color WidgetBackground --compress-pngs --enable-on-demand-resources NO --standalone-icon-behavior all --development-region en --target-device iphone --target-device ipad --minimum-deployment-target 17.0 --platform iphonesimulator --bundle-identifier com.northsignalstudio.myram.dev.widget --generate-swift-asset-symbols /Users/runner/work/MyRAM-iOS/MyRAM-iOS/MyRAM-iOS/evidence/builds/DerivedData-iOS/Build/Intermediates.noindex/MyRAM.build/Debug-iphonesimulator/MyRAMWidgetExtension.build/DerivedSources/GeneratedAssetSymbols.swift --generate-objc-asset-symbols /Users/runner/work/MyRAM-iOS/MyRAM-iOS/MyRAM-iOS/evidence/builds/DerivedData-iOS/Build/Intermediates.noindex/MyRAM.build/Debug-iphonesimulator/MyRAMWidgetExtension.build/DerivedSources/GeneratedAssetSymbols.h --generate-asset-symbol-index /Users/runner/work/MyRAM-iOS/MyRAM-iOS/MyRAM-iOS/evidence/builds/DerivedData-iOS/Build/Intermediates.noindex/MyRAM.build/Debug-iphonesimulator/MyRAMWidgetExtension.build/DerivedSources/GeneratedAssetSymbols-Index.plist
/* com.apple.actool.compilation-results */
/Users/runner/work/MyRAM-iOS/MyRAM-iOS/MyRAM-iOS/evidence/builds/DerivedData-iOS/Build/Intermediates.noindex/MyRAM.build/Debug-iphonesimulator/MyRAMWidgetExtension.build/DerivedSources/GeneratedAssetSymbols-Index.plist
/Users/runner/work/MyRAM-iOS/MyRAM-iOS/MyRAM-iOS/evidence/builds/DerivedData-iOS/Build/Intermediates.noindex/MyRAM.build/Debug-iphonesimulator/MyRAMWidgetExtension.build/DerivedSources/GeneratedAssetSymbols.h
/Users/runner/work/MyRAM-iOS/MyRAM-iOS/MyRAM-iOS/evidence/builds/DerivedData-iOS/Build/Intermediates.noindex/MyRAM.build/Debug-iphonesimulator/MyRAMWidgetExtension.build/DerivedSources/GeneratedAssetSymbols.swift


CreateUniversalBinary /Users/runner/work/MyRAM-iOS/MyRAM-iOS/MyRAM-iOS/evidence/builds/DerivedData-iOS/Build/Products/Debug-iphonesimulator/MyRAMWidgetExtension.appex/__preview.dylib normal arm64\ x86_64 (in target 'MyRAMWidgetExtension' from project 'MyRAM')
    cd /Users/runner/work/MyRAM-iOS/MyRAM-iOS/MyRAM-iOS
    /Applications/Xcode_16.4.app/Contents/Developer/Toolchains/XcodeDefault.xctoolchain/usr/bin/lipo -create /Users/runner/work/MyRAM-iOS/MyRAM-iOS/MyRAM-iOS/evidence/builds/DerivedData-iOS/Build/Intermediates.noindex/MyRAM.build/Debug-iphonesimulator/MyRAMWidgetExtension.build/Objects-normal/arm64/Binary/__preview.dylib /Users/runner/work/MyRAM-iOS/MyRAM-iOS/MyRAM-iOS/evidence/builds/DerivedData-iOS/Build/Intermediates.noindex/MyRAM.build/Debug-iphonesimulator/MyRAMWidgetExtension.build/Objects-normal/x86_64/Binary/__preview.dylib -output /Users/runner/work/MyRAM-iOS/MyRAM-iOS/MyRAM-iOS/evidence/builds/DerivedData-iOS/Build/Products/Debug-iphonesimulator/MyRAMWidgetExtension.appex/__preview.dylib

CompileAssetCatalogVariant thinned /Users/runner/work/MyRAM-iOS/MyRAM-iOS/MyRAM-iOS/evidence/builds/DerivedData-iOS/Build/Products/Debug-iphonesimulator/MyRAMWidgetExtension.appex /Users/runner/work/MyRAM-iOS/MyRAM-iOS/MyRAM-iOS/MyRAMWidget/Assets.xcassets (in target 'MyRAMWidgetExtension' from project 'MyRAM')
    cd /Users/runner/work/MyRAM-iOS/MyRAM-iOS/MyRAM-iOS
    /Applications/Xcode_16.4.app/Contents/Developer/usr/bin/actool /Users/runner/work/MyRAM-iOS/MyRAM-iOS/MyRAM-iOS/MyRAMWidget/Assets.xcassets --compile /Users/runner/work/MyRAM-iOS/MyRAM-iOS/MyRAM-iOS/evidence/builds/DerivedData-iOS/Build/Intermediates.noindex/MyRAM.build/Debug-iphonesimulator/MyRAMWidgetExtension.build/assetcatalog_output/thinned --output-format human-readable-text --notices --warnings --export-dependency-info /Users/runner/work/MyRAM-iOS/MyRAM-iOS/MyRAM-iOS/evidence/builds/DerivedData-iOS/Build/Intermediates.noindex/MyRAM.build/Debug-iphonesimulator/MyRAMWidgetExtension.build/assetcatalog_dependencies_thinned --output-partial-info-plist /Users/runner/work/MyRAM-iOS/MyRAM-iOS/MyRAM-iOS/evidence/builds/DerivedData-iOS/Build/Intermediates.noindex/MyRAM.build/Debug-iphonesimulator/MyRAMWidgetExtension.build/assetcatalog_generated_info.plist_thinned --accent-color AccentColor --widget-background-color WidgetBackground --compress-pngs --enable-on-demand-resources NO --standalone-icon-behavior all --development-region en --target-device iphone --target-device ipad --minimum-deployment-target 17.0 --platform iphonesimulator
/* com.apple.actool.compilation-results */
/Users/runner/work/MyRAM-iOS/MyRAM-iOS/MyRAM-iOS/evidence/builds/DerivedData-iOS/Build/Intermediates.noindex/MyRAM.build/Debug-iphonesimulator/MyRAMWidgetExtension.build/assetcatalog_generated_info.plist_thinned


LinkAssetCatalog /Users/runner/work/MyRAM-iOS/MyRAM-iOS/MyRAM-iOS/MyRAMWidget/Assets.xcassets (in target 'MyRAMWidgetExtension' from project 'MyRAM')
    cd /Users/runner/work/MyRAM-iOS/MyRAM-iOS/MyRAM-iOS
    builtin-linkAssetCatalog --thinned /Users/runner/work/MyRAM-iOS/MyRAM-iOS/MyRAM-iOS/evidence/builds/DerivedData-iOS/Build/Intermediates.noindex/MyRAM.build/Debug-iphonesimulator/MyRAMWidgetExtension.build/assetcatalog_output/thinned --thinned-dependencies /Users/runner/work/MyRAM-iOS/MyRAM-iOS/MyRAM-iOS/evidence/builds/DerivedData-iOS/Build/Intermediates.noindex/MyRAM.build/Debug-iphonesimulator/MyRAMWidgetExtension.build/assetcatalog_dependencies_thinned --thinned-info-plist-content /Users/runner/work/MyRAM-iOS/MyRAM-iOS/MyRAM-iOS/evidence/builds/DerivedData-iOS/Build/Intermediates.noindex/MyRAM.build/Debug-iphonesimulator/MyRAMWidgetExtension.build/assetcatalog_generated_info.plist_thinned --unthinned /Users/runner/work/MyRAM-iOS/MyRAM-iOS/MyRAM-iOS/evidence/builds/DerivedData-iOS/Build/Intermediates.noindex/MyRAM.build/Debug-iphonesimulator/MyRAMWidgetExtension.build/assetcatalog_output/unthinned --unthinned-dependencies /Users/runner/work/MyRAM-iOS/MyRAM-iOS/MyRAM-iOS/evidence/builds/DerivedData-iOS/Build/Intermediates.noindex/MyRAM.build/Debug-iphonesimulator/MyRAMWidgetExtension.build/assetcatalog_dependencies_unthinned --unthinned-info-plist-content /Users/runner/work/MyRAM-iOS/MyRAM-iOS/MyRAM-iOS/evidence/builds/DerivedData-iOS/Build/Intermediates.noindex/MyRAM.build/Debug-iphonesimulator/MyRAMWidgetExtension.build/assetcatalog_generated_info.plist_unthinned --output /Users/runner/work/MyRAM-iOS/MyRAM-iOS/MyRAM-iOS/evidence/builds/DerivedData-iOS/Build/Products/Debug-iphonesimulator/MyRAMWidgetExtension.appex --plist-output /Users/runner/work/MyRAM-iOS/MyRAM-iOS/MyRAM-iOS/evidence/builds/DerivedData-iOS/Build/Intermediates.noindex/MyRAM.build/Debug-iphonesimulator/MyRAMWidgetExtension.build/assetcatalog_generated_info.plist

ProcessInfoPlistFile /Users/runner/work/MyRAM-iOS/MyRAM-iOS/MyRAM-iOS/evidence/builds/DerivedData-iOS/Build/Products/Debug-iphonesimulator/MyRAMWidgetExtension.appex/Info.plist /Users/runner/work/MyRAM-iOS/MyRAM-iOS/MyRAM-iOS/MyRAMWidget/Info.plist (in target 'MyRAMWidgetExtension' from project 'MyRAM')
    cd /Users/runner/work/MyRAM-iOS/MyRAM-iOS/MyRAM-iOS
    builtin-infoPlistUtility /Users/runner/work/MyRAM-iOS/MyRAM-iOS/MyRAM-iOS/MyRAMWidget/Info.plist -producttype com.apple.product-type.app-extension -expandbuildsettings -format binary -platform iphonesimulator -additionalcontentfile /Users/runner/work/MyRAM-iOS/MyRAM-iOS/MyRAM-iOS/evidence/builds/DerivedData-iOS/Build/Intermediates.noindex/MyRAM.build/Debug-iphonesimulator/MyRAMWidgetExtension.build/assetcatalog_generated_info.plist -o /Users/runner/work/MyRAM-iOS/MyRAM-iOS/MyRAM-iOS/evidence/builds/DerivedData-iOS/Build/Products/Debug-iphonesimulator/MyRAMWidgetExtension.appex/Info.plist

SwiftDriver NearbySyncCore normal arm64 com.apple.xcode.tools.swift.compiler (in target 'NearbySyncCore' from project 'NearbySyncCore')
    cd /Users/runner/work/MyRAM-iOS/MyRAM-iOS/MyRAM-iOS/MyRAM.xcodeproj
    builtin-SwiftDriver -- /Applications/Xcode_16.4.app/Contents/Developer/Toolchains/XcodeDefault.xctoolchain/usr/bin/swiftc -module-name NearbySyncCore -Onone -enforce-exclusivity\=checked @/Users/runner/work/MyRAM-iOS/MyRAM-iOS/MyRAM-iOS/evidence/builds/DerivedData-iOS/Build/Intermediates.noindex/NearbySyncCore.build/Debug-iphonesimulator/NearbySyncCore.build/Objects-normal/arm64/NearbySyncCore.SwiftFileList -DSWIFT_PACKAGE -DDEBUG -DXcode -plugin-path /Applications/Xcode_16.4.app/Contents/Developer/Toolchains/XcodeDefault.xctoolchain/usr/lib/swift/host/plugins/testing -enable-experimental-feature DebugDescriptionMacro -sdk /Applications/Xcode_16.4.app/Contents/Developer/Platforms/iPhoneSimulator.platform/Developer/SDKs/iPhoneSimulator18.5.sdk -target arm64-apple-ios17.0-simulator -g -module-cache-path /Users/runner/work/MyRAM-iOS/MyRAM-iOS/MyRAM-iOS/evidence/builds/DerivedData-iOS/ModuleCache.noindex -Xfrontend -serialize-debugging-options -enable-testing -suppress-warnings -index-store-path /Users/runner/work/MyRAM-iOS/MyRAM-iOS/MyRAM-iOS/evidence/builds/DerivedData-iOS/Index.noindex/DataStore -swift-version 5 -I /Users/runner/work/MyRAM-iOS/MyRAM-iOS/MyRAM-iOS/evidence/builds/DerivedData-iOS/Build/Products/Debug-iphonesimulator -I /Applications/Xcode_16.4.app/Contents/Developer/Platforms/iPhoneSimulator.platform/Developer/usr/lib -F /Users/runner/work/MyRAM-iOS/MyRAM-iOS/MyRAM-iOS/evidence/builds/DerivedData-iOS/Build/Products/Debug-iphonesimulator -F /Applications/Xcode_16.4.app/Contents/Developer/Platforms/iPhoneSimulator.platform/Developer/Library/Frameworks -F /Applications/Xcode_16.4.app/Contents/Developer/Platforms/iPhoneSimulator.platform/Developer/SDKs/iPhoneSimulator18.5.sdk/Developer/Library/Frameworks -c -j3 -enable-batch-mode -incremental -Xcc -ivfsstatcache -Xcc /Users/runner/work/MyRAM-iOS/MyRAM-iOS/MyRAM-iOS/evidence/builds/DerivedData-iOS/SDKStatCaches.noindex/iphonesimulator18.5-22F76-96ae0914227b19deccb34b33ba7b5dea.sdkstatcache -output-file-map /Users/runner/work/MyRAM-iOS/MyRAM-iOS/MyRAM-iOS/evidence/builds/DerivedData-iOS/Build/Intermediates.noindex/NearbySyncCore.build/Debug-iphonesimulator/NearbySyncCore.build/Objects-normal/arm64/NearbySyncCore-OutputFileMap.json -use-frontend-parseable-output -save-temps -no-color-diagnostics -serialize-diagnostics -emit-dependencies -emit-module -emit-module-path /Users/runner/work/MyRAM-iOS/MyRAM-iOS/MyRAM-iOS/evidence/builds/DerivedData-iOS/Build/Intermediates.noindex/NearbySyncCore.build/Debug-iphonesimulator/NearbySyncCore.build/Objects-normal/arm64/NearbySyncCore.swiftmodule -validate-clang-modules-once -clang-build-session-file /Users/runner/work/MyRAM-iOS/MyRAM-iOS/MyRAM-iOS/evidence/builds/DerivedData-iOS/ModuleCache.noindex/Session.modulevalidation -package-name nearbysynccore -Xcc -I/Users/runner/work/MyRAM-iOS/MyRAM-iOS/MyRAM-iOS/evidence/builds/DerivedData-iOS/Build/Intermediates.noindex/NearbySyncCore.build/Debug-iphonesimulator/NearbySyncCore.build/swift-overrides.hmap -emit-const-values -Xfrontend -const-gather-protocols-file -Xfrontend /Users/runner/work/MyRAM-iOS/MyRAM-iOS/MyRAM-iOS/evidence/builds/DerivedData-iOS/Build/Intermediates.noindex/NearbySyncCore.build/Debug-iphonesimulator/NearbySyncCore.build/Objects-normal/arm64/NearbySyncCore_const_extract_protocols.json -Xcc -I/Users/runner/work/MyRAM-iOS/MyRAM-iOS/MyRAM-iOS/evidence/builds/DerivedData-iOS/Build/Products/Debug-iphonesimulator/include -Xcc -I/Users/runner/work/MyRAM-iOS/MyRAM-iOS/MyRAM-iOS/evidence/builds/DerivedData-iOS/Build/Intermediates.noindex/NearbySyncCore.build/Debug-iphonesimulator/NearbySyncCore.build/DerivedSources-normal/arm64 -Xcc -I/Users/runner/work/MyRAM-iOS/MyRAM-iOS/MyRAM-iOS/evidence/builds/DerivedData-iOS/Build/Intermediates.noindex/NearbySyncCore.build/Debug-iphonesimulator/NearbySyncCore.build/DerivedSources/arm64 -Xcc -I/Users/runner/work/MyRAM-iOS/MyRAM-iOS/MyRAM-iOS/evidence/builds/DerivedData-iOS/Build/Intermediates.noindex/NearbySyncCore.build/Debug-iphonesimulator/NearbySyncCore.build/DerivedSources -Xcc -DSWIFT_PACKAGE -Xcc -DDEBUG\=1 -emit-objc-header -emit-objc-header-path /Users/runner/work/MyRAM-iOS/MyRAM-iOS/MyRAM-iOS/evidence/builds/DerivedData-iOS/Build/Intermediates.noindex/NearbySyncCore.build/Debug-iphonesimulator/NearbySyncCore.build/Objects-normal/arm64/NearbySyncCore-Swift.h -working-directory /Users/runner/work/MyRAM-iOS/MyRAM-iOS/MyRAM-iOS/MyRAM.xcodeproj -experimental-emit-module-separately -disable-cmo

SwiftDriver NearbySyncCore normal x86_64 com.apple.xcode.tools.swift.compiler (in target 'NearbySyncCore' from project 'NearbySyncCore')
    cd /Users/runner/work/MyRAM-iOS/MyRAM-iOS/MyRAM-iOS/MyRAM.xcodeproj
    builtin-SwiftDriver -- /Applications/Xcode_16.4.app/Contents/Developer/Toolchains/XcodeDefault.xctoolchain/usr/bin/swiftc -module-name NearbySyncCore -Onone -enforce-exclusivity\=checked @/Users/runner/work/MyRAM-iOS/MyRAM-iOS/MyRAM-iOS/evidence/builds/DerivedData-iOS/Build/Intermediates.noindex/NearbySyncCore.build/Debug-iphonesimulator/NearbySyncCore.build/Objects-normal/x86_64/NearbySyncCore.SwiftFileList -DSWIFT_PACKAGE -DDEBUG -DXcode -plugin-path /Applications/Xcode_16.4.app/Contents/Developer/Toolchains/XcodeDefault.xctoolchain/usr/lib/swift/host/plugins/testing -enable-experimental-feature DebugDescriptionMacro -sdk /Applications/Xcode_16.4.app/Contents/Developer/Platforms/iPhoneSimulator.platform/Developer/SDKs/iPhoneSimulator18.5.sdk -target x86_64-apple-ios17.0-simulator -g -module-cache-path /Users/runner/work/MyRAM-iOS/MyRAM-iOS/MyRAM-iOS/evidence/builds/DerivedData-iOS/ModuleCache.noindex -Xfrontend -serialize-debugging-options -enable-testing -suppress-warnings -index-store-path /Users/runner/work/MyRAM-iOS/MyRAM-iOS/MyRAM-iOS/evidence/builds/DerivedData-iOS/Index.noindex/DataStore -swift-version 5 -I /Users/runner/work/MyRAM-iOS/MyRAM-iOS/MyRAM-iOS/evidence/builds/DerivedData-iOS/Build/Products/Debug-iphonesimulator -I /Applications/Xcode_16.4.app/Contents/Developer/Platforms/iPhoneSimulator.platform/Developer/usr/lib -F /Users/runner/work/MyRAM-iOS/MyRAM-iOS/MyRAM-iOS/evidence/builds/DerivedData-iOS/Build/Products/Debug-iphonesimulator -F /Applications/Xcode_16.4.app/Contents/Developer/Platforms/iPhoneSimulator.platform/Developer/Library/Frameworks -F /Applications/Xcode_16.4.app/Contents/Developer/Platforms/iPhoneSimulator.platform/Developer/SDKs/iPhoneSimulator18.5.sdk/Developer/Library/Frameworks -c -j3 -enable-batch-mode -incremental -Xcc -ivfsstatcache -Xcc /Users/runner/work/MyRAM-iOS/MyRAM-iOS/MyRAM-iOS/evidence/builds/DerivedData-iOS/SDKStatCaches.noindex/iphonesimulator18.5-22F76-96ae0914227b19deccb34b33ba7b5dea.sdkstatcache -output-file-map /Users/runner/work/MyRAM-iOS/MyRAM-iOS/MyRAM-iOS/evidence/builds/DerivedData-iOS/Build/Intermediates.noindex/NearbySyncCore.build/Debug-iphonesimulator/NearbySyncCore.build/Objects-normal/x86_64/NearbySyncCore-OutputFileMap.json -use-frontend-parseable-output -save-temps -no-color-diagnostics -serialize-diagnostics -emit-dependencies -emit-module -emit-module-path /Users/runner/work/MyRAM-iOS/MyRAM-iOS/MyRAM-iOS/evidence/builds/DerivedData-iOS/Build/Intermediates.noindex/NearbySyncCore.build/Debug-iphonesimulator/NearbySyncCore.build/Objects-normal/x86_64/NearbySyncCore.swiftmodule -validate-clang-modules-once -clang-build-session-file /Users/runner/work/MyRAM-iOS/MyRAM-iOS/MyRAM-iOS/evidence/builds/DerivedData-iOS/ModuleCache.noindex/Session.modulevalidation -package-name nearbysynccore -Xcc -I/Users/runner/work/MyRAM-iOS/MyRAM-iOS/MyRAM-iOS/evidence/builds/DerivedData-iOS/Build/Intermediates.noindex/NearbySyncCore.build/Debug-iphonesimulator/NearbySyncCore.build/swift-overrides.hmap -emit-const-values -Xfrontend -const-gather-protocols-file -Xfrontend /Users/runner/work/MyRAM-iOS/MyRAM-iOS/MyRAM-iOS/evidence/builds/DerivedData-iOS/Build/Intermediates.noindex/NearbySyncCore.build/Debug-iphonesimulator/NearbySyncCore.build/Objects-normal/x86_64/NearbySyncCore_const_extract_protocols.json -Xcc -I/Users/runner/work/MyRAM-iOS/MyRAM-iOS/MyRAM-iOS/evidence/builds/DerivedData-iOS/Build/Products/Debug-iphonesimulator/include -Xcc -I/Users/runner/work/MyRAM-iOS/MyRAM-iOS/MyRAM-iOS/evidence/builds/DerivedData-iOS/Build/Intermediates.noindex/NearbySyncCore.build/Debug-iphonesimulator/NearbySyncCore.build/DerivedSources-normal/x86_64 -Xcc -I/Users/runner/work/MyRAM-iOS/MyRAM-iOS/MyRAM-iOS/evidence/builds/DerivedData-iOS/Build/Intermediates.noindex/NearbySyncCore.build/Debug-iphonesimulator/NearbySyncCore.build/DerivedSources/x86_64 -Xcc -I/Users/runner/work/MyRAM-iOS/MyRAM-iOS/MyRAM-iOS/evidence/builds/DerivedData-iOS/Build/Intermediates.noindex/NearbySyncCore.build/Debug-iphonesimulator/NearbySyncCore.build/DerivedSources -Xcc -DSWIFT_PACKAGE -Xcc -DDEBUG\=1 -emit-objc-header -emit-objc-header-path /Users/runner/work/MyRAM-iOS/MyRAM-iOS/MyRAM-iOS/evidence/builds/DerivedData-iOS/Build/Intermediates.noindex/NearbySyncCore.build/Debug-iphonesimulator/NearbySyncCore.build/Objects-normal/x86_64/NearbySyncCore-Swift.h -working-directory /Users/runner/work/MyRAM-iOS/MyRAM-iOS/MyRAM-iOS/MyRAM.xcodeproj -experimental-emit-module-separately -disable-cmo

SwiftDriver MyRAMWidgetExtension normal x86_64 com.apple.xcode.tools.swift.compiler (in target 'MyRAMWidgetExtension' from project 'MyRAM')
    cd /Users/runner/work/MyRAM-iOS/MyRAM-iOS/MyRAM-iOS
    builtin-SwiftDriver -- /Applications/Xcode_16.4.app/Contents/Developer/Toolchains/XcodeDefault.xctoolchain/usr/bin/swiftc -module-name MyRAMWidgetExtension -Onone -enforce-exclusivity\=checked @/Users/runner/work/MyRAM-iOS/MyRAM-iOS/MyRAM-iOS/evidence/builds/DerivedData-iOS/Build/Intermediates.noindex/MyRAM.build/Debug-iphonesimulator/MyRAMWidgetExtension.build/Objects-normal/x86_64/MyRAMWidgetExtension.SwiftFileList -DDEBUG -enable-bare-slash-regex -enable-upcoming-feature MemberImportVisibility -enable-experimental-feature DebugDescriptionMacro -sdk /Applications/Xcode_16.4.app/Contents/Developer/Platforms/iPhoneSimulator.platform/Developer/SDKs/iPhoneSimulator18.5.sdk -target x86_64-apple-ios17.0-simulator -g -module-cache-path /Users/runner/work/MyRAM-iOS/MyRAM-iOS/MyRAM-iOS/evidence/builds/DerivedData-iOS/ModuleCache.noindex -Xfrontend -serialize-debugging-options -application-extension -enable-testing -index-store-path /Users/runner/work/MyRAM-iOS/MyRAM-iOS/MyRAM-iOS/evidence/builds/DerivedData-iOS/Index.noindex/DataStore -swift-version 5 -I /Users/runner/work/MyRAM-iOS/MyRAM-iOS/MyRAM-iOS/evidence/builds/DerivedData-iOS/Build/Products/Debug-iphonesimulator -F /Users/runner/work/MyRAM-iOS/MyRAM-iOS/MyRAM-iOS/evidence/builds/DerivedData-iOS/Build/Products/Debug-iphonesimulator -emit-localized-strings -emit-localized-strings-path /Users/runner/work/MyRAM-iOS/MyRAM-iOS/MyRAM-iOS/evidence/builds/DerivedData-iOS/Build/Intermediates.noindex/MyRAM.build/Debug-iphonesimulator/MyRAMWidgetExtension.build/Objects-normal/x86_64 -c -j3 -enable-batch-mode -incremental -Xcc -ivfsstatcache -Xcc /Users/runner/work/MyRAM-iOS/MyRAM-iOS/MyRAM-iOS/evidence/builds/DerivedData-iOS/SDKStatCaches.noindex/iphonesimulator18.5-22F76-96ae0914227b19deccb34b33ba7b5dea.sdkstatcache -output-file-map /Users/runner/work/MyRAM-iOS/MyRAM-iOS/MyRAM-iOS/evidence/builds/DerivedData-iOS/Build/Intermediates.noindex/MyRAM.build/Debug-iphonesimulator/MyRAMWidgetExtension.build/Objects-normal/x86_64/MyRAMWidgetExtension-OutputFileMap.json -use-frontend-parseable-output -save-temps -no-color-diagnostics -serialize-diagnostics -emit-dependencies -emit-module -emit-module-path /Users/runner/work/MyRAM-iOS/MyRAM-iOS/MyRAM-iOS/evidence/builds/DerivedData-iOS/Build/Intermediates.noindex/MyRAM.build/Debug-iphonesimulator/MyRAMWidgetExtension.build/Objects-normal/x86_64/MyRAMWidgetExtension.swiftmodule -validate-clang-modules-once -clang-build-session-file /Users/runner/work/MyRAM-iOS/MyRAM-iOS/MyRAM-iOS/evidence/builds/DerivedData-iOS/ModuleCache.noindex/Session.modulevalidation -Xcc -I/Users/runner/work/MyRAM-iOS/MyRAM-iOS/MyRAM-iOS/evidence/builds/DerivedData-iOS/Build/Intermediates.noindex/MyRAM.build/Debug-iphonesimulator/MyRAMWidgetExtension.build/swift-overrides.hmap -emit-const-values -Xfrontend -const-gather-protocols-file -Xfrontend /Users/runner/work/MyRAM-iOS/MyRAM-iOS/MyRAM-iOS/evidence/builds/DerivedData-iOS/Build/Intermediates.noindex/MyRAM.build/Debug-iphonesimulator/MyRAMWidgetExtension.build/Objects-normal/x86_64/MyRAMWidgetExtension_const_extract_protocols.json -Xcc -iquote -Xcc /Users/runner/work/MyRAM-iOS/MyRAM-iOS/MyRAM-iOS/evidence/builds/DerivedData-iOS/Build/Intermediates.noindex/MyRAM.build/Debug-iphonesimulator/MyRAMWidgetExtension.build/MyRAMWidgetExtension-generated-files.hmap -Xcc -I/Users/runner/work/MyRAM-iOS/MyRAM-iOS/MyRAM-iOS/evidence/builds/DerivedData-iOS/Build/Intermediates.noindex/MyRAM.build/Debug-iphonesimulator/MyRAMWidgetExtension.build/MyRAMWidgetExtension-own-target-headers.hmap -Xcc -I/Users/runner/work/MyRAM-iOS/MyRAM-iOS/MyRAM-iOS/evidence/builds/DerivedData-iOS/Build/Intermediates.noindex/MyRAM.build/Debug-iphonesimulator/MyRAMWidgetExtension.build/MyRAMWidgetExtension-all-non-framework-target-headers.hmap -Xcc -ivfsoverlay -Xcc /Users/runner/work/MyRAM-iOS/MyRAM-iOS/MyRAM-iOS/evidence/builds/DerivedData-iOS/Build/Intermediates.noindex/MyRAM.build/Debug-iphonesimulator/MyRAM-98a9cbde253e8e955bc92731eb290203-VFS-iphonesimulator/all-product-headers.yaml -Xcc -iquote -Xcc /Users/runner/work/MyRAM-iOS/MyRAM-iOS/MyRAM-iOS/evidence/builds/DerivedData-iOS/Build/Intermediates.noindex/MyRAM.build/Debug-iphonesimulator/MyRAMWidgetExtension.build/MyRAMWidgetExtension-project-headers.hmap -Xcc -I/Users/runner/work/MyRAM-iOS/MyRAM-iOS/MyRAM-iOS/evidence/builds/DerivedData-iOS/Build/Products/Debug-iphonesimulator/include -Xcc -I/Users/runner/work/MyRAM-iOS/MyRAM-iOS/MyRAM-iOS/evidence/builds/DerivedData-iOS/Build/Intermediates.noindex/MyRAM.build/Debug-iphonesimulator/MyRAMWidgetExtension.build/DerivedSources-normal/x86_64 -Xcc -I/Users/runner/work/MyRAM-iOS/MyRAM-iOS/MyRAM-iOS/evidence/builds/DerivedData-iOS/Build/Intermediates.noindex/MyRAM.build/Debug-iphonesimulator/MyRAMWidgetExtension.build/DerivedSources/x86_64 -Xcc -I/Users/runner/work/MyRAM-iOS/MyRAM-iOS/MyRAM-iOS/evidence/builds/DerivedData-iOS/Build/Intermediates.noindex/MyRAM.build/Debug-iphonesimulator/MyRAMWidgetExtension.build/DerivedSources -Xcc -DDEBUG\=1 -emit-objc-header -emit-objc-header-path /Users/runner/work/MyRAM-iOS/MyRAM-iOS/MyRAM-iOS/evidence/builds/DerivedData-iOS/Build/Intermediates.noindex/MyRAM.build/Debug-iphonesimulator/MyRAMWidgetExtension.build/Objects-normal/x86_64/MyRAMWidgetExtension-Swift.h -working-directory /Users/runner/work/MyRAM-iOS/MyRAM-iOS/MyRAM-iOS -experimental-emit-module-separately -disable-cmo

SwiftDriver MyRAMWidgetExtension normal arm64 com.apple.xcode.tools.swift.compiler (in target 'MyRAMWidgetExtension' from project 'MyRAM')
    cd /Users/runner/work/MyRAM-iOS/MyRAM-iOS/MyRAM-iOS
    builtin-SwiftDriver -- /Applications/Xcode_16.4.app/Contents/Developer/Toolchains/XcodeDefault.xctoolchain/usr/bin/swiftc -module-name MyRAMWidgetExtension -Onone -enforce-exclusivity\=checked @/Users/runner/work/MyRAM-iOS/MyRAM-iOS/MyRAM-iOS/evidence/builds/DerivedData-iOS/Build/Intermediates.noindex/MyRAM.build/Debug-iphonesimulator/MyRAMWidgetExtension.build/Objects-normal/arm64/MyRAMWidgetExtension.SwiftFileList -DDEBUG -enable-bare-slash-regex -enable-upcoming-feature MemberImportVisibility -enable-experimental-feature DebugDescriptionMacro -sdk /Applications/Xcode_16.4.app/Contents/Developer/Platforms/iPhoneSimulator.platform/Developer/SDKs/iPhoneSimulator18.5.sdk -target arm64-apple-ios17.0-simulator -g -module-cache-path /Users/runner/work/MyRAM-iOS/MyRAM-iOS/MyRAM-iOS/evidence/builds/DerivedData-iOS/ModuleCache.noindex -Xfrontend -serialize-debugging-options -application-extension -enable-testing -index-store-path /Users/runner/work/MyRAM-iOS/MyRAM-iOS/MyRAM-iOS/evidence/builds/DerivedData-iOS/Index.noindex/DataStore -swift-version 5 -I /Users/runner/work/MyRAM-iOS/MyRAM-iOS/MyRAM-iOS/evidence/builds/DerivedData-iOS/Build/Products/Debug-iphonesimulator -F /Users/runner/work/MyRAM-iOS/MyRAM-iOS/MyRAM-iOS/evidence/builds/DerivedData-iOS/Build/Products/Debug-iphonesimulator -emit-localized-strings -emit-localized-strings-path /Users/runner/work/MyRAM-iOS/MyRAM-iOS/MyRAM-iOS/evidence/builds/DerivedData-iOS/Build/Intermediates.noindex/MyRAM.build/Debug-iphonesimulator/MyRAMWidgetExtension.build/Objects-normal/arm64 -c -j3 -enable-batch-mode -incremental -Xcc -ivfsstatcache -Xcc /Users/runner/work/MyRAM-iOS/MyRAM-iOS/MyRAM-iOS/evidence/builds/DerivedData-iOS/SDKStatCaches.noindex/iphonesimulator18.5-22F76-96ae0914227b19deccb34b33ba7b5dea.sdkstatcache -output-file-map /Users/runner/work/MyRAM-iOS/MyRAM-iOS/MyRAM-iOS/evidence/builds/DerivedData-iOS/Build/Intermediates.noindex/MyRAM.build/Debug-iphonesimulator/MyRAMWidgetExtension.build/Objects-normal/arm64/MyRAMWidgetExtension-OutputFileMap.json -use-frontend-parseable-output -save-temps -no-color-diagnostics -serialize-diagnostics -emit-dependencies -emit-module -emit-module-path /Users/runner/work/MyRAM-iOS/MyRAM-iOS/MyRAM-iOS/evidence/builds/DerivedData-iOS/Build/Intermediates.noindex/MyRAM.build/Debug-iphonesimulator/MyRAMWidgetExtension.build/Objects-normal/arm64/MyRAMWidgetExtension.swiftmodule -validate-clang-modules-once -clang-build-session-file /Users/runner/work/MyRAM-iOS/MyRAM-iOS/MyRAM-iOS/evidence/builds/DerivedData-iOS/ModuleCache.noindex/Session.modulevalidation -Xcc -I/Users/runner/work/MyRAM-iOS/MyRAM-iOS/MyRAM-iOS/evidence/builds/DerivedData-iOS/Build/Intermediates.noindex/MyRAM.build/Debug-iphonesimulator/MyRAMWidgetExtension.build/swift-overrides.hmap -emit-const-values -Xfrontend -const-gather-protocols-file -Xfrontend /Users/runner/work/MyRAM-iOS/MyRAM-iOS/MyRAM-iOS/evidence/builds/DerivedData-iOS/Build/Intermediates.noindex/MyRAM.build/Debug-iphonesimulator/MyRAMWidgetExtension.build/Objects-normal/arm64/MyRAMWidgetExtension_const_extract_protocols.json -Xcc -iquote -Xcc /Users/runner/work/MyRAM-iOS/MyRAM-iOS/MyRAM-iOS/evidence/builds/DerivedData-iOS/Build/Intermediates.noindex/MyRAM.build/Debug-iphonesimulator/MyRAMWidgetExtension.build/MyRAMWidgetExtension-generated-files.hmap -Xcc -I/Users/runner/work/MyRAM-iOS/MyRAM-iOS/MyRAM-iOS/evidence/builds/DerivedData-iOS/Build/Intermediates.noindex/MyRAM.build/Debug-iphonesimulator/MyRAMWidgetExtension.build/MyRAMWidgetExtension-own-target-headers.hmap -Xcc -I/Users/runner/work/MyRAM-iOS/MyRAM-iOS/MyRAM-iOS/evidence/builds/DerivedData-iOS/Build/Intermediates.noindex/MyRAM.build/Debug-iphonesimulator/MyRAMWidgetExtension.build/MyRAMWidgetExtension-all-non-framework-target-headers.hmap -Xcc -ivfsoverlay -Xcc /Users/runner/work/MyRAM-iOS/MyRAM-iOS/MyRAM-iOS/evidence/builds/DerivedData-iOS/Build/Intermediates.noindex/MyRAM.build/Debug-iphonesimulator/MyRAM-98a9cbde253e8e955bc92731eb290203-VFS-iphonesimulator/all-product-headers.yaml -Xcc -iquote -Xcc /Users/runner/work/MyRAM-iOS/MyRAM-iOS/MyRAM-iOS/evidence/builds/DerivedData-iOS/Build/Intermediates.noindex/MyRAM.build/Debug-iphonesimulator/MyRAMWidgetExtension.build/MyRAMWidgetExtension-project-headers.hmap -Xcc -I/Users/runner/work/MyRAM-iOS/MyRAM-iOS/MyRAM-iOS/evidence/builds/DerivedData-iOS/Build/Products/Debug-iphonesimulator/include -Xcc -I/Users/runner/work/MyRAM-iOS/MyRAM-iOS/MyRAM-iOS/evidence/builds/DerivedData-iOS/Build/Intermediates.noindex/MyRAM.build/Debug-iphonesimulator/MyRAMWidgetExtension.build/DerivedSources-normal/arm64 -Xcc -I/Users/runner/work/MyRAM-iOS/MyRAM-iOS/MyRAM-iOS/evidence/builds/DerivedData-iOS/Build/Intermediates.noindex/MyRAM.build/Debug-iphonesimulator/MyRAMWidgetExtension.build/DerivedSources/arm64 -Xcc -I/Users/runner/work/MyRAM-iOS/MyRAM-iOS/MyRAM-iOS/evidence/builds/DerivedData-iOS/Build/Intermediates.noindex/MyRAM.build/Debug-iphonesimulator/MyRAMWidgetExtension.build/DerivedSources -Xcc -DDEBUG\=1 -emit-objc-header -emit-objc-header-path /Users/runner/work/MyRAM-iOS/MyRAM-iOS/MyRAM-iOS/evidence/builds/DerivedData-iOS/Build/Intermediates.noindex/MyRAM.build/Debug-iphonesimulator/MyRAMWidgetExtension.build/Objects-normal/arm64/MyRAMWidgetExtension-Swift.h -working-directory /Users/runner/work/MyRAM-iOS/MyRAM-iOS/MyRAM-iOS -experimental-emit-module-separately -disable-cmo

SwiftEmitModule normal arm64 Emitting\ module\ for\ NearbySyncCore (in target 'NearbySyncCore' from project 'NearbySyncCore')

EmitSwiftModule normal arm64 (in target 'NearbySyncCore' from project 'NearbySyncCore')
    cd /Users/runner/work/MyRAM-iOS/MyRAM-iOS/MyRAM-iOS/MyRAM.xcodeproj
    

SwiftEmitModule normal x86_64 Emitting\ module\ for\ NearbySyncCore (in target 'NearbySyncCore' from project 'NearbySyncCore')

EmitSwiftModule normal x86_64 (in target 'NearbySyncCore' from project 'NearbySyncCore')
    cd /Users/runner/work/MyRAM-iOS/MyRAM-iOS/MyRAM-iOS/MyRAM.xcodeproj
    

SwiftEmitModule normal x86_64 Emitting\ module\ for\ MyRAMWidgetExtension (in target 'MyRAMWidgetExtension' from project 'MyRAM')
EmitSwiftModule normal x86_64 (in target 'MyRAMWidgetExtension' from project 'MyRAM')
    cd /Users/runner/work/MyRAM-iOS/MyRAM-iOS/MyRAM-iOS
    

SwiftEmitModule normal arm64 Emitting\ module\ for\ MyRAMWidgetExtension (in target 'MyRAMWidgetExtension' from project 'MyRAM')
EmitSwiftModule normal arm64 (in target 'MyRAMWidgetExtension' from project 'MyRAM')
    cd /Users/runner/work/MyRAM-iOS/MyRAM-iOS/MyRAM-iOS
    

SwiftDriverJobDiscovery normal x86_64 Emitting module for NearbySyncCore (in target 'NearbySyncCore' from project 'NearbySyncCore')

SwiftDriver\ Compilation\ Requirements NearbySyncCore normal x86_64 com.apple.xcode.tools.swift.compiler (in target 'NearbySyncCore' from project 'NearbySyncCore')
    cd /Users/runner/work/MyRAM-iOS/MyRAM-iOS/MyRAM-iOS/MyRAM.xcodeproj
    builtin-Swift-Compilation-Requirements -- /Applications/Xcode_16.4.app/Contents/Developer/Toolchains/XcodeDefault.xctoolchain/usr/bin/swiftc -module-name NearbySyncCore -Onone -enforce-exclusivity\=checked @/Users/runner/work/MyRAM-iOS/MyRAM-iOS/MyRAM-iOS/evidence/builds/DerivedData-iOS/Build/Intermediates.noindex/NearbySyncCore.build/Debug-iphonesimulator/NearbySyncCore.build/Objects-normal/x86_64/NearbySyncCore.SwiftFileList -DSWIFT_PACKAGE -DDEBUG -DXcode -plugin-path /Applications/Xcode_16.4.app/Contents/Developer/Toolchains/XcodeDefault.xctoolchain/usr/lib/swift/host/plugins/testing -enable-experimental-feature DebugDescriptionMacro -sdk /Applications/Xcode_16.4.app/Contents/Developer/Platforms/iPhoneSimulator.platform/Developer/SDKs/iPhoneSimulator18.5.sdk -target x86_64-apple-ios17.0-simulator -g -module-cache-path /Users/runner/work/MyRAM-iOS/MyRAM-iOS/MyRAM-iOS/evidence/builds/DerivedData-iOS/ModuleCache.noindex -Xfrontend -serialize-debugging-options -enable-testing -suppress-warnings -index-store-path /Users/runner/work/MyRAM-iOS/MyRAM-iOS/MyRAM-iOS/evidence/builds/DerivedData-iOS/Index.noindex/DataStore -swift-version 5 -I /Users/runner/work/MyRAM-iOS/MyRAM-iOS/MyRAM-iOS/evidence/builds/DerivedData-iOS/Build/Products/Debug-iphonesimulator -I /Applications/Xcode_16.4.app/Contents/Developer/Platforms/iPhoneSimulator.platform/Developer/usr/lib -F /Users/runner/work/MyRAM-iOS/MyRAM-iOS/MyRAM-iOS/evidence/builds/DerivedData-iOS/Build/Products/Debug-iphonesimulator -F /Applications/Xcode_16.4.app/Contents/Developer/Platforms/iPhoneSimulator.platform/Developer/Library/Frameworks -F /Applications/Xcode_16.4.app/Contents/Developer/Platforms/iPhoneSimulator.platform/Developer/SDKs/iPhoneSimulator18.5.sdk/Developer/Library/Frameworks -c -j3 -enable-batch-mode -incremental -Xcc -ivfsstatcache -Xcc /Users/runner/work/MyRAM-iOS/MyRAM-iOS/MyRAM-iOS/evidence/builds/DerivedData-iOS/SDKStatCaches.noindex/iphonesimulator18.5-22F76-96ae0914227b19deccb34b33ba7b5dea.sdkstatcache -output-file-map /Users/runner/work/MyRAM-iOS/MyRAM-iOS/MyRAM-iOS/evidence/builds/DerivedData-iOS/Build/Intermediates.noindex/NearbySyncCore.build/Debug-iphonesimulator/NearbySyncCore.build/Objects-normal/x86_64/NearbySyncCore-OutputFileMap.json -use-frontend-parseable-output -save-temps -no-color-diagnostics -serialize-diagnostics -emit-dependencies -emit-module -emit-module-path /Users/runner/work/MyRAM-iOS/MyRAM-iOS/MyRAM-iOS/evidence/builds/DerivedData-iOS/Build/Intermediates.noindex/NearbySyncCore.build/Debug-iphonesimulator/NearbySyncCore.build/Objects-normal/x86_64/NearbySyncCore.swiftmodule -validate-clang-modules-once -clang-build-session-file /Users/runner/work/MyRAM-iOS/MyRAM-iOS/MyRAM-iOS/evidence/builds/DerivedData-iOS/ModuleCache.noindex/Session.modulevalidation -package-name nearbysynccore -Xcc -I/Users/runner/work/MyRAM-iOS/MyRAM-iOS/MyRAM-iOS/evidence/builds/DerivedData-iOS/Build/Intermediates.noindex/NearbySyncCore.build/Debug-iphonesimulator/NearbySyncCore.build/swift-overrides.hmap -emit-const-values -Xfrontend -const-gather-protocols-file -Xfrontend /Users/runner/work/MyRAM-iOS/MyRAM-iOS/MyRAM-iOS/evidence/builds/DerivedData-iOS/Build/Intermediates.noindex/NearbySyncCore.build/Debug-iphonesimulator/NearbySyncCore.build/Objects-normal/x86_64/NearbySyncCore_const_extract_protocols.json -Xcc -I/Users/runner/work/MyRAM-iOS/MyRAM-iOS/MyRAM-iOS/evidence/builds/DerivedData-iOS/Build/Products/Debug-iphonesimulator/include -Xcc -I/Users/runner/work/MyRAM-iOS/MyRAM-iOS/MyRAM-iOS/evidence/builds/DerivedData-iOS/Build/Intermediates.noindex/NearbySyncCore.build/Debug-iphonesimulator/NearbySyncCore.build/DerivedSources-normal/x86_64 -Xcc -I/Users/runner/work/MyRAM-iOS/MyRAM-iOS/MyRAM-iOS/evidence/builds/DerivedData-iOS/Build/Intermediates.noindex/NearbySyncCore.build/Debug-iphonesimulator/NearbySyncCore.build/DerivedSources/x86_64 -Xcc -I/Users/runner/work/MyRAM-iOS/MyRAM-iOS/MyRAM-iOS/evidence/builds/DerivedData-iOS/Build/Intermediates.noindex/NearbySyncCore.build/Debug-iphonesimulator/NearbySyncCore.build/DerivedSources -Xcc -DSWIFT_PACKAGE -Xcc -DDEBUG\=1 -emit-objc-header -emit-objc-header-path /Users/runner/work/MyRAM-iOS/MyRAM-iOS/MyRAM-iOS/evidence/builds/DerivedData-iOS/Build/Intermediates.noindex/NearbySyncCore.build/Debug-iphonesimulator/NearbySyncCore.build/Objects-normal/x86_64/NearbySyncCore-Swift.h -working-directory /Users/runner/work/MyRAM-iOS/MyRAM-iOS/MyRAM-iOS/MyRAM.xcodeproj -experimental-emit-module-separately -disable-cmo

SwiftDriverJobDiscovery normal arm64 Emitting module for NearbySyncCore (in target 'NearbySyncCore' from project 'NearbySyncCore')

SwiftDriver AnchoredSequenceCore normal x86_64 com.apple.xcode.tools.swift.compiler (in target 'AnchoredSequenceCore' from project 'AnchoredSequenceCore')
    cd /Users/runner/work/MyRAM-iOS/MyRAM-iOS/MyRAM-iOS/MyRAM.xcodeproj
    builtin-SwiftDriver -- /Applications/Xcode_16.4.app/Contents/Developer/Toolchains/XcodeDefault.xctoolchain/usr/bin/swiftc -module-name AnchoredSequenceCore -Onone -enforce-exclusivity\=checked @/Users/runner/work/MyRAM-iOS/MyRAM-iOS/MyRAM-iOS/evidence/builds/DerivedData-iOS/Build/Intermediates.noindex/AnchoredSequenceCore.build/Debug-iphonesimulator/AnchoredSequenceCore.build/Objects-normal/x86_64/AnchoredSequenceCore.SwiftFileList -DSWIFT_PACKAGE -DDEBUG -DXcode -plugin-path /Applications/Xcode_16.4.app/Contents/Developer/Toolchains/XcodeDefault.xctoolchain/usr/lib/swift/host/plugins/testing -enable-experimental-feature DebugDescriptionMacro -sdk /Applications/Xcode_16.4.app/Contents/Developer/Platforms/iPhoneSimulator.platform/Developer/SDKs/iPhoneSimulator18.5.sdk -target x86_64-apple-ios17.0-simulator -g -module-cache-path /Users/runner/work/MyRAM-iOS/MyRAM-iOS/MyRAM-iOS/evidence/builds/DerivedData-iOS/ModuleCache.noindex -Xfrontend -serialize-debugging-options -enable-testing -suppress-warnings -index-store-path /Users/runner/work/MyRAM-iOS/MyRAM-iOS/MyRAM-iOS/evidence/builds/DerivedData-iOS/Index.noindex/DataStore -swift-version 5 -I /Users/runner/work/MyRAM-iOS/MyRAM-iOS/MyRAM-iOS/evidence/builds/DerivedData-iOS/Build/Products/Debug-iphonesimulator -I /Applications/Xcode_16.4.app/Contents/Developer/Platforms/iPhoneSimulator.platform/Developer/usr/lib -F /Users/runner/work/MyRAM-iOS/MyRAM-iOS/MyRAM-iOS/evidence/builds/DerivedData-iOS/Build/Products/Debug-iphonesimulator -F /Applications/Xcode_16.4.app/Contents/Developer/Platforms/iPhoneSimulator.platform/Developer/Library/Frameworks -F /Applications/Xcode_16.4.app/Contents/Developer/Platforms/iPhoneSimulator.platform/Developer/SDKs/iPhoneSimulator18.5.sdk/Developer/Library/Frameworks -c -j3 -enable-batch-mode -incremental -Xcc -ivfsstatcache -Xcc /Users/runner/work/MyRAM-iOS/MyRAM-iOS/MyRAM-iOS/evidence/builds/DerivedData-iOS/SDKStatCaches.noindex/iphonesimulator18.5-22F76-96ae0914227b19deccb34b33ba7b5dea.sdkstatcache -output-file-map /Users/runner/work/MyRAM-iOS/MyRAM-iOS/MyRAM-iOS/evidence/builds/DerivedData-iOS/Build/Intermediates.noindex/AnchoredSequenceCore.build/Debug-iphonesimulator/AnchoredSequenceCore.build/Objects-normal/x86_64/AnchoredSequenceCore-OutputFileMap.json -use-frontend-parseable-output -save-temps -no-color-diagnostics -serialize-diagnostics -emit-dependencies -emit-module -emit-module-path /Users/runner/work/MyRAM-iOS/MyRAM-iOS/MyRAM-iOS/evidence/builds/DerivedData-iOS/Build/Intermediates.noindex/AnchoredSequenceCore.build/Debug-iphonesimulator/AnchoredSequenceCore.build/Objects-normal/x86_64/AnchoredSequenceCore.swiftmodule -validate-clang-modules-once -clang-build-session-file /Users/runner/work/MyRAM-iOS/MyRAM-iOS/MyRAM-iOS/evidence/builds/DerivedData-iOS/ModuleCache.noindex/Session.modulevalidation -package-name anchoredsequencecore -Xcc -I/Users/runner/work/MyRAM-iOS/MyRAM-iOS/MyRAM-iOS/evidence/builds/DerivedData-iOS/Build/Intermediates.noindex/AnchoredSequenceCore.build/Debug-iphonesimulator/AnchoredSequenceCore.build/swift-overrides.hmap -emit-const-values -Xfrontend -const-gather-protocols-file -Xfrontend /Users/runner/work/MyRAM-iOS/MyRAM-iOS/MyRAM-iOS/evidence/builds/DerivedData-iOS/Build/Intermediates.noindex/AnchoredSequenceCore.build/Debug-iphonesimulator/AnchoredSequenceCore.build/Objects-normal/x86_64/AnchoredSequenceCore_const_extract_protocols.json -Xcc -I/Users/runner/work/MyRAM-iOS/MyRAM-iOS/MyRAM-iOS/evidence/builds/DerivedData-iOS/Build/Products/Debug-iphonesimulator/include -Xcc -I/Users/runner/work/MyRAM-iOS/MyRAM-iOS/MyRAM-iOS/evidence/builds/DerivedData-iOS/Build/Intermediates.noindex/AnchoredSequenceCore.build/Debug-iphonesimulator/AnchoredSequenceCore.build/DerivedSources-normal/x86_64 -Xcc -I/Users/runner/work/MyRAM-iOS/MyRAM-iOS/MyRAM-iOS/evidence/builds/DerivedData-iOS/Build/Intermediates.noindex/AnchoredSequenceCore.build/Debug-iphonesimulator/AnchoredSequenceCore.build/DerivedSources/x86_64 -Xcc -I/Users/runner/work/MyRAM-iOS/MyRAM-iOS/MyRAM-iOS/evidence/builds/DerivedData-iOS/Build/Intermediates.noindex/AnchoredSequenceCore.build/Debug-iphonesimulator/AnchoredSequenceCore.build/DerivedSources -Xcc -DSWIFT_PACKAGE -Xcc -DDEBUG\=1 -emit-objc-header -emit-objc-header-path /Users/runner/work/MyRAM-iOS/MyRAM-iOS/MyRAM-iOS/evidence/builds/DerivedData-iOS/Build/Intermediates.noindex/AnchoredSequenceCore.build/Debug-iphonesimulator/AnchoredSequenceCore.build/Objects-normal/x86_64/AnchoredSequenceCore-Swift.h -working-directory /Users/runner/work/MyRAM-iOS/MyRAM-iOS/MyRAM-iOS/MyRAM.xcodeproj -experimental-emit-module-separately -disable-cmo

SwiftDriver\ Compilation\ Requirements NearbySyncCore normal arm64 com.apple.xcode.tools.swift.compiler (in target 'NearbySyncCore' from project 'NearbySyncCore')
    cd /Users/runner/work/MyRAM-iOS/MyRAM-iOS/MyRAM-iOS/MyRAM.xcodeproj
    builtin-Swift-Compilation-Requirements -- /Applications/Xcode_16.4.app/Contents/Developer/Toolchains/XcodeDefault.xctoolchain/usr/bin/swiftc -module-name NearbySyncCore -Onone -enforce-exclusivity\=checked @/Users/runner/work/MyRAM-iOS/MyRAM-iOS/MyRAM-iOS/evidence/builds/DerivedData-iOS/Build/Intermediates.noindex/NearbySyncCore.build/Debug-iphonesimulator/NearbySyncCore.build/Objects-normal/arm64/NearbySyncCore.SwiftFileList -DSWIFT_PACKAGE -DDEBUG -DXcode -plugin-path /Applications/Xcode_16.4.app/Contents/Developer/Toolchains/XcodeDefault.xctoolchain/usr/lib/swift/host/plugins/testing -enable-experimental-feature DebugDescriptionMacro -sdk /Applications/Xcode_16.4.app/Contents/Developer/Platforms/iPhoneSimulator.platform/Developer/SDKs/iPhoneSimulator18.5.sdk -target arm64-apple-ios17.0-simulator -g -module-cache-path /Users/runner/work/MyRAM-iOS/MyRAM-iOS/MyRAM-iOS/evidence/builds/DerivedData-iOS/ModuleCache.noindex -Xfrontend -serialize-debugging-options -enable-testing -suppress-warnings -index-store-path /Users/runner/work/MyRAM-iOS/MyRAM-iOS/MyRAM-iOS/evidence/builds/DerivedData-iOS/Index.noindex/DataStore -swift-version 5 -I /Users/runner/work/MyRAM-iOS/MyRAM-iOS/MyRAM-iOS/evidence/builds/DerivedData-iOS/Build/Products/Debug-iphonesimulator -I /Applications/Xcode_16.4.app/Contents/Developer/Platforms/iPhoneSimulator.platform/Developer/usr/lib -F /Users/runner/work/MyRAM-iOS/MyRAM-iOS/MyRAM-iOS/evidence/builds/DerivedData-iOS/Build/Products/Debug-iphonesimulator -F /Applications/Xcode_16.4.app/Contents/Developer/Platforms/iPhoneSimulator.platform/Developer/Library/Frameworks -F /Applications/Xcode_16.4.app/Contents/Developer/Platforms/iPhoneSimulator.platform/Developer/SDKs/iPhoneSimulator18.5.sdk/Developer/Library/Frameworks -c -j3 -enable-batch-mode -incremental -Xcc -ivfsstatcache -Xcc /Users/runner/work/MyRAM-iOS/MyRAM-iOS/MyRAM-iOS/evidence/builds/DerivedData-iOS/SDKStatCaches.noindex/iphonesimulator18.5-22F76-96ae0914227b19deccb34b33ba7b5dea.sdkstatcache -output-file-map /Users/runner/work/MyRAM-iOS/MyRAM-iOS/MyRAM-iOS/evidence/builds/DerivedData-iOS/Build/Intermediates.noindex/NearbySyncCore.build/Debug-iphonesimulator/NearbySyncCore.build/Objects-normal/arm64/NearbySyncCore-OutputFileMap.json -use-frontend-parseable-output -save-temps -no-color-diagnostics -serialize-diagnostics -emit-dependencies -emit-module -emit-module-path /Users/runner/work/MyRAM-iOS/MyRAM-iOS/MyRAM-iOS/evidence/builds/DerivedData-iOS/Build/Intermediates.noindex/NearbySyncCore.build/Debug-iphonesimulator/NearbySyncCore.build/Objects-normal/arm64/NearbySyncCore.swiftmodule -validate-clang-modules-once -clang-build-session-file /Users/runner/work/MyRAM-iOS/MyRAM-iOS/MyRAM-iOS/evidence/builds/DerivedData-iOS/ModuleCache.noindex/Session.modulevalidation -package-name nearbysynccore -Xcc -I/Users/runner/work/MyRAM-iOS/MyRAM-iOS/MyRAM-iOS/evidence/builds/DerivedData-iOS/Build/Intermediates.noindex/NearbySyncCore.build/Debug-iphonesimulator/NearbySyncCore.build/swift-overrides.hmap -emit-const-values -Xfrontend -const-gather-protocols-file -Xfrontend /Users/runner/work/MyRAM-iOS/MyRAM-iOS/MyRAM-iOS/evidence/builds/DerivedData-iOS/Build/Intermediates.noindex/NearbySyncCore.build/Debug-iphonesimulator/NearbySyncCore.build/Objects-normal/arm64/NearbySyncCore_const_extract_protocols.json -Xcc -I/Users/runner/work/MyRAM-iOS/MyRAM-iOS/MyRAM-iOS/evidence/builds/DerivedData-iOS/Build/Products/Debug-iphonesimulator/include -Xcc -I/Users/runner/work/MyRAM-iOS/MyRAM-iOS/MyRAM-iOS/evidence/builds/DerivedData-iOS/Build/Intermediates.noindex/NearbySyncCore.build/Debug-iphonesimulator/NearbySyncCore.build/DerivedSources-normal/arm64 -Xcc -I/Users/runner/work/MyRAM-iOS/MyRAM-iOS/MyRAM-iOS/evidence/builds/DerivedData-iOS/Build/Intermediates.noindex/NearbySyncCore.build/Debug-iphonesimulator/NearbySyncCore.build/DerivedSources/arm64 -Xcc -I/Users/runner/work/MyRAM-iOS/MyRAM-iOS/MyRAM-iOS/evidence/builds/DerivedData-iOS/Build/Intermediates.noindex/NearbySyncCore.build/Debug-iphonesimulator/NearbySyncCore.build/DerivedSources -Xcc -DSWIFT_PACKAGE -Xcc -DDEBUG\=1 -emit-objc-header -emit-objc-header-path /Users/runner/work/MyRAM-iOS/MyRAM-iOS/MyRAM-iOS/evidence/builds/DerivedData-iOS/Build/Intermediates.noindex/NearbySyncCore.build/Debug-iphonesimulator/NearbySyncCore.build/Objects-normal/arm64/NearbySyncCore-Swift.h -working-directory /Users/runner/work/MyRAM-iOS/MyRAM-iOS/MyRAM-iOS/MyRAM.xcodeproj -experimental-emit-module-separately -disable-cmo

Copy /Users/runner/work/MyRAM-iOS/MyRAM-iOS/MyRAM-iOS/evidence/builds/DerivedData-iOS/Build/Products/Debug-iphonesimulator/NearbySyncCore.swiftmodule/x86_64-apple-ios-simulator.swiftmodule /Users/runner/work/MyRAM-iOS/MyRAM-iOS/MyRAM-iOS/evidence/builds/DerivedData-iOS/Build/Intermediates.noindex/NearbySyncCore.build/Debug-iphonesimulator/NearbySyncCore.build/Objects-normal/x86_64/NearbySyncCore.swiftmodule (in target 'NearbySyncCore' from project 'NearbySyncCore')
    cd /Users/runner/work/MyRAM-iOS/MyRAM-iOS/NearbySyncCore
    builtin-copy -exclude .DS_Store -exclude CVS -exclude .svn -exclude .git -exclude .hg -resolve-src-symlinks -rename /Users/runner/work/MyRAM-iOS/MyRAM-iOS/MyRAM-iOS/evidence/builds/DerivedData-iOS/Build/Intermediates.noindex/NearbySyncCore.build/Debug-iphonesimulator/NearbySyncCore.build/Objects-normal/x86_64/NearbySyncCore.swiftmodule /Users/runner/work/MyRAM-iOS/MyRAM-iOS/MyRAM-iOS/evidence/builds/DerivedData-iOS/Build/Products/Debug-iphonesimulator/NearbySyncCore.swiftmodule/x86_64-apple-ios-simulator.swiftmodule

SwiftMergeGeneratedHeaders /Users/runner/work/MyRAM-iOS/MyRAM-iOS/MyRAM-iOS/evidence/builds/DerivedData-iOS/Build/Intermediates.noindex/GeneratedModuleMaps-iphonesimulator/NearbySyncCore-Swift.h /Users/runner/work/MyRAM-iOS/MyRAM-iOS/MyRAM-iOS/evidence/builds/DerivedData-iOS/Build/Intermediates.noindex/NearbySyncCore.build/Debug-iphonesimulator/NearbySyncCore.build/Objects-normal/arm64/NearbySyncCore-Swift.h /Users/runner/work/MyRAM-iOS/MyRAM-iOS/MyRAM-iOS/evidence/builds/DerivedData-iOS/Build/Intermediates.noindex/NearbySyncCore.build/Debug-iphonesimulator/NearbySyncCore.build/Objects-normal/x86_64/NearbySyncCore-Swift.h (in target 'NearbySyncCore' from project 'NearbySyncCore')
    cd /Users/runner/work/MyRAM-iOS/MyRAM-iOS/NearbySyncCore
    builtin-swiftHeaderTool -arch arm64 /Users/runner/work/MyRAM-iOS/MyRAM-iOS/MyRAM-iOS/evidence/builds/DerivedData-iOS/Build/Intermediates.noindex/NearbySyncCore.build/Debug-iphonesimulator/NearbySyncCore.build/Objects-normal/arm64/NearbySyncCore-Swift.h -arch x86_64 /Users/runner/work/MyRAM-iOS/MyRAM-iOS/MyRAM-iOS/evidence/builds/DerivedData-iOS/Build/Intermediates.noindex/NearbySyncCore.build/Debug-iphonesimulator/NearbySyncCore.build/Objects-normal/x86_64/NearbySyncCore-Swift.h -o /Users/runner/work/MyRAM-iOS/MyRAM-iOS/MyRAM-iOS/evidence/builds/DerivedData-iOS/Build/Intermediates.noindex/GeneratedModuleMaps-iphonesimulator/NearbySyncCore-Swift.h

Copy /Users/runner/work/MyRAM-iOS/MyRAM-iOS/MyRAM-iOS/evidence/builds/DerivedData-iOS/Build/Products/Debug-iphonesimulator/NearbySyncCore.swiftmodule/x86_64-apple-ios-simulator.swiftdoc /Users/runner/work/MyRAM-iOS/MyRAM-iOS/MyRAM-iOS/evidence/builds/DerivedData-iOS/Build/Intermediates.noindex/NearbySyncCore.build/Debug-iphonesimulator/NearbySyncCore.build/Objects-normal/x86_64/NearbySyncCore.swiftdoc (in target 'NearbySyncCore' from project 'NearbySyncCore')
    cd /Users/runner/work/MyRAM-iOS/MyRAM-iOS/NearbySyncCore
    builtin-copy -exclude .DS_Store -exclude CVS -exclude .svn -exclude .git -exclude .hg -resolve-src-symlinks -rename /Users/runner/work/MyRAM-iOS/MyRAM-iOS/MyRAM-iOS/evidence/builds/DerivedData-iOS/Build/Intermediates.noindex/NearbySyncCore.build/Debug-iphonesimulator/NearbySyncCore.build/Objects-normal/x86_64/NearbySyncCore.swiftdoc /Users/runner/work/MyRAM-iOS/MyRAM-iOS/MyRAM-iOS/evidence/builds/DerivedData-iOS/Build/Products/Debug-iphonesimulator/NearbySyncCore.swiftmodule/x86_64-apple-ios-simulator.swiftdoc

Copy /Users/runner/work/MyRAM-iOS/MyRAM-iOS/MyRAM-iOS/evidence/builds/DerivedData-iOS/Build/Products/Debug-iphonesimulator/NearbySyncCore.swiftmodule/x86_64-apple-ios-simulator.abi.json /Users/runner/work/MyRAM-iOS/MyRAM-iOS/MyRAM-iOS/evidence/builds/DerivedData-iOS/Build/Intermediates.noindex/NearbySyncCore.build/Debug-iphonesimulator/NearbySyncCore.build/Objects-normal/x86_64/NearbySyncCore.abi.json (in target 'NearbySyncCore' from project 'NearbySyncCore')
    cd /Users/runner/work/MyRAM-iOS/MyRAM-iOS/NearbySyncCore
    builtin-copy -exclude .DS_Store -exclude CVS -exclude .svn -exclude .git -exclude .hg -resolve-src-symlinks -rename /Users/runner/work/MyRAM-iOS/MyRAM-iOS/MyRAM-iOS/evidence/builds/DerivedData-iOS/Build/Intermediates.noindex/NearbySyncCore.build/Debug-iphonesimulator/NearbySyncCore.build/Objects-normal/x86_64/NearbySyncCore.abi.json /Users/runner/work/MyRAM-iOS/MyRAM-iOS/MyRAM-iOS/evidence/builds/DerivedData-iOS/Build/Products/Debug-iphonesimulator/NearbySyncCore.swiftmodule/x86_64-apple-ios-simulator.abi.json

Copy /Users/runner/work/MyRAM-iOS/MyRAM-iOS/MyRAM-iOS/evidence/builds/DerivedData-iOS/Build/Products/Debug-iphonesimulator/NearbySyncCore.swiftmodule/arm64-apple-ios-simulator.swiftmodule /Users/runner/work/MyRAM-iOS/MyRAM-iOS/MyRAM-iOS/evidence/builds/DerivedData-iOS/Build/Intermediates.noindex/NearbySyncCore.build/Debug-iphonesimulator/NearbySyncCore.build/Objects-normal/arm64/NearbySyncCore.swiftmodule (in target 'NearbySyncCore' from project 'NearbySyncCore')
    cd /Users/runner/work/MyRAM-iOS/MyRAM-iOS/NearbySyncCore
    builtin-copy -exclude .DS_Store -exclude CVS -exclude .svn -exclude .git -exclude .hg -resolve-src-symlinks -rename /Users/runner/work/MyRAM-iOS/MyRAM-iOS/MyRAM-iOS/evidence/builds/DerivedData-iOS/Build/Intermediates.noindex/NearbySyncCore.build/Debug-iphonesimulator/NearbySyncCore.build/Objects-normal/arm64/NearbySyncCore.swiftmodule /Users/runner/work/MyRAM-iOS/MyRAM-iOS/MyRAM-iOS/evidence/builds/DerivedData-iOS/Build/Products/Debug-iphonesimulator/NearbySyncCore.swiftmodule/arm64-apple-ios-simulator.swiftmodule

Copy /Users/runner/work/MyRAM-iOS/MyRAM-iOS/MyRAM-iOS/evidence/builds/DerivedData-iOS/Build/Products/Debug-iphonesimulator/NearbySyncCore.swiftmodule/arm64-apple-ios-simulator.swiftdoc /Users/runner/work/MyRAM-iOS/MyRAM-iOS/MyRAM-iOS/evidence/builds/DerivedData-iOS/Build/Intermediates.noindex/NearbySyncCore.build/Debug-iphonesimulator/NearbySyncCore.build/Objects-normal/arm64/NearbySyncCore.swiftdoc (in target 'NearbySyncCore' from project 'NearbySyncCore')
    cd /Users/runner/work/MyRAM-iOS/MyRAM-iOS/NearbySyncCore
    builtin-copy -exclude .DS_Store -exclude CVS -exclude .svn -exclude .git -exclude .hg -resolve-src-symlinks -rename /Users/runner/work/MyRAM-iOS/MyRAM-iOS/MyRAM-iOS/evidence/builds/DerivedData-iOS/Build/Intermediates.noindex/NearbySyncCore.build/Debug-iphonesimulator/NearbySyncCore.build/Objects-normal/arm64/NearbySyncCore.swiftdoc /Users/runner/work/MyRAM-iOS/MyRAM-iOS/MyRAM-iOS/evidence/builds/DerivedData-iOS/Build/Products/Debug-iphonesimulator/NearbySyncCore.swiftmodule/arm64-apple-ios-simulator.swiftdoc

Copy /Users/runner/work/MyRAM-iOS/MyRAM-iOS/MyRAM-iOS/evidence/builds/DerivedData-iOS/Build/Products/Debug-iphonesimulator/NearbySyncCore.swiftmodule/arm64-apple-ios-simulator.abi.json /Users/runner/work/MyRAM-iOS/MyRAM-iOS/MyRAM-iOS/evidence/builds/DerivedData-iOS/Build/Intermediates.noindex/NearbySyncCore.build/Debug-iphonesimulator/NearbySyncCore.build/Objects-normal/arm64/NearbySyncCore.abi.json (in target 'NearbySyncCore' from project 'NearbySyncCore')
    cd /Users/runner/work/MyRAM-iOS/MyRAM-iOS/NearbySyncCore
    builtin-copy -exclude .DS_Store -exclude CVS -exclude .svn -exclude .git -exclude .hg -resolve-src-symlinks -rename /Users/runner/work/MyRAM-iOS/MyRAM-iOS/MyRAM-iOS/evidence/builds/DerivedData-iOS/Build/Intermediates.noindex/NearbySyncCore.build/Debug-iphonesimulator/NearbySyncCore.build/Objects-normal/arm64/NearbySyncCore.abi.json /Users/runner/work/MyRAM-iOS/MyRAM-iOS/MyRAM-iOS/evidence/builds/DerivedData-iOS/Build/Products/Debug-iphonesimulator/NearbySyncCore.swiftmodule/arm64-apple-ios-simulator.abi.json

Copy /Users/runner/work/MyRAM-iOS/MyRAM-iOS/MyRAM-iOS/evidence/builds/DerivedData-iOS/Build/Products/Debug-iphonesimulator/NearbySyncCore.swiftmodule/Project/x86_64-apple-ios-simulator.swiftsourceinfo /Users/runner/work/MyRAM-iOS/MyRAM-iOS/MyRAM-iOS/evidence/builds/DerivedData-iOS/Build/Intermediates.noindex/NearbySyncCore.build/Debug-iphonesimulator/NearbySyncCore.build/Objects-normal/x86_64/NearbySyncCore.swiftsourceinfo (in target 'NearbySyncCore' from project 'NearbySyncCore')
    cd /Users/runner/work/MyRAM-iOS/MyRAM-iOS/NearbySyncCore
    builtin-copy -exclude .DS_Store -exclude CVS -exclude .svn -exclude .git -exclude .hg -resolve-src-symlinks -rename /Users/runner/work/MyRAM-iOS/MyRAM-iOS/MyRAM-iOS/evidence/builds/DerivedData-iOS/Build/Intermediates.noindex/NearbySyncCore.build/Debug-iphonesimulator/NearbySyncCore.build/Objects-normal/x86_64/NearbySyncCore.swiftsourceinfo /Users/runner/work/MyRAM-iOS/MyRAM-iOS/MyRAM-iOS/evidence/builds/DerivedData-iOS/Build/Products/Debug-iphonesimulator/NearbySyncCore.swiftmodule/Project/x86_64-apple-ios-simulator.swiftsourceinfo

Copy /Users/runner/work/MyRAM-iOS/MyRAM-iOS/MyRAM-iOS/evidence/builds/DerivedData-iOS/Build/Products/Debug-iphonesimulator/NearbySyncCore.swiftmodule/Project/arm64-apple-ios-simulator.swiftsourceinfo /Users/runner/work/MyRAM-iOS/MyRAM-iOS/MyRAM-iOS/evidence/builds/DerivedData-iOS/Build/Intermediates.noindex/NearbySyncCore.build/Debug-iphonesimulator/NearbySyncCore.build/Objects-normal/arm64/NearbySyncCore.swiftsourceinfo (in target 'NearbySyncCore' from project 'NearbySyncCore')
    cd /Users/runner/work/MyRAM-iOS/MyRAM-iOS/NearbySyncCore
    builtin-copy -exclude .DS_Store -exclude CVS -exclude .svn -exclude .git -exclude .hg -resolve-src-symlinks -rename /Users/runner/work/MyRAM-iOS/MyRAM-iOS/MyRAM-iOS/evidence/builds/DerivedData-iOS/Build/Intermediates.noindex/NearbySyncCore.build/Debug-iphonesimulator/NearbySyncCore.build/Objects-normal/arm64/NearbySyncCore.swiftsourceinfo /Users/runner/work/MyRAM-iOS/MyRAM-iOS/MyRAM-iOS/evidence/builds/DerivedData-iOS/Build/Products/Debug-iphonesimulator/NearbySyncCore.swiftmodule/Project/arm64-apple-ios-simulator.swiftsourceinfo

SwiftEmitModule normal x86_64 Emitting\ module\ for\ AnchoredSequenceCore (in target 'AnchoredSequenceCore' from project 'AnchoredSequenceCore')

EmitSwiftModule normal x86_64 (in target 'AnchoredSequenceCore' from project 'AnchoredSequenceCore')
    cd /Users/runner/work/MyRAM-iOS/MyRAM-iOS/MyRAM-iOS/MyRAM.xcodeproj
    

SwiftDriver AnchoredSequenceCore normal arm64 com.apple.xcode.tools.swift.compiler (in target 'AnchoredSequenceCore' from project 'AnchoredSequenceCore')
    cd /Users/runner/work/MyRAM-iOS/MyRAM-iOS/MyRAM-iOS/MyRAM.xcodeproj
    builtin-SwiftDriver -- /Applications/Xcode_16.4.app/Contents/Developer/Toolchains/XcodeDefault.xctoolchain/usr/bin/swiftc -module-name AnchoredSequenceCore -Onone -enforce-exclusivity\=checked @/Users/runner/work/MyRAM-iOS/MyRAM-iOS/MyRAM-iOS/evidence/builds/DerivedData-iOS/Build/Intermediates.noindex/AnchoredSequenceCore.build/Debug-iphonesimulator/AnchoredSequenceCore.build/Objects-normal/arm64/AnchoredSequenceCore.SwiftFileList -DSWIFT_PACKAGE -DDEBUG -DXcode -plugin-path /Applications/Xcode_16.4.app/Contents/Developer/Toolchains/XcodeDefault.xctoolchain/usr/lib/swift/host/plugins/testing -enable-experimental-feature DebugDescriptionMacro -sdk /Applications/Xcode_16.4.app/Contents/Developer/Platforms/iPhoneSimulator.platform/Developer/SDKs/iPhoneSimulator18.5.sdk -target arm64-apple-ios17.0-simulator -g -module-cache-path /Users/runner/work/MyRAM-iOS/MyRAM-iOS/MyRAM-iOS/evidence/builds/DerivedData-iOS/ModuleCache.noindex -Xfrontend -serialize-debugging-options -enable-testing -suppress-warnings -index-store-path /Users/runner/work/MyRAM-iOS/MyRAM-iOS/MyRAM-iOS/evidence/builds/DerivedData-iOS/Index.noindex/DataStore -swift-version 5 -I /Users/runner/work/MyRAM-iOS/MyRAM-iOS/MyRAM-iOS/evidence/builds/DerivedData-iOS/Build/Products/Debug-iphonesimulator -I /Applications/Xcode_16.4.app/Contents/Developer/Platforms/iPhoneSimulator.platform/Developer/usr/lib -F /Users/runner/work/MyRAM-iOS/MyRAM-iOS/MyRAM-iOS/evidence/builds/DerivedData-iOS/Build/Products/Debug-iphonesimulator -F /Applications/Xcode_16.4.app/Contents/Developer/Platforms/iPhoneSimulator.platform/Developer/Library/Frameworks -F /Applications/Xcode_16.4.app/Contents/Developer/Platforms/iPhoneSimulator.platform/Developer/SDKs/iPhoneSimulator18.5.sdk/Developer/Library/Frameworks -c -j3 -enable-batch-mode -incremental -Xcc -ivfsstatcache -Xcc /Users/runner/work/MyRAM-iOS/MyRAM-iOS/MyRAM-iOS/evidence/builds/DerivedData-iOS/SDKStatCaches.noindex/iphonesimulator18.5-22F76-96ae0914227b19deccb34b33ba7b5dea.sdkstatcache -output-file-map /Users/runner/work/MyRAM-iOS/MyRAM-iOS/MyRAM-iOS/evidence/builds/DerivedData-iOS/Build/Intermediates.noindex/AnchoredSequenceCore.build/Debug-iphonesimulator/AnchoredSequenceCore.build/Objects-normal/arm64/AnchoredSequenceCore-OutputFileMap.json -use-frontend-parseable-output -save-temps -no-color-diagnostics -serialize-diagnostics -emit-dependencies -emit-module -emit-module-path /Users/runner/work/MyRAM-iOS/MyRAM-iOS/MyRAM-iOS/evidence/builds/DerivedData-iOS/Build/Intermediates.noindex/AnchoredSequenceCore.build/Debug-iphonesimulator/AnchoredSequenceCore.build/Objects-normal/arm64/AnchoredSequenceCore.swiftmodule -validate-clang-modules-once -clang-build-session-file /Users/runner/work/MyRAM-iOS/MyRAM-iOS/MyRAM-iOS/evidence/builds/DerivedData-iOS/ModuleCache.noindex/Session.modulevalidation -package-name anchoredsequencecore -Xcc -I/Users/runner/work/MyRAM-iOS/MyRAM-iOS/MyRAM-iOS/evidence/builds/DerivedData-iOS/Build/Intermediates.noindex/AnchoredSequenceCore.build/Debug-iphonesimulator/AnchoredSequenceCore.build/swift-overrides.hmap -emit-const-values -Xfrontend -const-gather-protocols-file -Xfrontend /Users/runner/work/MyRAM-iOS/MyRAM-iOS/MyRAM-iOS/evidence/builds/DerivedData-iOS/Build/Intermediates.noindex/AnchoredSequenceCore.build/Debug-iphonesimulator/AnchoredSequenceCore.build/Objects-normal/arm64/AnchoredSequenceCore_const_extract_protocols.json -Xcc -I/Users/runner/work/MyRAM-iOS/MyRAM-iOS/MyRAM-iOS/evidence/builds/DerivedData-iOS/Build/Products/Debug-iphonesimulator/include -Xcc -I/Users/runner/work/MyRAM-iOS/MyRAM-iOS/MyRAM-iOS/evidence/builds/DerivedData-iOS/Build/Intermediates.noindex/AnchoredSequenceCore.build/Debug-iphonesimulator/AnchoredSequenceCore.build/DerivedSources-normal/arm64 -Xcc -I/Users/runner/work/MyRAM-iOS/MyRAM-iOS/MyRAM-iOS/evidence/builds/DerivedData-iOS/Build/Intermediates.noindex/AnchoredSequenceCore.build/Debug-iphonesimulator/AnchoredSequenceCore.build/DerivedSources/arm64 -Xcc -I/Users/runner/work/MyRAM-iOS/MyRAM-iOS/MyRAM-iOS/evidence/builds/DerivedData-iOS/Build/Intermediates.noindex/AnchoredSequenceCore.build/Debug-iphonesimulator/AnchoredSequenceCore.build/DerivedSources -Xcc -DSWIFT_PACKAGE -Xcc -DDEBUG\=1 -emit-objc-header -emit-objc-header-path /Users/runner/work/MyRAM-iOS/MyRAM-iOS/MyRAM-iOS/evidence/builds/DerivedData-iOS/Build/Intermediates.noindex/AnchoredSequenceCore.build/Debug-iphonesimulator/AnchoredSequenceCore.build/Objects-normal/arm64/AnchoredSequenceCore-Swift.h -working-directory /Users/runner/work/MyRAM-iOS/MyRAM-iOS/MyRAM-iOS/MyRAM.xcodeproj -experimental-emit-module-separately -disable-cmo

SwiftDriverJobDiscovery normal x86_64 Emitting module for AnchoredSequenceCore (in target 'AnchoredSequenceCore' from project 'AnchoredSequenceCore')

SwiftDriver\ Compilation\ Requirements AnchoredSequenceCore normal x86_64 com.apple.xcode.tools.swift.compiler (in target 'AnchoredSequenceCore' from project 'AnchoredSequenceCore')
    cd /Users/runner/work/MyRAM-iOS/MyRAM-iOS/MyRAM-iOS/MyRAM.xcodeproj
    builtin-Swift-Compilation-Requirements -- /Applications/Xcode_16.4.app/Contents/Developer/Toolchains/XcodeDefault.xctoolchain/usr/bin/swiftc -module-name AnchoredSequenceCore -Onone -enforce-exclusivity\=checked @/Users/runner/work/MyRAM-iOS/MyRAM-iOS/MyRAM-iOS/evidence/builds/DerivedData-iOS/Build/Intermediates.noindex/AnchoredSequenceCore.build/Debug-iphonesimulator/AnchoredSequenceCore.build/Objects-normal/x86_64/AnchoredSequenceCore.SwiftFileList -DSWIFT_PACKAGE -DDEBUG -DXcode -plugin-path /Applications/Xcode_16.4.app/Contents/Developer/Toolchains/XcodeDefault.xctoolchain/usr/lib/swift/host/plugins/testing -enable-experimental-feature DebugDescriptionMacro -sdk /Applications/Xcode_16.4.app/Contents/Developer/Platforms/iPhoneSimulator.platform/Developer/SDKs/iPhoneSimulator18.5.sdk -target x86_64-apple-ios17.0-simulator -g -module-cache-path /Users/runner/work/MyRAM-iOS/MyRAM-iOS/MyRAM-iOS/evidence/builds/DerivedData-iOS/ModuleCache.noindex -Xfrontend -serialize-debugging-options -enable-testing -suppress-warnings -index-store-path /Users/runner/work/MyRAM-iOS/MyRAM-iOS/MyRAM-iOS/evidence/builds/DerivedData-iOS/Index.noindex/DataStore -swift-version 5 -I /Users/runner/work/MyRAM-iOS/MyRAM-iOS/MyRAM-iOS/evidence/builds/DerivedData-iOS/Build/Products/Debug-iphonesimulator -I /Applications/Xcode_16.4.app/Contents/Developer/Platforms/iPhoneSimulator.platform/Developer/usr/lib -F /Users/runner/work/MyRAM-iOS/MyRAM-iOS/MyRAM-iOS/evidence/builds/DerivedData-iOS/Build/Products/Debug-iphonesimulator -F /Applications/Xcode_16.4.app/Contents/Developer/Platforms/iPhoneSimulator.platform/Developer/Library/Frameworks -F /Applications/Xcode_16.4.app/Contents/Developer/Platforms/iPhoneSimulator.platform/Developer/SDKs/iPhoneSimulator18.5.sdk/Developer/Library/Frameworks -c -j3 -enable-batch-mode -incremental -Xcc -ivfsstatcache -Xcc /Users/runner/work/MyRAM-iOS/MyRAM-iOS/MyRAM-iOS/evidence/builds/DerivedData-iOS/SDKStatCaches.noindex/iphonesimulator18.5-22F76-96ae0914227b19deccb34b33ba7b5dea.sdkstatcache -output-file-map /Users/runner/work/MyRAM-iOS/MyRAM-iOS/MyRAM-iOS/evidence/builds/DerivedData-iOS/Build/Intermediates.noindex/AnchoredSequenceCore.build/Debug-iphonesimulator/AnchoredSequenceCore.build/Objects-normal/x86_64/AnchoredSequenceCore-OutputFileMap.json -use-frontend-parseable-output -save-temps -no-color-diagnostics -serialize-diagnostics -emit-dependencies -emit-module -emit-module-path /Users/runner/work/MyRAM-iOS/MyRAM-iOS/MyRAM-iOS/evidence/builds/DerivedData-iOS/Build/Intermediates.noindex/AnchoredSequenceCore.build/Debug-iphonesimulator/AnchoredSequenceCore.build/Objects-normal/x86_64/AnchoredSequenceCore.swiftmodule -validate-clang-modules-once -clang-build-session-file /Users/runner/work/MyRAM-iOS/MyRAM-iOS/MyRAM-iOS/evidence/builds/DerivedData-iOS/ModuleCache.noindex/Session.modulevalidation -package-name anchoredsequencecore -Xcc -I/Users/runner/work/MyRAM-iOS/MyRAM-iOS/MyRAM-iOS/evidence/builds/DerivedData-iOS/Build/Intermediates.noindex/AnchoredSequenceCore.build/Debug-iphonesimulator/AnchoredSequenceCore.build/swift-overrides.hmap -emit-const-values -Xfrontend -const-gather-protocols-file -Xfrontend /Users/runner/work/MyRAM-iOS/MyRAM-iOS/MyRAM-iOS/evidence/builds/DerivedData-iOS/Build/Intermediates.noindex/AnchoredSequenceCore.build/Debug-iphonesimulator/AnchoredSequenceCore.build/Objects-normal/x86_64/AnchoredSequenceCore_const_extract_protocols.json -Xcc -I/Users/runner/work/MyRAM-iOS/MyRAM-iOS/MyRAM-iOS/evidence/builds/DerivedData-iOS/Build/Products/Debug-iphonesimulator/include -Xcc -I/Users/runner/work/MyRAM-iOS/MyRAM-iOS/MyRAM-iOS/evidence/builds/DerivedData-iOS/Build/Intermediates.noindex/AnchoredSequenceCore.build/Debug-iphonesimulator/AnchoredSequenceCore.build/DerivedSources-normal/x86_64 -Xcc -I/Users/runner/work/MyRAM-iOS/MyRAM-iOS/MyRAM-iOS/evidence/builds/DerivedData-iOS/Build/Intermediates.noindex/AnchoredSequenceCore.build/Debug-iphonesimulator/AnchoredSequenceCore.build/DerivedSources/x86_64 -Xcc -I/Users/runner/work/MyRAM-iOS/MyRAM-iOS/MyRAM-iOS/evidence/builds/DerivedData-iOS/Build/Intermediates.noindex/AnchoredSequenceCore.build/Debug-iphonesimulator/AnchoredSequenceCore.build/DerivedSources -Xcc -DSWIFT_PACKAGE -Xcc -DDEBUG\=1 -emit-objc-header -emit-objc-header-path /Users/runner/work/MyRAM-iOS/MyRAM-iOS/MyRAM-iOS/evidence/builds/DerivedData-iOS/Build/Intermediates.noindex/AnchoredSequenceCore.build/Debug-iphonesimulator/AnchoredSequenceCore.build/Objects-normal/x86_64/AnchoredSequenceCore-Swift.h -working-directory /Users/runner/work/MyRAM-iOS/MyRAM-iOS/MyRAM-iOS/MyRAM.xcodeproj -experimental-emit-module-separately -disable-cmo

SwiftEmitModule normal arm64 Emitting\ module\ for\ AnchoredSequenceCore (in target 'AnchoredSequenceCore' from project 'AnchoredSequenceCore')

EmitSwiftModule normal arm64 (in target 'AnchoredSequenceCore' from project 'AnchoredSequenceCore')
    cd /Users/runner/work/MyRAM-iOS/MyRAM-iOS/MyRAM-iOS/MyRAM.xcodeproj
    

Copy /Users/runner/work/MyRAM-iOS/MyRAM-iOS/MyRAM-iOS/evidence/builds/DerivedData-iOS/Build/Products/Debug-iphonesimulator/AnchoredSequenceCore.swiftmodule/x86_64-apple-ios-simulator.swiftmodule /Users/runner/work/MyRAM-iOS/MyRAM-iOS/MyRAM-iOS/evidence/builds/DerivedData-iOS/Build/Intermediates.noindex/AnchoredSequenceCore.build/Debug-iphonesimulator/AnchoredSequenceCore.build/Objects-normal/x86_64/AnchoredSequenceCore.swiftmodule (in target 'AnchoredSequenceCore' from project 'AnchoredSequenceCore')
    cd /Users/runner/work/MyRAM-iOS/MyRAM-iOS/MyRAM-iOS/Packages/AnchoredSequenceCore
    builtin-copy -exclude .DS_Store -exclude CVS -exclude .svn -exclude .git -exclude .hg -resolve-src-symlinks -rename /Users/runner/work/MyRAM-iOS/MyRAM-iOS/MyRAM-iOS/evidence/builds/DerivedData-iOS/Build/Intermediates.noindex/AnchoredSequenceCore.build/Debug-iphonesimulator/AnchoredSequenceCore.build/Objects-normal/x86_64/AnchoredSequenceCore.swiftmodule /Users/runner/work/MyRAM-iOS/MyRAM-iOS/MyRAM-iOS/evidence/builds/DerivedData-iOS/Build/Products/Debug-iphonesimulator/AnchoredSequenceCore.swiftmodule/x86_64-apple-ios-simulator.swiftmodule

SwiftDriverJobDiscovery normal arm64 Emitting module for AnchoredSequenceCore (in target 'AnchoredSequenceCore' from project 'AnchoredSequenceCore')

SwiftDriver\ Compilation\ Requirements AnchoredSequenceCore normal arm64 com.apple.xcode.tools.swift.compiler (in target 'AnchoredSequenceCore' from project 'AnchoredSequenceCore')
    cd /Users/runner/work/MyRAM-iOS/MyRAM-iOS/MyRAM-iOS/MyRAM.xcodeproj
    builtin-Swift-Compilation-Requirements -- /Applications/Xcode_16.4.app/Contents/Developer/Toolchains/XcodeDefault.xctoolchain/usr/bin/swiftc -module-name AnchoredSequenceCore -Onone -enforce-exclusivity\=checked @/Users/runner/work/MyRAM-iOS/MyRAM-iOS/MyRAM-iOS/evidence/builds/DerivedData-iOS/Build/Intermediates.noindex/AnchoredSequenceCore.build/Debug-iphonesimulator/AnchoredSequenceCore.build/Objects-normal/arm64/AnchoredSequenceCore.SwiftFileList -DSWIFT_PACKAGE -DDEBUG -DXcode -plugin-path /Applications/Xcode_16.4.app/Contents/Developer/Toolchains/XcodeDefault.xctoolchain/usr/lib/swift/host/plugins/testing -enable-experimental-feature DebugDescriptionMacro -sdk /Applications/Xcode_16.4.app/Contents/Developer/Platforms/iPhoneSimulator.platform/Developer/SDKs/iPhoneSimulator18.5.sdk -target arm64-apple-ios17.0-simulator -g -module-cache-path /Users/runner/work/MyRAM-iOS/MyRAM-iOS/MyRAM-iOS/evidence/builds/DerivedData-iOS/ModuleCache.noindex -Xfrontend -serialize-debugging-options -enable-testing -suppress-warnings -index-store-path /Users/runner/work/MyRAM-iOS/MyRAM-iOS/MyRAM-iOS/evidence/builds/DerivedData-iOS/Index.noindex/DataStore -swift-version 5 -I /Users/runner/work/MyRAM-iOS/MyRAM-iOS/MyRAM-iOS/evidence/builds/DerivedData-iOS/Build/Products/Debug-iphonesimulator -I /Applications/Xcode_16.4.app/Contents/Developer/Platforms/iPhoneSimulator.platform/Developer/usr/lib -F /Users/runner/work/MyRAM-iOS/MyRAM-iOS/MyRAM-iOS/evidence/builds/DerivedData-iOS/Build/Products/Debug-iphonesimulator -F /Applications/Xcode_16.4.app/Contents/Developer/Platforms/iPhoneSimulator.platform/Developer/Library/Frameworks -F /Applications/Xcode_16.4.app/Contents/Developer/Platforms/iPhoneSimulator.platform/Developer/SDKs/iPhoneSimulator18.5.sdk/Developer/Library/Frameworks -c -j3 -enable-batch-mode -incremental -Xcc -ivfsstatcache -Xcc /Users/runner/work/MyRAM-iOS/MyRAM-iOS/MyRAM-iOS/evidence/builds/DerivedData-iOS/SDKStatCaches.noindex/iphonesimulator18.5-22F76-96ae0914227b19deccb34b33ba7b5dea.sdkstatcache -output-file-map /Users/runner/work/MyRAM-iOS/MyRAM-iOS/MyRAM-iOS/evidence/builds/DerivedData-iOS/Build/Intermediates.noindex/AnchoredSequenceCore.build/Debug-iphonesimulator/AnchoredSequenceCore.build/Objects-normal/arm64/AnchoredSequenceCore-OutputFileMap.json -use-frontend-parseable-output -save-temps -no-color-diagnostics -serialize-diagnostics -emit-dependencies -emit-module -emit-module-path /Users/runner/work/MyRAM-iOS/MyRAM-iOS/MyRAM-iOS/evidence/builds/DerivedData-iOS/Build/Intermediates.noindex/AnchoredSequenceCore.build/Debug-iphonesimulator/AnchoredSequenceCore.build/Objects-normal/arm64/AnchoredSequenceCore.swiftmodule -validate-clang-modules-once -clang-build-session-file /Users/runner/work/MyRAM-iOS/MyRAM-iOS/MyRAM-iOS/evidence/builds/DerivedData-iOS/ModuleCache.noindex/Session.modulevalidation -package-name anchoredsequencecore -Xcc -I/Users/runner/work/MyRAM-iOS/MyRAM-iOS/MyRAM-iOS/evidence/builds/DerivedData-iOS/Build/Intermediates.noindex/AnchoredSequenceCore.build/Debug-iphonesimulator/AnchoredSequenceCore.build/swift-overrides.hmap -emit-const-values -Xfrontend -const-gather-protocols-file -Xfrontend /Users/runner/work/MyRAM-iOS/MyRAM-iOS/MyRAM-iOS/evidence/builds/DerivedData-iOS/Build/Intermediates.noindex/AnchoredSequenceCore.build/Debug-iphonesimulator/AnchoredSequenceCore.build/Objects-normal/arm64/AnchoredSequenceCore_const_extract_protocols.json -Xcc -I/Users/runner/work/MyRAM-iOS/MyRAM-iOS/MyRAM-iOS/evidence/builds/DerivedData-iOS/Build/Products/Debug-iphonesimulator/include -Xcc -I/Users/runner/work/MyRAM-iOS/MyRAM-iOS/MyRAM-iOS/evidence/builds/DerivedData-iOS/Build/Intermediates.noindex/AnchoredSequenceCore.build/Debug-iphonesimulator/AnchoredSequenceCore.build/DerivedSources-normal/arm64 -Xcc -I/Users/runner/work/MyRAM-iOS/MyRAM-iOS/MyRAM-iOS/evidence/builds/DerivedData-iOS/Build/Intermediates.noindex/AnchoredSequenceCore.build/Debug-iphonesimulator/AnchoredSequenceCore.build/DerivedSources/arm64 -Xcc -I/Users/runner/work/MyRAM-iOS/MyRAM-iOS/MyRAM-iOS/evidence/builds/DerivedData-iOS/Build/Intermediates.noindex/AnchoredSequenceCore.build/Debug-iphonesimulator/AnchoredSequenceCore.build/DerivedSources -Xcc -DSWIFT_PACKAGE -Xcc -DDEBUG\=1 -emit-objc-header -emit-objc-header-path /Users/runner/work/MyRAM-iOS/MyRAM-iOS/MyRAM-iOS/evidence/builds/DerivedData-iOS/Build/Intermediates.noindex/AnchoredSequenceCore.build/Debug-iphonesimulator/AnchoredSequenceCore.build/Objects-normal/arm64/AnchoredSequenceCore-Swift.h -working-directory /Users/runner/work/MyRAM-iOS/MyRAM-iOS/MyRAM-iOS/MyRAM.xcodeproj -experimental-emit-module-separately -disable-cmo

Copy /Users/runner/work/MyRAM-iOS/MyRAM-iOS/MyRAM-iOS/evidence/builds/DerivedData-iOS/Build/Products/Debug-iphonesimulator/AnchoredSequenceCore.swiftmodule/x86_64-apple-ios-simulator.swiftdoc /Users/runner/work/MyRAM-iOS/MyRAM-iOS/MyRAM-iOS/evidence/builds/DerivedData-iOS/Build/Intermediates.noindex/AnchoredSequenceCore.build/Debug-iphonesimulator/AnchoredSequenceCore.build/Objects-normal/x86_64/AnchoredSequenceCore.swiftdoc (in target 'AnchoredSequenceCore' from project 'AnchoredSequenceCore')
    cd /Users/runner/work/MyRAM-iOS/MyRAM-iOS/MyRAM-iOS/Packages/AnchoredSequenceCore
    builtin-copy -exclude .DS_Store -exclude CVS -exclude .svn -exclude .git -exclude .hg -resolve-src-symlinks -rename /Users/runner/work/MyRAM-iOS/MyRAM-iOS/MyRAM-iOS/evidence/builds/DerivedData-iOS/Build/Intermediates.noindex/AnchoredSequenceCore.build/Debug-iphonesimulator/AnchoredSequenceCore.build/Objects-normal/x86_64/AnchoredSequenceCore.swiftdoc /Users/runner/work/MyRAM-iOS/MyRAM-iOS/MyRAM-iOS/evidence/builds/DerivedData-iOS/Build/Products/Debug-iphonesimulator/AnchoredSequenceCore.swiftmodule/x86_64-apple-ios-simulator.swiftdoc

SwiftMergeGeneratedHeaders /Users/runner/work/MyRAM-iOS/MyRAM-iOS/MyRAM-iOS/evidence/builds/DerivedData-iOS/Build/Intermediates.noindex/GeneratedModuleMaps-iphonesimulator/AnchoredSequenceCore-Swift.h /Users/runner/work/MyRAM-iOS/MyRAM-iOS/MyRAM-iOS/evidence/builds/DerivedData-iOS/Build/Intermediates.noindex/AnchoredSequenceCore.build/Debug-iphonesimulator/AnchoredSequenceCore.build/Objects-normal/arm64/AnchoredSequenceCore-Swift.h /Users/runner/work/MyRAM-iOS/MyRAM-iOS/MyRAM-iOS/evidence/builds/DerivedData-iOS/Build/Intermediates.noindex/AnchoredSequenceCore.build/Debug-iphonesimulator/AnchoredSequenceCore.build/Objects-normal/x86_64/AnchoredSequenceCore-Swift.h (in target 'AnchoredSequenceCore' from project 'AnchoredSequenceCore')
    cd /Users/runner/work/MyRAM-iOS/MyRAM-iOS/MyRAM-iOS/Packages/AnchoredSequenceCore
    builtin-swiftHeaderTool -arch arm64 /Users/runner/work/MyRAM-iOS/MyRAM-iOS/MyRAM-iOS/evidence/builds/DerivedData-iOS/Build/Intermediates.noindex/AnchoredSequenceCore.build/Debug-iphonesimulator/AnchoredSequenceCore.build/Objects-normal/arm64/AnchoredSequenceCore-Swift.h -arch x86_64 /Users/runner/work/MyRAM-iOS/MyRAM-iOS/MyRAM-iOS/evidence/builds/DerivedData-iOS/Build/Intermediates.noindex/AnchoredSequenceCore.build/Debug-iphonesimulator/AnchoredSequenceCore.build/Objects-normal/x86_64/AnchoredSequenceCore-Swift.h -o /Users/runner/work/MyRAM-iOS/MyRAM-iOS/MyRAM-iOS/evidence/builds/DerivedData-iOS/Build/Intermediates.noindex/GeneratedModuleMaps-iphonesimulator/AnchoredSequenceCore-Swift.h

Copy /Users/runner/work/MyRAM-iOS/MyRAM-iOS/MyRAM-iOS/evidence/builds/DerivedData-iOS/Build/Products/Debug-iphonesimulator/AnchoredSequenceCore.swiftmodule/x86_64-apple-ios-simulator.abi.json /Users/runner/work/MyRAM-iOS/MyRAM-iOS/MyRAM-iOS/evidence/builds/DerivedData-iOS/Build/Intermediates.noindex/AnchoredSequenceCore.build/Debug-iphonesimulator/AnchoredSequenceCore.build/Objects-normal/x86_64/AnchoredSequenceCore.abi.json (in target 'AnchoredSequenceCore' from project 'AnchoredSequenceCore')
    cd /Users/runner/work/MyRAM-iOS/MyRAM-iOS/MyRAM-iOS/Packages/AnchoredSequenceCore
    builtin-copy -exclude .DS_Store -exclude CVS -exclude .svn -exclude .git -exclude .hg -resolve-src-symlinks -rename /Users/runner/work/MyRAM-iOS/MyRAM-iOS/MyRAM-iOS/evidence/builds/DerivedData-iOS/Build/Intermediates.noindex/AnchoredSequenceCore.build/Debug-iphonesimulator/AnchoredSequenceCore.build/Objects-normal/x86_64/AnchoredSequenceCore.abi.json /Users/runner/work/MyRAM-iOS/MyRAM-iOS/MyRAM-iOS/evidence/builds/DerivedData-iOS/Build/Products/Debug-iphonesimulator/AnchoredSequenceCore.swiftmodule/x86_64-apple-ios-simulator.abi.json

Copy /Users/runner/work/MyRAM-iOS/MyRAM-iOS/MyRAM-iOS/evidence/builds/DerivedData-iOS/Build/Products/Debug-iphonesimulator/AnchoredSequenceCore.swiftmodule/arm64-apple-ios-simulator.swiftmodule /Users/runner/work/MyRAM-iOS/MyRAM-iOS/MyRAM-iOS/evidence/builds/DerivedData-iOS/Build/Intermediates.noindex/AnchoredSequenceCore.build/Debug-iphonesimulator/AnchoredSequenceCore.build/Objects-normal/arm64/AnchoredSequenceCore.swiftmodule (in target 'AnchoredSequenceCore' from project 'AnchoredSequenceCore')
    cd /Users/runner/work/MyRAM-iOS/MyRAM-iOS/MyRAM-iOS/Packages/AnchoredSequenceCore
    builtin-copy -exclude .DS_Store -exclude CVS -exclude .svn -exclude .git -exclude .hg -resolve-src-symlinks -rename /Users/runner/work/MyRAM-iOS/MyRAM-iOS/MyRAM-iOS/evidence/builds/DerivedData-iOS/Build/Intermediates.noindex/AnchoredSequenceCore.build/Debug-iphonesimulator/AnchoredSequenceCore.build/Objects-normal/arm64/AnchoredSequenceCore.swiftmodule /Users/runner/work/MyRAM-iOS/MyRAM-iOS/MyRAM-iOS/evidence/builds/DerivedData-iOS/Build/Products/Debug-iphonesimulator/AnchoredSequenceCore.swiftmodule/arm64-apple-ios-simulator.swiftmodule

Copy /Users/runner/work/MyRAM-iOS/MyRAM-iOS/MyRAM-iOS/evidence/builds/DerivedData-iOS/Build/Products/Debug-iphonesimulator/AnchoredSequenceCore.swiftmodule/arm64-apple-ios-simulator.swiftdoc /Users/runner/work/MyRAM-iOS/MyRAM-iOS/MyRAM-iOS/evidence/builds/DerivedData-iOS/Build/Intermediates.noindex/AnchoredSequenceCore.build/Debug-iphonesimulator/AnchoredSequenceCore.build/Objects-normal/arm64/AnchoredSequenceCore.swiftdoc (in target 'AnchoredSequenceCore' from project 'AnchoredSequenceCore')
    cd /Users/runner/work/MyRAM-iOS/MyRAM-iOS/MyRAM-iOS/Packages/AnchoredSequenceCore
    builtin-copy -exclude .DS_Store -exclude CVS -exclude .svn -exclude .git -exclude .hg -resolve-src-symlinks -rename /Users/runner/work/MyRAM-iOS/MyRAM-iOS/MyRAM-iOS/evidence/builds/DerivedData-iOS/Build/Intermediates.noindex/AnchoredSequenceCore.build/Debug-iphonesimulator/AnchoredSequenceCore.build/Objects-normal/arm64/AnchoredSequenceCore.swiftdoc /Users/runner/work/MyRAM-iOS/MyRAM-iOS/MyRAM-iOS/evidence/builds/DerivedData-iOS/Build/Products/Debug-iphonesimulator/AnchoredSequenceCore.swiftmodule/arm64-apple-ios-simulator.swiftdoc

Copy /Users/runner/work/MyRAM-iOS/MyRAM-iOS/MyRAM-iOS/evidence/builds/DerivedData-iOS/Build/Products/Debug-iphonesimulator/AnchoredSequenceCore.swiftmodule/arm64-apple-ios-simulator.abi.json /Users/runner/work/MyRAM-iOS/MyRAM-iOS/MyRAM-iOS/evidence/builds/DerivedData-iOS/Build/Intermediates.noindex/AnchoredSequenceCore.build/Debug-iphonesimulator/AnchoredSequenceCore.build/Objects-normal/arm64/AnchoredSequenceCore.abi.json (in target 'AnchoredSequenceCore' from project 'AnchoredSequenceCore')
    cd /Users/runner/work/MyRAM-iOS/MyRAM-iOS/MyRAM-iOS/Packages/AnchoredSequenceCore
    builtin-copy -exclude .DS_Store -exclude CVS -exclude .svn -exclude .git -exclude .hg -resolve-src-symlinks -rename /Users/runner/work/MyRAM-iOS/MyRAM-iOS/MyRAM-iOS/evidence/builds/DerivedData-iOS/Build/Intermediates.noindex/AnchoredSequenceCore.build/Debug-iphonesimulator/AnchoredSequenceCore.build/Objects-normal/arm64/AnchoredSequenceCore.abi.json /Users/runner/work/MyRAM-iOS/MyRAM-iOS/MyRAM-iOS/evidence/builds/DerivedData-iOS/Build/Products/Debug-iphonesimulator/AnchoredSequenceCore.swiftmodule/arm64-apple-ios-simulator.abi.json

Copy /Users/runner/work/MyRAM-iOS/MyRAM-iOS/MyRAM-iOS/evidence/builds/DerivedData-iOS/Build/Products/Debug-iphonesimulator/AnchoredSequenceCore.swiftmodule/Project/x86_64-apple-ios-simulator.swiftsourceinfo /Users/runner/work/MyRAM-iOS/MyRAM-iOS/MyRAM-iOS/evidence/builds/DerivedData-iOS/Build/Intermediates.noindex/AnchoredSequenceCore.build/Debug-iphonesimulator/AnchoredSequenceCore.build/Objects-normal/x86_64/AnchoredSequenceCore.swiftsourceinfo (in target 'AnchoredSequenceCore' from project 'AnchoredSequenceCore')
    cd /Users/runner/work/MyRAM-iOS/MyRAM-iOS/MyRAM-iOS/Packages/AnchoredSequenceCore
    builtin-copy -exclude .DS_Store -exclude CVS -exclude .svn -exclude .git -exclude .hg -resolve-src-symlinks -rename /Users/runner/work/MyRAM-iOS/MyRAM-iOS/MyRAM-iOS/evidence/builds/DerivedData-iOS/Build/Intermediates.noindex/AnchoredSequenceCore.build/Debug-iphonesimulator/AnchoredSequenceCore.build/Objects-normal/x86_64/AnchoredSequenceCore.swiftsourceinfo /Users/runner/work/MyRAM-iOS/MyRAM-iOS/MyRAM-iOS/evidence/builds/DerivedData-iOS/Build/Products/Debug-iphonesimulator/AnchoredSequenceCore.swiftmodule/Project/x86_64-apple-ios-simulator.swiftsourceinfo

Copy /Users/runner/work/MyRAM-iOS/MyRAM-iOS/MyRAM-iOS/evidence/builds/DerivedData-iOS/Build/Products/Debug-iphonesimulator/AnchoredSequenceCore.swiftmodule/Project/arm64-apple-ios-simulator.swiftsourceinfo /Users/runner/work/MyRAM-iOS/MyRAM-iOS/MyRAM-iOS/evidence/builds/DerivedData-iOS/Build/Intermediates.noindex/AnchoredSequenceCore.build/Debug-iphonesimulator/AnchoredSequenceCore.build/Objects-normal/arm64/AnchoredSequenceCore.swiftsourceinfo (in target 'AnchoredSequenceCore' from project 'AnchoredSequenceCore')
    cd /Users/runner/work/MyRAM-iOS/MyRAM-iOS/MyRAM-iOS/Packages/AnchoredSequenceCore
    builtin-copy -exclude .DS_Store -exclude CVS -exclude .svn -exclude .git -exclude .hg -resolve-src-symlinks -rename /Users/runner/work/MyRAM-iOS/MyRAM-iOS/MyRAM-iOS/evidence/builds/DerivedData-iOS/Build/Intermediates.noindex/AnchoredSequenceCore.build/Debug-iphonesimulator/AnchoredSequenceCore.build/Objects-normal/arm64/AnchoredSequenceCore.swiftsourceinfo /Users/runner/work/MyRAM-iOS/MyRAM-iOS/MyRAM-iOS/evidence/builds/DerivedData-iOS/Build/Products/Debug-iphonesimulator/AnchoredSequenceCore.swiftmodule/Project/arm64-apple-ios-simulator.swiftsourceinfo

SwiftCompile normal x86_64 Compiling\ SyncModels.swift,\ SyncQueue.swift /Users/runner/work/MyRAM-iOS/MyRAM-iOS/NearbySyncCore/Sources/NearbySyncCore/SyncModels.swift /Users/runner/work/MyRAM-iOS/MyRAM-iOS/NearbySyncCore/Sources/NearbySyncCore/SyncQueue.swift (in target 'NearbySyncCore' from project 'NearbySyncCore')

SwiftCompile normal x86_64 /Users/runner/work/MyRAM-iOS/MyRAM-iOS/NearbySyncCore/Sources/NearbySyncCore/SyncModels.swift (in target 'NearbySyncCore' from project 'NearbySyncCore')
    cd /Users/runner/work/MyRAM-iOS/MyRAM-iOS/MyRAM-iOS/MyRAM.xcodeproj
    

SwiftCompile normal x86_64 /Users/runner/work/MyRAM-iOS/MyRAM-iOS/NearbySyncCore/Sources/NearbySyncCore/SyncQueue.swift (in target 'NearbySyncCore' from project 'NearbySyncCore')
    cd /Users/runner/work/MyRAM-iOS/MyRAM-iOS/MyRAM-iOS/MyRAM.xcodeproj
    

SwiftCompile normal arm64 Compiling\ SyncModels.swift,\ SyncQueue.swift /Users/runner/work/MyRAM-iOS/MyRAM-iOS/NearbySyncCore/Sources/NearbySyncCore/SyncModels.swift /Users/runner/work/MyRAM-iOS/MyRAM-iOS/NearbySyncCore/Sources/NearbySyncCore/SyncQueue.swift (in target 'NearbySyncCore' from project 'NearbySyncCore')
SwiftCompile normal arm64 /Users/runner/work/MyRAM-iOS/MyRAM-iOS/NearbySyncCore/Sources/NearbySyncCore/SyncModels.swift (in target 'NearbySyncCore' from project 'NearbySyncCore')
    cd /Users/runner/work/MyRAM-iOS/MyRAM-iOS/MyRAM-iOS/MyRAM.xcodeproj
    

SwiftCompile normal arm64 /Users/runner/work/MyRAM-iOS/MyRAM-iOS/NearbySyncCore/Sources/NearbySyncCore/SyncQueue.swift (in target 'NearbySyncCore' from project 'NearbySyncCore')
    cd /Users/runner/work/MyRAM-iOS/MyRAM-iOS/MyRAM-iOS/MyRAM.xcodeproj
    

SwiftDriverJobDiscovery normal x86_64 Compiling SyncModels.swift, SyncQueue.swift (in target 'NearbySyncCore' from project 'NearbySyncCore')

SwiftCompile normal x86_64 Compiling\ DebouncedChangeSender.swift,\ SyncEngine.swift /Users/runner/work/MyRAM-iOS/MyRAM-iOS/NearbySyncCore/Sources/NearbySyncCore/DebouncedChangeSender.swift /Users/runner/work/MyRAM-iOS/MyRAM-iOS/NearbySyncCore/Sources/NearbySyncCore/SyncEngine.swift (in target 'NearbySyncCore' from project 'NearbySyncCore')

SwiftCompile normal x86_64 /Users/runner/work/MyRAM-iOS/MyRAM-iOS/NearbySyncCore/Sources/NearbySyncCore/DebouncedChangeSender.swift (in target 'NearbySyncCore' from project 'NearbySyncCore')
    cd /Users/runner/work/MyRAM-iOS/MyRAM-iOS/MyRAM-iOS/MyRAM.xcodeproj
    

SwiftCompile normal x86_64 /Users/runner/work/MyRAM-iOS/MyRAM-iOS/NearbySyncCore/Sources/NearbySyncCore/SyncEngine.swift (in target 'NearbySyncCore' from project 'NearbySyncCore')
    cd /Users/runner/work/MyRAM-iOS/MyRAM-iOS/MyRAM-iOS/MyRAM.xcodeproj
    

SwiftDriverJobDiscovery normal x86_64 Emitting module for MyRAMWidgetExtension (in target 'MyRAMWidgetExtension' from project 'MyRAM')

SwiftDriver\ Compilation\ Requirements MyRAMWidgetExtension normal x86_64 com.apple.xcode.tools.swift.compiler (in target 'MyRAMWidgetExtension' from project 'MyRAM')
    cd /Users/runner/work/MyRAM-iOS/MyRAM-iOS/MyRAM-iOS
    builtin-Swift-Compilation-Requirements -- /Applications/Xcode_16.4.app/Contents/Developer/Toolchains/XcodeDefault.xctoolchain/usr/bin/swiftc -module-name MyRAMWidgetExtension -Onone -enforce-exclusivity\=checked @/Users/runner/work/MyRAM-iOS/MyRAM-iOS/MyRAM-iOS/evidence/builds/DerivedData-iOS/Build/Intermediates.noindex/MyRAM.build/Debug-iphonesimulator/MyRAMWidgetExtension.build/Objects-normal/x86_64/MyRAMWidgetExtension.SwiftFileList -DDEBUG -enable-bare-slash-regex -enable-upcoming-feature MemberImportVisibility -enable-experimental-feature DebugDescriptionMacro -sdk /Applications/Xcode_16.4.app/Contents/Developer/Platforms/iPhoneSimulator.platform/Developer/SDKs/iPhoneSimulator18.5.sdk -target x86_64-apple-ios17.0-simulator -g -module-cache-path /Users/runner/work/MyRAM-iOS/MyRAM-iOS/MyRAM-iOS/evidence/builds/DerivedData-iOS/ModuleCache.noindex -Xfrontend -serialize-debugging-options -application-extension -enable-testing -index-store-path /Users/runner/work/MyRAM-iOS/MyRAM-iOS/MyRAM-iOS/evidence/builds/DerivedData-iOS/Index.noindex/DataStore -swift-version 5 -I /Users/runner/work/MyRAM-iOS/MyRAM-iOS/MyRAM-iOS/evidence/builds/DerivedData-iOS/Build/Products/Debug-iphonesimulator -F /Users/runner/work/MyRAM-iOS/MyRAM-iOS/MyRAM-iOS/evidence/builds/DerivedData-iOS/Build/Products/Debug-iphonesimulator -emit-localized-strings -emit-localized-strings-path /Users/runner/work/MyRAM-iOS/MyRAM-iOS/MyRAM-iOS/evidence/builds/DerivedData-iOS/Build/Intermediates.noindex/MyRAM.build/Debug-iphonesimulator/MyRAMWidgetExtension.build/Objects-normal/x86_64 -c -j3 -enable-batch-mode -incremental -Xcc -ivfsstatcache -Xcc /Users/runner/work/MyRAM-iOS/MyRAM-iOS/MyRAM-iOS/evidence/builds/DerivedData-iOS/SDKStatCaches.noindex/iphonesimulator18.5-22F76-96ae0914227b19deccb34b33ba7b5dea.sdkstatcache -output-file-map /Users/runner/work/MyRAM-iOS/MyRAM-iOS/MyRAM-iOS/evidence/builds/DerivedData-iOS/Build/Intermediates.noindex/MyRAM.build/Debug-iphonesimulator/MyRAMWidgetExtension.build/Objects-normal/x86_64/MyRAMWidgetExtension-OutputFileMap.json -use-frontend-parseable-output -save-temps -no-color-diagnostics -serialize-diagnostics -emit-dependencies -emit-module -emit-module-path /Users/runner/work/MyRAM-iOS/MyRAM-iOS/MyRAM-iOS/evidence/builds/DerivedData-iOS/Build/Intermediates.noindex/MyRAM.build/Debug-iphonesimulator/MyRAMWidgetExtension.build/Objects-normal/x86_64/MyRAMWidgetExtension.swiftmodule -validate-clang-modules-once -clang-build-session-file /Users/runner/work/MyRAM-iOS/MyRAM-iOS/MyRAM-iOS/evidence/builds/DerivedData-iOS/ModuleCache.noindex/Session.modulevalidation -Xcc -I/Users/runner/work/MyRAM-iOS/MyRAM-iOS/MyRAM-iOS/evidence/builds/DerivedData-iOS/Build/Intermediates.noindex/MyRAM.build/Debug-iphonesimulator/MyRAMWidgetExtension.build/swift-overrides.hmap -emit-const-values -Xfrontend -const-gather-protocols-file -Xfrontend /Users/runner/work/MyRAM-iOS/MyRAM-iOS/MyRAM-iOS/evidence/builds/DerivedData-iOS/Build/Intermediates.noindex/MyRAM.build/Debug-iphonesimulator/MyRAMWidgetExtension.build/Objects-normal/x86_64/MyRAMWidgetExtension_const_extract_protocols.json -Xcc -iquote -Xcc /Users/runner/work/MyRAM-iOS/MyRAM-iOS/MyRAM-iOS/evidence/builds/DerivedData-iOS/Build/Intermediates.noindex/MyRAM.build/Debug-iphonesimulator/MyRAMWidgetExtension.build/MyRAMWidgetExtension-generated-files.hmap -Xcc -I/Users/runner/work/MyRAM-iOS/MyRAM-iOS/MyRAM-iOS/evidence/builds/DerivedData-iOS/Build/Intermediates.noindex/MyRAM.build/Debug-iphonesimulator/MyRAMWidgetExtension.build/MyRAMWidgetExtension-own-target-headers.hmap -Xcc -I/Users/runner/work/MyRAM-iOS/MyRAM-iOS/MyRAM-iOS/evidence/builds/DerivedData-iOS/Build/Intermediates.noindex/MyRAM.build/Debug-iphonesimulator/MyRAMWidgetExtension.build/MyRAMWidgetExtension-all-non-framework-target-headers.hmap -Xcc -ivfsoverlay -Xcc /Users/runner/work/MyRAM-iOS/MyRAM-iOS/MyRAM-iOS/evidence/builds/DerivedData-iOS/Build/Intermediates.noindex/MyRAM.build/Debug-iphonesimulator/MyRAM-98a9cbde253e8e955bc92731eb290203-VFS-iphonesimulator/all-product-headers.yaml -Xcc -iquote -Xcc /Users/runner/work/MyRAM-iOS/MyRAM-iOS/MyRAM-iOS/evidence/builds/DerivedData-iOS/Build/Intermediates.noindex/MyRAM.build/Debug-iphonesimulator/MyRAMWidgetExtension.build/MyRAMWidgetExtension-project-headers.hmap -Xcc -I/Users/runner/work/MyRAM-iOS/MyRAM-iOS/MyRAM-iOS/evidence/builds/DerivedData-iOS/Build/Products/Debug-iphonesimulator/include -Xcc -I/Users/runner/work/MyRAM-iOS/MyRAM-iOS/MyRAM-iOS/evidence/builds/DerivedData-iOS/Build/Intermediates.noindex/MyRAM.build/Debug-iphonesimulator/MyRAMWidgetExtension.build/DerivedSources-normal/x86_64 -Xcc -I/Users/runner/work/MyRAM-iOS/MyRAM-iOS/MyRAM-iOS/evidence/builds/DerivedData-iOS/Build/Intermediates.noindex/MyRAM.build/Debug-iphonesimulator/MyRAMWidgetExtension.build/DerivedSources/x86_64 -Xcc -I/Users/runner/work/MyRAM-iOS/MyRAM-iOS/MyRAM-iOS/evidence/builds/DerivedData-iOS/Build/Intermediates.noindex/MyRAM.build/Debug-iphonesimulator/MyRAMWidgetExtension.build/DerivedSources -Xcc -DDEBUG\=1 -emit-objc-header -emit-objc-header-path /Users/runner/work/MyRAM-iOS/MyRAM-iOS/MyRAM-iOS/evidence/builds/DerivedData-iOS/Build/Intermediates.noindex/MyRAM.build/Debug-iphonesimulator/MyRAMWidgetExtension.build/Objects-normal/x86_64/MyRAMWidgetExtension-Swift.h -working-directory /Users/runner/work/MyRAM-iOS/MyRAM-iOS/MyRAM-iOS -experimental-emit-module-separately -disable-cmo

SwiftDriverJobDiscovery normal x86_64 Compiling DebouncedChangeSender.swift, SyncEngine.swift (in target 'NearbySyncCore' from project 'NearbySyncCore')

SwiftCompile normal arm64 Compiling\ DebouncedChangeSender.swift,\ SyncEngine.swift /Users/runner/work/MyRAM-iOS/MyRAM-iOS/NearbySyncCore/Sources/NearbySyncCore/DebouncedChangeSender.swift /Users/runner/work/MyRAM-iOS/MyRAM-iOS/NearbySyncCore/Sources/NearbySyncCore/SyncEngine.swift (in target 'NearbySyncCore' from project 'NearbySyncCore')

SwiftCompile normal arm64 /Users/runner/work/MyRAM-iOS/MyRAM-iOS/NearbySyncCore/Sources/NearbySyncCore/DebouncedChangeSender.swift (in target 'NearbySyncCore' from project 'NearbySyncCore')
    cd /Users/runner/work/MyRAM-iOS/MyRAM-iOS/MyRAM-iOS/MyRAM.xcodeproj
    

SwiftCompile normal arm64 /Users/runner/work/MyRAM-iOS/MyRAM-iOS/NearbySyncCore/Sources/NearbySyncCore/SyncEngine.swift (in target 'NearbySyncCore' from project 'NearbySyncCore')
    cd /Users/runner/work/MyRAM-iOS/MyRAM-iOS/MyRAM-iOS/MyRAM.xcodeproj
    

Copy /Users/runner/work/MyRAM-iOS/MyRAM-iOS/MyRAM-iOS/evidence/builds/DerivedData-iOS/Build/Products/Debug-iphonesimulator/MyRAMWidgetExtension.swiftmodule/x86_64-apple-ios-simulator.swiftmodule /Users/runner/work/MyRAM-iOS/MyRAM-iOS/MyRAM-iOS/evidence/builds/DerivedData-iOS/Build/Intermediates.noindex/MyRAM.build/Debug-iphonesimulator/MyRAMWidgetExtension.build/Objects-normal/x86_64/MyRAMWidgetExtension.swiftmodule (in target 'MyRAMWidgetExtension' from project 'MyRAM')
    cd /Users/runner/work/MyRAM-iOS/MyRAM-iOS/MyRAM-iOS
    builtin-copy -exclude .DS_Store -exclude CVS -exclude .svn -exclude .git -exclude .hg -resolve-src-symlinks -rename /Users/runner/work/MyRAM-iOS/MyRAM-iOS/MyRAM-iOS/evidence/builds/DerivedData-iOS/Build/Intermediates.noindex/MyRAM.build/Debug-iphonesimulator/MyRAMWidgetExtension.build/Objects-normal/x86_64/MyRAMWidgetExtension.swiftmodule /Users/runner/work/MyRAM-iOS/MyRAM-iOS/MyRAM-iOS/evidence/builds/DerivedData-iOS/Build/Products/Debug-iphonesimulator/MyRAMWidgetExtension.swiftmodule/x86_64-apple-ios-simulator.swiftmodule

SwiftDriverJobDiscovery normal arm64 Emitting module for MyRAMWidgetExtension (in target 'MyRAMWidgetExtension' from project 'MyRAM')

SwiftDriver\ Compilation\ Requirements MyRAMWidgetExtension normal arm64 com.apple.xcode.tools.swift.compiler (in target 'MyRAMWidgetExtension' from project 'MyRAM')
    cd /Users/runner/work/MyRAM-iOS/MyRAM-iOS/MyRAM-iOS
    builtin-Swift-Compilation-Requirements -- /Applications/Xcode_16.4.app/Contents/Developer/Toolchains/XcodeDefault.xctoolchain/usr/bin/swiftc -module-name MyRAMWidgetExtension -Onone -enforce-exclusivity\=checked @/Users/runner/work/MyRAM-iOS/MyRAM-iOS/MyRAM-iOS/evidence/builds/DerivedData-iOS/Build/Intermediates.noindex/MyRAM.build/Debug-iphonesimulator/MyRAMWidgetExtension.build/Objects-normal/arm64/MyRAMWidgetExtension.SwiftFileList -DDEBUG -enable-bare-slash-regex -enable-upcoming-feature MemberImportVisibility -enable-experimental-feature DebugDescriptionMacro -sdk /Applications/Xcode_16.4.app/Contents/Developer/Platforms/iPhoneSimulator.platform/Developer/SDKs/iPhoneSimulator18.5.sdk -target arm64-apple-ios17.0-simulator -g -module-cache-path /Users/runner/work/MyRAM-iOS/MyRAM-iOS/MyRAM-iOS/evidence/builds/DerivedData-iOS/ModuleCache.noindex -Xfrontend -serialize-debugging-options -application-extension -enable-testing -index-store-path /Users/runner/work/MyRAM-iOS/MyRAM-iOS/MyRAM-iOS/evidence/builds/DerivedData-iOS/Index.noindex/DataStore -swift-version 5 -I /Users/runner/work/MyRAM-iOS/MyRAM-iOS/MyRAM-iOS/evidence/builds/DerivedData-iOS/Build/Products/Debug-iphonesimulator -F /Users/runner/work/MyRAM-iOS/MyRAM-iOS/MyRAM-iOS/evidence/builds/DerivedData-iOS/Build/Products/Debug-iphonesimulator -emit-localized-strings -emit-localized-strings-path /Users/runner/work/MyRAM-iOS/MyRAM-iOS/MyRAM-iOS/evidence/builds/DerivedData-iOS/Build/Intermediates.noindex/MyRAM.build/Debug-iphonesimulator/MyRAMWidgetExtension.build/Objects-normal/arm64 -c -j3 -enable-batch-mode -incremental -Xcc -ivfsstatcache -Xcc /Users/runner/work/MyRAM-iOS/MyRAM-iOS/MyRAM-iOS/evidence/builds/DerivedData-iOS/SDKStatCaches.noindex/iphonesimulator18.5-22F76-96ae0914227b19deccb34b33ba7b5dea.sdkstatcache -output-file-map /Users/runner/work/MyRAM-iOS/MyRAM-iOS/MyRAM-iOS/evidence/builds/DerivedData-iOS/Build/Intermediates.noindex/MyRAM.build/Debug-iphonesimulator/MyRAMWidgetExtension.build/Objects-normal/arm64/MyRAMWidgetExtension-OutputFileMap.json -use-frontend-parseable-output -save-temps -no-color-diagnostics -serialize-diagnostics -emit-dependencies -emit-module -emit-module-path /Users/runner/work/MyRAM-iOS/MyRAM-iOS/MyRAM-iOS/evidence/builds/DerivedData-iOS/Build/Intermediates.noindex/MyRAM.build/Debug-iphonesimulator/MyRAMWidgetExtension.build/Objects-normal/arm64/MyRAMWidgetExtension.swiftmodule -validate-clang-modules-once -clang-build-session-file /Users/runner/work/MyRAM-iOS/MyRAM-iOS/MyRAM-iOS/evidence/builds/DerivedData-iOS/ModuleCache.noindex/Session.modulevalidation -Xcc -I/Users/runner/work/MyRAM-iOS/MyRAM-iOS/MyRAM-iOS/evidence/builds/DerivedData-iOS/Build/Intermediates.noindex/MyRAM.build/Debug-iphonesimulator/MyRAMWidgetExtension.build/swift-overrides.hmap -emit-const-values -Xfrontend -const-gather-protocols-file -Xfrontend /Users/runner/work/MyRAM-iOS/MyRAM-iOS/MyRAM-iOS/evidence/builds/DerivedData-iOS/Build/Intermediates.noindex/MyRAM.build/Debug-iphonesimulator/MyRAMWidgetExtension.build/Objects-normal/arm64/MyRAMWidgetExtension_const_extract_protocols.json -Xcc -iquote -Xcc /Users/runner/work/MyRAM-iOS/MyRAM-iOS/MyRAM-iOS/evidence/builds/DerivedData-iOS/Build/Intermediates.noindex/MyRAM.build/Debug-iphonesimulator/MyRAMWidgetExtension.build/MyRAMWidgetExtension-generated-files.hmap -Xcc -I/Users/runner/work/MyRAM-iOS/MyRAM-iOS/MyRAM-iOS/evidence/builds/DerivedData-iOS/Build/Intermediates.noindex/MyRAM.build/Debug-iphonesimulator/MyRAMWidgetExtension.build/MyRAMWidgetExtension-own-target-headers.hmap -Xcc -I/Users/runner/work/MyRAM-iOS/MyRAM-iOS/MyRAM-iOS/evidence/builds/DerivedData-iOS/Build/Intermediates.noindex/MyRAM.build/Debug-iphonesimulator/MyRAMWidgetExtension.build/MyRAMWidgetExtension-all-non-framework-target-headers.hmap -Xcc -ivfsoverlay -Xcc /Users/runner/work/MyRAM-iOS/MyRAM-iOS/MyRAM-iOS/evidence/builds/DerivedData-iOS/Build/Intermediates.noindex/MyRAM.build/Debug-iphonesimulator/MyRAM-98a9cbde253e8e955bc92731eb290203-VFS-iphonesimulator/all-product-headers.yaml -Xcc -iquote -Xcc /Users/runner/work/MyRAM-iOS/MyRAM-iOS/MyRAM-iOS/evidence/builds/DerivedData-iOS/Build/Intermediates.noindex/MyRAM.build/Debug-iphonesimulator/MyRAMWidgetExtension.build/MyRAMWidgetExtension-project-headers.hmap -Xcc -I/Users/runner/work/MyRAM-iOS/MyRAM-iOS/MyRAM-iOS/evidence/builds/DerivedData-iOS/Build/Products/Debug-iphonesimulator/include -Xcc -I/Users/runner/work/MyRAM-iOS/MyRAM-iOS/MyRAM-iOS/evidence/builds/DerivedData-iOS/Build/Intermediates.noindex/MyRAM.build/Debug-iphonesimulator/MyRAMWidgetExtension.build/DerivedSources-normal/arm64 -Xcc -I/Users/runner/work/MyRAM-iOS/MyRAM-iOS/MyRAM-iOS/evidence/builds/DerivedData-iOS/Build/Intermediates.noindex/MyRAM.build/Debug-iphonesimulator/MyRAMWidgetExtension.build/DerivedSources/arm64 -Xcc -I/Users/runner/work/MyRAM-iOS/MyRAM-iOS/MyRAM-iOS/evidence/builds/DerivedData-iOS/Build/Intermediates.noindex/MyRAM.build/Debug-iphonesimulator/MyRAMWidgetExtension.build/DerivedSources -Xcc -DDEBUG\=1 -emit-objc-header -emit-objc-header-path /Users/runner/work/MyRAM-iOS/MyRAM-iOS/MyRAM-iOS/evidence/builds/DerivedData-iOS/Build/Intermediates.noindex/MyRAM.build/Debug-iphonesimulator/MyRAMWidgetExtension.build/Objects-normal/arm64/MyRAMWidgetExtension-Swift.h -working-directory /Users/runner/work/MyRAM-iOS/MyRAM-iOS/MyRAM-iOS -experimental-emit-module-separately -disable-cmo

Copy /Users/runner/work/MyRAM-iOS/MyRAM-iOS/MyRAM-iOS/evidence/builds/DerivedData-iOS/Build/Products/Debug-iphonesimulator/MyRAMWidgetExtension.swiftmodule/x86_64-apple-ios-simulator.swiftdoc /Users/runner/work/MyRAM-iOS/MyRAM-iOS/MyRAM-iOS/evidence/builds/DerivedData-iOS/Build/Intermediates.noindex/MyRAM.build/Debug-iphonesimulator/MyRAMWidgetExtension.build/Objects-normal/x86_64/MyRAMWidgetExtension.swiftdoc (in target 'MyRAMWidgetExtension' from project 'MyRAM')
    cd /Users/runner/work/MyRAM-iOS/MyRAM-iOS/MyRAM-iOS
    builtin-copy -exclude .DS_Store -exclude CVS -exclude .svn -exclude .git -exclude .hg -resolve-src-symlinks -rename /Users/runner/work/MyRAM-iOS/MyRAM-iOS/MyRAM-iOS/evidence/builds/DerivedData-iOS/Build/Intermediates.noindex/MyRAM.build/Debug-iphonesimulator/MyRAMWidgetExtension.build/Objects-normal/x86_64/MyRAMWidgetExtension.swiftdoc /Users/runner/work/MyRAM-iOS/MyRAM-iOS/MyRAM-iOS/evidence/builds/DerivedData-iOS/Build/Products/Debug-iphonesimulator/MyRAMWidgetExtension.swiftmodule/x86_64-apple-ios-simulator.swiftdoc

SwiftMergeGeneratedHeaders /Users/runner/work/MyRAM-iOS/MyRAM-iOS/MyRAM-iOS/evidence/builds/DerivedData-iOS/Build/Intermediates.noindex/MyRAM.build/Debug-iphonesimulator/MyRAMWidgetExtension.build/DerivedSources/MyRAMWidgetExtension-Swift.h /Users/runner/work/MyRAM-iOS/MyRAM-iOS/MyRAM-iOS/evidence/builds/DerivedData-iOS/Build/Intermediates.noindex/MyRAM.build/Debug-iphonesimulator/MyRAMWidgetExtension.build/Objects-normal/arm64/MyRAMWidgetExtension-Swift.h /Users/runner/work/MyRAM-iOS/MyRAM-iOS/MyRAM-iOS/evidence/builds/DerivedData-iOS/Build/Intermediates.noindex/MyRAM.build/Debug-iphonesimulator/MyRAMWidgetExtension.build/Objects-normal/x86_64/MyRAMWidgetExtension-Swift.h (in target 'MyRAMWidgetExtension' from project 'MyRAM')
    cd /Users/runner/work/MyRAM-iOS/MyRAM-iOS/MyRAM-iOS
    builtin-swiftHeaderTool -arch arm64 /Users/runner/work/MyRAM-iOS/MyRAM-iOS/MyRAM-iOS/evidence/builds/DerivedData-iOS/Build/Intermediates.noindex/MyRAM.build/Debug-iphonesimulator/MyRAMWidgetExtension.build/Objects-normal/arm64/MyRAMWidgetExtension-Swift.h -arch x86_64 /Users/runner/work/MyRAM-iOS/MyRAM-iOS/MyRAM-iOS/evidence/builds/DerivedData-iOS/Build/Intermediates.noindex/MyRAM.build/Debug-iphonesimulator/MyRAMWidgetExtension.build/Objects-normal/x86_64/MyRAMWidgetExtension-Swift.h -o /Users/runner/work/MyRAM-iOS/MyRAM-iOS/MyRAM-iOS/evidence/builds/DerivedData-iOS/Build/Intermediates.noindex/MyRAM.build/Debug-iphonesimulator/MyRAMWidgetExtension.build/DerivedSources/MyRAMWidgetExtension-Swift.h

Copy /Users/runner/work/MyRAM-iOS/MyRAM-iOS/MyRAM-iOS/evidence/builds/DerivedData-iOS/Build/Products/Debug-iphonesimulator/MyRAMWidgetExtension.swiftmodule/x86_64-apple-ios-simulator.abi.json /Users/runner/work/MyRAM-iOS/MyRAM-iOS/MyRAM-iOS/evidence/builds/DerivedData-iOS/Build/Intermediates.noindex/MyRAM.build/Debug-iphonesimulator/MyRAMWidgetExtension.build/Objects-normal/x86_64/MyRAMWidgetExtension.abi.json (in target 'MyRAMWidgetExtension' from project 'MyRAM')
    cd /Users/runner/work/MyRAM-iOS/MyRAM-iOS/MyRAM-iOS
    builtin-copy -exclude .DS_Store -exclude CVS -exclude .svn -exclude .git -exclude .hg -resolve-src-symlinks -rename /Users/runner/work/MyRAM-iOS/MyRAM-iOS/MyRAM-iOS/evidence/builds/DerivedData-iOS/Build/Intermediates.noindex/MyRAM.build/Debug-iphonesimulator/MyRAMWidgetExtension.build/Objects-normal/x86_64/MyRAMWidgetExtension.abi.json /Users/runner/work/MyRAM-iOS/MyRAM-iOS/MyRAM-iOS/evidence/builds/DerivedData-iOS/Build/Products/Debug-iphonesimulator/MyRAMWidgetExtension.swiftmodule/x86_64-apple-ios-simulator.abi.json

Copy /Users/runner/work/MyRAM-iOS/MyRAM-iOS/MyRAM-iOS/evidence/builds/DerivedData-iOS/Build/Products/Debug-iphonesimulator/MyRAMWidgetExtension.swiftmodule/arm64-apple-ios-simulator.swiftmodule /Users/runner/work/MyRAM-iOS/MyRAM-iOS/MyRAM-iOS/evidence/builds/DerivedData-iOS/Build/Intermediates.noindex/MyRAM.build/Debug-iphonesimulator/MyRAMWidgetExtension.build/Objects-normal/arm64/MyRAMWidgetExtension.swiftmodule (in target 'MyRAMWidgetExtension' from project 'MyRAM')
    cd /Users/runner/work/MyRAM-iOS/MyRAM-iOS/MyRAM-iOS
    builtin-copy -exclude .DS_Store -exclude CVS -exclude .svn -exclude .git -exclude .hg -resolve-src-symlinks -rename /Users/runner/work/MyRAM-iOS/MyRAM-iOS/MyRAM-iOS/evidence/builds/DerivedData-iOS/Build/Intermediates.noindex/MyRAM.build/Debug-iphonesimulator/MyRAMWidgetExtension.build/Objects-normal/arm64/MyRAMWidgetExtension.swiftmodule /Users/runner/work/MyRAM-iOS/MyRAM-iOS/MyRAM-iOS/evidence/builds/DerivedData-iOS/Build/Products/Debug-iphonesimulator/MyRAMWidgetExtension.swiftmodule/arm64-apple-ios-simulator.swiftmodule

Copy /Users/runner/work/MyRAM-iOS/MyRAM-iOS/MyRAM-iOS/evidence/builds/DerivedData-iOS/Build/Products/Debug-iphonesimulator/MyRAMWidgetExtension.swiftmodule/arm64-apple-ios-simulator.swiftdoc /Users/runner/work/MyRAM-iOS/MyRAM-iOS/MyRAM-iOS/evidence/builds/DerivedData-iOS/Build/Intermediates.noindex/MyRAM.build/Debug-iphonesimulator/MyRAMWidgetExtension.build/Objects-normal/arm64/MyRAMWidgetExtension.swiftdoc (in target 'MyRAMWidgetExtension' from project 'MyRAM')
    cd /Users/runner/work/MyRAM-iOS/MyRAM-iOS/MyRAM-iOS
    builtin-copy -exclude .DS_Store -exclude CVS -exclude .svn -exclude .git -exclude .hg -resolve-src-symlinks -rename /Users/runner/work/MyRAM-iOS/MyRAM-iOS/MyRAM-iOS/evidence/builds/DerivedData-iOS/Build/Intermediates.noindex/MyRAM.build/Debug-iphonesimulator/MyRAMWidgetExtension.build/Objects-normal/arm64/MyRAMWidgetExtension.swiftdoc /Users/runner/work/MyRAM-iOS/MyRAM-iOS/MyRAM-iOS/evidence/builds/DerivedData-iOS/Build/Products/Debug-iphonesimulator/MyRAMWidgetExtension.swiftmodule/arm64-apple-ios-simulator.swiftdoc

Copy /Users/runner/work/MyRAM-iOS/MyRAM-iOS/MyRAM-iOS/evidence/builds/DerivedData-iOS/Build/Products/Debug-iphonesimulator/MyRAMWidgetExtension.swiftmodule/arm64-apple-ios-simulator.abi.json /Users/runner/work/MyRAM-iOS/MyRAM-iOS/MyRAM-iOS/evidence/builds/DerivedData-iOS/Build/Intermediates.noindex/MyRAM.build/Debug-iphonesimulator/MyRAMWidgetExtension.build/Objects-normal/arm64/MyRAMWidgetExtension.abi.json (in target 'MyRAMWidgetExtension' from project 'MyRAM')
    cd /Users/runner/work/MyRAM-iOS/MyRAM-iOS/MyRAM-iOS
    builtin-copy -exclude .DS_Store -exclude CVS -exclude .svn -exclude .git -exclude .hg -resolve-src-symlinks -rename /Users/runner/work/MyRAM-iOS/MyRAM-iOS/MyRAM-iOS/evidence/builds/DerivedData-iOS/Build/Intermediates.noindex/MyRAM.build/Debug-iphonesimulator/MyRAMWidgetExtension.build/Objects-normal/arm64/MyRAMWidgetExtension.abi.json /Users/runner/work/MyRAM-iOS/MyRAM-iOS/MyRAM-iOS/evidence/builds/DerivedData-iOS/Build/Products/Debug-iphonesimulator/MyRAMWidgetExtension.swiftmodule/arm64-apple-ios-simulator.abi.json

Copy /Users/runner/work/MyRAM-iOS/MyRAM-iOS/MyRAM-iOS/evidence/builds/DerivedData-iOS/Build/Products/Debug-iphonesimulator/MyRAMWidgetExtension.swiftmodule/Project/x86_64-apple-ios-simulator.swiftsourceinfo /Users/runner/work/MyRAM-iOS/MyRAM-iOS/MyRAM-iOS/evidence/builds/DerivedData-iOS/Build/Intermediates.noindex/MyRAM.build/Debug-iphonesimulator/MyRAMWidgetExtension.build/Objects-normal/x86_64/MyRAMWidgetExtension.swiftsourceinfo (in target 'MyRAMWidgetExtension' from project 'MyRAM')
    cd /Users/runner/work/MyRAM-iOS/MyRAM-iOS/MyRAM-iOS
    builtin-copy -exclude .DS_Store -exclude CVS -exclude .svn -exclude .git -exclude .hg -resolve-src-symlinks -rename /Users/runner/work/MyRAM-iOS/MyRAM-iOS/MyRAM-iOS/evidence/builds/DerivedData-iOS/Build/Intermediates.noindex/MyRAM.build/Debug-iphonesimulator/MyRAMWidgetExtension.build/Objects-normal/x86_64/MyRAMWidgetExtension.swiftsourceinfo /Users/runner/work/MyRAM-iOS/MyRAM-iOS/MyRAM-iOS/evidence/builds/DerivedData-iOS/Build/Products/Debug-iphonesimulator/MyRAMWidgetExtension.swiftmodule/Project/x86_64-apple-ios-simulator.swiftsourceinfo

Copy /Users/runner/work/MyRAM-iOS/MyRAM-iOS/MyRAM-iOS/evidence/builds/DerivedData-iOS/Build/Products/Debug-iphonesimulator/MyRAMWidgetExtension.swiftmodule/Project/arm64-apple-ios-simulator.swiftsourceinfo /Users/runner/work/MyRAM-iOS/MyRAM-iOS/MyRAM-iOS/evidence/builds/DerivedData-iOS/Build/Intermediates.noindex/MyRAM.build/Debug-iphonesimulator/MyRAMWidgetExtension.build/Objects-normal/arm64/MyRAMWidgetExtension.swiftsourceinfo (in target 'MyRAMWidgetExtension' from project 'MyRAM')
    cd /Users/runner/work/MyRAM-iOS/MyRAM-iOS/MyRAM-iOS
    builtin-copy -exclude .DS_Store -exclude CVS -exclude .svn -exclude .git -exclude .hg -resolve-src-symlinks -rename /Users/runner/work/MyRAM-iOS/MyRAM-iOS/MyRAM-iOS/evidence/builds/DerivedData-iOS/Build/Intermediates.noindex/MyRAM.build/Debug-iphonesimulator/MyRAMWidgetExtension.build/Objects-normal/arm64/MyRAMWidgetExtension.swiftsourceinfo /Users/runner/work/MyRAM-iOS/MyRAM-iOS/MyRAM-iOS/evidence/builds/DerivedData-iOS/Build/Products/Debug-iphonesimulator/MyRAMWidgetExtension.swiftmodule/Project/arm64-apple-ios-simulator.swiftsourceinfo

SwiftCompile normal x86_64 Compiling\ SyncStore.swift,\ TrustedPeerStore.swift /Users/runner/work/MyRAM-iOS/MyRAM-iOS/NearbySyncCore/Sources/NearbySyncCore/SyncStore.swift /Users/runner/work/MyRAM-iOS/MyRAM-iOS/NearbySyncCore/Sources/NearbySyncCore/TrustedPeerStore.swift (in target 'NearbySyncCore' from project 'NearbySyncCore')

SwiftCompile normal x86_64 /Users/runner/work/MyRAM-iOS/MyRAM-iOS/NearbySyncCore/Sources/NearbySyncCore/SyncStore.swift (in target 'NearbySyncCore' from project 'NearbySyncCore')
    cd /Users/runner/work/MyRAM-iOS/MyRAM-iOS/MyRAM-iOS/MyRAM.xcodeproj
    

SwiftCompile normal x86_64 /Users/runner/work/MyRAM-iOS/MyRAM-iOS/NearbySyncCore/Sources/NearbySyncCore/TrustedPeerStore.swift (in target 'NearbySyncCore' from project 'NearbySyncCore')
    cd /Users/runner/work/MyRAM-iOS/MyRAM-iOS/MyRAM-iOS/MyRAM.xcodeproj
    

SwiftCompile normal arm64 Compiling\ SyncStore.swift,\ TrustedPeerStore.swift /Users/runner/work/MyRAM-iOS/MyRAM-iOS/NearbySyncCore/Sources/NearbySyncCore/SyncStore.swift /Users/runner/work/MyRAM-iOS/MyRAM-iOS/NearbySyncCore/Sources/NearbySyncCore/TrustedPeerStore.swift (in target 'NearbySyncCore' from project 'NearbySyncCore')
SwiftCompile normal arm64 /Users/runner/work/MyRAM-iOS/MyRAM-iOS/NearbySyncCore/Sources/NearbySyncCore/SyncStore.swift (in target 'NearbySyncCore' from project 'NearbySyncCore')
    cd /Users/runner/work/MyRAM-iOS/MyRAM-iOS/MyRAM-iOS/MyRAM.xcodeproj
    

SwiftCompile normal arm64 /Users/runner/work/MyRAM-iOS/MyRAM-iOS/NearbySyncCore/Sources/NearbySyncCore/TrustedPeerStore.swift (in target 'NearbySyncCore' from project 'NearbySyncCore')
    cd /Users/runner/work/MyRAM-iOS/MyRAM-iOS/MyRAM-iOS/MyRAM.xcodeproj
    

SwiftDriverJobDiscovery normal x86_64 Compiling SyncStore.swift, TrustedPeerStore.swift (in target 'NearbySyncCore' from project 'NearbySyncCore')

SwiftDriver\ Compilation NearbySyncCore normal x86_64 com.apple.xcode.tools.swift.compiler (in target 'NearbySyncCore' from project 'NearbySyncCore')
    cd /Users/runner/work/MyRAM-iOS/MyRAM-iOS/MyRAM-iOS/MyRAM.xcodeproj
    builtin-Swift-Compilation -- /Applications/Xcode_16.4.app/Contents/Developer/Toolchains/XcodeDefault.xctoolchain/usr/bin/swiftc -module-name NearbySyncCore -Onone -enforce-exclusivity\=checked @/Users/runner/work/MyRAM-iOS/MyRAM-iOS/MyRAM-iOS/evidence/builds/DerivedData-iOS/Build/Intermediates.noindex/NearbySyncCore.build/Debug-iphonesimulator/NearbySyncCore.build/Objects-normal/x86_64/NearbySyncCore.SwiftFileList -DSWIFT_PACKAGE -DDEBUG -DXcode -plugin-path /Applications/Xcode_16.4.app/Contents/Developer/Toolchains/XcodeDefault.xctoolchain/usr/lib/swift/host/plugins/testing -enable-experimental-feature DebugDescriptionMacro -sdk /Applications/Xcode_16.4.app/Contents/Developer/Platforms/iPhoneSimulator.platform/Developer/SDKs/iPhoneSimulator18.5.sdk -target x86_64-apple-ios17.0-simulator -g -module-cache-path /Users/runner/work/MyRAM-iOS/MyRAM-iOS/MyRAM-iOS/evidence/builds/DerivedData-iOS/ModuleCache.noindex -Xfrontend -serialize-debugging-options -enable-testing -suppress-warnings -index-store-path /Users/runner/work/MyRAM-iOS/MyRAM-iOS/MyRAM-iOS/evidence/builds/DerivedData-iOS/Index.noindex/DataStore -swift-version 5 -I /Users/runner/work/MyRAM-iOS/MyRAM-iOS/MyRAM-iOS/evidence/builds/DerivedData-iOS/Build/Products/Debug-iphonesimulator -I /Applications/Xcode_16.4.app/Contents/Developer/Platforms/iPhoneSimulator.platform/Developer/usr/lib -F /Users/runner/work/MyRAM-iOS/MyRAM-iOS/MyRAM-iOS/evidence/builds/DerivedData-iOS/Build/Products/Debug-iphonesimulator -F /Applications/Xcode_16.4.app/Contents/Developer/Platforms/iPhoneSimulator.platform/Developer/Library/Frameworks -F /Applications/Xcode_16.4.app/Contents/Developer/Platforms/iPhoneSimulator.platform/Developer/SDKs/iPhoneSimulator18.5.sdk/Developer/Library/Frameworks -c -j3 -enable-batch-mode -incremental -Xcc -ivfsstatcache -Xcc /Users/runner/work/MyRAM-iOS/MyRAM-iOS/MyRAM-iOS/evidence/builds/DerivedData-iOS/SDKStatCaches.noindex/iphonesimulator18.5-22F76-96ae0914227b19deccb34b33ba7b5dea.sdkstatcache -output-file-map /Users/runner/work/MyRAM-iOS/MyRAM-iOS/MyRAM-iOS/evidence/builds/DerivedData-iOS/Build/Intermediates.noindex/NearbySyncCore.build/Debug-iphonesimulator/NearbySyncCore.build/Objects-normal/x86_64/NearbySyncCore-OutputFileMap.json -use-frontend-parseable-output -save-temps -no-color-diagnostics -serialize-diagnostics -emit-dependencies -emit-module -emit-module-path /Users/runner/work/MyRAM-iOS/MyRAM-iOS/MyRAM-iOS/evidence/builds/DerivedData-iOS/Build/Intermediates.noindex/NearbySyncCore.build/Debug-iphonesimulator/NearbySyncCore.build/Objects-normal/x86_64/NearbySyncCore.swiftmodule -validate-clang-modules-once -clang-build-session-file /Users/runner/work/MyRAM-iOS/MyRAM-iOS/MyRAM-iOS/evidence/builds/DerivedData-iOS/ModuleCache.noindex/Session.modulevalidation -package-name nearbysynccore -Xcc -I/Users/runner/work/MyRAM-iOS/MyRAM-iOS/MyRAM-iOS/evidence/builds/DerivedData-iOS/Build/Intermediates.noindex/NearbySyncCore.build/Debug-iphonesimulator/NearbySyncCore.build/swift-overrides.hmap -emit-const-values -Xfrontend -const-gather-protocols-file -Xfrontend /Users/runner/work/MyRAM-iOS/MyRAM-iOS/MyRAM-iOS/evidence/builds/DerivedData-iOS/Build/Intermediates.noindex/NearbySyncCore.build/Debug-iphonesimulator/NearbySyncCore.build/Objects-normal/x86_64/NearbySyncCore_const_extract_protocols.json -Xcc -I/Users/runner/work/MyRAM-iOS/MyRAM-iOS/MyRAM-iOS/evidence/builds/DerivedData-iOS/Build/Products/Debug-iphonesimulator/include -Xcc -I/Users/runner/work/MyRAM-iOS/MyRAM-iOS/MyRAM-iOS/evidence/builds/DerivedData-iOS/Build/Intermediates.noindex/NearbySyncCore.build/Debug-iphonesimulator/NearbySyncCore.build/DerivedSources-normal/x86_64 -Xcc -I/Users/runner/work/MyRAM-iOS/MyRAM-iOS/MyRAM-iOS/evidence/builds/DerivedData-iOS/Build/Intermediates.noindex/NearbySyncCore.build/Debug-iphonesimulator/NearbySyncCore.build/DerivedSources/x86_64 -Xcc -I/Users/runner/work/MyRAM-iOS/MyRAM-iOS/MyRAM-iOS/evidence/builds/DerivedData-iOS/Build/Intermediates.noindex/NearbySyncCore.build/Debug-iphonesimulator/NearbySyncCore.build/DerivedSources -Xcc -DSWIFT_PACKAGE -Xcc -DDEBUG\=1 -emit-objc-header -emit-objc-header-path /Users/runner/work/MyRAM-iOS/MyRAM-iOS/MyRAM-iOS/evidence/builds/DerivedData-iOS/Build/Intermediates.noindex/NearbySyncCore.build/Debug-iphonesimulator/NearbySyncCore.build/Objects-normal/x86_64/NearbySyncCore-Swift.h -working-directory /Users/runner/work/MyRAM-iOS/MyRAM-iOS/MyRAM-iOS/MyRAM.xcodeproj -experimental-emit-module-separately -disable-cmo

SwiftDriverJobDiscovery normal arm64 Compiling DebouncedChangeSender.swift, SyncEngine.swift (in target 'NearbySyncCore' from project 'NearbySyncCore')

SwiftCompile normal arm64 Compiling\ MyRAMWidget.swift,\ MyRAMWidgetSnapshot.swift,\ MyRAMWidgetRuntimeConfiguration.swift /Users/runner/work/MyRAM-iOS/MyRAM-iOS/MyRAM-iOS/MyRAMWidget/MyRAMWidget.swift /Users/runner/work/MyRAM-iOS/MyRAM-iOS/MyRAM-iOS/MyRAM/WidgetShared/MyRAMWidgetSnapshot.swift /Users/runner/work/MyRAM-iOS/MyRAM-iOS/MyRAM-iOS/MyRAM/WidgetShared/MyRAMWidgetRuntimeConfiguration.swift (in target 'MyRAMWidgetExtension' from project 'MyRAM')
SwiftCompile normal arm64 /Users/runner/work/MyRAM-iOS/MyRAM-iOS/MyRAM-iOS/MyRAMWidget/MyRAMWidget.swift (in target 'MyRAMWidgetExtension' from project 'MyRAM')
    cd /Users/runner/work/MyRAM-iOS/MyRAM-iOS/MyRAM-iOS
    

SwiftCompile normal arm64 /Users/runner/work/MyRAM-iOS/MyRAM-iOS/MyRAM-iOS/MyRAM/WidgetShared/MyRAMWidgetSnapshot.swift (in target 'MyRAMWidgetExtension' from project 'MyRAM')
    cd /Users/runner/work/MyRAM-iOS/MyRAM-iOS/MyRAM-iOS
    

SwiftCompile normal arm64 /Users/runner/work/MyRAM-iOS/MyRAM-iOS/MyRAM-iOS/MyRAM/WidgetShared/MyRAMWidgetRuntimeConfiguration.swift (in target 'MyRAMWidgetExtension' from project 'MyRAM')
    cd /Users/runner/work/MyRAM-iOS/MyRAM-iOS/MyRAM-iOS
    

SwiftCompile normal arm64 Compiling\ MyRAMWidgetSnapshotStore.swift,\ MyRAMWidgetContentSelectionPolicy.swift,\ GeneratedAssetSymbols.swift /Users/runner/work/MyRAM-iOS/MyRAM-iOS/MyRAM-iOS/MyRAM/WidgetShared/MyRAMWidgetSnapshotStore.swift /Users/runner/work/MyRAM-iOS/MyRAM-iOS/MyRAM-iOS/MyRAM/WidgetShared/MyRAMWidgetContentSelectionPolicy.swift /Users/runner/work/MyRAM-iOS/MyRAM-iOS/MyRAM-iOS/evidence/builds/DerivedData-iOS/Build/Intermediates.noindex/MyRAM.build/Debug-iphonesimulator/MyRAMWidgetExtension.build/DerivedSources/GeneratedAssetSymbols.swift (in target 'MyRAMWidgetExtension' from project 'MyRAM')

SwiftCompile normal arm64 /Users/runner/work/MyRAM-iOS/MyRAM-iOS/MyRAM-iOS/MyRAM/WidgetShared/MyRAMWidgetSnapshotStore.swift (in target 'MyRAMWidgetExtension' from project 'MyRAM')
    cd /Users/runner/work/MyRAM-iOS/MyRAM-iOS/MyRAM-iOS
    

SwiftCompile normal arm64 /Users/runner/work/MyRAM-iOS/MyRAM-iOS/MyRAM-iOS/MyRAM/WidgetShared/MyRAMWidgetContentSelectionPolicy.swift (in target 'MyRAMWidgetExtension' from project 'MyRAM')
    cd /Users/runner/work/MyRAM-iOS/MyRAM-iOS/MyRAM-iOS
    

SwiftCompile normal arm64 /Users/runner/work/MyRAM-iOS/MyRAM-iOS/MyRAM-iOS/evidence/builds/DerivedData-iOS/Build/Intermediates.noindex/MyRAM.build/Debug-iphonesimulator/MyRAMWidgetExtension.build/DerivedSources/GeneratedAssetSymbols.swift (in target 'MyRAMWidgetExtension' from project 'MyRAM')
    cd /Users/runner/work/MyRAM-iOS/MyRAM-iOS/MyRAM-iOS
    

SwiftDriverJobDiscovery normal arm64 Compiling SyncModels.swift, SyncQueue.swift (in target 'NearbySyncCore' from project 'NearbySyncCore')

SwiftCompile normal x86_64 Compiling\ MyRAMWidgetSnapshotCodec.swift,\ MyRAMWidgetDeepLink.swift,\ MyRAMWidgetBundle.swift /Users/runner/work/MyRAM-iOS/MyRAM-iOS/MyRAM-iOS/MyRAM/WidgetShared/MyRAMWidgetSnapshotCodec.swift /Users/runner/work/MyRAM-iOS/MyRAM-iOS/MyRAM-iOS/MyRAM/WidgetShared/MyRAMWidgetDeepLink.swift /Users/runner/work/MyRAM-iOS/MyRAM-iOS/MyRAM-iOS/MyRAMWidget/MyRAMWidgetBundle.swift (in target 'MyRAMWidgetExtension' from project 'MyRAM')
SwiftCompile normal x86_64 /Users/runner/work/MyRAM-iOS/MyRAM-iOS/MyRAM-iOS/MyRAM/WidgetShared/MyRAMWidgetSnapshotCodec.swift (in target 'MyRAMWidgetExtension' from project 'MyRAM')
    cd /Users/runner/work/MyRAM-iOS/MyRAM-iOS/MyRAM-iOS
    

SwiftCompile normal x86_64 /Users/runner/work/MyRAM-iOS/MyRAM-iOS/MyRAM-iOS/MyRAM/WidgetShared/MyRAMWidgetDeepLink.swift (in target 'MyRAMWidgetExtension' from project 'MyRAM')
    cd /Users/runner/work/MyRAM-iOS/MyRAM-iOS/MyRAM-iOS
    

SwiftCompile normal x86_64 /Users/runner/work/MyRAM-iOS/MyRAM-iOS/MyRAM-iOS/MyRAMWidget/MyRAMWidgetBundle.swift (in target 'MyRAMWidgetExtension' from project 'MyRAM')
    cd /Users/runner/work/MyRAM-iOS/MyRAM-iOS/MyRAM-iOS
    

SwiftDriverJobDiscovery normal arm64 Compiling SyncStore.swift, TrustedPeerStore.swift (in target 'NearbySyncCore' from project 'NearbySyncCore')

SwiftDriver\ Compilation NearbySyncCore normal arm64 com.apple.xcode.tools.swift.compiler (in target 'NearbySyncCore' from project 'NearbySyncCore')
    cd /Users/runner/work/MyRAM-iOS/MyRAM-iOS/MyRAM-iOS/MyRAM.xcodeproj
    builtin-Swift-Compilation -- /Applications/Xcode_16.4.app/Contents/Developer/Toolchains/XcodeDefault.xctoolchain/usr/bin/swiftc -module-name NearbySyncCore -Onone -enforce-exclusivity\=checked @/Users/runner/work/MyRAM-iOS/MyRAM-iOS/MyRAM-iOS/evidence/builds/DerivedData-iOS/Build/Intermediates.noindex/NearbySyncCore.build/Debug-iphonesimulator/NearbySyncCore.build/Objects-normal/arm64/NearbySyncCore.SwiftFileList -DSWIFT_PACKAGE -DDEBUG -DXcode -plugin-path /Applications/Xcode_16.4.app/Contents/Developer/Toolchains/XcodeDefault.xctoolchain/usr/lib/swift/host/plugins/testing -enable-experimental-feature DebugDescriptionMacro -sdk /Applications/Xcode_16.4.app/Contents/Developer/Platforms/iPhoneSimulator.platform/Developer/SDKs/iPhoneSimulator18.5.sdk -target arm64-apple-ios17.0-simulator -g -module-cache-path /Users/runner/work/MyRAM-iOS/MyRAM-iOS/MyRAM-iOS/evidence/builds/DerivedData-iOS/ModuleCache.noindex -Xfrontend -serialize-debugging-options -enable-testing -suppress-warnings -index-store-path /Users/runner/work/MyRAM-iOS/MyRAM-iOS/MyRAM-iOS/evidence/builds/DerivedData-iOS/Index.noindex/DataStore -swift-version 5 -I /Users/runner/work/MyRAM-iOS/MyRAM-iOS/MyRAM-iOS/evidence/builds/DerivedData-iOS/Build/Products/Debug-iphonesimulator -I /Applications/Xcode_16.4.app/Contents/Developer/Platforms/iPhoneSimulator.platform/Developer/usr/lib -F /Users/runner/work/MyRAM-iOS/MyRAM-iOS/MyRAM-iOS/evidence/builds/DerivedData-iOS/Build/Products/Debug-iphonesimulator -F /Applications/Xcode_16.4.app/Contents/Developer/Platforms/iPhoneSimulator.platform/Developer/Library/Frameworks -F /Applications/Xcode_16.4.app/Contents/Developer/Platforms/iPhoneSimulator.platform/Developer/SDKs/iPhoneSimulator18.5.sdk/Developer/Library/Frameworks -c -j3 -enable-batch-mode -incremental -Xcc -ivfsstatcache -Xcc /Users/runner/work/MyRAM-iOS/MyRAM-iOS/MyRAM-iOS/evidence/builds/DerivedData-iOS/SDKStatCaches.noindex/iphonesimulator18.5-22F76-96ae0914227b19deccb34b33ba7b5dea.sdkstatcache -output-file-map /Users/runner/work/MyRAM-iOS/MyRAM-iOS/MyRAM-iOS/evidence/builds/DerivedData-iOS/Build/Intermediates.noindex/NearbySyncCore.build/Debug-iphonesimulator/NearbySyncCore.build/Objects-normal/arm64/NearbySyncCore-OutputFileMap.json -use-frontend-parseable-output -save-temps -no-color-diagnostics -serialize-diagnostics -emit-dependencies -emit-module -emit-module-path /Users/runner/work/MyRAM-iOS/MyRAM-iOS/MyRAM-iOS/evidence/builds/DerivedData-iOS/Build/Intermediates.noindex/NearbySyncCore.build/Debug-iphonesimulator/NearbySyncCore.build/Objects-normal/arm64/NearbySyncCore.swiftmodule -validate-clang-modules-once -clang-build-session-file /Users/runner/work/MyRAM-iOS/MyRAM-iOS/MyRAM-iOS/evidence/builds/DerivedData-iOS/ModuleCache.noindex/Session.modulevalidation -package-name nearbysynccore -Xcc -I/Users/runner/work/MyRAM-iOS/MyRAM-iOS/MyRAM-iOS/evidence/builds/DerivedData-iOS/Build/Intermediates.noindex/NearbySyncCore.build/Debug-iphonesimulator/NearbySyncCore.build/swift-overrides.hmap -emit-const-values -Xfrontend -const-gather-protocols-file -Xfrontend /Users/runner/work/MyRAM-iOS/MyRAM-iOS/MyRAM-iOS/evidence/builds/DerivedData-iOS/Build/Intermediates.noindex/NearbySyncCore.build/Debug-iphonesimulator/NearbySyncCore.build/Objects-normal/arm64/NearbySyncCore_const_extract_protocols.json -Xcc -I/Users/runner/work/MyRAM-iOS/MyRAM-iOS/MyRAM-iOS/evidence/builds/DerivedData-iOS/Build/Products/Debug-iphonesimulator/include -Xcc -I/Users/runner/work/MyRAM-iOS/MyRAM-iOS/MyRAM-iOS/evidence/builds/DerivedData-iOS/Build/Intermediates.noindex/NearbySyncCore.build/Debug-iphonesimulator/NearbySyncCore.build/DerivedSources-normal/arm64 -Xcc -I/Users/runner/work/MyRAM-iOS/MyRAM-iOS/MyRAM-iOS/evidence/builds/DerivedData-iOS/Build/Intermediates.noindex/NearbySyncCore.build/Debug-iphonesimulator/NearbySyncCore.build/DerivedSources/arm64 -Xcc -I/Users/runner/work/MyRAM-iOS/MyRAM-iOS/MyRAM-iOS/evidence/builds/DerivedData-iOS/Build/Intermediates.noindex/NearbySyncCore.build/Debug-iphonesimulator/NearbySyncCore.build/DerivedSources -Xcc -DSWIFT_PACKAGE -Xcc -DDEBUG\=1 -emit-objc-header -emit-objc-header-path /Users/runner/work/MyRAM-iOS/MyRAM-iOS/MyRAM-iOS/evidence/builds/DerivedData-iOS/Build/Intermediates.noindex/NearbySyncCore.build/Debug-iphonesimulator/NearbySyncCore.build/Objects-normal/arm64/NearbySyncCore-Swift.h -working-directory /Users/runner/work/MyRAM-iOS/MyRAM-iOS/MyRAM-iOS/MyRAM.xcodeproj -experimental-emit-module-separately -disable-cmo

SwiftDriverJobDiscovery normal arm64 Compiling MyRAMWidgetSnapshotStore.swift, MyRAMWidgetContentSelectionPolicy.swift, GeneratedAssetSymbols.swift (in target 'MyRAMWidgetExtension' from project 'MyRAM')

SwiftCompile normal arm64 Compiling\ MyRAMWidgetSnapshotCodec.swift,\ MyRAMWidgetDeepLink.swift,\ MyRAMWidgetBundle.swift /Users/runner/work/MyRAM-iOS/MyRAM-iOS/MyRAM-iOS/MyRAM/WidgetShared/MyRAMWidgetSnapshotCodec.swift /Users/runner/work/MyRAM-iOS/MyRAM-iOS/MyRAM-iOS/MyRAM/WidgetShared/MyRAMWidgetDeepLink.swift /Users/runner/work/MyRAM-iOS/MyRAM-iOS/MyRAM-iOS/MyRAMWidget/MyRAMWidgetBundle.swift (in target 'MyRAMWidgetExtension' from project 'MyRAM')

SwiftCompile normal arm64 /Users/runner/work/MyRAM-iOS/MyRAM-iOS/MyRAM-iOS/MyRAM/WidgetShared/MyRAMWidgetSnapshotCodec.swift (in target 'MyRAMWidgetExtension' from project 'MyRAM')
    cd /Users/runner/work/MyRAM-iOS/MyRAM-iOS/MyRAM-iOS
    

SwiftCompile normal arm64 /Users/runner/work/MyRAM-iOS/MyRAM-iOS/MyRAM-iOS/MyRAM/WidgetShared/MyRAMWidgetDeepLink.swift (in target 'MyRAMWidgetExtension' from project 'MyRAM')
    cd /Users/runner/work/MyRAM-iOS/MyRAM-iOS/MyRAM-iOS
    

SwiftCompile normal arm64 /Users/runner/work/MyRAM-iOS/MyRAM-iOS/MyRAM-iOS/MyRAMWidget/MyRAMWidgetBundle.swift (in target 'MyRAMWidgetExtension' from project 'MyRAM')
    cd /Users/runner/work/MyRAM-iOS/MyRAM-iOS/MyRAM-iOS
    

SwiftCompile normal x86_64 Compiling\ MyRAMWidget.swift,\ MyRAMWidgetSnapshot.swift,\ MyRAMWidgetRuntimeConfiguration.swift /Users/runner/work/MyRAM-iOS/MyRAM-iOS/MyRAM-iOS/MyRAMWidget/MyRAMWidget.swift /Users/runner/work/MyRAM-iOS/MyRAM-iOS/MyRAM-iOS/MyRAM/WidgetShared/MyRAMWidgetSnapshot.swift /Users/runner/work/MyRAM-iOS/MyRAM-iOS/MyRAM-iOS/MyRAM/WidgetShared/MyRAMWidgetRuntimeConfiguration.swift (in target 'MyRAMWidgetExtension' from project 'MyRAM')
SwiftCompile normal x86_64 /Users/runner/work/MyRAM-iOS/MyRAM-iOS/MyRAM-iOS/MyRAMWidget/MyRAMWidget.swift (in target 'MyRAMWidgetExtension' from project 'MyRAM')
    cd /Users/runner/work/MyRAM-iOS/MyRAM-iOS/MyRAM-iOS
    

SwiftCompile normal x86_64 /Users/runner/work/MyRAM-iOS/MyRAM-iOS/MyRAM-iOS/MyRAM/WidgetShared/MyRAMWidgetSnapshot.swift (in target 'MyRAMWidgetExtension' from project 'MyRAM')
    cd /Users/runner/work/MyRAM-iOS/MyRAM-iOS/MyRAM-iOS
    

SwiftCompile normal x86_64 /Users/runner/work/MyRAM-iOS/MyRAM-iOS/MyRAM-iOS/MyRAM/WidgetShared/MyRAMWidgetRuntimeConfiguration.swift (in target 'MyRAMWidgetExtension' from project 'MyRAM')
    cd /Users/runner/work/MyRAM-iOS/MyRAM-iOS/MyRAM-iOS
    

SwiftDriverJobDiscovery normal arm64 Compiling MyRAMWidget.swift, MyRAMWidgetSnapshot.swift, MyRAMWidgetRuntimeConfiguration.swift (in target 'MyRAMWidgetExtension' from project 'MyRAM')

SwiftCompile normal x86_64 Compiling\ MyRAMWidgetSnapshotStore.swift,\ MyRAMWidgetContentSelectionPolicy.swift,\ GeneratedAssetSymbols.swift /Users/runner/work/MyRAM-iOS/MyRAM-iOS/MyRAM-iOS/MyRAM/WidgetShared/MyRAMWidgetSnapshotStore.swift /Users/runner/work/MyRAM-iOS/MyRAM-iOS/MyRAM-iOS/MyRAM/WidgetShared/MyRAMWidgetContentSelectionPolicy.swift /Users/runner/work/MyRAM-iOS/MyRAM-iOS/MyRAM-iOS/evidence/builds/DerivedData-iOS/Build/Intermediates.noindex/MyRAM.build/Debug-iphonesimulator/MyRAMWidgetExtension.build/DerivedSources/GeneratedAssetSymbols.swift (in target 'MyRAMWidgetExtension' from project 'MyRAM')
SwiftCompile normal x86_64 /Users/runner/work/MyRAM-iOS/MyRAM-iOS/MyRAM-iOS/MyRAM/WidgetShared/MyRAMWidgetSnapshotStore.swift (in target 'MyRAMWidgetExtension' from project 'MyRAM')
    cd /Users/runner/work/MyRAM-iOS/MyRAM-iOS/MyRAM-iOS
    

SwiftCompile normal x86_64 /Users/runner/work/MyRAM-iOS/MyRAM-iOS/MyRAM-iOS/MyRAM/WidgetShared/MyRAMWidgetContentSelectionPolicy.swift (in target 'MyRAMWidgetExtension' from project 'MyRAM')
    cd /Users/runner/work/MyRAM-iOS/MyRAM-iOS/MyRAM-iOS
    

SwiftCompile normal x86_64 /Users/runner/work/MyRAM-iOS/MyRAM-iOS/MyRAM-iOS/evidence/builds/DerivedData-iOS/Build/Intermediates.noindex/MyRAM.build/Debug-iphonesimulator/MyRAMWidgetExtension.build/DerivedSources/GeneratedAssetSymbols.swift (in target 'MyRAMWidgetExtension' from project 'MyRAM')
    cd /Users/runner/work/MyRAM-iOS/MyRAM-iOS/MyRAM-iOS
    

SwiftDriverJobDiscovery normal arm64 Compiling MyRAMWidgetSnapshotCodec.swift, MyRAMWidgetDeepLink.swift, MyRAMWidgetBundle.swift (in target 'MyRAMWidgetExtension' from project 'MyRAM')

SwiftDriverJobDiscovery normal x86_64 Compiling MyRAMWidgetSnapshotCodec.swift, MyRAMWidgetDeepLink.swift, MyRAMWidgetBundle.swift (in target 'MyRAMWidgetExtension' from project 'MyRAM')

SwiftDriver\ Compilation MyRAMWidgetExtension normal arm64 com.apple.xcode.tools.swift.compiler (in target 'MyRAMWidgetExtension' from project 'MyRAM')
    cd /Users/runner/work/MyRAM-iOS/MyRAM-iOS/MyRAM-iOS
    builtin-Swift-Compilation -- /Applications/Xcode_16.4.app/Contents/Developer/Toolchains/XcodeDefault.xctoolchain/usr/bin/swiftc -module-name MyRAMWidgetExtension -Onone -enforce-exclusivity\=checked @/Users/runner/work/MyRAM-iOS/MyRAM-iOS/MyRAM-iOS/evidence/builds/DerivedData-iOS/Build/Intermediates.noindex/MyRAM.build/Debug-iphonesimulator/MyRAMWidgetExtension.build/Objects-normal/arm64/MyRAMWidgetExtension.SwiftFileList -DDEBUG -enable-bare-slash-regex -enable-upcoming-feature MemberImportVisibility -enable-experimental-feature DebugDescriptionMacro -sdk /Applications/Xcode_16.4.app/Contents/Developer/Platforms/iPhoneSimulator.platform/Developer/SDKs/iPhoneSimulator18.5.sdk -target arm64-apple-ios17.0-simulator -g -module-cache-path /Users/runner/work/MyRAM-iOS/MyRAM-iOS/MyRAM-iOS/evidence/builds/DerivedData-iOS/ModuleCache.noindex -Xfrontend -serialize-debugging-options -application-extension -enable-testing -index-store-path /Users/runner/work/MyRAM-iOS/MyRAM-iOS/MyRAM-iOS/evidence/builds/DerivedData-iOS/Index.noindex/DataStore -swift-version 5 -I /Users/runner/work/MyRAM-iOS/MyRAM-iOS/MyRAM-iOS/evidence/builds/DerivedData-iOS/Build/Products/Debug-iphonesimulator -F /Users/runner/work/MyRAM-iOS/MyRAM-iOS/MyRAM-iOS/evidence/builds/DerivedData-iOS/Build/Products/Debug-iphonesimulator -emit-localized-strings -emit-localized-strings-path /Users/runner/work/MyRAM-iOS/MyRAM-iOS/MyRAM-iOS/evidence/builds/DerivedData-iOS/Build/Intermediates.noindex/MyRAM.build/Debug-iphonesimulator/MyRAMWidgetExtension.build/Objects-normal/arm64 -c -j3 -enable-batch-mode -incremental -Xcc -ivfsstatcache -Xcc /Users/runner/work/MyRAM-iOS/MyRAM-iOS/MyRAM-iOS/evidence/builds/DerivedData-iOS/SDKStatCaches.noindex/iphonesimulator18.5-22F76-96ae0914227b19deccb34b33ba7b5dea.sdkstatcache -output-file-map /Users/runner/work/MyRAM-iOS/MyRAM-iOS/MyRAM-iOS/evidence/builds/DerivedData-iOS/Build/Intermediates.noindex/MyRAM.build/Debug-iphonesimulator/MyRAMWidgetExtension.build/Objects-normal/arm64/MyRAMWidgetExtension-OutputFileMap.json -use-frontend-parseable-output -save-temps -no-color-diagnostics -serialize-diagnostics -emit-dependencies -emit-module -emit-module-path /Users/runner/work/MyRAM-iOS/MyRAM-iOS/MyRAM-iOS/evidence/builds/DerivedData-iOS/Build/Intermediates.noindex/MyRAM.build/Debug-iphonesimulator/MyRAMWidgetExtension.build/Objects-normal/arm64/MyRAMWidgetExtension.swiftmodule -validate-clang-modules-once -clang-build-session-file /Users/runner/work/MyRAM-iOS/MyRAM-iOS/MyRAM-iOS/evidence/builds/DerivedData-iOS/ModuleCache.noindex/Session.modulevalidation -Xcc -I/Users/runner/work/MyRAM-iOS/MyRAM-iOS/MyRAM-iOS/evidence/builds/DerivedData-iOS/Build/Intermediates.noindex/MyRAM.build/Debug-iphonesimulator/MyRAMWidgetExtension.build/swift-overrides.hmap -emit-const-values -Xfrontend -const-gather-protocols-file -Xfrontend /Users/runner/work/MyRAM-iOS/MyRAM-iOS/MyRAM-iOS/evidence/builds/DerivedData-iOS/Build/Intermediates.noindex/MyRAM.build/Debug-iphonesimulator/MyRAMWidgetExtension.build/Objects-normal/arm64/MyRAMWidgetExtension_const_extract_protocols.json -Xcc -iquote -Xcc /Users/runner/work/MyRAM-iOS/MyRAM-iOS/MyRAM-iOS/evidence/builds/DerivedData-iOS/Build/Intermediates.noindex/MyRAM.build/Debug-iphonesimulator/MyRAMWidgetExtension.build/MyRAMWidgetExtension-generated-files.hmap -Xcc -I/Users/runner/work/MyRAM-iOS/MyRAM-iOS/MyRAM-iOS/evidence/builds/DerivedData-iOS/Build/Intermediates.noindex/MyRAM.build/Debug-iphonesimulator/MyRAMWidgetExtension.build/MyRAMWidgetExtension-own-target-headers.hmap -Xcc -I/Users/runner/work/MyRAM-iOS/MyRAM-iOS/MyRAM-iOS/evidence/builds/DerivedData-iOS/Build/Intermediates.noindex/MyRAM.build/Debug-iphonesimulator/MyRAMWidgetExtension.build/MyRAMWidgetExtension-all-non-framework-target-headers.hmap -Xcc -ivfsoverlay -Xcc /Users/runner/work/MyRAM-iOS/MyRAM-iOS/MyRAM-iOS/evidence/builds/DerivedData-iOS/Build/Intermediates.noindex/MyRAM.build/Debug-iphonesimulator/MyRAM-98a9cbde253e8e955bc92731eb290203-VFS-iphonesimulator/all-product-headers.yaml -Xcc -iquote -Xcc /Users/runner/work/MyRAM-iOS/MyRAM-iOS/MyRAM-iOS/evidence/builds/DerivedData-iOS/Build/Intermediates.noindex/MyRAM.build/Debug-iphonesimulator/MyRAMWidgetExtension.build/MyRAMWidgetExtension-project-headers.hmap -Xcc -I/Users/runner/work/MyRAM-iOS/MyRAM-iOS/MyRAM-iOS/evidence/builds/DerivedData-iOS/Build/Products/Debug-iphonesimulator/include -Xcc -I/Users/runner/work/MyRAM-iOS/MyRAM-iOS/MyRAM-iOS/evidence/builds/DerivedData-iOS/Build/Intermediates.noindex/MyRAM.build/Debug-iphonesimulator/MyRAMWidgetExtension.build/DerivedSources-normal/arm64 -Xcc -I/Users/runner/work/MyRAM-iOS/MyRAM-iOS/MyRAM-iOS/evidence/builds/DerivedData-iOS/Build/Intermediates.noindex/MyRAM.build/Debug-iphonesimulator/MyRAMWidgetExtension.build/DerivedSources/arm64 -Xcc -I/Users/runner/work/MyRAM-iOS/MyRAM-iOS/MyRAM-iOS/evidence/builds/DerivedData-iOS/Build/Intermediates.noindex/MyRAM.build/Debug-iphonesimulator/MyRAMWidgetExtension.build/DerivedSources -Xcc -DDEBUG\=1 -emit-objc-header -emit-objc-header-path /Users/runner/work/MyRAM-iOS/MyRAM-iOS/MyRAM-iOS/evidence/builds/DerivedData-iOS/Build/Intermediates.noindex/MyRAM.build/Debug-iphonesimulator/MyRAMWidgetExtension.build/Objects-normal/arm64/MyRAMWidgetExtension-Swift.h -working-directory /Users/runner/work/MyRAM-iOS/MyRAM-iOS/MyRAM-iOS -experimental-emit-module-separately -disable-cmo

SwiftCompile normal x86_64 Compiling\ SyncActorSequenceReservation.swift,\ SyncOperationIDOrder.swift /Users/runner/work/MyRAM-iOS/MyRAM-iOS/MyRAM-iOS/Packages/AnchoredSequenceCore/Sources/AnchoredSequenceCore/SyncActorSequenceReservation.swift /Users/runner/work/MyRAM-iOS/MyRAM-iOS/MyRAM-iOS/Packages/AnchoredSequenceCore/Sources/AnchoredSequenceCore/SyncOperationIDOrder.swift (in target 'AnchoredSequenceCore' from project 'AnchoredSequenceCore')

SwiftCompile normal x86_64 /Users/runner/work/MyRAM-iOS/MyRAM-iOS/MyRAM-iOS/Packages/AnchoredSequenceCore/Sources/AnchoredSequenceCore/SyncActorSequenceReservation.swift (in target 'AnchoredSequenceCore' from project 'AnchoredSequenceCore')
    cd /Users/runner/work/MyRAM-iOS/MyRAM-iOS/MyRAM-iOS/MyRAM.xcodeproj
    

SwiftCompile normal x86_64 /Users/runner/work/MyRAM-iOS/MyRAM-iOS/MyRAM-iOS/Packages/AnchoredSequenceCore/Sources/AnchoredSequenceCore/SyncOperationIDOrder.swift (in target 'AnchoredSequenceCore' from project 'AnchoredSequenceCore')
    cd /Users/runner/work/MyRAM-iOS/MyRAM-iOS/MyRAM-iOS/MyRAM.xcodeproj
    

SwiftCompile normal arm64 Compiling\ SyncActorSequenceReservation.swift,\ SyncOperationIDOrder.swift /Users/runner/work/MyRAM-iOS/MyRAM-iOS/MyRAM-iOS/Packages/AnchoredSequenceCore/Sources/AnchoredSequenceCore/SyncActorSequenceReservation.swift /Users/runner/work/MyRAM-iOS/MyRAM-iOS/MyRAM-iOS/Packages/AnchoredSequenceCore/Sources/AnchoredSequenceCore/SyncOperationIDOrder.swift (in target 'AnchoredSequenceCore' from project 'AnchoredSequenceCore')
SwiftCompile normal arm64 /Users/runner/work/MyRAM-iOS/MyRAM-iOS/MyRAM-iOS/Packages/AnchoredSequenceCore/Sources/AnchoredSequenceCore/SyncActorSequenceReservation.swift (in target 'AnchoredSequenceCore' from project 'AnchoredSequenceCore')
    cd /Users/runner/work/MyRAM-iOS/MyRAM-iOS/MyRAM-iOS/MyRAM.xcodeproj
    

SwiftCompile normal arm64 /Users/runner/work/MyRAM-iOS/MyRAM-iOS/MyRAM-iOS/Packages/AnchoredSequenceCore/Sources/AnchoredSequenceCore/SyncOperationIDOrder.swift (in target 'AnchoredSequenceCore' from project 'AnchoredSequenceCore')
    cd /Users/runner/work/MyRAM-iOS/MyRAM-iOS/MyRAM-iOS/MyRAM.xcodeproj
    

SwiftDriverJobDiscovery normal x86_64 Compiling MyRAMWidget.swift, MyRAMWidgetSnapshot.swift, MyRAMWidgetRuntimeConfiguration.swift (in target 'MyRAMWidgetExtension' from project 'MyRAM')

SwiftCompile normal x86_64 Compiling\ SyncSequenceIdentity.swift,\ SyncTextLegacyBootstrap.swift /Users/runner/work/MyRAM-iOS/MyRAM-iOS/MyRAM-iOS/Packages/AnchoredSequenceCore/Sources/AnchoredSequenceCore/SyncSequenceIdentity.swift /Users/runner/work/MyRAM-iOS/MyRAM-iOS/MyRAM-iOS/Packages/AnchoredSequenceCore/Sources/AnchoredSequenceCore/SyncTextLegacyBootstrap.swift (in target 'AnchoredSequenceCore' from project 'AnchoredSequenceCore')
SwiftCompile normal x86_64 /Users/runner/work/MyRAM-iOS/MyRAM-iOS/MyRAM-iOS/Packages/AnchoredSequenceCore/Sources/AnchoredSequenceCore/SyncSequenceIdentity.swift (in target 'AnchoredSequenceCore' from project 'AnchoredSequenceCore')
    cd /Users/runner/work/MyRAM-iOS/MyRAM-iOS/MyRAM-iOS/MyRAM.xcodeproj
    

SwiftCompile normal x86_64 /Users/runner/work/MyRAM-iOS/MyRAM-iOS/MyRAM-iOS/Packages/AnchoredSequenceCore/Sources/AnchoredSequenceCore/SyncTextLegacyBootstrap.swift (in target 'AnchoredSequenceCore' from project 'AnchoredSequenceCore')
    cd /Users/runner/work/MyRAM-iOS/MyRAM-iOS/MyRAM-iOS/MyRAM.xcodeproj
    

SwiftDriverJobDiscovery normal x86_64 Compiling SyncActorSequenceReservation.swift, SyncOperationIDOrder.swift (in target 'AnchoredSequenceCore' from project 'AnchoredSequenceCore')

SwiftCompile normal x86_64 Compiling\ SyncTextOperationPayload.swift,\ SyncTextSequenceState.swift /Users/runner/work/MyRAM-iOS/MyRAM-iOS/MyRAM-iOS/Packages/AnchoredSequenceCore/Sources/AnchoredSequenceCore/SyncTextOperationPayload.swift /Users/runner/work/MyRAM-iOS/MyRAM-iOS/MyRAM-iOS/Packages/AnchoredSequenceCore/Sources/AnchoredSequenceCore/SyncTextSequenceState.swift (in target 'AnchoredSequenceCore' from project 'AnchoredSequenceCore')
SwiftCompile normal x86_64 /Users/runner/work/MyRAM-iOS/MyRAM-iOS/MyRAM-iOS/Packages/AnchoredSequenceCore/Sources/AnchoredSequenceCore/SyncTextOperationPayload.swift (in target 'AnchoredSequenceCore' from project 'AnchoredSequenceCore')
    cd /Users/runner/work/MyRAM-iOS/MyRAM-iOS/MyRAM-iOS/MyRAM.xcodeproj
    

SwiftCompile normal x86_64 /Users/runner/work/MyRAM-iOS/MyRAM-iOS/MyRAM-iOS/Packages/AnchoredSequenceCore/Sources/AnchoredSequenceCore/SyncTextSequenceState.swift (in target 'AnchoredSequenceCore' from project 'AnchoredSequenceCore')
    cd /Users/runner/work/MyRAM-iOS/MyRAM-iOS/MyRAM-iOS/MyRAM.xcodeproj
    

SwiftDriverJobDiscovery normal x86_64 Compiling MyRAMWidgetSnapshotStore.swift, MyRAMWidgetContentSelectionPolicy.swift, GeneratedAssetSymbols.swift (in target 'MyRAMWidgetExtension' from project 'MyRAM')

SwiftDriver\ Compilation MyRAMWidgetExtension normal x86_64 com.apple.xcode.tools.swift.compiler (in target 'MyRAMWidgetExtension' from project 'MyRAM')
    cd /Users/runner/work/MyRAM-iOS/MyRAM-iOS/MyRAM-iOS
    builtin-Swift-Compilation -- /Applications/Xcode_16.4.app/Contents/Developer/Toolchains/XcodeDefault.xctoolchain/usr/bin/swiftc -module-name MyRAMWidgetExtension -Onone -enforce-exclusivity\=checked @/Users/runner/work/MyRAM-iOS/MyRAM-iOS/MyRAM-iOS/evidence/builds/DerivedData-iOS/Build/Intermediates.noindex/MyRAM.build/Debug-iphonesimulator/MyRAMWidgetExtension.build/Objects-normal/x86_64/MyRAMWidgetExtension.SwiftFileList -DDEBUG -enable-bare-slash-regex -enable-upcoming-feature MemberImportVisibility -enable-experimental-feature DebugDescriptionMacro -sdk /Applications/Xcode_16.4.app/Contents/Developer/Platforms/iPhoneSimulator.platform/Developer/SDKs/iPhoneSimulator18.5.sdk -target x86_64-apple-ios17.0-simulator -g -module-cache-path /Users/runner/work/MyRAM-iOS/MyRAM-iOS/MyRAM-iOS/evidence/builds/DerivedData-iOS/ModuleCache.noindex -Xfrontend -serialize-debugging-options -application-extension -enable-testing -index-store-path /Users/runner/work/MyRAM-iOS/MyRAM-iOS/MyRAM-iOS/evidence/builds/DerivedData-iOS/Index.noindex/DataStore -swift-version 5 -I /Users/runner/work/MyRAM-iOS/MyRAM-iOS/MyRAM-iOS/evidence/builds/DerivedData-iOS/Build/Products/Debug-iphonesimulator -F /Users/runner/work/MyRAM-iOS/MyRAM-iOS/MyRAM-iOS/evidence/builds/DerivedData-iOS/Build/Products/Debug-iphonesimulator -emit-localized-strings -emit-localized-strings-path /Users/runner/work/MyRAM-iOS/MyRAM-iOS/MyRAM-iOS/evidence/builds/DerivedData-iOS/Build/Intermediates.noindex/MyRAM.build/Debug-iphonesimulator/MyRAMWidgetExtension.build/Objects-normal/x86_64 -c -j3 -enable-batch-mode -incremental -Xcc -ivfsstatcache -Xcc /Users/runner/work/MyRAM-iOS/MyRAM-iOS/MyRAM-iOS/evidence/builds/DerivedData-iOS/SDKStatCaches.noindex/iphonesimulator18.5-22F76-96ae0914227b19deccb34b33ba7b5dea.sdkstatcache -output-file-map /Users/runner/work/MyRAM-iOS/MyRAM-iOS/MyRAM-iOS/evidence/builds/DerivedData-iOS/Build/Intermediates.noindex/MyRAM.build/Debug-iphonesimulator/MyRAMWidgetExtension.build/Objects-normal/x86_64/MyRAMWidgetExtension-OutputFileMap.json -use-frontend-parseable-output -save-temps -no-color-diagnostics -serialize-diagnostics -emit-dependencies -emit-module -emit-module-path /Users/runner/work/MyRAM-iOS/MyRAM-iOS/MyRAM-iOS/evidence/builds/DerivedData-iOS/Build/Intermediates.noindex/MyRAM.build/Debug-iphonesimulator/MyRAMWidgetExtension.build/Objects-normal/x86_64/MyRAMWidgetExtension.swiftmodule -validate-clang-modules-once -clang-build-session-file /Users/runner/work/MyRAM-iOS/MyRAM-iOS/MyRAM-iOS/evidence/builds/DerivedData-iOS/ModuleCache.noindex/Session.modulevalidation -Xcc -I/Users/runner/work/MyRAM-iOS/MyRAM-iOS/MyRAM-iOS/evidence/builds/DerivedData-iOS/Build/Intermediates.noindex/MyRAM.build/Debug-iphonesimulator/MyRAMWidgetExtension.build/swift-overrides.hmap -emit-const-values -Xfrontend -const-gather-protocols-file -Xfrontend /Users/runner/work/MyRAM-iOS/MyRAM-iOS/MyRAM-iOS/evidence/builds/DerivedData-iOS/Build/Intermediates.noindex/MyRAM.build/Debug-iphonesimulator/MyRAMWidgetExtension.build/Objects-normal/x86_64/MyRAMWidgetExtension_const_extract_protocols.json -Xcc -iquote -Xcc /Users/runner/work/MyRAM-iOS/MyRAM-iOS/MyRAM-iOS/evidence/builds/DerivedData-iOS/Build/Intermediates.noindex/MyRAM.build/Debug-iphonesimulator/MyRAMWidgetExtension.build/MyRAMWidgetExtension-generated-files.hmap -Xcc -I/Users/runner/work/MyRAM-iOS/MyRAM-iOS/MyRAM-iOS/evidence/builds/DerivedData-iOS/Build/Intermediates.noindex/MyRAM.build/Debug-iphonesimulator/MyRAMWidgetExtension.build/MyRAMWidgetExtension-own-target-headers.hmap -Xcc -I/Users/runner/work/MyRAM-iOS/MyRAM-iOS/MyRAM-iOS/evidence/builds/DerivedData-iOS/Build/Intermediates.noindex/MyRAM.build/Debug-iphonesimulator/MyRAMWidgetExtension.build/MyRAMWidgetExtension-all-non-framework-target-headers.hmap -Xcc -ivfsoverlay -Xcc /Users/runner/work/MyRAM-iOS/MyRAM-iOS/MyRAM-iOS/evidence/builds/DerivedData-iOS/Build/Intermediates.noindex/MyRAM.build/Debug-iphonesimulator/MyRAM-98a9cbde253e8e955bc92731eb290203-VFS-iphonesimulator/all-product-headers.yaml -Xcc -iquote -Xcc /Users/runner/work/MyRAM-iOS/MyRAM-iOS/MyRAM-iOS/evidence/builds/DerivedData-iOS/Build/Intermediates.noindex/MyRAM.build/Debug-iphonesimulator/MyRAMWidgetExtension.build/MyRAMWidgetExtension-project-headers.hmap -Xcc -I/Users/runner/work/MyRAM-iOS/MyRAM-iOS/MyRAM-iOS/evidence/builds/DerivedData-iOS/Build/Products/Debug-iphonesimulator/include -Xcc -I/Users/runner/work/MyRAM-iOS/MyRAM-iOS/MyRAM-iOS/evidence/builds/DerivedData-iOS/Build/Intermediates.noindex/MyRAM.build/Debug-iphonesimulator/MyRAMWidgetExtension.build/DerivedSources-normal/x86_64 -Xcc -I/Users/runner/work/MyRAM-iOS/MyRAM-iOS/MyRAM-iOS/evidence/builds/DerivedData-iOS/Build/Intermediates.noindex/MyRAM.build/Debug-iphonesimulator/MyRAMWidgetExtension.build/DerivedSources/x86_64 -Xcc -I/Users/runner/work/MyRAM-iOS/MyRAM-iOS/MyRAM-iOS/evidence/builds/DerivedData-iOS/Build/Intermediates.noindex/MyRAM.build/Debug-iphonesimulator/MyRAMWidgetExtension.build/DerivedSources -Xcc -DDEBUG\=1 -emit-objc-header -emit-objc-header-path /Users/runner/work/MyRAM-iOS/MyRAM-iOS/MyRAM-iOS/evidence/builds/DerivedData-iOS/Build/Intermediates.noindex/MyRAM.build/Debug-iphonesimulator/MyRAMWidgetExtension.build/Objects-normal/x86_64/MyRAMWidgetExtension-Swift.h -working-directory /Users/runner/work/MyRAM-iOS/MyRAM-iOS/MyRAM-iOS -experimental-emit-module-separately -disable-cmo

SwiftDriverJobDiscovery normal arm64 Compiling SyncActorSequenceReservation.swift, SyncOperationIDOrder.swift (in target 'AnchoredSequenceCore' from project 'AnchoredSequenceCore')

SwiftCompile normal arm64 Compiling\ SyncSequenceIdentity.swift,\ SyncTextLegacyBootstrap.swift /Users/runner/work/MyRAM-iOS/MyRAM-iOS/MyRAM-iOS/Packages/AnchoredSequenceCore/Sources/AnchoredSequenceCore/SyncSequenceIdentity.swift /Users/runner/work/MyRAM-iOS/MyRAM-iOS/MyRAM-iOS/Packages/AnchoredSequenceCore/Sources/AnchoredSequenceCore/SyncTextLegacyBootstrap.swift (in target 'AnchoredSequenceCore' from project 'AnchoredSequenceCore')

SwiftCompile normal arm64 /Users/runner/work/MyRAM-iOS/MyRAM-iOS/MyRAM-iOS/Packages/AnchoredSequenceCore/Sources/AnchoredSequenceCore/SyncSequenceIdentity.swift (in target 'AnchoredSequenceCore' from project 'AnchoredSequenceCore')
    cd /Users/runner/work/MyRAM-iOS/MyRAM-iOS/MyRAM-iOS/MyRAM.xcodeproj
    

SwiftCompile normal arm64 /Users/runner/work/MyRAM-iOS/MyRAM-iOS/MyRAM-iOS/Packages/AnchoredSequenceCore/Sources/AnchoredSequenceCore/SyncTextLegacyBootstrap.swift (in target 'AnchoredSequenceCore' from project 'AnchoredSequenceCore')
    cd /Users/runner/work/MyRAM-iOS/MyRAM-iOS/MyRAM-iOS/MyRAM.xcodeproj
    

SwiftCompile normal arm64 Compiling\ SyncTextOperationPayload.swift,\ SyncTextSequenceState.swift /Users/runner/work/MyRAM-iOS/MyRAM-iOS/MyRAM-iOS/Packages/AnchoredSequenceCore/Sources/AnchoredSequenceCore/SyncTextOperationPayload.swift /Users/runner/work/MyRAM-iOS/MyRAM-iOS/MyRAM-iOS/Packages/AnchoredSequenceCore/Sources/AnchoredSequenceCore/SyncTextSequenceState.swift (in target 'AnchoredSequenceCore' from project 'AnchoredSequenceCore')
SwiftCompile normal arm64 /Users/runner/work/MyRAM-iOS/MyRAM-iOS/MyRAM-iOS/Packages/AnchoredSequenceCore/Sources/AnchoredSequenceCore/SyncTextOperationPayload.swift (in target 'AnchoredSequenceCore' from project 'AnchoredSequenceCore')
    cd /Users/runner/work/MyRAM-iOS/MyRAM-iOS/MyRAM-iOS/MyRAM.xcodeproj
    

SwiftCompile normal arm64 /Users/runner/work/MyRAM-iOS/MyRAM-iOS/MyRAM-iOS/Packages/AnchoredSequenceCore/Sources/AnchoredSequenceCore/SyncTextSequenceState.swift (in target 'AnchoredSequenceCore' from project 'AnchoredSequenceCore')
    cd /Users/runner/work/MyRAM-iOS/MyRAM-iOS/MyRAM-iOS/MyRAM.xcodeproj
    

SwiftDriverJobDiscovery normal x86_64 Compiling SyncSequenceIdentity.swift, SyncTextLegacyBootstrap.swift (in target 'AnchoredSequenceCore' from project 'AnchoredSequenceCore')

SwiftDriverJobDiscovery normal arm64 Compiling SyncSequenceIdentity.swift, SyncTextLegacyBootstrap.swift (in target 'AnchoredSequenceCore' from project 'AnchoredSequenceCore')

Ld /Users/runner/work/MyRAM-iOS/MyRAM-iOS/MyRAM-iOS/evidence/builds/DerivedData-iOS/Build/Intermediates.noindex/NearbySyncCore.build/Debug-iphonesimulator/NearbySyncCore.build/Objects-normal/x86_64/Binary/NearbySyncCore.o normal x86_64 (in target 'NearbySyncCore' from project 'NearbySyncCore')
    cd /Users/runner/work/MyRAM-iOS/MyRAM-iOS/NearbySyncCore
    /Applications/Xcode_16.4.app/Contents/Developer/Toolchains/XcodeDefault.xctoolchain/usr/bin/clang -Xlinker -reproducible -target x86_64-apple-ios17.0-simulator -r -isysroot /Applications/Xcode_16.4.app/Contents/Developer/Platforms/iPhoneSimulator.platform/Developer/SDKs/iPhoneSimulator18.5.sdk -O0 -w -L/Users/runner/work/MyRAM-iOS/MyRAM-iOS/MyRAM-iOS/evidence/builds/DerivedData-iOS/Build/Intermediates.noindex/EagerLinkingTBDs/Debug-iphonesimulator -L/Users/runner/work/MyRAM-iOS/MyRAM-iOS/MyRAM-iOS/evidence/builds/DerivedData-iOS/Build/Products/Debug-iphonesimulator -L/Applications/Xcode_16.4.app/Contents/Developer/Platforms/iPhoneSimulator.platform/Developer/usr/lib -F/Users/runner/work/MyRAM-iOS/MyRAM-iOS/MyRAM-iOS/evidence/builds/DerivedData-iOS/Build/Intermediates.noindex/EagerLinkingTBDs/Debug-iphonesimulator -F/Users/runner/work/MyRAM-iOS/MyRAM-iOS/MyRAM-iOS/evidence/builds/DerivedData-iOS/Build/Products/Debug-iphonesimulator -iframework /Applications/Xcode_16.4.app/Contents/Developer/Platforms/iPhoneSimulator.platform/Developer/Library/Frameworks -iframework /Applications/Xcode_16.4.app/Contents/Developer/Platforms/iPhoneSimulator.platform/Developer/SDKs/iPhoneSimulator18.5.sdk/Developer/Library/Frameworks -filelist /Users/runner/work/MyRAM-iOS/MyRAM-iOS/MyRAM-iOS/evidence/builds/DerivedData-iOS/Build/Intermediates.noindex/NearbySyncCore.build/Debug-iphonesimulator/NearbySyncCore.build/Objects-normal/x86_64/NearbySyncCore.LinkFileList -nostdlib -Xlinker -object_path_lto -Xlinker /Users/runner/work/MyRAM-iOS/MyRAM-iOS/MyRAM-iOS/evidence/builds/DerivedData-iOS/Build/Intermediates.noindex/NearbySyncCore.build/Debug-iphonesimulator/NearbySyncCore.build/Objects-normal/x86_64/NearbySyncCore_lto.o -rdynamic -Xlinker -no_deduplicate -Xlinker -objc_abi_version -Xlinker 2 -Xlinker -dependency_info -Xlinker /Users/runner/work/MyRAM-iOS/MyRAM-iOS/MyRAM-iOS/evidence/builds/DerivedData-iOS/Build/Intermediates.noindex/NearbySyncCore.build/Debug-iphonesimulator/NearbySyncCore.build/Objects-normal/x86_64/NearbySyncCore_dependency_info.dat -fobjc-link-runtime -L/Applications/Xcode_16.4.app/Contents/Developer/Toolchains/XcodeDefault.xctoolchain/usr/lib/swift/iphonesimulator -L/usr/lib/swift -Xlinker -add_ast_path -Xlinker /Users/runner/work/MyRAM-iOS/MyRAM-iOS/MyRAM-iOS/evidence/builds/DerivedData-iOS/Build/Intermediates.noindex/NearbySyncCore.build/Debug-iphonesimulator/NearbySyncCore.build/Objects-normal/x86_64/NearbySyncCore.swiftmodule -o /Users/runner/work/MyRAM-iOS/MyRAM-iOS/MyRAM-iOS/evidence/builds/DerivedData-iOS/Build/Intermediates.noindex/NearbySyncCore.build/Debug-iphonesimulator/NearbySyncCore.build/Objects-normal/x86_64/Binary/NearbySyncCore.o

Ld /Users/runner/work/MyRAM-iOS/MyRAM-iOS/MyRAM-iOS/evidence/builds/DerivedData-iOS/Build/Intermediates.noindex/NearbySyncCore.build/Debug-iphonesimulator/NearbySyncCore.build/Objects-normal/arm64/Binary/NearbySyncCore.o normal arm64 (in target 'NearbySyncCore' from project 'NearbySyncCore')
    cd /Users/runner/work/MyRAM-iOS/MyRAM-iOS/NearbySyncCore
    /Applications/Xcode_16.4.app/Contents/Developer/Toolchains/XcodeDefault.xctoolchain/usr/bin/clang -Xlinker -reproducible -target arm64-apple-ios17.0-simulator -r -isysroot /Applications/Xcode_16.4.app/Contents/Developer/Platforms/iPhoneSimulator.platform/Developer/SDKs/iPhoneSimulator18.5.sdk -O0 -w -L/Users/runner/work/MyRAM-iOS/MyRAM-iOS/MyRAM-iOS/evidence/builds/DerivedData-iOS/Build/Intermediates.noindex/EagerLinkingTBDs/Debug-iphonesimulator -L/Users/runner/work/MyRAM-iOS/MyRAM-iOS/MyRAM-iOS/evidence/builds/DerivedData-iOS/Build/Products/Debug-iphonesimulator -L/Applications/Xcode_16.4.app/Contents/Developer/Platforms/iPhoneSimulator.platform/Developer/usr/lib -F/Users/runner/work/MyRAM-iOS/MyRAM-iOS/MyRAM-iOS/evidence/builds/DerivedData-iOS/Build/Intermediates.noindex/EagerLinkingTBDs/Debug-iphonesimulator -F/Users/runner/work/MyRAM-iOS/MyRAM-iOS/MyRAM-iOS/evidence/builds/DerivedData-iOS/Build/Products/Debug-iphonesimulator -iframework /Applications/Xcode_16.4.app/Contents/Developer/Platforms/iPhoneSimulator.platform/Developer/Library/Frameworks -iframework /Applications/Xcode_16.4.app/Contents/Developer/Platforms/iPhoneSimulator.platform/Developer/SDKs/iPhoneSimulator18.5.sdk/Developer/Library/Frameworks -filelist /Users/runner/work/MyRAM-iOS/MyRAM-iOS/MyRAM-iOS/evidence/builds/DerivedData-iOS/Build/Intermediates.noindex/NearbySyncCore.build/Debug-iphonesimulator/NearbySyncCore.build/Objects-normal/arm64/NearbySyncCore.LinkFileList -nostdlib -Xlinker -object_path_lto -Xlinker /Users/runner/work/MyRAM-iOS/MyRAM-iOS/MyRAM-iOS/evidence/builds/DerivedData-iOS/Build/Intermediates.noindex/NearbySyncCore.build/Debug-iphonesimulator/NearbySyncCore.build/Objects-normal/arm64/NearbySyncCore_lto.o -rdynamic -Xlinker -no_deduplicate -Xlinker -objc_abi_version -Xlinker 2 -Xlinker -dependency_info -Xlinker /Users/runner/work/MyRAM-iOS/MyRAM-iOS/MyRAM-iOS/evidence/builds/DerivedData-iOS/Build/Intermediates.noindex/NearbySyncCore.build/Debug-iphonesimulator/NearbySyncCore.build/Objects-normal/arm64/NearbySyncCore_dependency_info.dat -fobjc-link-runtime -L/Applications/Xcode_16.4.app/Contents/Developer/Toolchains/XcodeDefault.xctoolchain/usr/lib/swift/iphonesimulator -L/usr/lib/swift -Xlinker -add_ast_path -Xlinker /Users/runner/work/MyRAM-iOS/MyRAM-iOS/MyRAM-iOS/evidence/builds/DerivedData-iOS/Build/Intermediates.noindex/NearbySyncCore.build/Debug-iphonesimulator/NearbySyncCore.build/Objects-normal/arm64/NearbySyncCore.swiftmodule -o /Users/runner/work/MyRAM-iOS/MyRAM-iOS/MyRAM-iOS/evidence/builds/DerivedData-iOS/Build/Intermediates.noindex/NearbySyncCore.build/Debug-iphonesimulator/NearbySyncCore.build/Objects-normal/arm64/Binary/NearbySyncCore.o

SwiftDriverJobDiscovery normal x86_64 Compiling SyncTextOperationPayload.swift, SyncTextSequenceState.swift (in target 'AnchoredSequenceCore' from project 'AnchoredSequenceCore')

Ld /Users/runner/work/MyRAM-iOS/MyRAM-iOS/MyRAM-iOS/evidence/builds/DerivedData-iOS/Build/Intermediates.noindex/MyRAM.build/Debug-iphonesimulator/MyRAMWidgetExtension.build/Objects-normal/x86_64/Binary/MyRAMWidgetExtension.debug.dylib normal x86_64 (in target 'MyRAMWidgetExtension' from project 'MyRAM')
    cd /Users/runner/work/MyRAM-iOS/MyRAM-iOS/MyRAM-iOS
    /Applications/Xcode_16.4.app/Contents/Developer/Toolchains/XcodeDefault.xctoolchain/usr/bin/clang -Xlinker -reproducible -target x86_64-apple-ios17.0-simulator -dynamiclib -isysroot /Applications/Xcode_16.4.app/Contents/Developer/Platforms/iPhoneSimulator.platform/Developer/SDKs/iPhoneSimulator18.5.sdk -O0 -L/Users/runner/work/MyRAM-iOS/MyRAM-iOS/MyRAM-iOS/evidence/builds/DerivedData-iOS/Build/Intermediates.noindex/EagerLinkingTBDs/Debug-iphonesimulator -L/Users/runner/work/MyRAM-iOS/MyRAM-iOS/MyRAM-iOS/evidence/builds/DerivedData-iOS/Build/Products/Debug-iphonesimulator -F/Users/runner/work/MyRAM-iOS/MyRAM-iOS/MyRAM-iOS/evidence/builds/DerivedData-iOS/Build/Intermediates.noindex/EagerLinkingTBDs/Debug-iphonesimulator -F/Users/runner/work/MyRAM-iOS/MyRAM-iOS/MyRAM-iOS/evidence/builds/DerivedData-iOS/Build/Products/Debug-iphonesimulator -filelist /Users/runner/work/MyRAM-iOS/MyRAM-iOS/MyRAM-iOS/evidence/builds/DerivedData-iOS/Build/Intermediates.noindex/MyRAM.build/Debug-iphonesimulator/MyRAMWidgetExtension.build/Objects-normal/x86_64/MyRAMWidgetExtension.LinkFileList -install_name @rpath/MyRAMWidgetExtension.debug.dylib -Xlinker -rpath -Xlinker @executable_path/Frameworks -Xlinker -rpath -Xlinker @executable_path/../../Frameworks -dead_strip -Xlinker -object_path_lto -Xlinker /Users/runner/work/MyRAM-iOS/MyRAM-iOS/MyRAM-iOS/evidence/builds/DerivedData-iOS/Build/Intermediates.noindex/MyRAM.build/Debug-iphonesimulator/MyRAMWidgetExtension.build/Objects-normal/x86_64/MyRAMWidgetExtension_lto.o -rdynamic -Xlinker -no_deduplicate -Xlinker -objc_abi_version -Xlinker 2 -Xlinker -dependency_info -Xlinker /Users/runner/work/MyRAM-iOS/MyRAM-iOS/MyRAM-iOS/evidence/builds/DerivedData-iOS/Build/Intermediates.noindex/MyRAM.build/Debug-iphonesimulator/MyRAMWidgetExtension.build/Objects-normal/x86_64/MyRAMWidgetExtension_dependency_info.dat -fapplication-extension -fobjc-link-runtime -L/Applications/Xcode_16.4.app/Contents/Developer/Toolchains/XcodeDefault.xctoolchain/usr/lib/swift/iphonesimulator -L/usr/lib/swift -Xlinker -add_ast_path -Xlinker /Users/runner/work/MyRAM-iOS/MyRAM-iOS/MyRAM-iOS/evidence/builds/DerivedData-iOS/Build/Intermediates.noindex/MyRAM.build/Debug-iphonesimulator/MyRAMWidgetExtension.build/Objects-normal/x86_64/MyRAMWidgetExtension.swiftmodule -Xlinker -alias -Xlinker _NSExtensionMain -Xlinker ___debug_main_executable_dylib_entry_point -framework SwiftUI -framework WidgetKit -o /Users/runner/work/MyRAM-iOS/MyRAM-iOS/MyRAM-iOS/evidence/builds/DerivedData-iOS/Build/Intermediates.noindex/MyRAM.build/Debug-iphonesimulator/MyRAMWidgetExtension.build/Objects-normal/x86_64/Binary/MyRAMWidgetExtension.debug.dylib

Ld /Users/runner/work/MyRAM-iOS/MyRAM-iOS/MyRAM-iOS/evidence/builds/DerivedData-iOS/Build/Intermediates.noindex/MyRAM.build/Debug-iphonesimulator/MyRAMWidgetExtension.build/Objects-normal/arm64/Binary/MyRAMWidgetExtension.debug.dylib normal arm64 (in target 'MyRAMWidgetExtension' from project 'MyRAM')
    cd /Users/runner/work/MyRAM-iOS/MyRAM-iOS/MyRAM-iOS
    /Applications/Xcode_16.4.app/Contents/Developer/Toolchains/XcodeDefault.xctoolchain/usr/bin/clang -Xlinker -reproducible -target arm64-apple-ios17.0-simulator -dynamiclib -isysroot /Applications/Xcode_16.4.app/Contents/Developer/Platforms/iPhoneSimulator.platform/Developer/SDKs/iPhoneSimulator18.5.sdk -O0 -L/Users/runner/work/MyRAM-iOS/MyRAM-iOS/MyRAM-iOS/evidence/builds/DerivedData-iOS/Build/Intermediates.noindex/EagerLinkingTBDs/Debug-iphonesimulator -L/Users/runner/work/MyRAM-iOS/MyRAM-iOS/MyRAM-iOS/evidence/builds/DerivedData-iOS/Build/Products/Debug-iphonesimulator -F/Users/runner/work/MyRAM-iOS/MyRAM-iOS/MyRAM-iOS/evidence/builds/DerivedData-iOS/Build/Intermediates.noindex/EagerLinkingTBDs/Debug-iphonesimulator -F/Users/runner/work/MyRAM-iOS/MyRAM-iOS/MyRAM-iOS/evidence/builds/DerivedData-iOS/Build/Products/Debug-iphonesimulator -filelist /Users/runner/work/MyRAM-iOS/MyRAM-iOS/MyRAM-iOS/evidence/builds/DerivedData-iOS/Build/Intermediates.noindex/MyRAM.build/Debug-iphonesimulator/MyRAMWidgetExtension.build/Objects-normal/arm64/MyRAMWidgetExtension.LinkFileList -install_name @rpath/MyRAMWidgetExtension.debug.dylib -Xlinker -rpath -Xlinker @executable_path/Frameworks -Xlinker -rpath -Xlinker @executable_path/../../Frameworks -dead_strip -Xlinker -object_path_lto -Xlinker /Users/runner/work/MyRAM-iOS/MyRAM-iOS/MyRAM-iOS/evidence/builds/DerivedData-iOS/Build/Intermediates.noindex/MyRAM.build/Debug-iphonesimulator/MyRAMWidgetExtension.build/Objects-normal/arm64/MyRAMWidgetExtension_lto.o -rdynamic -Xlinker -no_deduplicate -Xlinker -objc_abi_version -Xlinker 2 -Xlinker -dependency_info -Xlinker /Users/runner/work/MyRAM-iOS/MyRAM-iOS/MyRAM-iOS/evidence/builds/DerivedData-iOS/Build/Intermediates.noindex/MyRAM.build/Debug-iphonesimulator/MyRAMWidgetExtension.build/Objects-normal/arm64/MyRAMWidgetExtension_dependency_info.dat -fapplication-extension -fobjc-link-runtime -L/Applications/Xcode_16.4.app/Contents/Developer/Toolchains/XcodeDefault.xctoolchain/usr/lib/swift/iphonesimulator -L/usr/lib/swift -Xlinker -add_ast_path -Xlinker /Users/runner/work/MyRAM-iOS/MyRAM-iOS/MyRAM-iOS/evidence/builds/DerivedData-iOS/Build/Intermediates.noindex/MyRAM.build/Debug-iphonesimulator/MyRAMWidgetExtension.build/Objects-normal/arm64/MyRAMWidgetExtension.swiftmodule -Xlinker -alias -Xlinker _NSExtensionMain -Xlinker ___debug_main_executable_dylib_entry_point -framework SwiftUI -framework WidgetKit -o /Users/runner/work/MyRAM-iOS/MyRAM-iOS/MyRAM-iOS/evidence/builds/DerivedData-iOS/Build/Intermediates.noindex/MyRAM.build/Debug-iphonesimulator/MyRAMWidgetExtension.build/Objects-normal/arm64/Binary/MyRAMWidgetExtension.debug.dylib

SwiftDriver\ Compilation AnchoredSequenceCore normal x86_64 com.apple.xcode.tools.swift.compiler (in target 'AnchoredSequenceCore' from project 'AnchoredSequenceCore')
    cd /Users/runner/work/MyRAM-iOS/MyRAM-iOS/MyRAM-iOS/MyRAM.xcodeproj
    builtin-Swift-Compilation -- /Applications/Xcode_16.4.app/Contents/Developer/Toolchains/XcodeDefault.xctoolchain/usr/bin/swiftc -module-name AnchoredSequenceCore -Onone -enforce-exclusivity\=checked @/Users/runner/work/MyRAM-iOS/MyRAM-iOS/MyRAM-iOS/evidence/builds/DerivedData-iOS/Build/Intermediates.noindex/AnchoredSequenceCore.build/Debug-iphonesimulator/AnchoredSequenceCore.build/Objects-normal/x86_64/AnchoredSequenceCore.SwiftFileList -DSWIFT_PACKAGE -DDEBUG -DXcode -plugin-path /Applications/Xcode_16.4.app/Contents/Developer/Toolchains/XcodeDefault.xctoolchain/usr/lib/swift/host/plugins/testing -enable-experimental-feature DebugDescriptionMacro -sdk /Applications/Xcode_16.4.app/Contents/Developer/Platforms/iPhoneSimulator.platform/Developer/SDKs/iPhoneSimulator18.5.sdk -target x86_64-apple-ios17.0-simulator -g -module-cache-path /Users/runner/work/MyRAM-iOS/MyRAM-iOS/MyRAM-iOS/evidence/builds/DerivedData-iOS/ModuleCache.noindex -Xfrontend -serialize-debugging-options -enable-testing -suppress-warnings -index-store-path /Users/runner/work/MyRAM-iOS/MyRAM-iOS/MyRAM-iOS/evidence/builds/DerivedData-iOS/Index.noindex/DataStore -swift-version 5 -I /Users/runner/work/MyRAM-iOS/MyRAM-iOS/MyRAM-iOS/evidence/builds/DerivedData-iOS/Build/Products/Debug-iphonesimulator -I /Applications/Xcode_16.4.app/Contents/Developer/Platforms/iPhoneSimulator.platform/Developer/usr/lib -F /Users/runner/work/MyRAM-iOS/MyRAM-iOS/MyRAM-iOS/evidence/builds/DerivedData-iOS/Build/Products/Debug-iphonesimulator -F /Applications/Xcode_16.4.app/Contents/Developer/Platforms/iPhoneSimulator.platform/Developer/Library/Frameworks -F /Applications/Xcode_16.4.app/Contents/Developer/Platforms/iPhoneSimulator.platform/Developer/SDKs/iPhoneSimulator18.5.sdk/Developer/Library/Frameworks -c -j3 -enable-batch-mode -incremental -Xcc -ivfsstatcache -Xcc /Users/runner/work/MyRAM-iOS/MyRAM-iOS/MyRAM-iOS/evidence/builds/DerivedData-iOS/SDKStatCaches.noindex/iphonesimulator18.5-22F76-96ae0914227b19deccb34b33ba7b5dea.sdkstatcache -output-file-map /Users/runner/work/MyRAM-iOS/MyRAM-iOS/MyRAM-iOS/evidence/builds/DerivedData-iOS/Build/Intermediates.noindex/AnchoredSequenceCore.build/Debug-iphonesimulator/AnchoredSequenceCore.build/Objects-normal/x86_64/AnchoredSequenceCore-OutputFileMap.json -use-frontend-parseable-output -save-temps -no-color-diagnostics -serialize-diagnostics -emit-dependencies -emit-module -emit-module-path /Users/runner/work/MyRAM-iOS/MyRAM-iOS/MyRAM-iOS/evidence/builds/DerivedData-iOS/Build/Intermediates.noindex/AnchoredSequenceCore.build/Debug-iphonesimulator/AnchoredSequenceCore.build/Objects-normal/x86_64/AnchoredSequenceCore.swiftmodule -validate-clang-modules-once -clang-build-session-file /Users/runner/work/MyRAM-iOS/MyRAM-iOS/MyRAM-iOS/evidence/builds/DerivedData-iOS/ModuleCache.noindex/Session.modulevalidation -package-name anchoredsequencecore -Xcc -I/Users/runner/work/MyRAM-iOS/MyRAM-iOS/MyRAM-iOS/evidence/builds/DerivedData-iOS/Build/Intermediates.noindex/AnchoredSequenceCore.build/Debug-iphonesimulator/AnchoredSequenceCore.build/swift-overrides.hmap -emit-const-values -Xfrontend -const-gather-protocols-file -Xfrontend /Users/runner/work/MyRAM-iOS/MyRAM-iOS/MyRAM-iOS/evidence/builds/DerivedData-iOS/Build/Intermediates.noindex/AnchoredSequenceCore.build/Debug-iphonesimulator/AnchoredSequenceCore.build/Objects-normal/x86_64/AnchoredSequenceCore_const_extract_protocols.json -Xcc -I/Users/runner/work/MyRAM-iOS/MyRAM-iOS/MyRAM-iOS/evidence/builds/DerivedData-iOS/Build/Products/Debug-iphonesimulator/include -Xcc -I/Users/runner/work/MyRAM-iOS/MyRAM-iOS/MyRAM-iOS/evidence/builds/DerivedData-iOS/Build/Intermediates.noindex/AnchoredSequenceCore.build/Debug-iphonesimulator/AnchoredSequenceCore.build/DerivedSources-normal/x86_64 -Xcc -I/Users/runner/work/MyRAM-iOS/MyRAM-iOS/MyRAM-iOS/evidence/builds/DerivedData-iOS/Build/Intermediates.noindex/AnchoredSequenceCore.build/Debug-iphonesimulator/AnchoredSequenceCore.build/DerivedSources/x86_64 -Xcc -I/Users/runner/work/MyRAM-iOS/MyRAM-iOS/MyRAM-iOS/evidence/builds/DerivedData-iOS/Build/Intermediates.noindex/AnchoredSequenceCore.build/Debug-iphonesimulator/AnchoredSequenceCore.build/DerivedSources -Xcc -DSWIFT_PACKAGE -Xcc -DDEBUG\=1 -emit-objc-header -emit-objc-header-path /Users/runner/work/MyRAM-iOS/MyRAM-iOS/MyRAM-iOS/evidence/builds/DerivedData-iOS/Build/Intermediates.noindex/AnchoredSequenceCore.build/Debug-iphonesimulator/AnchoredSequenceCore.build/Objects-normal/x86_64/AnchoredSequenceCore-Swift.h -working-directory /Users/runner/work/MyRAM-iOS/MyRAM-iOS/MyRAM-iOS/MyRAM.xcodeproj -experimental-emit-module-separately -disable-cmo

CreateUniversalBinary /Users/runner/work/MyRAM-iOS/MyRAM-iOS/MyRAM-iOS/evidence/builds/DerivedData-iOS/Build/Products/Debug-iphonesimulator/NearbySyncCore.o normal arm64\ x86_64 (in target 'NearbySyncCore' from project 'NearbySyncCore')
    cd /Users/runner/work/MyRAM-iOS/MyRAM-iOS/NearbySyncCore
    /Applications/Xcode_16.4.app/Contents/Developer/Toolchains/XcodeDefault.xctoolchain/usr/bin/lipo -create /Users/runner/work/MyRAM-iOS/MyRAM-iOS/MyRAM-iOS/evidence/builds/DerivedData-iOS/Build/Intermediates.noindex/NearbySyncCore.build/Debug-iphonesimulator/NearbySyncCore.build/Objects-normal/arm64/Binary/NearbySyncCore.o /Users/runner/work/MyRAM-iOS/MyRAM-iOS/MyRAM-iOS/evidence/builds/DerivedData-iOS/Build/Intermediates.noindex/NearbySyncCore.build/Debug-iphonesimulator/NearbySyncCore.build/Objects-normal/x86_64/Binary/NearbySyncCore.o -output /Users/runner/work/MyRAM-iOS/MyRAM-iOS/MyRAM-iOS/evidence/builds/DerivedData-iOS/Build/Products/Debug-iphonesimulator/NearbySyncCore.o

CreateUniversalBinary /Users/runner/work/MyRAM-iOS/MyRAM-iOS/MyRAM-iOS/evidence/builds/DerivedData-iOS/Build/Products/Debug-iphonesimulator/MyRAMWidgetExtension.appex/MyRAMWidgetExtension.debug.dylib normal arm64\ x86_64 (in target 'MyRAMWidgetExtension' from project 'MyRAM')
    cd /Users/runner/work/MyRAM-iOS/MyRAM-iOS/MyRAM-iOS
    /Applications/Xcode_16.4.app/Contents/Developer/Toolchains/XcodeDefault.xctoolchain/usr/bin/lipo -create /Users/runner/work/MyRAM-iOS/MyRAM-iOS/MyRAM-iOS/evidence/builds/DerivedData-iOS/Build/Intermediates.noindex/MyRAM.build/Debug-iphonesimulator/MyRAMWidgetExtension.build/Objects-normal/arm64/Binary/MyRAMWidgetExtension.debug.dylib /Users/runner/work/MyRAM-iOS/MyRAM-iOS/MyRAM-iOS/evidence/builds/DerivedData-iOS/Build/Intermediates.noindex/MyRAM.build/Debug-iphonesimulator/MyRAMWidgetExtension.build/Objects-normal/x86_64/Binary/MyRAMWidgetExtension.debug.dylib -output /Users/runner/work/MyRAM-iOS/MyRAM-iOS/MyRAM-iOS/evidence/builds/DerivedData-iOS/Build/Products/Debug-iphonesimulator/MyRAMWidgetExtension.appex/MyRAMWidgetExtension.debug.dylib

ConstructStubExecutorLinkFileList /Users/runner/work/MyRAM-iOS/MyRAM-iOS/MyRAM-iOS/evidence/builds/DerivedData-iOS/Build/Intermediates.noindex/MyRAM.build/Debug-iphonesimulator/MyRAMWidgetExtension.build/MyRAMWidgetExtension-ExecutorLinkFileList-normal-x86_64.txt (in target 'MyRAMWidgetExtension' from project 'MyRAM')
    cd /Users/runner/work/MyRAM-iOS/MyRAM-iOS/MyRAM-iOS
    construct-stub-executor-link-file-list /Users/runner/work/MyRAM-iOS/MyRAM-iOS/MyRAM-iOS/evidence/builds/DerivedData-iOS/Build/Intermediates.noindex/MyRAM.build/Debug-iphonesimulator/MyRAMWidgetExtension.build/Objects-normal/x86_64/Binary/MyRAMWidgetExtension.debug.dylib /Applications/Xcode_16.4.app/Contents/Developer/Platforms/iPhoneSimulator.platform/Developer/usr/lib/libPreviewsJITStubExecutor_no_swift_entry_point.a /Applications/Xcode_16.4.app/Contents/Developer/Platforms/iPhoneSimulator.platform/Developer/usr/lib/libPreviewsJITStubExecutor.a --output /Users/runner/work/MyRAM-iOS/MyRAM-iOS/MyRAM-iOS/evidence/builds/DerivedData-iOS/Build/Intermediates.noindex/MyRAM.build/Debug-iphonesimulator/MyRAMWidgetExtension.build/MyRAMWidgetExtension-ExecutorLinkFileList-normal-x86_64.txt
note: Using stub executor library with Swift entry point. (in target 'MyRAMWidgetExtension' from project 'MyRAM')

ConstructStubExecutorLinkFileList /Users/runner/work/MyRAM-iOS/MyRAM-iOS/MyRAM-iOS/evidence/builds/DerivedData-iOS/Build/Intermediates.noindex/MyRAM.build/Debug-iphonesimulator/MyRAMWidgetExtension.build/MyRAMWidgetExtension-ExecutorLinkFileList-normal-arm64.txt (in target 'MyRAMWidgetExtension' from project 'MyRAM')
    cd /Users/runner/work/MyRAM-iOS/MyRAM-iOS/MyRAM-iOS
    construct-stub-executor-link-file-list /Users/runner/work/MyRAM-iOS/MyRAM-iOS/MyRAM-iOS/evidence/builds/DerivedData-iOS/Build/Intermediates.noindex/MyRAM.build/Debug-iphonesimulator/MyRAMWidgetExtension.build/Objects-normal/arm64/Binary/MyRAMWidgetExtension.debug.dylib /Applications/Xcode_16.4.app/Contents/Developer/Platforms/iPhoneSimulator.platform/Developer/usr/lib/libPreviewsJITStubExecutor_no_swift_entry_point.a /Applications/Xcode_16.4.app/Contents/Developer/Platforms/iPhoneSimulator.platform/Developer/usr/lib/libPreviewsJITStubExecutor.a --output /Users/runner/work/MyRAM-iOS/MyRAM-iOS/MyRAM-iOS/evidence/builds/DerivedData-iOS/Build/Intermediates.noindex/MyRAM.build/Debug-iphonesimulator/MyRAMWidgetExtension.build/MyRAMWidgetExtension-ExecutorLinkFileList-normal-arm64.txt
note: Using stub executor library with Swift entry point. (in target 'MyRAMWidgetExtension' from project 'MyRAM')

Ld /Users/runner/work/MyRAM-iOS/MyRAM-iOS/MyRAM-iOS/evidence/builds/DerivedData-iOS/Build/Intermediates.noindex/AnchoredSequenceCore.build/Debug-iphonesimulator/AnchoredSequenceCore.build/Objects-normal/x86_64/Binary/AnchoredSequenceCore.o normal x86_64 (in target 'AnchoredSequenceCore' from project 'AnchoredSequenceCore')
    cd /Users/runner/work/MyRAM-iOS/MyRAM-iOS/MyRAM-iOS/Packages/AnchoredSequenceCore
    /Applications/Xcode_16.4.app/Contents/Developer/Toolchains/XcodeDefault.xctoolchain/usr/bin/clang -Xlinker -reproducible -target x86_64-apple-ios17.0-simulator -r -isysroot /Applications/Xcode_16.4.app/Contents/Developer/Platforms/iPhoneSimulator.platform/Developer/SDKs/iPhoneSimulator18.5.sdk -O0 -w -L/Users/runner/work/MyRAM-iOS/MyRAM-iOS/MyRAM-iOS/evidence/builds/DerivedData-iOS/Build/Intermediates.noindex/EagerLinkingTBDs/Debug-iphonesimulator -L/Users/runner/work/MyRAM-iOS/MyRAM-iOS/MyRAM-iOS/evidence/builds/DerivedData-iOS/Build/Products/Debug-iphonesimulator -L/Applications/Xcode_16.4.app/Contents/Developer/Platforms/iPhoneSimulator.platform/Developer/usr/lib -F/Users/runner/work/MyRAM-iOS/MyRAM-iOS/MyRAM-iOS/evidence/builds/DerivedData-iOS/Build/Intermediates.noindex/EagerLinkingTBDs/Debug-iphonesimulator -F/Users/runner/work/MyRAM-iOS/MyRAM-iOS/MyRAM-iOS/evidence/builds/DerivedData-iOS/Build/Products/Debug-iphonesimulator -iframework /Applications/Xcode_16.4.app/Contents/Developer/Platforms/iPhoneSimulator.platform/Developer/Library/Frameworks -iframework /Applications/Xcode_16.4.app/Contents/Developer/Platforms/iPhoneSimulator.platform/Developer/SDKs/iPhoneSimulator18.5.sdk/Developer/Library/Frameworks -filelist /Users/runner/work/MyRAM-iOS/MyRAM-iOS/MyRAM-iOS/evidence/builds/DerivedData-iOS/Build/Intermediates.noindex/AnchoredSequenceCore.build/Debug-iphonesimulator/AnchoredSequenceCore.build/Objects-normal/x86_64/AnchoredSequenceCore.LinkFileList -nostdlib -Xlinker -object_path_lto -Xlinker /Users/runner/work/MyRAM-iOS/MyRAM-iOS/MyRAM-iOS/evidence/builds/DerivedData-iOS/Build/Intermediates.noindex/AnchoredSequenceCore.build/Debug-iphonesimulator/AnchoredSequenceCore.build/Objects-normal/x86_64/AnchoredSequenceCore_lto.o -rdynamic -Xlinker -no_deduplicate -Xlinker -objc_abi_version -Xlinker 2 -Xlinker -dependency_info -Xlinker /Users/runner/work/MyRAM-iOS/MyRAM-iOS/MyRAM-iOS/evidence/builds/DerivedData-iOS/Build/Intermediates.noindex/AnchoredSequenceCore.build/Debug-iphonesimulator/AnchoredSequenceCore.build/Objects-normal/x86_64/AnchoredSequenceCore_dependency_info.dat -fobjc-link-runtime -L/Applications/Xcode_16.4.app/Contents/Developer/Toolchains/XcodeDefault.xctoolchain/usr/lib/swift/iphonesimulator -L/usr/lib/swift -Xlinker -add_ast_path -Xlinker /Users/runner/work/MyRAM-iOS/MyRAM-iOS/MyRAM-iOS/evidence/builds/DerivedData-iOS/Build/Intermediates.noindex/AnchoredSequenceCore.build/Debug-iphonesimulator/AnchoredSequenceCore.build/Objects-normal/x86_64/AnchoredSequenceCore.swiftmodule -o /Users/runner/work/MyRAM-iOS/MyRAM-iOS/MyRAM-iOS/evidence/builds/DerivedData-iOS/Build/Intermediates.noindex/AnchoredSequenceCore.build/Debug-iphonesimulator/AnchoredSequenceCore.build/Objects-normal/x86_64/Binary/AnchoredSequenceCore.o

Ld /Users/runner/work/MyRAM-iOS/MyRAM-iOS/MyRAM-iOS/evidence/builds/DerivedData-iOS/Build/Intermediates.noindex/MyRAM.build/Debug-iphonesimulator/MyRAMWidgetExtension.build/Objects-normal/arm64/Binary/MyRAMWidgetExtension normal arm64 (in target 'MyRAMWidgetExtension' from project 'MyRAM')
    cd /Users/runner/work/MyRAM-iOS/MyRAM-iOS/MyRAM-iOS
    /Applications/Xcode_16.4.app/Contents/Developer/Toolchains/XcodeDefault.xctoolchain/usr/bin/clang -Xlinker -reproducible -target arm64-apple-ios17.0-simulator -isysroot /Applications/Xcode_16.4.app/Contents/Developer/Platforms/iPhoneSimulator.platform/Developer/SDKs/iPhoneSimulator18.5.sdk -O0 -L/Users/runner/work/MyRAM-iOS/MyRAM-iOS/MyRAM-iOS/evidence/builds/DerivedData-iOS/Build/Products/Debug-iphonesimulator -F/Users/runner/work/MyRAM-iOS/MyRAM-iOS/MyRAM-iOS/evidence/builds/DerivedData-iOS/Build/Products/Debug-iphonesimulator -Xlinker -rpath -Xlinker @executable_path -Xlinker -rpath -Xlinker @executable_path/Frameworks -Xlinker -rpath -Xlinker @executable_path/../../Frameworks -rdynamic -Xlinker -no_deduplicate -Xlinker -objc_abi_version -Xlinker 2 -e ___debug_blank_executor_main -Xlinker -sectcreate -Xlinker __TEXT -Xlinker __debug_dylib -Xlinker /Users/runner/work/MyRAM-iOS/MyRAM-iOS/MyRAM-iOS/evidence/builds/DerivedData-iOS/Build/Intermediates.noindex/MyRAM.build/Debug-iphonesimulator/MyRAMWidgetExtension.build/MyRAMWidgetExtension-DebugDylibPath-normal-arm64.txt -Xlinker -sectcreate -Xlinker __TEXT -Xlinker __debug_entry -Xlinker /Users/runner/work/MyRAM-iOS/MyRAM-iOS/MyRAM-iOS/evidence/builds/DerivedData-iOS/Build/Intermediates.noindex/MyRAM.build/Debug-iphonesimulator/MyRAMWidgetExtension.build/MyRAMWidgetExtension-DebugEntryPoint-normal-arm64.txt -Xlinker -sectcreate -Xlinker __TEXT -Xlinker __debug_instlnm -Xlinker /Users/runner/work/MyRAM-iOS/MyRAM-iOS/MyRAM-iOS/evidence/builds/DerivedData-iOS/Build/Intermediates.noindex/MyRAM.build/Debug-iphonesimulator/MyRAMWidgetExtension.build/MyRAMWidgetExtension-DebugDylibInstallName-normal-arm64.txt -Xlinker -filelist -Xlinker /Users/runner/work/MyRAM-iOS/MyRAM-iOS/MyRAM-iOS/evidence/builds/DerivedData-iOS/Build/Intermediates.noindex/MyRAM.build/Debug-iphonesimulator/MyRAMWidgetExtension.build/MyRAMWidgetExtension-ExecutorLinkFileList-normal-arm64.txt /Users/runner/work/MyRAM-iOS/MyRAM-iOS/MyRAM-iOS/evidence/builds/DerivedData-iOS/Build/Intermediates.noindex/MyRAM.build/Debug-iphonesimulator/MyRAMWidgetExtension.build/Objects-normal/arm64/Binary/MyRAMWidgetExtension.debug.dylib -o /Users/runner/work/MyRAM-iOS/MyRAM-iOS/MyRAM-iOS/evidence/builds/DerivedData-iOS/Build/Intermediates.noindex/MyRAM.build/Debug-iphonesimulator/MyRAMWidgetExtension.build/Objects-normal/arm64/Binary/MyRAMWidgetExtension

Ld /Users/runner/work/MyRAM-iOS/MyRAM-iOS/MyRAM-iOS/evidence/builds/DerivedData-iOS/Build/Intermediates.noindex/MyRAM.build/Debug-iphonesimulator/MyRAMWidgetExtension.build/Objects-normal/x86_64/Binary/MyRAMWidgetExtension normal x86_64 (in target 'MyRAMWidgetExtension' from project 'MyRAM')
    cd /Users/runner/work/MyRAM-iOS/MyRAM-iOS/MyRAM-iOS
    /Applications/Xcode_16.4.app/Contents/Developer/Toolchains/XcodeDefault.xctoolchain/usr/bin/clang -Xlinker -reproducible -target x86_64-apple-ios17.0-simulator -isysroot /Applications/Xcode_16.4.app/Contents/Developer/Platforms/iPhoneSimulator.platform/Developer/SDKs/iPhoneSimulator18.5.sdk -O0 -L/Users/runner/work/MyRAM-iOS/MyRAM-iOS/MyRAM-iOS/evidence/builds/DerivedData-iOS/Build/Products/Debug-iphonesimulator -F/Users/runner/work/MyRAM-iOS/MyRAM-iOS/MyRAM-iOS/evidence/builds/DerivedData-iOS/Build/Products/Debug-iphonesimulator -Xlinker -rpath -Xlinker @executable_path -Xlinker -rpath -Xlinker @executable_path/Frameworks -Xlinker -rpath -Xlinker @executable_path/../../Frameworks -rdynamic -Xlinker -no_deduplicate -Xlinker -objc_abi_version -Xlinker 2 -e ___debug_blank_executor_main -Xlinker -sectcreate -Xlinker __TEXT -Xlinker __debug_dylib -Xlinker /Users/runner/work/MyRAM-iOS/MyRAM-iOS/MyRAM-iOS/evidence/builds/DerivedData-iOS/Build/Intermediates.noindex/MyRAM.build/Debug-iphonesimulator/MyRAMWidgetExtension.build/MyRAMWidgetExtension-DebugDylibPath-normal-x86_64.txt -Xlinker -sectcreate -Xlinker __TEXT -Xlinker __debug_entry -Xlinker /Users/runner/work/MyRAM-iOS/MyRAM-iOS/MyRAM-iOS/evidence/builds/DerivedData-iOS/Build/Intermediates.noindex/MyRAM.build/Debug-iphonesimulator/MyRAMWidgetExtension.build/MyRAMWidgetExtension-DebugEntryPoint-normal-x86_64.txt -Xlinker -sectcreate -Xlinker __TEXT -Xlinker __debug_instlnm -Xlinker /Users/runner/work/MyRAM-iOS/MyRAM-iOS/MyRAM-iOS/evidence/builds/DerivedData-iOS/Build/Intermediates.noindex/MyRAM.build/Debug-iphonesimulator/MyRAMWidgetExtension.build/MyRAMWidgetExtension-DebugDylibInstallName-normal-x86_64.txt -Xlinker -filelist -Xlinker /Users/runner/work/MyRAM-iOS/MyRAM-iOS/MyRAM-iOS/evidence/builds/DerivedData-iOS/Build/Intermediates.noindex/MyRAM.build/Debug-iphonesimulator/MyRAMWidgetExtension.build/MyRAMWidgetExtension-ExecutorLinkFileList-normal-x86_64.txt /Users/runner/work/MyRAM-iOS/MyRAM-iOS/MyRAM-iOS/evidence/builds/DerivedData-iOS/Build/Intermediates.noindex/MyRAM.build/Debug-iphonesimulator/MyRAMWidgetExtension.build/Objects-normal/x86_64/Binary/MyRAMWidgetExtension.debug.dylib -o /Users/runner/work/MyRAM-iOS/MyRAM-iOS/MyRAM-iOS/evidence/builds/DerivedData-iOS/Build/Intermediates.noindex/MyRAM.build/Debug-iphonesimulator/MyRAMWidgetExtension.build/Objects-normal/x86_64/Binary/MyRAMWidgetExtension

ExtractAppIntentsMetadata (in target 'NearbySyncCore' from project 'NearbySyncCore')
    cd /Users/runner/work/MyRAM-iOS/MyRAM-iOS/NearbySyncCore
    /Applications/Xcode_16.4.app/Contents/Developer/Toolchains/XcodeDefault.xctoolchain/usr/bin/appintentsmetadataprocessor --toolchain-dir /Applications/Xcode_16.4.app/Contents/Developer/Toolchains/XcodeDefault.xctoolchain --module-name NearbySyncCore --sdk-root /Applications/Xcode_16.4.app/Contents/Developer/Platforms/iPhoneSimulator.platform/Developer/SDKs/iPhoneSimulator18.5.sdk --xcode-version 16F6 --platform-family iOS --deployment-target 17.0 --bundle-identifier nearbysynccore.NearbySyncCore --output /Users/runner/work/MyRAM-iOS/MyRAM-iOS/MyRAM-iOS/evidence/builds/DerivedData-iOS/Build/Products/Debug-iphonesimulator/NearbySyncCore.appintents --target-triple arm64-apple-ios17.0-simulator --target-triple x86_64-apple-ios17.0-simulator --binary-file /Users/runner/work/MyRAM-iOS/MyRAM-iOS/MyRAM-iOS/evidence/builds/DerivedData-iOS/Build/Products/Debug-iphonesimulator/NearbySyncCore.o --dependency-file /Users/runner/work/MyRAM-iOS/MyRAM-iOS/MyRAM-iOS/evidence/builds/DerivedData-iOS/Build/Intermediates.noindex/NearbySyncCore.build/Debug-iphonesimulator/NearbySyncCore.build/Objects-normal/arm64/NearbySyncCore_dependency_info.dat --dependency-file /Users/runner/work/MyRAM-iOS/MyRAM-iOS/MyRAM-iOS/evidence/builds/DerivedData-iOS/Build/Intermediates.noindex/NearbySyncCore.build/Debug-iphonesimulator/NearbySyncCore.build/Objects-normal/x86_64/NearbySyncCore_dependency_info.dat --stringsdata-file /Users/runner/work/MyRAM-iOS/MyRAM-iOS/MyRAM-iOS/evidence/builds/DerivedData-iOS/Build/Intermediates.noindex/NearbySyncCore.build/Debug-iphonesimulator/NearbySyncCore.build/Objects-normal/arm64/ExtractedAppShortcutsMetadata.stringsdata --stringsdata-file /Users/runner/work/MyRAM-iOS/MyRAM-iOS/MyRAM-iOS/evidence/builds/DerivedData-iOS/Build/Intermediates.noindex/NearbySyncCore.build/Debug-iphonesimulator/NearbySyncCore.build/Objects-normal/x86_64/ExtractedAppShortcutsMetadata.stringsdata --source-file-list /Users/runner/work/MyRAM-iOS/MyRAM-iOS/MyRAM-iOS/evidence/builds/DerivedData-iOS/Build/Intermediates.noindex/NearbySyncCore.build/Debug-iphonesimulator/NearbySyncCore.build/Objects-normal/arm64/NearbySyncCore.SwiftFileList --source-file-list /Users/runner/work/MyRAM-iOS/MyRAM-iOS/MyRAM-iOS/evidence/builds/DerivedData-iOS/Build/Intermediates.noindex/NearbySyncCore.build/Debug-iphonesimulator/NearbySyncCore.build/Objects-normal/x86_64/NearbySyncCore.SwiftFileList --metadata-file-list /Users/runner/work/MyRAM-iOS/MyRAM-iOS/MyRAM-iOS/evidence/builds/DerivedData-iOS/Build/Intermediates.noindex/NearbySyncCore.build/Debug-iphonesimulator/NearbySyncCore.build/NearbySyncCore.DependencyMetadataFileList --static-metadata-file-list /Users/runner/work/MyRAM-iOS/MyRAM-iOS/MyRAM-iOS/evidence/builds/DerivedData-iOS/Build/Intermediates.noindex/NearbySyncCore.build/Debug-iphonesimulator/NearbySyncCore.build/NearbySyncCore.DependencyStaticMetadataFileList --swift-const-vals-list /Users/runner/work/MyRAM-iOS/MyRAM-iOS/MyRAM-iOS/evidence/builds/DerivedData-iOS/Build/Intermediates.noindex/NearbySyncCore.build/Debug-iphonesimulator/NearbySyncCore.build/Objects-normal/arm64/NearbySyncCore.SwiftConstValuesFileList --swift-const-vals-list /Users/runner/work/MyRAM-iOS/MyRAM-iOS/MyRAM-iOS/evidence/builds/DerivedData-iOS/Build/Intermediates.noindex/NearbySyncCore.build/Debug-iphonesimulator/NearbySyncCore.build/Objects-normal/x86_64/NearbySyncCore.SwiftConstValuesFileList --force --compile-time-extraction --deployment-aware-processing --validate-assistant-intents --no-app-shortcuts-localization
2026-08-04 15:00:41.341 appintentsmetadataprocessor[1973:9789] Starting appintentsmetadataprocessor export
2026-08-04 15:00:41.428 appintentsmetadataprocessor[1973:9789] Extracted no relevant App Intents symbols, skipping writing output

CreateUniversalBinary /Users/runner/work/MyRAM-iOS/MyRAM-iOS/MyRAM-iOS/evidence/builds/DerivedData-iOS/Build/Products/Debug-iphonesimulator/MyRAMWidgetExtension.appex/MyRAMWidgetExtension normal arm64\ x86_64 (in target 'MyRAMWidgetExtension' from project 'MyRAM')
    cd /Users/runner/work/MyRAM-iOS/MyRAM-iOS/MyRAM-iOS
    /Applications/Xcode_16.4.app/Contents/Developer/Toolchains/XcodeDefault.xctoolchain/usr/bin/lipo -create /Users/runner/work/MyRAM-iOS/MyRAM-iOS/MyRAM-iOS/evidence/builds/DerivedData-iOS/Build/Intermediates.noindex/MyRAM.build/Debug-iphonesimulator/MyRAMWidgetExtension.build/Objects-normal/arm64/Binary/MyRAMWidgetExtension /Users/runner/work/MyRAM-iOS/MyRAM-iOS/MyRAM-iOS/evidence/builds/DerivedData-iOS/Build/Intermediates.noindex/MyRAM.build/Debug-iphonesimulator/MyRAMWidgetExtension.build/Objects-normal/x86_64/Binary/MyRAMWidgetExtension -output /Users/runner/work/MyRAM-iOS/MyRAM-iOS/MyRAM-iOS/evidence/builds/DerivedData-iOS/Build/Products/Debug-iphonesimulator/MyRAMWidgetExtension.appex/MyRAMWidgetExtension

ExtractAppIntentsMetadata (in target 'MyRAMWidgetExtension' from project 'MyRAM')
    cd /Users/runner/work/MyRAM-iOS/MyRAM-iOS/MyRAM-iOS
    /Applications/Xcode_16.4.app/Contents/Developer/Toolchains/XcodeDefault.xctoolchain/usr/bin/appintentsmetadataprocessor --toolchain-dir /Applications/Xcode_16.4.app/Contents/Developer/Toolchains/XcodeDefault.xctoolchain --module-name MyRAMWidgetExtension --sdk-root /Applications/Xcode_16.4.app/Contents/Developer/Platforms/iPhoneSimulator.platform/Developer/SDKs/iPhoneSimulator18.5.sdk --xcode-version 16F6 --platform-family iOS --deployment-target 17.0 --bundle-identifier com.northsignalstudio.myram.dev.widget --output /Users/runner/work/MyRAM-iOS/MyRAM-iOS/MyRAM-iOS/evidence/builds/DerivedData-iOS/Build/Products/Debug-iphonesimulator/MyRAMWidgetExtension.appex --target-triple arm64-apple-ios17.0-simulator --target-triple x86_64-apple-ios17.0-simulator --binary-file /Users/runner/work/MyRAM-iOS/MyRAM-iOS/MyRAM-iOS/evidence/builds/DerivedData-iOS/Build/Products/Debug-iphonesimulator/MyRAMWidgetExtension.appex/MyRAMWidgetExtension --dependency-file /Users/runner/work/MyRAM-iOS/MyRAM-iOS/MyRAM-iOS/evidence/builds/DerivedData-iOS/Build/Intermediates.noindex/MyRAM.build/Debug-iphonesimulator/MyRAMWidgetExtension.build/Objects-normal/arm64/MyRAMWidgetExtension_dependency_info.dat --dependency-file /Users/runner/work/MyRAM-iOS/MyRAM-iOS/MyRAM-iOS/evidence/builds/DerivedData-iOS/Build/Intermediates.noindex/MyRAM.build/Debug-iphonesimulator/MyRAMWidgetExtension.build/Objects-normal/x86_64/MyRAMWidgetExtension_dependency_info.dat --stringsdata-file /Users/runner/work/MyRAM-iOS/MyRAM-iOS/MyRAM-iOS/evidence/builds/DerivedData-iOS/Build/Intermediates.noindex/MyRAM.build/Debug-iphonesimulator/MyRAMWidgetExtension.build/Objects-normal/arm64/ExtractedAppShortcutsMetadata.stringsdata --stringsdata-file /Users/runner/work/MyRAM-iOS/MyRAM-iOS/MyRAM-iOS/evidence/builds/DerivedData-iOS/Build/Intermediates.noindex/MyRAM.build/Debug-iphonesimulator/MyRAMWidgetExtension.build/Objects-normal/x86_64/ExtractedAppShortcutsMetadata.stringsdata --source-file-list /Users/runner/work/MyRAM-iOS/MyRAM-iOS/MyRAM-iOS/evidence/builds/DerivedData-iOS/Build/Intermediates.noindex/MyRAM.build/Debug-iphonesimulator/MyRAMWidgetExtension.build/Objects-normal/arm64/MyRAMWidgetExtension.SwiftFileList --source-file-list /Users/runner/work/MyRAM-iOS/MyRAM-iOS/MyRAM-iOS/evidence/builds/DerivedData-iOS/Build/Intermediates.noindex/MyRAM.build/Debug-iphonesimulator/MyRAMWidgetExtension.build/Objects-normal/x86_64/MyRAMWidgetExtension.SwiftFileList --metadata-file-list /Users/runner/work/MyRAM-iOS/MyRAM-iOS/MyRAM-iOS/evidence/builds/DerivedData-iOS/Build/Intermediates.noindex/MyRAM.build/Debug-iphonesimulator/MyRAMWidgetExtension.build/MyRAMWidgetExtension.DependencyMetadataFileList --static-metadata-file-list /Users/runner/work/MyRAM-iOS/MyRAM-iOS/MyRAM-iOS/evidence/builds/DerivedData-iOS/Build/Intermediates.noindex/MyRAM.build/Debug-iphonesimulator/MyRAMWidgetExtension.build/MyRAMWidgetExtension.DependencyStaticMetadataFileList --swift-const-vals-list /Users/runner/work/MyRAM-iOS/MyRAM-iOS/MyRAM-iOS/evidence/builds/DerivedData-iOS/Build/Intermediates.noindex/MyRAM.build/Debug-iphonesimulator/MyRAMWidgetExtension.build/Objects-normal/arm64/MyRAMWidgetExtension.SwiftConstValuesFileList --swift-const-vals-list /Users/runner/work/MyRAM-iOS/MyRAM-iOS/MyRAM-iOS/evidence/builds/DerivedData-iOS/Build/Intermediates.noindex/MyRAM.build/Debug-iphonesimulator/MyRAMWidgetExtension.build/Objects-normal/x86_64/MyRAMWidgetExtension.SwiftConstValuesFileList --compile-time-extraction --deployment-aware-processing --validate-assistant-intents --no-app-shortcuts-localization
2026-08-04 15:00:41.341 appintentsmetadataprocessor[1975:9794] Starting appintentsmetadataprocessor export
2026-08-04 15:00:41.419 appintentsmetadataprocessor[1975:9794] Extracted no relevant App Intents symbols, skipping writing output

SwiftDriverJobDiscovery normal arm64 Compiling SyncTextOperationPayload.swift, SyncTextSequenceState.swift (in target 'AnchoredSequenceCore' from project 'AnchoredSequenceCore')

SwiftDriver\ Compilation AnchoredSequenceCore normal arm64 com.apple.xcode.tools.swift.compiler (in target 'AnchoredSequenceCore' from project 'AnchoredSequenceCore')
    cd /Users/runner/work/MyRAM-iOS/MyRAM-iOS/MyRAM-iOS/MyRAM.xcodeproj
    builtin-Swift-Compilation -- /Applications/Xcode_16.4.app/Contents/Developer/Toolchains/XcodeDefault.xctoolchain/usr/bin/swiftc -module-name AnchoredSequenceCore -Onone -enforce-exclusivity\=checked @/Users/runner/work/MyRAM-iOS/MyRAM-iOS/MyRAM-iOS/evidence/builds/DerivedData-iOS/Build/Intermediates.noindex/AnchoredSequenceCore.build/Debug-iphonesimulator/AnchoredSequenceCore.build/Objects-normal/arm64/AnchoredSequenceCore.SwiftFileList -DSWIFT_PACKAGE -DDEBUG -DXcode -plugin-path /Applications/Xcode_16.4.app/Contents/Developer/Toolchains/XcodeDefault.xctoolchain/usr/lib/swift/host/plugins/testing -enable-experimental-feature DebugDescriptionMacro -sdk /Applications/Xcode_16.4.app/Contents/Developer/Platforms/iPhoneSimulator.platform/Developer/SDKs/iPhoneSimulator18.5.sdk -target arm64-apple-ios17.0-simulator -g -module-cache-path /Users/runner/work/MyRAM-iOS/MyRAM-iOS/MyRAM-iOS/evidence/builds/DerivedData-iOS/ModuleCache.noindex -Xfrontend -serialize-debugging-options -enable-testing -suppress-warnings -index-store-path /Users/runner/work/MyRAM-iOS/MyRAM-iOS/MyRAM-iOS/evidence/builds/DerivedData-iOS/Index.noindex/DataStore -swift-version 5 -I /Users/runner/work/MyRAM-iOS/MyRAM-iOS/MyRAM-iOS/evidence/builds/DerivedData-iOS/Build/Products/Debug-iphonesimulator -I /Applications/Xcode_16.4.app/Contents/Developer/Platforms/iPhoneSimulator.platform/Developer/usr/lib -F /Users/runner/work/MyRAM-iOS/MyRAM-iOS/MyRAM-iOS/evidence/builds/DerivedData-iOS/Build/Products/Debug-iphonesimulator -F /Applications/Xcode_16.4.app/Contents/Developer/Platforms/iPhoneSimulator.platform/Developer/Library/Frameworks -F /Applications/Xcode_16.4.app/Contents/Developer/Platforms/iPhoneSimulator.platform/Developer/SDKs/iPhoneSimulator18.5.sdk/Developer/Library/Frameworks -c -j3 -enable-batch-mode -incremental -Xcc -ivfsstatcache -Xcc /Users/runner/work/MyRAM-iOS/MyRAM-iOS/MyRAM-iOS/evidence/builds/DerivedData-iOS/SDKStatCaches.noindex/iphonesimulator18.5-22F76-96ae0914227b19deccb34b33ba7b5dea.sdkstatcache -output-file-map /Users/runner/work/MyRAM-iOS/MyRAM-iOS/MyRAM-iOS/evidence/builds/DerivedData-iOS/Build/Intermediates.noindex/AnchoredSequenceCore.build/Debug-iphonesimulator/AnchoredSequenceCore.build/Objects-normal/arm64/AnchoredSequenceCore-OutputFileMap.json -use-frontend-parseable-output -save-temps -no-color-diagnostics -serialize-diagnostics -emit-dependencies -emit-module -emit-module-path /Users/runner/work/MyRAM-iOS/MyRAM-iOS/MyRAM-iOS/evidence/builds/DerivedData-iOS/Build/Intermediates.noindex/AnchoredSequenceCore.build/Debug-iphonesimulator/AnchoredSequenceCore.build/Objects-normal/arm64/AnchoredSequenceCore.swiftmodule -validate-clang-modules-once -clang-build-session-file /Users/runner/work/MyRAM-iOS/MyRAM-iOS/MyRAM-iOS/evidence/builds/DerivedData-iOS/ModuleCache.noindex/Session.modulevalidation -package-name anchoredsequencecore -Xcc -I/Users/runner/work/MyRAM-iOS/MyRAM-iOS/MyRAM-iOS/evidence/builds/DerivedData-iOS/Build/Intermediates.noindex/AnchoredSequenceCore.build/Debug-iphonesimulator/AnchoredSequenceCore.build/swift-overrides.hmap -emit-const-values -Xfrontend -const-gather-protocols-file -Xfrontend /Users/runner/work/MyRAM-iOS/MyRAM-iOS/MyRAM-iOS/evidence/builds/DerivedData-iOS/Build/Intermediates.noindex/AnchoredSequenceCore.build/Debug-iphonesimulator/AnchoredSequenceCore.build/Objects-normal/arm64/AnchoredSequenceCore_const_extract_protocols.json -Xcc -I/Users/runner/work/MyRAM-iOS/MyRAM-iOS/MyRAM-iOS/evidence/builds/DerivedData-iOS/Build/Products/Debug-iphonesimulator/include -Xcc -I/Users/runner/work/MyRAM-iOS/MyRAM-iOS/MyRAM-iOS/evidence/builds/DerivedData-iOS/Build/Intermediates.noindex/AnchoredSequenceCore.build/Debug-iphonesimulator/AnchoredSequenceCore.build/DerivedSources-normal/arm64 -Xcc -I/Users/runner/work/MyRAM-iOS/MyRAM-iOS/MyRAM-iOS/evidence/builds/DerivedData-iOS/Build/Intermediates.noindex/AnchoredSequenceCore.build/Debug-iphonesimulator/AnchoredSequenceCore.build/DerivedSources/arm64 -Xcc -I/Users/runner/work/MyRAM-iOS/MyRAM-iOS/MyRAM-iOS/evidence/builds/DerivedData-iOS/Build/Intermediates.noindex/AnchoredSequenceCore.build/Debug-iphonesimulator/AnchoredSequenceCore.build/DerivedSources -Xcc -DSWIFT_PACKAGE -Xcc -DDEBUG\=1 -emit-objc-header -emit-objc-header-path /Users/runner/work/MyRAM-iOS/MyRAM-iOS/MyRAM-iOS/evidence/builds/DerivedData-iOS/Build/Intermediates.noindex/AnchoredSequenceCore.build/Debug-iphonesimulator/AnchoredSequenceCore.build/Objects-normal/arm64/AnchoredSequenceCore-Swift.h -working-directory /Users/runner/work/MyRAM-iOS/MyRAM-iOS/MyRAM-iOS/MyRAM.xcodeproj -experimental-emit-module-separately -disable-cmo

Ld /Users/runner/work/MyRAM-iOS/MyRAM-iOS/MyRAM-iOS/evidence/builds/DerivedData-iOS/Build/Intermediates.noindex/AnchoredSequenceCore.build/Debug-iphonesimulator/AnchoredSequenceCore.build/Objects-normal/arm64/Binary/AnchoredSequenceCore.o normal arm64 (in target 'AnchoredSequenceCore' from project 'AnchoredSequenceCore')
    cd /Users/runner/work/MyRAM-iOS/MyRAM-iOS/MyRAM-iOS/Packages/AnchoredSequenceCore
    /Applications/Xcode_16.4.app/Contents/Developer/Toolchains/XcodeDefault.xctoolchain/usr/bin/clang -Xlinker -reproducible -target arm64-apple-ios17.0-simulator -r -isysroot /Applications/Xcode_16.4.app/Contents/Developer/Platforms/iPhoneSimulator.platform/Developer/SDKs/iPhoneSimulator18.5.sdk -O0 -w -L/Users/runner/work/MyRAM-iOS/MyRAM-iOS/MyRAM-iOS/evidence/builds/DerivedData-iOS/Build/Intermediates.noindex/EagerLinkingTBDs/Debug-iphonesimulator -L/Users/runner/work/MyRAM-iOS/MyRAM-iOS/MyRAM-iOS/evidence/builds/DerivedData-iOS/Build/Products/Debug-iphonesimulator -L/Applications/Xcode_16.4.app/Contents/Developer/Platforms/iPhoneSimulator.platform/Developer/usr/lib -F/Users/runner/work/MyRAM-iOS/MyRAM-iOS/MyRAM-iOS/evidence/builds/DerivedData-iOS/Build/Intermediates.noindex/EagerLinkingTBDs/Debug-iphonesimulator -F/Users/runner/work/MyRAM-iOS/MyRAM-iOS/MyRAM-iOS/evidence/builds/DerivedData-iOS/Build/Products/Debug-iphonesimulator -iframework /Applications/Xcode_16.4.app/Contents/Developer/Platforms/iPhoneSimulator.platform/Developer/Library/Frameworks -iframework /Applications/Xcode_16.4.app/Contents/Developer/Platforms/iPhoneSimulator.platform/Developer/SDKs/iPhoneSimulator18.5.sdk/Developer/Library/Frameworks -filelist /Users/runner/work/MyRAM-iOS/MyRAM-iOS/MyRAM-iOS/evidence/builds/DerivedData-iOS/Build/Intermediates.noindex/AnchoredSequenceCore.build/Debug-iphonesimulator/AnchoredSequenceCore.build/Objects-normal/arm64/AnchoredSequenceCore.LinkFileList -nostdlib -Xlinker -object_path_lto -Xlinker /Users/runner/work/MyRAM-iOS/MyRAM-iOS/MyRAM-iOS/evidence/builds/DerivedData-iOS/Build/Intermediates.noindex/AnchoredSequenceCore.build/Debug-iphonesimulator/AnchoredSequenceCore.build/Objects-normal/arm64/AnchoredSequenceCore_lto.o -rdynamic -Xlinker -no_deduplicate -Xlinker -objc_abi_version -Xlinker 2 -Xlinker -dependency_info -Xlinker /Users/runner/work/MyRAM-iOS/MyRAM-iOS/MyRAM-iOS/evidence/builds/DerivedData-iOS/Build/Intermediates.noindex/AnchoredSequenceCore.build/Debug-iphonesimulator/AnchoredSequenceCore.build/Objects-normal/arm64/AnchoredSequenceCore_dependency_info.dat -fobjc-link-runtime -L/Applications/Xcode_16.4.app/Contents/Developer/Toolchains/XcodeDefault.xctoolchain/usr/lib/swift/iphonesimulator -L/usr/lib/swift -Xlinker -add_ast_path -Xlinker /Users/runner/work/MyRAM-iOS/MyRAM-iOS/MyRAM-iOS/evidence/builds/DerivedData-iOS/Build/Intermediates.noindex/AnchoredSequenceCore.build/Debug-iphonesimulator/AnchoredSequenceCore.build/Objects-normal/arm64/AnchoredSequenceCore.swiftmodule -o /Users/runner/work/MyRAM-iOS/MyRAM-iOS/MyRAM-iOS/evidence/builds/DerivedData-iOS/Build/Intermediates.noindex/AnchoredSequenceCore.build/Debug-iphonesimulator/AnchoredSequenceCore.build/Objects-normal/arm64/Binary/AnchoredSequenceCore.o

CreateUniversalBinary /Users/runner/work/MyRAM-iOS/MyRAM-iOS/MyRAM-iOS/evidence/builds/DerivedData-iOS/Build/Products/Debug-iphonesimulator/AnchoredSequenceCore.o normal arm64\ x86_64 (in target 'AnchoredSequenceCore' from project 'AnchoredSequenceCore')
    cd /Users/runner/work/MyRAM-iOS/MyRAM-iOS/MyRAM-iOS/Packages/AnchoredSequenceCore
    /Applications/Xcode_16.4.app/Contents/Developer/Toolchains/XcodeDefault.xctoolchain/usr/bin/lipo -create /Users/runner/work/MyRAM-iOS/MyRAM-iOS/MyRAM-iOS/evidence/builds/DerivedData-iOS/Build/Intermediates.noindex/AnchoredSequenceCore.build/Debug-iphonesimulator/AnchoredSequenceCore.build/Objects-normal/arm64/Binary/AnchoredSequenceCore.o /Users/runner/work/MyRAM-iOS/MyRAM-iOS/MyRAM-iOS/evidence/builds/DerivedData-iOS/Build/Intermediates.noindex/AnchoredSequenceCore.build/Debug-iphonesimulator/AnchoredSequenceCore.build/Objects-normal/x86_64/Binary/AnchoredSequenceCore.o -output /Users/runner/work/MyRAM-iOS/MyRAM-iOS/MyRAM-iOS/evidence/builds/DerivedData-iOS/Build/Products/Debug-iphonesimulator/AnchoredSequenceCore.o

MkDir /Users/runner/work/MyRAM-iOS/MyRAM-iOS/MyRAM-iOS/evidence/builds/DerivedData-iOS/Build/Intermediates.noindex/MyRAM.build/Debug-iphonesimulator/MyRAM.build/assetcatalog_output/unthinned (in target 'MyRAM' from project 'MyRAM')
    cd /Users/runner/work/MyRAM-iOS/MyRAM-iOS/MyRAM-iOS
    /bin/mkdir -p /Users/runner/work/MyRAM-iOS/MyRAM-iOS/MyRAM-iOS/evidence/builds/DerivedData-iOS/Build/Intermediates.noindex/MyRAM.build/Debug-iphonesimulator/MyRAM.build/assetcatalog_output/unthinned

MkDir /Users/runner/work/MyRAM-iOS/MyRAM-iOS/MyRAM-iOS/evidence/builds/DerivedData-iOS/Build/Intermediates.noindex/MyRAM.build/Debug-iphonesimulator/MyRAM.build/assetcatalog_output/thinned (in target 'MyRAM' from project 'MyRAM')
    cd /Users/runner/work/MyRAM-iOS/MyRAM-iOS/MyRAM-iOS
    /bin/mkdir -p /Users/runner/work/MyRAM-iOS/MyRAM-iOS/MyRAM-iOS/evidence/builds/DerivedData-iOS/Build/Intermediates.noindex/MyRAM.build/Debug-iphonesimulator/MyRAM.build/assetcatalog_output/thinned

GenerateAssetSymbols /Users/runner/work/MyRAM-iOS/MyRAM-iOS/MyRAM-iOS/MyRAM/Preview\ Content/Preview\ Assets.xcassets /Users/runner/work/MyRAM-iOS/MyRAM-iOS/MyRAM-iOS/MyRAM/Assets.xcassets (in target 'MyRAM' from project 'MyRAM')
    cd /Users/runner/work/MyRAM-iOS/MyRAM-iOS/MyRAM-iOS
    /Applications/Xcode_16.4.app/Contents/Developer/usr/bin/actool /Users/runner/work/MyRAM-iOS/MyRAM-iOS/MyRAM-iOS/MyRAM/Preview\ Content/Preview\ Assets.xcassets /Users/runner/work/MyRAM-iOS/MyRAM-iOS/MyRAM-iOS/MyRAM/Assets.xcassets --compile /Users/runner/work/MyRAM-iOS/MyRAM-iOS/MyRAM-iOS/evidence/builds/DerivedData-iOS/Build/Products/Debug-iphonesimulator/MyRAM.app --output-format human-readable-text --notices --warnings --export-dependency-info /Users/runner/work/MyRAM-iOS/MyRAM-iOS/MyRAM-iOS/evidence/builds/DerivedData-iOS/Build/Intermediates.noindex/MyRAM.build/Debug-iphonesimulator/MyRAM.build/assetcatalog_dependencies --output-partial-info-plist /Users/runner/work/MyRAM-iOS/MyRAM-iOS/MyRAM-iOS/evidence/builds/DerivedData-iOS/Build/Intermediates.noindex/MyRAM.build/Debug-iphonesimulator/MyRAM.build/assetcatalog_generated_info.plist --app-icon AppIcon --accent-color AccentColor --compress-pngs --enable-on-demand-resources YES --development-region en --target-device iphone --target-device ipad --minimum-deployment-target 17.0 --platform iphonesimulator --bundle-identifier com.northsignalstudio.myram.dev --generate-swift-asset-symbols /Users/runner/work/MyRAM-iOS/MyRAM-iOS/MyRAM-iOS/evidence/builds/DerivedData-iOS/Build/Intermediates.noindex/MyRAM.build/Debug-iphonesimulator/MyRAM.build/DerivedSources/GeneratedAssetSymbols.swift --generate-objc-asset-symbols /Users/runner/work/MyRAM-iOS/MyRAM-iOS/MyRAM-iOS/evidence/builds/DerivedData-iOS/Build/Intermediates.noindex/MyRAM.build/Debug-iphonesimulator/MyRAM.build/DerivedSources/GeneratedAssetSymbols.h --generate-asset-symbol-index /Users/runner/work/MyRAM-iOS/MyRAM-iOS/MyRAM-iOS/evidence/builds/DerivedData-iOS/Build/Intermediates.noindex/MyRAM.build/Debug-iphonesimulator/MyRAM.build/DerivedSources/GeneratedAssetSymbols-Index.plist
/* com.apple.actool.compilation-results */
/Users/runner/work/MyRAM-iOS/MyRAM-iOS/MyRAM-iOS/evidence/builds/DerivedData-iOS/Build/Intermediates.noindex/MyRAM.build/Debug-iphonesimulator/MyRAM.build/DerivedSources/GeneratedAssetSymbols-Index.plist
/Users/runner/work/MyRAM-iOS/MyRAM-iOS/MyRAM-iOS/evidence/builds/DerivedData-iOS/Build/Intermediates.noindex/MyRAM.build/Debug-iphonesimulator/MyRAM.build/DerivedSources/GeneratedAssetSymbols.h
/Users/runner/work/MyRAM-iOS/MyRAM-iOS/MyRAM-iOS/evidence/builds/DerivedData-iOS/Build/Intermediates.noindex/MyRAM.build/Debug-iphonesimulator/MyRAM.build/DerivedSources/GeneratedAssetSymbols.swift


CompileAssetCatalogVariant thinned /Users/runner/work/MyRAM-iOS/MyRAM-iOS/MyRAM-iOS/evidence/builds/DerivedData-iOS/Build/Products/Debug-iphonesimulator/MyRAM.app /Users/runner/work/MyRAM-iOS/MyRAM-iOS/MyRAM-iOS/MyRAM/Preview\ Content/Preview\ Assets.xcassets /Users/runner/work/MyRAM-iOS/MyRAM-iOS/MyRAM-iOS/MyRAM/Assets.xcassets (in target 'MyRAM' from project 'MyRAM')
    cd /Users/runner/work/MyRAM-iOS/MyRAM-iOS/MyRAM-iOS
    /Applications/Xcode_16.4.app/Contents/Developer/usr/bin/actool /Users/runner/work/MyRAM-iOS/MyRAM-iOS/MyRAM-iOS/MyRAM/Preview\ Content/Preview\ Assets.xcassets /Users/runner/work/MyRAM-iOS/MyRAM-iOS/MyRAM-iOS/MyRAM/Assets.xcassets --compile /Users/runner/work/MyRAM-iOS/MyRAM-iOS/MyRAM-iOS/evidence/builds/DerivedData-iOS/Build/Intermediates.noindex/MyRAM.build/Debug-iphonesimulator/MyRAM.build/assetcatalog_output/thinned --output-format human-readable-text --notices --warnings --export-dependency-info /Users/runner/work/MyRAM-iOS/MyRAM-iOS/MyRAM-iOS/evidence/builds/DerivedData-iOS/Build/Intermediates.noindex/MyRAM.build/Debug-iphonesimulator/MyRAM.build/assetcatalog_dependencies_thinned --output-partial-info-plist /Users/runner/work/MyRAM-iOS/MyRAM-iOS/MyRAM-iOS/evidence/builds/DerivedData-iOS/Build/Intermediates.noindex/MyRAM.build/Debug-iphonesimulator/MyRAM.build/assetcatalog_generated_info.plist_thinned --app-icon AppIcon --accent-color AccentColor --compress-pngs --enable-on-demand-resources YES --development-region en --target-device iphone --target-device ipad --minimum-deployment-target 17.0 --platform iphonesimulator
/* com.apple.actool.document.notices */
/Users/runner/work/MyRAM-iOS/MyRAM-iOS/MyRAM-iOS/MyRAM/Assets.xcassets:./AppIcon.appiconset/[][ipad][76x76][][][1x][][][][]: notice: 76x76@1x app icons only apply to iPad apps targeting releases of iOS prior to 10.0.
/* com.apple.actool.compilation-results */
/Users/runner/work/MyRAM-iOS/MyRAM-iOS/MyRAM-iOS/evidence/builds/DerivedData-iOS/Build/Intermediates.noindex/MyRAM.build/Debug-iphonesimulator/MyRAM.build/assetcatalog_generated_info.plist_thinned
/Users/runner/work/MyRAM-iOS/MyRAM-iOS/MyRAM-iOS/evidence/builds/DerivedData-iOS/Build/Intermediates.noindex/MyRAM.build/Debug-iphonesimulator/MyRAM.build/assetcatalog_output/thinned/AppIcon60x60@2x.png
/Users/runner/work/MyRAM-iOS/MyRAM-iOS/MyRAM-iOS/evidence/builds/DerivedData-iOS/Build/Intermediates.noindex/MyRAM.build/Debug-iphonesimulator/MyRAM.build/assetcatalog_output/thinned/AppIcon76x76@2x~ipad.png
/Users/runner/work/MyRAM-iOS/MyRAM-iOS/MyRAM-iOS/evidence/builds/DerivedData-iOS/Build/Intermediates.noindex/MyRAM.build/Debug-iphonesimulator/MyRAM.build/assetcatalog_output/thinned/Assets.car


SwiftDriver MyRAM normal x86_64 com.apple.xcode.tools.swift.compiler (in target 'MyRAM' from project 'MyRAM')
    cd /Users/runner/work/MyRAM-iOS/MyRAM-iOS/MyRAM-iOS
    builtin-SwiftDriver -- /Applications/Xcode_16.4.app/Contents/Developer/Toolchains/XcodeDefault.xctoolchain/usr/bin/swiftc -module-name MyRAM -Onone -enforce-exclusivity\=checked @/Users/runner/work/MyRAM-iOS/MyRAM-iOS/MyRAM-iOS/evidence/builds/DerivedData-iOS/Build/Intermediates.noindex/MyRAM.build/Debug-iphonesimulator/MyRAM.build/Objects-normal/x86_64/MyRAM.SwiftFileList -DDEBUG -enable-bare-slash-regex -enable-experimental-feature DebugDescriptionMacro -sdk /Applications/Xcode_16.4.app/Contents/Developer/Platforms/iPhoneSimulator.platform/Developer/SDKs/iPhoneSimulator18.5.sdk -target x86_64-apple-ios17.0-simulator -g -module-cache-path /Users/runner/work/MyRAM-iOS/MyRAM-iOS/MyRAM-iOS/evidence/builds/DerivedData-iOS/ModuleCache.noindex -Xfrontend -serialize-debugging-options -enable-testing -index-store-path /Users/runner/work/MyRAM-iOS/MyRAM-iOS/MyRAM-iOS/evidence/builds/DerivedData-iOS/Index.noindex/DataStore -swift-version 5 -I /Users/runner/work/MyRAM-iOS/MyRAM-iOS/MyRAM-iOS/evidence/builds/DerivedData-iOS/Build/Products/Debug-iphonesimulator -F /Users/runner/work/MyRAM-iOS/MyRAM-iOS/MyRAM-iOS/evidence/builds/DerivedData-iOS/Build/Products/Debug-iphonesimulator/PackageFrameworks -F /Users/runner/work/MyRAM-iOS/MyRAM-iOS/MyRAM-iOS/evidence/builds/DerivedData-iOS/Build/Products/Debug-iphonesimulator/PackageFrameworks -F /Users/runner/work/MyRAM-iOS/MyRAM-iOS/MyRAM-iOS/evidence/builds/DerivedData-iOS/Build/Products/Debug-iphonesimulator -emit-localized-strings -emit-localized-strings-path /Users/runner/work/MyRAM-iOS/MyRAM-iOS/MyRAM-iOS/evidence/builds/DerivedData-iOS/Build/Intermediates.noindex/MyRAM.build/Debug-iphonesimulator/MyRAM.build/Objects-normal/x86_64 -c -j3 -enable-batch-mode -incremental -Xcc -ivfsstatcache -Xcc /Users/runner/work/MyRAM-iOS/MyRAM-iOS/MyRAM-iOS/evidence/builds/DerivedData-iOS/SDKStatCaches.noindex/iphonesimulator18.5-22F76-96ae0914227b19deccb34b33ba7b5dea.sdkstatcache -output-file-map /Users/runner/work/MyRAM-iOS/MyRAM-iOS/MyRAM-iOS/evidence/builds/DerivedData-iOS/Build/Intermediates.noindex/MyRAM.build/Debug-iphonesimulator/MyRAM.build/Objects-normal/x86_64/MyRAM-OutputFileMap.json -use-frontend-parseable-output -save-temps -no-color-diagnostics -serialize-diagnostics -emit-dependencies -emit-module -emit-module-path /Users/runner/work/MyRAM-iOS/MyRAM-iOS/MyRAM-iOS/evidence/builds/DerivedData-iOS/Build/Intermediates.noindex/MyRAM.build/Debug-iphonesimulator/MyRAM.build/Objects-normal/x86_64/MyRAM.swiftmodule -validate-clang-modules-once -clang-build-session-file /Users/runner/work/MyRAM-iOS/MyRAM-iOS/MyRAM-iOS/evidence/builds/DerivedData-iOS/ModuleCache.noindex/Session.modulevalidation -Xcc -I/Users/runner/work/MyRAM-iOS/MyRAM-iOS/MyRAM-iOS/evidence/builds/DerivedData-iOS/Build/Intermediates.noindex/MyRAM.build/Debug-iphonesimulator/MyRAM.build/swift-overrides.hmap -emit-const-values -Xfrontend -const-gather-protocols-file -Xfrontend /Users/runner/work/MyRAM-iOS/MyRAM-iOS/MyRAM-iOS/evidence/builds/DerivedData-iOS/Build/Intermediates.noindex/MyRAM.build/Debug-iphonesimulator/MyRAM.build/Objects-normal/x86_64/MyRAM_const_extract_protocols.json -Xcc -iquote -Xcc /Users/runner/work/MyRAM-iOS/MyRAM-iOS/MyRAM-iOS/evidence/builds/DerivedData-iOS/Build/Intermediates.noindex/MyRAM.build/Debug-iphonesimulator/MyRAM.build/MyRAM-generated-files.hmap -Xcc -I/Users/runner/work/MyRAM-iOS/MyRAM-iOS/MyRAM-iOS/evidence/builds/DerivedData-iOS/Build/Intermediates.noindex/MyRAM.build/Debug-iphonesimulator/MyRAM.build/MyRAM-own-target-headers.hmap -Xcc -I/Users/runner/work/MyRAM-iOS/MyRAM-iOS/MyRAM-iOS/evidence/builds/DerivedData-iOS/Build/Intermediates.noindex/MyRAM.build/Debug-iphonesimulator/MyRAM.build/MyRAM-all-non-framework-target-headers.hmap -Xcc -ivfsoverlay -Xcc /Users/runner/work/MyRAM-iOS/MyRAM-iOS/MyRAM-iOS/evidence/builds/DerivedData-iOS/Build/Intermediates.noindex/MyRAM.build/Debug-iphonesimulator/MyRAM-98a9cbde253e8e955bc92731eb290203-VFS-iphonesimulator/all-product-headers.yaml -Xcc -iquote -Xcc /Users/runner/work/MyRAM-iOS/MyRAM-iOS/MyRAM-iOS/evidence/builds/DerivedData-iOS/Build/Intermediates.noindex/MyRAM.build/Debug-iphonesimulator/MyRAM.build/MyRAM-project-headers.hmap -Xcc -I/Users/runner/work/MyRAM-iOS/MyRAM-iOS/MyRAM-iOS/evidence/builds/DerivedData-iOS/Build/Products/Debug-iphonesimulator/include -Xcc -I/Users/runner/work/MyRAM-iOS/MyRAM-iOS/MyRAM-iOS/evidence/builds/DerivedData-iOS/Build/Intermediates.noindex/MyRAM.build/Debug-iphonesimulator/MyRAM.build/DerivedSources-normal/x86_64 -Xcc -I/Users/runner/work/MyRAM-iOS/MyRAM-iOS/MyRAM-iOS/evidence/builds/DerivedData-iOS/Build/Intermediates.noindex/MyRAM.build/Debug-iphonesimulator/MyRAM.build/DerivedSources/x86_64 -Xcc -I/Users/runner/work/MyRAM-iOS/MyRAM-iOS/MyRAM-iOS/evidence/builds/DerivedData-iOS/Build/Intermediates.noindex/MyRAM.build/Debug-iphonesimulator/MyRAM.build/DerivedSources -Xcc -DDEBUG\=1 -emit-objc-header -emit-objc-header-path /Users/runner/work/MyRAM-iOS/MyRAM-iOS/MyRAM-iOS/evidence/builds/DerivedData-iOS/Build/Intermediates.noindex/MyRAM.build/Debug-iphonesimulator/MyRAM.build/Objects-normal/x86_64/MyRAM-Swift.h -working-directory /Users/runner/work/MyRAM-iOS/MyRAM-iOS/MyRAM-iOS -experimental-emit-module-separately -disable-cmo

SwiftDriver MyRAM normal arm64 com.apple.xcode.tools.swift.compiler (in target 'MyRAM' from project 'MyRAM')
    cd /Users/runner/work/MyRAM-iOS/MyRAM-iOS/MyRAM-iOS
    builtin-SwiftDriver -- /Applications/Xcode_16.4.app/Contents/Developer/Toolchains/XcodeDefault.xctoolchain/usr/bin/swiftc -module-name MyRAM -Onone -enforce-exclusivity\=checked @/Users/runner/work/MyRAM-iOS/MyRAM-iOS/MyRAM-iOS/evidence/builds/DerivedData-iOS/Build/Intermediates.noindex/MyRAM.build/Debug-iphonesimulator/MyRAM.build/Objects-normal/arm64/MyRAM.SwiftFileList -DDEBUG -enable-bare-slash-regex -enable-experimental-feature DebugDescriptionMacro -sdk /Applications/Xcode_16.4.app/Contents/Developer/Platforms/iPhoneSimulator.platform/Developer/SDKs/iPhoneSimulator18.5.sdk -target arm64-apple-ios17.0-simulator -g -module-cache-path /Users/runner/work/MyRAM-iOS/MyRAM-iOS/MyRAM-iOS/evidence/builds/DerivedData-iOS/ModuleCache.noindex -Xfrontend -serialize-debugging-options -enable-testing -index-store-path /Users/runner/work/MyRAM-iOS/MyRAM-iOS/MyRAM-iOS/evidence/builds/DerivedData-iOS/Index.noindex/DataStore -swift-version 5 -I /Users/runner/work/MyRAM-iOS/MyRAM-iOS/MyRAM-iOS/evidence/builds/DerivedData-iOS/Build/Products/Debug-iphonesimulator -F /Users/runner/work/MyRAM-iOS/MyRAM-iOS/MyRAM-iOS/evidence/builds/DerivedData-iOS/Build/Products/Debug-iphonesimulator/PackageFrameworks -F /Users/runner/work/MyRAM-iOS/MyRAM-iOS/MyRAM-iOS/evidence/builds/DerivedData-iOS/Build/Products/Debug-iphonesimulator/PackageFrameworks -F /Users/runner/work/MyRAM-iOS/MyRAM-iOS/MyRAM-iOS/evidence/builds/DerivedData-iOS/Build/Products/Debug-iphonesimulator -emit-localized-strings -emit-localized-strings-path /Users/runner/work/MyRAM-iOS/MyRAM-iOS/MyRAM-iOS/evidence/builds/DerivedData-iOS/Build/Intermediates.noindex/MyRAM.build/Debug-iphonesimulator/MyRAM.build/Objects-normal/arm64 -c -j3 -enable-batch-mode -incremental -Xcc -ivfsstatcache -Xcc /Users/runner/work/MyRAM-iOS/MyRAM-iOS/MyRAM-iOS/evidence/builds/DerivedData-iOS/SDKStatCaches.noindex/iphonesimulator18.5-22F76-96ae0914227b19deccb34b33ba7b5dea.sdkstatcache -output-file-map /Users/runner/work/MyRAM-iOS/MyRAM-iOS/MyRAM-iOS/evidence/builds/DerivedData-iOS/Build/Intermediates.noindex/MyRAM.build/Debug-iphonesimulator/MyRAM.build/Objects-normal/arm64/MyRAM-OutputFileMap.json -use-frontend-parseable-output -save-temps -no-color-diagnostics -serialize-diagnostics -emit-dependencies -emit-module -emit-module-path /Users/runner/work/MyRAM-iOS/MyRAM-iOS/MyRAM-iOS/evidence/builds/DerivedData-iOS/Build/Intermediates.noindex/MyRAM.build/Debug-iphonesimulator/MyRAM.build/Objects-normal/arm64/MyRAM.swiftmodule -validate-clang-modules-once -clang-build-session-file /Users/runner/work/MyRAM-iOS/MyRAM-iOS/MyRAM-iOS/evidence/builds/DerivedData-iOS/ModuleCache.noindex/Session.modulevalidation -Xcc -I/Users/runner/work/MyRAM-iOS/MyRAM-iOS/MyRAM-iOS/evidence/builds/DerivedData-iOS/Build/Intermediates.noindex/MyRAM.build/Debug-iphonesimulator/MyRAM.build/swift-overrides.hmap -emit-const-values -Xfrontend -const-gather-protocols-file -Xfrontend /Users/runner/work/MyRAM-iOS/MyRAM-iOS/MyRAM-iOS/evidence/builds/DerivedData-iOS/Build/Intermediates.noindex/MyRAM.build/Debug-iphonesimulator/MyRAM.build/Objects-normal/arm64/MyRAM_const_extract_protocols.json -Xcc -iquote -Xcc /Users/runner/work/MyRAM-iOS/MyRAM-iOS/MyRAM-iOS/evidence/builds/DerivedData-iOS/Build/Intermediates.noindex/MyRAM.build/Debug-iphonesimulator/MyRAM.build/MyRAM-generated-files.hmap -Xcc -I/Users/runner/work/MyRAM-iOS/MyRAM-iOS/MyRAM-iOS/evidence/builds/DerivedData-iOS/Build/Intermediates.noindex/MyRAM.build/Debug-iphonesimulator/MyRAM.build/MyRAM-own-target-headers.hmap -Xcc -I/Users/runner/work/MyRAM-iOS/MyRAM-iOS/MyRAM-iOS/evidence/builds/DerivedData-iOS/Build/Intermediates.noindex/MyRAM.build/Debug-iphonesimulator/MyRAM.build/MyRAM-all-non-framework-target-headers.hmap -Xcc -ivfsoverlay -Xcc /Users/runner/work/MyRAM-iOS/MyRAM-iOS/MyRAM-iOS/evidence/builds/DerivedData-iOS/Build/Intermediates.noindex/MyRAM.build/Debug-iphonesimulator/MyRAM-98a9cbde253e8e955bc92731eb290203-VFS-iphonesimulator/all-product-headers.yaml -Xcc -iquote -Xcc /Users/runner/work/MyRAM-iOS/MyRAM-iOS/MyRAM-iOS/evidence/builds/DerivedData-iOS/Build/Intermediates.noindex/MyRAM.build/Debug-iphonesimulator/MyRAM.build/MyRAM-project-headers.hmap -Xcc -I/Users/runner/work/MyRAM-iOS/MyRAM-iOS/MyRAM-iOS/evidence/builds/DerivedData-iOS/Build/Products/Debug-iphonesimulator/include -Xcc -I/Users/runner/work/MyRAM-iOS/MyRAM-iOS/MyRAM-iOS/evidence/builds/DerivedData-iOS/Build/Intermediates.noindex/MyRAM.build/Debug-iphonesimulator/MyRAM.build/DerivedSources-normal/arm64 -Xcc -I/Users/runner/work/MyRAM-iOS/MyRAM-iOS/MyRAM-iOS/evidence/builds/DerivedData-iOS/Build/Intermediates.noindex/MyRAM.build/Debug-iphonesimulator/MyRAM.build/DerivedSources/arm64 -Xcc -I/Users/runner/work/MyRAM-iOS/MyRAM-iOS/MyRAM-iOS/evidence/builds/DerivedData-iOS/Build/Intermediates.noindex/MyRAM.build/Debug-iphonesimulator/MyRAM.build/DerivedSources -Xcc -DDEBUG\=1 -emit-objc-header -emit-objc-header-path /Users/runner/work/MyRAM-iOS/MyRAM-iOS/MyRAM-iOS/evidence/builds/DerivedData-iOS/Build/Intermediates.noindex/MyRAM.build/Debug-iphonesimulator/MyRAM.build/Objects-normal/arm64/MyRAM-Swift.h -working-directory /Users/runner/work/MyRAM-iOS/MyRAM-iOS/MyRAM-iOS -experimental-emit-module-separately -disable-cmo

AppIntentsSSUTraining (in target 'MyRAMWidgetExtension' from project 'MyRAM')
    cd /Users/runner/work/MyRAM-iOS/MyRAM-iOS/MyRAM-iOS
    /Applications/Xcode_16.4.app/Contents/Developer/Toolchains/XcodeDefault.xctoolchain/usr/bin/appintentsnltrainingprocessor --infoplist-path /Users/runner/work/MyRAM-iOS/MyRAM-iOS/MyRAM-iOS/evidence/builds/DerivedData-iOS/Build/Products/Debug-iphonesimulator/MyRAMWidgetExtension.appex/Info.plist --temp-dir-path /Users/runner/work/MyRAM-iOS/MyRAM-iOS/MyRAM-iOS/evidence/builds/DerivedData-iOS/Build/Intermediates.noindex/MyRAM.build/Debug-iphonesimulator/MyRAMWidgetExtension.build/ssu --bundle-id com.northsignalstudio.myram.dev.widget --product-path /Users/runner/work/MyRAM-iOS/MyRAM-iOS/MyRAM-iOS/evidence/builds/DerivedData-iOS/Build/Products/Debug-iphonesimulator/MyRAMWidgetExtension.appex --extracted-metadata-path /Users/runner/work/MyRAM-iOS/MyRAM-iOS/MyRAM-iOS/evidence/builds/DerivedData-iOS/Build/Products/Debug-iphonesimulator/MyRAMWidgetExtension.appex/Metadata.appintents --metadata-file-list /Users/runner/work/MyRAM-iOS/MyRAM-iOS/MyRAM-iOS/evidence/builds/DerivedData-iOS/Build/Intermediates.noindex/MyRAM.build/Debug-iphonesimulator/MyRAMWidgetExtension.build/MyRAMWidgetExtension.DependencyMetadataFileList --archive-ssu-assets
2026-08-04 15:00:41.623 appintentsnltrainingprocessor[1999:9953] Parsing options for appintentsnltrainingprocessor
2026-08-04 15:00:41.624 appintentsnltrainingprocessor[1999:9953] No AppShortcuts found - Skipping.

SwiftEmitModule normal arm64 Emitting\ module\ for\ MyRAM (in target 'MyRAM' from project 'MyRAM')
EmitSwiftModule normal arm64 (in target 'MyRAM' from project 'MyRAM')
    cd /Users/runner/work/MyRAM-iOS/MyRAM-iOS/MyRAM-iOS
    

SwiftEmitModule normal x86_64 Emitting\ module\ for\ MyRAM (in target 'MyRAM' from project 'MyRAM')

EmitSwiftModule normal x86_64 (in target 'MyRAM' from project 'MyRAM')
    cd /Users/runner/work/MyRAM-iOS/MyRAM-iOS/MyRAM-iOS
    

SwiftCompile normal x86_64 Compiling\ MyRAMExternalOpenDispatcher.swift,\ MyRAMWidgetHostCoordinator.swift,\ MyRAMWidgetNoteRouting.swift,\ MyRAMWidgetSelectionButton.swift,\ MarkdownFileIO.swift,\ MarkdownPreview.swift,\ MarkdownPreviewModePolicy.swift,\ MarkdownPreviewUIKitSyncExecutor.swift,\ MarkdownPreviewUIKitDeferredScheduler.swift,\ MarkdownPreviewUIKitEditorResignation.swift,\ MarkdownPreviewUIKitPostResignationReconciliation.swift,\ MarkdownPreviewUIKitAcceptedRestoreSupersession.swift,\ NoteEditorFileOperationBridge.swift,\ NoteSequenceStateRecord.swift,\ NoteSequenceStateBootstrapAdapter.swift,\ NoteSequenceStateFullBodyIntegration.swift,\ NoteSequenceStateBootstrapMigrator.swift,\ SwiftDataNoteSequenceStateStore.swift,\ MyRAMSyncOperationIDAllocator.swift,\ FileBackedSyncOperationIDReservationStore.swift,\ Item.swift,\ RTFCoding.swift,\ AttributedTextStorageKeys.swift /Users/runner/work/MyRAM-iOS/MyRAM-iOS/MyRAM-iOS/MyRAM/WidgetHost/MyRAMExternalOpenDispatcher.swift /Users/runner/work/MyRAM-iOS/MyRAM-iOS/MyRAM-iOS/MyRAM/WidgetHost/MyRAMWidgetHostCoordinator.swift /Users/runner/work/MyRAM-iOS/MyRAM-iOS/MyRAM-iOS/MyRAM/WidgetHost/MyRAMWidgetNoteRouting.swift /Users/runner/work/MyRAM-iOS/MyRAM-iOS/MyRAM-iOS/MyRAM/WidgetHost/MyRAMWidgetSelectionButton.swift /Users/runner/work/MyRAM-iOS/MyRAM-iOS/MyRAM-iOS/MyRAM/Markdown/MarkdownFileIO.swift /Users/runner/work/MyRAM-iOS/MyRAM-iOS/MyRAM-iOS/MyRAM/Markdown/MarkdownPreview.swift /Users/runner/work/MyRAM-iOS/MyRAM-iOS/MyRAM-iOS/MyRAM/Markdown/MarkdownPreviewModePolicy.swift /Users/runner/work/MyRAM-iOS/MyRAM-iOS/MyRAM-iOS/MyRAM/Markdown/MarkdownPreviewUIKitSyncExecutor.swift /Users/runner/work/MyRAM-iOS/MyRAM-iOS/MyRAM-iOS/MyRAM/Markdown/MarkdownPreviewUIKitDeferredScheduler.swift /Users/runner/work/MyRAM-iOS/MyRAM-iOS/MyRAM-iOS/MyRAM/Markdown/MarkdownPreviewUIKitEditorResignation.swift /Users/runner/work/MyRAM-iOS/MyRAM-iOS/MyRAM-iOS/MyRAM/Markdown/MarkdownPreviewUIKitPostResignationReconciliation.swift /Users/runner/work/MyRAM-iOS/MyRAM-iOS/MyRAM-iOS/MyRAM/Markdown/MarkdownPreviewUIKitAcceptedRestoreSupersession.swift /Users/runner/work/MyRAM-iOS/MyRAM-iOS/MyRAM-iOS/MyRAM/Views/NoteEditorFileOperationBridge.swift /Users/runner/work/MyRAM-iOS/MyRAM-iOS/MyRAM-iOS/MyRAM/Sync/AnchoredSequence/NoteSequenceStateRecord.swift /Users/runner/work/MyRAM-iOS/MyRAM-iOS/MyRAM-iOS/MyRAM/Sync/AnchoredSequence/NoteSequenceStateBootstrapAdapter.swift /Users/runner/work/MyRAM-iOS/MyRAM-iOS/MyRAM-iOS/MyRAM/Sync/AnchoredSequence/NoteSequenceStateFullBodyIntegration.swift /Users/runner/work/MyRAM-iOS/MyRAM-iOS/MyRAM-iOS/MyRAM/Sync/AnchoredSequence/NoteSequenceStateBootstrapMigrator.swift /Users/runner/work/MyRAM-iOS/MyRAM-iOS/MyRAM-iOS/MyRAM/Sync/AnchoredSequence/SwiftDataNoteSequenceStateStore.swift /Users/runner/work/MyRAM-iOS/MyRAM-iOS/MyRAM-iOS/MyRAM/Sync/AnchoredSequence/MyRAMSyncOperationIDAllocator.swift /Users/runner/work/MyRAM-iOS/MyRAM-iOS/MyRAM-iOS/MyRAM/Sync/AnchoredSequence/FileBackedSyncOperationIDReservationStore.swift /Users/runner/work/MyRAM-iOS/MyRAM-iOS/MyRAM-iOS/MyRAM/Item.swift /Users/runner/work/MyRAM-iOS/MyRAM-iOS/MyRAM-iOS/MyRAM/Persistence/RTFCoding.swift /Users/runner/work/MyRAM-iOS/MyRAM-iOS/MyRAM-iOS/MyRAM/Persistence/AttributedTextStorageKeys.swift (in target 'MyRAM' from project 'MyRAM')
SwiftCompile normal x86_64 /Users/runner/work/MyRAM-iOS/MyRAM-iOS/MyRAM-iOS/MyRAM/WidgetHost/MyRAMExternalOpenDispatcher.swift (in target 'MyRAM' from project 'MyRAM')
    cd /Users/runner/work/MyRAM-iOS/MyRAM-iOS/MyRAM-iOS
    

SwiftCompile normal x86_64 /Users/runner/work/MyRAM-iOS/MyRAM-iOS/MyRAM-iOS/MyRAM/WidgetHost/MyRAMWidgetHostCoordinator.swift (in target 'MyRAM' from project 'MyRAM')
    cd /Users/runner/work/MyRAM-iOS/MyRAM-iOS/MyRAM-iOS
    

SwiftCompile normal x86_64 /Users/runner/work/MyRAM-iOS/MyRAM-iOS/MyRAM-iOS/MyRAM/WidgetHost/MyRAMWidgetNoteRouting.swift (in target 'MyRAM' from project 'MyRAM')
    cd /Users/runner/work/MyRAM-iOS/MyRAM-iOS/MyRAM-iOS
    

SwiftCompile normal x86_64 /Users/runner/work/MyRAM-iOS/MyRAM-iOS/MyRAM-iOS/MyRAM/WidgetHost/MyRAMWidgetSelectionButton.swift (in target 'MyRAM' from project 'MyRAM')
    cd /Users/runner/work/MyRAM-iOS/MyRAM-iOS/MyRAM-iOS
    

SwiftCompile normal x86_64 /Users/runner/work/MyRAM-iOS/MyRAM-iOS/MyRAM-iOS/MyRAM/Markdown/MarkdownFileIO.swift (in target 'MyRAM' from project 'MyRAM')
    cd /Users/runner/work/MyRAM-iOS/MyRAM-iOS/MyRAM-iOS
    

SwiftCompile normal x86_64 /Users/runner/work/MyRAM-iOS/MyRAM-iOS/MyRAM-iOS/MyRAM/Markdown/MarkdownPreview.swift (in target 'MyRAM' from project 'MyRAM')
    cd /Users/runner/work/MyRAM-iOS/MyRAM-iOS/MyRAM-iOS
    

SwiftCompile normal x86_64 /Users/runner/work/MyRAM-iOS/MyRAM-iOS/MyRAM-iOS/MyRAM/Markdown/MarkdownPreviewModePolicy.swift (in target 'MyRAM' from project 'MyRAM')
    cd /Users/runner/work/MyRAM-iOS/MyRAM-iOS/MyRAM-iOS
    

SwiftCompile normal x86_64 /Users/runner/work/MyRAM-iOS/MyRAM-iOS/MyRAM-iOS/MyRAM/Markdown/MarkdownPreviewUIKitSyncExecutor.swift (in target 'MyRAM' from project 'MyRAM')
    cd /Users/runner/work/MyRAM-iOS/MyRAM-iOS/MyRAM-iOS
    

SwiftCompile normal x86_64 /Users/runner/work/MyRAM-iOS/MyRAM-iOS/MyRAM-iOS/MyRAM/Markdown/MarkdownPreviewUIKitDeferredScheduler.swift (in target 'MyRAM' from project 'MyRAM')
    cd /Users/runner/work/MyRAM-iOS/MyRAM-iOS/MyRAM-iOS
    

SwiftCompile normal x86_64 /Users/runner/work/MyRAM-iOS/MyRAM-iOS/MyRAM-iOS/MyRAM/Markdown/MarkdownPreviewUIKitEditorResignation.swift (in target 'MyRAM' from project 'MyRAM')
    cd /Users/runner/work/MyRAM-iOS/MyRAM-iOS/MyRAM-iOS
    

SwiftCompile normal x86_64 /Users/runner/work/MyRAM-iOS/MyRAM-iOS/MyRAM-iOS/MyRAM/Markdown/MarkdownPreviewUIKitPostResignationReconciliation.swift (in target 'MyRAM' from project 'MyRAM')
    cd /Users/runner/work/MyRAM-iOS/MyRAM-iOS/MyRAM-iOS
    

SwiftCompile normal x86_64 /Users/runner/work/MyRAM-iOS/MyRAM-iOS/MyRAM-iOS/MyRAM/Markdown/MarkdownPreviewUIKitAcceptedRestoreSupersession.swift (in target 'MyRAM' from project 'MyRAM')
    cd /Users/runner/work/MyRAM-iOS/MyRAM-iOS/MyRAM-iOS
    

SwiftCompile normal x86_64 /Users/runner/work/MyRAM-iOS/MyRAM-iOS/MyRAM-iOS/MyRAM/Views/NoteEditorFileOperationBridge.swift (in target 'MyRAM' from project 'MyRAM')
    cd /Users/runner/work/MyRAM-iOS/MyRAM-iOS/MyRAM-iOS
    

SwiftCompile normal x86_64 /Users/runner/work/MyRAM-iOS/MyRAM-iOS/MyRAM-iOS/MyRAM/Sync/AnchoredSequence/NoteSequenceStateRecord.swift (in target 'MyRAM' from project 'MyRAM')
    cd /Users/runner/work/MyRAM-iOS/MyRAM-iOS/MyRAM-iOS
    

SwiftCompile normal x86_64 /Users/runner/work/MyRAM-iOS/MyRAM-iOS/MyRAM-iOS/MyRAM/Sync/AnchoredSequence/NoteSequenceStateBootstrapAdapter.swift (in target 'MyRAM' from project 'MyRAM')
    cd /Users/runner/work/MyRAM-iOS/MyRAM-iOS/MyRAM-iOS
    

SwiftCompile normal x86_64 /Users/runner/work/MyRAM-iOS/MyRAM-iOS/MyRAM-iOS/MyRAM/Sync/AnchoredSequence/NoteSequenceStateFullBodyIntegration.swift (in target 'MyRAM' from project 'MyRAM')
    cd /Users/runner/work/MyRAM-iOS/MyRAM-iOS/MyRAM-iOS
    

SwiftCompile normal x86_64 /Users/runner/work/MyRAM-iOS/MyRAM-iOS/MyRAM-iOS/MyRAM/Sync/AnchoredSequence/NoteSequenceStateBootstrapMigrator.swift (in target 'MyRAM' from project 'MyRAM')
    cd /Users/runner/work/MyRAM-iOS/MyRAM-iOS/MyRAM-iOS
    

SwiftCompile normal x86_64 /Users/runner/work/MyRAM-iOS/MyRAM-iOS/MyRAM-iOS/MyRAM/Sync/AnchoredSequence/SwiftDataNoteSequenceStateStore.swift (in target 'MyRAM' from project 'MyRAM')
    cd /Users/runner/work/MyRAM-iOS/MyRAM-iOS/MyRAM-iOS
    

SwiftCompile normal x86_64 /Users/runner/work/MyRAM-iOS/MyRAM-iOS/MyRAM-iOS/MyRAM/Sync/AnchoredSequence/MyRAMSyncOperationIDAllocator.swift (in target 'MyRAM' from project 'MyRAM')
    cd /Users/runner/work/MyRAM-iOS/MyRAM-iOS/MyRAM-iOS
    

SwiftCompile normal x86_64 /Users/runner/work/MyRAM-iOS/MyRAM-iOS/MyRAM-iOS/MyRAM/Sync/AnchoredSequence/FileBackedSyncOperationIDReservationStore.swift (in target 'MyRAM' from project 'MyRAM')
    cd /Users/runner/work/MyRAM-iOS/MyRAM-iOS/MyRAM-iOS
    

SwiftCompile normal x86_64 /Users/runner/work/MyRAM-iOS/MyRAM-iOS/MyRAM-iOS/MyRAM/Item.swift (in target 'MyRAM' from project 'MyRAM')
    cd /Users/runner/work/MyRAM-iOS/MyRAM-iOS/MyRAM-iOS
    

SwiftCompile normal x86_64 /Users/runner/work/MyRAM-iOS/MyRAM-iOS/MyRAM-iOS/MyRAM/Persistence/RTFCoding.swift (in target 'MyRAM' from project 'MyRAM')
    cd /Users/runner/work/MyRAM-iOS/MyRAM-iOS/MyRAM-iOS
    

SwiftCompile normal x86_64 /Users/runner/work/MyRAM-iOS/MyRAM-iOS/MyRAM-iOS/MyRAM/Persistence/AttributedTextStorageKeys.swift (in target 'MyRAM' from project 'MyRAM')
    cd /Users/runner/work/MyRAM-iOS/MyRAM-iOS/MyRAM-iOS
    

SwiftCompile normal arm64 Compiling\ SwiftDataSyncConvergencePostCommitStore.swift,\ SyncConvergencePostCommitExecutor.swift,\ SyncConvergenceLocalObligation.swift,\ FileBackedSyncConvergenceLocalObligationQueue.swift,\ SyncConvergenceDrainPassScheduler.swift,\ SyncConvergenceRuntime.swift,\ SyncBatchUnsentQueue.swift,\ FileBackedSyncBatchQueue.swift,\ NotesViewModel.swift,\ MyRAMSyncModels.swift,\ MyRAMApp.swift,\ MyRAMSchema.swift,\ Note.swift,\ MyRAMSyncChangeApplier.swift,\ MyRAMLegacySyncChangeValidator.swift,\ MyRAMSyncConflictService.swift,\ SyncConflictStore.swift,\ Folder.swift,\ MyRAMDeviceIdentity.swift,\ MyRAMLegacySyncPayloadBuilder.swift,\ PendingSyncStatus.swift,\ PendingSyncRecoveryCoordinator.swift,\ MyRAMWidgetContentSelectionPolicy.swift /Users/runner/work/MyRAM-iOS/MyRAM-iOS/MyRAM-iOS/MyRAM/Sync/Convergence/SwiftDataSyncConvergencePostCommitStore.swift /Users/runner/work/MyRAM-iOS/MyRAM-iOS/MyRAM-iOS/MyRAM/Sync/Convergence/SyncConvergencePostCommitExecutor.swift /Users/runner/work/MyRAM-iOS/MyRAM-iOS/MyRAM-iOS/MyRAM/Sync/Convergence/SyncConvergenceLocalObligation.swift /Users/runner/work/MyRAM-iOS/MyRAM-iOS/MyRAM-iOS/MyRAM/Sync/Convergence/FileBackedSyncConvergenceLocalObligationQueue.swift /Users/runner/work/MyRAM-iOS/MyRAM-iOS/MyRAM-iOS/MyRAM/Sync/Convergence/SyncConvergenceDrainPassScheduler.swift /Users/runner/work/MyRAM-iOS/MyRAM-iOS/MyRAM-iOS/MyRAM/Sync/Convergence/SyncConvergenceRuntime.swift /Users/runner/work/MyRAM-iOS/MyRAM-iOS/MyRAM-iOS/MyRAM/Sync/Batch/SyncBatchUnsentQueue.swift /Users/runner/work/MyRAM-iOS/MyRAM-iOS/MyRAM-iOS/MyRAM/Sync/Batch/FileBackedSyncBatchQueue.swift /Users/runner/work/MyRAM-iOS/MyRAM-iOS/MyRAM-iOS/MyRAM/ViewModels/NotesViewModel.swift /Users/runner/work/MyRAM-iOS/MyRAM-iOS/MyRAM-iOS/MyRAM/Sync/MyRAMSyncModels.swift /Users/runner/work/MyRAM-iOS/MyRAM-iOS/MyRAM-iOS/MyRAM/MyRAMApp.swift /Users/runner/work/MyRAM-iOS/MyRAM-iOS/MyRAM-iOS/MyRAM/MyRAMSchema.swift /Users/runner/work/MyRAM-iOS/MyRAM-iOS/MyRAM-iOS/MyRAM/Models/Note.swift /Users/runner/work/MyRAM-iOS/MyRAM-iOS/MyRAM-iOS/MyRAM/Sync/MyRAMSyncChangeApplier.swift /Users/runner/work/MyRAM-iOS/MyRAM-iOS/MyRAM-iOS/MyRAM/Sync/Legacy/MyRAMLegacySyncChangeValidator.swift /Users/runner/work/MyRAM-iOS/MyRAM-iOS/MyRAM-iOS/MyRAM/Sync/MyRAMSyncConflictService.swift /Users/runner/work/MyRAM-iOS/MyRAM-iOS/MyRAM-iOS/MyRAM/Sync/SyncConflictStore.swift /Users/runner/work/MyRAM-iOS/MyRAM-iOS/MyRAM-iOS/MyRAM/Models/Folder.swift /Users/runner/work/MyRAM-iOS/MyRAM-iOS/MyRAM-iOS/MyRAM/Sync/MyRAMDeviceIdentity.swift /Users/runner/work/MyRAM-iOS/MyRAM-iOS/MyRAM-iOS/MyRAM/Sync/MyRAMLegacySyncPayloadBuilder.swift /Users/runner/work/MyRAM-iOS/MyRAM-iOS/MyRAM-iOS/MyRAM/Sync/PendingSyncStatus.swift /Users/runner/work/MyRAM-iOS/MyRAM-iOS/MyRAM-iOS/MyRAM/Sync/Recovery/PendingSyncRecoveryCoordinator.swift /Users/runner/work/MyRAM-iOS/MyRAM-iOS/MyRAM-iOS/MyRAM/WidgetShared/MyRAMWidgetContentSelectionPolicy.swift (in target 'MyRAM' from project 'MyRAM')
SwiftCompile normal arm64 /Users/runner/work/MyRAM-iOS/MyRAM-iOS/MyRAM-iOS/MyRAM/Sync/Convergence/SwiftDataSyncConvergencePostCommitStore.swift (in target 'MyRAM' from project 'MyRAM')
    cd /Users/runner/work/MyRAM-iOS/MyRAM-iOS/MyRAM-iOS
    

SwiftCompile normal arm64 /Users/runner/work/MyRAM-iOS/MyRAM-iOS/MyRAM-iOS/MyRAM/Sync/Convergence/SyncConvergencePostCommitExecutor.swift (in target 'MyRAM' from project 'MyRAM')
    cd /Users/runner/work/MyRAM-iOS/MyRAM-iOS/MyRAM-iOS
    

SwiftCompile normal arm64 /Users/runner/work/MyRAM-iOS/MyRAM-iOS/MyRAM-iOS/MyRAM/Sync/Convergence/SyncConvergenceLocalObligation.swift (in target 'MyRAM' from project 'MyRAM')
    cd /Users/runner/work/MyRAM-iOS/MyRAM-iOS/MyRAM-iOS
    

SwiftCompile normal arm64 /Users/runner/work/MyRAM-iOS/MyRAM-iOS/MyRAM-iOS/MyRAM/Sync/Convergence/FileBackedSyncConvergenceLocalObligationQueue.swift (in target 'MyRAM' from project 'MyRAM')
    cd /Users/runner/work/MyRAM-iOS/MyRAM-iOS/MyRAM-iOS
    

SwiftCompile normal arm64 /Users/runner/work/MyRAM-iOS/MyRAM-iOS/MyRAM-iOS/MyRAM/Sync/Convergence/SyncConvergenceDrainPassScheduler.swift (in target 'MyRAM' from project 'MyRAM')
    cd /Users/runner/work/MyRAM-iOS/MyRAM-iOS/MyRAM-iOS
    

SwiftCompile normal arm64 /Users/runner/work/MyRAM-iOS/MyRAM-iOS/MyRAM-iOS/MyRAM/Sync/Convergence/SyncConvergenceRuntime.swift (in target 'MyRAM' from project 'MyRAM')
    cd /Users/runner/work/MyRAM-iOS/MyRAM-iOS/MyRAM-iOS
    
/Users/runner/work/MyRAM-iOS/MyRAM-iOS/MyRAM-iOS/MyRAM/Sync/Convergence/SyncConvergenceRuntime.swift:1096:9: error: the compiler is unable to type-check this expression in reasonable time; try breaking up the expression into distinct sub-expressions
        roots.reduce(0) {
        ^~~~~~~~~~~~~~~~~

SwiftCompile normal arm64 /Users/runner/work/MyRAM-iOS/MyRAM-iOS/MyRAM-iOS/MyRAM/Sync/Batch/SyncBatchUnsentQueue.swift (in target 'MyRAM' from project 'MyRAM')
    cd /Users/runner/work/MyRAM-iOS/MyRAM-iOS/MyRAM-iOS
    

SwiftCompile normal arm64 /Users/runner/work/MyRAM-iOS/MyRAM-iOS/MyRAM-iOS/MyRAM/Sync/Batch/FileBackedSyncBatchQueue.swift (in target 'MyRAM' from project 'MyRAM')
    cd /Users/runner/work/MyRAM-iOS/MyRAM-iOS/MyRAM-iOS
    

SwiftCompile normal arm64 /Users/runner/work/MyRAM-iOS/MyRAM-iOS/MyRAM-iOS/MyRAM/ViewModels/NotesViewModel.swift (in target 'MyRAM' from project 'MyRAM')
    cd /Users/runner/work/MyRAM-iOS/MyRAM-iOS/MyRAM-iOS
    

SwiftCompile normal arm64 /Users/runner/work/MyRAM-iOS/MyRAM-iOS/MyRAM-iOS/MyRAM/Sync/MyRAMSyncModels.swift (in target 'MyRAM' from project 'MyRAM')
    cd /Users/runner/work/MyRAM-iOS/MyRAM-iOS/MyRAM-iOS
    

SwiftCompile normal arm64 /Users/runner/work/MyRAM-iOS/MyRAM-iOS/MyRAM-iOS/MyRAM/MyRAMApp.swift (in target 'MyRAM' from project 'MyRAM')
    cd /Users/runner/work/MyRAM-iOS/MyRAM-iOS/MyRAM-iOS
    

SwiftCompile normal arm64 /Users/runner/work/MyRAM-iOS/MyRAM-iOS/MyRAM-iOS/MyRAM/MyRAMSchema.swift (in target 'MyRAM' from project 'MyRAM')
    cd /Users/runner/work/MyRAM-iOS/MyRAM-iOS/MyRAM-iOS
    

SwiftCompile normal arm64 /Users/runner/work/MyRAM-iOS/MyRAM-iOS/MyRAM-iOS/MyRAM/Models/Note.swift (in target 'MyRAM' from project 'MyRAM')
    cd /Users/runner/work/MyRAM-iOS/MyRAM-iOS/MyRAM-iOS
    

SwiftCompile normal arm64 /Users/runner/work/MyRAM-iOS/MyRAM-iOS/MyRAM-iOS/MyRAM/Sync/MyRAMSyncChangeApplier.swift (in target 'MyRAM' from project 'MyRAM')
    cd /Users/runner/work/MyRAM-iOS/MyRAM-iOS/MyRAM-iOS
    

SwiftCompile normal arm64 /Users/runner/work/MyRAM-iOS/MyRAM-iOS/MyRAM-iOS/MyRAM/Sync/Legacy/MyRAMLegacySyncChangeValidator.swift (in target 'MyRAM' from project 'MyRAM')
    cd /Users/runner/work/MyRAM-iOS/MyRAM-iOS/MyRAM-iOS
    

SwiftCompile normal arm64 /Users/runner/work/MyRAM-iOS/MyRAM-iOS/MyRAM-iOS/MyRAM/Sync/MyRAMSyncConflictService.swift (in target 'MyRAM' from project 'MyRAM')
    cd /Users/runner/work/MyRAM-iOS/MyRAM-iOS/MyRAM-iOS
    

SwiftCompile normal arm64 /Users/runner/work/MyRAM-iOS/MyRAM-iOS/MyRAM-iOS/MyRAM/Sync/SyncConflictStore.swift (in target 'MyRAM' from project 'MyRAM')
    cd /Users/runner/work/MyRAM-iOS/MyRAM-iOS/MyRAM-iOS
    

SwiftCompile normal arm64 /Users/runner/work/MyRAM-iOS/MyRAM-iOS/MyRAM-iOS/MyRAM/Models/Folder.swift (in target 'MyRAM' from project 'MyRAM')
    cd /Users/runner/work/MyRAM-iOS/MyRAM-iOS/MyRAM-iOS
    

SwiftCompile normal arm64 /Users/runner/work/MyRAM-iOS/MyRAM-iOS/MyRAM-iOS/MyRAM/Sync/MyRAMDeviceIdentity.swift (in target 'MyRAM' from project 'MyRAM')
    cd /Users/runner/work/MyRAM-iOS/MyRAM-iOS/MyRAM-iOS
    

SwiftCompile normal arm64 /Users/runner/work/MyRAM-iOS/MyRAM-iOS/MyRAM-iOS/MyRAM/Sync/MyRAMLegacySyncPayloadBuilder.swift (in target 'MyRAM' from project 'MyRAM')
    cd /Users/runner/work/MyRAM-iOS/MyRAM-iOS/MyRAM-iOS
    

SwiftCompile normal arm64 /Users/runner/work/MyRAM-iOS/MyRAM-iOS/MyRAM-iOS/MyRAM/Sync/PendingSyncStatus.swift (in target 'MyRAM' from project 'MyRAM')
    cd /Users/runner/work/MyRAM-iOS/MyRAM-iOS/MyRAM-iOS
    

SwiftCompile normal arm64 /Users/runner/work/MyRAM-iOS/MyRAM-iOS/MyRAM-iOS/MyRAM/Sync/Recovery/PendingSyncRecoveryCoordinator.swift (in target 'MyRAM' from project 'MyRAM')
    cd /Users/runner/work/MyRAM-iOS/MyRAM-iOS/MyRAM-iOS
    

SwiftCompile normal arm64 /Users/runner/work/MyRAM-iOS/MyRAM-iOS/MyRAM-iOS/MyRAM/WidgetShared/MyRAMWidgetContentSelectionPolicy.swift (in target 'MyRAM' from project 'MyRAM')
    cd /Users/runner/work/MyRAM-iOS/MyRAM-iOS/MyRAM-iOS
    

Failed frontend command:
/Applications/Xcode_16.4.app/Contents/Developer/Toolchains/XcodeDefault.xctoolchain/usr/bin/swift-frontend -frontend -c /Users/runner/work/MyRAM-iOS/MyRAM-iOS/MyRAM-iOS/MyRAM/WidgetHost/MyRAMExternalOpenDispatcher.swift /Users/runner/work/MyRAM-iOS/MyRAM-iOS/MyRAM-iOS/MyRAM/WidgetHost/MyRAMWidgetHostCoordinator.swift /Users/runner/work/MyRAM-iOS/MyRAM-iOS/MyRAM-iOS/MyRAM/WidgetHost/MyRAMWidgetNoteRouting.swift /Users/runner/work/MyRAM-iOS/MyRAM-iOS/MyRAM-iOS/MyRAM/WidgetHost/MyRAMWidgetSelectionButton.swift /Users/runner/work/MyRAM-iOS/MyRAM-iOS/MyRAM-iOS/MyRAM/Markdown/MarkdownFileIO.swift /Users/runner/work/MyRAM-iOS/MyRAM-iOS/MyRAM-iOS/MyRAM/Markdown/MarkdownPreview.swift /Users/runner/work/MyRAM-iOS/MyRAM-iOS/MyRAM-iOS/MyRAM/Markdown/MarkdownPreviewModePolicy.swift /Users/runner/work/MyRAM-iOS/MyRAM-iOS/MyRAM-iOS/MyRAM/Markdown/MarkdownPreviewUIKitSyncExecutor.swift /Users/runner/work/MyRAM-iOS/MyRAM-iOS/MyRAM-iOS/MyRAM/Markdown/MarkdownPreviewUIKitDeferredScheduler.swift /Users/runner/work/MyRAM-iOS/MyRAM-iOS/MyRAM-iOS/MyRAM/Markdown/MarkdownPreviewUIKitEditorResignation.swift /Users/runner/work/MyRAM-iOS/MyRAM-iOS/MyRAM-iOS/MyRAM/Markdown/MarkdownPreviewUIKitPostResignationReconciliation.swift /Users/runner/work/MyRAM-iOS/MyRAM-iOS/MyRAM-iOS/MyRAM/Markdown/MarkdownPreviewUIKitAcceptedRestoreSupersession.swift /Users/runner/work/MyRAM-iOS/MyRAM-iOS/MyRAM-iOS/MyRAM/Views/NoteEditorFileOperationBridge.swift /Users/runner/work/MyRAM-iOS/MyRAM-iOS/MyRAM-iOS/MyRAM/Sync/AnchoredSequence/NoteSequenceStateRecord.swift /Users/runner/work/MyRAM-iOS/MyRAM-iOS/MyRAM-iOS/MyRAM/Sync/AnchoredSequence/NoteSequenceStateBootstrapAdapter.swift /Users/runner/work/MyRAM-iOS/MyRAM-iOS/MyRAM-iOS/MyRAM/Sync/AnchoredSequence/NoteSequenceStateFullBodyIntegration.swift /Users/runner/work/MyRAM-iOS/MyRAM-iOS/MyRAM-iOS/MyRAM/Sync/AnchoredSequence/NoteSequenceStateBootstrapMigrator.swift /Users/runner/work/MyRAM-iOS/MyRAM-iOS/MyRAM-iOS/MyRAM/Sync/AnchoredSequence/SwiftDataNoteSequenceStateStore.swift /Users/runner/work/MyRAM-iOS/MyRAM-iOS/MyRAM-iOS/MyRAM/Sync/AnchoredSequence/MyRAMSyncOperationIDAllocator.swift /Users/runner/work/MyRAM-iOS/MyRAM-iOS/MyRAM-iOS/MyRAM/Sync/AnchoredSequence/FileBackedSyncOperationIDReservationStore.swift /Users/runner/work/MyRAM-iOS/MyRAM-iOS/MyRAM-iOS/MyRAM/Item.swift /Users/runner/work/MyRAM-iOS/MyRAM-iOS/MyRAM-iOS/MyRAM/Persistence/RTFCoding.swift /Users/runner/work/MyRAM-iOS/MyRAM-iOS/MyRAM-iOS/MyRAM/Persistence/AttributedTextStorageKeys.swift /Users/runner/work/MyRAM-iOS/MyRAM-iOS/MyRAM-iOS/MyRAM/Sync/Batch/SyncBatchPayload.swift /Users/runner/work/MyRAM-iOS/MyRAM-iOS/MyRAM-iOS/MyRAM/Sync/Batch/SyncBatchAnchoredPayloadAdapter.swift /Users/runner/work/MyRAM-iOS/MyRAM-iOS/MyRAM-iOS/MyRAM/Sync/Batch/SyncBatchAnchoredPayloadPolicy.swift /Users/runner/work/MyRAM-iOS/MyRAM-iOS/MyRAM-iOS/MyRAM/Sync/Batch/SyncBatchPeerCapability.swift /Users/runner/work/MyRAM-iOS/MyRAM-iOS/MyRAM-iOS/MyRAM/Sync/Batch/SyncBatchTransportAdmissionPlanner.swift /Users/runner/work/MyRAM-iOS/MyRAM-iOS/MyRAM-iOS/MyRAM/Sync/Batch/SyncBatchEnvelope.swift /Users/runner/work/MyRAM-iOS/MyRAM-iOS/MyRAM-iOS/MyRAM/Sync/Batch/MultipeerSyncMessageEnvelope.swift /Users/runner/work/MyRAM-iOS/MyRAM-iOS/MyRAM-iOS/MyRAM/Sync/Batch/SyncBatchSeenBatchStore.swift /Users/runner/work/MyRAM-iOS/MyRAM-iOS/MyRAM-iOS/MyRAM/Sync/Batch/SyncBatchUTF16Helpers.swift /Users/runner/work/MyRAM-iOS/MyRAM-iOS/MyRAM-iOS/MyRAM/Sync/Batch/SyncBatchNoteChangeCapture.swift /Users/runner/work/MyRAM-iOS/MyRAM-iOS/MyRAM-iOS/MyRAM/Sync/Convergence/SyncConvergenceTypes.swift /Users/runner/work/MyRAM-iOS/MyRAM-iOS/MyRAM-iOS/MyRAM/Sync/Convergence/SyncConvergenceModels.swift /Users/runner/work/MyRAM-iOS/MyRAM-iOS/MyRAM-iOS/MyRAM/Sync/Convergence/SyncConvergencePlanningTypes.swift /Users/runner/work/MyRAM-iOS/MyRAM-iOS/MyRAM-iOS/MyRAM/Sync/Convergence/SyncConvergenceRewriteSafetyPolicy.swift /Users/runner/work/MyRAM-iOS/MyRAM-iOS/MyRAM-iOS/MyRAM/Sync/Convergence/ExplicitDeleteProvenanceTypes.swift /Users/runner/work/MyRAM-iOS/MyRAM-iOS/MyRAM-iOS/MyRAM/Sync/Convergence/ExplicitDeleteProvenanceBuilder.swift /Users/runner/work/MyRAM-iOS/MyRAM-iOS/MyRAM-iOS/MyRAM/Sync/Convergence/ExplicitDeleteProvenanceValidator.swift /Users/runner/work/MyRAM-iOS/MyRAM-iOS/MyRAM-iOS/MyRAM/Sync/Convergence/SyncConvergencePlanner.swift /Users/runner/work/MyRAM-iOS/MyRAM-iOS/MyRAM-iOS/MyRAM/Sync/Convergence/IncrementalEditIntegrationTypes.swift /Users/runner/work/MyRAM-iOS/MyRAM-iOS/MyRAM-iOS/MyRAM/Sync/Convergence/RetainedOperationCausalGraph.swift /Users/runner/work/MyRAM-iOS/MyRAM-iOS/MyRAM-iOS/MyRAM/Sync/Convergence/SwiftDataSyncConvergencePersistenceTransaction.swift /Users/runner/work/MyRAM-iOS/MyRAM-iOS/MyRAM-iOS/MyRAM/Sync/Convergence/SyncConvergencePostCommitTypes.swift /Users/runner/work/MyRAM-iOS/MyRAM-iOS/MyRAM-iOS/MyRAM/Sync/Convergence/SyncConvergencePostCommitGating.swift -primary-file /Users/runner/work/MyRAM-iOS/MyRAM-iOS/MyRAM-iOS/MyRAM/Sync/Convergence/SwiftDataSyncConvergencePostCommitStore.swift -primary-file /Users/runner/work/MyRAM-iOS/MyRAM-iOS/MyRAM-iOS/MyRAM/Sync/Convergence/SyncConvergencePostCommitExecutor.swift -primary-file /Users/runner/work/MyRAM-iOS/MyRAM-iOS/MyRAM-iOS/MyRAM/Sync/Convergence/SyncConvergenceLocalObligation.swift -primary-file /Users/runner/work/MyRAM-iOS/MyRAM-iOS/MyRAM-iOS/MyRAM/Sync/Convergence/FileBackedSyncConvergenceLocalObligationQueue.swift -primary-file /Users/runner/work/MyRAM-iOS/MyRAM-iOS/MyRAM-iOS/MyRAM/Sync/Convergence/SyncConvergenceDrainPassScheduler.swift -primary-file /Users/runner/work/MyRAM-iOS/MyRAM-iOS/MyRAM-iOS/MyRAM/Sync/Convergence/SyncConvergenceRuntime.swift -primary-file /Users/runner/work/MyRAM-iOS/MyRAM-iOS/MyRAM-iOS/MyRAM/Sync/Batch/SyncBatchUnsentQueue.swift -primary-file /Users/runner/work/MyRAM-iOS/MyRAM-iOS/MyRAM-iOS/MyRAM/Sync/Batch/FileBackedSyncBatchQueue.swift -primary-file /Users/runner/work/MyRAM-iOS/MyRAM-iOS/MyRAM-iOS/MyRAM/ViewModels/NotesViewModel.swift -primary-file /Users/runner/work/MyRAM-iOS/MyRAM-iOS/MyRAM-iOS/MyRAM/Sync/MyRAMSyncModels.swift -primary-file /Users/runner/work/MyRAM-iOS/MyRAM-iOS/MyRAM-iOS/MyRAM/MyRAMApp.swift -primary-file /Users/runner/work/MyRAM-iOS/MyRAM-iOS/MyRAM-iOS/MyRAM/MyRAMSchema.swift -primary-file /Users/runner/work/MyRAM-iOS/MyRAM-iOS/MyRAM-iOS/MyRAM/Models/Note.swift -primary-file /Users/runner/work/MyRAM-iOS/MyRAM-iOS/MyRAM-iOS/MyRAM/Sync/MyRAMSyncChangeApplier.swift -primary-file /Users/runner/work/MyRAM-iOS/MyRAM-iOS/MyRAM-iOS/MyRAM/Sync/Legacy/MyRAMLegacySyncChangeValidator.swift -primary-file /Users/runner/work/MyRAM-iOS/MyRAM-iOS/MyRAM-iOS/MyRAM/Sync/MyRAMSyncConflictService.swift -primary-file /Users/runner/work/MyRAM-iOS/MyRAM-iOS/MyRAM-iOS/MyRAM/Sync/SyncConflictStore.swift -primary-file /Users/runner/work/MyRAM-iOS/MyRAM-iOS/MyRAM-iOS/MyRAM/Models/Folder.swift -primary-file /Users/runner/work/MyRAM-iOS/MyRAM-iOS/MyRAM-iOS/MyRAM/Sync/MyRAMDeviceIdentity.swift -primary-file /Users/runner/work/MyRAM-iOS/MyRAM-iOS/MyRAM-iOS/MyRAM/Sync/MyRAMLegacySyncPayloadBuilder.swift -primary-file /Users/runner/work/MyRAM-iOS/MyRAM-iOS/MyRAM-iOS/MyRAM/Sync/PendingSyncStatus.swift -primary-file /Users/runner/work/MyRAM-iOS/MyRAM-iOS/MyRAM-iOS/MyRAM/Sync/Recovery/PendingSyncRecoveryCoordinator.swift -primary-file /Users/runner/work/MyRAM-iOS/MyRAM-iOS/MyRAM-iOS/MyRAM/WidgetShared/MyRAMWidgetContentSelectionPolicy.swift /Users/runner/work/MyRAM-iOS/MyRAM-iOS/MyRAM-iOS/MyRAM/WidgetShared/MyRAMWidgetSnapshotStore.swift /Users/runner/work/MyRAM-iOS/MyRAM-iOS/MyRAM-iOS/MyRAM/WidgetShared/MyRAMWidgetSnapshot.swift /Users/runner/work/MyRAM-iOS/MyRAM-iOS/MyRAM-iOS/MyRAM/WidgetShared/MyRAMWidgetDeepLink.swift /Users/runner/work/MyRAM-iOS/MyRAM-iOS/MyRAM-iOS/MyRAM/WidgetShared/MyRAMWidgetRuntimeConfiguration.swift /Users/runner/work/MyRAM-iOS/MyRAM-iOS/MyRAM-iOS/MyRAM/WidgetShared/MyRAMWidgetSnapshotCodec.swift /Users/runner/work/MyRAM-iOS/MyRAM-iOS/MyRAM-iOS/MyRAM/Sync/Recovery/PendingSyncRecoveryJournal.swift /Users/runner/work/MyRAM-iOS/MyRAM-iOS/MyRAM-iOS/MyRAM/Sync/Recovery/SyncRecoveryStateBuilder.swift /Users/runner/work/MyRAM-iOS/MyRAM-iOS/MyRAM-iOS/MyRAM/Views/Editor/EditorTextPlacementResolver.swift /Users/runner/work/MyRAM-iOS/MyRAM-iOS/MyRAM-iOS/MyRAM/Views/NearbySyncView.swift /Users/runner/work/MyRAM-iOS/MyRAM-iOS/MyRAM-iOS/MyRAM/Views/SyncConflictViews.swift /Users/runner/work/MyRAM-iOS/MyRAM-iOS/MyRAM-iOS/MyRAM/iOS/Sync/Batch/IPhoneSyncBatchAccumulator.swift /Users/runner/work/MyRAM-iOS/MyRAM-iOS/MyRAM-iOS/MyRAM/iOS/Sync/Batch/IPhoneSyncBatchCaptureHook.swift /Users/runner/work/MyRAM-iOS/MyRAM-iOS/MyRAM-iOS/MyRAM/iOS/Sync/Batch/IPhoneSyncBatchApplier.swift /Users/runner/work/MyRAM-iOS/MyRAM-iOS/MyRAM-iOS/MyRAM/DebugDemoDataGenerator.swift /Users/runner/work/MyRAM-iOS/MyRAM-iOS/MyRAM-iOS/MyRAM/Views/Editor/EditorPasteFormatter.swift /Users/runner/work/MyRAM-iOS/MyRAM-iOS/MyRAM-iOS/MyRAM/Views/Editor/EditorTimingPolicy.swift /Users/runner/work/MyRAM-iOS/MyRAM-iOS/MyRAM-iOS/MyRAM/Views/SyncStatusIndicator.swift /Users/runner/work/MyRAM-iOS/MyRAM-iOS/MyRAM-iOS/MyRAM/Platform/MyRAMPlatform.swift /Users/runner/work/MyRAM-iOS/MyRAM-iOS/MyRAM-iOS/MyRAM/Views/Editor/EditorSelectionProfiling.swift /Users/runner/work/MyRAM-iOS/MyRAM-iOS/MyRAM-iOS/MyRAM/Views/Editor/EditorSearchHighlighting.swift /Users/runner/work/MyRAM-iOS/MyRAM-iOS/MyRAM-iOS/MyRAM/Views/Editor/EditorSearchMatchResolver.swift /Users/runner/work/MyRAM-iOS/MyRAM-iOS/MyRAM-iOS/MyRAM/Views/Editor/EditorSearchSession.swift /Users/runner/work/MyRAM-iOS/MyRAM-iOS/MyRAM-iOS/MyRAM/Views/Editor/EditorRichTextContentCodec.swift /Users/runner/work/MyRAM-iOS/MyRAM-iOS/MyRAM-iOS/MyRAM/Views/Editor/EditorSelectionRangeResolver.swift /Users/runner/work/MyRAM-iOS/MyRAM-iOS/MyRAM-iOS/MyRAM/Views/Editor/EditorFocusSelectionPolicy.swift /Users/runner/work/MyRAM-iOS/MyRAM-iOS/MyRAM-iOS/MyRAM/Views/Editor/EditorFormattingCommandResolver.swift /Users/runner/work/MyRAM-iOS/MyRAM-iOS/MyRAM-iOS/MyRAM/Views/Editor/EditorFormattingMutationApplier.swift /Users/runner/work/MyRAM-iOS/MyRAM-iOS/MyRAM-iOS/MyRAM/Views/Editor/EditorFormattingStateResolver.swift /Users/runner/work/MyRAM-iOS/MyRAM-iOS/MyRAM-iOS/MyRAM/NoteIntelligence.swift /Users/runner/work/MyRAM-iOS/MyRAM-iOS/MyRAM-iOS/MyRAM/Views/NoteEditorView.swift /Users/runner/work/MyRAM-iOS/MyRAM-iOS/MyRAM-iOS/MyRAM/Views/Editor/EditorTextViewFactory.swift /Users/runner/work/MyRAM-iOS/MyRAM-iOS/MyRAM-iOS/MyRAM/Views/Editor/EditorProfilingFixtures.swift /Users/runner/work/MyRAM-iOS/MyRAM-iOS/MyRAM-iOS/MyRAM/Views/Editor/BareTextViewProfilingView.swift /Users/runner/work/MyRAM-iOS/MyRAM-iOS/MyRAM-iOS/MyRAM/Views/Editor/EditorChecklistRendering.swift /Users/runner/work/MyRAM-iOS/MyRAM-iOS/MyRAM-iOS/MyRAM/Views/Editor/EditorPolicies.swift /Users/runner/work/MyRAM-iOS/MyRAM-iOS/MyRAM-iOS/MyRAM/Sync/EditorApplication/AppliedEditorMutation.swift /Users/runner/work/MyRAM-iOS/MyRAM-iOS/MyRAM-iOS/MyRAM/Sync/EditorApplication/ActiveEditorApplicationPolicy.swift /Users/runner/work/MyRAM-iOS/MyRAM-iOS/MyRAM-iOS/MyRAM/Sync/EditorApplication/ActiveEditorSyncUpdateHandler.swift /Users/runner/work/MyRAM-iOS/MyRAM-iOS/MyRAM-iOS/MyRAM/Sync/EditorApplication/EditorSelectionMapper.swift /Users/runner/work/MyRAM-iOS/MyRAM-iOS/MyRAM-iOS/MyRAM/Sync/EditorApplication/EditorRemoteApplyResult.swift /Users/runner/work/MyRAM-iOS/MyRAM-iOS/MyRAM-iOS/MyRAM/Views/Editor/UIKitEditorSyncBridge.swift /Users/runner/work/MyRAM-iOS/MyRAM-iOS/MyRAM-iOS/MyRAM/Sync/MyRAMSyncController.swift /Users/runner/work/MyRAM-iOS/MyRAM-iOS/MyRAM-iOS/MyRAM/Views/NotesListView.swift /Users/runner/work/MyRAM-iOS/MyRAM-iOS/MyRAM-iOS/MyRAM/PersistenceManager.swift /Users/runner/work/MyRAM-iOS/MyRAM-iOS/MyRAM-iOS/evidence/builds/DerivedData-iOS/Build/Intermediates.noindex/MyRAM.build/Debug-iphonesimulator/MyRAM.build/DerivedSources/GeneratedAssetSymbols.swift -supplementary-output-file-map /Users/runner/work/MyRAM-iOS/MyRAM-iOS/MyRAM-iOS/evidence/builds/DerivedData-iOS/Build/Intermediates.noindex/MyRAM.build/Debug-iphonesimulator/MyRAM.build/Objects-normal/arm64/supplementaryOutputs-18 -emit-localized-strings -emit-localized-strings-path /Users/runner/work/MyRAM-iOS/MyRAM-iOS/MyRAM-iOS/evidence/builds/DerivedData-iOS/Build/Intermediates.noindex/MyRAM.build/Debug-iphonesimulator/MyRAM.build/Objects-normal/arm64 -target arm64-apple-ios17.0-simulator -Xllvm -aarch64-use-tbi -enable-objc-interop -sdk /Applications/Xcode_16.4.app/Contents/Developer/Platforms/iPhoneSimulator.platform/Developer/SDKs/iPhoneSimulator18.5.sdk -I /Users/runner/work/MyRAM-iOS/MyRAM-iOS/MyRAM-iOS/evidence/builds/DerivedData-iOS/Build/Products/Debug-iphonesimulator -F /Users/runner/work/MyRAM-iOS/MyRAM-iOS/MyRAM-iOS/evidence/builds/DerivedData-iOS/Build/Products/Debug-iphonesimulator/PackageFrameworks -F /Users/runner/work/MyRAM-iOS/MyRAM-iOS/MyRAM-iOS/evidence/builds/DerivedData-iOS/Build/Products/Debug-iphonesimulator/PackageFrameworks -F /Users/runner/work/MyRAM-iOS/MyRAM-iOS/MyRAM-iOS/evidence/builds/DerivedData-iOS/Build/Products/Debug-iphonesimulator -no-color-diagnostics -enable-testing -g -debug-info-format\=dwarf -dwarf-version\=4 -module-cache-path /Users/runner/work/MyRAM-iOS/MyRAM-iOS/MyRAM-iOS/evidence/builds/DerivedData-iOS/ModuleCache.noindex -swift-version 5 -enforce-exclusivity\=checked -Onone -D DEBUG -serialize-debugging-options -const-gather-protocols-file /Users/runner/work/MyRAM-iOS/MyRAM-iOS/MyRAM-iOS/evidence/builds/DerivedData-iOS/Build/Intermediates.noindex/MyRAM.build/Debug-iphonesimulator/MyRAM.build/Objects-normal/arm64/MyRAM_const_extract_protocols.json -enable-experimental-feature DebugDescriptionMacro -enable-bare-slash-regex -empty-abi-descriptor -validate-clang-modules-once -clang-build-session-file /Users/runner/work/MyRAM-iOS/MyRAM-iOS/MyRAM-iOS/evidence/builds/DerivedData-iOS/ModuleCache.noindex/Session.modulevalidation -Xcc -working-directory -Xcc /Users/runner/work/MyRAM-iOS/MyRAM-iOS/MyRAM-iOS -resource-dir /Applications/Xcode_16.4.app/Contents/Developer/Toolchains/XcodeDefault.xctoolchain/usr/lib/swift -enable-anonymous-context-mangled-names -file-compilation-dir /Users/runner/work/MyRAM-iOS/MyRAM-iOS/MyRAM-iOS -Xcc -ivfsstatcache -Xcc /Users/runner/work/MyRAM-iOS/MyRAM-iOS/MyRAM-iOS/evidence/builds/DerivedData-iOS/SDKStatCaches.noindex/iphonesimulator18.5-22F76-96ae0914227b19deccb34b33ba7b5dea.sdkstatcache -Xcc -I/Users/runner/work/MyRAM-iOS/MyRAM-iOS/MyRAM-iOS/evidence/builds/DerivedData-iOS/Build/Intermediates.noindex/MyRAM.build/Debug-iphonesimulator/MyRAM.build/swift-overrides.hmap -Xcc -iquote -Xcc /Users/runner/work/MyRAM-iOS/MyRAM-iOS/MyRAM-iOS/evidence/builds/DerivedData-iOS/Build/Intermediates.noindex/MyRAM.build/Debug-iphonesimulator/MyRAM.build/MyRAM-generated-files.hmap -Xcc -I/Users/runner/work/MyRAM-iOS/MyRAM-iOS/MyRAM-iOS/evidence/builds/DerivedData-iOS/Build/Intermediates.noindex/MyRAM.build/Debug-iphonesimulator/MyRAM.build/MyRAM-own-target-headers.hmap -Xcc -I/Users/runner/work/MyRAM-iOS/MyRAM-iOS/MyRAM-iOS/evidence/builds/DerivedData-iOS/Build/Intermediates.noindex/MyRAM.build/Debug-iphonesimulator/MyRAM.build/MyRAM-all-non-framework-target-headers.hmap -Xcc -ivfsoverlay -Xcc /Users/runner/work/MyRAM-iOS/MyRAM-iOS/MyRAM-iOS/evidence/builds/DerivedData-iOS/Build/Intermediates.noindex/MyRAM.build/Debug-iphonesimulator/MyRAM-98a9cbde253e8e955bc92731eb290203-VFS-iphonesimulator/all-product-headers.yaml -Xcc -iquote -Xcc /Users/runner/work/MyRAM-iOS/MyRAM-iOS/MyRAM-iOS/evidence/builds/DerivedData-iOS/Build/Intermediates.noindex/MyRAM.build/Debug-iphonesimulator/MyRAM.build/MyRAM-project-headers.hmap -Xcc -I/Users/runner/work/MyRAM-iOS/MyRAM-iOS/MyRAM-iOS/evidence/builds/DerivedData-iOS/Build/Products/Debug-iphonesimulator/include -Xcc -I/Users/runner/work/MyRAM-iOS/MyRAM-iOS/MyRAM-iOS/evidence/builds/DerivedData-iOS/Build/Intermediates.noindex/MyRAM.build/Debug-iphonesimulator/MyRAM.build/DerivedSources-normal/arm64 -Xcc -I/Users/runner/work/MyRAM-iOS/MyRAM-iOS/MyRAM-iOS/evidence/builds/DerivedData-iOS/Build/Intermediates.noindex/MyRAM.build/Debug-iphonesimulator/MyRAM.build/DerivedSources/arm64 -Xcc -I/Users/runner/work/MyRAM-iOS/MyRAM-iOS/MyRAM-iOS/evidence/builds/DerivedData-iOS/Build/Intermediates.noindex/MyRAM.build/Debug-iphonesimulator/MyRAM.build/DerivedSources -Xcc -DDEBUG\=1 -module-name MyRAM -frontend-parseable-output -disable-clang-spi -target-sdk-version 18.5 -target-sdk-name iphonesimulator18.5 -external-plugin-path /Applications/Xcode_16.4.app/Contents/Developer/Platforms/iPhoneOS.platform/Developer/usr/lib/swift/host/plugins\#/Applications/Xcode_16.4.app/Contents/Developer/Platforms/iPhoneOS.platform/Developer/usr/bin/swift-plugin-server -external-plugin-path /Applications/Xcode_16.4.app/Contents/Developer/Platforms/iPhoneOS.platform/Developer/usr/local/lib/swift/host/plugins\#/Applications/Xcode_16.4.app/Contents/Developer/Platforms/iPhoneOS.platform/Developer/usr/bin/swift-plugin-server -in-process-plugin-server-path /Applications/Xcode_16.4.app/Contents/Developer/Toolchains/XcodeDefault.xctoolchain/usr/lib/swift/host/libSwiftInProcPluginServer.dylib -plugin-path /Applications/Xcode_16.4.app/Contents/Developer/Toolchains/XcodeDefault.xctoolchain/usr/lib/swift/host/plugins -plugin-path /Applications/Xcode_16.4.app/Contents/Developer/Toolchains/XcodeDefault.xctoolchain/usr/local/lib/swift/host/plugins -o /Users/runner/work/MyRAM-iOS/MyRAM-iOS/MyRAM-iOS/evidence/builds/DerivedData-iOS/Build/Intermediates.noindex/MyRAM.build/Debug-iphonesimulator/MyRAM.build/Objects-normal/arm64/SwiftDataSyncConvergencePostCommitStore.o -o /Users/runner/work/MyRAM-iOS/MyRAM-iOS/MyRAM-iOS/evidence/builds/DerivedData-iOS/Build/Intermediates.noindex/MyRAM.build/Debug-iphonesimulator/MyRAM.build/Objects-normal/arm64/SyncConvergencePostCommitExecutor.o -o /Users/runner/work/MyRAM-iOS/MyRAM-iOS/MyRAM-iOS/evidence/builds/DerivedData-iOS/Build/Intermediates.noindex/MyRAM.build/Debug-iphonesimulator/MyRAM.build/Objects-normal/arm64/SyncConvergenceLocalObligation.o -o /Users/runner/work/MyRAM-iOS/MyRAM-iOS/MyRAM-iOS/evidence/builds/DerivedData-iOS/Build/Intermediates.noindex/MyRAM.build/Debug-iphonesimulator/MyRAM.build/Objects-normal/arm64/FileBackedSyncConvergenceLocalObligationQueue.o -o /Users/runner/work/MyRAM-iOS/MyRAM-iOS/MyRAM-iOS/evidence/builds/DerivedData-iOS/Build/Intermediates.noindex/MyRAM.build/Debug-iphonesimulator/MyRAM.build/Objects-normal/arm64/SyncConvergenceDrainPassScheduler.o -o /Users/runner/work/MyRAM-iOS/MyRAM-iOS/MyRAM-iOS/evidence/builds/DerivedData-iOS/Build/Intermediates.noindex/MyRAM.build/Debug-iphonesimulator/MyRAM.build/Objects-normal/arm64/SyncConvergenceRuntime.o -o /Users/runner/work/MyRAM-iOS/MyRAM-iOS/MyRAM-iOS/evidence/builds/DerivedData-iOS/Build/Intermediates.noindex/MyRAM.build/Debug-iphonesimulator/MyRAM.build/Objects-normal/arm64/SyncBatchUnsentQueue.o -o /Users/runner/work/MyRAM-iOS/MyRAM-iOS/MyRAM-iOS/evidence/builds/DerivedData-iOS/Build/Intermediates.noindex/MyRAM.build/Debug-iphonesimulator/MyRAM.build/Objects-normal/arm64/FileBackedSyncBatchQueue.o -o /Users/runner/work/MyRAM-iOS/MyRAM-iOS/MyRAM-iOS/evidence/builds/DerivedData-iOS/Build/Intermediates.noindex/MyRAM.build/Debug-iphonesimulator/MyRAM.build/Objects-normal/arm64/NotesViewModel.o -o /Users/runner/work/MyRAM-iOS/MyRAM-iOS/MyRAM-iOS/evidence/builds/DerivedData-iOS/Build/Intermediates.noindex/MyRAM.build/Debug-iphonesimulator/MyRAM.build/Objects-normal/arm64/MyRAMSyncModels.o -o /Users/runner/work/MyRAM-iOS/MyRAM-iOS/MyRAM-iOS/evidence/builds/DerivedData-iOS/Build/Intermediates.noindex/MyRAM.build/Debug-iphonesimulator/MyRAM.build/Objects-normal/arm64/MyRAMApp.o -o /Users/runner/work/MyRAM-iOS/MyRAM-iOS/MyRAM-iOS/evidence/builds/DerivedData-iOS/Build/Intermediates.noindex/MyRAM.build/Debug-iphonesimulator/MyRAM.build/Objects-normal/arm64/MyRAMSchema.o -o /Users/runner/work/MyRAM-iOS/MyRAM-iOS/MyRAM-iOS/evidence/builds/DerivedData-iOS/Build/Intermediates.noindex/MyRAM.build/Debug-iphonesimulator/MyRAM.build/Objects-normal/arm64/Note.o -o /Users/runner/work/MyRAM-iOS/MyRAM-iOS/MyRAM-iOS/evidence/builds/DerivedData-iOS/Build/Intermediates.noindex/MyRAM.build/Debug-iphonesimulator/MyRAM.build/Objects-normal/arm64/MyRAMSyncChangeApplier.o -o /Users/runner/work/MyRAM-iOS/MyRAM-iOS/MyRAM-iOS/evidence/builds/DerivedData-iOS/Build/Intermediates.noindex/MyRAM.build/Debug-iphonesimulator/MyRAM.build/Objects-normal/arm64/MyRAMLegacySyncChangeValidator.o -o /Users/runner/work/MyRAM-iOS/MyRAM-iOS/MyRAM-iOS/evidence/builds/DerivedData-iOS/Build/Intermediates.noindex/MyRAM.build/Debug-iphonesimulator/MyRAM.build/Objects-normal/arm64/MyRAMSyncConflictService.o -o /Users/runner/work/MyRAM-iOS/MyRAM-iOS/MyRAM-iOS/evidence/builds/DerivedData-iOS/Build/Intermediates.noindex/MyRAM.build/Debug-iphonesimulator/MyRAM.build/Objects-normal/arm64/SyncConflictStore.o -o /Users/runner/work/MyRAM-iOS/MyRAM-iOS/MyRAM-iOS/evidence/builds/DerivedData-iOS/Build/Intermediates.noindex/MyRAM.build/Debug-iphonesimulator/MyRAM.build/Objects-normal/arm64/Folder.o -o /Users/runner/work/MyRAM-iOS/MyRAM-iOS/MyRAM-iOS/evidence/builds/DerivedData-iOS/Build/Intermediates.noindex/MyRAM.build/Debug-iphonesimulator/MyRAM.build/Objects-normal/arm64/MyRAMDeviceIdentity.o -o /Users/runner/work/MyRAM-iOS/MyRAM-iOS/MyRAM-iOS/evidence/builds/DerivedData-iOS/Build/Intermediates.noindex/MyRAM.build/Debug-iphonesimulator/MyRAM.build/Objects-normal/arm64/MyRAMLegacySyncPayloadBuilder.o -o /Users/runner/work/MyRAM-iOS/MyRAM-iOS/MyRAM-iOS/evidence/builds/DerivedData-iOS/Build/Intermediates.noindex/MyRAM.build/Debug-iphonesimulator/MyRAM.build/Objects-normal/arm64/PendingSyncStatus.o -o /Users/runner/work/MyRAM-iOS/MyRAM-iOS/MyRAM-iOS/evidence/builds/DerivedData-iOS/Build/Intermediates.noindex/MyRAM.build/Debug-iphonesimulator/MyRAM.build/Objects-normal/arm64/PendingSyncRecoveryCoordinator.o -o /Users/runner/work/MyRAM-iOS/MyRAM-iOS/MyRAM-iOS/evidence/builds/DerivedData-iOS/Build/Intermediates.noindex/MyRAM.build/Debug-iphonesimulator/MyRAM.build/Objects-normal/arm64/MyRAMWidgetContentSelectionPolicy.o -index-unit-output-path /MyRAM.build/Debug-iphonesimulator/MyRAM.build/Objects-normal/arm64/SwiftDataSyncConvergencePostCommitStore.o -index-unit-output-path /MyRAM.build/Debug-iphonesimulator/MyRAM.build/Objects-normal/arm64/SyncConvergencePostCommitExecutor.o -index-unit-output-path /MyRAM.build/Debug-iphonesimulator/MyRAM.build/Objects-normal/arm64/SyncConvergenceLocalObligation.o -index-unit-output-path /MyRAM.build/Debug-iphonesimulator/MyRAM.build/Objects-normal/arm64/FileBackedSyncConvergenceLocalObligationQueue.o -index-unit-output-path /MyRAM.build/Debug-iphonesimulator/MyRAM.build/Objects-normal/arm64/SyncConvergenceDrainPassScheduler.o -index-unit-output-path /MyRAM.build/Debug-iphonesimulator/MyRAM.build/Objects-normal/arm64/SyncConvergenceRuntime.o -index-unit-output-path /MyRAM.build/Debug-iphonesimulator/MyRAM.build/Objects-normal/arm64/SyncBatchUnsentQueue.o -index-unit-output-path /MyRAM.build/Debug-iphonesimulator/MyRAM.build/Objects-normal/arm64/FileBackedSyncBatchQueue.o -index-unit-output-path /MyRAM.build/Debug-iphonesimulator/MyRAM.build/Objects-normal/arm64/NotesViewModel.o -index-unit-output-path /MyRAM.build/Debug-iphonesimulator/MyRAM.build/Objects-normal/arm64/MyRAMSyncModels.o -index-unit-output-path /MyRAM.build/Debug-iphonesimulator/MyRAM.build/Objects-normal/arm64/MyRAMApp.o -index-unit-output-path /MyRAM.build/Debug-iphonesimulator/MyRAM.build/Objects-normal/arm64/MyRAMSchema.o -index-unit-output-path /MyRAM.build/Debug-iphonesimulator/MyRAM.build/Objects-normal/arm64/Note.o -index-unit-output-path /MyRAM.build/Debug-iphonesimulator/MyRAM.build/Objects-normal/arm64/MyRAMSyncChangeApplier.o -index-unit-output-path /MyRAM.build/Debug-iphonesimulator/MyRAM.build/Objects-normal/arm64/MyRAMLegacySyncChangeValidator.o -index-unit-output-path /MyRAM.build/Debug-iphonesimulator/MyRAM.build/Objects-normal/arm64/MyRAMSyncConflictService.o -index-unit-output-path /MyRAM.build/Debug-iphonesimulator/MyRAM.build/Objects-normal/arm64/SyncConflictStore.o -index-unit-output-path /MyRAM.build/Debug-iphonesimulator/MyRAM.build/Objects-normal/arm64/Folder.o -index-unit-output-path /MyRAM.build/Debug-iphonesimulator/MyRAM.build/Objects-normal/arm64/MyRAMDeviceIdentity.o -index-unit-output-path /MyRAM.build/Debug-iphonesimulator/MyRAM.build/Objects-normal/arm64/MyRAMLegacySyncPayloadBuilder.o -index-unit-output-path /MyRAM.build/Debug-iphonesimulator/MyRAM.build/Objects-normal/arm64/PendingSyncStatus.o -index-unit-output-path /MyRAM.build/Debug-iphonesimulator/MyRAM.build/Objects-normal/arm64/PendingSyncRecoveryCoordinator.o -index-unit-output-path /MyRAM.build/Debug-iphonesimulator/MyRAM.build/Objects-normal/arm64/MyRAMWidgetContentSelectionPolicy.o -index-store-path /Users/runner/work/MyRAM-iOS/MyRAM-iOS/MyRAM-iOS/evidence/builds/DerivedData-iOS/Index.noindex/DataStore -index-system-modules
SwiftDriverJobDiscovery normal x86_64 Emitting module for MyRAM (in target 'MyRAM' from project 'MyRAM')

SwiftDriver\ Compilation\ Requirements MyRAM normal x86_64 com.apple.xcode.tools.swift.compiler (in target 'MyRAM' from project 'MyRAM')
    cd /Users/runner/work/MyRAM-iOS/MyRAM-iOS/MyRAM-iOS
    builtin-Swift-Compilation-Requirements -- /Applications/Xcode_16.4.app/Contents/Developer/Toolchains/XcodeDefault.xctoolchain/usr/bin/swiftc -module-name MyRAM -Onone -enforce-exclusivity\=checked @/Users/runner/work/MyRAM-iOS/MyRAM-iOS/MyRAM-iOS/evidence/builds/DerivedData-iOS/Build/Intermediates.noindex/MyRAM.build/Debug-iphonesimulator/MyRAM.build/Objects-normal/x86_64/MyRAM.SwiftFileList -DDEBUG -enable-bare-slash-regex -enable-experimental-feature DebugDescriptionMacro -sdk /Applications/Xcode_16.4.app/Contents/Developer/Platforms/iPhoneSimulator.platform/Developer/SDKs/iPhoneSimulator18.5.sdk -target x86_64-apple-ios17.0-simulator -g -module-cache-path /Users/runner/work/MyRAM-iOS/MyRAM-iOS/MyRAM-iOS/evidence/builds/DerivedData-iOS/ModuleCache.noindex -Xfrontend -serialize-debugging-options -enable-testing -index-store-path /Users/runner/work/MyRAM-iOS/MyRAM-iOS/MyRAM-iOS/evidence/builds/DerivedData-iOS/Index.noindex/DataStore -swift-version 5 -I /Users/runner/work/MyRAM-iOS/MyRAM-iOS/MyRAM-iOS/evidence/builds/DerivedData-iOS/Build/Products/Debug-iphonesimulator -F /Users/runner/work/MyRAM-iOS/MyRAM-iOS/MyRAM-iOS/evidence/builds/DerivedData-iOS/Build/Products/Debug-iphonesimulator/PackageFrameworks -F /Users/runner/work/MyRAM-iOS/MyRAM-iOS/MyRAM-iOS/evidence/builds/DerivedData-iOS/Build/Products/Debug-iphonesimulator/PackageFrameworks -F /Users/runner/work/MyRAM-iOS/MyRAM-iOS/MyRAM-iOS/evidence/builds/DerivedData-iOS/Build/Products/Debug-iphonesimulator -emit-localized-strings -emit-localized-strings-path /Users/runner/work/MyRAM-iOS/MyRAM-iOS/MyRAM-iOS/evidence/builds/DerivedData-iOS/Build/Intermediates.noindex/MyRAM.build/Debug-iphonesimulator/MyRAM.build/Objects-normal/x86_64 -c -j3 -enable-batch-mode -incremental -Xcc -ivfsstatcache -Xcc /Users/runner/work/MyRAM-iOS/MyRAM-iOS/MyRAM-iOS/evidence/builds/DerivedData-iOS/SDKStatCaches.noindex/iphonesimulator18.5-22F76-96ae0914227b19deccb34b33ba7b5dea.sdkstatcache -output-file-map /Users/runner/work/MyRAM-iOS/MyRAM-iOS/MyRAM-iOS/evidence/builds/DerivedData-iOS/Build/Intermediates.noindex/MyRAM.build/Debug-iphonesimulator/MyRAM.build/Objects-normal/x86_64/MyRAM-OutputFileMap.json -use-frontend-parseable-output -save-temps -no-color-diagnostics -serialize-diagnostics -emit-dependencies -emit-module -emit-module-path /Users/runner/work/MyRAM-iOS/MyRAM-iOS/MyRAM-iOS/evidence/builds/DerivedData-iOS/Build/Intermediates.noindex/MyRAM.build/Debug-iphonesimulator/MyRAM.build/Objects-normal/x86_64/MyRAM.swiftmodule -validate-clang-modules-once -clang-build-session-file /Users/runner/work/MyRAM-iOS/MyRAM-iOS/MyRAM-iOS/evidence/builds/DerivedData-iOS/ModuleCache.noindex/Session.modulevalidation -Xcc -I/Users/runner/work/MyRAM-iOS/MyRAM-iOS/MyRAM-iOS/evidence/builds/DerivedData-iOS/Build/Intermediates.noindex/MyRAM.build/Debug-iphonesimulator/MyRAM.build/swift-overrides.hmap -emit-const-values -Xfrontend -const-gather-protocols-file -Xfrontend /Users/runner/work/MyRAM-iOS/MyRAM-iOS/MyRAM-iOS/evidence/builds/DerivedData-iOS/Build/Intermediates.noindex/MyRAM.build/Debug-iphonesimulator/MyRAM.build/Objects-normal/x86_64/MyRAM_const_extract_protocols.json -Xcc -iquote -Xcc /Users/runner/work/MyRAM-iOS/MyRAM-iOS/MyRAM-iOS/evidence/builds/DerivedData-iOS/Build/Intermediates.noindex/MyRAM.build/Debug-iphonesimulator/MyRAM.build/MyRAM-generated-files.hmap -Xcc -I/Users/runner/work/MyRAM-iOS/MyRAM-iOS/MyRAM-iOS/evidence/builds/DerivedData-iOS/Build/Intermediates.noindex/MyRAM.build/Debug-iphonesimulator/MyRAM.build/MyRAM-own-target-headers.hmap -Xcc -I/Users/runner/work/MyRAM-iOS/MyRAM-iOS/MyRAM-iOS/evidence/builds/DerivedData-iOS/Build/Intermediates.noindex/MyRAM.build/Debug-iphonesimulator/MyRAM.build/MyRAM-all-non-framework-target-headers.hmap -Xcc -ivfsoverlay -Xcc /Users/runner/work/MyRAM-iOS/MyRAM-iOS/MyRAM-iOS/evidence/builds/DerivedData-iOS/Build/Intermediates.noindex/MyRAM.build/Debug-iphonesimulator/MyRAM-98a9cbde253e8e955bc92731eb290203-VFS-iphonesimulator/all-product-headers.yaml -Xcc -iquote -Xcc /Users/runner/work/MyRAM-iOS/MyRAM-iOS/MyRAM-iOS/evidence/builds/DerivedData-iOS/Build/Intermediates.noindex/MyRAM.build/Debug-iphonesimulator/MyRAM.build/MyRAM-project-headers.hmap -Xcc -I/Users/runner/work/MyRAM-iOS/MyRAM-iOS/MyRAM-iOS/evidence/builds/DerivedData-iOS/Build/Products/Debug-iphonesimulator/include -Xcc -I/Users/runner/work/MyRAM-iOS/MyRAM-iOS/MyRAM-iOS/evidence/builds/DerivedData-iOS/Build/Intermediates.noindex/MyRAM.build/Debug-iphonesimulator/MyRAM.build/DerivedSources-normal/x86_64 -Xcc -I/Users/runner/work/MyRAM-iOS/MyRAM-iOS/MyRAM-iOS/evidence/builds/DerivedData-iOS/Build/Intermediates.noindex/MyRAM.build/Debug-iphonesimulator/MyRAM.build/DerivedSources/x86_64 -Xcc -I/Users/runner/work/MyRAM-iOS/MyRAM-iOS/MyRAM-iOS/evidence/builds/DerivedData-iOS/Build/Intermediates.noindex/MyRAM.build/Debug-iphonesimulator/MyRAM.build/DerivedSources -Xcc -DDEBUG\=1 -emit-objc-header -emit-objc-header-path /Users/runner/work/MyRAM-iOS/MyRAM-iOS/MyRAM-iOS/evidence/builds/DerivedData-iOS/Build/Intermediates.noindex/MyRAM.build/Debug-iphonesimulator/MyRAM.build/Objects-normal/x86_64/MyRAM-Swift.h -working-directory /Users/runner/work/MyRAM-iOS/MyRAM-iOS/MyRAM-iOS -experimental-emit-module-separately -disable-cmo

SwiftDriverJobDiscovery normal arm64 Emitting module for MyRAM (in target 'MyRAM' from project 'MyRAM')

SwiftDriver\ Compilation\ Requirements MyRAM normal arm64 com.apple.xcode.tools.swift.compiler (in target 'MyRAM' from project 'MyRAM')
    cd /Users/runner/work/MyRAM-iOS/MyRAM-iOS/MyRAM-iOS
    builtin-Swift-Compilation-Requirements -- /Applications/Xcode_16.4.app/Contents/Developer/Toolchains/XcodeDefault.xctoolchain/usr/bin/swiftc -module-name MyRAM -Onone -enforce-exclusivity\=checked @/Users/runner/work/MyRAM-iOS/MyRAM-iOS/MyRAM-iOS/evidence/builds/DerivedData-iOS/Build/Intermediates.noindex/MyRAM.build/Debug-iphonesimulator/MyRAM.build/Objects-normal/arm64/MyRAM.SwiftFileList -DDEBUG -enable-bare-slash-regex -enable-experimental-feature DebugDescriptionMacro -sdk /Applications/Xcode_16.4.app/Contents/Developer/Platforms/iPhoneSimulator.platform/Developer/SDKs/iPhoneSimulator18.5.sdk -target arm64-apple-ios17.0-simulator -g -module-cache-path /Users/runner/work/MyRAM-iOS/MyRAM-iOS/MyRAM-iOS/evidence/builds/DerivedData-iOS/ModuleCache.noindex -Xfrontend -serialize-debugging-options -enable-testing -index-store-path /Users/runner/work/MyRAM-iOS/MyRAM-iOS/MyRAM-iOS/evidence/builds/DerivedData-iOS/Index.noindex/DataStore -swift-version 5 -I /Users/runner/work/MyRAM-iOS/MyRAM-iOS/MyRAM-iOS/evidence/builds/DerivedData-iOS/Build/Products/Debug-iphonesimulator -F /Users/runner/work/MyRAM-iOS/MyRAM-iOS/MyRAM-iOS/evidence/builds/DerivedData-iOS/Build/Products/Debug-iphonesimulator/PackageFrameworks -F /Users/runner/work/MyRAM-iOS/MyRAM-iOS/MyRAM-iOS/evidence/builds/DerivedData-iOS/Build/Products/Debug-iphonesimulator/PackageFrameworks -F /Users/runner/work/MyRAM-iOS/MyRAM-iOS/MyRAM-iOS/evidence/builds/DerivedData-iOS/Build/Products/Debug-iphonesimulator -emit-localized-strings -emit-localized-strings-path /Users/runner/work/MyRAM-iOS/MyRAM-iOS/MyRAM-iOS/evidence/builds/DerivedData-iOS/Build/Intermediates.noindex/MyRAM.build/Debug-iphonesimulator/MyRAM.build/Objects-normal/arm64 -c -j3 -enable-batch-mode -incremental -Xcc -ivfsstatcache -Xcc /Users/runner/work/MyRAM-iOS/MyRAM-iOS/MyRAM-iOS/evidence/builds/DerivedData-iOS/SDKStatCaches.noindex/iphonesimulator18.5-22F76-96ae0914227b19deccb34b33ba7b5dea.sdkstatcache -output-file-map /Users/runner/work/MyRAM-iOS/MyRAM-iOS/MyRAM-iOS/evidence/builds/DerivedData-iOS/Build/Intermediates.noindex/MyRAM.build/Debug-iphonesimulator/MyRAM.build/Objects-normal/arm64/MyRAM-OutputFileMap.json -use-frontend-parseable-output -save-temps -no-color-diagnostics -serialize-diagnostics -emit-dependencies -emit-module -emit-module-path /Users/runner/work/MyRAM-iOS/MyRAM-iOS/MyRAM-iOS/evidence/builds/DerivedData-iOS/Build/Intermediates.noindex/MyRAM.build/Debug-iphonesimulator/MyRAM.build/Objects-normal/arm64/MyRAM.swiftmodule -validate-clang-modules-once -clang-build-session-file /Users/runner/work/MyRAM-iOS/MyRAM-iOS/MyRAM-iOS/evidence/builds/DerivedData-iOS/ModuleCache.noindex/Session.modulevalidation -Xcc -I/Users/runner/work/MyRAM-iOS/MyRAM-iOS/MyRAM-iOS/evidence/builds/DerivedData-iOS/Build/Intermediates.noindex/MyRAM.build/Debug-iphonesimulator/MyRAM.build/swift-overrides.hmap -emit-const-values -Xfrontend -const-gather-protocols-file -Xfrontend /Users/runner/work/MyRAM-iOS/MyRAM-iOS/MyRAM-iOS/evidence/builds/DerivedData-iOS/Build/Intermediates.noindex/MyRAM.build/Debug-iphonesimulator/MyRAM.build/Objects-normal/arm64/MyRAM_const_extract_protocols.json -Xcc -iquote -Xcc /Users/runner/work/MyRAM-iOS/MyRAM-iOS/MyRAM-iOS/evidence/builds/DerivedData-iOS/Build/Intermediates.noindex/MyRAM.build/Debug-iphonesimulator/MyRAM.build/MyRAM-generated-files.hmap -Xcc -I/Users/runner/work/MyRAM-iOS/MyRAM-iOS/MyRAM-iOS/evidence/builds/DerivedData-iOS/Build/Intermediates.noindex/MyRAM.build/Debug-iphonesimulator/MyRAM.build/MyRAM-own-target-headers.hmap -Xcc -I/Users/runner/work/MyRAM-iOS/MyRAM-iOS/MyRAM-iOS/evidence/builds/DerivedData-iOS/Build/Intermediates.noindex/MyRAM.build/Debug-iphonesimulator/MyRAM.build/MyRAM-all-non-framework-target-headers.hmap -Xcc -ivfsoverlay -Xcc /Users/runner/work/MyRAM-iOS/MyRAM-iOS/MyRAM-iOS/evidence/builds/DerivedData-iOS/Build/Intermediates.noindex/MyRAM.build/Debug-iphonesimulator/MyRAM-98a9cbde253e8e955bc92731eb290203-VFS-iphonesimulator/all-product-headers.yaml -Xcc -iquote -Xcc /Users/runner/work/MyRAM-iOS/MyRAM-iOS/MyRAM-iOS/evidence/builds/DerivedData-iOS/Build/Intermediates.noindex/MyRAM.build/Debug-iphonesimulator/MyRAM.build/MyRAM-project-headers.hmap -Xcc -I/Users/runner/work/MyRAM-iOS/MyRAM-iOS/MyRAM-iOS/evidence/builds/DerivedData-iOS/Build/Products/Debug-iphonesimulator/include -Xcc -I/Users/runner/work/MyRAM-iOS/MyRAM-iOS/MyRAM-iOS/evidence/builds/DerivedData-iOS/Build/Intermediates.noindex/MyRAM.build/Debug-iphonesimulator/MyRAM.build/DerivedSources-normal/arm64 -Xcc -I/Users/runner/work/MyRAM-iOS/MyRAM-iOS/MyRAM-iOS/evidence/builds/DerivedData-iOS/Build/Intermediates.noindex/MyRAM.build/Debug-iphonesimulator/MyRAM.build/DerivedSources/arm64 -Xcc -I/Users/runner/work/MyRAM-iOS/MyRAM-iOS/MyRAM-iOS/evidence/builds/DerivedData-iOS/Build/Intermediates.noindex/MyRAM.build/Debug-iphonesimulator/MyRAM.build/DerivedSources -Xcc -DDEBUG\=1 -emit-objc-header -emit-objc-header-path /Users/runner/work/MyRAM-iOS/MyRAM-iOS/MyRAM-iOS/evidence/builds/DerivedData-iOS/Build/Intermediates.noindex/MyRAM.build/Debug-iphonesimulator/MyRAM.build/Objects-normal/arm64/MyRAM-Swift.h -working-directory /Users/runner/work/MyRAM-iOS/MyRAM-iOS/MyRAM-iOS -experimental-emit-module-separately -disable-cmo

Copy /Users/runner/work/MyRAM-iOS/MyRAM-iOS/MyRAM-iOS/evidence/builds/DerivedData-iOS/Build/Products/Debug-iphonesimulator/MyRAM.swiftmodule/x86_64-apple-ios-simulator.swiftmodule /Users/runner/work/MyRAM-iOS/MyRAM-iOS/MyRAM-iOS/evidence/builds/DerivedData-iOS/Build/Intermediates.noindex/MyRAM.build/Debug-iphonesimulator/MyRAM.build/Objects-normal/x86_64/MyRAM.swiftmodule (in target 'MyRAM' from project 'MyRAM')
    cd /Users/runner/work/MyRAM-iOS/MyRAM-iOS/MyRAM-iOS
    builtin-copy -exclude .DS_Store -exclude CVS -exclude .svn -exclude .git -exclude .hg -resolve-src-symlinks -rename /Users/runner/work/MyRAM-iOS/MyRAM-iOS/MyRAM-iOS/evidence/builds/DerivedData-iOS/Build/Intermediates.noindex/MyRAM.build/Debug-iphonesimulator/MyRAM.build/Objects-normal/x86_64/MyRAM.swiftmodule /Users/runner/work/MyRAM-iOS/MyRAM-iOS/MyRAM-iOS/evidence/builds/DerivedData-iOS/Build/Products/Debug-iphonesimulator/MyRAM.swiftmodule/x86_64-apple-ios-simulator.swiftmodule

SwiftMergeGeneratedHeaders /Users/runner/work/MyRAM-iOS/MyRAM-iOS/MyRAM-iOS/evidence/builds/DerivedData-iOS/Build/Intermediates.noindex/MyRAM.build/Debug-iphonesimulator/MyRAM.build/DerivedSources/MyRAM-Swift.h /Users/runner/work/MyRAM-iOS/MyRAM-iOS/MyRAM-iOS/evidence/builds/DerivedData-iOS/Build/Intermediates.noindex/MyRAM.build/Debug-iphonesimulator/MyRAM.build/Objects-normal/arm64/MyRAM-Swift.h /Users/runner/work/MyRAM-iOS/MyRAM-iOS/MyRAM-iOS/evidence/builds/DerivedData-iOS/Build/Intermediates.noindex/MyRAM.build/Debug-iphonesimulator/MyRAM.build/Objects-normal/x86_64/MyRAM-Swift.h (in target 'MyRAM' from project 'MyRAM')
    cd /Users/runner/work/MyRAM-iOS/MyRAM-iOS/MyRAM-iOS
    builtin-swiftHeaderTool -arch arm64 /Users/runner/work/MyRAM-iOS/MyRAM-iOS/MyRAM-iOS/evidence/builds/DerivedData-iOS/Build/Intermediates.noindex/MyRAM.build/Debug-iphonesimulator/MyRAM.build/Objects-normal/arm64/MyRAM-Swift.h -arch x86_64 /Users/runner/work/MyRAM-iOS/MyRAM-iOS/MyRAM-iOS/evidence/builds/DerivedData-iOS/Build/Intermediates.noindex/MyRAM.build/Debug-iphonesimulator/MyRAM.build/Objects-normal/x86_64/MyRAM-Swift.h -o /Users/runner/work/MyRAM-iOS/MyRAM-iOS/MyRAM-iOS/evidence/builds/DerivedData-iOS/Build/Intermediates.noindex/MyRAM.build/Debug-iphonesimulator/MyRAM.build/DerivedSources/MyRAM-Swift.h

Copy /Users/runner/work/MyRAM-iOS/MyRAM-iOS/MyRAM-iOS/evidence/builds/DerivedData-iOS/Build/Products/Debug-iphonesimulator/MyRAM.swiftmodule/x86_64-apple-ios-simulator.swiftdoc /Users/runner/work/MyRAM-iOS/MyRAM-iOS/MyRAM-iOS/evidence/builds/DerivedData-iOS/Build/Intermediates.noindex/MyRAM.build/Debug-iphonesimulator/MyRAM.build/Objects-normal/x86_64/MyRAM.swiftdoc (in target 'MyRAM' from project 'MyRAM')
    cd /Users/runner/work/MyRAM-iOS/MyRAM-iOS/MyRAM-iOS
    builtin-copy -exclude .DS_Store -exclude CVS -exclude .svn -exclude .git -exclude .hg -resolve-src-symlinks -rename /Users/runner/work/MyRAM-iOS/MyRAM-iOS/MyRAM-iOS/evidence/builds/DerivedData-iOS/Build/Intermediates.noindex/MyRAM.build/Debug-iphonesimulator/MyRAM.build/Objects-normal/x86_64/MyRAM.swiftdoc /Users/runner/work/MyRAM-iOS/MyRAM-iOS/MyRAM-iOS/evidence/builds/DerivedData-iOS/Build/Products/Debug-iphonesimulator/MyRAM.swiftmodule/x86_64-apple-ios-simulator.swiftdoc

Copy /Users/runner/work/MyRAM-iOS/MyRAM-iOS/MyRAM-iOS/evidence/builds/DerivedData-iOS/Build/Products/Debug-iphonesimulator/MyRAM.swiftmodule/x86_64-apple-ios-simulator.abi.json /Users/runner/work/MyRAM-iOS/MyRAM-iOS/MyRAM-iOS/evidence/builds/DerivedData-iOS/Build/Intermediates.noindex/MyRAM.build/Debug-iphonesimulator/MyRAM.build/Objects-normal/x86_64/MyRAM.abi.json (in target 'MyRAM' from project 'MyRAM')
    cd /Users/runner/work/MyRAM-iOS/MyRAM-iOS/MyRAM-iOS
    builtin-copy -exclude .DS_Store -exclude CVS -exclude .svn -exclude .git -exclude .hg -resolve-src-symlinks -rename /Users/runner/work/MyRAM-iOS/MyRAM-iOS/MyRAM-iOS/evidence/builds/DerivedData-iOS/Build/Intermediates.noindex/MyRAM.build/Debug-iphonesimulator/MyRAM.build/Objects-normal/x86_64/MyRAM.abi.json /Users/runner/work/MyRAM-iOS/MyRAM-iOS/MyRAM-iOS/evidence/builds/DerivedData-iOS/Build/Products/Debug-iphonesimulator/MyRAM.swiftmodule/x86_64-apple-ios-simulator.abi.json

Copy /Users/runner/work/MyRAM-iOS/MyRAM-iOS/MyRAM-iOS/evidence/builds/DerivedData-iOS/Build/Products/Debug-iphonesimulator/MyRAM.swiftmodule/arm64-apple-ios-simulator.swiftmodule /Users/runner/work/MyRAM-iOS/MyRAM-iOS/MyRAM-iOS/evidence/builds/DerivedData-iOS/Build/Intermediates.noindex/MyRAM.build/Debug-iphonesimulator/MyRAM.build/Objects-normal/arm64/MyRAM.swiftmodule (in target 'MyRAM' from project 'MyRAM')
    cd /Users/runner/work/MyRAM-iOS/MyRAM-iOS/MyRAM-iOS
    builtin-copy -exclude .DS_Store -exclude CVS -exclude .svn -exclude .git -exclude .hg -resolve-src-symlinks -rename /Users/runner/work/MyRAM-iOS/MyRAM-iOS/MyRAM-iOS/evidence/builds/DerivedData-iOS/Build/Intermediates.noindex/MyRAM.build/Debug-iphonesimulator/MyRAM.build/Objects-normal/arm64/MyRAM.swiftmodule /Users/runner/work/MyRAM-iOS/MyRAM-iOS/MyRAM-iOS/evidence/builds/DerivedData-iOS/Build/Products/Debug-iphonesimulator/MyRAM.swiftmodule/arm64-apple-ios-simulator.swiftmodule

Copy /Users/runner/work/MyRAM-iOS/MyRAM-iOS/MyRAM-iOS/evidence/builds/DerivedData-iOS/Build/Products/Debug-iphonesimulator/MyRAM.swiftmodule/arm64-apple-ios-simulator.swiftdoc /Users/runner/work/MyRAM-iOS/MyRAM-iOS/MyRAM-iOS/evidence/builds/DerivedData-iOS/Build/Intermediates.noindex/MyRAM.build/Debug-iphonesimulator/MyRAM.build/Objects-normal/arm64/MyRAM.swiftdoc (in target 'MyRAM' from project 'MyRAM')
    cd /Users/runner/work/MyRAM-iOS/MyRAM-iOS/MyRAM-iOS
    builtin-copy -exclude .DS_Store -exclude CVS -exclude .svn -exclude .git -exclude .hg -resolve-src-symlinks -rename /Users/runner/work/MyRAM-iOS/MyRAM-iOS/MyRAM-iOS/evidence/builds/DerivedData-iOS/Build/Intermediates.noindex/MyRAM.build/Debug-iphonesimulator/MyRAM.build/Objects-normal/arm64/MyRAM.swiftdoc /Users/runner/work/MyRAM-iOS/MyRAM-iOS/MyRAM-iOS/evidence/builds/DerivedData-iOS/Build/Products/Debug-iphonesimulator/MyRAM.swiftmodule/arm64-apple-ios-simulator.swiftdoc

Copy /Users/runner/work/MyRAM-iOS/MyRAM-iOS/MyRAM-iOS/evidence/builds/DerivedData-iOS/Build/Products/Debug-iphonesimulator/MyRAM.swiftmodule/arm64-apple-ios-simulator.abi.json /Users/runner/work/MyRAM-iOS/MyRAM-iOS/MyRAM-iOS/evidence/builds/DerivedData-iOS/Build/Intermediates.noindex/MyRAM.build/Debug-iphonesimulator/MyRAM.build/Objects-normal/arm64/MyRAM.abi.json (in target 'MyRAM' from project 'MyRAM')
    cd /Users/runner/work/MyRAM-iOS/MyRAM-iOS/MyRAM-iOS
    builtin-copy -exclude .DS_Store -exclude CVS -exclude .svn -exclude .git -exclude .hg -resolve-src-symlinks -rename /Users/runner/work/MyRAM-iOS/MyRAM-iOS/MyRAM-iOS/evidence/builds/DerivedData-iOS/Build/Intermediates.noindex/MyRAM.build/Debug-iphonesimulator/MyRAM.build/Objects-normal/arm64/MyRAM.abi.json /Users/runner/work/MyRAM-iOS/MyRAM-iOS/MyRAM-iOS/evidence/builds/DerivedData-iOS/Build/Products/Debug-iphonesimulator/MyRAM.swiftmodule/arm64-apple-ios-simulator.abi.json

Copy /Users/runner/work/MyRAM-iOS/MyRAM-iOS/MyRAM-iOS/evidence/builds/DerivedData-iOS/Build/Products/Debug-iphonesimulator/MyRAM.swiftmodule/Project/x86_64-apple-ios-simulator.swiftsourceinfo /Users/runner/work/MyRAM-iOS/MyRAM-iOS/MyRAM-iOS/evidence/builds/DerivedData-iOS/Build/Intermediates.noindex/MyRAM.build/Debug-iphonesimulator/MyRAM.build/Objects-normal/x86_64/MyRAM.swiftsourceinfo (in target 'MyRAM' from project 'MyRAM')
    cd /Users/runner/work/MyRAM-iOS/MyRAM-iOS/MyRAM-iOS
    builtin-copy -exclude .DS_Store -exclude CVS -exclude .svn -exclude .git -exclude .hg -resolve-src-symlinks -rename /Users/runner/work/MyRAM-iOS/MyRAM-iOS/MyRAM-iOS/evidence/builds/DerivedData-iOS/Build/Intermediates.noindex/MyRAM.build/Debug-iphonesimulator/MyRAM.build/Objects-normal/x86_64/MyRAM.swiftsourceinfo /Users/runner/work/MyRAM-iOS/MyRAM-iOS/MyRAM-iOS/evidence/builds/DerivedData-iOS/Build/Products/Debug-iphonesimulator/MyRAM.swiftmodule/Project/x86_64-apple-ios-simulator.swiftsourceinfo

Copy /Users/runner/work/MyRAM-iOS/MyRAM-iOS/MyRAM-iOS/evidence/builds/DerivedData-iOS/Build/Products/Debug-iphonesimulator/MyRAM.swiftmodule/Project/arm64-apple-ios-simulator.swiftsourceinfo /Users/runner/work/MyRAM-iOS/MyRAM-iOS/MyRAM-iOS/evidence/builds/DerivedData-iOS/Build/Intermediates.noindex/MyRAM.build/Debug-iphonesimulator/MyRAM.build/Objects-normal/arm64/MyRAM.swiftsourceinfo (in target 'MyRAM' from project 'MyRAM')
    cd /Users/runner/work/MyRAM-iOS/MyRAM-iOS/MyRAM-iOS
    builtin-copy -exclude .DS_Store -exclude CVS -exclude .svn -exclude .git -exclude .hg -resolve-src-symlinks -rename /Users/runner/work/MyRAM-iOS/MyRAM-iOS/MyRAM-iOS/evidence/builds/DerivedData-iOS/Build/Intermediates.noindex/MyRAM.build/Debug-iphonesimulator/MyRAM.build/Objects-normal/arm64/MyRAM.swiftsourceinfo /Users/runner/work/MyRAM-iOS/MyRAM-iOS/MyRAM-iOS/evidence/builds/DerivedData-iOS/Build/Products/Debug-iphonesimulator/MyRAM.swiftmodule/Project/arm64-apple-ios-simulator.swiftsourceinfo

SwiftCompile normal arm64 Compiling\ EditorSelectionRangeResolver.swift,\ EditorFocusSelectionPolicy.swift,\ EditorFormattingCommandResolver.swift,\ EditorFormattingMutationApplier.swift,\ EditorFormattingStateResolver.swift,\ NoteIntelligence.swift,\ NoteEditorView.swift,\ EditorTextViewFactory.swift,\ EditorProfilingFixtures.swift,\ BareTextViewProfilingView.swift,\ EditorChecklistRendering.swift,\ EditorPolicies.swift,\ AppliedEditorMutation.swift,\ ActiveEditorApplicationPolicy.swift,\ ActiveEditorSyncUpdateHandler.swift,\ EditorSelectionMapper.swift,\ EditorRemoteApplyResult.swift,\ UIKitEditorSyncBridge.swift,\ MyRAMSyncController.swift,\ NotesListView.swift,\ PersistenceManager.swift,\ GeneratedAssetSymbols.swift /Users/runner/work/MyRAM-iOS/MyRAM-iOS/MyRAM-iOS/MyRAM/Views/Editor/EditorSelectionRangeResolver.swift /Users/runner/work/MyRAM-iOS/MyRAM-iOS/MyRAM-iOS/MyRAM/Views/Editor/EditorFocusSelectionPolicy.swift /Users/runner/work/MyRAM-iOS/MyRAM-iOS/MyRAM-iOS/MyRAM/Views/Editor/EditorFormattingCommandResolver.swift /Users/runner/work/MyRAM-iOS/MyRAM-iOS/MyRAM-iOS/MyRAM/Views/Editor/EditorFormattingMutationApplier.swift /Users/runner/work/MyRAM-iOS/MyRAM-iOS/MyRAM-iOS/MyRAM/Views/Editor/EditorFormattingStateResolver.swift /Users/runner/work/MyRAM-iOS/MyRAM-iOS/MyRAM-iOS/MyRAM/NoteIntelligence.swift /Users/runner/work/MyRAM-iOS/MyRAM-iOS/MyRAM-iOS/MyRAM/Views/NoteEditorView.swift /Users/runner/work/MyRAM-iOS/MyRAM-iOS/MyRAM-iOS/MyRAM/Views/Editor/EditorTextViewFactory.swift /Users/runner/work/MyRAM-iOS/MyRAM-iOS/MyRAM-iOS/MyRAM/Views/Editor/EditorProfilingFixtures.swift /Users/runner/work/MyRAM-iOS/MyRAM-iOS/MyRAM-iOS/MyRAM/Views/Editor/BareTextViewProfilingView.swift /Users/runner/work/MyRAM-iOS/MyRAM-iOS/MyRAM-iOS/MyRAM/Views/Editor/EditorChecklistRendering.swift /Users/runner/work/MyRAM-iOS/MyRAM-iOS/MyRAM-iOS/MyRAM/Views/Editor/EditorPolicies.swift /Users/runner/work/MyRAM-iOS/MyRAM-iOS/MyRAM-iOS/MyRAM/Sync/EditorApplication/AppliedEditorMutation.swift /Users/runner/work/MyRAM-iOS/MyRAM-iOS/MyRAM-iOS/MyRAM/Sync/EditorApplication/ActiveEditorApplicationPolicy.swift /Users/runner/work/MyRAM-iOS/MyRAM-iOS/MyRAM-iOS/MyRAM/Sync/EditorApplication/ActiveEditorSyncUpdateHandler.swift /Users/runner/work/MyRAM-iOS/MyRAM-iOS/MyRAM-iOS/MyRAM/Sync/EditorApplication/EditorSelectionMapper.swift /Users/runner/work/MyRAM-iOS/MyRAM-iOS/MyRAM-iOS/MyRAM/Sync/EditorApplication/EditorRemoteApplyResult.swift /Users/runner/work/MyRAM-iOS/MyRAM-iOS/MyRAM-iOS/MyRAM/Views/Editor/UIKitEditorSyncBridge.swift /Users/runner/work/MyRAM-iOS/MyRAM-iOS/MyRAM-iOS/MyRAM/Sync/MyRAMSyncController.swift /Users/runner/work/MyRAM-iOS/MyRAM-iOS/MyRAM-iOS/MyRAM/Views/NotesListView.swift /Users/runner/work/MyRAM-iOS/MyRAM-iOS/MyRAM-iOS/MyRAM/PersistenceManager.swift /Users/runner/work/MyRAM-iOS/MyRAM-iOS/MyRAM-iOS/evidence/builds/DerivedData-iOS/Build/Intermediates.noindex/MyRAM.build/Debug-iphonesimulator/MyRAM.build/DerivedSources/GeneratedAssetSymbols.swift (in target 'MyRAM' from project 'MyRAM')
SwiftCompile normal arm64 /Users/runner/work/MyRAM-iOS/MyRAM-iOS/MyRAM-iOS/MyRAM/Views/Editor/EditorSelectionRangeResolver.swift (in target 'MyRAM' from project 'MyRAM')
    cd /Users/runner/work/MyRAM-iOS/MyRAM-iOS/MyRAM-iOS
    

SwiftCompile normal arm64 /Users/runner/work/MyRAM-iOS/MyRAM-iOS/MyRAM-iOS/MyRAM/Views/Editor/EditorFocusSelectionPolicy.swift (in target 'MyRAM' from project 'MyRAM')
    cd /Users/runner/work/MyRAM-iOS/MyRAM-iOS/MyRAM-iOS
    

SwiftCompile normal arm64 /Users/runner/work/MyRAM-iOS/MyRAM-iOS/MyRAM-iOS/MyRAM/Views/Editor/EditorFormattingCommandResolver.swift (in target 'MyRAM' from project 'MyRAM')
    cd /Users/runner/work/MyRAM-iOS/MyRAM-iOS/MyRAM-iOS
    

SwiftCompile normal arm64 /Users/runner/work/MyRAM-iOS/MyRAM-iOS/MyRAM-iOS/MyRAM/Views/Editor/EditorFormattingMutationApplier.swift (in target 'MyRAM' from project 'MyRAM')
    cd /Users/runner/work/MyRAM-iOS/MyRAM-iOS/MyRAM-iOS
    

SwiftCompile normal arm64 /Users/runner/work/MyRAM-iOS/MyRAM-iOS/MyRAM-iOS/MyRAM/Views/Editor/EditorFormattingStateResolver.swift (in target 'MyRAM' from project 'MyRAM')
    cd /Users/runner/work/MyRAM-iOS/MyRAM-iOS/MyRAM-iOS
    

SwiftCompile normal arm64 /Users/runner/work/MyRAM-iOS/MyRAM-iOS/MyRAM-iOS/MyRAM/NoteIntelligence.swift (in target 'MyRAM' from project 'MyRAM')
    cd /Users/runner/work/MyRAM-iOS/MyRAM-iOS/MyRAM-iOS
    

SwiftCompile normal arm64 /Users/runner/work/MyRAM-iOS/MyRAM-iOS/MyRAM-iOS/MyRAM/Views/NoteEditorView.swift (in target 'MyRAM' from project 'MyRAM')
    cd /Users/runner/work/MyRAM-iOS/MyRAM-iOS/MyRAM-iOS
    

SwiftCompile normal arm64 /Users/runner/work/MyRAM-iOS/MyRAM-iOS/MyRAM-iOS/MyRAM/Views/Editor/EditorTextViewFactory.swift (in target 'MyRAM' from project 'MyRAM')
    cd /Users/runner/work/MyRAM-iOS/MyRAM-iOS/MyRAM-iOS
    

SwiftCompile normal arm64 /Users/runner/work/MyRAM-iOS/MyRAM-iOS/MyRAM-iOS/MyRAM/Views/Editor/EditorProfilingFixtures.swift (in target 'MyRAM' from project 'MyRAM')
    cd /Users/runner/work/MyRAM-iOS/MyRAM-iOS/MyRAM-iOS
    

SwiftCompile normal arm64 /Users/runner/work/MyRAM-iOS/MyRAM-iOS/MyRAM-iOS/MyRAM/Views/Editor/BareTextViewProfilingView.swift (in target 'MyRAM' from project 'MyRAM')
    cd /Users/runner/work/MyRAM-iOS/MyRAM-iOS/MyRAM-iOS
    

SwiftCompile normal arm64 /Users/runner/work/MyRAM-iOS/MyRAM-iOS/MyRAM-iOS/MyRAM/Views/Editor/EditorChecklistRendering.swift (in target 'MyRAM' from project 'MyRAM')
    cd /Users/runner/work/MyRAM-iOS/MyRAM-iOS/MyRAM-iOS
    

SwiftCompile normal arm64 /Users/runner/work/MyRAM-iOS/MyRAM-iOS/MyRAM-iOS/MyRAM/Views/Editor/EditorPolicies.swift (in target 'MyRAM' from project 'MyRAM')
    cd /Users/runner/work/MyRAM-iOS/MyRAM-iOS/MyRAM-iOS
    

SwiftCompile normal arm64 /Users/runner/work/MyRAM-iOS/MyRAM-iOS/MyRAM-iOS/MyRAM/Sync/EditorApplication/AppliedEditorMutation.swift (in target 'MyRAM' from project 'MyRAM')
    cd /Users/runner/work/MyRAM-iOS/MyRAM-iOS/MyRAM-iOS
    

SwiftCompile normal arm64 /Users/runner/work/MyRAM-iOS/MyRAM-iOS/MyRAM-iOS/MyRAM/Sync/EditorApplication/ActiveEditorApplicationPolicy.swift (in target 'MyRAM' from project 'MyRAM')
    cd /Users/runner/work/MyRAM-iOS/MyRAM-iOS/MyRAM-iOS
    

SwiftCompile normal arm64 /Users/runner/work/MyRAM-iOS/MyRAM-iOS/MyRAM-iOS/MyRAM/Sync/EditorApplication/ActiveEditorSyncUpdateHandler.swift (in target 'MyRAM' from project 'MyRAM')
    cd /Users/runner/work/MyRAM-iOS/MyRAM-iOS/MyRAM-iOS
    

SwiftCompile normal arm64 /Users/runner/work/MyRAM-iOS/MyRAM-iOS/MyRAM-iOS/MyRAM/Sync/EditorApplication/EditorSelectionMapper.swift (in target 'MyRAM' from project 'MyRAM')
    cd /Users/runner/work/MyRAM-iOS/MyRAM-iOS/MyRAM-iOS
    

SwiftCompile normal arm64 /Users/runner/work/MyRAM-iOS/MyRAM-iOS/MyRAM-iOS/MyRAM/Sync/EditorApplication/EditorRemoteApplyResult.swift (in target 'MyRAM' from project 'MyRAM')
    cd /Users/runner/work/MyRAM-iOS/MyRAM-iOS/MyRAM-iOS
    

SwiftCompile normal arm64 /Users/runner/work/MyRAM-iOS/MyRAM-iOS/MyRAM-iOS/MyRAM/Views/Editor/UIKitEditorSyncBridge.swift (in target 'MyRAM' from project 'MyRAM')
    cd /Users/runner/work/MyRAM-iOS/MyRAM-iOS/MyRAM-iOS
    

SwiftCompile normal arm64 /Users/runner/work/MyRAM-iOS/MyRAM-iOS/MyRAM-iOS/MyRAM/Sync/MyRAMSyncController.swift (in target 'MyRAM' from project 'MyRAM')
    cd /Users/runner/work/MyRAM-iOS/MyRAM-iOS/MyRAM-iOS
    

SwiftCompile normal arm64 /Users/runner/work/MyRAM-iOS/MyRAM-iOS/MyRAM-iOS/MyRAM/Views/NotesListView.swift (in target 'MyRAM' from project 'MyRAM')
    cd /Users/runner/work/MyRAM-iOS/MyRAM-iOS/MyRAM-iOS
    

SwiftCompile normal arm64 /Users/runner/work/MyRAM-iOS/MyRAM-iOS/MyRAM-iOS/MyRAM/PersistenceManager.swift (in target 'MyRAM' from project 'MyRAM')
    cd /Users/runner/work/MyRAM-iOS/MyRAM-iOS/MyRAM-iOS
    

SwiftCompile normal arm64 /Users/runner/work/MyRAM-iOS/MyRAM-iOS/MyRAM-iOS/evidence/builds/DerivedData-iOS/Build/Intermediates.noindex/MyRAM.build/Debug-iphonesimulator/MyRAM.build/DerivedSources/GeneratedAssetSymbols.swift (in target 'MyRAM' from project 'MyRAM')
    cd /Users/runner/work/MyRAM-iOS/MyRAM-iOS/MyRAM-iOS
    

SwiftCompile normal arm64 Compiling\ MyRAMExternalOpenDispatcher.swift,\ MyRAMWidgetHostCoordinator.swift,\ MyRAMWidgetNoteRouting.swift,\ MyRAMWidgetSelectionButton.swift,\ MarkdownFileIO.swift,\ MarkdownPreview.swift,\ MarkdownPreviewModePolicy.swift,\ MarkdownPreviewUIKitSyncExecutor.swift,\ MarkdownPreviewUIKitDeferredScheduler.swift,\ MarkdownPreviewUIKitEditorResignation.swift,\ MarkdownPreviewUIKitPostResignationReconciliation.swift,\ MarkdownPreviewUIKitAcceptedRestoreSupersession.swift,\ NoteEditorFileOperationBridge.swift,\ NoteSequenceStateRecord.swift,\ NoteSequenceStateBootstrapAdapter.swift,\ NoteSequenceStateFullBodyIntegration.swift,\ NoteSequenceStateBootstrapMigrator.swift,\ SwiftDataNoteSequenceStateStore.swift,\ MyRAMSyncOperationIDAllocator.swift,\ FileBackedSyncOperationIDReservationStore.swift,\ Item.swift,\ RTFCoding.swift,\ AttributedTextStorageKeys.swift /Users/runner/work/MyRAM-iOS/MyRAM-iOS/MyRAM-iOS/MyRAM/WidgetHost/MyRAMExternalOpenDispatcher.swift /Users/runner/work/MyRAM-iOS/MyRAM-iOS/MyRAM-iOS/MyRAM/WidgetHost/MyRAMWidgetHostCoordinator.swift /Users/runner/work/MyRAM-iOS/MyRAM-iOS/MyRAM-iOS/MyRAM/WidgetHost/MyRAMWidgetNoteRouting.swift /Users/runner/work/MyRAM-iOS/MyRAM-iOS/MyRAM-iOS/MyRAM/WidgetHost/MyRAMWidgetSelectionButton.swift /Users/runner/work/MyRAM-iOS/MyRAM-iOS/MyRAM-iOS/MyRAM/Markdown/MarkdownFileIO.swift /Users/runner/work/MyRAM-iOS/MyRAM-iOS/MyRAM-iOS/MyRAM/Markdown/MarkdownPreview.swift /Users/runner/work/MyRAM-iOS/MyRAM-iOS/MyRAM-iOS/MyRAM/Markdown/MarkdownPreviewModePolicy.swift /Users/runner/work/MyRAM-iOS/MyRAM-iOS/MyRAM-iOS/MyRAM/Markdown/MarkdownPreviewUIKitSyncExecutor.swift /Users/runner/work/MyRAM-iOS/MyRAM-iOS/MyRAM-iOS/MyRAM/Markdown/MarkdownPreviewUIKitDeferredScheduler.swift /Users/runner/work/MyRAM-iOS/MyRAM-iOS/MyRAM-iOS/MyRAM/Markdown/MarkdownPreviewUIKitEditorResignation.swift /Users/runner/work/MyRAM-iOS/MyRAM-iOS/MyRAM-iOS/MyRAM/Markdown/MarkdownPreviewUIKitPostResignationReconciliation.swift /Users/runner/work/MyRAM-iOS/MyRAM-iOS/MyRAM-iOS/MyRAM/Markdown/MarkdownPreviewUIKitAcceptedRestoreSupersession.swift /Users/runner/work/MyRAM-iOS/MyRAM-iOS/MyRAM-iOS/MyRAM/Views/NoteEditorFileOperationBridge.swift /Users/runner/work/MyRAM-iOS/MyRAM-iOS/MyRAM-iOS/MyRAM/Sync/AnchoredSequence/NoteSequenceStateRecord.swift /Users/runner/work/MyRAM-iOS/MyRAM-iOS/MyRAM-iOS/MyRAM/Sync/AnchoredSequence/NoteSequenceStateBootstrapAdapter.swift /Users/runner/work/MyRAM-iOS/MyRAM-iOS/MyRAM-iOS/MyRAM/Sync/AnchoredSequence/NoteSequenceStateFullBodyIntegration.swift /Users/runner/work/MyRAM-iOS/MyRAM-iOS/MyRAM-iOS/MyRAM/Sync/AnchoredSequence/NoteSequenceStateBootstrapMigrator.swift /Users/runner/work/MyRAM-iOS/MyRAM-iOS/MyRAM-iOS/MyRAM/Sync/AnchoredSequence/SwiftDataNoteSequenceStateStore.swift /Users/runner/work/MyRAM-iOS/MyRAM-iOS/MyRAM-iOS/MyRAM/Sync/AnchoredSequence/MyRAMSyncOperationIDAllocator.swift /Users/runner/work/MyRAM-iOS/MyRAM-iOS/MyRAM-iOS/MyRAM/Sync/AnchoredSequence/FileBackedSyncOperationIDReservationStore.swift /Users/runner/work/MyRAM-iOS/MyRAM-iOS/MyRAM-iOS/MyRAM/Item.swift /Users/runner/work/MyRAM-iOS/MyRAM-iOS/MyRAM-iOS/MyRAM/Persistence/RTFCoding.swift /Users/runner/work/MyRAM-iOS/MyRAM-iOS/MyRAM-iOS/MyRAM/Persistence/AttributedTextStorageKeys.swift (in target 'MyRAM' from project 'MyRAM')

SwiftCompile normal arm64 /Users/runner/work/MyRAM-iOS/MyRAM-iOS/MyRAM-iOS/MyRAM/WidgetHost/MyRAMExternalOpenDispatcher.swift (in target 'MyRAM' from project 'MyRAM')
    cd /Users/runner/work/MyRAM-iOS/MyRAM-iOS/MyRAM-iOS
    

SwiftCompile normal arm64 /Users/runner/work/MyRAM-iOS/MyRAM-iOS/MyRAM-iOS/MyRAM/WidgetHost/MyRAMWidgetHostCoordinator.swift (in target 'MyRAM' from project 'MyRAM')
    cd /Users/runner/work/MyRAM-iOS/MyRAM-iOS/MyRAM-iOS
    

SwiftCompile normal arm64 /Users/runner/work/MyRAM-iOS/MyRAM-iOS/MyRAM-iOS/MyRAM/WidgetHost/MyRAMWidgetNoteRouting.swift (in target 'MyRAM' from project 'MyRAM')
    cd /Users/runner/work/MyRAM-iOS/MyRAM-iOS/MyRAM-iOS
    

SwiftCompile normal arm64 /Users/runner/work/MyRAM-iOS/MyRAM-iOS/MyRAM-iOS/MyRAM/WidgetHost/MyRAMWidgetSelectionButton.swift (in target 'MyRAM' from project 'MyRAM')
    cd /Users/runner/work/MyRAM-iOS/MyRAM-iOS/MyRAM-iOS
    

SwiftCompile normal arm64 /Users/runner/work/MyRAM-iOS/MyRAM-iOS/MyRAM-iOS/MyRAM/Markdown/MarkdownFileIO.swift (in target 'MyRAM' from project 'MyRAM')
    cd /Users/runner/work/MyRAM-iOS/MyRAM-iOS/MyRAM-iOS
    

SwiftCompile normal arm64 /Users/runner/work/MyRAM-iOS/MyRAM-iOS/MyRAM-iOS/MyRAM/Markdown/MarkdownPreview.swift (in target 'MyRAM' from project 'MyRAM')
    cd /Users/runner/work/MyRAM-iOS/MyRAM-iOS/MyRAM-iOS
    

SwiftCompile normal arm64 /Users/runner/work/MyRAM-iOS/MyRAM-iOS/MyRAM-iOS/MyRAM/Markdown/MarkdownPreviewModePolicy.swift (in target 'MyRAM' from project 'MyRAM')
    cd /Users/runner/work/MyRAM-iOS/MyRAM-iOS/MyRAM-iOS
    

SwiftCompile normal arm64 /Users/runner/work/MyRAM-iOS/MyRAM-iOS/MyRAM-iOS/MyRAM/Markdown/MarkdownPreviewUIKitSyncExecutor.swift (in target 'MyRAM' from project 'MyRAM')
    cd /Users/runner/work/MyRAM-iOS/MyRAM-iOS/MyRAM-iOS
    

SwiftCompile normal arm64 /Users/runner/work/MyRAM-iOS/MyRAM-iOS/MyRAM-iOS/MyRAM/Markdown/MarkdownPreviewUIKitDeferredScheduler.swift (in target 'MyRAM' from project 'MyRAM')
    cd /Users/runner/work/MyRAM-iOS/MyRAM-iOS/MyRAM-iOS
    

SwiftCompile normal arm64 /Users/runner/work/MyRAM-iOS/MyRAM-iOS/MyRAM-iOS/MyRAM/Markdown/MarkdownPreviewUIKitEditorResignation.swift (in target 'MyRAM' from project 'MyRAM')
    cd /Users/runner/work/MyRAM-iOS/MyRAM-iOS/MyRAM-iOS
    

SwiftCompile normal arm64 /Users/runner/work/MyRAM-iOS/MyRAM-iOS/MyRAM-iOS/MyRAM/Markdown/MarkdownPreviewUIKitPostResignationReconciliation.swift (in target 'MyRAM' from project 'MyRAM')
    cd /Users/runner/work/MyRAM-iOS/MyRAM-iOS/MyRAM-iOS
    

SwiftCompile normal arm64 /Users/runner/work/MyRAM-iOS/MyRAM-iOS/MyRAM-iOS/MyRAM/Markdown/MarkdownPreviewUIKitAcceptedRestoreSupersession.swift (in target 'MyRAM' from project 'MyRAM')
    cd /Users/runner/work/MyRAM-iOS/MyRAM-iOS/MyRAM-iOS
    

SwiftCompile normal arm64 /Users/runner/work/MyRAM-iOS/MyRAM-iOS/MyRAM-iOS/MyRAM/Views/NoteEditorFileOperationBridge.swift (in target 'MyRAM' from project 'MyRAM')
    cd /Users/runner/work/MyRAM-iOS/MyRAM-iOS/MyRAM-iOS
    

SwiftCompile normal arm64 /Users/runner/work/MyRAM-iOS/MyRAM-iOS/MyRAM-iOS/MyRAM/Sync/AnchoredSequence/NoteSequenceStateRecord.swift (in target 'MyRAM' from project 'MyRAM')
    cd /Users/runner/work/MyRAM-iOS/MyRAM-iOS/MyRAM-iOS
    

SwiftCompile normal arm64 /Users/runner/work/MyRAM-iOS/MyRAM-iOS/MyRAM-iOS/MyRAM/Sync/AnchoredSequence/NoteSequenceStateBootstrapAdapter.swift (in target 'MyRAM' from project 'MyRAM')
    cd /Users/runner/work/MyRAM-iOS/MyRAM-iOS/MyRAM-iOS
    

SwiftCompile normal arm64 /Users/runner/work/MyRAM-iOS/MyRAM-iOS/MyRAM-iOS/MyRAM/Sync/AnchoredSequence/NoteSequenceStateFullBodyIntegration.swift (in target 'MyRAM' from project 'MyRAM')
    cd /Users/runner/work/MyRAM-iOS/MyRAM-iOS/MyRAM-iOS
    

SwiftCompile normal arm64 /Users/runner/work/MyRAM-iOS/MyRAM-iOS/MyRAM-iOS/MyRAM/Sync/AnchoredSequence/NoteSequenceStateBootstrapMigrator.swift (in target 'MyRAM' from project 'MyRAM')
    cd /Users/runner/work/MyRAM-iOS/MyRAM-iOS/MyRAM-iOS
    

SwiftCompile normal arm64 /Users/runner/work/MyRAM-iOS/MyRAM-iOS/MyRAM-iOS/MyRAM/Sync/AnchoredSequence/SwiftDataNoteSequenceStateStore.swift (in target 'MyRAM' from project 'MyRAM')
    cd /Users/runner/work/MyRAM-iOS/MyRAM-iOS/MyRAM-iOS
    

SwiftCompile normal arm64 /Users/runner/work/MyRAM-iOS/MyRAM-iOS/MyRAM-iOS/MyRAM/Sync/AnchoredSequence/MyRAMSyncOperationIDAllocator.swift (in target 'MyRAM' from project 'MyRAM')
    cd /Users/runner/work/MyRAM-iOS/MyRAM-iOS/MyRAM-iOS
    

SwiftCompile normal arm64 /Users/runner/work/MyRAM-iOS/MyRAM-iOS/MyRAM-iOS/MyRAM/Sync/AnchoredSequence/FileBackedSyncOperationIDReservationStore.swift (in target 'MyRAM' from project 'MyRAM')
    cd /Users/runner/work/MyRAM-iOS/MyRAM-iOS/MyRAM-iOS
    

SwiftCompile normal arm64 /Users/runner/work/MyRAM-iOS/MyRAM-iOS/MyRAM-iOS/MyRAM/Item.swift (in target 'MyRAM' from project 'MyRAM')
    cd /Users/runner/work/MyRAM-iOS/MyRAM-iOS/MyRAM-iOS
    

SwiftCompile normal arm64 /Users/runner/work/MyRAM-iOS/MyRAM-iOS/MyRAM-iOS/MyRAM/Persistence/RTFCoding.swift (in target 'MyRAM' from project 'MyRAM')
    cd /Users/runner/work/MyRAM-iOS/MyRAM-iOS/MyRAM-iOS
    

SwiftCompile normal arm64 /Users/runner/work/MyRAM-iOS/MyRAM-iOS/MyRAM-iOS/MyRAM/Persistence/AttributedTextStorageKeys.swift (in target 'MyRAM' from project 'MyRAM')
    cd /Users/runner/work/MyRAM-iOS/MyRAM-iOS/MyRAM-iOS
    

SwiftDriverJobDiscovery normal x86_64 Compiling MyRAMExternalOpenDispatcher.swift, MyRAMWidgetHostCoordinator.swift, MyRAMWidgetNoteRouting.swift, MyRAMWidgetSelectionButton.swift, MarkdownFileIO.swift, MarkdownPreview.swift, MarkdownPreviewModePolicy.swift, MarkdownPreviewUIKitSyncExecutor.swift, MarkdownPreviewUIKitDeferredScheduler.swift, MarkdownPreviewUIKitEditorResignation.swift, MarkdownPreviewUIKitPostResignationReconciliation.swift, MarkdownPreviewUIKitAcceptedRestoreSupersession.swift, NoteEditorFileOperationBridge.swift, NoteSequenceStateRecord.swift, NoteSequenceStateBootstrapAdapter.swift, NoteSequenceStateFullBodyIntegration.swift, NoteSequenceStateBootstrapMigrator.swift, SwiftDataNoteSequenceStateStore.swift, MyRAMSyncOperationIDAllocator.swift, FileBackedSyncOperationIDReservationStore.swift, Item.swift, RTFCoding.swift, AttributedTextStorageKeys.swift (in target 'MyRAM' from project 'MyRAM')

LinkAssetCatalog /Users/runner/work/MyRAM-iOS/MyRAM-iOS/MyRAM-iOS/MyRAM/Preview\ Content/Preview\ Assets.xcassets /Users/runner/work/MyRAM-iOS/MyRAM-iOS/MyRAM-iOS/MyRAM/Assets.xcassets (in target 'MyRAM' from project 'MyRAM')
    cd /Users/runner/work/MyRAM-iOS/MyRAM-iOS/MyRAM-iOS
    builtin-linkAssetCatalog --thinned /Users/runner/work/MyRAM-iOS/MyRAM-iOS/MyRAM-iOS/evidence/builds/DerivedData-iOS/Build/Intermediates.noindex/MyRAM.build/Debug-iphonesimulator/MyRAM.build/assetcatalog_output/thinned --thinned-dependencies /Users/runner/work/MyRAM-iOS/MyRAM-iOS/MyRAM-iOS/evidence/builds/DerivedData-iOS/Build/Intermediates.noindex/MyRAM.build/Debug-iphonesimulator/MyRAM.build/assetcatalog_dependencies_thinned --thinned-info-plist-content /Users/runner/work/MyRAM-iOS/MyRAM-iOS/MyRAM-iOS/evidence/builds/DerivedData-iOS/Build/Intermediates.noindex/MyRAM.build/Debug-iphonesimulator/MyRAM.build/assetcatalog_generated_info.plist_thinned --unthinned /Users/runner/work/MyRAM-iOS/MyRAM-iOS/MyRAM-iOS/evidence/builds/DerivedData-iOS/Build/Intermediates.noindex/MyRAM.build/Debug-iphonesimulator/MyRAM.build/assetcatalog_output/unthinned --unthinned-dependencies /Users/runner/work/MyRAM-iOS/MyRAM-iOS/MyRAM-iOS/evidence/builds/DerivedData-iOS/Build/Intermediates.noindex/MyRAM.build/Debug-iphonesimulator/MyRAM.build/assetcatalog_dependencies_unthinned --unthinned-info-plist-content /Users/runner/work/MyRAM-iOS/MyRAM-iOS/MyRAM-iOS/evidence/builds/DerivedData-iOS/Build/Intermediates.noindex/MyRAM.build/Debug-iphonesimulator/MyRAM.build/assetcatalog_generated_info.plist_unthinned --output /Users/runner/work/MyRAM-iOS/MyRAM-iOS/MyRAM-iOS/evidence/builds/DerivedData-iOS/Build/Products/Debug-iphonesimulator/MyRAM.app --plist-output /Users/runner/work/MyRAM-iOS/MyRAM-iOS/MyRAM-iOS/evidence/builds/DerivedData-iOS/Build/Intermediates.noindex/MyRAM.build/Debug-iphonesimulator/MyRAM.build/assetcatalog_generated_info.plist
note: Emplaced /Users/runner/work/MyRAM-iOS/MyRAM-iOS/MyRAM-iOS/evidence/builds/DerivedData-iOS/Build/Products/Debug-iphonesimulator/MyRAM.app/AppIcon76x76@2x~ipad.png (in target 'MyRAM' from project 'MyRAM')
note: Emplaced /Users/runner/work/MyRAM-iOS/MyRAM-iOS/MyRAM-iOS/evidence/builds/DerivedData-iOS/Build/Products/Debug-iphonesimulator/MyRAM.app/Assets.car (in target 'MyRAM' from project 'MyRAM')
note: Emplaced /Users/runner/work/MyRAM-iOS/MyRAM-iOS/MyRAM-iOS/evidence/builds/DerivedData-iOS/Build/Products/Debug-iphonesimulator/MyRAM.app/AppIcon60x60@2x.png (in target 'MyRAM' from project 'MyRAM')

SwiftDriverJobDiscovery normal arm64 Compiling MyRAMExternalOpenDispatcher.swift, MyRAMWidgetHostCoordinator.swift, MyRAMWidgetNoteRouting.swift, MyRAMWidgetSelectionButton.swift, MarkdownFileIO.swift, MarkdownPreview.swift, MarkdownPreviewModePolicy.swift, MarkdownPreviewUIKitSyncExecutor.swift, MarkdownPreviewUIKitDeferredScheduler.swift, MarkdownPreviewUIKitEditorResignation.swift, MarkdownPreviewUIKitPostResignationReconciliation.swift, MarkdownPreviewUIKitAcceptedRestoreSupersession.swift, NoteEditorFileOperationBridge.swift, NoteSequenceStateRecord.swift, NoteSequenceStateBootstrapAdapter.swift, NoteSequenceStateFullBodyIntegration.swift, NoteSequenceStateBootstrapMigrator.swift, SwiftDataNoteSequenceStateStore.swift, MyRAMSyncOperationIDAllocator.swift, FileBackedSyncOperationIDReservationStore.swift, Item.swift, RTFCoding.swift, AttributedTextStorageKeys.swift (in target 'MyRAM' from project 'MyRAM')

SwiftCompile normal x86_64 Compiling\ MyRAMWidgetSnapshotStore.swift,\ MyRAMWidgetSnapshot.swift,\ MyRAMWidgetDeepLink.swift,\ MyRAMWidgetRuntimeConfiguration.swift,\ MyRAMWidgetSnapshotCodec.swift,\ PendingSyncRecoveryJournal.swift,\ SyncRecoveryStateBuilder.swift,\ EditorTextPlacementResolver.swift,\ NearbySyncView.swift,\ SyncConflictViews.swift,\ IPhoneSyncBatchAccumulator.swift,\ IPhoneSyncBatchCaptureHook.swift,\ IPhoneSyncBatchApplier.swift,\ DebugDemoDataGenerator.swift,\ EditorPasteFormatter.swift,\ EditorTimingPolicy.swift,\ SyncStatusIndicator.swift,\ MyRAMPlatform.swift,\ EditorSelectionProfiling.swift,\ EditorSearchHighlighting.swift,\ EditorSearchMatchResolver.swift,\ EditorSearchSession.swift,\ EditorRichTextContentCodec.swift /Users/runner/work/MyRAM-iOS/MyRAM-iOS/MyRAM-iOS/MyRAM/WidgetShared/MyRAMWidgetSnapshotStore.swift /Users/runner/work/MyRAM-iOS/MyRAM-iOS/MyRAM-iOS/MyRAM/WidgetShared/MyRAMWidgetSnapshot.swift /Users/runner/work/MyRAM-iOS/MyRAM-iOS/MyRAM-iOS/MyRAM/WidgetShared/MyRAMWidgetDeepLink.swift /Users/runner/work/MyRAM-iOS/MyRAM-iOS/MyRAM-iOS/MyRAM/WidgetShared/MyRAMWidgetRuntimeConfiguration.swift /Users/runner/work/MyRAM-iOS/MyRAM-iOS/MyRAM-iOS/MyRAM/WidgetShared/MyRAMWidgetSnapshotCodec.swift /Users/runner/work/MyRAM-iOS/MyRAM-iOS/MyRAM-iOS/MyRAM/Sync/Recovery/PendingSyncRecoveryJournal.swift /Users/runner/work/MyRAM-iOS/MyRAM-iOS/MyRAM-iOS/MyRAM/Sync/Recovery/SyncRecoveryStateBuilder.swift /Users/runner/work/MyRAM-iOS/MyRAM-iOS/MyRAM-iOS/MyRAM/Views/Editor/EditorTextPlacementResolver.swift /Users/runner/work/MyRAM-iOS/MyRAM-iOS/MyRAM-iOS/MyRAM/Views/NearbySyncView.swift /Users/runner/work/MyRAM-iOS/MyRAM-iOS/MyRAM-iOS/MyRAM/Views/SyncConflictViews.swift /Users/runner/work/MyRAM-iOS/MyRAM-iOS/MyRAM-iOS/MyRAM/iOS/Sync/Batch/IPhoneSyncBatchAccumulator.swift /Users/runner/work/MyRAM-iOS/MyRAM-iOS/MyRAM-iOS/MyRAM/iOS/Sync/Batch/IPhoneSyncBatchCaptureHook.swift /Users/runner/work/MyRAM-iOS/MyRAM-iOS/MyRAM-iOS/MyRAM/iOS/Sync/Batch/IPhoneSyncBatchApplier.swift /Users/runner/work/MyRAM-iOS/MyRAM-iOS/MyRAM-iOS/MyRAM/DebugDemoDataGenerator.swift /Users/runner/work/MyRAM-iOS/MyRAM-iOS/MyRAM-iOS/MyRAM/Views/Editor/EditorPasteFormatter.swift /Users/runner/work/MyRAM-iOS/MyRAM-iOS/MyRAM-iOS/MyRAM/Views/Editor/EditorTimingPolicy.swift /Users/runner/work/MyRAM-iOS/MyRAM-iOS/MyRAM-iOS/MyRAM/Views/SyncStatusIndicator.swift /Users/runner/work/MyRAM-iOS/MyRAM-iOS/MyRAM-iOS/MyRAM/Platform/MyRAMPlatform.swift /Users/runner/work/MyRAM-iOS/MyRAM-iOS/MyRAM-iOS/MyRAM/Views/Editor/EditorSelectionProfiling.swift /Users/runner/work/MyRAM-iOS/MyRAM-iOS/MyRAM-iOS/MyRAM/Views/Editor/EditorSearchHighlighting.swift /Users/runner/work/MyRAM-iOS/MyRAM-iOS/MyRAM-iOS/MyRAM/Views/Editor/EditorSearchMatchResolver.swift /Users/runner/work/MyRAM-iOS/MyRAM-iOS/MyRAM-iOS/MyRAM/Views/Editor/EditorSearchSession.swift /Users/runner/work/MyRAM-iOS/MyRAM-iOS/MyRAM-iOS/MyRAM/Views/Editor/EditorRichTextContentCodec.swift (in target 'MyRAM' from project 'MyRAM')

SwiftCompile normal x86_64 /Users/runner/work/MyRAM-iOS/MyRAM-iOS/MyRAM-iOS/MyRAM/WidgetShared/MyRAMWidgetSnapshotStore.swift (in target 'MyRAM' from project 'MyRAM')
    cd /Users/runner/work/MyRAM-iOS/MyRAM-iOS/MyRAM-iOS
    

SwiftCompile normal x86_64 /Users/runner/work/MyRAM-iOS/MyRAM-iOS/MyRAM-iOS/MyRAM/WidgetShared/MyRAMWidgetSnapshot.swift (in target 'MyRAM' from project 'MyRAM')
    cd /Users/runner/work/MyRAM-iOS/MyRAM-iOS/MyRAM-iOS
    

SwiftCompile normal x86_64 /Users/runner/work/MyRAM-iOS/MyRAM-iOS/MyRAM-iOS/MyRAM/WidgetShared/MyRAMWidgetDeepLink.swift (in target 'MyRAM' from project 'MyRAM')
    cd /Users/runner/work/MyRAM-iOS/MyRAM-iOS/MyRAM-iOS
    

SwiftCompile normal x86_64 /Users/runner/work/MyRAM-iOS/MyRAM-iOS/MyRAM-iOS/MyRAM/WidgetShared/MyRAMWidgetRuntimeConfiguration.swift (in target 'MyRAM' from project 'MyRAM')
    cd /Users/runner/work/MyRAM-iOS/MyRAM-iOS/MyRAM-iOS
    

SwiftCompile normal x86_64 /Users/runner/work/MyRAM-iOS/MyRAM-iOS/MyRAM-iOS/MyRAM/WidgetShared/MyRAMWidgetSnapshotCodec.swift (in target 'MyRAM' from project 'MyRAM')
    cd /Users/runner/work/MyRAM-iOS/MyRAM-iOS/MyRAM-iOS
    

SwiftCompile normal x86_64 /Users/runner/work/MyRAM-iOS/MyRAM-iOS/MyRAM-iOS/MyRAM/Sync/Recovery/PendingSyncRecoveryJournal.swift (in target 'MyRAM' from project 'MyRAM')
    cd /Users/runner/work/MyRAM-iOS/MyRAM-iOS/MyRAM-iOS
    

SwiftCompile normal x86_64 /Users/runner/work/MyRAM-iOS/MyRAM-iOS/MyRAM-iOS/MyRAM/Sync/Recovery/SyncRecoveryStateBuilder.swift (in target 'MyRAM' from project 'MyRAM')
    cd /Users/runner/work/MyRAM-iOS/MyRAM-iOS/MyRAM-iOS
    

SwiftCompile normal x86_64 /Users/runner/work/MyRAM-iOS/MyRAM-iOS/MyRAM-iOS/MyRAM/Views/Editor/EditorTextPlacementResolver.swift (in target 'MyRAM' from project 'MyRAM')
    cd /Users/runner/work/MyRAM-iOS/MyRAM-iOS/MyRAM-iOS
    

SwiftCompile normal x86_64 /Users/runner/work/MyRAM-iOS/MyRAM-iOS/MyRAM-iOS/MyRAM/Views/NearbySyncView.swift (in target 'MyRAM' from project 'MyRAM')
    cd /Users/runner/work/MyRAM-iOS/MyRAM-iOS/MyRAM-iOS
    

SwiftCompile normal x86_64 /Users/runner/work/MyRAM-iOS/MyRAM-iOS/MyRAM-iOS/MyRAM/Views/SyncConflictViews.swift (in target 'MyRAM' from project 'MyRAM')
    cd /Users/runner/work/MyRAM-iOS/MyRAM-iOS/MyRAM-iOS
    

SwiftCompile normal x86_64 /Users/runner/work/MyRAM-iOS/MyRAM-iOS/MyRAM-iOS/MyRAM/iOS/Sync/Batch/IPhoneSyncBatchAccumulator.swift (in target 'MyRAM' from project 'MyRAM')
    cd /Users/runner/work/MyRAM-iOS/MyRAM-iOS/MyRAM-iOS
    

SwiftCompile normal x86_64 /Users/runner/work/MyRAM-iOS/MyRAM-iOS/MyRAM-iOS/MyRAM/iOS/Sync/Batch/IPhoneSyncBatchCaptureHook.swift (in target 'MyRAM' from project 'MyRAM')
    cd /Users/runner/work/MyRAM-iOS/MyRAM-iOS/MyRAM-iOS
    

SwiftCompile normal x86_64 /Users/runner/work/MyRAM-iOS/MyRAM-iOS/MyRAM-iOS/MyRAM/iOS/Sync/Batch/IPhoneSyncBatchApplier.swift (in target 'MyRAM' from project 'MyRAM')
    cd /Users/runner/work/MyRAM-iOS/MyRAM-iOS/MyRAM-iOS
    

SwiftCompile normal x86_64 /Users/runner/work/MyRAM-iOS/MyRAM-iOS/MyRAM-iOS/MyRAM/DebugDemoDataGenerator.swift (in target 'MyRAM' from project 'MyRAM')
    cd /Users/runner/work/MyRAM-iOS/MyRAM-iOS/MyRAM-iOS
    

SwiftCompile normal x86_64 /Users/runner/work/MyRAM-iOS/MyRAM-iOS/MyRAM-iOS/MyRAM/Views/Editor/EditorPasteFormatter.swift (in target 'MyRAM' from project 'MyRAM')
    cd /Users/runner/work/MyRAM-iOS/MyRAM-iOS/MyRAM-iOS
    

SwiftCompile normal x86_64 /Users/runner/work/MyRAM-iOS/MyRAM-iOS/MyRAM-iOS/MyRAM/Views/Editor/EditorTimingPolicy.swift (in target 'MyRAM' from project 'MyRAM')
    cd /Users/runner/work/MyRAM-iOS/MyRAM-iOS/MyRAM-iOS
    

SwiftCompile normal x86_64 /Users/runner/work/MyRAM-iOS/MyRAM-iOS/MyRAM-iOS/MyRAM/Views/SyncStatusIndicator.swift (in target 'MyRAM' from project 'MyRAM')
    cd /Users/runner/work/MyRAM-iOS/MyRAM-iOS/MyRAM-iOS
    

SwiftCompile normal x86_64 /Users/runner/work/MyRAM-iOS/MyRAM-iOS/MyRAM-iOS/MyRAM/Platform/MyRAMPlatform.swift (in target 'MyRAM' from project 'MyRAM')
    cd /Users/runner/work/MyRAM-iOS/MyRAM-iOS/MyRAM-iOS
    

SwiftCompile normal x86_64 /Users/runner/work/MyRAM-iOS/MyRAM-iOS/MyRAM-iOS/MyRAM/Views/Editor/EditorSelectionProfiling.swift (in target 'MyRAM' from project 'MyRAM')
    cd /Users/runner/work/MyRAM-iOS/MyRAM-iOS/MyRAM-iOS
    

SwiftCompile normal x86_64 /Users/runner/work/MyRAM-iOS/MyRAM-iOS/MyRAM-iOS/MyRAM/Views/Editor/EditorSearchHighlighting.swift (in target 'MyRAM' from project 'MyRAM')
    cd /Users/runner/work/MyRAM-iOS/MyRAM-iOS/MyRAM-iOS
    

SwiftCompile normal x86_64 /Users/runner/work/MyRAM-iOS/MyRAM-iOS/MyRAM-iOS/MyRAM/Views/Editor/EditorSearchMatchResolver.swift (in target 'MyRAM' from project 'MyRAM')
    cd /Users/runner/work/MyRAM-iOS/MyRAM-iOS/MyRAM-iOS
    

SwiftCompile normal x86_64 /Users/runner/work/MyRAM-iOS/MyRAM-iOS/MyRAM-iOS/MyRAM/Views/Editor/EditorSearchSession.swift (in target 'MyRAM' from project 'MyRAM')
    cd /Users/runner/work/MyRAM-iOS/MyRAM-iOS/MyRAM-iOS
    

SwiftCompile normal x86_64 /Users/runner/work/MyRAM-iOS/MyRAM-iOS/MyRAM-iOS/MyRAM/Views/Editor/EditorRichTextContentCodec.swift (in target 'MyRAM' from project 'MyRAM')
    cd /Users/runner/work/MyRAM-iOS/MyRAM-iOS/MyRAM-iOS
    

SwiftCompile normal x86_64 Compiling\ SwiftDataSyncConvergencePostCommitStore.swift,\ SyncConvergencePostCommitExecutor.swift,\ SyncConvergenceLocalObligation.swift,\ FileBackedSyncConvergenceLocalObligationQueue.swift,\ SyncConvergenceDrainPassScheduler.swift,\ SyncConvergenceRuntime.swift,\ SyncBatchUnsentQueue.swift,\ FileBackedSyncBatchQueue.swift,\ NotesViewModel.swift,\ MyRAMSyncModels.swift,\ MyRAMApp.swift,\ MyRAMSchema.swift,\ Note.swift,\ MyRAMSyncChangeApplier.swift,\ MyRAMLegacySyncChangeValidator.swift,\ MyRAMSyncConflictService.swift,\ SyncConflictStore.swift,\ Folder.swift,\ MyRAMDeviceIdentity.swift,\ MyRAMLegacySyncPayloadBuilder.swift,\ PendingSyncStatus.swift,\ PendingSyncRecoveryCoordinator.swift,\ MyRAMWidgetContentSelectionPolicy.swift /Users/runner/work/MyRAM-iOS/MyRAM-iOS/MyRAM-iOS/MyRAM/Sync/Convergence/SwiftDataSyncConvergencePostCommitStore.swift /Users/runner/work/MyRAM-iOS/MyRAM-iOS/MyRAM-iOS/MyRAM/Sync/Convergence/SyncConvergencePostCommitExecutor.swift /Users/runner/work/MyRAM-iOS/MyRAM-iOS/MyRAM-iOS/MyRAM/Sync/Convergence/SyncConvergenceLocalObligation.swift /Users/runner/work/MyRAM-iOS/MyRAM-iOS/MyRAM-iOS/MyRAM/Sync/Convergence/FileBackedSyncConvergenceLocalObligationQueue.swift /Users/runner/work/MyRAM-iOS/MyRAM-iOS/MyRAM-iOS/MyRAM/Sync/Convergence/SyncConvergenceDrainPassScheduler.swift /Users/runner/work/MyRAM-iOS/MyRAM-iOS/MyRAM-iOS/MyRAM/Sync/Convergence/SyncConvergenceRuntime.swift /Users/runner/work/MyRAM-iOS/MyRAM-iOS/MyRAM-iOS/MyRAM/Sync/Batch/SyncBatchUnsentQueue.swift /Users/runner/work/MyRAM-iOS/MyRAM-iOS/MyRAM-iOS/MyRAM/Sync/Batch/FileBackedSyncBatchQueue.swift /Users/runner/work/MyRAM-iOS/MyRAM-iOS/MyRAM-iOS/MyRAM/ViewModels/NotesViewModel.swift /Users/runner/work/MyRAM-iOS/MyRAM-iOS/MyRAM-iOS/MyRAM/Sync/MyRAMSyncModels.swift /Users/runner/work/MyRAM-iOS/MyRAM-iOS/MyRAM-iOS/MyRAM/MyRAMApp.swift /Users/runner/work/MyRAM-iOS/MyRAM-iOS/MyRAM-iOS/MyRAM/MyRAMSchema.swift /Users/runner/work/MyRAM-iOS/MyRAM-iOS/MyRAM-iOS/MyRAM/Models/Note.swift /Users/runner/work/MyRAM-iOS/MyRAM-iOS/MyRAM-iOS/MyRAM/Sync/MyRAMSyncChangeApplier.swift /Users/runner/work/MyRAM-iOS/MyRAM-iOS/MyRAM-iOS/MyRAM/Sync/Legacy/MyRAMLegacySyncChangeValidator.swift /Users/runner/work/MyRAM-iOS/MyRAM-iOS/MyRAM-iOS/MyRAM/Sync/MyRAMSyncConflictService.swift /Users/runner/work/MyRAM-iOS/MyRAM-iOS/MyRAM-iOS/MyRAM/Sync/SyncConflictStore.swift /Users/runner/work/MyRAM-iOS/MyRAM-iOS/MyRAM-iOS/MyRAM/Models/Folder.swift /Users/runner/work/MyRAM-iOS/MyRAM-iOS/MyRAM-iOS/MyRAM/Sync/MyRAMDeviceIdentity.swift /Users/runner/work/MyRAM-iOS/MyRAM-iOS/MyRAM-iOS/MyRAM/Sync/MyRAMLegacySyncPayloadBuilder.swift /Users/runner/work/MyRAM-iOS/MyRAM-iOS/MyRAM-iOS/MyRAM/Sync/PendingSyncStatus.swift /Users/runner/work/MyRAM-iOS/MyRAM-iOS/MyRAM-iOS/MyRAM/Sync/Recovery/PendingSyncRecoveryCoordinator.swift /Users/runner/work/MyRAM-iOS/MyRAM-iOS/MyRAM-iOS/MyRAM/WidgetShared/MyRAMWidgetContentSelectionPolicy.swift (in target 'MyRAM' from project 'MyRAM')

SwiftCompile normal x86_64 /Users/runner/work/MyRAM-iOS/MyRAM-iOS/MyRAM-iOS/MyRAM/Sync/Convergence/SwiftDataSyncConvergencePostCommitStore.swift (in target 'MyRAM' from project 'MyRAM')
    cd /Users/runner/work/MyRAM-iOS/MyRAM-iOS/MyRAM-iOS
    

SwiftCompile normal x86_64 /Users/runner/work/MyRAM-iOS/MyRAM-iOS/MyRAM-iOS/MyRAM/Sync/Convergence/SyncConvergencePostCommitExecutor.swift (in target 'MyRAM' from project 'MyRAM')
    cd /Users/runner/work/MyRAM-iOS/MyRAM-iOS/MyRAM-iOS
    

SwiftCompile normal x86_64 /Users/runner/work/MyRAM-iOS/MyRAM-iOS/MyRAM-iOS/MyRAM/Sync/Convergence/SyncConvergenceLocalObligation.swift (in target 'MyRAM' from project 'MyRAM')
    cd /Users/runner/work/MyRAM-iOS/MyRAM-iOS/MyRAM-iOS
    

SwiftCompile normal x86_64 /Users/runner/work/MyRAM-iOS/MyRAM-iOS/MyRAM-iOS/MyRAM/Sync/Convergence/FileBackedSyncConvergenceLocalObligationQueue.swift (in target 'MyRAM' from project 'MyRAM')
    cd /Users/runner/work/MyRAM-iOS/MyRAM-iOS/MyRAM-iOS
    

SwiftCompile normal x86_64 /Users/runner/work/MyRAM-iOS/MyRAM-iOS/MyRAM-iOS/MyRAM/Sync/Convergence/SyncConvergenceDrainPassScheduler.swift (in target 'MyRAM' from project 'MyRAM')
    cd /Users/runner/work/MyRAM-iOS/MyRAM-iOS/MyRAM-iOS
    

SwiftCompile normal x86_64 /Users/runner/work/MyRAM-iOS/MyRAM-iOS/MyRAM-iOS/MyRAM/Sync/Convergence/SyncConvergenceRuntime.swift (in target 'MyRAM' from project 'MyRAM')
    cd /Users/runner/work/MyRAM-iOS/MyRAM-iOS/MyRAM-iOS
    

SwiftCompile normal x86_64 /Users/runner/work/MyRAM-iOS/MyRAM-iOS/MyRAM-iOS/MyRAM/Sync/Batch/SyncBatchUnsentQueue.swift (in target 'MyRAM' from project 'MyRAM')
    cd /Users/runner/work/MyRAM-iOS/MyRAM-iOS/MyRAM-iOS
    

SwiftCompile normal x86_64 /Users/runner/work/MyRAM-iOS/MyRAM-iOS/MyRAM-iOS/MyRAM/Sync/Batch/FileBackedSyncBatchQueue.swift (in target 'MyRAM' from project 'MyRAM')
    cd /Users/runner/work/MyRAM-iOS/MyRAM-iOS/MyRAM-iOS
    

SwiftCompile normal x86_64 /Users/runner/work/MyRAM-iOS/MyRAM-iOS/MyRAM-iOS/MyRAM/ViewModels/NotesViewModel.swift (in target 'MyRAM' from project 'MyRAM')
    cd /Users/runner/work/MyRAM-iOS/MyRAM-iOS/MyRAM-iOS
    

SwiftCompile normal x86_64 /Users/runner/work/MyRAM-iOS/MyRAM-iOS/MyRAM-iOS/MyRAM/Sync/MyRAMSyncModels.swift (in target 'MyRAM' from project 'MyRAM')
    cd /Users/runner/work/MyRAM-iOS/MyRAM-iOS/MyRAM-iOS
    

SwiftCompile normal x86_64 /Users/runner/work/MyRAM-iOS/MyRAM-iOS/MyRAM-iOS/MyRAM/MyRAMApp.swift (in target 'MyRAM' from project 'MyRAM')
    cd /Users/runner/work/MyRAM-iOS/MyRAM-iOS/MyRAM-iOS
    

SwiftCompile normal x86_64 /Users/runner/work/MyRAM-iOS/MyRAM-iOS/MyRAM-iOS/MyRAM/MyRAMSchema.swift (in target 'MyRAM' from project 'MyRAM')
    cd /Users/runner/work/MyRAM-iOS/MyRAM-iOS/MyRAM-iOS
    

SwiftCompile normal x86_64 /Users/runner/work/MyRAM-iOS/MyRAM-iOS/MyRAM-iOS/MyRAM/Models/Note.swift (in target 'MyRAM' from project 'MyRAM')
    cd /Users/runner/work/MyRAM-iOS/MyRAM-iOS/MyRAM-iOS
    

SwiftCompile normal x86_64 /Users/runner/work/MyRAM-iOS/MyRAM-iOS/MyRAM-iOS/MyRAM/Sync/MyRAMSyncChangeApplier.swift (in target 'MyRAM' from project 'MyRAM')
    cd /Users/runner/work/MyRAM-iOS/MyRAM-iOS/MyRAM-iOS
    

SwiftCompile normal x86_64 /Users/runner/work/MyRAM-iOS/MyRAM-iOS/MyRAM-iOS/MyRAM/Sync/Legacy/MyRAMLegacySyncChangeValidator.swift (in target 'MyRAM' from project 'MyRAM')
    cd /Users/runner/work/MyRAM-iOS/MyRAM-iOS/MyRAM-iOS
    

SwiftCompile normal x86_64 /Users/runner/work/MyRAM-iOS/MyRAM-iOS/MyRAM-iOS/MyRAM/Sync/MyRAMSyncConflictService.swift (in target 'MyRAM' from project 'MyRAM')
    cd /Users/runner/work/MyRAM-iOS/MyRAM-iOS/MyRAM-iOS
    

SwiftCompile normal x86_64 /Users/runner/work/MyRAM-iOS/MyRAM-iOS/MyRAM-iOS/MyRAM/Sync/SyncConflictStore.swift (in target 'MyRAM' from project 'MyRAM')
    cd /Users/runner/work/MyRAM-iOS/MyRAM-iOS/MyRAM-iOS
    

SwiftCompile normal x86_64 /Users/runner/work/MyRAM-iOS/MyRAM-iOS/MyRAM-iOS/MyRAM/Models/Folder.swift (in target 'MyRAM' from project 'MyRAM')
    cd /Users/runner/work/MyRAM-iOS/MyRAM-iOS/MyRAM-iOS
    

SwiftCompile normal x86_64 /Users/runner/work/MyRAM-iOS/MyRAM-iOS/MyRAM-iOS/MyRAM/Sync/MyRAMDeviceIdentity.swift (in target 'MyRAM' from project 'MyRAM')
    cd /Users/runner/work/MyRAM-iOS/MyRAM-iOS/MyRAM-iOS
    

SwiftCompile normal x86_64 /Users/runner/work/MyRAM-iOS/MyRAM-iOS/MyRAM-iOS/MyRAM/Sync/MyRAMLegacySyncPayloadBuilder.swift (in target 'MyRAM' from project 'MyRAM')
    cd /Users/runner/work/MyRAM-iOS/MyRAM-iOS/MyRAM-iOS
    

SwiftCompile normal x86_64 /Users/runner/work/MyRAM-iOS/MyRAM-iOS/MyRAM-iOS/MyRAM/Sync/PendingSyncStatus.swift (in target 'MyRAM' from project 'MyRAM')
    cd /Users/runner/work/MyRAM-iOS/MyRAM-iOS/MyRAM-iOS
    

SwiftCompile normal x86_64 /Users/runner/work/MyRAM-iOS/MyRAM-iOS/MyRAM-iOS/MyRAM/Sync/Recovery/PendingSyncRecoveryCoordinator.swift (in target 'MyRAM' from project 'MyRAM')
    cd /Users/runner/work/MyRAM-iOS/MyRAM-iOS/MyRAM-iOS
    

SwiftCompile normal x86_64 /Users/runner/work/MyRAM-iOS/MyRAM-iOS/MyRAM-iOS/MyRAM/WidgetShared/MyRAMWidgetContentSelectionPolicy.swift (in target 'MyRAM' from project 'MyRAM')
    cd /Users/runner/work/MyRAM-iOS/MyRAM-iOS/MyRAM-iOS
    

SwiftDriverJobDiscovery normal x86_64 Compiling MyRAMWidgetSnapshotStore.swift, MyRAMWidgetSnapshot.swift, MyRAMWidgetDeepLink.swift, MyRAMWidgetRuntimeConfiguration.swift, MyRAMWidgetSnapshotCodec.swift, PendingSyncRecoveryJournal.swift, SyncRecoveryStateBuilder.swift, EditorTextPlacementResolver.swift, NearbySyncView.swift, SyncConflictViews.swift, IPhoneSyncBatchAccumulator.swift, IPhoneSyncBatchCaptureHook.swift, IPhoneSyncBatchApplier.swift, DebugDemoDataGenerator.swift, EditorPasteFormatter.swift, EditorTimingPolicy.swift, SyncStatusIndicator.swift, MyRAMPlatform.swift, EditorSelectionProfiling.swift, EditorSearchHighlighting.swift, EditorSearchMatchResolver.swift, EditorSearchSession.swift, EditorRichTextContentCodec.swift (in target 'MyRAM' from project 'MyRAM')

SwiftCompile normal arm64 Compiling\ MyRAMWidgetSnapshotStore.swift,\ MyRAMWidgetSnapshot.swift,\ MyRAMWidgetDeepLink.swift,\ MyRAMWidgetRuntimeConfiguration.swift,\ MyRAMWidgetSnapshotCodec.swift,\ PendingSyncRecoveryJournal.swift,\ SyncRecoveryStateBuilder.swift,\ EditorTextPlacementResolver.swift,\ NearbySyncView.swift,\ SyncConflictViews.swift,\ IPhoneSyncBatchAccumulator.swift,\ IPhoneSyncBatchCaptureHook.swift,\ IPhoneSyncBatchApplier.swift,\ DebugDemoDataGenerator.swift,\ EditorPasteFormatter.swift,\ EditorTimingPolicy.swift,\ SyncStatusIndicator.swift,\ MyRAMPlatform.swift,\ EditorSelectionProfiling.swift,\ EditorSearchHighlighting.swift,\ EditorSearchMatchResolver.swift,\ EditorSearchSession.swift,\ EditorRichTextContentCodec.swift /Users/runner/work/MyRAM-iOS/MyRAM-iOS/MyRAM-iOS/MyRAM/WidgetShared/MyRAMWidgetSnapshotStore.swift /Users/runner/work/MyRAM-iOS/MyRAM-iOS/MyRAM-iOS/MyRAM/WidgetShared/MyRAMWidgetSnapshot.swift /Users/runner/work/MyRAM-iOS/MyRAM-iOS/MyRAM-iOS/MyRAM/WidgetShared/MyRAMWidgetDeepLink.swift /Users/runner/work/MyRAM-iOS/MyRAM-iOS/MyRAM-iOS/MyRAM/WidgetShared/MyRAMWidgetRuntimeConfiguration.swift /Users/runner/work/MyRAM-iOS/MyRAM-iOS/MyRAM-iOS/MyRAM/WidgetShared/MyRAMWidgetSnapshotCodec.swift /Users/runner/work/MyRAM-iOS/MyRAM-iOS/MyRAM-iOS/MyRAM/Sync/Recovery/PendingSyncRecoveryJournal.swift /Users/runner/work/MyRAM-iOS/MyRAM-iOS/MyRAM-iOS/MyRAM/Sync/Recovery/SyncRecoveryStateBuilder.swift /Users/runner/work/MyRAM-iOS/MyRAM-iOS/MyRAM-iOS/MyRAM/Views/Editor/EditorTextPlacementResolver.swift /Users/runner/work/MyRAM-iOS/MyRAM-iOS/MyRAM-iOS/MyRAM/Views/NearbySyncView.swift /Users/runner/work/MyRAM-iOS/MyRAM-iOS/MyRAM-iOS/MyRAM/Views/SyncConflictViews.swift /Users/runner/work/MyRAM-iOS/MyRAM-iOS/MyRAM-iOS/MyRAM/iOS/Sync/Batch/IPhoneSyncBatchAccumulator.swift /Users/runner/work/MyRAM-iOS/MyRAM-iOS/MyRAM-iOS/MyRAM/iOS/Sync/Batch/IPhoneSyncBatchCaptureHook.swift /Users/runner/work/MyRAM-iOS/MyRAM-iOS/MyRAM-iOS/MyRAM/iOS/Sync/Batch/IPhoneSyncBatchApplier.swift /Users/runner/work/MyRAM-iOS/MyRAM-iOS/MyRAM-iOS/MyRAM/DebugDemoDataGenerator.swift /Users/runner/work/MyRAM-iOS/MyRAM-iOS/MyRAM-iOS/MyRAM/Views/Editor/EditorPasteFormatter.swift /Users/runner/work/MyRAM-iOS/MyRAM-iOS/MyRAM-iOS/MyRAM/Views/Editor/EditorTimingPolicy.swift /Users/runner/work/MyRAM-iOS/MyRAM-iOS/MyRAM-iOS/MyRAM/Views/SyncStatusIndicator.swift /Users/runner/work/MyRAM-iOS/MyRAM-iOS/MyRAM-iOS/MyRAM/Platform/MyRAMPlatform.swift /Users/runner/work/MyRAM-iOS/MyRAM-iOS/MyRAM-iOS/MyRAM/Views/Editor/EditorSelectionProfiling.swift /Users/runner/work/MyRAM-iOS/MyRAM-iOS/MyRAM-iOS/MyRAM/Views/Editor/EditorSearchHighlighting.swift /Users/runner/work/MyRAM-iOS/MyRAM-iOS/MyRAM-iOS/MyRAM/Views/Editor/EditorSearchMatchResolver.swift /Users/runner/work/MyRAM-iOS/MyRAM-iOS/MyRAM-iOS/MyRAM/Views/Editor/EditorSearchSession.swift /Users/runner/work/MyRAM-iOS/MyRAM-iOS/MyRAM-iOS/MyRAM/Views/Editor/EditorRichTextContentCodec.swift (in target 'MyRAM' from project 'MyRAM')
Command SwiftCompile failed with a nonzero exit code

** BUILD FAILED **


The following build commands failed:
	SwiftCompile normal arm64 /Users/runner/work/MyRAM-iOS/MyRAM-iOS/MyRAM-iOS/MyRAM/Sync/Convergence/SyncConvergenceRuntime.swift (in target 'MyRAM' from project 'MyRAM')
	SwiftCompile normal arm64 Compiling\ SwiftDataSyncConvergencePostCommitStore.swift,\ SyncConvergencePostCommitExecutor.swift,\ SyncConvergenceLocalObligation.swift,\ FileBackedSyncConvergenceLocalObligationQueue.swift,\ SyncConvergenceDrainPassScheduler.swift,\ SyncConvergenceRuntime.swift,\ SyncBatchUnsentQueue.swift,\ FileBackedSyncBatchQueue.swift,\ NotesViewModel.swift,\ MyRAMSyncModels.swift,\ MyRAMApp.swift,\ MyRAMSchema.swift,\ Note.swift,\ MyRAMSyncChangeApplier.swift,\ MyRAMLegacySyncChangeValidator.swift,\ MyRAMSyncConflictService.swift,\ SyncConflictStore.swift,\ Folder.swift,\ MyRAMDeviceIdentity.swift,\ MyRAMLegacySyncPayloadBuilder.swift,\ PendingSyncStatus.swift,\ PendingSyncRecoveryCoordinator.swift,\ MyRAMWidgetContentSelectionPolicy.swift /Users/runner/work/MyRAM-iOS/MyRAM-iOS/MyRAM-iOS/MyRAM/Sync/Convergence/SwiftDataSyncConvergencePostCommitStore.swift /Users/runner/work/MyRAM-iOS/MyRAM-iOS/MyRAM-iOS/MyRAM/Sync/Convergence/SyncConvergencePostCommitExecutor.swift /Users/runner/work/MyRAM-iOS/MyRAM-iOS/MyRAM-iOS/MyRAM/Sync/Convergence/SyncConvergenceLocalObligation.swift /Users/runner/work/MyRAM-iOS/MyRAM-iOS/MyRAM-iOS/MyRAM/Sync/Convergence/FileBackedSyncConvergenceLocalObligationQueue.swift /Users/runner/work/MyRAM-iOS/MyRAM-iOS/MyRAM-iOS/MyRAM/Sync/Convergence/SyncConvergenceDrainPassScheduler.swift /Users/runner/work/MyRAM-iOS/MyRAM-iOS/MyRAM-iOS/MyRAM/Sync/Convergence/SyncConvergenceRuntime.swift /Users/runner/work/MyRAM-iOS/MyRAM-iOS/MyRAM-iOS/MyRAM/Sync/Batch/SyncBatchUnsentQueue.swift /Users/runner/work/MyRAM-iOS/MyRAM-iOS/MyRAM-iOS/MyRAM/Sync/Batch/FileBackedSyncBatchQueue.swift /Users/runner/work/MyRAM-iOS/MyRAM-iOS/MyRAM-iOS/MyRAM/ViewModels/NotesViewModel.swift /Users/runner/work/MyRAM-iOS/MyRAM-iOS/MyRAM-iOS/MyRAM/Sync/MyRAMSyncModels.swift /Users/runner/work/MyRAM-iOS/MyRAM-iOS/MyRAM-iOS/MyRAM/MyRAMApp.swift /Users/runner/work/MyRAM-iOS/MyRAM-iOS/MyRAM-iOS/MyRAM/MyRAMSchema.swift /Users/runner/work/MyRAM-iOS/MyRAM-iOS/MyRAM-iOS/MyRAM/Models/Note.swift /Users/runner/work/MyRAM-iOS/MyRAM-iOS/MyRAM-iOS/MyRAM/Sync/MyRAMSyncChangeApplier.swift /Users/runner/work/MyRAM-iOS/MyRAM-iOS/MyRAM-iOS/MyRAM/Sync/Legacy/MyRAMLegacySyncChangeValidator.swift /Users/runner/work/MyRAM-iOS/MyRAM-iOS/MyRAM-iOS/MyRAM/Sync/MyRAMSyncConflictService.swift /Users/runner/work/MyRAM-iOS/MyRAM-iOS/MyRAM-iOS/MyRAM/Sync/SyncConflictStore.swift /Users/runner/work/MyRAM-iOS/MyRAM-iOS/MyRAM-iOS/MyRAM/Models/Folder.swift /Users/runner/work/MyRAM-iOS/MyRAM-iOS/MyRAM-iOS/MyRAM/Sync/MyRAMDeviceIdentity.swift /Users/runner/work/MyRAM-iOS/MyRAM-iOS/MyRAM-iOS/MyRAM/Sync/MyRAMLegacySyncPayloadBuilder.swift /Users/runner/work/MyRAM-iOS/MyRAM-iOS/MyRAM-iOS/MyRAM/Sync/PendingSyncStatus.swift /Users/runner/work/MyRAM-iOS/MyRAM-iOS/MyRAM-iOS/MyRAM/Sync/Recovery/PendingSyncRecoveryCoordinator.swift /Users/runner/work/MyRAM-iOS/MyRAM-iOS/MyRAM-iOS/MyRAM/WidgetShared/MyRAMWidgetContentSelectionPolicy.swift (in target 'MyRAM' from project 'MyRAM')
	SwiftCompile normal arm64 Compiling\ MyRAMWidgetSnapshotStore.swift,\ MyRAMWidgetSnapshot.swift,\ MyRAMWidgetDeepLink.swift,\ MyRAMWidgetRuntimeConfiguration.swift,\ MyRAMWidgetSnapshotCodec.swift,\ PendingSyncRecoveryJournal.swift,\ SyncRecoveryStateBuilder.swift,\ EditorTextPlacementResolver.swift,\ NearbySyncView.swift,\ SyncConflictViews.swift,\ IPhoneSyncBatchAccumulator.swift,\ IPhoneSyncBatchCaptureHook.swift,\ IPhoneSyncBatchApplier.swift,\ DebugDemoDataGenerator.swift,\ EditorPasteFormatter.swift,\ EditorTimingPolicy.swift,\ SyncStatusIndicator.swift,\ MyRAMPlatform.swift,\ EditorSelectionProfiling.swift,\ EditorSearchHighlighting.swift,\ EditorSearchMatchResolver.swift,\ EditorSearchSession.swift,\ EditorRichTextContentCodec.swift /Users/runner/work/MyRAM-iOS/MyRAM-iOS/MyRAM-iOS/MyRAM/WidgetShared/MyRAMWidgetSnapshotStore.swift /Users/runner/work/MyRAM-iOS/MyRAM-iOS/MyRAM-iOS/MyRAM/WidgetShared/MyRAMWidgetSnapshot.swift /Users/runner/work/MyRAM-iOS/MyRAM-iOS/MyRAM-iOS/MyRAM/WidgetShared/MyRAMWidgetDeepLink.swift /Users/runner/work/MyRAM-iOS/MyRAM-iOS/MyRAM-iOS/MyRAM/WidgetShared/MyRAMWidgetRuntimeConfiguration.swift /Users/runner/work/MyRAM-iOS/MyRAM-iOS/MyRAM-iOS/MyRAM/WidgetShared/MyRAMWidgetSnapshotCodec.swift /Users/runner/work/MyRAM-iOS/MyRAM-iOS/MyRAM-iOS/MyRAM/Sync/Recovery/PendingSyncRecoveryJournal.swift /Users/runner/work/MyRAM-iOS/MyRAM-iOS/MyRAM-iOS/MyRAM/Sync/Recovery/SyncRecoveryStateBuilder.swift /Users/runner/work/MyRAM-iOS/MyRAM-iOS/MyRAM-iOS/MyRAM/Views/Editor/EditorTextPlacementResolver.swift /Users/runner/work/MyRAM-iOS/MyRAM-iOS/MyRAM-iOS/MyRAM/Views/NearbySyncView.swift /Users/runner/work/MyRAM-iOS/MyRAM-iOS/MyRAM-iOS/MyRAM/Views/SyncConflictViews.swift /Users/runner/work/MyRAM-iOS/MyRAM-iOS/MyRAM-iOS/MyRAM/iOS/Sync/Batch/IPhoneSyncBatchAccumulator.swift /Users/runner/work/MyRAM-iOS/MyRAM-iOS/MyRAM-iOS/MyRAM/iOS/Sync/Batch/IPhoneSyncBatchCaptureHook.swift /Users/runner/work/MyRAM-iOS/MyRAM-iOS/MyRAM-iOS/MyRAM/iOS/Sync/Batch/IPhoneSyncBatchApplier.swift /Users/runner/work/MyRAM-iOS/MyRAM-iOS/MyRAM-iOS/MyRAM/DebugDemoDataGenerator.swift /Users/runner/work/MyRAM-iOS/MyRAM-iOS/MyRAM-iOS/MyRAM/Views/Editor/EditorPasteFormatter.swift /Users/runner/work/MyRAM-iOS/MyRAM-iOS/MyRAM-iOS/MyRAM/Views/Editor/EditorTimingPolicy.swift /Users/runner/work/MyRAM-iOS/MyRAM-iOS/MyRAM-iOS/MyRAM/Views/SyncStatusIndicator.swift /Users/runner/work/MyRAM-iOS/MyRAM-iOS/MyRAM-iOS/MyRAM/Platform/MyRAMPlatform.swift /Users/runner/work/MyRAM-iOS/MyRAM-iOS/MyRAM-iOS/MyRAM/Views/Editor/EditorSelectionProfiling.swift /Users/runner/work/MyRAM-iOS/MyRAM-iOS/MyRAM-iOS/MyRAM/Views/Editor/EditorSearchHighlighting.swift /Users/runner/work/MyRAM-iOS/MyRAM-iOS/MyRAM-iOS/MyRAM/Views/Editor/EditorSearchMatchResolver.swift /Users/runner/work/MyRAM-iOS/MyRAM-iOS/MyRAM-iOS/MyRAM/Views/Editor/EditorSearchSession.swift /Users/runner/work/MyRAM-iOS/MyRAM-iOS/MyRAM-iOS/MyRAM/Views/Editor/EditorRichTextContentCodec.swift (in target 'MyRAM' from project 'MyRAM')
	Building project MyRAM with scheme MyRAM
(4 failures)
