Command line invocation:
    /Applications/Xcode_26.5.app/Contents/Developer/usr/bin/xcodebuild -project MyRAM.xcodeproj -scheme MyRAM -destination "platform=iOS Simulator,id=FC5FEF2A-E933-4515-AAEF-C9FC16651D0B" -destination-timeout 180 -parallel-testing-enabled NO -derivedDataPath /tmp/MYR175-Clean-iOS-DD -resultBundlePath /tmp/MYR175-Clean-iOS.xcresult CODE_SIGNING_ALLOWED=NO CODE_SIGNING_REQUIRED=NO CODE_SIGN_IDENTITY= test

Build settings from command line:
    CODE_SIGN_IDENTITY = 
    CODE_SIGNING_ALLOWED = NO
    CODE_SIGNING_REQUIRED = NO

Resolve Package Graph


Resolved source packages:
  AnchoredSequenceCore: /Users/runner/work/MyRAM-iOS/MyRAM-iOS/MyRAM-iOS/Packages/AnchoredSequenceCore @ local
  NearbySyncCore: /Users/runner/work/MyRAM-iOS/MyRAM-iOS/NearbySyncCore @ local

Writing result bundle at path:
	/tmp/MYR175-Clean-iOS.xcresult

--- xcodebuild: WARNING: Using the first of multiple matching destinations:
{ platform:iOS Simulator, arch:arm64, id:FC5FEF2A-E933-4515-AAEF-C9FC16651D0B, OS:26.5, name:iPhone 17 }
{ platform:iOS Simulator, arch:x86_64, id:FC5FEF2A-E933-4515-AAEF-C9FC16651D0B, OS:26.5, name:iPhone 17 }
note: Using codesigning identity override: 
ComputePackagePrebuildTargetDependencyGraph

Prepare packages

CreateBuildRequest

SendProjectDescription

CreateBuildOperation

ComputeTargetDependencyGraph
note: Building targets in dependency order
note: Target dependency graph (8 targets)
    Target 'MyRAMUITests' in project 'MyRAM'
        ➜ Explicit dependency on target 'MyRAM' in project 'MyRAM'
    Target 'MyRAMTests' in project 'MyRAM'
        ➜ Explicit dependency on target 'MyRAM' in project 'MyRAM'
        ➜ Explicit dependency on target 'AnchoredSequenceCore' in project 'AnchoredSequenceCore'
    Target 'MyRAM' in project 'MyRAM'
        ➜ Explicit dependency on target 'MyRAMWidgetExtension' in project 'MyRAM'
        ➜ Explicit dependency on target 'NearbySyncCore' in project 'NearbySyncCore'
        ➜ Explicit dependency on target 'AnchoredSequenceCore' in project 'AnchoredSequenceCore'
    Target 'AnchoredSequenceCore' in project 'AnchoredSequenceCore'
        ➜ Explicit dependency on target 'AnchoredSequenceCore' in project 'AnchoredSequenceCore'
    Target 'AnchoredSequenceCore' in project 'AnchoredSequenceCore' (no dependencies)
    Target 'NearbySyncCore' in project 'NearbySyncCore'
        ➜ Explicit dependency on target 'NearbySyncCore' in project 'NearbySyncCore'
    Target 'NearbySyncCore' in project 'NearbySyncCore' (no dependencies)
    Target 'MyRAMWidgetExtension' in project 'MyRAM' (no dependencies)

GatherProvisioningInputs

CreateBuildDescription

ExecuteExternalTool /Applications/Xcode_26.5.app/Contents/Developer/Toolchains/XcodeDefault.xctoolchain/usr/bin/swiftc --version

ExecuteExternalTool /Applications/Xcode_26.5.app/Contents/Developer/usr/bin/actool --version --output-format xml1

ExecuteExternalTool /Applications/Xcode_26.5.app/Contents/Developer/usr/bin/actool --print-asset-tag-combinations --output-format xml1 /Users/runner/work/MyRAM-iOS/MyRAM-iOS/MyRAM-iOS/MyRAM/Preview Content/Preview Assets.xcassets /Users/runner/work/MyRAM-iOS/MyRAM-iOS/MyRAM-iOS/MyRAM/Assets.xcassets

ExecuteExternalTool /Applications/Xcode_26.5.app/Contents/Developer/Toolchains/XcodeDefault.xctoolchain/usr/bin/ld -version_details

ExecuteExternalTool /Applications/Xcode_26.5.app/Contents/Developer/Toolchains/XcodeDefault.xctoolchain/usr/bin/clang -v -E -dM -isysroot /Applications/Xcode_26.5.app/Contents/Developer/Platforms/iPhoneSimulator.platform/Developer/SDKs/iPhoneSimulator26.5.sdk -x c -c /dev/null

Build description signature: 957324250811a24c8336b8d958f239d8
Build description path: /tmp/MYR175-Clean-iOS-DD/Build/Intermediates.noindex/XCBuildData/957324250811a24c8336b8d958f239d8.xcbuilddata
ClangStatCache /Applications/Xcode_26.5.app/Contents/Developer/Toolchains/XcodeDefault.xctoolchain/usr/bin/clang-stat-cache /Applications/Xcode_26.5.app/Contents/Developer/Platforms/iPhoneSimulator.platform/Developer/SDKs/iPhoneSimulator26.5.sdk /tmp/MYR175-Clean-iOS-DD/SDKStatCaches.noindex/iphonesimulator26.5-23F73-688ef53f1462e2c8f657fdc38a81448ffb7d586738ff35573a713a18216ade27.sdkstatcache
    cd /Users/runner/work/MyRAM-iOS/MyRAM-iOS/MyRAM-iOS/MyRAM.xcodeproj
    /Applications/Xcode_26.5.app/Contents/Developer/Toolchains/XcodeDefault.xctoolchain/usr/bin/clang-stat-cache /Applications/Xcode_26.5.app/Contents/Developer/Platforms/iPhoneSimulator.platform/Developer/SDKs/iPhoneSimulator26.5.sdk -o /tmp/MYR175-Clean-iOS-DD/SDKStatCaches.noindex/iphonesimulator26.5-23F73-688ef53f1462e2c8f657fdc38a81448ffb7d586738ff35573a713a18216ade27.sdkstatcache

CreateBuildDirectory /tmp/MYR175-Clean-iOS-DD/Build/Products
    cd /Users/runner/work/MyRAM-iOS/MyRAM-iOS/MyRAM-iOS/MyRAM.xcodeproj
    builtin-create-build-directory /tmp/MYR175-Clean-iOS-DD/Build/Products

CreateBuildDirectory /tmp/MYR175-Clean-iOS-DD/Build/Intermediates.noindex
    cd /Users/runner/work/MyRAM-iOS/MyRAM-iOS/MyRAM-iOS/MyRAM.xcodeproj
    builtin-create-build-directory /tmp/MYR175-Clean-iOS-DD/Build/Intermediates.noindex

WriteAuxiliaryFile /tmp/MYR175-Clean-iOS-DD/Build/Intermediates.noindex/MyRAM.build/Debug-iphonesimulator/MyRAM-98a9cbde253e8e955bc92731eb290203-VFS-iphonesimulator/all-product-headers.yaml
    cd /Users/runner/work/MyRAM-iOS/MyRAM-iOS/MyRAM-iOS/MyRAM.xcodeproj
    write-file /tmp/MYR175-Clean-iOS-DD/Build/Intermediates.noindex/MyRAM.build/Debug-iphonesimulator/MyRAM-98a9cbde253e8e955bc92731eb290203-VFS-iphonesimulator/all-product-headers.yaml

CreateBuildDirectory /tmp/MYR175-Clean-iOS-DD/Build/Products/Debug-iphonesimulator
    cd /Users/runner/work/MyRAM-iOS/MyRAM-iOS/MyRAM-iOS/MyRAM.xcodeproj
    builtin-create-build-directory /tmp/MYR175-Clean-iOS-DD/Build/Products/Debug-iphonesimulator

CreateBuildDirectory /tmp/MYR175-Clean-iOS-DD/Build/Intermediates.noindex/SwiftExplicitPrecompiledModules
    cd /Users/runner/work/MyRAM-iOS/MyRAM-iOS/MyRAM-iOS/MyRAM.xcodeproj
    builtin-create-build-directory /tmp/MYR175-Clean-iOS-DD/Build/Intermediates.noindex/SwiftExplicitPrecompiledModules

CreateBuildDirectory /tmp/MYR175-Clean-iOS-DD/Build/Intermediates.noindex/ExplicitPrecompiledModules
    cd /Users/runner/work/MyRAM-iOS/MyRAM-iOS/MyRAM-iOS/MyRAM.xcodeproj
    builtin-create-build-directory /tmp/MYR175-Clean-iOS-DD/Build/Intermediates.noindex/ExplicitPrecompiledModules

CreateBuildDirectory /tmp/MYR175-Clean-iOS-DD/Build/Intermediates.noindex/EagerLinkingTBDs/Debug-iphonesimulator
    cd /Users/runner/work/MyRAM-iOS/MyRAM-iOS/MyRAM-iOS/MyRAM.xcodeproj
    builtin-create-build-directory /tmp/MYR175-Clean-iOS-DD/Build/Intermediates.noindex/EagerLinkingTBDs/Debug-iphonesimulator

CreateBuildDirectory /tmp/MYR175-Clean-iOS-DD/Build/Products/Debug-iphonesimulator/PackageFrameworks
    cd /Users/runner/work/MyRAM-iOS/MyRAM-iOS/MyRAM-iOS/MyRAM.xcodeproj
    builtin-create-build-directory /tmp/MYR175-Clean-iOS-DD/Build/Products/Debug-iphonesimulator/PackageFrameworks

WriteAuxiliaryFile /tmp/MYR175-Clean-iOS-DD/Build/Intermediates.noindex/AnchoredSequenceCore.build/Debug-iphonesimulator/AnchoredSequenceCore\ product.build/empty-AnchoredSequenceCore_-65B9EEE52AB2106_PackageProduct.plist (in target 'AnchoredSequenceCore' from project 'AnchoredSequenceCore')
    cd /Users/runner/work/MyRAM-iOS/MyRAM-iOS/MyRAM-iOS/Packages/AnchoredSequenceCore
    write-file /tmp/MYR175-Clean-iOS-DD/Build/Intermediates.noindex/AnchoredSequenceCore.build/Debug-iphonesimulator/AnchoredSequenceCore\ product.build/empty-AnchoredSequenceCore_-65B9EEE52AB2106_PackageProduct.plist

WriteAuxiliaryFile /tmp/MYR175-Clean-iOS-DD/Build/Intermediates.noindex/AnchoredSequenceCore.build/Debug-iphonesimulator/AnchoredSequenceCore\ product.build/Objects-normal/arm64/AnchoredSequenceCore_-65B9EEE52AB2106_PackageProduct.LinkFileList (in target 'AnchoredSequenceCore' from project 'AnchoredSequenceCore')
    cd /Users/runner/work/MyRAM-iOS/MyRAM-iOS/MyRAM-iOS/Packages/AnchoredSequenceCore
    write-file /tmp/MYR175-Clean-iOS-DD/Build/Intermediates.noindex/AnchoredSequenceCore.build/Debug-iphonesimulator/AnchoredSequenceCore\ product.build/Objects-normal/arm64/AnchoredSequenceCore_-65B9EEE52AB2106_PackageProduct.LinkFileList

WriteAuxiliaryFile /tmp/MYR175-Clean-iOS-DD/Build/Intermediates.noindex/NearbySyncCore.build/Debug-iphonesimulator/NearbySyncCore.build/Objects-normal/arm64/NearbySyncCore.SwiftFileList (in target 'NearbySyncCore' from project 'NearbySyncCore')
    cd /Users/runner/work/MyRAM-iOS/MyRAM-iOS/NearbySyncCore
    write-file /tmp/MYR175-Clean-iOS-DD/Build/Intermediates.noindex/NearbySyncCore.build/Debug-iphonesimulator/NearbySyncCore.build/Objects-normal/arm64/NearbySyncCore.SwiftFileList

WriteAuxiliaryFile /tmp/MYR175-Clean-iOS-DD/Build/Intermediates.noindex/NearbySyncCore.build/Debug-iphonesimulator/NearbySyncCore.build/Objects-normal/arm64/NearbySyncCore_const_extract_protocols.json (in target 'NearbySyncCore' from project 'NearbySyncCore')
    cd /Users/runner/work/MyRAM-iOS/MyRAM-iOS/NearbySyncCore
    write-file /tmp/MYR175-Clean-iOS-DD/Build/Intermediates.noindex/NearbySyncCore.build/Debug-iphonesimulator/NearbySyncCore.build/Objects-normal/arm64/NearbySyncCore_const_extract_protocols.json

WriteAuxiliaryFile /tmp/MYR175-Clean-iOS-DD/Build/Intermediates.noindex/NearbySyncCore.build/Debug-iphonesimulator/NearbySyncCore.build/Objects-normal/arm64/NearbySyncCore.SwiftConstValuesFileList (in target 'NearbySyncCore' from project 'NearbySyncCore')
    cd /Users/runner/work/MyRAM-iOS/MyRAM-iOS/NearbySyncCore
    write-file /tmp/MYR175-Clean-iOS-DD/Build/Intermediates.noindex/NearbySyncCore.build/Debug-iphonesimulator/NearbySyncCore.build/Objects-normal/arm64/NearbySyncCore.SwiftConstValuesFileList

WriteAuxiliaryFile /tmp/MYR175-Clean-iOS-DD/Build/Intermediates.noindex/NearbySyncCore.build/Debug-iphonesimulator/NearbySyncCore.build/Objects-normal/arm64/NearbySyncCore.LinkFileList (in target 'NearbySyncCore' from project 'NearbySyncCore')
    cd /Users/runner/work/MyRAM-iOS/MyRAM-iOS/NearbySyncCore
    write-file /tmp/MYR175-Clean-iOS-DD/Build/Intermediates.noindex/NearbySyncCore.build/Debug-iphonesimulator/NearbySyncCore.build/Objects-normal/arm64/NearbySyncCore.LinkFileList

WriteAuxiliaryFile /tmp/MYR175-Clean-iOS-DD/Build/Intermediates.noindex/NearbySyncCore.build/Debug-iphonesimulator/NearbySyncCore.build/Objects-normal/arm64/NearbySyncCore-OutputFileMap.json (in target 'NearbySyncCore' from project 'NearbySyncCore')
    cd /Users/runner/work/MyRAM-iOS/MyRAM-iOS/NearbySyncCore
    write-file /tmp/MYR175-Clean-iOS-DD/Build/Intermediates.noindex/NearbySyncCore.build/Debug-iphonesimulator/NearbySyncCore.build/Objects-normal/arm64/NearbySyncCore-OutputFileMap.json

WriteAuxiliaryFile /tmp/MYR175-Clean-iOS-DD/Build/Intermediates.noindex/NearbySyncCore.build/Debug-iphonesimulator/NearbySyncCore.build/NearbySyncCore.modulemap (in target 'NearbySyncCore' from project 'NearbySyncCore')
    cd /Users/runner/work/MyRAM-iOS/MyRAM-iOS/NearbySyncCore
    write-file /tmp/MYR175-Clean-iOS-DD/Build/Intermediates.noindex/NearbySyncCore.build/Debug-iphonesimulator/NearbySyncCore.build/NearbySyncCore.modulemap

WriteAuxiliaryFile /tmp/MYR175-Clean-iOS-DD/Build/Intermediates.noindex/NearbySyncCore.build/Debug-iphonesimulator/NearbySyncCore.build/NearbySyncCore.DependencyStaticMetadataFileList (in target 'NearbySyncCore' from project 'NearbySyncCore')
    cd /Users/runner/work/MyRAM-iOS/MyRAM-iOS/NearbySyncCore
    write-file /tmp/MYR175-Clean-iOS-DD/Build/Intermediates.noindex/NearbySyncCore.build/Debug-iphonesimulator/NearbySyncCore.build/NearbySyncCore.DependencyStaticMetadataFileList

WriteAuxiliaryFile /tmp/MYR175-Clean-iOS-DD/Build/Intermediates.noindex/NearbySyncCore.build/Debug-iphonesimulator/NearbySyncCore.build/NearbySyncCore.DependencyMetadataFileList (in target 'NearbySyncCore' from project 'NearbySyncCore')
    cd /Users/runner/work/MyRAM-iOS/MyRAM-iOS/NearbySyncCore
    write-file /tmp/MYR175-Clean-iOS-DD/Build/Intermediates.noindex/NearbySyncCore.build/Debug-iphonesimulator/NearbySyncCore.build/NearbySyncCore.DependencyMetadataFileList

Copy /tmp/MYR175-Clean-iOS-DD/Build/Intermediates.noindex/GeneratedModuleMaps-iphonesimulator/NearbySyncCore.modulemap /tmp/MYR175-Clean-iOS-DD/Build/Intermediates.noindex/NearbySyncCore.build/Debug-iphonesimulator/NearbySyncCore.build/NearbySyncCore.modulemap (in target 'NearbySyncCore' from project 'NearbySyncCore')
    cd /Users/runner/work/MyRAM-iOS/MyRAM-iOS/NearbySyncCore
    builtin-copy -exclude .DS_Store -exclude CVS -exclude .svn -exclude .git -exclude .hg -resolve-src-symlinks /tmp/MYR175-Clean-iOS-DD/Build/Intermediates.noindex/NearbySyncCore.build/Debug-iphonesimulator/NearbySyncCore.build/NearbySyncCore.modulemap /tmp/MYR175-Clean-iOS-DD/Build/Intermediates.noindex/GeneratedModuleMaps-iphonesimulator

WriteAuxiliaryFile /tmp/MYR175-Clean-iOS-DD/Build/Intermediates.noindex/MyRAM.build/Debug-iphonesimulator/MyRAMWidgetExtension.build/Objects-normal/arm64/MyRAMWidgetExtension_const_extract_protocols.json (in target 'MyRAMWidgetExtension' from project 'MyRAM')
    cd /Users/runner/work/MyRAM-iOS/MyRAM-iOS/MyRAM-iOS
    write-file /tmp/MYR175-Clean-iOS-DD/Build/Intermediates.noindex/MyRAM.build/Debug-iphonesimulator/MyRAMWidgetExtension.build/Objects-normal/arm64/MyRAMWidgetExtension_const_extract_protocols.json

WriteAuxiliaryFile /tmp/MYR175-Clean-iOS-DD/Build/Intermediates.noindex/MyRAM.build/Debug-iphonesimulator/MyRAMWidgetExtension.build/Objects-normal/arm64/MyRAMWidgetExtension.SwiftFileList (in target 'MyRAMWidgetExtension' from project 'MyRAM')
    cd /Users/runner/work/MyRAM-iOS/MyRAM-iOS/MyRAM-iOS
    write-file /tmp/MYR175-Clean-iOS-DD/Build/Intermediates.noindex/MyRAM.build/Debug-iphonesimulator/MyRAMWidgetExtension.build/Objects-normal/arm64/MyRAMWidgetExtension.SwiftFileList

WriteAuxiliaryFile /tmp/MYR175-Clean-iOS-DD/Build/Intermediates.noindex/MyRAM.build/Debug-iphonesimulator/MyRAMWidgetExtension.build/Objects-normal/arm64/MyRAMWidgetExtension.SwiftConstValuesFileList (in target 'MyRAMWidgetExtension' from project 'MyRAM')
    cd /Users/runner/work/MyRAM-iOS/MyRAM-iOS/MyRAM-iOS
    write-file /tmp/MYR175-Clean-iOS-DD/Build/Intermediates.noindex/MyRAM.build/Debug-iphonesimulator/MyRAMWidgetExtension.build/Objects-normal/arm64/MyRAMWidgetExtension.SwiftConstValuesFileList

WriteAuxiliaryFile /tmp/MYR175-Clean-iOS-DD/Build/Intermediates.noindex/MyRAM.build/Debug-iphonesimulator/MyRAMWidgetExtension.build/Objects-normal/arm64/MyRAMWidgetExtension.LinkFileList (in target 'MyRAMWidgetExtension' from project 'MyRAM')
    cd /Users/runner/work/MyRAM-iOS/MyRAM-iOS/MyRAM-iOS
    write-file /tmp/MYR175-Clean-iOS-DD/Build/Intermediates.noindex/MyRAM.build/Debug-iphonesimulator/MyRAMWidgetExtension.build/Objects-normal/arm64/MyRAMWidgetExtension.LinkFileList

WriteAuxiliaryFile /tmp/MYR175-Clean-iOS-DD/Build/Intermediates.noindex/MyRAM.build/Debug-iphonesimulator/MyRAMWidgetExtension.build/Objects-normal/arm64/MyRAMWidgetExtension-OutputFileMap.json (in target 'MyRAMWidgetExtension' from project 'MyRAM')
    cd /Users/runner/work/MyRAM-iOS/MyRAM-iOS/MyRAM-iOS
    write-file /tmp/MYR175-Clean-iOS-DD/Build/Intermediates.noindex/MyRAM.build/Debug-iphonesimulator/MyRAMWidgetExtension.build/Objects-normal/arm64/MyRAMWidgetExtension-OutputFileMap.json

WriteAuxiliaryFile /tmp/MYR175-Clean-iOS-DD/Build/Intermediates.noindex/MyRAM.build/Debug-iphonesimulator/MyRAMWidgetExtension.build/MyRAMWidgetExtension.hmap (in target 'MyRAMWidgetExtension' from project 'MyRAM')
    cd /Users/runner/work/MyRAM-iOS/MyRAM-iOS/MyRAM-iOS
    write-file /tmp/MYR175-Clean-iOS-DD/Build/Intermediates.noindex/MyRAM.build/Debug-iphonesimulator/MyRAMWidgetExtension.build/MyRAMWidgetExtension.hmap

WriteAuxiliaryFile /tmp/MYR175-Clean-iOS-DD/Build/Intermediates.noindex/MyRAM.build/Debug-iphonesimulator/MyRAMWidgetExtension.build/MyRAMWidgetExtension.DependencyStaticMetadataFileList (in target 'MyRAMWidgetExtension' from project 'MyRAM')
    cd /Users/runner/work/MyRAM-iOS/MyRAM-iOS/MyRAM-iOS
    write-file /tmp/MYR175-Clean-iOS-DD/Build/Intermediates.noindex/MyRAM.build/Debug-iphonesimulator/MyRAMWidgetExtension.build/MyRAMWidgetExtension.DependencyStaticMetadataFileList

WriteAuxiliaryFile /tmp/MYR175-Clean-iOS-DD/Build/Intermediates.noindex/MyRAM.build/Debug-iphonesimulator/MyRAMWidgetExtension.build/MyRAMWidgetExtension.DependencyMetadataFileList (in target 'MyRAMWidgetExtension' from project 'MyRAM')
    cd /Users/runner/work/MyRAM-iOS/MyRAM-iOS/MyRAM-iOS
    write-file /tmp/MYR175-Clean-iOS-DD/Build/Intermediates.noindex/MyRAM.build/Debug-iphonesimulator/MyRAMWidgetExtension.build/MyRAMWidgetExtension.DependencyMetadataFileList

WriteAuxiliaryFile /tmp/MYR175-Clean-iOS-DD/Build/Intermediates.noindex/MyRAM.build/Debug-iphonesimulator/MyRAMWidgetExtension.build/MyRAMWidgetExtension-project-headers.hmap (in target 'MyRAMWidgetExtension' from project 'MyRAM')
    cd /Users/runner/work/MyRAM-iOS/MyRAM-iOS/MyRAM-iOS
    write-file /tmp/MYR175-Clean-iOS-DD/Build/Intermediates.noindex/MyRAM.build/Debug-iphonesimulator/MyRAMWidgetExtension.build/MyRAMWidgetExtension-project-headers.hmap

WriteAuxiliaryFile /tmp/MYR175-Clean-iOS-DD/Build/Intermediates.noindex/MyRAM.build/Debug-iphonesimulator/MyRAMWidgetExtension.build/MyRAMWidgetExtension-own-target-headers.hmap (in target 'MyRAMWidgetExtension' from project 'MyRAM')
    cd /Users/runner/work/MyRAM-iOS/MyRAM-iOS/MyRAM-iOS
    write-file /tmp/MYR175-Clean-iOS-DD/Build/Intermediates.noindex/MyRAM.build/Debug-iphonesimulator/MyRAMWidgetExtension.build/MyRAMWidgetExtension-own-target-headers.hmap

WriteAuxiliaryFile /tmp/MYR175-Clean-iOS-DD/Build/Intermediates.noindex/MyRAM.build/Debug-iphonesimulator/MyRAMWidgetExtension.build/MyRAMWidgetExtension-generated-files.hmap (in target 'MyRAMWidgetExtension' from project 'MyRAM')
    cd /Users/runner/work/MyRAM-iOS/MyRAM-iOS/MyRAM-iOS
    write-file /tmp/MYR175-Clean-iOS-DD/Build/Intermediates.noindex/MyRAM.build/Debug-iphonesimulator/MyRAMWidgetExtension.build/MyRAMWidgetExtension-generated-files.hmap

WriteAuxiliaryFile /tmp/MYR175-Clean-iOS-DD/Build/Intermediates.noindex/MyRAM.build/Debug-iphonesimulator/MyRAMWidgetExtension.build/MyRAMWidgetExtension-all-target-headers.hmap (in target 'MyRAMWidgetExtension' from project 'MyRAM')
    cd /Users/runner/work/MyRAM-iOS/MyRAM-iOS/MyRAM-iOS
    write-file /tmp/MYR175-Clean-iOS-DD/Build/Intermediates.noindex/MyRAM.build/Debug-iphonesimulator/MyRAMWidgetExtension.build/MyRAMWidgetExtension-all-target-headers.hmap

WriteAuxiliaryFile /tmp/MYR175-Clean-iOS-DD/Build/Intermediates.noindex/MyRAM.build/Debug-iphonesimulator/MyRAMWidgetExtension.build/MyRAMWidgetExtension-all-non-framework-target-headers.hmap (in target 'MyRAMWidgetExtension' from project 'MyRAM')
    cd /Users/runner/work/MyRAM-iOS/MyRAM-iOS/MyRAM-iOS
    write-file /tmp/MYR175-Clean-iOS-DD/Build/Intermediates.noindex/MyRAM.build/Debug-iphonesimulator/MyRAMWidgetExtension.build/MyRAMWidgetExtension-all-non-framework-target-headers.hmap

WriteAuxiliaryFile /tmp/MYR175-Clean-iOS-DD/Build/Intermediates.noindex/MyRAM.build/Debug-iphonesimulator/MyRAMWidgetExtension.build/MyRAMWidgetExtension-DebugEntryPoint-normal-arm64.txt (in target 'MyRAMWidgetExtension' from project 'MyRAM')
    cd /Users/runner/work/MyRAM-iOS/MyRAM-iOS/MyRAM-iOS
    write-file /tmp/MYR175-Clean-iOS-DD/Build/Intermediates.noindex/MyRAM.build/Debug-iphonesimulator/MyRAMWidgetExtension.build/MyRAMWidgetExtension-DebugEntryPoint-normal-arm64.txt

WriteAuxiliaryFile /tmp/MYR175-Clean-iOS-DD/Build/Intermediates.noindex/MyRAM.build/Debug-iphonesimulator/MyRAMWidgetExtension.build/MyRAMWidgetExtension-DebugDylibPath-normal-arm64.txt (in target 'MyRAMWidgetExtension' from project 'MyRAM')
    cd /Users/runner/work/MyRAM-iOS/MyRAM-iOS/MyRAM-iOS
    write-file /tmp/MYR175-Clean-iOS-DD/Build/Intermediates.noindex/MyRAM.build/Debug-iphonesimulator/MyRAMWidgetExtension.build/MyRAMWidgetExtension-DebugDylibPath-normal-arm64.txt

WriteAuxiliaryFile /tmp/MYR175-Clean-iOS-DD/Build/Intermediates.noindex/MyRAM.build/Debug-iphonesimulator/MyRAMWidgetExtension.build/MyRAMWidgetExtension-DebugDylibInstallName-normal-arm64.txt (in target 'MyRAMWidgetExtension' from project 'MyRAM')
    cd /Users/runner/work/MyRAM-iOS/MyRAM-iOS/MyRAM-iOS
    write-file /tmp/MYR175-Clean-iOS-DD/Build/Intermediates.noindex/MyRAM.build/Debug-iphonesimulator/MyRAMWidgetExtension.build/MyRAMWidgetExtension-DebugDylibInstallName-normal-arm64.txt

WriteAuxiliaryFile /tmp/MYR175-Clean-iOS-DD/Build/Intermediates.noindex/MyRAM.build/Debug-iphonesimulator/MyRAMUITests.build/empty-MyRAMUITests.plist (in target 'MyRAMUITests' from project 'MyRAM')
    cd /Users/runner/work/MyRAM-iOS/MyRAM-iOS/MyRAM-iOS
    write-file /tmp/MYR175-Clean-iOS-DD/Build/Intermediates.noindex/MyRAM.build/Debug-iphonesimulator/MyRAMUITests.build/empty-MyRAMUITests.plist

WriteAuxiliaryFile /tmp/MYR175-Clean-iOS-DD/Build/Intermediates.noindex/MyRAM.build/Debug-iphonesimulator/MyRAMUITests.build/ProductTypeInfoPlistAdditions.plist (in target 'MyRAMUITests' from project 'MyRAM')
    cd /Users/runner/work/MyRAM-iOS/MyRAM-iOS/MyRAM-iOS
    write-file /tmp/MYR175-Clean-iOS-DD/Build/Intermediates.noindex/MyRAM.build/Debug-iphonesimulator/MyRAMUITests.build/ProductTypeInfoPlistAdditions.plist

WriteAuxiliaryFile /tmp/MYR175-Clean-iOS-DD/Build/Intermediates.noindex/MyRAM.build/Debug-iphonesimulator/MyRAMUITests.build/Objects-normal/arm64/MyRAMUITests_const_extract_protocols.json (in target 'MyRAMUITests' from project 'MyRAM')
    cd /Users/runner/work/MyRAM-iOS/MyRAM-iOS/MyRAM-iOS
    write-file /tmp/MYR175-Clean-iOS-DD/Build/Intermediates.noindex/MyRAM.build/Debug-iphonesimulator/MyRAMUITests.build/Objects-normal/arm64/MyRAMUITests_const_extract_protocols.json

WriteAuxiliaryFile /tmp/MYR175-Clean-iOS-DD/Build/Intermediates.noindex/MyRAM.build/Debug-iphonesimulator/MyRAMUITests.build/Objects-normal/arm64/MyRAMUITests.SwiftFileList (in target 'MyRAMUITests' from project 'MyRAM')
    cd /Users/runner/work/MyRAM-iOS/MyRAM-iOS/MyRAM-iOS
    write-file /tmp/MYR175-Clean-iOS-DD/Build/Intermediates.noindex/MyRAM.build/Debug-iphonesimulator/MyRAMUITests.build/Objects-normal/arm64/MyRAMUITests.SwiftFileList

WriteAuxiliaryFile /tmp/MYR175-Clean-iOS-DD/Build/Intermediates.noindex/MyRAM.build/Debug-iphonesimulator/MyRAMUITests.build/Objects-normal/arm64/MyRAMUITests.SwiftConstValuesFileList (in target 'MyRAMUITests' from project 'MyRAM')
    cd /Users/runner/work/MyRAM-iOS/MyRAM-iOS/MyRAM-iOS
    write-file /tmp/MYR175-Clean-iOS-DD/Build/Intermediates.noindex/MyRAM.build/Debug-iphonesimulator/MyRAMUITests.build/Objects-normal/arm64/MyRAMUITests.SwiftConstValuesFileList

WriteAuxiliaryFile /tmp/MYR175-Clean-iOS-DD/Build/Intermediates.noindex/MyRAM.build/Debug-iphonesimulator/MyRAMUITests.build/Objects-normal/arm64/MyRAMUITests.LinkFileList (in target 'MyRAMUITests' from project 'MyRAM')
    cd /Users/runner/work/MyRAM-iOS/MyRAM-iOS/MyRAM-iOS
    write-file /tmp/MYR175-Clean-iOS-DD/Build/Intermediates.noindex/MyRAM.build/Debug-iphonesimulator/MyRAMUITests.build/Objects-normal/arm64/MyRAMUITests.LinkFileList

WriteAuxiliaryFile /tmp/MYR175-Clean-iOS-DD/Build/Intermediates.noindex/MyRAM.build/Debug-iphonesimulator/MyRAMUITests.build/Objects-normal/arm64/MyRAMUITests-OutputFileMap.json (in target 'MyRAMUITests' from project 'MyRAM')
    cd /Users/runner/work/MyRAM-iOS/MyRAM-iOS/MyRAM-iOS
    write-file /tmp/MYR175-Clean-iOS-DD/Build/Intermediates.noindex/MyRAM.build/Debug-iphonesimulator/MyRAMUITests.build/Objects-normal/arm64/MyRAMUITests-OutputFileMap.json

WriteAuxiliaryFile /tmp/MYR175-Clean-iOS-DD/Build/Intermediates.noindex/MyRAM.build/Debug-iphonesimulator/MyRAMUITests.build/MyRAMUITests.hmap (in target 'MyRAMUITests' from project 'MyRAM')
    cd /Users/runner/work/MyRAM-iOS/MyRAM-iOS/MyRAM-iOS
    write-file /tmp/MYR175-Clean-iOS-DD/Build/Intermediates.noindex/MyRAM.build/Debug-iphonesimulator/MyRAMUITests.build/MyRAMUITests.hmap

WriteAuxiliaryFile /tmp/MYR175-Clean-iOS-DD/Build/Intermediates.noindex/MyRAM.build/Debug-iphonesimulator/MyRAMUITests.build/MyRAMUITests.DependencyStaticMetadataFileList (in target 'MyRAMUITests' from project 'MyRAM')
    cd /Users/runner/work/MyRAM-iOS/MyRAM-iOS/MyRAM-iOS
    write-file /tmp/MYR175-Clean-iOS-DD/Build/Intermediates.noindex/MyRAM.build/Debug-iphonesimulator/MyRAMUITests.build/MyRAMUITests.DependencyStaticMetadataFileList

WriteAuxiliaryFile /tmp/MYR175-Clean-iOS-DD/Build/Intermediates.noindex/MyRAM.build/Debug-iphonesimulator/MyRAMUITests.build/MyRAMUITests.DependencyMetadataFileList (in target 'MyRAMUITests' from project 'MyRAM')
    cd /Users/runner/work/MyRAM-iOS/MyRAM-iOS/MyRAM-iOS
    write-file /tmp/MYR175-Clean-iOS-DD/Build/Intermediates.noindex/MyRAM.build/Debug-iphonesimulator/MyRAMUITests.build/MyRAMUITests.DependencyMetadataFileList

WriteAuxiliaryFile /tmp/MYR175-Clean-iOS-DD/Build/Intermediates.noindex/MyRAM.build/Debug-iphonesimulator/MyRAMUITests.build/MyRAMUITests-project-headers.hmap (in target 'MyRAMUITests' from project 'MyRAM')
    cd /Users/runner/work/MyRAM-iOS/MyRAM-iOS/MyRAM-iOS
    write-file /tmp/MYR175-Clean-iOS-DD/Build/Intermediates.noindex/MyRAM.build/Debug-iphonesimulator/MyRAMUITests.build/MyRAMUITests-project-headers.hmap

WriteAuxiliaryFile /tmp/MYR175-Clean-iOS-DD/Build/Intermediates.noindex/MyRAM.build/Debug-iphonesimulator/MyRAMUITests.build/MyRAMUITests-own-target-headers.hmap (in target 'MyRAMUITests' from project 'MyRAM')
    cd /Users/runner/work/MyRAM-iOS/MyRAM-iOS/MyRAM-iOS
    write-file /tmp/MYR175-Clean-iOS-DD/Build/Intermediates.noindex/MyRAM.build/Debug-iphonesimulator/MyRAMUITests.build/MyRAMUITests-own-target-headers.hmap

WriteAuxiliaryFile /tmp/MYR175-Clean-iOS-DD/Build/Intermediates.noindex/MyRAM.build/Debug-iphonesimulator/MyRAMUITests.build/MyRAMUITests-generated-files.hmap (in target 'MyRAMUITests' from project 'MyRAM')
    cd /Users/runner/work/MyRAM-iOS/MyRAM-iOS/MyRAM-iOS
    write-file /tmp/MYR175-Clean-iOS-DD/Build/Intermediates.noindex/MyRAM.build/Debug-iphonesimulator/MyRAMUITests.build/MyRAMUITests-generated-files.hmap

WriteAuxiliaryFile /tmp/MYR175-Clean-iOS-DD/Build/Intermediates.noindex/MyRAM.build/Debug-iphonesimulator/MyRAMUITests.build/MyRAMUITests-all-target-headers.hmap (in target 'MyRAMUITests' from project 'MyRAM')
    cd /Users/runner/work/MyRAM-iOS/MyRAM-iOS/MyRAM-iOS
    write-file /tmp/MYR175-Clean-iOS-DD/Build/Intermediates.noindex/MyRAM.build/Debug-iphonesimulator/MyRAMUITests.build/MyRAMUITests-all-target-headers.hmap

WriteAuxiliaryFile /tmp/MYR175-Clean-iOS-DD/Build/Intermediates.noindex/MyRAM.build/Debug-iphonesimulator/MyRAMUITests.build/MyRAMUITests-all-non-framework-target-headers.hmap (in target 'MyRAMUITests' from project 'MyRAM')
    cd /Users/runner/work/MyRAM-iOS/MyRAM-iOS/MyRAM-iOS
    write-file /tmp/MYR175-Clean-iOS-DD/Build/Intermediates.noindex/MyRAM.build/Debug-iphonesimulator/MyRAMUITests.build/MyRAMUITests-all-non-framework-target-headers.hmap

WriteAuxiliaryFile /tmp/MYR175-Clean-iOS-DD/Build/Intermediates.noindex/MyRAM.build/Debug-iphonesimulator/MyRAMTests.build/empty-MyRAMTests.plist (in target 'MyRAMTests' from project 'MyRAM')
    cd /Users/runner/work/MyRAM-iOS/MyRAM-iOS/MyRAM-iOS
    write-file /tmp/MYR175-Clean-iOS-DD/Build/Intermediates.noindex/MyRAM.build/Debug-iphonesimulator/MyRAMTests.build/empty-MyRAMTests.plist

WriteAuxiliaryFile /tmp/MYR175-Clean-iOS-DD/Build/Intermediates.noindex/MyRAM.build/Debug-iphonesimulator/MyRAMTests.build/Objects-normal/arm64/MyRAMTests_const_extract_protocols.json (in target 'MyRAMTests' from project 'MyRAM')
    cd /Users/runner/work/MyRAM-iOS/MyRAM-iOS/MyRAM-iOS
    write-file /tmp/MYR175-Clean-iOS-DD/Build/Intermediates.noindex/MyRAM.build/Debug-iphonesimulator/MyRAMTests.build/Objects-normal/arm64/MyRAMTests_const_extract_protocols.json

WriteAuxiliaryFile /tmp/MYR175-Clean-iOS-DD/Build/Intermediates.noindex/MyRAM.build/Debug-iphonesimulator/MyRAMTests.build/Objects-normal/arm64/MyRAMTests.SwiftFileList (in target 'MyRAMTests' from project 'MyRAM')
    cd /Users/runner/work/MyRAM-iOS/MyRAM-iOS/MyRAM-iOS
    write-file /tmp/MYR175-Clean-iOS-DD/Build/Intermediates.noindex/MyRAM.build/Debug-iphonesimulator/MyRAMTests.build/Objects-normal/arm64/MyRAMTests.SwiftFileList

WriteAuxiliaryFile /tmp/MYR175-Clean-iOS-DD/Build/Intermediates.noindex/MyRAM.build/Debug-iphonesimulator/MyRAMTests.build/Objects-normal/arm64/MyRAMTests.SwiftConstValuesFileList (in target 'MyRAMTests' from project 'MyRAM')
    cd /Users/runner/work/MyRAM-iOS/MyRAM-iOS/MyRAM-iOS
    write-file /tmp/MYR175-Clean-iOS-DD/Build/Intermediates.noindex/MyRAM.build/Debug-iphonesimulator/MyRAMTests.build/Objects-normal/arm64/MyRAMTests.SwiftConstValuesFileList

WriteAuxiliaryFile /tmp/MYR175-Clean-iOS-DD/Build/Intermediates.noindex/MyRAM.build/Debug-iphonesimulator/MyRAMTests.build/Objects-normal/arm64/MyRAMTests.LinkFileList (in target 'MyRAMTests' from project 'MyRAM')
    cd /Users/runner/work/MyRAM-iOS/MyRAM-iOS/MyRAM-iOS
    write-file /tmp/MYR175-Clean-iOS-DD/Build/Intermediates.noindex/MyRAM.build/Debug-iphonesimulator/MyRAMTests.build/Objects-normal/arm64/MyRAMTests.LinkFileList

WriteAuxiliaryFile /tmp/MYR175-Clean-iOS-DD/Build/Intermediates.noindex/MyRAM.build/Debug-iphonesimulator/MyRAMTests.build/Objects-normal/arm64/MyRAMTests-OutputFileMap.json (in target 'MyRAMTests' from project 'MyRAM')
    cd /Users/runner/work/MyRAM-iOS/MyRAM-iOS/MyRAM-iOS
    write-file /tmp/MYR175-Clean-iOS-DD/Build/Intermediates.noindex/MyRAM.build/Debug-iphonesimulator/MyRAMTests.build/Objects-normal/arm64/MyRAMTests-OutputFileMap.json

WriteAuxiliaryFile /tmp/MYR175-Clean-iOS-DD/Build/Intermediates.noindex/MyRAM.build/Debug-iphonesimulator/MyRAMTests.build/MyRAMTests.hmap (in target 'MyRAMTests' from project 'MyRAM')
    cd /Users/runner/work/MyRAM-iOS/MyRAM-iOS/MyRAM-iOS
    write-file /tmp/MYR175-Clean-iOS-DD/Build/Intermediates.noindex/MyRAM.build/Debug-iphonesimulator/MyRAMTests.build/MyRAMTests.hmap

WriteAuxiliaryFile /tmp/MYR175-Clean-iOS-DD/Build/Intermediates.noindex/MyRAM.build/Debug-iphonesimulator/MyRAMTests.build/MyRAMTests.DependencyStaticMetadataFileList (in target 'MyRAMTests' from project 'MyRAM')
    cd /Users/runner/work/MyRAM-iOS/MyRAM-iOS/MyRAM-iOS
    write-file /tmp/MYR175-Clean-iOS-DD/Build/Intermediates.noindex/MyRAM.build/Debug-iphonesimulator/MyRAMTests.build/MyRAMTests.DependencyStaticMetadataFileList

WriteAuxiliaryFile /tmp/MYR175-Clean-iOS-DD/Build/Intermediates.noindex/MyRAM.build/Debug-iphonesimulator/MyRAMTests.build/MyRAMTests.DependencyMetadataFileList (in target 'MyRAMTests' from project 'MyRAM')
    cd /Users/runner/work/MyRAM-iOS/MyRAM-iOS/MyRAM-iOS
    write-file /tmp/MYR175-Clean-iOS-DD/Build/Intermediates.noindex/MyRAM.build/Debug-iphonesimulator/MyRAMTests.build/MyRAMTests.DependencyMetadataFileList

WriteAuxiliaryFile /tmp/MYR175-Clean-iOS-DD/Build/Intermediates.noindex/MyRAM.build/Debug-iphonesimulator/MyRAMTests.build/MyRAMTests-project-headers.hmap (in target 'MyRAMTests' from project 'MyRAM')
    cd /Users/runner/work/MyRAM-iOS/MyRAM-iOS/MyRAM-iOS
    write-file /tmp/MYR175-Clean-iOS-DD/Build/Intermediates.noindex/MyRAM.build/Debug-iphonesimulator/MyRAMTests.build/MyRAMTests-project-headers.hmap

WriteAuxiliaryFile /tmp/MYR175-Clean-iOS-DD/Build/Intermediates.noindex/MyRAM.build/Debug-iphonesimulator/MyRAMTests.build/MyRAMTests-own-target-headers.hmap (in target 'MyRAMTests' from project 'MyRAM')
    cd /Users/runner/work/MyRAM-iOS/MyRAM-iOS/MyRAM-iOS
    write-file /tmp/MYR175-Clean-iOS-DD/Build/Intermediates.noindex/MyRAM.build/Debug-iphonesimulator/MyRAMTests.build/MyRAMTests-own-target-headers.hmap

WriteAuxiliaryFile /tmp/MYR175-Clean-iOS-DD/Build/Intermediates.noindex/MyRAM.build/Debug-iphonesimulator/MyRAMTests.build/MyRAMTests-generated-files.hmap (in target 'MyRAMTests' from project 'MyRAM')
    cd /Users/runner/work/MyRAM-iOS/MyRAM-iOS/MyRAM-iOS
    write-file /tmp/MYR175-Clean-iOS-DD/Build/Intermediates.noindex/MyRAM.build/Debug-iphonesimulator/MyRAMTests.build/MyRAMTests-generated-files.hmap

WriteAuxiliaryFile /tmp/MYR175-Clean-iOS-DD/Build/Intermediates.noindex/MyRAM.build/Debug-iphonesimulator/MyRAMTests.build/MyRAMTests-all-target-headers.hmap (in target 'MyRAMTests' from project 'MyRAM')
    cd /Users/runner/work/MyRAM-iOS/MyRAM-iOS/MyRAM-iOS
    write-file /tmp/MYR175-Clean-iOS-DD/Build/Intermediates.noindex/MyRAM.build/Debug-iphonesimulator/MyRAMTests.build/MyRAMTests-all-target-headers.hmap

WriteAuxiliaryFile /tmp/MYR175-Clean-iOS-DD/Build/Intermediates.noindex/MyRAM.build/Debug-iphonesimulator/MyRAMTests.build/MyRAMTests-all-non-framework-target-headers.hmap (in target 'MyRAMTests' from project 'MyRAM')
    cd /Users/runner/work/MyRAM-iOS/MyRAM-iOS/MyRAM-iOS
    write-file /tmp/MYR175-Clean-iOS-DD/Build/Intermediates.noindex/MyRAM.build/Debug-iphonesimulator/MyRAMTests.build/MyRAMTests-all-non-framework-target-headers.hmap

WriteAuxiliaryFile /tmp/MYR175-Clean-iOS-DD/Build/Intermediates.noindex/MyRAM.build/Debug-iphonesimulator/MyRAM.build/Objects-normal/arm64/MyRAM_const_extract_protocols.json (in target 'MyRAM' from project 'MyRAM')
    cd /Users/runner/work/MyRAM-iOS/MyRAM-iOS/MyRAM-iOS
    write-file /tmp/MYR175-Clean-iOS-DD/Build/Intermediates.noindex/MyRAM.build/Debug-iphonesimulator/MyRAM.build/Objects-normal/arm64/MyRAM_const_extract_protocols.json

WriteAuxiliaryFile /tmp/MYR175-Clean-iOS-DD/Build/Intermediates.noindex/MyRAM.build/Debug-iphonesimulator/MyRAM.build/Objects-normal/arm64/MyRAM.SwiftFileList (in target 'MyRAM' from project 'MyRAM')
    cd /Users/runner/work/MyRAM-iOS/MyRAM-iOS/MyRAM-iOS
    write-file /tmp/MYR175-Clean-iOS-DD/Build/Intermediates.noindex/MyRAM.build/Debug-iphonesimulator/MyRAM.build/Objects-normal/arm64/MyRAM.SwiftFileList

WriteAuxiliaryFile /tmp/MYR175-Clean-iOS-DD/Build/Intermediates.noindex/MyRAM.build/Debug-iphonesimulator/MyRAM.build/Objects-normal/arm64/MyRAM.SwiftConstValuesFileList (in target 'MyRAM' from project 'MyRAM')
    cd /Users/runner/work/MyRAM-iOS/MyRAM-iOS/MyRAM-iOS
    write-file /tmp/MYR175-Clean-iOS-DD/Build/Intermediates.noindex/MyRAM.build/Debug-iphonesimulator/MyRAM.build/Objects-normal/arm64/MyRAM.SwiftConstValuesFileList

WriteAuxiliaryFile /tmp/MYR175-Clean-iOS-DD/Build/Intermediates.noindex/MyRAM.build/Debug-iphonesimulator/MyRAM.build/Objects-normal/arm64/MyRAM.LinkFileList (in target 'MyRAM' from project 'MyRAM')
    cd /Users/runner/work/MyRAM-iOS/MyRAM-iOS/MyRAM-iOS
    write-file /tmp/MYR175-Clean-iOS-DD/Build/Intermediates.noindex/MyRAM.build/Debug-iphonesimulator/MyRAM.build/Objects-normal/arm64/MyRAM.LinkFileList

WriteAuxiliaryFile /tmp/MYR175-Clean-iOS-DD/Build/Intermediates.noindex/MyRAM.build/Debug-iphonesimulator/MyRAM.build/Objects-normal/arm64/MyRAM-OutputFileMap.json (in target 'MyRAM' from project 'MyRAM')
    cd /Users/runner/work/MyRAM-iOS/MyRAM-iOS/MyRAM-iOS
    write-file /tmp/MYR175-Clean-iOS-DD/Build/Intermediates.noindex/MyRAM.build/Debug-iphonesimulator/MyRAM.build/Objects-normal/arm64/MyRAM-OutputFileMap.json

WriteAuxiliaryFile /tmp/MYR175-Clean-iOS-DD/Build/Intermediates.noindex/MyRAM.build/Debug-iphonesimulator/MyRAM.build/MyRAM.DependencyStaticMetadataFileList (in target 'MyRAM' from project 'MyRAM')
    cd /Users/runner/work/MyRAM-iOS/MyRAM-iOS/MyRAM-iOS
    write-file /tmp/MYR175-Clean-iOS-DD/Build/Intermediates.noindex/MyRAM.build/Debug-iphonesimulator/MyRAM.build/MyRAM.DependencyStaticMetadataFileList

WriteAuxiliaryFile /tmp/MYR175-Clean-iOS-DD/Build/Intermediates.noindex/MyRAM.build/Debug-iphonesimulator/MyRAM.build/MyRAM.hmap (in target 'MyRAM' from project 'MyRAM')
    cd /Users/runner/work/MyRAM-iOS/MyRAM-iOS/MyRAM-iOS
    write-file /tmp/MYR175-Clean-iOS-DD/Build/Intermediates.noindex/MyRAM.build/Debug-iphonesimulator/MyRAM.build/MyRAM.hmap

WriteAuxiliaryFile /tmp/MYR175-Clean-iOS-DD/Build/Intermediates.noindex/MyRAM.build/Debug-iphonesimulator/MyRAM.build/MyRAM.DependencyMetadataFileList (in target 'MyRAM' from project 'MyRAM')
    cd /Users/runner/work/MyRAM-iOS/MyRAM-iOS/MyRAM-iOS
    write-file /tmp/MYR175-Clean-iOS-DD/Build/Intermediates.noindex/MyRAM.build/Debug-iphonesimulator/MyRAM.build/MyRAM.DependencyMetadataFileList

WriteAuxiliaryFile /tmp/MYR175-Clean-iOS-DD/Build/Intermediates.noindex/MyRAM.build/Debug-iphonesimulator/MyRAM.build/MyRAM-project-headers.hmap (in target 'MyRAM' from project 'MyRAM')
    cd /Users/runner/work/MyRAM-iOS/MyRAM-iOS/MyRAM-iOS
    write-file /tmp/MYR175-Clean-iOS-DD/Build/Intermediates.noindex/MyRAM.build/Debug-iphonesimulator/MyRAM.build/MyRAM-project-headers.hmap

WriteAuxiliaryFile /tmp/MYR175-Clean-iOS-DD/Build/Intermediates.noindex/MyRAM.build/Debug-iphonesimulator/MyRAM.build/MyRAM-own-target-headers.hmap (in target 'MyRAM' from project 'MyRAM')
    cd /Users/runner/work/MyRAM-iOS/MyRAM-iOS/MyRAM-iOS
    write-file /tmp/MYR175-Clean-iOS-DD/Build/Intermediates.noindex/MyRAM.build/Debug-iphonesimulator/MyRAM.build/MyRAM-own-target-headers.hmap

WriteAuxiliaryFile /tmp/MYR175-Clean-iOS-DD/Build/Intermediates.noindex/MyRAM.build/Debug-iphonesimulator/MyRAM.build/MyRAM-generated-files.hmap (in target 'MyRAM' from project 'MyRAM')
    cd /Users/runner/work/MyRAM-iOS/MyRAM-iOS/MyRAM-iOS
    write-file /tmp/MYR175-Clean-iOS-DD/Build/Intermediates.noindex/MyRAM.build/Debug-iphonesimulator/MyRAM.build/MyRAM-generated-files.hmap

WriteAuxiliaryFile /tmp/MYR175-Clean-iOS-DD/Build/Intermediates.noindex/MyRAM.build/Debug-iphonesimulator/MyRAM.build/MyRAM-all-target-headers.hmap (in target 'MyRAM' from project 'MyRAM')
    cd /Users/runner/work/MyRAM-iOS/MyRAM-iOS/MyRAM-iOS
    write-file /tmp/MYR175-Clean-iOS-DD/Build/Intermediates.noindex/MyRAM.build/Debug-iphonesimulator/MyRAM.build/MyRAM-all-target-headers.hmap

WriteAuxiliaryFile /tmp/MYR175-Clean-iOS-DD/Build/Intermediates.noindex/MyRAM.build/Debug-iphonesimulator/MyRAM.build/MyRAM-all-non-framework-target-headers.hmap (in target 'MyRAM' from project 'MyRAM')
    cd /Users/runner/work/MyRAM-iOS/MyRAM-iOS/MyRAM-iOS
    write-file /tmp/MYR175-Clean-iOS-DD/Build/Intermediates.noindex/MyRAM.build/Debug-iphonesimulator/MyRAM.build/MyRAM-all-non-framework-target-headers.hmap

WriteAuxiliaryFile /tmp/MYR175-Clean-iOS-DD/Build/Intermediates.noindex/MyRAM.build/Debug-iphonesimulator/MyRAM.build/MyRAM-DebugDylibPath-normal-arm64.txt (in target 'MyRAM' from project 'MyRAM')
    cd /Users/runner/work/MyRAM-iOS/MyRAM-iOS/MyRAM-iOS
    write-file /tmp/MYR175-Clean-iOS-DD/Build/Intermediates.noindex/MyRAM.build/Debug-iphonesimulator/MyRAM.build/MyRAM-DebugDylibPath-normal-arm64.txt

WriteAuxiliaryFile /tmp/MYR175-Clean-iOS-DD/Build/Intermediates.noindex/MyRAM.build/Debug-iphonesimulator/MyRAM.build/MyRAM-DebugDylibInstallName-normal-arm64.txt (in target 'MyRAM' from project 'MyRAM')
    cd /Users/runner/work/MyRAM-iOS/MyRAM-iOS/MyRAM-iOS
    write-file /tmp/MYR175-Clean-iOS-DD/Build/Intermediates.noindex/MyRAM.build/Debug-iphonesimulator/MyRAM.build/MyRAM-DebugDylibInstallName-normal-arm64.txt

WriteAuxiliaryFile /tmp/MYR175-Clean-iOS-DD/Build/Intermediates.noindex/AnchoredSequenceCore.build/Debug-iphonesimulator/AnchoredSequenceCore.build/Objects-normal/arm64/AnchoredSequenceCore_const_extract_protocols.json (in target 'AnchoredSequenceCore' from project 'AnchoredSequenceCore')
    cd /Users/runner/work/MyRAM-iOS/MyRAM-iOS/MyRAM-iOS/Packages/AnchoredSequenceCore
    write-file /tmp/MYR175-Clean-iOS-DD/Build/Intermediates.noindex/AnchoredSequenceCore.build/Debug-iphonesimulator/AnchoredSequenceCore.build/Objects-normal/arm64/AnchoredSequenceCore_const_extract_protocols.json

WriteAuxiliaryFile /tmp/MYR175-Clean-iOS-DD/Build/Intermediates.noindex/AnchoredSequenceCore.build/Debug-iphonesimulator/AnchoredSequenceCore.build/Objects-normal/arm64/AnchoredSequenceCore.SwiftFileList (in target 'AnchoredSequenceCore' from project 'AnchoredSequenceCore')
    cd /Users/runner/work/MyRAM-iOS/MyRAM-iOS/MyRAM-iOS/Packages/AnchoredSequenceCore
    write-file /tmp/MYR175-Clean-iOS-DD/Build/Intermediates.noindex/AnchoredSequenceCore.build/Debug-iphonesimulator/AnchoredSequenceCore.build/Objects-normal/arm64/AnchoredSequenceCore.SwiftFileList

WriteAuxiliaryFile /tmp/MYR175-Clean-iOS-DD/Build/Intermediates.noindex/AnchoredSequenceCore.build/Debug-iphonesimulator/AnchoredSequenceCore.build/Objects-normal/arm64/AnchoredSequenceCore.SwiftConstValuesFileList (in target 'AnchoredSequenceCore' from project 'AnchoredSequenceCore')
    cd /Users/runner/work/MyRAM-iOS/MyRAM-iOS/MyRAM-iOS/Packages/AnchoredSequenceCore
    write-file /tmp/MYR175-Clean-iOS-DD/Build/Intermediates.noindex/AnchoredSequenceCore.build/Debug-iphonesimulator/AnchoredSequenceCore.build/Objects-normal/arm64/AnchoredSequenceCore.SwiftConstValuesFileList

WriteAuxiliaryFile /tmp/MYR175-Clean-iOS-DD/Build/Intermediates.noindex/AnchoredSequenceCore.build/Debug-iphonesimulator/AnchoredSequenceCore.build/Objects-normal/arm64/AnchoredSequenceCore.LinkFileList (in target 'AnchoredSequenceCore' from project 'AnchoredSequenceCore')
    cd /Users/runner/work/MyRAM-iOS/MyRAM-iOS/MyRAM-iOS/Packages/AnchoredSequenceCore
    write-file /tmp/MYR175-Clean-iOS-DD/Build/Intermediates.noindex/AnchoredSequenceCore.build/Debug-iphonesimulator/AnchoredSequenceCore.build/Objects-normal/arm64/AnchoredSequenceCore.LinkFileList

WriteAuxiliaryFile /tmp/MYR175-Clean-iOS-DD/Build/Intermediates.noindex/AnchoredSequenceCore.build/Debug-iphonesimulator/AnchoredSequenceCore.build/Objects-normal/arm64/AnchoredSequenceCore-OutputFileMap.json (in target 'AnchoredSequenceCore' from project 'AnchoredSequenceCore')
    cd /Users/runner/work/MyRAM-iOS/MyRAM-iOS/MyRAM-iOS/Packages/AnchoredSequenceCore
    write-file /tmp/MYR175-Clean-iOS-DD/Build/Intermediates.noindex/AnchoredSequenceCore.build/Debug-iphonesimulator/AnchoredSequenceCore.build/Objects-normal/arm64/AnchoredSequenceCore-OutputFileMap.json

WriteAuxiliaryFile /tmp/MYR175-Clean-iOS-DD/Build/Intermediates.noindex/AnchoredSequenceCore.build/Debug-iphonesimulator/AnchoredSequenceCore.build/AnchoredSequenceCore.modulemap (in target 'AnchoredSequenceCore' from project 'AnchoredSequenceCore')
    cd /Users/runner/work/MyRAM-iOS/MyRAM-iOS/MyRAM-iOS/Packages/AnchoredSequenceCore
    write-file /tmp/MYR175-Clean-iOS-DD/Build/Intermediates.noindex/AnchoredSequenceCore.build/Debug-iphonesimulator/AnchoredSequenceCore.build/AnchoredSequenceCore.modulemap

WriteAuxiliaryFile /tmp/MYR175-Clean-iOS-DD/Build/Intermediates.noindex/AnchoredSequenceCore.build/Debug-iphonesimulator/AnchoredSequenceCore.build/AnchoredSequenceCore.DependencyStaticMetadataFileList (in target 'AnchoredSequenceCore' from project 'AnchoredSequenceCore')
    cd /Users/runner/work/MyRAM-iOS/MyRAM-iOS/MyRAM-iOS/Packages/AnchoredSequenceCore
    write-file /tmp/MYR175-Clean-iOS-DD/Build/Intermediates.noindex/AnchoredSequenceCore.build/Debug-iphonesimulator/AnchoredSequenceCore.build/AnchoredSequenceCore.DependencyStaticMetadataFileList

WriteAuxiliaryFile /tmp/MYR175-Clean-iOS-DD/Build/Intermediates.noindex/AnchoredSequenceCore.build/Debug-iphonesimulator/AnchoredSequenceCore.build/AnchoredSequenceCore.DependencyMetadataFileList (in target 'AnchoredSequenceCore' from project 'AnchoredSequenceCore')
    cd /Users/runner/work/MyRAM-iOS/MyRAM-iOS/MyRAM-iOS/Packages/AnchoredSequenceCore
    write-file /tmp/MYR175-Clean-iOS-DD/Build/Intermediates.noindex/AnchoredSequenceCore.build/Debug-iphonesimulator/AnchoredSequenceCore.build/AnchoredSequenceCore.DependencyMetadataFileList

WriteAuxiliaryFile /tmp/MYR175-Clean-iOS-DD/Build/Intermediates.noindex/AnchoredSequenceCore.build/Debug-iphonesimulator/AnchoredSequenceCore\ product.build/AnchoredSequenceCore_-65B9EEE52AB2106_PackageProduct.DependencyStaticMetadataFileList (in target 'AnchoredSequenceCore' from project 'AnchoredSequenceCore')
    cd /Users/runner/work/MyRAM-iOS/MyRAM-iOS/MyRAM-iOS/Packages/AnchoredSequenceCore
    write-file /tmp/MYR175-Clean-iOS-DD/Build/Intermediates.noindex/AnchoredSequenceCore.build/Debug-iphonesimulator/AnchoredSequenceCore\ product.build/AnchoredSequenceCore_-65B9EEE52AB2106_PackageProduct.DependencyStaticMetadataFileList

Copy /tmp/MYR175-Clean-iOS-DD/Build/Intermediates.noindex/GeneratedModuleMaps-iphonesimulator/AnchoredSequenceCore.modulemap /tmp/MYR175-Clean-iOS-DD/Build/Intermediates.noindex/AnchoredSequenceCore.build/Debug-iphonesimulator/AnchoredSequenceCore.build/AnchoredSequenceCore.modulemap (in target 'AnchoredSequenceCore' from project 'AnchoredSequenceCore')
    cd /Users/runner/work/MyRAM-iOS/MyRAM-iOS/MyRAM-iOS/Packages/AnchoredSequenceCore
    builtin-copy -exclude .DS_Store -exclude CVS -exclude .svn -exclude .git -exclude .hg -resolve-src-symlinks /tmp/MYR175-Clean-iOS-DD/Build/Intermediates.noindex/AnchoredSequenceCore.build/Debug-iphonesimulator/AnchoredSequenceCore.build/AnchoredSequenceCore.modulemap /tmp/MYR175-Clean-iOS-DD/Build/Intermediates.noindex/GeneratedModuleMaps-iphonesimulator

WriteAuxiliaryFile /tmp/MYR175-Clean-iOS-DD/Build/Intermediates.noindex/AnchoredSequenceCore.build/Debug-iphonesimulator/AnchoredSequenceCore\ product.build/AnchoredSequenceCore_-65B9EEE52AB2106_PackageProduct.DependencyMetadataFileList (in target 'AnchoredSequenceCore' from project 'AnchoredSequenceCore')
    cd /Users/runner/work/MyRAM-iOS/MyRAM-iOS/MyRAM-iOS/Packages/AnchoredSequenceCore
    write-file /tmp/MYR175-Clean-iOS-DD/Build/Intermediates.noindex/AnchoredSequenceCore.build/Debug-iphonesimulator/AnchoredSequenceCore\ product.build/AnchoredSequenceCore_-65B9EEE52AB2106_PackageProduct.DependencyMetadataFileList

MkDir /tmp/MYR175-Clean-iOS-DD/Build/Products/Debug-iphonesimulator/MyRAMWidgetExtension.appex (in target 'MyRAMWidgetExtension' from project 'MyRAM')
    cd /Users/runner/work/MyRAM-iOS/MyRAM-iOS/MyRAM-iOS
    /bin/mkdir -p /tmp/MYR175-Clean-iOS-DD/Build/Products/Debug-iphonesimulator/MyRAMWidgetExtension.appex

MkDir /tmp/MYR175-Clean-iOS-DD/Build/Products/Debug-iphonesimulator/MyRAMUITests-Runner.app/PlugIns/MyRAMUITests.xctest (in target 'MyRAMUITests' from project 'MyRAM')
    cd /Users/runner/work/MyRAM-iOS/MyRAM-iOS/MyRAM-iOS
    /bin/mkdir -p /tmp/MYR175-Clean-iOS-DD/Build/Products/Debug-iphonesimulator/MyRAMUITests-Runner.app/PlugIns/MyRAMUITests.xctest

MkDir /tmp/MYR175-Clean-iOS-DD/Build/Products/Debug-iphonesimulator/MyRAM.app/PlugIns/MyRAMTests.xctest/Frameworks (in target 'MyRAMTests' from project 'MyRAM')
    cd /Users/runner/work/MyRAM-iOS/MyRAM-iOS/MyRAM-iOS
    /bin/mkdir -p /tmp/MYR175-Clean-iOS-DD/Build/Products/Debug-iphonesimulator/MyRAM.app/PlugIns/MyRAMTests.xctest/Frameworks

MkDir /tmp/MYR175-Clean-iOS-DD/Build/Products/Debug-iphonesimulator/MyRAM.app/PlugIns/MyRAMTests.xctest (in target 'MyRAMTests' from project 'MyRAM')
    cd /Users/runner/work/MyRAM-iOS/MyRAM-iOS/MyRAM-iOS
    /bin/mkdir -p /tmp/MYR175-Clean-iOS-DD/Build/Products/Debug-iphonesimulator/MyRAM.app/PlugIns/MyRAMTests.xctest

MkDir /tmp/MYR175-Clean-iOS-DD/Build/Products/Debug-iphonesimulator/MyRAM.app/PlugIns (in target 'MyRAM' from project 'MyRAM')
    cd /Users/runner/work/MyRAM-iOS/MyRAM-iOS/MyRAM-iOS
    /bin/mkdir -p /tmp/MYR175-Clean-iOS-DD/Build/Products/Debug-iphonesimulator/MyRAM.app/PlugIns

MkDir /tmp/MYR175-Clean-iOS-DD/Build/Products/Debug-iphonesimulator/MyRAM.app/Frameworks (in target 'MyRAM' from project 'MyRAM')
    cd /Users/runner/work/MyRAM-iOS/MyRAM-iOS/MyRAM-iOS
    /bin/mkdir -p /tmp/MYR175-Clean-iOS-DD/Build/Products/Debug-iphonesimulator/MyRAM.app/Frameworks

MkDir /tmp/MYR175-Clean-iOS-DD/Build/Products/Debug-iphonesimulator/MyRAM.app (in target 'MyRAM' from project 'MyRAM')
    cd /Users/runner/work/MyRAM-iOS/MyRAM-iOS/MyRAM-iOS
    /bin/mkdir -p /tmp/MYR175-Clean-iOS-DD/Build/Products/Debug-iphonesimulator/MyRAM.app

MkDir /tmp/MYR175-Clean-iOS-DD/Build/Products/Debug-iphonesimulator/PackageFrameworks/AnchoredSequenceCore_-65B9EEE52AB2106_PackageProduct.framework (in target 'AnchoredSequenceCore' from project 'AnchoredSequenceCore')
    cd /Users/runner/work/MyRAM-iOS/MyRAM-iOS/MyRAM-iOS/Packages/AnchoredSequenceCore
    /bin/mkdir -p /tmp/MYR175-Clean-iOS-DD/Build/Products/Debug-iphonesimulator/PackageFrameworks/AnchoredSequenceCore_-65B9EEE52AB2106_PackageProduct.framework

Ld /tmp/MYR175-Clean-iOS-DD/Build/Products/Debug-iphonesimulator/MyRAMWidgetExtension.appex/__preview.dylib normal (in target 'MyRAMWidgetExtension' from project 'MyRAM')
    cd /Users/runner/work/MyRAM-iOS/MyRAM-iOS/MyRAM-iOS
    /Applications/Xcode_26.5.app/Contents/Developer/Toolchains/XcodeDefault.xctoolchain/usr/bin/clang -Xlinker -reproducible -target arm64-apple-ios17.0-simulator -dynamiclib -isysroot /Applications/Xcode_26.5.app/Contents/Developer/Platforms/iPhoneSimulator.platform/Developer/SDKs/iPhoneSimulator26.5.sdk -O0 -L/tmp/MYR175-Clean-iOS-DD/Build/Products/Debug-iphonesimulator -F/tmp/MYR175-Clean-iOS-DD/Build/Products/Debug-iphonesimulator -install_name @rpath/MyRAMWidgetExtension.debug.dylib -Xlinker -dead_strip -rdynamic -Xlinker -no_deduplicate -Xlinker -objc_abi_version -Xlinker 2 -Xlinker -dependency_info -Xlinker /tmp/MYR175-Clean-iOS-DD/Build/Intermediates.noindex/MyRAM.build/Debug-iphonesimulator/MyRAMWidgetExtension.build/Objects-normal/arm64/MyRAMWidgetExtension_dependency_info.dat -o /tmp/MYR175-Clean-iOS-DD/Build/Products/Debug-iphonesimulator/MyRAMWidgetExtension.appex/__preview.dylib

MkDir /tmp/MYR175-Clean-iOS-DD/Build/Intermediates.noindex/MyRAM.build/Debug-iphonesimulator/MyRAMWidgetExtension.build/assetcatalog_output/unthinned (in target 'MyRAMWidgetExtension' from project 'MyRAM')
    cd /Users/runner/work/MyRAM-iOS/MyRAM-iOS/MyRAM-iOS
    /bin/mkdir -p /tmp/MYR175-Clean-iOS-DD/Build/Intermediates.noindex/MyRAM.build/Debug-iphonesimulator/MyRAMWidgetExtension.build/assetcatalog_output/unthinned

MkDir /tmp/MYR175-Clean-iOS-DD/Build/Intermediates.noindex/MyRAM.build/Debug-iphonesimulator/MyRAMWidgetExtension.build/assetcatalog_output/thinned (in target 'MyRAMWidgetExtension' from project 'MyRAM')
    cd /Users/runner/work/MyRAM-iOS/MyRAM-iOS/MyRAM-iOS
    /bin/mkdir -p /tmp/MYR175-Clean-iOS-DD/Build/Intermediates.noindex/MyRAM.build/Debug-iphonesimulator/MyRAMWidgetExtension.build/assetcatalog_output/thinned

GenerateAssetSymbols /Users/runner/work/MyRAM-iOS/MyRAM-iOS/MyRAM-iOS/MyRAMWidget/Assets.xcassets (in target 'MyRAMWidgetExtension' from project 'MyRAM')
    cd /Users/runner/work/MyRAM-iOS/MyRAM-iOS/MyRAM-iOS
    /Applications/Xcode_26.5.app/Contents/Developer/usr/bin/actool /Users/runner/work/MyRAM-iOS/MyRAM-iOS/MyRAM-iOS/MyRAMWidget/Assets.xcassets --compile /tmp/MYR175-Clean-iOS-DD/Build/Products/Debug-iphonesimulator/MyRAMWidgetExtension.appex --output-format human-readable-text --notices --warnings --export-dependency-info /tmp/MYR175-Clean-iOS-DD/Build/Intermediates.noindex/MyRAM.build/Debug-iphonesimulator/MyRAMWidgetExtension.build/assetcatalog_dependencies --output-partial-info-plist /tmp/MYR175-Clean-iOS-DD/Build/Intermediates.noindex/MyRAM.build/Debug-iphonesimulator/MyRAMWidgetExtension.build/assetcatalog_generated_info.plist --accent-color AccentColor --widget-background-color WidgetBackground --compress-pngs --enable-on-demand-resources NO --standalone-icon-behavior all --development-region en --target-device iphone --target-device ipad --minimum-deployment-target 17.0 --platform iphonesimulator --bundle-identifier com.northsignalstudio.myram.dev.widget --generate-swift-asset-symbols /tmp/MYR175-Clean-iOS-DD/Build/Intermediates.noindex/MyRAM.build/Debug-iphonesimulator/MyRAMWidgetExtension.build/DerivedSources/GeneratedAssetSymbols.swift --generate-objc-asset-symbols /tmp/MYR175-Clean-iOS-DD/Build/Intermediates.noindex/MyRAM.build/Debug-iphonesimulator/MyRAMWidgetExtension.build/DerivedSources/GeneratedAssetSymbols.h --generate-asset-symbol-index /tmp/MYR175-Clean-iOS-DD/Build/Intermediates.noindex/MyRAM.build/Debug-iphonesimulator/MyRAMWidgetExtension.build/DerivedSources/GeneratedAssetSymbols-Index.plist
/* com.apple.actool.compilation-results */
/tmp/MYR175-Clean-iOS-DD/Build/Intermediates.noindex/MyRAM.build/Debug-iphonesimulator/MyRAMWidgetExtension.build/DerivedSources/GeneratedAssetSymbols-Index.plist
/tmp/MYR175-Clean-iOS-DD/Build/Intermediates.noindex/MyRAM.build/Debug-iphonesimulator/MyRAMWidgetExtension.build/DerivedSources/GeneratedAssetSymbols.h
/tmp/MYR175-Clean-iOS-DD/Build/Intermediates.noindex/MyRAM.build/Debug-iphonesimulator/MyRAMWidgetExtension.build/DerivedSources/GeneratedAssetSymbols.swift


CompileAssetCatalogVariant thinned /tmp/MYR175-Clean-iOS-DD/Build/Products/Debug-iphonesimulator/MyRAMWidgetExtension.appex /Users/runner/work/MyRAM-iOS/MyRAM-iOS/MyRAM-iOS/MyRAMWidget/Assets.xcassets (in target 'MyRAMWidgetExtension' from project 'MyRAM')
    cd /Users/runner/work/MyRAM-iOS/MyRAM-iOS/MyRAM-iOS
    /Applications/Xcode_26.5.app/Contents/Developer/usr/bin/actool /Users/runner/work/MyRAM-iOS/MyRAM-iOS/MyRAM-iOS/MyRAMWidget/Assets.xcassets --compile /tmp/MYR175-Clean-iOS-DD/Build/Intermediates.noindex/MyRAM.build/Debug-iphonesimulator/MyRAMWidgetExtension.build/assetcatalog_output/thinned --output-format human-readable-text --notices --warnings --export-dependency-info /tmp/MYR175-Clean-iOS-DD/Build/Intermediates.noindex/MyRAM.build/Debug-iphonesimulator/MyRAMWidgetExtension.build/assetcatalog_dependencies_thinned --output-partial-info-plist /tmp/MYR175-Clean-iOS-DD/Build/Intermediates.noindex/MyRAM.build/Debug-iphonesimulator/MyRAMWidgetExtension.build/assetcatalog_generated_info.plist_thinned --accent-color AccentColor --widget-background-color WidgetBackground --compress-pngs --enable-on-demand-resources NO --standalone-icon-behavior all --filter-for-thinning-device-configuration iPhone18,3 --filter-for-device-os-version 26.5 --development-region en --target-device iphone --target-device ipad --minimum-deployment-target 17.0 --platform iphonesimulator
/* com.apple.actool.compilation-results */
/tmp/MYR175-Clean-iOS-DD/Build/Intermediates.noindex/MyRAM.build/Debug-iphonesimulator/MyRAMWidgetExtension.build/assetcatalog_generated_info.plist_thinned


LinkAssetCatalog /Users/runner/work/MyRAM-iOS/MyRAM-iOS/MyRAM-iOS/MyRAMWidget/Assets.xcassets (in target 'MyRAMWidgetExtension' from project 'MyRAM')
    cd /Users/runner/work/MyRAM-iOS/MyRAM-iOS/MyRAM-iOS
    builtin-linkAssetCatalog --thinned /tmp/MYR175-Clean-iOS-DD/Build/Intermediates.noindex/MyRAM.build/Debug-iphonesimulator/MyRAMWidgetExtension.build/assetcatalog_output/thinned --thinned-dependencies /tmp/MYR175-Clean-iOS-DD/Build/Intermediates.noindex/MyRAM.build/Debug-iphonesimulator/MyRAMWidgetExtension.build/assetcatalog_dependencies_thinned --thinned-info-plist-content /tmp/MYR175-Clean-iOS-DD/Build/Intermediates.noindex/MyRAM.build/Debug-iphonesimulator/MyRAMWidgetExtension.build/assetcatalog_generated_info.plist_thinned --unthinned /tmp/MYR175-Clean-iOS-DD/Build/Intermediates.noindex/MyRAM.build/Debug-iphonesimulator/MyRAMWidgetExtension.build/assetcatalog_output/unthinned --unthinned-dependencies /tmp/MYR175-Clean-iOS-DD/Build/Intermediates.noindex/MyRAM.build/Debug-iphonesimulator/MyRAMWidgetExtension.build/assetcatalog_dependencies_unthinned --unthinned-info-plist-content /tmp/MYR175-Clean-iOS-DD/Build/Intermediates.noindex/MyRAM.build/Debug-iphonesimulator/MyRAMWidgetExtension.build/assetcatalog_generated_info.plist_unthinned --output /tmp/MYR175-Clean-iOS-DD/Build/Products/Debug-iphonesimulator/MyRAMWidgetExtension.appex --plist-output /tmp/MYR175-Clean-iOS-DD/Build/Intermediates.noindex/MyRAM.build/Debug-iphonesimulator/MyRAMWidgetExtension.build/assetcatalog_generated_info.plist

ProcessInfoPlistFile /tmp/MYR175-Clean-iOS-DD/Build/Products/Debug-iphonesimulator/MyRAMWidgetExtension.appex/Info.plist /Users/runner/work/MyRAM-iOS/MyRAM-iOS/MyRAM-iOS/MyRAMWidget/Info.plist (in target 'MyRAMWidgetExtension' from project 'MyRAM')
    cd /Users/runner/work/MyRAM-iOS/MyRAM-iOS/MyRAM-iOS
    builtin-infoPlistUtility /Users/runner/work/MyRAM-iOS/MyRAM-iOS/MyRAM-iOS/MyRAMWidget/Info.plist -producttype com.apple.product-type.app-extension -expandbuildsettings -format binary -platform iphonesimulator -additionalcontentfile /tmp/MYR175-Clean-iOS-DD/Build/Intermediates.noindex/MyRAM.build/Debug-iphonesimulator/MyRAMWidgetExtension.build/assetcatalog_generated_info.plist -o /tmp/MYR175-Clean-iOS-DD/Build/Products/Debug-iphonesimulator/MyRAMWidgetExtension.appex/Info.plist

SwiftDriver NearbySyncCore normal arm64 com.apple.xcode.tools.swift.compiler (in target 'NearbySyncCore' from project 'NearbySyncCore')
    cd /Users/runner/work/MyRAM-iOS/MyRAM-iOS/MyRAM-iOS/MyRAM.xcodeproj
    builtin-SwiftDriver -- /Applications/Xcode_26.5.app/Contents/Developer/Toolchains/XcodeDefault.xctoolchain/usr/bin/swiftc -module-name NearbySyncCore -Onone @/tmp/MYR175-Clean-iOS-DD/Build/Intermediates.noindex/NearbySyncCore.build/Debug-iphonesimulator/NearbySyncCore.build/Objects-normal/arm64/NearbySyncCore.SwiftFileList -DSWIFT_PACKAGE -DDEBUG -DSWIFT_MODULE_RESOURCE_BUNDLE_UNAVAILABLE -DXcode -plugin-path /Applications/Xcode_26.5.app/Contents/Developer/Toolchains/XcodeDefault.xctoolchain/usr/lib/swift/host/plugins/testing -enable-experimental-feature DebugDescriptionMacro -sdk /Applications/Xcode_26.5.app/Contents/Developer/Platforms/iPhoneSimulator.platform/Developer/SDKs/iPhoneSimulator26.5.sdk -target arm64-apple-ios17.0-simulator -g -module-cache-path /tmp/MYR175-Clean-iOS-DD/ModuleCache.noindex -Xfrontend -serialize-debugging-options -enable-testing -suppress-warnings -index-store-path /tmp/MYR175-Clean-iOS-DD/Index.noindex/DataStore -Xcc -D_LIBCPP_HARDENING_MODE\=_LIBCPP_HARDENING_MODE_DEBUG -swift-version 5 -I /tmp/MYR175-Clean-iOS-DD/Build/Products/Debug-iphonesimulator -Isystem /Applications/Xcode_26.5.app/Contents/Developer/Platforms/iPhoneSimulator.platform/Developer/usr/lib -F /tmp/MYR175-Clean-iOS-DD/Build/Products/Debug-iphonesimulator -F /Applications/Xcode_26.5.app/Contents/Developer/Platforms/iPhoneSimulator.platform/Developer/Library/Frameworks -F /Applications/Xcode_26.5.app/Contents/Developer/Platforms/iPhoneSimulator.platform/Developer/SDKs/iPhoneSimulator26.5.sdk/Developer/Library/Frameworks -c -j3 -enable-batch-mode -incremental -Xcc -ivfsstatcache -Xcc /tmp/MYR175-Clean-iOS-DD/SDKStatCaches.noindex/iphonesimulator26.5-23F73-688ef53f1462e2c8f657fdc38a81448ffb7d586738ff35573a713a18216ade27.sdkstatcache -output-file-map /tmp/MYR175-Clean-iOS-DD/Build/Intermediates.noindex/NearbySyncCore.build/Debug-iphonesimulator/NearbySyncCore.build/Objects-normal/arm64/NearbySyncCore-OutputFileMap.json -use-frontend-parseable-output -save-temps -no-color-diagnostics -explicit-module-build -module-cache-path /tmp/MYR175-Clean-iOS-DD/Build/Intermediates.noindex/SwiftExplicitPrecompiledModules -clang-scanner-module-cache-path /tmp/MYR175-Clean-iOS-DD/ModuleCache.noindex -sdk-module-cache-path /tmp/MYR175-Clean-iOS-DD/ModuleCache.noindex -serialize-diagnostics -emit-dependencies -emit-module -emit-module-path /tmp/MYR175-Clean-iOS-DD/Build/Intermediates.noindex/NearbySyncCore.build/Debug-iphonesimulator/NearbySyncCore.build/Objects-normal/arm64/NearbySyncCore.swiftmodule -validate-clang-modules-once -clang-build-session-file /tmp/MYR175-Clean-iOS-DD/ModuleCache.noindex/Session.modulevalidation -package-name nearbysynccore -Xcc -I/tmp/MYR175-Clean-iOS-DD/Build/Intermediates.noindex/NearbySyncCore.build/Debug-iphonesimulator/NearbySyncCore.build/swift-overrides.hmap -emit-const-values -Xfrontend -const-gather-protocols-file -Xfrontend /tmp/MYR175-Clean-iOS-DD/Build/Intermediates.noindex/NearbySyncCore.build/Debug-iphonesimulator/NearbySyncCore.build/Objects-normal/arm64/NearbySyncCore_const_extract_protocols.json -Xcc -I/tmp/MYR175-Clean-iOS-DD/Build/Products/Debug-iphonesimulator/include -Xcc -I/tmp/MYR175-Clean-iOS-DD/Build/Intermediates.noindex/NearbySyncCore.build/Debug-iphonesimulator/NearbySyncCore.build/DerivedSources-normal/arm64 -Xcc -I/tmp/MYR175-Clean-iOS-DD/Build/Intermediates.noindex/NearbySyncCore.build/Debug-iphonesimulator/NearbySyncCore.build/DerivedSources/arm64 -Xcc -I/tmp/MYR175-Clean-iOS-DD/Build/Intermediates.noindex/NearbySyncCore.build/Debug-iphonesimulator/NearbySyncCore.build/DerivedSources -Xcc -DSWIFT_PACKAGE -Xcc -DDEBUG\=1 -emit-objc-header -emit-objc-header-path /tmp/MYR175-Clean-iOS-DD/Build/Intermediates.noindex/NearbySyncCore.build/Debug-iphonesimulator/NearbySyncCore.build/Objects-normal/arm64/NearbySyncCore-Swift.h -working-directory /Users/runner/work/MyRAM-iOS/MyRAM-iOS/MyRAM-iOS/MyRAM.xcodeproj -experimental-emit-module-separately -disable-cmo

SwiftDriver MyRAMWidgetExtension normal arm64 com.apple.xcode.tools.swift.compiler (in target 'MyRAMWidgetExtension' from project 'MyRAM')
    cd /Users/runner/work/MyRAM-iOS/MyRAM-iOS/MyRAM-iOS
    builtin-SwiftDriver -- /Applications/Xcode_26.5.app/Contents/Developer/Toolchains/XcodeDefault.xctoolchain/usr/bin/swiftc -module-name MyRAMWidgetExtension -Onone @/tmp/MYR175-Clean-iOS-DD/Build/Intermediates.noindex/MyRAM.build/Debug-iphonesimulator/MyRAMWidgetExtension.build/Objects-normal/arm64/MyRAMWidgetExtension.SwiftFileList -DDEBUG -enable-bare-slash-regex -enable-upcoming-feature DisableOutwardActorInference -enable-upcoming-feature InferSendableFromCaptures -enable-upcoming-feature GlobalActorIsolatedTypesUsability -enable-upcoming-feature MemberImportVisibility -enable-upcoming-feature InferIsolatedConformances -enable-upcoming-feature NonisolatedNonsendingByDefault -enable-experimental-feature DebugDescriptionMacro -sdk /Applications/Xcode_26.5.app/Contents/Developer/Platforms/iPhoneSimulator.platform/Developer/SDKs/iPhoneSimulator26.5.sdk -target arm64-apple-ios17.0-simulator -g -module-cache-path /tmp/MYR175-Clean-iOS-DD/ModuleCache.noindex -Xfrontend -serialize-debugging-options -application-extension -enable-testing -index-store-path /tmp/MYR175-Clean-iOS-DD/Index.noindex/DataStore -Xcc -D_LIBCPP_HARDENING_MODE\=_LIBCPP_HARDENING_MODE_DEBUG -swift-version 5 -I /tmp/MYR175-Clean-iOS-DD/Build/Products/Debug-iphonesimulator -F /tmp/MYR175-Clean-iOS-DD/Build/Products/Debug-iphonesimulator -emit-localized-strings -emit-localized-strings-path /tmp/MYR175-Clean-iOS-DD/Build/Intermediates.noindex/MyRAM.build/Debug-iphonesimulator/MyRAMWidgetExtension.build/Objects-normal/arm64 -c -j3 -enable-batch-mode -incremental -Xcc -ivfsstatcache -Xcc /tmp/MYR175-Clean-iOS-DD/SDKStatCaches.noindex/iphonesimulator26.5-23F73-688ef53f1462e2c8f657fdc38a81448ffb7d586738ff35573a713a18216ade27.sdkstatcache -output-file-map /tmp/MYR175-Clean-iOS-DD/Build/Intermediates.noindex/MyRAM.build/Debug-iphonesimulator/MyRAMWidgetExtension.build/Objects-normal/arm64/MyRAMWidgetExtension-OutputFileMap.json -use-frontend-parseable-output -save-temps -no-color-diagnostics -explicit-module-build -module-cache-path /tmp/MYR175-Clean-iOS-DD/Build/Intermediates.noindex/SwiftExplicitPrecompiledModules -clang-scanner-module-cache-path /tmp/MYR175-Clean-iOS-DD/ModuleCache.noindex -sdk-module-cache-path /tmp/MYR175-Clean-iOS-DD/ModuleCache.noindex -serialize-diagnostics -emit-dependencies -emit-module -emit-module-path /tmp/MYR175-Clean-iOS-DD/Build/Intermediates.noindex/MyRAM.build/Debug-iphonesimulator/MyRAMWidgetExtension.build/Objects-normal/arm64/MyRAMWidgetExtension.swiftmodule -validate-clang-modules-once -clang-build-session-file /tmp/MYR175-Clean-iOS-DD/ModuleCache.noindex/Session.modulevalidation -Xcc -I/tmp/MYR175-Clean-iOS-DD/Build/Intermediates.noindex/MyRAM.build/Debug-iphonesimulator/MyRAMWidgetExtension.build/swift-overrides.hmap -emit-const-values -Xfrontend -const-gather-protocols-file -Xfrontend /tmp/MYR175-Clean-iOS-DD/Build/Intermediates.noindex/MyRAM.build/Debug-iphonesimulator/MyRAMWidgetExtension.build/Objects-normal/arm64/MyRAMWidgetExtension_const_extract_protocols.json -Xcc -iquote -Xcc /tmp/MYR175-Clean-iOS-DD/Build/Intermediates.noindex/MyRAM.build/Debug-iphonesimulator/MyRAMWidgetExtension.build/MyRAMWidgetExtension-generated-files.hmap -Xcc -I/tmp/MYR175-Clean-iOS-DD/Build/Intermediates.noindex/MyRAM.build/Debug-iphonesimulator/MyRAMWidgetExtension.build/MyRAMWidgetExtension-own-target-headers.hmap -Xcc -I/tmp/MYR175-Clean-iOS-DD/Build/Intermediates.noindex/MyRAM.build/Debug-iphonesimulator/MyRAMWidgetExtension.build/MyRAMWidgetExtension-all-non-framework-target-headers.hmap -Xcc -ivfsoverlay -Xcc /tmp/MYR175-Clean-iOS-DD/Build/Intermediates.noindex/MyRAM.build/Debug-iphonesimulator/MyRAM-98a9cbde253e8e955bc92731eb290203-VFS-iphonesimulator/all-product-headers.yaml -Xcc -iquote -Xcc /tmp/MYR175-Clean-iOS-DD/Build/Intermediates.noindex/MyRAM.build/Debug-iphonesimulator/MyRAMWidgetExtension.build/MyRAMWidgetExtension-project-headers.hmap -Xcc -I/tmp/MYR175-Clean-iOS-DD/Build/Products/Debug-iphonesimulator/include -Xcc -I/tmp/MYR175-Clean-iOS-DD/Build/Intermediates.noindex/MyRAM.build/Debug-iphonesimulator/MyRAMWidgetExtension.build/DerivedSources-normal/arm64 -Xcc -I/tmp/MYR175-Clean-iOS-DD/Build/Intermediates.noindex/MyRAM.build/Debug-iphonesimulator/MyRAMWidgetExtension.build/DerivedSources/arm64 -Xcc -I/tmp/MYR175-Clean-iOS-DD/Build/Intermediates.noindex/MyRAM.build/Debug-iphonesimulator/MyRAMWidgetExtension.build/DerivedSources -Xcc -DDEBUG\=1 -emit-objc-header -emit-objc-header-path /tmp/MYR175-Clean-iOS-DD/Build/Intermediates.noindex/MyRAM.build/Debug-iphonesimulator/MyRAMWidgetExtension.build/Objects-normal/arm64/MyRAMWidgetExtension-Swift.h -working-directory /Users/runner/work/MyRAM-iOS/MyRAM-iOS/MyRAM-iOS -experimental-emit-module-separately -disable-cmo

SwiftDriver AnchoredSequenceCore normal arm64 com.apple.xcode.tools.swift.compiler (in target 'AnchoredSequenceCore' from project 'AnchoredSequenceCore')
    cd /Users/runner/work/MyRAM-iOS/MyRAM-iOS/MyRAM-iOS/MyRAM.xcodeproj
    builtin-SwiftDriver -- /Applications/Xcode_26.5.app/Contents/Developer/Toolchains/XcodeDefault.xctoolchain/usr/bin/swiftc -module-name AnchoredSequenceCore -Onone @/tmp/MYR175-Clean-iOS-DD/Build/Intermediates.noindex/AnchoredSequenceCore.build/Debug-iphonesimulator/AnchoredSequenceCore.build/Objects-normal/arm64/AnchoredSequenceCore.SwiftFileList -DSWIFT_PACKAGE -DDEBUG -DSWIFT_MODULE_RESOURCE_BUNDLE_UNAVAILABLE -DXcode -plugin-path /Applications/Xcode_26.5.app/Contents/Developer/Toolchains/XcodeDefault.xctoolchain/usr/lib/swift/host/plugins/testing -enable-experimental-feature DebugDescriptionMacro -sdk /Applications/Xcode_26.5.app/Contents/Developer/Platforms/iPhoneSimulator.platform/Developer/SDKs/iPhoneSimulator26.5.sdk -target arm64-apple-ios17.0-simulator -g -module-cache-path /tmp/MYR175-Clean-iOS-DD/ModuleCache.noindex -Xfrontend -serialize-debugging-options -enable-testing -suppress-warnings -index-store-path /tmp/MYR175-Clean-iOS-DD/Index.noindex/DataStore -Xcc -D_LIBCPP_HARDENING_MODE\=_LIBCPP_HARDENING_MODE_DEBUG -swift-version 5 -I /tmp/MYR175-Clean-iOS-DD/Build/Products/Debug-iphonesimulator -Isystem /Applications/Xcode_26.5.app/Contents/Developer/Platforms/iPhoneSimulator.platform/Developer/usr/lib -F /tmp/MYR175-Clean-iOS-DD/Build/Products/Debug-iphonesimulator -F /Applications/Xcode_26.5.app/Contents/Developer/Platforms/iPhoneSimulator.platform/Developer/Library/Frameworks -F /Applications/Xcode_26.5.app/Contents/Developer/Platforms/iPhoneSimulator.platform/Developer/SDKs/iPhoneSimulator26.5.sdk/Developer/Library/Frameworks -c -j3 -enable-batch-mode -incremental -Xcc -ivfsstatcache -Xcc /tmp/MYR175-Clean-iOS-DD/SDKStatCaches.noindex/iphonesimulator26.5-23F73-688ef53f1462e2c8f657fdc38a81448ffb7d586738ff35573a713a18216ade27.sdkstatcache -output-file-map /tmp/MYR175-Clean-iOS-DD/Build/Intermediates.noindex/AnchoredSequenceCore.build/Debug-iphonesimulator/AnchoredSequenceCore.build/Objects-normal/arm64/AnchoredSequenceCore-OutputFileMap.json -use-frontend-parseable-output -save-temps -no-color-diagnostics -explicit-module-build -module-cache-path /tmp/MYR175-Clean-iOS-DD/Build/Intermediates.noindex/SwiftExplicitPrecompiledModules -clang-scanner-module-cache-path /tmp/MYR175-Clean-iOS-DD/ModuleCache.noindex -sdk-module-cache-path /tmp/MYR175-Clean-iOS-DD/ModuleCache.noindex -serialize-diagnostics -emit-dependencies -emit-module -emit-module-path /tmp/MYR175-Clean-iOS-DD/Build/Intermediates.noindex/AnchoredSequenceCore.build/Debug-iphonesimulator/AnchoredSequenceCore.build/Objects-normal/arm64/AnchoredSequenceCore.swiftmodule -validate-clang-modules-once -clang-build-session-file /tmp/MYR175-Clean-iOS-DD/ModuleCache.noindex/Session.modulevalidation -package-name anchoredsequencecore -Xcc -I/tmp/MYR175-Clean-iOS-DD/Build/Intermediates.noindex/AnchoredSequenceCore.build/Debug-iphonesimulator/AnchoredSequenceCore.build/swift-overrides.hmap -emit-const-values -Xfrontend -const-gather-protocols-file -Xfrontend /tmp/MYR175-Clean-iOS-DD/Build/Intermediates.noindex/AnchoredSequenceCore.build/Debug-iphonesimulator/AnchoredSequenceCore.build/Objects-normal/arm64/AnchoredSequenceCore_const_extract_protocols.json -Xcc -I/tmp/MYR175-Clean-iOS-DD/Build/Products/Debug-iphonesimulator/include -Xcc -I/tmp/MYR175-Clean-iOS-DD/Build/Intermediates.noindex/AnchoredSequenceCore.build/Debug-iphonesimulator/AnchoredSequenceCore.build/DerivedSources-normal/arm64 -Xcc -I/tmp/MYR175-Clean-iOS-DD/Build/Intermediates.noindex/AnchoredSequenceCore.build/Debug-iphonesimulator/AnchoredSequenceCore.build/DerivedSources/arm64 -Xcc -I/tmp/MYR175-Clean-iOS-DD/Build/Intermediates.noindex/AnchoredSequenceCore.build/Debug-iphonesimulator/AnchoredSequenceCore.build/DerivedSources -Xcc -DSWIFT_PACKAGE -Xcc -DDEBUG\=1 -emit-objc-header -emit-objc-header-path /tmp/MYR175-Clean-iOS-DD/Build/Intermediates.noindex/AnchoredSequenceCore.build/Debug-iphonesimulator/AnchoredSequenceCore.build/Objects-normal/arm64/AnchoredSequenceCore-Swift.h -working-directory /Users/runner/work/MyRAM-iOS/MyRAM-iOS/MyRAM-iOS/MyRAM.xcodeproj -experimental-emit-module-separately -disable-cmo

SwiftExplicitDependencyGeneratePcm arm64 /tmp/MYR175-Clean-iOS-DD/ModuleCache.noindex/_Builtin_stdbool-4JWKJNPJDXFKM78OL7GLX06NN.pcm

SwiftExplicitDependencyGeneratePcm arm64 /tmp/MYR175-Clean-iOS-DD/ModuleCache.noindex/_SwiftConcurrencyShims-ETJTD7F9EU4H9F9HC0DYVDLBB.pcm

SwiftExplicitDependencyGeneratePcm arm64 /tmp/MYR175-Clean-iOS-DD/ModuleCache.noindex/ptrauth-DN9ESY78TONL0TDU2C88ATJOL.pcm

SwiftExplicitDependencyGeneratePcm arm64 /tmp/MYR175-Clean-iOS-DD/ModuleCache.noindex/_Builtin_float-9NLTOINXAG0RQDL80FF82IRSE.pcm

SwiftExplicitDependencyGeneratePcm arm64 /tmp/MYR175-Clean-iOS-DD/ModuleCache.noindex/ptrcheck-EFR2BDXAZMBKLDOQKJFF4IPIG.pcm

SwiftExplicitDependencyGeneratePcm arm64 /tmp/MYR175-Clean-iOS-DD/ModuleCache.noindex/_AvailabilityInternal-D6NNYI4V0QNJAMIOIFN1QYFR4.pcm

SwiftExplicitDependencyGeneratePcm arm64 /tmp/MYR175-Clean-iOS-DD/ModuleCache.noindex/_Builtin_stdarg-1OXIPZUEFV27JYFSZNUMYONYS.pcm

SwiftExplicitDependencyGeneratePcm arm64 /tmp/MYR175-Clean-iOS-DD/ModuleCache.noindex/SwiftShims-8K6HEL9PNB9NUTZLLP6IU2RXD.pcm

SwiftExplicitDependencyGeneratePcm arm64 /tmp/MYR175-Clean-iOS-DD/ModuleCache.noindex/_Builtin_stddef-64IFUYZ1E0I0QHK97PBUDEJ1T.pcm

SwiftExplicitDependencyGeneratePcm arm64 /tmp/MYR175-Clean-iOS-DD/ModuleCache.noindex/_DarwinFoundation1-CU823L5AFXAK2CCWRKMS78MYE.pcm

SwiftExplicitDependencyGeneratePcm arm64 /tmp/MYR175-Clean-iOS-DD/ModuleCache.noindex/_DarwinFoundation2-H8SGI6X3OKHVVY6ZTWB1T1Z3.pcm

SwiftExplicitDependencyGeneratePcm arm64 /tmp/MYR175-Clean-iOS-DD/ModuleCache.noindex/_Builtin_limits-2FK526IWUZJQH9ABDW2VGYE37.pcm

SwiftExplicitDependencyGeneratePcm arm64 /tmp/MYR175-Clean-iOS-DD/ModuleCache.noindex/_Builtin_stdint-1LTG8H3WY45R78TSIXTJUJSZM.pcm

SwiftExplicitDependencyGeneratePcm arm64 /tmp/MYR175-Clean-iOS-DD/ModuleCache.noindex/sys_types-5W1EKISZFOQSS979QUTSHVAQH.pcm

SwiftExplicitDependencyGeneratePcm arm64 /tmp/MYR175-Clean-iOS-DD/ModuleCache.noindex/_DarwinFoundation3-D3F16PQRIBMNETI9J043SZE9K.pcm

SwiftExplicitDependencyGeneratePcm arm64 /tmp/MYR175-Clean-iOS-DD/ModuleCache.noindex/_Builtin_inttypes-15QSBSWFTW6R0Z1W05AX5IVFC.pcm

SwiftExplicitDependencyGeneratePcm arm64 /tmp/MYR175-Clean-iOS-DD/ModuleCache.noindex/ptrauth-EZT87QRQNO9DRU43U4A3IC2M5.pcm

SwiftExplicitDependencyGeneratePcm arm64 /tmp/MYR175-Clean-iOS-DD/ModuleCache.noindex/_AvailabilityInternal-B0RFKU9J3WSP5H2TPEK1TX9OG.pcm

SwiftExplicitDependencyGeneratePcm arm64 /tmp/MYR175-Clean-iOS-DD/ModuleCache.noindex/ActivityKit-8HLOIZLN146GPMYSDYOARISQ1.pcm

SwiftExplicitDependencyGeneratePcm arm64 /tmp/MYR175-Clean-iOS-DD/ModuleCache.noindex/_SwiftConcurrencyShims-8IYL9914H4RG4WH7AS72XTP4W.pcm

SwiftExplicitDependencyGeneratePcm arm64 /tmp/MYR175-Clean-iOS-DD/ModuleCache.noindex/Darwin-E2DO355WMBD51V495QZI2OD2X.pcm

SwiftExplicitDependencyGeneratePcm arm64 /tmp/MYR175-Clean-iOS-DD/ModuleCache.noindex/_Builtin_stdarg-5OI3DKC9I2U5E6P6TT5XOFGS7.pcm

SwiftExplicitDependencyGeneratePcm arm64 /tmp/MYR175-Clean-iOS-DD/ModuleCache.noindex/SwiftShims-265O4HIE2NDF173EGU3CNIP5.pcm

SwiftExplicitDependencyGeneratePcm arm64 /tmp/MYR175-Clean-iOS-DD/ModuleCache.noindex/_Builtin_stddef-BRSLD357D1O3BKX5CMDYI4OXI.pcm

SwiftExplicitDependencyGeneratePcm arm64 /tmp/MYR175-Clean-iOS-DD/ModuleCache.noindex/ptrcheck-JNTMMTSU8LCLC6G0W1UWCKOW.pcm

SwiftExplicitDependencyGeneratePcm arm64 /tmp/MYR175-Clean-iOS-DD/ModuleCache.noindex/DeveloperToolsSupport-3AD285CR7KKVFRSIQXUYEJ4NJ.pcm

SwiftExplicitDependencyGeneratePcm arm64 /tmp/MYR175-Clean-iOS-DD/ModuleCache.noindex/_Builtin_stdbool-7A6YCFQPA6MY06TYOT5J8GRHI.pcm

SwiftExplicitDependencyGeneratePcm arm64 /tmp/MYR175-Clean-iOS-DD/ModuleCache.noindex/_Builtin_float-AA8EEJND537HPK8J60VFRLFMU.pcm

SwiftExplicitDependencyGeneratePcm arm64 /tmp/MYR175-Clean-iOS-DD/ModuleCache.noindex/_DarwinFoundation1-3CWEYV0D7MCO7JSH1SV93COGV.pcm

SwiftExplicitDependencyGeneratePcm arm64 /tmp/MYR175-Clean-iOS-DD/ModuleCache.noindex/_DarwinFoundation2-2UXMXBZJAHZ0ZUSM5EWCWSNW5.pcm

SwiftExplicitDependencyGeneratePcm arm64 /tmp/MYR175-Clean-iOS-DD/ModuleCache.noindex/_Builtin_limits-C4ELIIHA721PLE2UAR8VZ0FGF.pcm

SwiftExplicitDependencyGeneratePcm arm64 /tmp/MYR175-Clean-iOS-DD/ModuleCache.noindex/ExtensionFoundation-40PV6TQJ1UB6F570O2HFI1D02.pcm

SwiftExplicitDependencyGeneratePcm arm64 /tmp/MYR175-Clean-iOS-DD/ModuleCache.noindex/_Builtin_tgmath-AO91HE2CU6EG6LYCHJQHJDMLB.pcm

SwiftExplicitDependencyGeneratePcm arm64 /tmp/MYR175-Clean-iOS-DD/ModuleCache.noindex/sys_types-A6NMID1QNF1RN4034AGCEWA29.pcm

SwiftExplicitDependencyGeneratePcm arm64 /tmp/MYR175-Clean-iOS-DD/ModuleCache.noindex/ObjectiveC-9QX7OFSUHVJZEN076VCO0G5F5.pcm

SwiftExplicitDependencyGeneratePcm arm64 /tmp/MYR175-Clean-iOS-DD/ModuleCache.noindex/_Builtin_stdint-6WZLPY509W3HMXXLE513T7130.pcm

SwiftExplicitDependencyGeneratePcm arm64 /tmp/MYR175-Clean-iOS-DD/ModuleCache.noindex/os_object-4DNI64TNO3NLZ6NFF1FTPC2RC.pcm

SwiftExplicitDependencyGeneratePcm arm64 /tmp/MYR175-Clean-iOS-DD/ModuleCache.noindex/_DarwinFoundation3-E0CZHPFYPU9S52UKB4G5422T9.pcm

SwiftExplicitDependencyGeneratePcm arm64 /tmp/MYR175-Clean-iOS-DD/ModuleCache.noindex/_Builtin_stdatomic-BXV46E4NWSTHZ42C3S0FGHODG.pcm

SwiftExplicitDependencyGeneratePcm arm64 /tmp/MYR175-Clean-iOS-DD/ModuleCache.noindex/_Builtin_intrinsics-DM7SAKT00AU5XXEKVJ9QLWF2K.pcm

SwiftExplicitDependencyGeneratePcm arm64 /tmp/MYR175-Clean-iOS-DD/ModuleCache.noindex/os_workgroup-FXALLQZHUW4P8Z9Z9PX5KM1F.pcm

SwiftExplicitDependencyGeneratePcm arm64 /tmp/MYR175-Clean-iOS-DD/ModuleCache.noindex/_Builtin_inttypes-11RRKTQQ4TJIFUDSDWQGX8TM.pcm

SwiftExplicitDependencyGeneratePcm arm64 /tmp/MYR175-Clean-iOS-DD/ModuleCache.noindex/Dispatch-324MWZ8IVVWO1AA490PTU1MGF.pcm

SwiftExplicitDependencyGeneratePcm arm64 /tmp/MYR175-Clean-iOS-DD/ModuleCache.noindex/Darwin-6VJDO8SKE5KZ6464PIEAZHUHL.pcm

SwiftExplicitDependencyGeneratePcm arm64 /tmp/MYR175-Clean-iOS-DD/ModuleCache.noindex/XPC-6FN1H9ZD0YVX88ZRDK2MJZTOE.pcm

SwiftExplicitDependencyGeneratePcm arm64 /tmp/MYR175-Clean-iOS-DD/ModuleCache.noindex/CoreFoundation-EDOY6SA8EKRKO6FXKYM4ZCWED.pcm

SwiftExplicitDependencyGeneratePcm arm64 /tmp/MYR175-Clean-iOS-DD/ModuleCache.noindex/simd-2I952XO4BYF6LHMUGSSV7AGUB.pcm

SwiftExplicitDependencyGeneratePcm arm64 /tmp/MYR175-Clean-iOS-DD/ModuleCache.noindex/CFNetwork-1NHRZNA2F5EX0NMUEDZ28ZCB6.pcm

SwiftExplicitDependencyGeneratePcm arm64 /tmp/MYR175-Clean-iOS-DD/ModuleCache.noindex/Security-5VMAZ8OLD09KK4WL2P6SE2ZW5.pcm

SwiftExplicitDependencyGeneratePcm arm64 /tmp/MYR175-Clean-iOS-DD/ModuleCache.noindex/MachO-2T3WBU6G5HEB9ZV4GDC3YFP4T.pcm

SwiftExplicitDependencyGeneratePcm arm64 /tmp/MYR175-Clean-iOS-DD/ModuleCache.noindex/ObjectiveC-DPDD1OORR6SVGSXPCQ8JWNRSK.pcm

SwiftExplicitDependencyGeneratePcm arm64 /tmp/MYR175-Clean-iOS-DD/ModuleCache.noindex/Foundation-A09RTFITDCNE6GMDGGUVI8A0L.pcm

SwiftExplicitDependencyGeneratePcm arm64 /tmp/MYR175-Clean-iOS-DD/ModuleCache.noindex/os_object-CTQKXTSH13BAZ3PT46DCT8KH0.pcm

SwiftExplicitDependencyGeneratePcm arm64 /tmp/MYR175-Clean-iOS-DD/ModuleCache.noindex/os_workgroup-37XKOQMHQDAUX054ACBR241X3.pcm

SwiftExplicitDependencyGeneratePcm arm64 /tmp/MYR175-Clean-iOS-DD/ModuleCache.noindex/Spatial-AKTOB0MOMJZLCX820LPSJHXAS.pcm

SwiftExplicitDependencyGeneratePcm arm64 /tmp/MYR175-Clean-iOS-DD/ModuleCache.noindex/Dispatch-EM7Q3GF80VBGQUDDIQIT7XYTM.pcm

SwiftExplicitDependencyGeneratePcm arm64 /tmp/MYR175-Clean-iOS-DD/ModuleCache.noindex/XPC-4EUUYQKVSIVIMFMT1P1V62HBE.pcm

SwiftExplicitDependencyGeneratePcm arm64 /tmp/MYR175-Clean-iOS-DD/ModuleCache.noindex/CoreFoundation-6PBEMY48VB5M8RRG6ISNXOU2.pcm

SwiftExplicitDependencyGeneratePcm arm64 /tmp/MYR175-Clean-iOS-DD/ModuleCache.noindex/os-WR4OSAVYTXJD3TPRWDK67GKY.pcm

SwiftEmitModule normal arm64 Emitting\ module\ for\ NearbySyncCore (in target 'NearbySyncCore' from project 'NearbySyncCore')
EmitSwiftModule normal arm64 (in target 'NearbySyncCore' from project 'NearbySyncCore')
    cd /Users/runner/work/MyRAM-iOS/MyRAM-iOS/MyRAM-iOS/MyRAM.xcodeproj
    

SwiftExplicitDependencyGeneratePcm arm64 /tmp/MYR175-Clean-iOS-DD/ModuleCache.noindex/LocalAuthentication-B96EXDK4PZ1OQBEY1F4JD9SBQ.pcm

SwiftExplicitDependencyGeneratePcm arm64 /tmp/MYR175-Clean-iOS-DD/ModuleCache.noindex/dnssd-8EOP41D6ORXBW2T5HN307BIFH.pcm

SwiftExplicitDependencyGeneratePcm arm64 /tmp/MYR175-Clean-iOS-DD/ModuleCache.noindex/Security-164BOO9SUQJEQXITQIIJILHFT.pcm

SwiftExplicitDependencyGeneratePcm arm64 /tmp/MYR175-Clean-iOS-DD/ModuleCache.noindex/CFNetwork-24CIXRFQHSXYJE0SDZVC0UXUG.pcm

SwiftEmitModule normal arm64 Emitting\ module\ for\ AnchoredSequenceCore (in target 'AnchoredSequenceCore' from project 'AnchoredSequenceCore')
EmitSwiftModule normal arm64 (in target 'AnchoredSequenceCore' from project 'AnchoredSequenceCore')
    cd /Users/runner/work/MyRAM-iOS/MyRAM-iOS/MyRAM-iOS/MyRAM.xcodeproj
    

SwiftExplicitDependencyGeneratePcm arm64 /tmp/MYR175-Clean-iOS-DD/ModuleCache.noindex/CoreGraphics-5RZVFLO28ZC4FGNHWMIOVZY8.pcm

SwiftExplicitDependencyGeneratePcm arm64 /tmp/MYR175-Clean-iOS-DD/ModuleCache.noindex/Foundation-1Z6PW978CCPOFVHIV6M4AI9S1.pcm

SwiftDriverJobDiscovery normal arm64 Emitting module for NearbySyncCore (in target 'NearbySyncCore' from project 'NearbySyncCore')

SwiftDriver\ Compilation\ Requirements NearbySyncCore normal arm64 com.apple.xcode.tools.swift.compiler (in target 'NearbySyncCore' from project 'NearbySyncCore')
    cd /Users/runner/work/MyRAM-iOS/MyRAM-iOS/MyRAM-iOS/MyRAM.xcodeproj
    builtin-Swift-Compilation-Requirements -- /Applications/Xcode_26.5.app/Contents/Developer/Toolchains/XcodeDefault.xctoolchain/usr/bin/swiftc -module-name NearbySyncCore -Onone @/tmp/MYR175-Clean-iOS-DD/Build/Intermediates.noindex/NearbySyncCore.build/Debug-iphonesimulator/NearbySyncCore.build/Objects-normal/arm64/NearbySyncCore.SwiftFileList -DSWIFT_PACKAGE -DDEBUG -DSWIFT_MODULE_RESOURCE_BUNDLE_UNAVAILABLE -DXcode -plugin-path /Applications/Xcode_26.5.app/Contents/Developer/Toolchains/XcodeDefault.xctoolchain/usr/lib/swift/host/plugins/testing -enable-experimental-feature DebugDescriptionMacro -sdk /Applications/Xcode_26.5.app/Contents/Developer/Platforms/iPhoneSimulator.platform/Developer/SDKs/iPhoneSimulator26.5.sdk -target arm64-apple-ios17.0-simulator -g -module-cache-path /tmp/MYR175-Clean-iOS-DD/ModuleCache.noindex -Xfrontend -serialize-debugging-options -enable-testing -suppress-warnings -index-store-path /tmp/MYR175-Clean-iOS-DD/Index.noindex/DataStore -Xcc -D_LIBCPP_HARDENING_MODE\=_LIBCPP_HARDENING_MODE_DEBUG -swift-version 5 -I /tmp/MYR175-Clean-iOS-DD/Build/Products/Debug-iphonesimulator -Isystem /Applications/Xcode_26.5.app/Contents/Developer/Platforms/iPhoneSimulator.platform/Developer/usr/lib -F /tmp/MYR175-Clean-iOS-DD/Build/Products/Debug-iphonesimulator -F /Applications/Xcode_26.5.app/Contents/Developer/Platforms/iPhoneSimulator.platform/Developer/Library/Frameworks -F /Applications/Xcode_26.5.app/Contents/Developer/Platforms/iPhoneSimulator.platform/Developer/SDKs/iPhoneSimulator26.5.sdk/Developer/Library/Frameworks -c -j3 -enable-batch-mode -incremental -Xcc -ivfsstatcache -Xcc /tmp/MYR175-Clean-iOS-DD/SDKStatCaches.noindex/iphonesimulator26.5-23F73-688ef53f1462e2c8f657fdc38a81448ffb7d586738ff35573a713a18216ade27.sdkstatcache -output-file-map /tmp/MYR175-Clean-iOS-DD/Build/Intermediates.noindex/NearbySyncCore.build/Debug-iphonesimulator/NearbySyncCore.build/Objects-normal/arm64/NearbySyncCore-OutputFileMap.json -use-frontend-parseable-output -save-temps -no-color-diagnostics -explicit-module-build -module-cache-path /tmp/MYR175-Clean-iOS-DD/Build/Intermediates.noindex/SwiftExplicitPrecompiledModules -clang-scanner-module-cache-path /tmp/MYR175-Clean-iOS-DD/ModuleCache.noindex -sdk-module-cache-path /tmp/MYR175-Clean-iOS-DD/ModuleCache.noindex -serialize-diagnostics -emit-dependencies -emit-module -emit-module-path /tmp/MYR175-Clean-iOS-DD/Build/Intermediates.noindex/NearbySyncCore.build/Debug-iphonesimulator/NearbySyncCore.build/Objects-normal/arm64/NearbySyncCore.swiftmodule -validate-clang-modules-once -clang-build-session-file /tmp/MYR175-Clean-iOS-DD/ModuleCache.noindex/Session.modulevalidation -package-name nearbysynccore -Xcc -I/tmp/MYR175-Clean-iOS-DD/Build/Intermediates.noindex/NearbySyncCore.build/Debug-iphonesimulator/NearbySyncCore.build/swift-overrides.hmap -emit-const-values -Xfrontend -const-gather-protocols-file -Xfrontend /tmp/MYR175-Clean-iOS-DD/Build/Intermediates.noindex/NearbySyncCore.build/Debug-iphonesimulator/NearbySyncCore.build/Objects-normal/arm64/NearbySyncCore_const_extract_protocols.json -Xcc -I/tmp/MYR175-Clean-iOS-DD/Build/Products/Debug-iphonesimulator/include -Xcc -I/tmp/MYR175-Clean-iOS-DD/Build/Intermediates.noindex/NearbySyncCore.build/Debug-iphonesimulator/NearbySyncCore.build/DerivedSources-normal/arm64 -Xcc -I/tmp/MYR175-Clean-iOS-DD/Build/Intermediates.noindex/NearbySyncCore.build/Debug-iphonesimulator/NearbySyncCore.build/DerivedSources/arm64 -Xcc -I/tmp/MYR175-Clean-iOS-DD/Build/Intermediates.noindex/NearbySyncCore.build/Debug-iphonesimulator/NearbySyncCore.build/DerivedSources -Xcc -DSWIFT_PACKAGE -Xcc -DDEBUG\=1 -emit-objc-header -emit-objc-header-path /tmp/MYR175-Clean-iOS-DD/Build/Intermediates.noindex/NearbySyncCore.build/Debug-iphonesimulator/NearbySyncCore.build/Objects-normal/arm64/NearbySyncCore-Swift.h -working-directory /Users/runner/work/MyRAM-iOS/MyRAM-iOS/MyRAM-iOS/MyRAM.xcodeproj -experimental-emit-module-separately -disable-cmo

SwiftExplicitDependencyGeneratePcm arm64 /tmp/MYR175-Clean-iOS-DD/ModuleCache.noindex/CoreText-E0WMW5J4DIYP3XDQ7KHUIYJ6K.pcm

SwiftMergeGeneratedHeaders /tmp/MYR175-Clean-iOS-DD/Build/Intermediates.noindex/GeneratedModuleMaps-iphonesimulator/NearbySyncCore-Swift.h /tmp/MYR175-Clean-iOS-DD/Build/Intermediates.noindex/NearbySyncCore.build/Debug-iphonesimulator/NearbySyncCore.build/Objects-normal/arm64/NearbySyncCore-Swift.h (in target 'NearbySyncCore' from project 'NearbySyncCore')
    cd /Users/runner/work/MyRAM-iOS/MyRAM-iOS/NearbySyncCore
    builtin-swiftHeaderTool -arch arm64 /tmp/MYR175-Clean-iOS-DD/Build/Intermediates.noindex/NearbySyncCore.build/Debug-iphonesimulator/NearbySyncCore.build/Objects-normal/arm64/NearbySyncCore-Swift.h -o /tmp/MYR175-Clean-iOS-DD/Build/Intermediates.noindex/GeneratedModuleMaps-iphonesimulator/NearbySyncCore-Swift.h

SwiftDriverJobDiscovery normal arm64 Emitting module for AnchoredSequenceCore (in target 'AnchoredSequenceCore' from project 'AnchoredSequenceCore')

Copy /tmp/MYR175-Clean-iOS-DD/Build/Products/Debug-iphonesimulator/NearbySyncCore.swiftmodule/arm64-apple-ios-simulator.swiftmodule /tmp/MYR175-Clean-iOS-DD/Build/Intermediates.noindex/NearbySyncCore.build/Debug-iphonesimulator/NearbySyncCore.build/Objects-normal/arm64/NearbySyncCore.swiftmodule (in target 'NearbySyncCore' from project 'NearbySyncCore')
    cd /Users/runner/work/MyRAM-iOS/MyRAM-iOS/NearbySyncCore
    builtin-copy -exclude .DS_Store -exclude CVS -exclude .svn -exclude .git -exclude .hg -resolve-src-symlinks -rename /tmp/MYR175-Clean-iOS-DD/Build/Intermediates.noindex/NearbySyncCore.build/Debug-iphonesimulator/NearbySyncCore.build/Objects-normal/arm64/NearbySyncCore.swiftmodule /tmp/MYR175-Clean-iOS-DD/Build/Products/Debug-iphonesimulator/NearbySyncCore.swiftmodule/arm64-apple-ios-simulator.swiftmodule

Copy /tmp/MYR175-Clean-iOS-DD/Build/Products/Debug-iphonesimulator/NearbySyncCore.swiftmodule/arm64-apple-ios-simulator.swiftdoc /tmp/MYR175-Clean-iOS-DD/Build/Intermediates.noindex/NearbySyncCore.build/Debug-iphonesimulator/NearbySyncCore.build/Objects-normal/arm64/NearbySyncCore.swiftdoc (in target 'NearbySyncCore' from project 'NearbySyncCore')
    cd /Users/runner/work/MyRAM-iOS/MyRAM-iOS/NearbySyncCore
    builtin-copy -exclude .DS_Store -exclude CVS -exclude .svn -exclude .git -exclude .hg -resolve-src-symlinks -rename /tmp/MYR175-Clean-iOS-DD/Build/Intermediates.noindex/NearbySyncCore.build/Debug-iphonesimulator/NearbySyncCore.build/Objects-normal/arm64/NearbySyncCore.swiftdoc /tmp/MYR175-Clean-iOS-DD/Build/Products/Debug-iphonesimulator/NearbySyncCore.swiftmodule/arm64-apple-ios-simulator.swiftdoc

Copy /tmp/MYR175-Clean-iOS-DD/Build/Products/Debug-iphonesimulator/NearbySyncCore.swiftmodule/arm64-apple-ios-simulator.abi.json /tmp/MYR175-Clean-iOS-DD/Build/Intermediates.noindex/NearbySyncCore.build/Debug-iphonesimulator/NearbySyncCore.build/Objects-normal/arm64/NearbySyncCore.abi.json (in target 'NearbySyncCore' from project 'NearbySyncCore')
    cd /Users/runner/work/MyRAM-iOS/MyRAM-iOS/NearbySyncCore
    builtin-copy -exclude .DS_Store -exclude CVS -exclude .svn -exclude .git -exclude .hg -resolve-src-symlinks -rename /tmp/MYR175-Clean-iOS-DD/Build/Intermediates.noindex/NearbySyncCore.build/Debug-iphonesimulator/NearbySyncCore.build/Objects-normal/arm64/NearbySyncCore.abi.json /tmp/MYR175-Clean-iOS-DD/Build/Products/Debug-iphonesimulator/NearbySyncCore.swiftmodule/arm64-apple-ios-simulator.abi.json

Copy /tmp/MYR175-Clean-iOS-DD/Build/Products/Debug-iphonesimulator/NearbySyncCore.swiftmodule/Project/arm64-apple-ios-simulator.swiftsourceinfo /tmp/MYR175-Clean-iOS-DD/Build/Intermediates.noindex/NearbySyncCore.build/Debug-iphonesimulator/NearbySyncCore.build/Objects-normal/arm64/NearbySyncCore.swiftsourceinfo (in target 'NearbySyncCore' from project 'NearbySyncCore')
    cd /Users/runner/work/MyRAM-iOS/MyRAM-iOS/NearbySyncCore
    builtin-copy -exclude .DS_Store -exclude CVS -exclude .svn -exclude .git -exclude .hg -resolve-src-symlinks -rename /tmp/MYR175-Clean-iOS-DD/Build/Intermediates.noindex/NearbySyncCore.build/Debug-iphonesimulator/NearbySyncCore.build/Objects-normal/arm64/NearbySyncCore.swiftsourceinfo /tmp/MYR175-Clean-iOS-DD/Build/Products/Debug-iphonesimulator/NearbySyncCore.swiftmodule/Project/arm64-apple-ios-simulator.swiftsourceinfo

SwiftDriver\ Compilation\ Requirements AnchoredSequenceCore normal arm64 com.apple.xcode.tools.swift.compiler (in target 'AnchoredSequenceCore' from project 'AnchoredSequenceCore')
    cd /Users/runner/work/MyRAM-iOS/MyRAM-iOS/MyRAM-iOS/MyRAM.xcodeproj
    builtin-Swift-Compilation-Requirements -- /Applications/Xcode_26.5.app/Contents/Developer/Toolchains/XcodeDefault.xctoolchain/usr/bin/swiftc -module-name AnchoredSequenceCore -Onone @/tmp/MYR175-Clean-iOS-DD/Build/Intermediates.noindex/AnchoredSequenceCore.build/Debug-iphonesimulator/AnchoredSequenceCore.build/Objects-normal/arm64/AnchoredSequenceCore.SwiftFileList -DSWIFT_PACKAGE -DDEBUG -DSWIFT_MODULE_RESOURCE_BUNDLE_UNAVAILABLE -DXcode -plugin-path /Applications/Xcode_26.5.app/Contents/Developer/Toolchains/XcodeDefault.xctoolchain/usr/lib/swift/host/plugins/testing -enable-experimental-feature DebugDescriptionMacro -sdk /Applications/Xcode_26.5.app/Contents/Developer/Platforms/iPhoneSimulator.platform/Developer/SDKs/iPhoneSimulator26.5.sdk -target arm64-apple-ios17.0-simulator -g -module-cache-path /tmp/MYR175-Clean-iOS-DD/ModuleCache.noindex -Xfrontend -serialize-debugging-options -enable-testing -suppress-warnings -index-store-path /tmp/MYR175-Clean-iOS-DD/Index.noindex/DataStore -Xcc -D_LIBCPP_HARDENING_MODE\=_LIBCPP_HARDENING_MODE_DEBUG -swift-version 5 -I /tmp/MYR175-Clean-iOS-DD/Build/Products/Debug-iphonesimulator -Isystem /Applications/Xcode_26.5.app/Contents/Developer/Platforms/iPhoneSimulator.platform/Developer/usr/lib -F /tmp/MYR175-Clean-iOS-DD/Build/Products/Debug-iphonesimulator -F /Applications/Xcode_26.5.app/Contents/Developer/Platforms/iPhoneSimulator.platform/Developer/Library/Frameworks -F /Applications/Xcode_26.5.app/Contents/Developer/Platforms/iPhoneSimulator.platform/Developer/SDKs/iPhoneSimulator26.5.sdk/Developer/Library/Frameworks -c -j3 -enable-batch-mode -incremental -Xcc -ivfsstatcache -Xcc /tmp/MYR175-Clean-iOS-DD/SDKStatCaches.noindex/iphonesimulator26.5-23F73-688ef53f1462e2c8f657fdc38a81448ffb7d586738ff35573a713a18216ade27.sdkstatcache -output-file-map /tmp/MYR175-Clean-iOS-DD/Build/Intermediates.noindex/AnchoredSequenceCore.build/Debug-iphonesimulator/AnchoredSequenceCore.build/Objects-normal/arm64/AnchoredSequenceCore-OutputFileMap.json -use-frontend-parseable-output -save-temps -no-color-diagnostics -explicit-module-build -module-cache-path /tmp/MYR175-Clean-iOS-DD/Build/Intermediates.noindex/SwiftExplicitPrecompiledModules -clang-scanner-module-cache-path /tmp/MYR175-Clean-iOS-DD/ModuleCache.noindex -sdk-module-cache-path /tmp/MYR175-Clean-iOS-DD/ModuleCache.noindex -serialize-diagnostics -emit-dependencies -emit-module -emit-module-path /tmp/MYR175-Clean-iOS-DD/Build/Intermediates.noindex/AnchoredSequenceCore.build/Debug-iphonesimulator/AnchoredSequenceCore.build/Objects-normal/arm64/AnchoredSequenceCore.swiftmodule -validate-clang-modules-once -clang-build-session-file /tmp/MYR175-Clean-iOS-DD/ModuleCache.noindex/Session.modulevalidation -package-name anchoredsequencecore -Xcc -I/tmp/MYR175-Clean-iOS-DD/Build/Intermediates.noindex/AnchoredSequenceCore.build/Debug-iphonesimulator/AnchoredSequenceCore.build/swift-overrides.hmap -emit-const-values -Xfrontend -const-gather-protocols-file -Xfrontend /tmp/MYR175-Clean-iOS-DD/Build/Intermediates.noindex/AnchoredSequenceCore.build/Debug-iphonesimulator/AnchoredSequenceCore.build/Objects-normal/arm64/AnchoredSequenceCore_const_extract_protocols.json -Xcc -I/tmp/MYR175-Clean-iOS-DD/Build/Products/Debug-iphonesimulator/include -Xcc -I/tmp/MYR175-Clean-iOS-DD/Build/Intermediates.noindex/AnchoredSequenceCore.build/Debug-iphonesimulator/AnchoredSequenceCore.build/DerivedSources-normal/arm64 -Xcc -I/tmp/MYR175-Clean-iOS-DD/Build/Intermediates.noindex/AnchoredSequenceCore.build/Debug-iphonesimulator/AnchoredSequenceCore.build/DerivedSources/arm64 -Xcc -I/tmp/MYR175-Clean-iOS-DD/Build/Intermediates.noindex/AnchoredSequenceCore.build/Debug-iphonesimulator/AnchoredSequenceCore.build/DerivedSources -Xcc -DSWIFT_PACKAGE -Xcc -DDEBUG\=1 -emit-objc-header -emit-objc-header-path /tmp/MYR175-Clean-iOS-DD/Build/Intermediates.noindex/AnchoredSequenceCore.build/Debug-iphonesimulator/AnchoredSequenceCore.build/Objects-normal/arm64/AnchoredSequenceCore-Swift.h -working-directory /Users/runner/work/MyRAM-iOS/MyRAM-iOS/MyRAM-iOS/MyRAM.xcodeproj -experimental-emit-module-separately -disable-cmo

SwiftExplicitDependencyGeneratePcm arm64 /tmp/MYR175-Clean-iOS-DD/ModuleCache.noindex/ImageIO-7CKNS040BJ7JS04Z9SBSP7W20.pcm

SwiftMergeGeneratedHeaders /tmp/MYR175-Clean-iOS-DD/Build/Intermediates.noindex/GeneratedModuleMaps-iphonesimulator/AnchoredSequenceCore-Swift.h /tmp/MYR175-Clean-iOS-DD/Build/Intermediates.noindex/AnchoredSequenceCore.build/Debug-iphonesimulator/AnchoredSequenceCore.build/Objects-normal/arm64/AnchoredSequenceCore-Swift.h (in target 'AnchoredSequenceCore' from project 'AnchoredSequenceCore')
    cd /Users/runner/work/MyRAM-iOS/MyRAM-iOS/MyRAM-iOS/Packages/AnchoredSequenceCore
    builtin-swiftHeaderTool -arch arm64 /tmp/MYR175-Clean-iOS-DD/Build/Intermediates.noindex/AnchoredSequenceCore.build/Debug-iphonesimulator/AnchoredSequenceCore.build/Objects-normal/arm64/AnchoredSequenceCore-Swift.h -o /tmp/MYR175-Clean-iOS-DD/Build/Intermediates.noindex/GeneratedModuleMaps-iphonesimulator/AnchoredSequenceCore-Swift.h

Copy /tmp/MYR175-Clean-iOS-DD/Build/Products/Debug-iphonesimulator/AnchoredSequenceCore.swiftmodule/arm64-apple-ios-simulator.swiftmodule /tmp/MYR175-Clean-iOS-DD/Build/Intermediates.noindex/AnchoredSequenceCore.build/Debug-iphonesimulator/AnchoredSequenceCore.build/Objects-normal/arm64/AnchoredSequenceCore.swiftmodule (in target 'AnchoredSequenceCore' from project 'AnchoredSequenceCore')
    cd /Users/runner/work/MyRAM-iOS/MyRAM-iOS/MyRAM-iOS/Packages/AnchoredSequenceCore
    builtin-copy -exclude .DS_Store -exclude CVS -exclude .svn -exclude .git -exclude .hg -resolve-src-symlinks -rename /tmp/MYR175-Clean-iOS-DD/Build/Intermediates.noindex/AnchoredSequenceCore.build/Debug-iphonesimulator/AnchoredSequenceCore.build/Objects-normal/arm64/AnchoredSequenceCore.swiftmodule /tmp/MYR175-Clean-iOS-DD/Build/Products/Debug-iphonesimulator/AnchoredSequenceCore.swiftmodule/arm64-apple-ios-simulator.swiftmodule

Copy /tmp/MYR175-Clean-iOS-DD/Build/Products/Debug-iphonesimulator/AnchoredSequenceCore.swiftmodule/arm64-apple-ios-simulator.swiftdoc /tmp/MYR175-Clean-iOS-DD/Build/Intermediates.noindex/AnchoredSequenceCore.build/Debug-iphonesimulator/AnchoredSequenceCore.build/Objects-normal/arm64/AnchoredSequenceCore.swiftdoc (in target 'AnchoredSequenceCore' from project 'AnchoredSequenceCore')
    cd /Users/runner/work/MyRAM-iOS/MyRAM-iOS/MyRAM-iOS/Packages/AnchoredSequenceCore
    builtin-copy -exclude .DS_Store -exclude CVS -exclude .svn -exclude .git -exclude .hg -resolve-src-symlinks -rename /tmp/MYR175-Clean-iOS-DD/Build/Intermediates.noindex/AnchoredSequenceCore.build/Debug-iphonesimulator/AnchoredSequenceCore.build/Objects-normal/arm64/AnchoredSequenceCore.swiftdoc /tmp/MYR175-Clean-iOS-DD/Build/Products/Debug-iphonesimulator/AnchoredSequenceCore.swiftmodule/arm64-apple-ios-simulator.swiftdoc

Copy /tmp/MYR175-Clean-iOS-DD/Build/Products/Debug-iphonesimulator/AnchoredSequenceCore.swiftmodule/arm64-apple-ios-simulator.abi.json /tmp/MYR175-Clean-iOS-DD/Build/Intermediates.noindex/AnchoredSequenceCore.build/Debug-iphonesimulator/AnchoredSequenceCore.build/Objects-normal/arm64/AnchoredSequenceCore.abi.json (in target 'AnchoredSequenceCore' from project 'AnchoredSequenceCore')
    cd /Users/runner/work/MyRAM-iOS/MyRAM-iOS/MyRAM-iOS/Packages/AnchoredSequenceCore
    builtin-copy -exclude .DS_Store -exclude CVS -exclude .svn -exclude .git -exclude .hg -resolve-src-symlinks -rename /tmp/MYR175-Clean-iOS-DD/Build/Intermediates.noindex/AnchoredSequenceCore.build/Debug-iphonesimulator/AnchoredSequenceCore.build/Objects-normal/arm64/AnchoredSequenceCore.abi.json /tmp/MYR175-Clean-iOS-DD/Build/Products/Debug-iphonesimulator/AnchoredSequenceCore.swiftmodule/arm64-apple-ios-simulator.abi.json

Copy /tmp/MYR175-Clean-iOS-DD/Build/Products/Debug-iphonesimulator/AnchoredSequenceCore.swiftmodule/Project/arm64-apple-ios-simulator.swiftsourceinfo /tmp/MYR175-Clean-iOS-DD/Build/Intermediates.noindex/AnchoredSequenceCore.build/Debug-iphonesimulator/AnchoredSequenceCore.build/Objects-normal/arm64/AnchoredSequenceCore.swiftsourceinfo (in target 'AnchoredSequenceCore' from project 'AnchoredSequenceCore')
    cd /Users/runner/work/MyRAM-iOS/MyRAM-iOS/MyRAM-iOS/Packages/AnchoredSequenceCore
    builtin-copy -exclude .DS_Store -exclude CVS -exclude .svn -exclude .git -exclude .hg -resolve-src-symlinks -rename /tmp/MYR175-Clean-iOS-DD/Build/Intermediates.noindex/AnchoredSequenceCore.build/Debug-iphonesimulator/AnchoredSequenceCore.build/Objects-normal/arm64/AnchoredSequenceCore.swiftsourceinfo /tmp/MYR175-Clean-iOS-DD/Build/Products/Debug-iphonesimulator/AnchoredSequenceCore.swiftmodule/Project/arm64-apple-ios-simulator.swiftsourceinfo

SwiftCompile normal arm64 Compiling\ SyncModels.swift,\ SyncQueue.swift /Users/runner/work/MyRAM-iOS/MyRAM-iOS/NearbySyncCore/Sources/NearbySyncCore/SyncModels.swift /Users/runner/work/MyRAM-iOS/MyRAM-iOS/NearbySyncCore/Sources/NearbySyncCore/SyncQueue.swift (in target 'NearbySyncCore' from project 'NearbySyncCore')
SwiftCompile normal arm64 /Users/runner/work/MyRAM-iOS/MyRAM-iOS/NearbySyncCore/Sources/NearbySyncCore/SyncModels.swift (in target 'NearbySyncCore' from project 'NearbySyncCore')
    cd /Users/runner/work/MyRAM-iOS/MyRAM-iOS/MyRAM-iOS/MyRAM.xcodeproj
    

SwiftCompile normal arm64 /Users/runner/work/MyRAM-iOS/MyRAM-iOS/NearbySyncCore/Sources/NearbySyncCore/SyncQueue.swift (in target 'NearbySyncCore' from project 'NearbySyncCore')
    cd /Users/runner/work/MyRAM-iOS/MyRAM-iOS/MyRAM-iOS/MyRAM.xcodeproj
    

SwiftCompile normal arm64 Compiling\ SyncStore.swift,\ TrustedPeerStore.swift /Users/runner/work/MyRAM-iOS/MyRAM-iOS/NearbySyncCore/Sources/NearbySyncCore/SyncStore.swift /Users/runner/work/MyRAM-iOS/MyRAM-iOS/NearbySyncCore/Sources/NearbySyncCore/TrustedPeerStore.swift (in target 'NearbySyncCore' from project 'NearbySyncCore')

SwiftCompile normal arm64 /Users/runner/work/MyRAM-iOS/MyRAM-iOS/NearbySyncCore/Sources/NearbySyncCore/SyncStore.swift (in target 'NearbySyncCore' from project 'NearbySyncCore')
    cd /Users/runner/work/MyRAM-iOS/MyRAM-iOS/MyRAM-iOS/MyRAM.xcodeproj
    

SwiftCompile normal arm64 /Users/runner/work/MyRAM-iOS/MyRAM-iOS/NearbySyncCore/Sources/NearbySyncCore/TrustedPeerStore.swift (in target 'NearbySyncCore' from project 'NearbySyncCore')
    cd /Users/runner/work/MyRAM-iOS/MyRAM-iOS/MyRAM-iOS/MyRAM.xcodeproj
    

SwiftCompile normal arm64 Compiling\ DebouncedChangeSender.swift,\ SyncEngine.swift /Users/runner/work/MyRAM-iOS/MyRAM-iOS/NearbySyncCore/Sources/NearbySyncCore/DebouncedChangeSender.swift /Users/runner/work/MyRAM-iOS/MyRAM-iOS/NearbySyncCore/Sources/NearbySyncCore/SyncEngine.swift (in target 'NearbySyncCore' from project 'NearbySyncCore')

SwiftCompile normal arm64 /Users/runner/work/MyRAM-iOS/MyRAM-iOS/NearbySyncCore/Sources/NearbySyncCore/DebouncedChangeSender.swift (in target 'NearbySyncCore' from project 'NearbySyncCore')
    cd /Users/runner/work/MyRAM-iOS/MyRAM-iOS/MyRAM-iOS/MyRAM.xcodeproj
    

SwiftCompile normal arm64 /Users/runner/work/MyRAM-iOS/MyRAM-iOS/NearbySyncCore/Sources/NearbySyncCore/SyncEngine.swift (in target 'NearbySyncCore' from project 'NearbySyncCore')
    cd /Users/runner/work/MyRAM-iOS/MyRAM-iOS/MyRAM-iOS/MyRAM.xcodeproj
    

SwiftExplicitDependencyGeneratePcm arm64 /tmp/MYR175-Clean-iOS-DD/ModuleCache.noindex/OSLog-AELW5X4CJFTLOS0I8ELPYVQSM.pcm

SwiftDriverJobDiscovery normal arm64 Compiling DebouncedChangeSender.swift, SyncEngine.swift (in target 'NearbySyncCore' from project 'NearbySyncCore')

SwiftExplicitDependencyGeneratePcm arm64 /tmp/MYR175-Clean-iOS-DD/ModuleCache.noindex/Symbols-BYO5H24DB6HTVMYXDZT0RVH0N.pcm

SwiftDriverJobDiscovery normal arm64 Compiling SyncStore.swift, TrustedPeerStore.swift (in target 'NearbySyncCore' from project 'NearbySyncCore')

SwiftExplicitDependencyGeneratePcm arm64 /tmp/MYR175-Clean-iOS-DD/ModuleCache.noindex/UniformTypeIdentifiers-AUS1MY0XAGSFYZ0PN5CTIHJUE.pcm

SwiftDriverJobDiscovery normal arm64 Compiling SyncModels.swift, SyncQueue.swift (in target 'NearbySyncCore' from project 'NearbySyncCore')

SwiftExplicitDependencyGeneratePcm arm64 /tmp/MYR175-Clean-iOS-DD/ModuleCache.noindex/Network-2AILYAQHYZIB6P416DEPMJ8IS.pcm

SwiftExplicitDependencyGeneratePcm arm64 /tmp/MYR175-Clean-iOS-DD/ModuleCache.noindex/UserNotifications-6S6Q9ZY7YVLBPOD2Q4BP4YUP2.pcm

SwiftExplicitDependencyGeneratePcm arm64 /tmp/MYR175-Clean-iOS-DD/ModuleCache.noindex/_LocationEssentials-17P0T8NTNCA62JFLRC8QL3JF7.pcm

SwiftExplicitDependencyGeneratePcm arm64 /tmp/MYR175-Clean-iOS-DD/ModuleCache.noindex/CoreSpotlight-6EFHXB1001D0P528030AAWEKX.pcm

SwiftExplicitDependencyGeneratePcm arm64 /tmp/MYR175-Clean-iOS-DD/ModuleCache.noindex/IOSurface-DXKAJ8T0W2T9K1BTZFIH50M59.pcm

SwiftExplicitDependencyGeneratePcm arm64 /tmp/MYR175-Clean-iOS-DD/ModuleCache.noindex/CoreData-BHE4NBXQIMCLATP9XK6945JIM.pcm

SwiftExplicitDependencyGeneratePcm arm64 /tmp/MYR175-Clean-iOS-DD/ModuleCache.noindex/RelevanceKit-AB12BU1GNSJOTEHW83YIYTPCO.pcm

SwiftExplicitDependencyGeneratePcm arm64 /tmp/MYR175-Clean-iOS-DD/ModuleCache.noindex/DataDetection-ELXEHS5VW0L8PM05YD7Y762FG.pcm

SwiftExplicitDependencyGeneratePcm arm64 /tmp/MYR175-Clean-iOS-DD/ModuleCache.noindex/WidgetKit-1WXPJZ869OE93Q0N2AL32ZJEO.pcm

SwiftExplicitDependencyGeneratePcm arm64 /tmp/MYR175-Clean-iOS-DD/ModuleCache.noindex/FileProvider-60V3S1M40A0PEVXC7HR06B7M4.pcm

SwiftExplicitDependencyGeneratePcm arm64 /tmp/MYR175-Clean-iOS-DD/ModuleCache.noindex/OpenGLES-BXIMQ0TTI0FRLVIEDCYC0LB65.pcm

SwiftExplicitDependencyGeneratePcm arm64 /tmp/MYR175-Clean-iOS-DD/ModuleCache.noindex/CoreLocation-CHZG8VVVWDK99V4M4VRBVCLI5.pcm

SwiftExplicitDependencyGeneratePcm arm64 /tmp/MYR175-Clean-iOS-DD/ModuleCache.noindex/CoreTransferable-4M05HEVROY8EMT7NBIN9MDI5A.pcm

SwiftExplicitDependencyGeneratePcm arm64 /tmp/MYR175-Clean-iOS-DD/ModuleCache.noindex/AppIntents-CLAVD3V9S37CWQC245DLECAN.pcm

SwiftExplicitDependencyGeneratePcm arm64 /tmp/MYR175-Clean-iOS-DD/ModuleCache.noindex/Accessibility-CRJOW856ZV8SWNZM9BO8G22SA.pcm

SwiftExplicitDependencyGeneratePcm arm64 /tmp/MYR175-Clean-iOS-DD/ModuleCache.noindex/Intents-7GRP4ZP7UARRTWCST4Z6OCF77.pcm

SwiftExplicitDependencyGeneratePcm arm64 /tmp/MYR175-Clean-iOS-DD/ModuleCache.noindex/UIUtilities-ANT7QBQRWQO090O7DQFVKRBQ1.pcm

SwiftExplicitDependencyGeneratePcm arm64 /tmp/MYR175-Clean-iOS-DD/ModuleCache.noindex/Metal-7F5YHTHD0O2G1GTY1I2HQ8HO7.pcm

SwiftDriver\ Compilation NearbySyncCore normal arm64 com.apple.xcode.tools.swift.compiler (in target 'NearbySyncCore' from project 'NearbySyncCore')
    cd /Users/runner/work/MyRAM-iOS/MyRAM-iOS/MyRAM-iOS/MyRAM.xcodeproj
    builtin-Swift-Compilation -- /Applications/Xcode_26.5.app/Contents/Developer/Toolchains/XcodeDefault.xctoolchain/usr/bin/swiftc -module-name NearbySyncCore -Onone @/tmp/MYR175-Clean-iOS-DD/Build/Intermediates.noindex/NearbySyncCore.build/Debug-iphonesimulator/NearbySyncCore.build/Objects-normal/arm64/NearbySyncCore.SwiftFileList -DSWIFT_PACKAGE -DDEBUG -DSWIFT_MODULE_RESOURCE_BUNDLE_UNAVAILABLE -DXcode -plugin-path /Applications/Xcode_26.5.app/Contents/Developer/Toolchains/XcodeDefault.xctoolchain/usr/lib/swift/host/plugins/testing -enable-experimental-feature DebugDescriptionMacro -sdk /Applications/Xcode_26.5.app/Contents/Developer/Platforms/iPhoneSimulator.platform/Developer/SDKs/iPhoneSimulator26.5.sdk -target arm64-apple-ios17.0-simulator -g -module-cache-path /tmp/MYR175-Clean-iOS-DD/ModuleCache.noindex -Xfrontend -serialize-debugging-options -enable-testing -suppress-warnings -index-store-path /tmp/MYR175-Clean-iOS-DD/Index.noindex/DataStore -Xcc -D_LIBCPP_HARDENING_MODE\=_LIBCPP_HARDENING_MODE_DEBUG -swift-version 5 -I /tmp/MYR175-Clean-iOS-DD/Build/Products/Debug-iphonesimulator -Isystem /Applications/Xcode_26.5.app/Contents/Developer/Platforms/iPhoneSimulator.platform/Developer/usr/lib -F /tmp/MYR175-Clean-iOS-DD/Build/Products/Debug-iphonesimulator -F /Applications/Xcode_26.5.app/Contents/Developer/Platforms/iPhoneSimulator.platform/Developer/Library/Frameworks -F /Applications/Xcode_26.5.app/Contents/Developer/Platforms/iPhoneSimulator.platform/Developer/SDKs/iPhoneSimulator26.5.sdk/Developer/Library/Frameworks -c -j3 -enable-batch-mode -incremental -Xcc -ivfsstatcache -Xcc /tmp/MYR175-Clean-iOS-DD/SDKStatCaches.noindex/iphonesimulator26.5-23F73-688ef53f1462e2c8f657fdc38a81448ffb7d586738ff35573a713a18216ade27.sdkstatcache -output-file-map /tmp/MYR175-Clean-iOS-DD/Build/Intermediates.noindex/NearbySyncCore.build/Debug-iphonesimulator/NearbySyncCore.build/Objects-normal/arm64/NearbySyncCore-OutputFileMap.json -use-frontend-parseable-output -save-temps -no-color-diagnostics -explicit-module-build -module-cache-path /tmp/MYR175-Clean-iOS-DD/Build/Intermediates.noindex/SwiftExplicitPrecompiledModules -clang-scanner-module-cache-path /tmp/MYR175-Clean-iOS-DD/ModuleCache.noindex -sdk-module-cache-path /tmp/MYR175-Clean-iOS-DD/ModuleCache.noindex -serialize-diagnostics -emit-dependencies -emit-module -emit-module-path /tmp/MYR175-Clean-iOS-DD/Build/Intermediates.noindex/NearbySyncCore.build/Debug-iphonesimulator/NearbySyncCore.build/Objects-normal/arm64/NearbySyncCore.swiftmodule -validate-clang-modules-once -clang-build-session-file /tmp/MYR175-Clean-iOS-DD/ModuleCache.noindex/Session.modulevalidation -package-name nearbysynccore -Xcc -I/tmp/MYR175-Clean-iOS-DD/Build/Intermediates.noindex/NearbySyncCore.build/Debug-iphonesimulator/NearbySyncCore.build/swift-overrides.hmap -emit-const-values -Xfrontend -const-gather-protocols-file -Xfrontend /tmp/MYR175-Clean-iOS-DD/Build/Intermediates.noindex/NearbySyncCore.build/Debug-iphonesimulator/NearbySyncCore.build/Objects-normal/arm64/NearbySyncCore_const_extract_protocols.json -Xcc -I/tmp/MYR175-Clean-iOS-DD/Build/Products/Debug-iphonesimulator/include -Xcc -I/tmp/MYR175-Clean-iOS-DD/Build/Intermediates.noindex/NearbySyncCore.build/Debug-iphonesimulator/NearbySyncCore.build/DerivedSources-normal/arm64 -Xcc -I/tmp/MYR175-Clean-iOS-DD/Build/Intermediates.noindex/NearbySyncCore.build/Debug-iphonesimulator/NearbySyncCore.build/DerivedSources/arm64 -Xcc -I/tmp/MYR175-Clean-iOS-DD/Build/Intermediates.noindex/NearbySyncCore.build/Debug-iphonesimulator/NearbySyncCore.build/DerivedSources -Xcc -DSWIFT_PACKAGE -Xcc -DDEBUG\=1 -emit-objc-header -emit-objc-header-path /tmp/MYR175-Clean-iOS-DD/Build/Intermediates.noindex/NearbySyncCore.build/Debug-iphonesimulator/NearbySyncCore.build/Objects-normal/arm64/NearbySyncCore-Swift.h -working-directory /Users/runner/work/MyRAM-iOS/MyRAM-iOS/MyRAM-iOS/MyRAM.xcodeproj -experimental-emit-module-separately -disable-cmo

SwiftCompile normal arm64 Compiling\ SyncSequenceIdentity.swift,\ SyncTextLegacyBootstrap.swift /Users/runner/work/MyRAM-iOS/MyRAM-iOS/MyRAM-iOS/Packages/AnchoredSequenceCore/Sources/AnchoredSequenceCore/SyncSequenceIdentity.swift /Users/runner/work/MyRAM-iOS/MyRAM-iOS/MyRAM-iOS/Packages/AnchoredSequenceCore/Sources/AnchoredSequenceCore/SyncTextLegacyBootstrap.swift (in target 'AnchoredSequenceCore' from project 'AnchoredSequenceCore')
SwiftCompile normal arm64 /Users/runner/work/MyRAM-iOS/MyRAM-iOS/MyRAM-iOS/Packages/AnchoredSequenceCore/Sources/AnchoredSequenceCore/SyncSequenceIdentity.swift (in target 'AnchoredSequenceCore' from project 'AnchoredSequenceCore')
    cd /Users/runner/work/MyRAM-iOS/MyRAM-iOS/MyRAM-iOS/MyRAM.xcodeproj
    

SwiftCompile normal arm64 /Users/runner/work/MyRAM-iOS/MyRAM-iOS/MyRAM-iOS/Packages/AnchoredSequenceCore/Sources/AnchoredSequenceCore/SyncTextLegacyBootstrap.swift (in target 'AnchoredSequenceCore' from project 'AnchoredSequenceCore')
    cd /Users/runner/work/MyRAM-iOS/MyRAM-iOS/MyRAM-iOS/MyRAM.xcodeproj
    

SwiftExplicitDependencyGeneratePcm arm64 /tmp/MYR175-Clean-iOS-DD/ModuleCache.noindex/CoreVideo-1Z2MBQH7VNYYV96P6J5XK3OEA.pcm

SwiftCompile normal arm64 Compiling\ SyncActorSequenceReservation.swift,\ SyncOperationIDOrder.swift /Users/runner/work/MyRAM-iOS/MyRAM-iOS/MyRAM-iOS/Packages/AnchoredSequenceCore/Sources/AnchoredSequenceCore/SyncActorSequenceReservation.swift /Users/runner/work/MyRAM-iOS/MyRAM-iOS/MyRAM-iOS/Packages/AnchoredSequenceCore/Sources/AnchoredSequenceCore/SyncOperationIDOrder.swift (in target 'AnchoredSequenceCore' from project 'AnchoredSequenceCore')

SwiftCompile normal arm64 /Users/runner/work/MyRAM-iOS/MyRAM-iOS/MyRAM-iOS/Packages/AnchoredSequenceCore/Sources/AnchoredSequenceCore/SyncActorSequenceReservation.swift (in target 'AnchoredSequenceCore' from project 'AnchoredSequenceCore')
    cd /Users/runner/work/MyRAM-iOS/MyRAM-iOS/MyRAM-iOS/MyRAM.xcodeproj
    

SwiftCompile normal arm64 /Users/runner/work/MyRAM-iOS/MyRAM-iOS/MyRAM-iOS/Packages/AnchoredSequenceCore/Sources/AnchoredSequenceCore/SyncOperationIDOrder.swift (in target 'AnchoredSequenceCore' from project 'AnchoredSequenceCore')
    cd /Users/runner/work/MyRAM-iOS/MyRAM-iOS/MyRAM-iOS/MyRAM.xcodeproj
    

SwiftCompile normal arm64 Compiling\ SyncTextOperationPayload.swift,\ SyncTextSequenceState.swift /Users/runner/work/MyRAM-iOS/MyRAM-iOS/MyRAM-iOS/Packages/AnchoredSequenceCore/Sources/AnchoredSequenceCore/SyncTextOperationPayload.swift /Users/runner/work/MyRAM-iOS/MyRAM-iOS/MyRAM-iOS/Packages/AnchoredSequenceCore/Sources/AnchoredSequenceCore/SyncTextSequenceState.swift (in target 'AnchoredSequenceCore' from project 'AnchoredSequenceCore')
SwiftCompile normal arm64 /Users/runner/work/MyRAM-iOS/MyRAM-iOS/MyRAM-iOS/Packages/AnchoredSequenceCore/Sources/AnchoredSequenceCore/SyncTextOperationPayload.swift (in target 'AnchoredSequenceCore' from project 'AnchoredSequenceCore')
    cd /Users/runner/work/MyRAM-iOS/MyRAM-iOS/MyRAM-iOS/MyRAM.xcodeproj
    

SwiftCompile normal arm64 /Users/runner/work/MyRAM-iOS/MyRAM-iOS/MyRAM-iOS/Packages/AnchoredSequenceCore/Sources/AnchoredSequenceCore/SyncTextSequenceState.swift (in target 'AnchoredSequenceCore' from project 'AnchoredSequenceCore')
    cd /Users/runner/work/MyRAM-iOS/MyRAM-iOS/MyRAM-iOS/MyRAM.xcodeproj
    

SwiftExplicitDependencyGeneratePcm arm64 /tmp/MYR175-Clean-iOS-DD/ModuleCache.noindex/QuartzCore-33B0U44DQ48I24FKE52RVYVHR.pcm

SwiftDriverJobDiscovery normal arm64 Compiling SyncActorSequenceReservation.swift, SyncOperationIDOrder.swift (in target 'AnchoredSequenceCore' from project 'AnchoredSequenceCore')

SwiftExplicitDependencyGeneratePcm arm64 /tmp/MYR175-Clean-iOS-DD/ModuleCache.noindex/CoreImage-UOOX6HD2CYSBA7GZ4FX6BIJW.pcm

SwiftExplicitDependencyGeneratePcm arm64 /tmp/MYR175-Clean-iOS-DD/ModuleCache.noindex/SwiftUICore-6VDJB0C39S8BZRM0I27AJ1A9B.pcm

SwiftDriverJobDiscovery normal arm64 Compiling SyncSequenceIdentity.swift, SyncTextLegacyBootstrap.swift (in target 'AnchoredSequenceCore' from project 'AnchoredSequenceCore')

Ld /tmp/MYR175-Clean-iOS-DD/Build/Products/Debug-iphonesimulator/NearbySyncCore.o normal (in target 'NearbySyncCore' from project 'NearbySyncCore')
    cd /Users/runner/work/MyRAM-iOS/MyRAM-iOS/NearbySyncCore
    /Applications/Xcode_26.5.app/Contents/Developer/Toolchains/XcodeDefault.xctoolchain/usr/bin/clang -Xlinker -reproducible -target arm64-apple-ios17.0-simulator -r -isysroot /Applications/Xcode_26.5.app/Contents/Developer/Platforms/iPhoneSimulator.platform/Developer/SDKs/iPhoneSimulator26.5.sdk -O0 -w -F/tmp/MYR175-Clean-iOS-DD/Build/Intermediates.noindex/EagerLinkingTBDs/Debug-iphonesimulator -F/tmp/MYR175-Clean-iOS-DD/Build/Products/Debug-iphonesimulator -iframework /Applications/Xcode_26.5.app/Contents/Developer/Platforms/iPhoneSimulator.platform/Developer/Library/Frameworks -iframework /Applications/Xcode_26.5.app/Contents/Developer/Platforms/iPhoneSimulator.platform/Developer/SDKs/iPhoneSimulator26.5.sdk/Developer/Library/Frameworks -filelist /tmp/MYR175-Clean-iOS-DD/Build/Intermediates.noindex/NearbySyncCore.build/Debug-iphonesimulator/NearbySyncCore.build/Objects-normal/arm64/NearbySyncCore.LinkFileList -nostdlib -Xlinker -object_path_lto -Xlinker /tmp/MYR175-Clean-iOS-DD/Build/Intermediates.noindex/NearbySyncCore.build/Debug-iphonesimulator/NearbySyncCore.build/Objects-normal/arm64/NearbySyncCore_lto.o -Xlinker -no_deduplicate -Xlinker -objc_abi_version -Xlinker 2 -Xlinker -dependency_info -Xlinker /tmp/MYR175-Clean-iOS-DD/Build/Intermediates.noindex/NearbySyncCore.build/Debug-iphonesimulator/NearbySyncCore.build/Objects-normal/arm64/NearbySyncCore_dependency_info.dat -fobjc-link-runtime -L/Applications/Xcode_26.5.app/Contents/Developer/Toolchains/XcodeDefault.xctoolchain/usr/lib/swift/iphonesimulator -L/usr/lib/swift -Xlinker -add_ast_path -Xlinker /tmp/MYR175-Clean-iOS-DD/Build/Intermediates.noindex/NearbySyncCore.build/Debug-iphonesimulator/NearbySyncCore.build/Objects-normal/arm64/NearbySyncCore.swiftmodule @/tmp/MYR175-Clean-iOS-DD/Build/Intermediates.noindex/NearbySyncCore.build/Debug-iphonesimulator/NearbySyncCore.build/Objects-normal/arm64/NearbySyncCore-linker-args.resp -o /tmp/MYR175-Clean-iOS-DD/Build/Products/Debug-iphonesimulator/NearbySyncCore.o

SwiftExplicitDependencyGeneratePcm arm64 /tmp/MYR175-Clean-iOS-DD/ModuleCache.noindex/UIKit-DE0A4FTQ72U7SKC5SVVXVJVXU.pcm

ExtractAppIntentsMetadata (in target 'NearbySyncCore' from project 'NearbySyncCore')
    cd /Users/runner/work/MyRAM-iOS/MyRAM-iOS/NearbySyncCore
    /Applications/Xcode_26.5.app/Contents/Developer/Toolchains/XcodeDefault.xctoolchain/usr/bin/appintentsmetadataprocessor --toolchain-dir /var/run/com.apple.security.cryptexd/mnt/com.apple.MobileAsset.MetalToolchain-v17.6.42.0.nr4Lpi/Metal.xctoolchain --module-name NearbySyncCore --sdk-root /Applications/Xcode_26.5.app/Contents/Developer/Platforms/iPhoneSimulator.platform/Developer/SDKs/iPhoneSimulator26.5.sdk --xcode-version 17F42 --platform-family iOS --deployment-target 17.0 --bundle-identifier nearbysynccore.NearbySyncCore --output /tmp/MYR175-Clean-iOS-DD/Build/Products/Debug-iphonesimulator/NearbySyncCore.appintents --target-triple arm64-apple-ios17.0-simulator --binary-file /tmp/MYR175-Clean-iOS-DD/Build/Products/Debug-iphonesimulator/NearbySyncCore.o --dependency-file /tmp/MYR175-Clean-iOS-DD/Build/Intermediates.noindex/NearbySyncCore.build/Debug-iphonesimulator/NearbySyncCore.build/Objects-normal/arm64/NearbySyncCore_dependency_info.dat --stringsdata-file /tmp/MYR175-Clean-iOS-DD/Build/Intermediates.noindex/NearbySyncCore.build/Debug-iphonesimulator/NearbySyncCore.build/Objects-normal/arm64/ExtractedAppShortcutsMetadata.stringsdata --source-file-list /tmp/MYR175-Clean-iOS-DD/Build/Intermediates.noindex/NearbySyncCore.build/Debug-iphonesimulator/NearbySyncCore.build/Objects-normal/arm64/NearbySyncCore.SwiftFileList --metadata-file-list /tmp/MYR175-Clean-iOS-DD/Build/Intermediates.noindex/NearbySyncCore.build/Debug-iphonesimulator/NearbySyncCore.build/NearbySyncCore.DependencyMetadataFileList --static-metadata-file-list /tmp/MYR175-Clean-iOS-DD/Build/Intermediates.noindex/NearbySyncCore.build/Debug-iphonesimulator/NearbySyncCore.build/NearbySyncCore.DependencyStaticMetadataFileList --swift-const-vals-list /tmp/MYR175-Clean-iOS-DD/Build/Intermediates.noindex/NearbySyncCore.build/Debug-iphonesimulator/NearbySyncCore.build/Objects-normal/arm64/NearbySyncCore.SwiftConstValuesFileList --force --compile-time-extraction --deployment-aware-processing --validate-assistant-intents --no-app-shortcuts-localization
2026-08-04 16:49:52.362 appintentsmetadataprocessor[3023:12842] Starting appintentsmetadataprocessor export
2026-08-04 16:49:52.428 appintentsmetadataprocessor[3023:12842] Extracted no relevant App Intents symbols, skipping writing output

RegisterExecutionPolicyException /tmp/MYR175-Clean-iOS-DD/Build/Products/Debug-iphonesimulator/NearbySyncCore.o (in target 'NearbySyncCore' from project 'NearbySyncCore')
    cd /Users/runner/work/MyRAM-iOS/MyRAM-iOS/NearbySyncCore
    builtin-RegisterExecutionPolicyException /tmp/MYR175-Clean-iOS-DD/Build/Products/Debug-iphonesimulator/NearbySyncCore.o

SwiftDriverJobDiscovery normal arm64 Compiling SyncTextOperationPayload.swift, SyncTextSequenceState.swift (in target 'AnchoredSequenceCore' from project 'AnchoredSequenceCore')

SwiftDriver\ Compilation AnchoredSequenceCore normal arm64 com.apple.xcode.tools.swift.compiler (in target 'AnchoredSequenceCore' from project 'AnchoredSequenceCore')
    cd /Users/runner/work/MyRAM-iOS/MyRAM-iOS/MyRAM-iOS/MyRAM.xcodeproj
    builtin-Swift-Compilation -- /Applications/Xcode_26.5.app/Contents/Developer/Toolchains/XcodeDefault.xctoolchain/usr/bin/swiftc -module-name AnchoredSequenceCore -Onone @/tmp/MYR175-Clean-iOS-DD/Build/Intermediates.noindex/AnchoredSequenceCore.build/Debug-iphonesimulator/AnchoredSequenceCore.build/Objects-normal/arm64/AnchoredSequenceCore.SwiftFileList -DSWIFT_PACKAGE -DDEBUG -DSWIFT_MODULE_RESOURCE_BUNDLE_UNAVAILABLE -DXcode -plugin-path /Applications/Xcode_26.5.app/Contents/Developer/Toolchains/XcodeDefault.xctoolchain/usr/lib/swift/host/plugins/testing -enable-experimental-feature DebugDescriptionMacro -sdk /Applications/Xcode_26.5.app/Contents/Developer/Platforms/iPhoneSimulator.platform/Developer/SDKs/iPhoneSimulator26.5.sdk -target arm64-apple-ios17.0-simulator -g -module-cache-path /tmp/MYR175-Clean-iOS-DD/ModuleCache.noindex -Xfrontend -serialize-debugging-options -enable-testing -suppress-warnings -index-store-path /tmp/MYR175-Clean-iOS-DD/Index.noindex/DataStore -Xcc -D_LIBCPP_HARDENING_MODE\=_LIBCPP_HARDENING_MODE_DEBUG -swift-version 5 -I /tmp/MYR175-Clean-iOS-DD/Build/Products/Debug-iphonesimulator -Isystem /Applications/Xcode_26.5.app/Contents/Developer/Platforms/iPhoneSimulator.platform/Developer/usr/lib -F /tmp/MYR175-Clean-iOS-DD/Build/Products/Debug-iphonesimulator -F /Applications/Xcode_26.5.app/Contents/Developer/Platforms/iPhoneSimulator.platform/Developer/Library/Frameworks -F /Applications/Xcode_26.5.app/Contents/Developer/Platforms/iPhoneSimulator.platform/Developer/SDKs/iPhoneSimulator26.5.sdk/Developer/Library/Frameworks -c -j3 -enable-batch-mode -incremental -Xcc -ivfsstatcache -Xcc /tmp/MYR175-Clean-iOS-DD/SDKStatCaches.noindex/iphonesimulator26.5-23F73-688ef53f1462e2c8f657fdc38a81448ffb7d586738ff35573a713a18216ade27.sdkstatcache -output-file-map /tmp/MYR175-Clean-iOS-DD/Build/Intermediates.noindex/AnchoredSequenceCore.build/Debug-iphonesimulator/AnchoredSequenceCore.build/Objects-normal/arm64/AnchoredSequenceCore-OutputFileMap.json -use-frontend-parseable-output -save-temps -no-color-diagnostics -explicit-module-build -module-cache-path /tmp/MYR175-Clean-iOS-DD/Build/Intermediates.noindex/SwiftExplicitPrecompiledModules -clang-scanner-module-cache-path /tmp/MYR175-Clean-iOS-DD/ModuleCache.noindex -sdk-module-cache-path /tmp/MYR175-Clean-iOS-DD/ModuleCache.noindex -serialize-diagnostics -emit-dependencies -emit-module -emit-module-path /tmp/MYR175-Clean-iOS-DD/Build/Intermediates.noindex/AnchoredSequenceCore.build/Debug-iphonesimulator/AnchoredSequenceCore.build/Objects-normal/arm64/AnchoredSequenceCore.swiftmodule -validate-clang-modules-once -clang-build-session-file /tmp/MYR175-Clean-iOS-DD/ModuleCache.noindex/Session.modulevalidation -package-name anchoredsequencecore -Xcc -I/tmp/MYR175-Clean-iOS-DD/Build/Intermediates.noindex/AnchoredSequenceCore.build/Debug-iphonesimulator/AnchoredSequenceCore.build/swift-overrides.hmap -emit-const-values -Xfrontend -const-gather-protocols-file -Xfrontend /tmp/MYR175-Clean-iOS-DD/Build/Intermediates.noindex/AnchoredSequenceCore.build/Debug-iphonesimulator/AnchoredSequenceCore.build/Objects-normal/arm64/AnchoredSequenceCore_const_extract_protocols.json -Xcc -I/tmp/MYR175-Clean-iOS-DD/Build/Products/Debug-iphonesimulator/include -Xcc -I/tmp/MYR175-Clean-iOS-DD/Build/Intermediates.noindex/AnchoredSequenceCore.build/Debug-iphonesimulator/AnchoredSequenceCore.build/DerivedSources-normal/arm64 -Xcc -I/tmp/MYR175-Clean-iOS-DD/Build/Intermediates.noindex/AnchoredSequenceCore.build/Debug-iphonesimulator/AnchoredSequenceCore.build/DerivedSources/arm64 -Xcc -I/tmp/MYR175-Clean-iOS-DD/Build/Intermediates.noindex/AnchoredSequenceCore.build/Debug-iphonesimulator/AnchoredSequenceCore.build/DerivedSources -Xcc -DSWIFT_PACKAGE -Xcc -DDEBUG\=1 -emit-objc-header -emit-objc-header-path /tmp/MYR175-Clean-iOS-DD/Build/Intermediates.noindex/AnchoredSequenceCore.build/Debug-iphonesimulator/AnchoredSequenceCore.build/Objects-normal/arm64/AnchoredSequenceCore-Swift.h -working-directory /Users/runner/work/MyRAM-iOS/MyRAM-iOS/MyRAM-iOS/MyRAM.xcodeproj -experimental-emit-module-separately -disable-cmo

Ld /tmp/MYR175-Clean-iOS-DD/Build/Products/Debug-iphonesimulator/AnchoredSequenceCore.o normal (in target 'AnchoredSequenceCore' from project 'AnchoredSequenceCore')
    cd /Users/runner/work/MyRAM-iOS/MyRAM-iOS/MyRAM-iOS/Packages/AnchoredSequenceCore
    /Applications/Xcode_26.5.app/Contents/Developer/Toolchains/XcodeDefault.xctoolchain/usr/bin/clang -Xlinker -reproducible -target arm64-apple-ios17.0-simulator -r -isysroot /Applications/Xcode_26.5.app/Contents/Developer/Platforms/iPhoneSimulator.platform/Developer/SDKs/iPhoneSimulator26.5.sdk -O0 -w -F/tmp/MYR175-Clean-iOS-DD/Build/Intermediates.noindex/EagerLinkingTBDs/Debug-iphonesimulator -F/tmp/MYR175-Clean-iOS-DD/Build/Products/Debug-iphonesimulator -iframework /Applications/Xcode_26.5.app/Contents/Developer/Platforms/iPhoneSimulator.platform/Developer/Library/Frameworks -iframework /Applications/Xcode_26.5.app/Contents/Developer/Platforms/iPhoneSimulator.platform/Developer/SDKs/iPhoneSimulator26.5.sdk/Developer/Library/Frameworks -filelist /tmp/MYR175-Clean-iOS-DD/Build/Intermediates.noindex/AnchoredSequenceCore.build/Debug-iphonesimulator/AnchoredSequenceCore.build/Objects-normal/arm64/AnchoredSequenceCore.LinkFileList -nostdlib -Xlinker -object_path_lto -Xlinker /tmp/MYR175-Clean-iOS-DD/Build/Intermediates.noindex/AnchoredSequenceCore.build/Debug-iphonesimulator/AnchoredSequenceCore.build/Objects-normal/arm64/AnchoredSequenceCore_lto.o -Xlinker -no_deduplicate -Xlinker -objc_abi_version -Xlinker 2 -Xlinker -dependency_info -Xlinker /tmp/MYR175-Clean-iOS-DD/Build/Intermediates.noindex/AnchoredSequenceCore.build/Debug-iphonesimulator/AnchoredSequenceCore.build/Objects-normal/arm64/AnchoredSequenceCore_dependency_info.dat -fobjc-link-runtime -L/Applications/Xcode_26.5.app/Contents/Developer/Toolchains/XcodeDefault.xctoolchain/usr/lib/swift/iphonesimulator -L/usr/lib/swift -Xlinker -add_ast_path -Xlinker /tmp/MYR175-Clean-iOS-DD/Build/Intermediates.noindex/AnchoredSequenceCore.build/Debug-iphonesimulator/AnchoredSequenceCore.build/Objects-normal/arm64/AnchoredSequenceCore.swiftmodule @/tmp/MYR175-Clean-iOS-DD/Build/Intermediates.noindex/AnchoredSequenceCore.build/Debug-iphonesimulator/AnchoredSequenceCore.build/Objects-normal/arm64/AnchoredSequenceCore-linker-args.resp -o /tmp/MYR175-Clean-iOS-DD/Build/Products/Debug-iphonesimulator/AnchoredSequenceCore.o

ExtractAppIntentsMetadata (in target 'AnchoredSequenceCore' from project 'AnchoredSequenceCore')
    cd /Users/runner/work/MyRAM-iOS/MyRAM-iOS/MyRAM-iOS/Packages/AnchoredSequenceCore
    /Applications/Xcode_26.5.app/Contents/Developer/Toolchains/XcodeDefault.xctoolchain/usr/bin/appintentsmetadataprocessor --toolchain-dir /var/run/com.apple.security.cryptexd/mnt/com.apple.MobileAsset.MetalToolchain-v17.6.42.0.nr4Lpi/Metal.xctoolchain --module-name AnchoredSequenceCore --sdk-root /Applications/Xcode_26.5.app/Contents/Developer/Platforms/iPhoneSimulator.platform/Developer/SDKs/iPhoneSimulator26.5.sdk --xcode-version 17F42 --platform-family iOS --deployment-target 17.0 --bundle-identifier anchoredsequencecore.AnchoredSequenceCore --output /tmp/MYR175-Clean-iOS-DD/Build/Products/Debug-iphonesimulator/AnchoredSequenceCore.appintents --target-triple arm64-apple-ios17.0-simulator --binary-file /tmp/MYR175-Clean-iOS-DD/Build/Products/Debug-iphonesimulator/AnchoredSequenceCore.o --dependency-file /tmp/MYR175-Clean-iOS-DD/Build/Intermediates.noindex/AnchoredSequenceCore.build/Debug-iphonesimulator/AnchoredSequenceCore.build/Objects-normal/arm64/AnchoredSequenceCore_dependency_info.dat --stringsdata-file /tmp/MYR175-Clean-iOS-DD/Build/Intermediates.noindex/AnchoredSequenceCore.build/Debug-iphonesimulator/AnchoredSequenceCore.build/Objects-normal/arm64/ExtractedAppShortcutsMetadata.stringsdata --source-file-list /tmp/MYR175-Clean-iOS-DD/Build/Intermediates.noindex/AnchoredSequenceCore.build/Debug-iphonesimulator/AnchoredSequenceCore.build/Objects-normal/arm64/AnchoredSequenceCore.SwiftFileList --metadata-file-list /tmp/MYR175-Clean-iOS-DD/Build/Intermediates.noindex/AnchoredSequenceCore.build/Debug-iphonesimulator/AnchoredSequenceCore.build/AnchoredSequenceCore.DependencyMetadataFileList --static-metadata-file-list /tmp/MYR175-Clean-iOS-DD/Build/Intermediates.noindex/AnchoredSequenceCore.build/Debug-iphonesimulator/AnchoredSequenceCore.build/AnchoredSequenceCore.DependencyStaticMetadataFileList --swift-const-vals-list /tmp/MYR175-Clean-iOS-DD/Build/Intermediates.noindex/AnchoredSequenceCore.build/Debug-iphonesimulator/AnchoredSequenceCore.build/Objects-normal/arm64/AnchoredSequenceCore.SwiftConstValuesFileList --force --compile-time-extraction --deployment-aware-processing --validate-assistant-intents --no-app-shortcuts-localization
2026-08-04 16:49:53.051 appintentsmetadataprocessor[3031:12880] Starting appintentsmetadataprocessor export
2026-08-04 16:49:53.066 appintentsmetadataprocessor[3031:12880] Extracted no relevant App Intents symbols, skipping writing output

RegisterExecutionPolicyException /tmp/MYR175-Clean-iOS-DD/Build/Products/Debug-iphonesimulator/AnchoredSequenceCore.o (in target 'AnchoredSequenceCore' from project 'AnchoredSequenceCore')
    cd /Users/runner/work/MyRAM-iOS/MyRAM-iOS/MyRAM-iOS/Packages/AnchoredSequenceCore
    builtin-RegisterExecutionPolicyException /tmp/MYR175-Clean-iOS-DD/Build/Products/Debug-iphonesimulator/AnchoredSequenceCore.o

ProcessInfoPlistFile /tmp/MYR175-Clean-iOS-DD/Build/Products/Debug-iphonesimulator/PackageFrameworks/AnchoredSequenceCore_-65B9EEE52AB2106_PackageProduct.framework/Info.plist /tmp/MYR175-Clean-iOS-DD/Build/Intermediates.noindex/AnchoredSequenceCore.build/Debug-iphonesimulator/AnchoredSequenceCore\ product.build/empty-AnchoredSequenceCore_-65B9EEE52AB2106_PackageProduct.plist (in target 'AnchoredSequenceCore' from project 'AnchoredSequenceCore')
    cd /Users/runner/work/MyRAM-iOS/MyRAM-iOS/MyRAM-iOS/Packages/AnchoredSequenceCore
    builtin-infoPlistUtility /tmp/MYR175-Clean-iOS-DD/Build/Intermediates.noindex/AnchoredSequenceCore.build/Debug-iphonesimulator/AnchoredSequenceCore\ product.build/empty-AnchoredSequenceCore_-65B9EEE52AB2106_PackageProduct.plist -producttype com.apple.product-type.framework -expandbuildsettings -format binary -platform iphonesimulator -o /tmp/MYR175-Clean-iOS-DD/Build/Products/Debug-iphonesimulator/PackageFrameworks/AnchoredSequenceCore_-65B9EEE52AB2106_PackageProduct.framework/Info.plist

Ld /tmp/MYR175-Clean-iOS-DD/Build/Products/Debug-iphonesimulator/PackageFrameworks/AnchoredSequenceCore_-65B9EEE52AB2106_PackageProduct.framework/AnchoredSequenceCore_-65B9EEE52AB2106_PackageProduct normal (in target 'AnchoredSequenceCore' from project 'AnchoredSequenceCore')
    cd /Users/runner/work/MyRAM-iOS/MyRAM-iOS/MyRAM-iOS/Packages/AnchoredSequenceCore
    /Applications/Xcode_26.5.app/Contents/Developer/Toolchains/XcodeDefault.xctoolchain/usr/bin/clang -Xlinker -reproducible -target arm64-apple-ios17.0-simulator -dynamiclib -isysroot /Applications/Xcode_26.5.app/Contents/Developer/Platforms/iPhoneSimulator.platform/Developer/SDKs/iPhoneSimulator26.5.sdk -O0 -w -L/tmp/MYR175-Clean-iOS-DD/Build/Intermediates.noindex/EagerLinkingTBDs/Debug-iphonesimulator -L/tmp/MYR175-Clean-iOS-DD/Build/Products/Debug-iphonesimulator -L/Applications/Xcode_26.5.app/Contents/Developer/Platforms/iPhoneSimulator.platform/Developer/usr/lib -F/tmp/MYR175-Clean-iOS-DD/Build/Intermediates.noindex/EagerLinkingTBDs/Debug-iphonesimulator -F/tmp/MYR175-Clean-iOS-DD/Build/Products/Debug-iphonesimulator/PackageFrameworks -F/tmp/MYR175-Clean-iOS-DD/Build/Products/Debug-iphonesimulator -iframework /Applications/Xcode_26.5.app/Contents/Developer/Platforms/iPhoneSimulator.platform/Developer/Library/Frameworks -iframework /Applications/Xcode_26.5.app/Contents/Developer/Platforms/iPhoneSimulator.platform/Developer/SDKs/iPhoneSimulator26.5.sdk/Developer/Library/Frameworks -filelist /tmp/MYR175-Clean-iOS-DD/Build/Intermediates.noindex/AnchoredSequenceCore.build/Debug-iphonesimulator/AnchoredSequenceCore\ product.build/Objects-normal/arm64/AnchoredSequenceCore_-65B9EEE52AB2106_PackageProduct.LinkFileList -install_name @rpath/AnchoredSequenceCore_-65B9EEE52AB2106_PackageProduct.framework/AnchoredSequenceCore_-65B9EEE52AB2106_PackageProduct -Xlinker -rpath -Xlinker /usr/lib/swift -Xlinker -rpath -Xlinker /tmp/MYR175-Clean-iOS-DD/Build/Products/Debug-iphonesimulator/PackageFrameworks -Xlinker -dead_strip -Xlinker -object_path_lto -Xlinker /tmp/MYR175-Clean-iOS-DD/Build/Intermediates.noindex/AnchoredSequenceCore.build/Debug-iphonesimulator/AnchoredSequenceCore\ product.build/Objects-normal/arm64/AnchoredSequenceCore_-65B9EEE52AB2106_PackageProduct_lto.o -rdynamic -Xlinker -no_deduplicate -Xlinker -objc_abi_version -Xlinker 2 -Xlinker -dependency_info -Xlinker /tmp/MYR175-Clean-iOS-DD/Build/Intermediates.noindex/AnchoredSequenceCore.build/Debug-iphonesimulator/AnchoredSequenceCore\ product.build/Objects-normal/arm64/AnchoredSequenceCore_-65B9EEE52AB2106_PackageProduct_dependency_info.dat -fobjc-link-runtime -L/Applications/Xcode_26.5.app/Contents/Developer/Toolchains/XcodeDefault.xctoolchain/usr/lib/swift/iphonesimulator -L/usr/lib/swift -Wl,-no_warn_duplicate_libraries -o /tmp/MYR175-Clean-iOS-DD/Build/Products/Debug-iphonesimulator/PackageFrameworks/AnchoredSequenceCore_-65B9EEE52AB2106_PackageProduct.framework/AnchoredSequenceCore_-65B9EEE52AB2106_PackageProduct -Xlinker -add_ast_path -Xlinker /tmp/MYR175-Clean-iOS-DD/Build/Intermediates.noindex/AnchoredSequenceCore.build/Debug-iphonesimulator/AnchoredSequenceCore.build/Objects-normal/arm64/AnchoredSequenceCore.swiftmodule @/tmp/MYR175-Clean-iOS-DD/Build/Intermediates.noindex/AnchoredSequenceCore.build/Debug-iphonesimulator/AnchoredSequenceCore.build/Objects-normal/arm64/AnchoredSequenceCore-linker-args.resp

SwiftExplicitDependencyGeneratePcm arm64 /tmp/MYR175-Clean-iOS-DD/ModuleCache.noindex/SwiftUI-88M5A8698880EEGQUMP4EEV4.pcm

SwiftEmitModule normal arm64 Emitting\ module\ for\ MyRAMWidgetExtension (in target 'MyRAMWidgetExtension' from project 'MyRAM')
EmitSwiftModule normal arm64 (in target 'MyRAMWidgetExtension' from project 'MyRAM')
    cd /Users/runner/work/MyRAM-iOS/MyRAM-iOS/MyRAM-iOS
    

SwiftCompile normal arm64 Compiling\ MyRAMWidgetRuntimeConfiguration.swift,\ MyRAMWidgetSnapshotStore.swift,\ MyRAMWidget.swift /Users/runner/work/MyRAM-iOS/MyRAM-iOS/MyRAM-iOS/MyRAM/WidgetShared/MyRAMWidgetRuntimeConfiguration.swift /Users/runner/work/MyRAM-iOS/MyRAM-iOS/MyRAM-iOS/MyRAM/WidgetShared/MyRAMWidgetSnapshotStore.swift /Users/runner/work/MyRAM-iOS/MyRAM-iOS/MyRAM-iOS/MyRAMWidget/MyRAMWidget.swift (in target 'MyRAMWidgetExtension' from project 'MyRAM')
SwiftCompile normal arm64 /Users/runner/work/MyRAM-iOS/MyRAM-iOS/MyRAM-iOS/MyRAM/WidgetShared/MyRAMWidgetRuntimeConfiguration.swift (in target 'MyRAMWidgetExtension' from project 'MyRAM')
    cd /Users/runner/work/MyRAM-iOS/MyRAM-iOS/MyRAM-iOS
    

SwiftCompile normal arm64 /Users/runner/work/MyRAM-iOS/MyRAM-iOS/MyRAM-iOS/MyRAM/WidgetShared/MyRAMWidgetSnapshotStore.swift (in target 'MyRAMWidgetExtension' from project 'MyRAM')
    cd /Users/runner/work/MyRAM-iOS/MyRAM-iOS/MyRAM-iOS
    

SwiftCompile normal arm64 /Users/runner/work/MyRAM-iOS/MyRAM-iOS/MyRAM-iOS/MyRAMWidget/MyRAMWidget.swift (in target 'MyRAMWidgetExtension' from project 'MyRAM')
    cd /Users/runner/work/MyRAM-iOS/MyRAM-iOS/MyRAM-iOS
    

SwiftCompile normal arm64 Compiling\ MyRAMWidgetBundle.swift,\ MyRAMWidgetContentSelectionPolicy.swift,\ GeneratedAssetSymbols.swift /Users/runner/work/MyRAM-iOS/MyRAM-iOS/MyRAM-iOS/MyRAMWidget/MyRAMWidgetBundle.swift /Users/runner/work/MyRAM-iOS/MyRAM-iOS/MyRAM-iOS/MyRAM/WidgetShared/MyRAMWidgetContentSelectionPolicy.swift /tmp/MYR175-Clean-iOS-DD/Build/Intermediates.noindex/MyRAM.build/Debug-iphonesimulator/MyRAMWidgetExtension.build/DerivedSources/GeneratedAssetSymbols.swift (in target 'MyRAMWidgetExtension' from project 'MyRAM')
SwiftCompile normal arm64 /Users/runner/work/MyRAM-iOS/MyRAM-iOS/MyRAM-iOS/MyRAMWidget/MyRAMWidgetBundle.swift (in target 'MyRAMWidgetExtension' from project 'MyRAM')
    cd /Users/runner/work/MyRAM-iOS/MyRAM-iOS/MyRAM-iOS
    

SwiftCompile normal arm64 /Users/runner/work/MyRAM-iOS/MyRAM-iOS/MyRAM-iOS/MyRAM/WidgetShared/MyRAMWidgetContentSelectionPolicy.swift (in target 'MyRAMWidgetExtension' from project 'MyRAM')
    cd /Users/runner/work/MyRAM-iOS/MyRAM-iOS/MyRAM-iOS
    

SwiftCompile normal arm64 /tmp/MYR175-Clean-iOS-DD/Build/Intermediates.noindex/MyRAM.build/Debug-iphonesimulator/MyRAMWidgetExtension.build/DerivedSources/GeneratedAssetSymbols.swift (in target 'MyRAMWidgetExtension' from project 'MyRAM')
    cd /Users/runner/work/MyRAM-iOS/MyRAM-iOS/MyRAM-iOS
    

SwiftCompile normal arm64 Compiling\ MyRAMWidgetSnapshotCodec.swift,\ MyRAMWidgetDeepLink.swift,\ MyRAMWidgetSnapshot.swift /Users/runner/work/MyRAM-iOS/MyRAM-iOS/MyRAM-iOS/MyRAM/WidgetShared/MyRAMWidgetSnapshotCodec.swift /Users/runner/work/MyRAM-iOS/MyRAM-iOS/MyRAM-iOS/MyRAM/WidgetShared/MyRAMWidgetDeepLink.swift /Users/runner/work/MyRAM-iOS/MyRAM-iOS/MyRAM-iOS/MyRAM/WidgetShared/MyRAMWidgetSnapshot.swift (in target 'MyRAMWidgetExtension' from project 'MyRAM')

SwiftCompile normal arm64 /Users/runner/work/MyRAM-iOS/MyRAM-iOS/MyRAM-iOS/MyRAM/WidgetShared/MyRAMWidgetSnapshotCodec.swift (in target 'MyRAMWidgetExtension' from project 'MyRAM')
    cd /Users/runner/work/MyRAM-iOS/MyRAM-iOS/MyRAM-iOS
    

SwiftCompile normal arm64 /Users/runner/work/MyRAM-iOS/MyRAM-iOS/MyRAM-iOS/MyRAM/WidgetShared/MyRAMWidgetDeepLink.swift (in target 'MyRAMWidgetExtension' from project 'MyRAM')
    cd /Users/runner/work/MyRAM-iOS/MyRAM-iOS/MyRAM-iOS
    

SwiftCompile normal arm64 /Users/runner/work/MyRAM-iOS/MyRAM-iOS/MyRAM-iOS/MyRAM/WidgetShared/MyRAMWidgetSnapshot.swift (in target 'MyRAMWidgetExtension' from project 'MyRAM')
    cd /Users/runner/work/MyRAM-iOS/MyRAM-iOS/MyRAM-iOS
    

SwiftDriverJobDiscovery normal arm64 Emitting module for MyRAMWidgetExtension (in target 'MyRAMWidgetExtension' from project 'MyRAM')

SwiftDriver\ Compilation\ Requirements MyRAMWidgetExtension normal arm64 com.apple.xcode.tools.swift.compiler (in target 'MyRAMWidgetExtension' from project 'MyRAM')
    cd /Users/runner/work/MyRAM-iOS/MyRAM-iOS/MyRAM-iOS
    builtin-Swift-Compilation-Requirements -- /Applications/Xcode_26.5.app/Contents/Developer/Toolchains/XcodeDefault.xctoolchain/usr/bin/swiftc -module-name MyRAMWidgetExtension -Onone @/tmp/MYR175-Clean-iOS-DD/Build/Intermediates.noindex/MyRAM.build/Debug-iphonesimulator/MyRAMWidgetExtension.build/Objects-normal/arm64/MyRAMWidgetExtension.SwiftFileList -DDEBUG -enable-bare-slash-regex -enable-upcoming-feature DisableOutwardActorInference -enable-upcoming-feature InferSendableFromCaptures -enable-upcoming-feature GlobalActorIsolatedTypesUsability -enable-upcoming-feature MemberImportVisibility -enable-upcoming-feature InferIsolatedConformances -enable-upcoming-feature NonisolatedNonsendingByDefault -enable-experimental-feature DebugDescriptionMacro -sdk /Applications/Xcode_26.5.app/Contents/Developer/Platforms/iPhoneSimulator.platform/Developer/SDKs/iPhoneSimulator26.5.sdk -target arm64-apple-ios17.0-simulator -g -module-cache-path /tmp/MYR175-Clean-iOS-DD/ModuleCache.noindex -Xfrontend -serialize-debugging-options -application-extension -enable-testing -index-store-path /tmp/MYR175-Clean-iOS-DD/Index.noindex/DataStore -Xcc -D_LIBCPP_HARDENING_MODE\=_LIBCPP_HARDENING_MODE_DEBUG -swift-version 5 -I /tmp/MYR175-Clean-iOS-DD/Build/Products/Debug-iphonesimulator -F /tmp/MYR175-Clean-iOS-DD/Build/Products/Debug-iphonesimulator -emit-localized-strings -emit-localized-strings-path /tmp/MYR175-Clean-iOS-DD/Build/Intermediates.noindex/MyRAM.build/Debug-iphonesimulator/MyRAMWidgetExtension.build/Objects-normal/arm64 -c -j3 -enable-batch-mode -incremental -Xcc -ivfsstatcache -Xcc /tmp/MYR175-Clean-iOS-DD/SDKStatCaches.noindex/iphonesimulator26.5-23F73-688ef53f1462e2c8f657fdc38a81448ffb7d586738ff35573a713a18216ade27.sdkstatcache -output-file-map /tmp/MYR175-Clean-iOS-DD/Build/Intermediates.noindex/MyRAM.build/Debug-iphonesimulator/MyRAMWidgetExtension.build/Objects-normal/arm64/MyRAMWidgetExtension-OutputFileMap.json -use-frontend-parseable-output -save-temps -no-color-diagnostics -explicit-module-build -module-cache-path /tmp/MYR175-Clean-iOS-DD/Build/Intermediates.noindex/SwiftExplicitPrecompiledModules -clang-scanner-module-cache-path /tmp/MYR175-Clean-iOS-DD/ModuleCache.noindex -sdk-module-cache-path /tmp/MYR175-Clean-iOS-DD/ModuleCache.noindex -serialize-diagnostics -emit-dependencies -emit-module -emit-module-path /tmp/MYR175-Clean-iOS-DD/Build/Intermediates.noindex/MyRAM.build/Debug-iphonesimulator/MyRAMWidgetExtension.build/Objects-normal/arm64/MyRAMWidgetExtension.swiftmodule -validate-clang-modules-once -clang-build-session-file /tmp/MYR175-Clean-iOS-DD/ModuleCache.noindex/Session.modulevalidation -Xcc -I/tmp/MYR175-Clean-iOS-DD/Build/Intermediates.noindex/MyRAM.build/Debug-iphonesimulator/MyRAMWidgetExtension.build/swift-overrides.hmap -emit-const-values -Xfrontend -const-gather-protocols-file -Xfrontend /tmp/MYR175-Clean-iOS-DD/Build/Intermediates.noindex/MyRAM.build/Debug-iphonesimulator/MyRAMWidgetExtension.build/Objects-normal/arm64/MyRAMWidgetExtension_const_extract_protocols.json -Xcc -iquote -Xcc /tmp/MYR175-Clean-iOS-DD/Build/Intermediates.noindex/MyRAM.build/Debug-iphonesimulator/MyRAMWidgetExtension.build/MyRAMWidgetExtension-generated-files.hmap -Xcc -I/tmp/MYR175-Clean-iOS-DD/Build/Intermediates.noindex/MyRAM.build/Debug-iphonesimulator/MyRAMWidgetExtension.build/MyRAMWidgetExtension-own-target-headers.hmap -Xcc -I/tmp/MYR175-Clean-iOS-DD/Build/Intermediates.noindex/MyRAM.build/Debug-iphonesimulator/MyRAMWidgetExtension.build/MyRAMWidgetExtension-all-non-framework-target-headers.hmap -Xcc -ivfsoverlay -Xcc /tmp/MYR175-Clean-iOS-DD/Build/Intermediates.noindex/MyRAM.build/Debug-iphonesimulator/MyRAM-98a9cbde253e8e955bc92731eb290203-VFS-iphonesimulator/all-product-headers.yaml -Xcc -iquote -Xcc /tmp/MYR175-Clean-iOS-DD/Build/Intermediates.noindex/MyRAM.build/Debug-iphonesimulator/MyRAMWidgetExtension.build/MyRAMWidgetExtension-project-headers.hmap -Xcc -I/tmp/MYR175-Clean-iOS-DD/Build/Products/Debug-iphonesimulator/include -Xcc -I/tmp/MYR175-Clean-iOS-DD/Build/Intermediates.noindex/MyRAM.build/Debug-iphonesimulator/MyRAMWidgetExtension.build/DerivedSources-normal/arm64 -Xcc -I/tmp/MYR175-Clean-iOS-DD/Build/Intermediates.noindex/MyRAM.build/Debug-iphonesimulator/MyRAMWidgetExtension.build/DerivedSources/arm64 -Xcc -I/tmp/MYR175-Clean-iOS-DD/Build/Intermediates.noindex/MyRAM.build/Debug-iphonesimulator/MyRAMWidgetExtension.build/DerivedSources -Xcc -DDEBUG\=1 -emit-objc-header -emit-objc-header-path /tmp/MYR175-Clean-iOS-DD/Build/Intermediates.noindex/MyRAM.build/Debug-iphonesimulator/MyRAMWidgetExtension.build/Objects-normal/arm64/MyRAMWidgetExtension-Swift.h -working-directory /Users/runner/work/MyRAM-iOS/MyRAM-iOS/MyRAM-iOS -experimental-emit-module-separately -disable-cmo

SwiftDriverJobDiscovery normal arm64 Compiling MyRAMWidgetSnapshotCodec.swift, MyRAMWidgetDeepLink.swift, MyRAMWidgetSnapshot.swift (in target 'MyRAMWidgetExtension' from project 'MyRAM')

SwiftMergeGeneratedHeaders /tmp/MYR175-Clean-iOS-DD/Build/Intermediates.noindex/MyRAM.build/Debug-iphonesimulator/MyRAMWidgetExtension.build/DerivedSources/MyRAMWidgetExtension-Swift.h /tmp/MYR175-Clean-iOS-DD/Build/Intermediates.noindex/MyRAM.build/Debug-iphonesimulator/MyRAMWidgetExtension.build/Objects-normal/arm64/MyRAMWidgetExtension-Swift.h (in target 'MyRAMWidgetExtension' from project 'MyRAM')
    cd /Users/runner/work/MyRAM-iOS/MyRAM-iOS/MyRAM-iOS
    builtin-swiftHeaderTool -arch arm64 /tmp/MYR175-Clean-iOS-DD/Build/Intermediates.noindex/MyRAM.build/Debug-iphonesimulator/MyRAMWidgetExtension.build/Objects-normal/arm64/MyRAMWidgetExtension-Swift.h -o /tmp/MYR175-Clean-iOS-DD/Build/Intermediates.noindex/MyRAM.build/Debug-iphonesimulator/MyRAMWidgetExtension.build/DerivedSources/MyRAMWidgetExtension-Swift.h

Copy /tmp/MYR175-Clean-iOS-DD/Build/Products/Debug-iphonesimulator/MyRAMWidgetExtension.swiftmodule/arm64-apple-ios-simulator.swiftmodule /tmp/MYR175-Clean-iOS-DD/Build/Intermediates.noindex/MyRAM.build/Debug-iphonesimulator/MyRAMWidgetExtension.build/Objects-normal/arm64/MyRAMWidgetExtension.swiftmodule (in target 'MyRAMWidgetExtension' from project 'MyRAM')
    cd /Users/runner/work/MyRAM-iOS/MyRAM-iOS/MyRAM-iOS
    builtin-copy -exclude .DS_Store -exclude CVS -exclude .svn -exclude .git -exclude .hg -resolve-src-symlinks -rename /tmp/MYR175-Clean-iOS-DD/Build/Intermediates.noindex/MyRAM.build/Debug-iphonesimulator/MyRAMWidgetExtension.build/Objects-normal/arm64/MyRAMWidgetExtension.swiftmodule /tmp/MYR175-Clean-iOS-DD/Build/Products/Debug-iphonesimulator/MyRAMWidgetExtension.swiftmodule/arm64-apple-ios-simulator.swiftmodule

Copy /tmp/MYR175-Clean-iOS-DD/Build/Products/Debug-iphonesimulator/MyRAMWidgetExtension.swiftmodule/arm64-apple-ios-simulator.swiftdoc /tmp/MYR175-Clean-iOS-DD/Build/Intermediates.noindex/MyRAM.build/Debug-iphonesimulator/MyRAMWidgetExtension.build/Objects-normal/arm64/MyRAMWidgetExtension.swiftdoc (in target 'MyRAMWidgetExtension' from project 'MyRAM')
    cd /Users/runner/work/MyRAM-iOS/MyRAM-iOS/MyRAM-iOS
    builtin-copy -exclude .DS_Store -exclude CVS -exclude .svn -exclude .git -exclude .hg -resolve-src-symlinks -rename /tmp/MYR175-Clean-iOS-DD/Build/Intermediates.noindex/MyRAM.build/Debug-iphonesimulator/MyRAMWidgetExtension.build/Objects-normal/arm64/MyRAMWidgetExtension.swiftdoc /tmp/MYR175-Clean-iOS-DD/Build/Products/Debug-iphonesimulator/MyRAMWidgetExtension.swiftmodule/arm64-apple-ios-simulator.swiftdoc

Copy /tmp/MYR175-Clean-iOS-DD/Build/Products/Debug-iphonesimulator/MyRAMWidgetExtension.swiftmodule/arm64-apple-ios-simulator.abi.json /tmp/MYR175-Clean-iOS-DD/Build/Intermediates.noindex/MyRAM.build/Debug-iphonesimulator/MyRAMWidgetExtension.build/Objects-normal/arm64/MyRAMWidgetExtension.abi.json (in target 'MyRAMWidgetExtension' from project 'MyRAM')
    cd /Users/runner/work/MyRAM-iOS/MyRAM-iOS/MyRAM-iOS
    builtin-copy -exclude .DS_Store -exclude CVS -exclude .svn -exclude .git -exclude .hg -resolve-src-symlinks -rename /tmp/MYR175-Clean-iOS-DD/Build/Intermediates.noindex/MyRAM.build/Debug-iphonesimulator/MyRAMWidgetExtension.build/Objects-normal/arm64/MyRAMWidgetExtension.abi.json /tmp/MYR175-Clean-iOS-DD/Build/Products/Debug-iphonesimulator/MyRAMWidgetExtension.swiftmodule/arm64-apple-ios-simulator.abi.json

Copy /tmp/MYR175-Clean-iOS-DD/Build/Products/Debug-iphonesimulator/MyRAMWidgetExtension.swiftmodule/Project/arm64-apple-ios-simulator.swiftsourceinfo /tmp/MYR175-Clean-iOS-DD/Build/Intermediates.noindex/MyRAM.build/Debug-iphonesimulator/MyRAMWidgetExtension.build/Objects-normal/arm64/MyRAMWidgetExtension.swiftsourceinfo (in target 'MyRAMWidgetExtension' from project 'MyRAM')
    cd /Users/runner/work/MyRAM-iOS/MyRAM-iOS/MyRAM-iOS
    builtin-copy -exclude .DS_Store -exclude CVS -exclude .svn -exclude .git -exclude .hg -resolve-src-symlinks -rename /tmp/MYR175-Clean-iOS-DD/Build/Intermediates.noindex/MyRAM.build/Debug-iphonesimulator/MyRAMWidgetExtension.build/Objects-normal/arm64/MyRAMWidgetExtension.swiftsourceinfo /tmp/MYR175-Clean-iOS-DD/Build/Products/Debug-iphonesimulator/MyRAMWidgetExtension.swiftmodule/Project/arm64-apple-ios-simulator.swiftsourceinfo

GenerateTAPI /tmp/MYR175-Clean-iOS-DD/Build/Intermediates.noindex/EagerLinkingTBDs/Debug-iphonesimulator/AnchoredSequenceCore_-65B9EEE52AB2106_PackageProduct.framework/AnchoredSequenceCore_-65B9EEE52AB2106_PackageProduct.tbd (in target 'AnchoredSequenceCore' from project 'AnchoredSequenceCore')
    cd /Users/runner/work/MyRAM-iOS/MyRAM-iOS/MyRAM-iOS/Packages/AnchoredSequenceCore
    /Applications/Xcode_26.5.app/Contents/Developer/Toolchains/XcodeDefault.xctoolchain/usr/bin/tapi stubify -isysroot /Applications/Xcode_26.5.app/Contents/Developer/Platforms/iPhoneSimulator.platform/Developer/SDKs/iPhoneSimulator26.5.sdk -F/tmp/MYR175-Clean-iOS-DD/Build/Products/Debug-iphonesimulator/PackageFrameworks -F/tmp/MYR175-Clean-iOS-DD/Build/Products/Debug-iphonesimulator -iframework /Applications/Xcode_26.5.app/Contents/Developer/Platforms/iPhoneSimulator.platform/Developer/Library/Frameworks -iframework /Applications/Xcode_26.5.app/Contents/Developer/Platforms/iPhoneSimulator.platform/Developer/SDKs/iPhoneSimulator26.5.sdk/Developer/Library/Frameworks -L/tmp/MYR175-Clean-iOS-DD/Build/Products/Debug-iphonesimulator -L/Applications/Xcode_26.5.app/Contents/Developer/Platforms/iPhoneSimulator.platform/Developer/usr/lib /tmp/MYR175-Clean-iOS-DD/Build/Products/Debug-iphonesimulator/PackageFrameworks/AnchoredSequenceCore_-65B9EEE52AB2106_PackageProduct.framework/AnchoredSequenceCore_-65B9EEE52AB2106_PackageProduct -o /tmp/MYR175-Clean-iOS-DD/Build/Intermediates.noindex/EagerLinkingTBDs/Debug-iphonesimulator/AnchoredSequenceCore_-65B9EEE52AB2106_PackageProduct.framework/AnchoredSequenceCore_-65B9EEE52AB2106_PackageProduct.tbd

MkDir /tmp/MYR175-Clean-iOS-DD/Build/Intermediates.noindex/MyRAM.build/Debug-iphonesimulator/MyRAM.build/assetcatalog_output/unthinned (in target 'MyRAM' from project 'MyRAM')
    cd /Users/runner/work/MyRAM-iOS/MyRAM-iOS/MyRAM-iOS
    /bin/mkdir -p /tmp/MYR175-Clean-iOS-DD/Build/Intermediates.noindex/MyRAM.build/Debug-iphonesimulator/MyRAM.build/assetcatalog_output/unthinned

MkDir /tmp/MYR175-Clean-iOS-DD/Build/Intermediates.noindex/MyRAM.build/Debug-iphonesimulator/MyRAM.build/assetcatalog_output/thinned (in target 'MyRAM' from project 'MyRAM')
    cd /Users/runner/work/MyRAM-iOS/MyRAM-iOS/MyRAM-iOS
    /bin/mkdir -p /tmp/MYR175-Clean-iOS-DD/Build/Intermediates.noindex/MyRAM.build/Debug-iphonesimulator/MyRAM.build/assetcatalog_output/thinned

GenerateAssetSymbols /Users/runner/work/MyRAM-iOS/MyRAM-iOS/MyRAM-iOS/MyRAM/Preview\ Content/Preview\ Assets.xcassets /Users/runner/work/MyRAM-iOS/MyRAM-iOS/MyRAM-iOS/MyRAM/Assets.xcassets (in target 'MyRAM' from project 'MyRAM')
    cd /Users/runner/work/MyRAM-iOS/MyRAM-iOS/MyRAM-iOS
    /Applications/Xcode_26.5.app/Contents/Developer/usr/bin/actool /Users/runner/work/MyRAM-iOS/MyRAM-iOS/MyRAM-iOS/MyRAM/Preview\ Content/Preview\ Assets.xcassets /Users/runner/work/MyRAM-iOS/MyRAM-iOS/MyRAM-iOS/MyRAM/Assets.xcassets --compile /tmp/MYR175-Clean-iOS-DD/Build/Products/Debug-iphonesimulator/MyRAM.app --output-format human-readable-text --notices --warnings --export-dependency-info /tmp/MYR175-Clean-iOS-DD/Build/Intermediates.noindex/MyRAM.build/Debug-iphonesimulator/MyRAM.build/assetcatalog_dependencies --output-partial-info-plist /tmp/MYR175-Clean-iOS-DD/Build/Intermediates.noindex/MyRAM.build/Debug-iphonesimulator/MyRAM.build/assetcatalog_generated_info.plist --app-icon AppIcon --accent-color AccentColor --compress-pngs --enable-on-demand-resources YES --development-region en --target-device iphone --target-device ipad --minimum-deployment-target 17.0 --platform iphonesimulator --bundle-identifier com.northsignalstudio.myram.dev --generate-swift-asset-symbols /tmp/MYR175-Clean-iOS-DD/Build/Intermediates.noindex/MyRAM.build/Debug-iphonesimulator/MyRAM.build/DerivedSources/GeneratedAssetSymbols.swift --generate-objc-asset-symbols /tmp/MYR175-Clean-iOS-DD/Build/Intermediates.noindex/MyRAM.build/Debug-iphonesimulator/MyRAM.build/DerivedSources/GeneratedAssetSymbols.h --generate-asset-symbol-index /tmp/MYR175-Clean-iOS-DD/Build/Intermediates.noindex/MyRAM.build/Debug-iphonesimulator/MyRAM.build/DerivedSources/GeneratedAssetSymbols-Index.plist
/* com.apple.actool.compilation-results */
/tmp/MYR175-Clean-iOS-DD/Build/Intermediates.noindex/MyRAM.build/Debug-iphonesimulator/MyRAM.build/DerivedSources/GeneratedAssetSymbols-Index.plist
/tmp/MYR175-Clean-iOS-DD/Build/Intermediates.noindex/MyRAM.build/Debug-iphonesimulator/MyRAM.build/DerivedSources/GeneratedAssetSymbols.h
/tmp/MYR175-Clean-iOS-DD/Build/Intermediates.noindex/MyRAM.build/Debug-iphonesimulator/MyRAM.build/DerivedSources/GeneratedAssetSymbols.swift


CompileAssetCatalogVariant thinned /tmp/MYR175-Clean-iOS-DD/Build/Products/Debug-iphonesimulator/MyRAM.app /Users/runner/work/MyRAM-iOS/MyRAM-iOS/MyRAM-iOS/MyRAM/Preview\ Content/Preview\ Assets.xcassets /Users/runner/work/MyRAM-iOS/MyRAM-iOS/MyRAM-iOS/MyRAM/Assets.xcassets (in target 'MyRAM' from project 'MyRAM')
    cd /Users/runner/work/MyRAM-iOS/MyRAM-iOS/MyRAM-iOS
    /Applications/Xcode_26.5.app/Contents/Developer/usr/bin/actool /Users/runner/work/MyRAM-iOS/MyRAM-iOS/MyRAM-iOS/MyRAM/Preview\ Content/Preview\ Assets.xcassets /Users/runner/work/MyRAM-iOS/MyRAM-iOS/MyRAM-iOS/MyRAM/Assets.xcassets --compile /tmp/MYR175-Clean-iOS-DD/Build/Intermediates.noindex/MyRAM.build/Debug-iphonesimulator/MyRAM.build/assetcatalog_output/thinned --output-format human-readable-text --notices --warnings --export-dependency-info /tmp/MYR175-Clean-iOS-DD/Build/Intermediates.noindex/MyRAM.build/Debug-iphonesimulator/MyRAM.build/assetcatalog_dependencies_thinned --output-partial-info-plist /tmp/MYR175-Clean-iOS-DD/Build/Intermediates.noindex/MyRAM.build/Debug-iphonesimulator/MyRAM.build/assetcatalog_generated_info.plist_thinned --app-icon AppIcon --accent-color AccentColor --compress-pngs --enable-on-demand-resources YES --filter-for-thinning-device-configuration iPhone18,3 --filter-for-device-os-version 26.5 --development-region en --target-device iphone --target-device ipad --minimum-deployment-target 17.0 --platform iphonesimulator
/* com.apple.actool.document.notices */
/Users/runner/work/MyRAM-iOS/MyRAM-iOS/MyRAM-iOS/MyRAM/Assets.xcassets:./AppIcon.appiconset/[][ipad][76x76][][][1x][][][][]: notice: 76x76@1x app icons only apply to iPad apps targeting releases of iOS prior to 10.0.
/* com.apple.actool.compilation-results */
/tmp/MYR175-Clean-iOS-DD/Build/Intermediates.noindex/MyRAM.build/Debug-iphonesimulator/MyRAM.build/assetcatalog_generated_info.plist_thinned
/tmp/MYR175-Clean-iOS-DD/Build/Intermediates.noindex/MyRAM.build/Debug-iphonesimulator/MyRAM.build/assetcatalog_output/thinned/AppIcon60x60@2x.png
/tmp/MYR175-Clean-iOS-DD/Build/Intermediates.noindex/MyRAM.build/Debug-iphonesimulator/MyRAM.build/assetcatalog_output/thinned/AppIcon76x76@2x~ipad.png
/tmp/MYR175-Clean-iOS-DD/Build/Intermediates.noindex/MyRAM.build/Debug-iphonesimulator/MyRAM.build/assetcatalog_output/thinned/Assets.car


SwiftDriverJobDiscovery normal arm64 Compiling MyRAMWidgetRuntimeConfiguration.swift, MyRAMWidgetSnapshotStore.swift, MyRAMWidget.swift (in target 'MyRAMWidgetExtension' from project 'MyRAM')

SwiftDriver MyRAM normal arm64 com.apple.xcode.tools.swift.compiler (in target 'MyRAM' from project 'MyRAM')
    cd /Users/runner/work/MyRAM-iOS/MyRAM-iOS/MyRAM-iOS
    builtin-SwiftDriver -- /Applications/Xcode_26.5.app/Contents/Developer/Toolchains/XcodeDefault.xctoolchain/usr/bin/swiftc -module-name MyRAM -Onone @/tmp/MYR175-Clean-iOS-DD/Build/Intermediates.noindex/MyRAM.build/Debug-iphonesimulator/MyRAM.build/Objects-normal/arm64/MyRAM.SwiftFileList -DDEBUG -enable-bare-slash-regex -enable-experimental-feature DebugDescriptionMacro -sdk /Applications/Xcode_26.5.app/Contents/Developer/Platforms/iPhoneSimulator.platform/Developer/SDKs/iPhoneSimulator26.5.sdk -target arm64-apple-ios17.0-simulator -g -module-cache-path /tmp/MYR175-Clean-iOS-DD/ModuleCache.noindex -Xfrontend -serialize-debugging-options -enable-testing -index-store-path /tmp/MYR175-Clean-iOS-DD/Index.noindex/DataStore -Xcc -D_LIBCPP_HARDENING_MODE\=_LIBCPP_HARDENING_MODE_DEBUG -swift-version 5 -I /tmp/MYR175-Clean-iOS-DD/Build/Products/Debug-iphonesimulator -F /tmp/MYR175-Clean-iOS-DD/Build/Products/Debug-iphonesimulator/PackageFrameworks -F /tmp/MYR175-Clean-iOS-DD/Build/Products/Debug-iphonesimulator/PackageFrameworks -F /tmp/MYR175-Clean-iOS-DD/Build/Products/Debug-iphonesimulator -emit-localized-strings -emit-localized-strings-path /tmp/MYR175-Clean-iOS-DD/Build/Intermediates.noindex/MyRAM.build/Debug-iphonesimulator/MyRAM.build/Objects-normal/arm64 -c -j3 -enable-batch-mode -incremental -Xcc -ivfsstatcache -Xcc /tmp/MYR175-Clean-iOS-DD/SDKStatCaches.noindex/iphonesimulator26.5-23F73-688ef53f1462e2c8f657fdc38a81448ffb7d586738ff35573a713a18216ade27.sdkstatcache -output-file-map /tmp/MYR175-Clean-iOS-DD/Build/Intermediates.noindex/MyRAM.build/Debug-iphonesimulator/MyRAM.build/Objects-normal/arm64/MyRAM-OutputFileMap.json -use-frontend-parseable-output -save-temps -no-color-diagnostics -explicit-module-build -module-cache-path /tmp/MYR175-Clean-iOS-DD/Build/Intermediates.noindex/SwiftExplicitPrecompiledModules -clang-scanner-module-cache-path /tmp/MYR175-Clean-iOS-DD/ModuleCache.noindex -sdk-module-cache-path /tmp/MYR175-Clean-iOS-DD/ModuleCache.noindex -serialize-diagnostics -emit-dependencies -emit-module -emit-module-path /tmp/MYR175-Clean-iOS-DD/Build/Intermediates.noindex/MyRAM.build/Debug-iphonesimulator/MyRAM.build/Objects-normal/arm64/MyRAM.swiftmodule -validate-clang-modules-once -clang-build-session-file /tmp/MYR175-Clean-iOS-DD/ModuleCache.noindex/Session.modulevalidation -Xcc -I/tmp/MYR175-Clean-iOS-DD/Build/Intermediates.noindex/MyRAM.build/Debug-iphonesimulator/MyRAM.build/swift-overrides.hmap -emit-const-values -Xfrontend -const-gather-protocols-file -Xfrontend /tmp/MYR175-Clean-iOS-DD/Build/Intermediates.noindex/MyRAM.build/Debug-iphonesimulator/MyRAM.build/Objects-normal/arm64/MyRAM_const_extract_protocols.json -Xcc -iquote -Xcc /tmp/MYR175-Clean-iOS-DD/Build/Intermediates.noindex/MyRAM.build/Debug-iphonesimulator/MyRAM.build/MyRAM-generated-files.hmap -Xcc -I/tmp/MYR175-Clean-iOS-DD/Build/Intermediates.noindex/MyRAM.build/Debug-iphonesimulator/MyRAM.build/MyRAM-own-target-headers.hmap -Xcc -I/tmp/MYR175-Clean-iOS-DD/Build/Intermediates.noindex/MyRAM.build/Debug-iphonesimulator/MyRAM.build/MyRAM-all-non-framework-target-headers.hmap -Xcc -ivfsoverlay -Xcc /tmp/MYR175-Clean-iOS-DD/Build/Intermediates.noindex/MyRAM.build/Debug-iphonesimulator/MyRAM-98a9cbde253e8e955bc92731eb290203-VFS-iphonesimulator/all-product-headers.yaml -Xcc -iquote -Xcc /tmp/MYR175-Clean-iOS-DD/Build/Intermediates.noindex/MyRAM.build/Debug-iphonesimulator/MyRAM.build/MyRAM-project-headers.hmap -Xcc -I/tmp/MYR175-Clean-iOS-DD/Build/Products/Debug-iphonesimulator/include -Xcc -I/tmp/MYR175-Clean-iOS-DD/Build/Intermediates.noindex/MyRAM.build/Debug-iphonesimulator/MyRAM.build/DerivedSources-normal/arm64 -Xcc -I/tmp/MYR175-Clean-iOS-DD/Build/Intermediates.noindex/MyRAM.build/Debug-iphonesimulator/MyRAM.build/DerivedSources/arm64 -Xcc -I/tmp/MYR175-Clean-iOS-DD/Build/Intermediates.noindex/MyRAM.build/Debug-iphonesimulator/MyRAM.build/DerivedSources -Xcc -DDEBUG\=1 -emit-objc-header -emit-objc-header-path /tmp/MYR175-Clean-iOS-DD/Build/Intermediates.noindex/MyRAM.build/Debug-iphonesimulator/MyRAM.build/Objects-normal/arm64/MyRAM-Swift.h -working-directory /Users/runner/work/MyRAM-iOS/MyRAM-iOS/MyRAM-iOS -experimental-emit-module-separately -disable-cmo

SwiftDriverJobDiscovery normal arm64 Compiling MyRAMWidgetBundle.swift, MyRAMWidgetContentSelectionPolicy.swift, GeneratedAssetSymbols.swift (in target 'MyRAMWidgetExtension' from project 'MyRAM')

SwiftDriver\ Compilation MyRAMWidgetExtension normal arm64 com.apple.xcode.tools.swift.compiler (in target 'MyRAMWidgetExtension' from project 'MyRAM')
    cd /Users/runner/work/MyRAM-iOS/MyRAM-iOS/MyRAM-iOS
    builtin-Swift-Compilation -- /Applications/Xcode_26.5.app/Contents/Developer/Toolchains/XcodeDefault.xctoolchain/usr/bin/swiftc -module-name MyRAMWidgetExtension -Onone @/tmp/MYR175-Clean-iOS-DD/Build/Intermediates.noindex/MyRAM.build/Debug-iphonesimulator/MyRAMWidgetExtension.build/Objects-normal/arm64/MyRAMWidgetExtension.SwiftFileList -DDEBUG -enable-bare-slash-regex -enable-upcoming-feature DisableOutwardActorInference -enable-upcoming-feature InferSendableFromCaptures -enable-upcoming-feature GlobalActorIsolatedTypesUsability -enable-upcoming-feature MemberImportVisibility -enable-upcoming-feature InferIsolatedConformances -enable-upcoming-feature NonisolatedNonsendingByDefault -enable-experimental-feature DebugDescriptionMacro -sdk /Applications/Xcode_26.5.app/Contents/Developer/Platforms/iPhoneSimulator.platform/Developer/SDKs/iPhoneSimulator26.5.sdk -target arm64-apple-ios17.0-simulator -g -module-cache-path /tmp/MYR175-Clean-iOS-DD/ModuleCache.noindex -Xfrontend -serialize-debugging-options -application-extension -enable-testing -index-store-path /tmp/MYR175-Clean-iOS-DD/Index.noindex/DataStore -Xcc -D_LIBCPP_HARDENING_MODE\=_LIBCPP_HARDENING_MODE_DEBUG -swift-version 5 -I /tmp/MYR175-Clean-iOS-DD/Build/Products/Debug-iphonesimulator -F /tmp/MYR175-Clean-iOS-DD/Build/Products/Debug-iphonesimulator -emit-localized-strings -emit-localized-strings-path /tmp/MYR175-Clean-iOS-DD/Build/Intermediates.noindex/MyRAM.build/Debug-iphonesimulator/MyRAMWidgetExtension.build/Objects-normal/arm64 -c -j3 -enable-batch-mode -incremental -Xcc -ivfsstatcache -Xcc /tmp/MYR175-Clean-iOS-DD/SDKStatCaches.noindex/iphonesimulator26.5-23F73-688ef53f1462e2c8f657fdc38a81448ffb7d586738ff35573a713a18216ade27.sdkstatcache -output-file-map /tmp/MYR175-Clean-iOS-DD/Build/Intermediates.noindex/MyRAM.build/Debug-iphonesimulator/MyRAMWidgetExtension.build/Objects-normal/arm64/MyRAMWidgetExtension-OutputFileMap.json -use-frontend-parseable-output -save-temps -no-color-diagnostics -explicit-module-build -module-cache-path /tmp/MYR175-Clean-iOS-DD/Build/Intermediates.noindex/SwiftExplicitPrecompiledModules -clang-scanner-module-cache-path /tmp/MYR175-Clean-iOS-DD/ModuleCache.noindex -sdk-module-cache-path /tmp/MYR175-Clean-iOS-DD/ModuleCache.noindex -serialize-diagnostics -emit-dependencies -emit-module -emit-module-path /tmp/MYR175-Clean-iOS-DD/Build/Intermediates.noindex/MyRAM.build/Debug-iphonesimulator/MyRAMWidgetExtension.build/Objects-normal/arm64/MyRAMWidgetExtension.swiftmodule -validate-clang-modules-once -clang-build-session-file /tmp/MYR175-Clean-iOS-DD/ModuleCache.noindex/Session.modulevalidation -Xcc -I/tmp/MYR175-Clean-iOS-DD/Build/Intermediates.noindex/MyRAM.build/Debug-iphonesimulator/MyRAMWidgetExtension.build/swift-overrides.hmap -emit-const-values -Xfrontend -const-gather-protocols-file -Xfrontend /tmp/MYR175-Clean-iOS-DD/Build/Intermediates.noindex/MyRAM.build/Debug-iphonesimulator/MyRAMWidgetExtension.build/Objects-normal/arm64/MyRAMWidgetExtension_const_extract_protocols.json -Xcc -iquote -Xcc /tmp/MYR175-Clean-iOS-DD/Build/Intermediates.noindex/MyRAM.build/Debug-iphonesimulator/MyRAMWidgetExtension.build/MyRAMWidgetExtension-generated-files.hmap -Xcc -I/tmp/MYR175-Clean-iOS-DD/Build/Intermediates.noindex/MyRAM.build/Debug-iphonesimulator/MyRAMWidgetExtension.build/MyRAMWidgetExtension-own-target-headers.hmap -Xcc -I/tmp/MYR175-Clean-iOS-DD/Build/Intermediates.noindex/MyRAM.build/Debug-iphonesimulator/MyRAMWidgetExtension.build/MyRAMWidgetExtension-all-non-framework-target-headers.hmap -Xcc -ivfsoverlay -Xcc /tmp/MYR175-Clean-iOS-DD/Build/Intermediates.noindex/MyRAM.build/Debug-iphonesimulator/MyRAM-98a9cbde253e8e955bc92731eb290203-VFS-iphonesimulator/all-product-headers.yaml -Xcc -iquote -Xcc /tmp/MYR175-Clean-iOS-DD/Build/Intermediates.noindex/MyRAM.build/Debug-iphonesimulator/MyRAMWidgetExtension.build/MyRAMWidgetExtension-project-headers.hmap -Xcc -I/tmp/MYR175-Clean-iOS-DD/Build/Products/Debug-iphonesimulator/include -Xcc -I/tmp/MYR175-Clean-iOS-DD/Build/Intermediates.noindex/MyRAM.build/Debug-iphonesimulator/MyRAMWidgetExtension.build/DerivedSources-normal/arm64 -Xcc -I/tmp/MYR175-Clean-iOS-DD/Build/Intermediates.noindex/MyRAM.build/Debug-iphonesimulator/MyRAMWidgetExtension.build/DerivedSources/arm64 -Xcc -I/tmp/MYR175-Clean-iOS-DD/Build/Intermediates.noindex/MyRAM.build/Debug-iphonesimulator/MyRAMWidgetExtension.build/DerivedSources -Xcc -DDEBUG\=1 -emit-objc-header -emit-objc-header-path /tmp/MYR175-Clean-iOS-DD/Build/Intermediates.noindex/MyRAM.build/Debug-iphonesimulator/MyRAMWidgetExtension.build/Objects-normal/arm64/MyRAMWidgetExtension-Swift.h -working-directory /Users/runner/work/MyRAM-iOS/MyRAM-iOS/MyRAM-iOS -experimental-emit-module-separately -disable-cmo

Ld /tmp/MYR175-Clean-iOS-DD/Build/Products/Debug-iphonesimulator/MyRAMWidgetExtension.appex/MyRAMWidgetExtension.debug.dylib normal (in target 'MyRAMWidgetExtension' from project 'MyRAM')
    cd /Users/runner/work/MyRAM-iOS/MyRAM-iOS/MyRAM-iOS
    /Applications/Xcode_26.5.app/Contents/Developer/Toolchains/XcodeDefault.xctoolchain/usr/bin/clang -Xlinker -reproducible -target arm64-apple-ios17.0-simulator -dynamiclib -isysroot /Applications/Xcode_26.5.app/Contents/Developer/Platforms/iPhoneSimulator.platform/Developer/SDKs/iPhoneSimulator26.5.sdk -O0 -L/tmp/MYR175-Clean-iOS-DD/Build/Intermediates.noindex/EagerLinkingTBDs/Debug-iphonesimulator -L/tmp/MYR175-Clean-iOS-DD/Build/Products/Debug-iphonesimulator -F/tmp/MYR175-Clean-iOS-DD/Build/Intermediates.noindex/EagerLinkingTBDs/Debug-iphonesimulator -F/tmp/MYR175-Clean-iOS-DD/Build/Products/Debug-iphonesimulator -filelist /tmp/MYR175-Clean-iOS-DD/Build/Intermediates.noindex/MyRAM.build/Debug-iphonesimulator/MyRAMWidgetExtension.build/Objects-normal/arm64/MyRAMWidgetExtension.LinkFileList -install_name @rpath/MyRAMWidgetExtension.debug.dylib -Xlinker -rpath -Xlinker /usr/lib/swift -Xlinker -rpath -Xlinker @executable_path/Frameworks -Xlinker -rpath -Xlinker @executable_path/../../Frameworks -Xlinker -dead_strip -Xlinker -object_path_lto -Xlinker /tmp/MYR175-Clean-iOS-DD/Build/Intermediates.noindex/MyRAM.build/Debug-iphonesimulator/MyRAMWidgetExtension.build/Objects-normal/arm64/MyRAMWidgetExtension_lto.o -rdynamic -Xlinker -no_deduplicate -Xlinker -objc_abi_version -Xlinker 2 -Xlinker -dependency_info -Xlinker /tmp/MYR175-Clean-iOS-DD/Build/Intermediates.noindex/MyRAM.build/Debug-iphonesimulator/MyRAMWidgetExtension.build/Objects-normal/arm64/MyRAMWidgetExtension_dependency_info.dat -fapplication-extension -fobjc-link-runtime -L/Applications/Xcode_26.5.app/Contents/Developer/Toolchains/XcodeDefault.xctoolchain/usr/lib/swift/iphonesimulator -L/usr/lib/swift -Xlinker -add_ast_path -Xlinker /tmp/MYR175-Clean-iOS-DD/Build/Intermediates.noindex/MyRAM.build/Debug-iphonesimulator/MyRAMWidgetExtension.build/Objects-normal/arm64/MyRAMWidgetExtension.swiftmodule @/tmp/MYR175-Clean-iOS-DD/Build/Intermediates.noindex/MyRAM.build/Debug-iphonesimulator/MyRAMWidgetExtension.build/Objects-normal/arm64/MyRAMWidgetExtension-linker-args.resp -Xlinker -alias -Xlinker _NSExtensionMain -Xlinker ___debug_main_executable_dylib_entry_point -framework SwiftUI -framework WidgetKit -o /tmp/MYR175-Clean-iOS-DD/Build/Products/Debug-iphonesimulator/MyRAMWidgetExtension.appex/MyRAMWidgetExtension.debug.dylib

ConstructStubExecutorLinkFileList /tmp/MYR175-Clean-iOS-DD/Build/Intermediates.noindex/MyRAM.build/Debug-iphonesimulator/MyRAMWidgetExtension.build/MyRAMWidgetExtension-ExecutorLinkFileList-normal-arm64.txt (in target 'MyRAMWidgetExtension' from project 'MyRAM')
    cd /Users/runner/work/MyRAM-iOS/MyRAM-iOS/MyRAM-iOS
    construct-stub-executor-link-file-list /tmp/MYR175-Clean-iOS-DD/Build/Products/Debug-iphonesimulator/MyRAMWidgetExtension.appex/MyRAMWidgetExtension.debug.dylib /Applications/Xcode_26.5.app/Contents/Developer/Platforms/iPhoneSimulator.platform/Developer/usr/lib/libPreviewsJITStubExecutor_no_swift_entry_point.a /Applications/Xcode_26.5.app/Contents/Developer/Platforms/iPhoneSimulator.platform/Developer/usr/lib/libPreviewsJITStubExecutor.a --output /tmp/MYR175-Clean-iOS-DD/Build/Intermediates.noindex/MyRAM.build/Debug-iphonesimulator/MyRAMWidgetExtension.build/MyRAMWidgetExtension-ExecutorLinkFileList-normal-arm64.txt
note: Using stub executor library with Swift entry point. (in target 'MyRAMWidgetExtension' from project 'MyRAM')

Ld /tmp/MYR175-Clean-iOS-DD/Build/Products/Debug-iphonesimulator/MyRAMWidgetExtension.appex/MyRAMWidgetExtension normal (in target 'MyRAMWidgetExtension' from project 'MyRAM')
    cd /Users/runner/work/MyRAM-iOS/MyRAM-iOS/MyRAM-iOS
    /Applications/Xcode_26.5.app/Contents/Developer/Toolchains/XcodeDefault.xctoolchain/usr/bin/clang -Xlinker -reproducible -target arm64-apple-ios17.0-simulator -isysroot /Applications/Xcode_26.5.app/Contents/Developer/Platforms/iPhoneSimulator.platform/Developer/SDKs/iPhoneSimulator26.5.sdk -O0 -L/tmp/MYR175-Clean-iOS-DD/Build/Products/Debug-iphonesimulator -F/tmp/MYR175-Clean-iOS-DD/Build/Products/Debug-iphonesimulator -Xlinker -rpath -Xlinker @executable_path -Xlinker -rpath -Xlinker @executable_path/Frameworks -Xlinker -rpath -Xlinker @executable_path/../../Frameworks -rdynamic -Xlinker -no_deduplicate -Xlinker -objc_abi_version -Xlinker 2 -e ___debug_blank_executor_main -Xlinker -sectcreate -Xlinker __TEXT -Xlinker __debug_dylib -Xlinker /tmp/MYR175-Clean-iOS-DD/Build/Intermediates.noindex/MyRAM.build/Debug-iphonesimulator/MyRAMWidgetExtension.build/MyRAMWidgetExtension-DebugDylibPath-normal-arm64.txt -Xlinker -sectcreate -Xlinker __TEXT -Xlinker __debug_entry -Xlinker /tmp/MYR175-Clean-iOS-DD/Build/Intermediates.noindex/MyRAM.build/Debug-iphonesimulator/MyRAMWidgetExtension.build/MyRAMWidgetExtension-DebugEntryPoint-normal-arm64.txt -Xlinker -sectcreate -Xlinker __TEXT -Xlinker __debug_instlnm -Xlinker /tmp/MYR175-Clean-iOS-DD/Build/Intermediates.noindex/MyRAM.build/Debug-iphonesimulator/MyRAMWidgetExtension.build/MyRAMWidgetExtension-DebugDylibInstallName-normal-arm64.txt -Xlinker -filelist -Xlinker /tmp/MYR175-Clean-iOS-DD/Build/Intermediates.noindex/MyRAM.build/Debug-iphonesimulator/MyRAMWidgetExtension.build/MyRAMWidgetExtension-ExecutorLinkFileList-normal-arm64.txt /tmp/MYR175-Clean-iOS-DD/Build/Products/Debug-iphonesimulator/MyRAMWidgetExtension.appex/MyRAMWidgetExtension.debug.dylib -o /tmp/MYR175-Clean-iOS-DD/Build/Products/Debug-iphonesimulator/MyRAMWidgetExtension.appex/MyRAMWidgetExtension

ExtractAppIntentsMetadata (in target 'MyRAMWidgetExtension' from project 'MyRAM')
    cd /Users/runner/work/MyRAM-iOS/MyRAM-iOS/MyRAM-iOS
    /Applications/Xcode_26.5.app/Contents/Developer/Toolchains/XcodeDefault.xctoolchain/usr/bin/appintentsmetadataprocessor --toolchain-dir /var/run/com.apple.security.cryptexd/mnt/com.apple.MobileAsset.MetalToolchain-v17.6.42.0.nr4Lpi/Metal.xctoolchain --module-name MyRAMWidgetExtension --sdk-root /Applications/Xcode_26.5.app/Contents/Developer/Platforms/iPhoneSimulator.platform/Developer/SDKs/iPhoneSimulator26.5.sdk --xcode-version 17F42 --platform-family iOS --deployment-target 17.0 --bundle-identifier com.northsignalstudio.myram.dev.widget --output /tmp/MYR175-Clean-iOS-DD/Build/Products/Debug-iphonesimulator/MyRAMWidgetExtension.appex --target-triple arm64-apple-ios17.0-simulator --binary-file /tmp/MYR175-Clean-iOS-DD/Build/Products/Debug-iphonesimulator/MyRAMWidgetExtension.appex/MyRAMWidgetExtension --dependency-file /tmp/MYR175-Clean-iOS-DD/Build/Intermediates.noindex/MyRAM.build/Debug-iphonesimulator/MyRAMWidgetExtension.build/Objects-normal/arm64/MyRAMWidgetExtension_dependency_info.dat --stringsdata-file /tmp/MYR175-Clean-iOS-DD/Build/Intermediates.noindex/MyRAM.build/Debug-iphonesimulator/MyRAMWidgetExtension.build/Objects-normal/arm64/ExtractedAppShortcutsMetadata.stringsdata --source-file-list /tmp/MYR175-Clean-iOS-DD/Build/Intermediates.noindex/MyRAM.build/Debug-iphonesimulator/MyRAMWidgetExtension.build/Objects-normal/arm64/MyRAMWidgetExtension.SwiftFileList --metadata-file-list /tmp/MYR175-Clean-iOS-DD/Build/Intermediates.noindex/MyRAM.build/Debug-iphonesimulator/MyRAMWidgetExtension.build/MyRAMWidgetExtension.DependencyMetadataFileList --static-metadata-file-list /tmp/MYR175-Clean-iOS-DD/Build/Intermediates.noindex/MyRAM.build/Debug-iphonesimulator/MyRAMWidgetExtension.build/MyRAMWidgetExtension.DependencyStaticMetadataFileList --swift-const-vals-list /tmp/MYR175-Clean-iOS-DD/Build/Intermediates.noindex/MyRAM.build/Debug-iphonesimulator/MyRAMWidgetExtension.build/Objects-normal/arm64/MyRAMWidgetExtension.SwiftConstValuesFileList --compile-time-extraction --deployment-aware-processing --validate-assistant-intents --no-app-shortcuts-localization
2026-08-04 16:49:58.666 appintentsmetadataprocessor[3179:13256] Starting appintentsmetadataprocessor export
2026-08-04 16:49:58.695 appintentsmetadataprocessor[3179:13256] Extracted no relevant App Intents symbols, skipping writing output

RegisterExecutionPolicyException /tmp/MYR175-Clean-iOS-DD/Build/Products/Debug-iphonesimulator/PackageFrameworks/AnchoredSequenceCore_-65B9EEE52AB2106_PackageProduct.framework (in target 'AnchoredSequenceCore' from project 'AnchoredSequenceCore')
    cd /Users/runner/work/MyRAM-iOS/MyRAM-iOS/MyRAM-iOS/Packages/AnchoredSequenceCore
    builtin-RegisterExecutionPolicyException /tmp/MYR175-Clean-iOS-DD/Build/Products/Debug-iphonesimulator/PackageFrameworks/AnchoredSequenceCore_-65B9EEE52AB2106_PackageProduct.framework

AppIntentsSSUTraining (in target 'MyRAMWidgetExtension' from project 'MyRAM')
    cd /Users/runner/work/MyRAM-iOS/MyRAM-iOS/MyRAM-iOS
    /Applications/Xcode_26.5.app/Contents/Developer/Toolchains/XcodeDefault.xctoolchain/usr/bin/appintentsnltrainingprocessor --infoplist-path /tmp/MYR175-Clean-iOS-DD/Build/Products/Debug-iphonesimulator/MyRAMWidgetExtension.appex/Info.plist --temp-dir-path /tmp/MYR175-Clean-iOS-DD/Build/Intermediates.noindex/MyRAM.build/Debug-iphonesimulator/MyRAMWidgetExtension.build/ssu --bundle-id com.northsignalstudio.myram.dev.widget --product-path /tmp/MYR175-Clean-iOS-DD/Build/Products/Debug-iphonesimulator/MyRAMWidgetExtension.appex --extracted-metadata-path /tmp/MYR175-Clean-iOS-DD/Build/Products/Debug-iphonesimulator/MyRAMWidgetExtension.appex/Metadata.appintents --metadata-file-list /tmp/MYR175-Clean-iOS-DD/Build/Intermediates.noindex/MyRAM.build/Debug-iphonesimulator/MyRAMWidgetExtension.build/MyRAMWidgetExtension.DependencyMetadataFileList --source-file /tmp/MYR175-Clean-iOS-DD/Build/Products/Debug-iphonesimulator/MyRAMWidgetExtension.appex/Info.plist --archive-ssu-assets
2026-08-04 16:49:58.779 appintentsnltrainingprocessor[3180:13265] Parsing options for appintentsnltrainingprocessor
2026-08-04 16:49:58.781 appintentsnltrainingprocessor[3180:13265] Starting AppIntents SSU YAML Generation
2026-08-04 16:49:58.789 appintentsnltrainingprocessor[3180:13265] No AppShortcuts found - Skipping.

Touch /tmp/MYR175-Clean-iOS-DD/Build/Products/Debug-iphonesimulator/PackageFrameworks/AnchoredSequenceCore_-65B9EEE52AB2106_PackageProduct.framework (in target 'AnchoredSequenceCore' from project 'AnchoredSequenceCore')
    cd /Users/runner/work/MyRAM-iOS/MyRAM-iOS/MyRAM-iOS/Packages/AnchoredSequenceCore
    /usr/bin/touch -c /tmp/MYR175-Clean-iOS-DD/Build/Products/Debug-iphonesimulator/PackageFrameworks/AnchoredSequenceCore_-65B9EEE52AB2106_PackageProduct.framework

RegisterExecutionPolicyException /tmp/MYR175-Clean-iOS-DD/Build/Products/Debug-iphonesimulator/MyRAMWidgetExtension.appex (in target 'MyRAMWidgetExtension' from project 'MyRAM')
    cd /Users/runner/work/MyRAM-iOS/MyRAM-iOS/MyRAM-iOS
    builtin-RegisterExecutionPolicyException /tmp/MYR175-Clean-iOS-DD/Build/Products/Debug-iphonesimulator/MyRAMWidgetExtension.appex

Touch /tmp/MYR175-Clean-iOS-DD/Build/Products/Debug-iphonesimulator/MyRAMWidgetExtension.appex (in target 'MyRAMWidgetExtension' from project 'MyRAM')
    cd /Users/runner/work/MyRAM-iOS/MyRAM-iOS/MyRAM-iOS
    /usr/bin/touch -c /tmp/MYR175-Clean-iOS-DD/Build/Products/Debug-iphonesimulator/MyRAMWidgetExtension.appex

ValidateDevelopmentAssets /tmp/MYR175-Clean-iOS-DD/Build/Intermediates.noindex/MyRAM.build/Debug-iphonesimulator/MyRAM.build (in target 'MyRAM' from project 'MyRAM')
    cd /Users/runner/work/MyRAM-iOS/MyRAM-iOS/MyRAM-iOS
    builtin-validate-development-assets --validate YES_ERROR /Users/runner/work/MyRAM-iOS/MyRAM-iOS/MyRAM-iOS/MyRAM/Preview\ Content

Ld /tmp/MYR175-Clean-iOS-DD/Build/Products/Debug-iphonesimulator/MyRAM.app/__preview.dylib normal (in target 'MyRAM' from project 'MyRAM')
    cd /Users/runner/work/MyRAM-iOS/MyRAM-iOS/MyRAM-iOS
    /Applications/Xcode_26.5.app/Contents/Developer/Toolchains/XcodeDefault.xctoolchain/usr/bin/clang -Xlinker -reproducible -target arm64-apple-ios17.0-simulator -dynamiclib -isysroot /Applications/Xcode_26.5.app/Contents/Developer/Platforms/iPhoneSimulator.platform/Developer/SDKs/iPhoneSimulator26.5.sdk -O0 -L/tmp/MYR175-Clean-iOS-DD/Build/Products/Debug-iphonesimulator -F/tmp/MYR175-Clean-iOS-DD/Build/Products/Debug-iphonesimulator/PackageFrameworks -F/tmp/MYR175-Clean-iOS-DD/Build/Products/Debug-iphonesimulator/PackageFrameworks -F/tmp/MYR175-Clean-iOS-DD/Build/Products/Debug-iphonesimulator -install_name @rpath/MyRAM.debug.dylib -Xlinker -dead_strip -rdynamic -Xlinker -no_deduplicate -Xlinker -objc_abi_version -Xlinker 2 -Xlinker -dependency_info -Xlinker /tmp/MYR175-Clean-iOS-DD/Build/Intermediates.noindex/MyRAM.build/Debug-iphonesimulator/MyRAM.build/Objects-normal/arm64/MyRAM_dependency_info.dat -o /tmp/MYR175-Clean-iOS-DD/Build/Products/Debug-iphonesimulator/MyRAM.app/__preview.dylib

CpResource /tmp/MYR175-Clean-iOS-DD/Build/Products/Debug-iphonesimulator/MyRAM.app/.gitignore /Users/runner/work/MyRAM-iOS/MyRAM-iOS/MyRAM-iOS/.gitignore (in target 'MyRAM' from project 'MyRAM')
    cd /Users/runner/work/MyRAM-iOS/MyRAM-iOS/MyRAM-iOS
    builtin-copy -exclude .DS_Store -exclude CVS -exclude .svn -exclude .git -exclude .hg -resolve-src-symlinks /Users/runner/work/MyRAM-iOS/MyRAM-iOS/MyRAM-iOS/.gitignore /tmp/MYR175-Clean-iOS-DD/Build/Products/Debug-iphonesimulator/MyRAM.app

Copy /tmp/MYR175-Clean-iOS-DD/Build/Products/Debug-iphonesimulator/MyRAM.app/Frameworks/libXCTestSwiftSupport.dylib /Applications/Xcode_26.5.app/Contents/Developer/Platforms/iPhoneSimulator.platform/Developer/usr/lib/libXCTestSwiftSupport.dylib (in target 'MyRAM' from project 'MyRAM')
    cd /Users/runner/work/MyRAM-iOS/MyRAM-iOS/MyRAM-iOS
    builtin-copy -exclude .DS_Store -exclude CVS -exclude .svn -exclude .git -exclude .hg -exclude Headers -exclude PrivateHeaders -exclude Modules -exclude \*.tbd -resolve-src-symlinks /Applications/Xcode_26.5.app/Contents/Developer/Platforms/iPhoneSimulator.platform/Developer/usr/lib/libXCTestSwiftSupport.dylib /tmp/MYR175-Clean-iOS-DD/Build/Products/Debug-iphonesimulator/MyRAM.app/Frameworks

Copy /tmp/MYR175-Clean-iOS-DD/Build/Products/Debug-iphonesimulator/MyRAM.app/Frameworks/libXCTestBundleInject.dylib /Applications/Xcode_26.5.app/Contents/Developer/Platforms/iPhoneSimulator.platform/Developer/usr/lib/libXCTestBundleInject.dylib (in target 'MyRAM' from project 'MyRAM')
    cd /Users/runner/work/MyRAM-iOS/MyRAM-iOS/MyRAM-iOS
    builtin-copy -exclude .DS_Store -exclude CVS -exclude .svn -exclude .git -exclude .hg -exclude Headers -exclude PrivateHeaders -exclude Modules -exclude \*.tbd -resolve-src-symlinks /Applications/Xcode_26.5.app/Contents/Developer/Platforms/iPhoneSimulator.platform/Developer/usr/lib/libXCTestBundleInject.dylib /tmp/MYR175-Clean-iOS-DD/Build/Products/Debug-iphonesimulator/MyRAM.app/Frameworks

Copy /tmp/MYR175-Clean-iOS-DD/Build/Products/Debug-iphonesimulator/MyRAM.app/Frameworks/XCUnit.framework /Applications/Xcode_26.5.app/Contents/Developer/Platforms/iPhoneSimulator.platform/Developer/Library/PrivateFrameworks/XCUnit.framework (in target 'MyRAM' from project 'MyRAM')
    cd /Users/runner/work/MyRAM-iOS/MyRAM-iOS/MyRAM-iOS
    builtin-copy -exclude .DS_Store -exclude CVS -exclude .svn -exclude .git -exclude .hg -exclude Headers -exclude PrivateHeaders -exclude Modules -exclude \*.tbd -resolve-src-symlinks /Applications/Xcode_26.5.app/Contents/Developer/Platforms/iPhoneSimulator.platform/Developer/Library/PrivateFrameworks/XCUnit.framework /tmp/MYR175-Clean-iOS-DD/Build/Products/Debug-iphonesimulator/MyRAM.app/Frameworks

Copy /tmp/MYR175-Clean-iOS-DD/Build/Products/Debug-iphonesimulator/MyRAM.app/Frameworks/XCUIAutomation.framework /Applications/Xcode_26.5.app/Contents/Developer/Platforms/iPhoneSimulator.platform/Developer/Library/Frameworks/XCUIAutomation.framework (in target 'MyRAM' from project 'MyRAM')
    cd /Users/runner/work/MyRAM-iOS/MyRAM-iOS/MyRAM-iOS
    builtin-copy -exclude .DS_Store -exclude CVS -exclude .svn -exclude .git -exclude .hg -exclude Headers -exclude PrivateHeaders -exclude Modules -exclude \*.tbd -resolve-src-symlinks /Applications/Xcode_26.5.app/Contents/Developer/Platforms/iPhoneSimulator.platform/Developer/Library/Frameworks/XCUIAutomation.framework /tmp/MYR175-Clean-iOS-DD/Build/Products/Debug-iphonesimulator/MyRAM.app/Frameworks

Copy /tmp/MYR175-Clean-iOS-DD/Build/Products/Debug-iphonesimulator/MyRAM.app/Frameworks/XCTestSupport.framework /Applications/Xcode_26.5.app/Contents/Developer/Platforms/iPhoneSimulator.platform/Developer/Library/PrivateFrameworks/XCTestSupport.framework (in target 'MyRAM' from project 'MyRAM')
    cd /Users/runner/work/MyRAM-iOS/MyRAM-iOS/MyRAM-iOS
    builtin-copy -exclude .DS_Store -exclude CVS -exclude .svn -exclude .git -exclude .hg -exclude Headers -exclude PrivateHeaders -exclude Modules -exclude \*.tbd -resolve-src-symlinks /Applications/Xcode_26.5.app/Contents/Developer/Platforms/iPhoneSimulator.platform/Developer/Library/PrivateFrameworks/XCTestSupport.framework /tmp/MYR175-Clean-iOS-DD/Build/Products/Debug-iphonesimulator/MyRAM.app/Frameworks

Copy /tmp/MYR175-Clean-iOS-DD/Build/Products/Debug-iphonesimulator/MyRAM.app/Frameworks/XCTestCore.framework /Applications/Xcode_26.5.app/Contents/Developer/Platforms/iPhoneSimulator.platform/Developer/Library/PrivateFrameworks/XCTestCore.framework (in target 'MyRAM' from project 'MyRAM')
    cd /Users/runner/work/MyRAM-iOS/MyRAM-iOS/MyRAM-iOS
    builtin-copy -exclude .DS_Store -exclude CVS -exclude .svn -exclude .git -exclude .hg -exclude Headers -exclude PrivateHeaders -exclude Modules -exclude \*.tbd -resolve-src-symlinks /Applications/Xcode_26.5.app/Contents/Developer/Platforms/iPhoneSimulator.platform/Developer/Library/PrivateFrameworks/XCTestCore.framework /tmp/MYR175-Clean-iOS-DD/Build/Products/Debug-iphonesimulator/MyRAM.app/Frameworks

Copy /tmp/MYR175-Clean-iOS-DD/Build/Products/Debug-iphonesimulator/MyRAM.app/Frameworks/XCTest.framework /Applications/Xcode_26.5.app/Contents/Developer/Platforms/iPhoneSimulator.platform/Developer/Library/Frameworks/XCTest.framework (in target 'MyRAM' from project 'MyRAM')
    cd /Users/runner/work/MyRAM-iOS/MyRAM-iOS/MyRAM-iOS
    builtin-copy -exclude .DS_Store -exclude CVS -exclude .svn -exclude .git -exclude .hg -exclude Headers -exclude PrivateHeaders -exclude Modules -exclude \*.tbd -resolve-src-symlinks /Applications/Xcode_26.5.app/Contents/Developer/Platforms/iPhoneSimulator.platform/Developer/Library/Frameworks/XCTest.framework /tmp/MYR175-Clean-iOS-DD/Build/Products/Debug-iphonesimulator/MyRAM.app/Frameworks

Copy /tmp/MYR175-Clean-iOS-DD/Build/Products/Debug-iphonesimulator/MyRAM.app/Frameworks/XCTAutomationSupport.framework /Applications/Xcode_26.5.app/Contents/Developer/Platforms/iPhoneSimulator.platform/Developer/Library/PrivateFrameworks/XCTAutomationSupport.framework (in target 'MyRAM' from project 'MyRAM')
    cd /Users/runner/work/MyRAM-iOS/MyRAM-iOS/MyRAM-iOS
    builtin-copy -exclude .DS_Store -exclude CVS -exclude .svn -exclude .git -exclude .hg -exclude Headers -exclude PrivateHeaders -exclude Modules -exclude \*.tbd -resolve-src-symlinks /Applications/Xcode_26.5.app/Contents/Developer/Platforms/iPhoneSimulator.platform/Developer/Library/PrivateFrameworks/XCTAutomationSupport.framework /tmp/MYR175-Clean-iOS-DD/Build/Products/Debug-iphonesimulator/MyRAM.app/Frameworks

Copy /tmp/MYR175-Clean-iOS-DD/Build/Products/Debug-iphonesimulator/MyRAM.app/Frameworks/Testing.framework /Applications/Xcode_26.5.app/Contents/Developer/Platforms/iPhoneSimulator.platform/Developer/Library/Frameworks/Testing.framework (in target 'MyRAM' from project 'MyRAM')
    cd /Users/runner/work/MyRAM-iOS/MyRAM-iOS/MyRAM-iOS
    builtin-copy -exclude .DS_Store -exclude CVS -exclude .svn -exclude .git -exclude .hg -exclude Headers -exclude PrivateHeaders -exclude Modules -exclude \*.tbd -resolve-src-symlinks /Applications/Xcode_26.5.app/Contents/Developer/Platforms/iPhoneSimulator.platform/Developer/Library/Frameworks/Testing.framework /tmp/MYR175-Clean-iOS-DD/Build/Products/Debug-iphonesimulator/MyRAM.app/Frameworks

Copy /tmp/MYR175-Clean-iOS-DD/Build/Products/Debug-iphonesimulator/MyRAM.app/Frameworks/AnchoredSequenceCore_-65B9EEE52AB2106_PackageProduct.framework /tmp/MYR175-Clean-iOS-DD/Build/Products/Debug-iphonesimulator/PackageFrameworks/AnchoredSequenceCore_-65B9EEE52AB2106_PackageProduct.framework (in target 'MyRAM' from project 'MyRAM')
    cd /Users/runner/work/MyRAM-iOS/MyRAM-iOS/MyRAM-iOS
    builtin-copy -exclude .DS_Store -exclude CVS -exclude .svn -exclude .git -exclude .hg -resolve-src-symlinks -remove-static-executable /tmp/MYR175-Clean-iOS-DD/Build/Products/Debug-iphonesimulator/PackageFrameworks/AnchoredSequenceCore_-65B9EEE52AB2106_PackageProduct.framework /tmp/MYR175-Clean-iOS-DD/Build/Products/Debug-iphonesimulator/MyRAM.app/Frameworks

SwiftExplicitDependencyGeneratePcm arm64 /tmp/MYR175-Clean-iOS-DD/ModuleCache.noindex/ptrauth-BYR4I7SYL1SSCYNVSHME98M1E.pcm

SwiftExplicitDependencyGeneratePcm arm64 /tmp/MYR175-Clean-iOS-DD/ModuleCache.noindex/ptrcheck-6Y0I2OW4MWKIA8R5DKZOEXFB0.pcm

SwiftExplicitDependencyGeneratePcm arm64 /tmp/MYR175-Clean-iOS-DD/ModuleCache.noindex/_Builtin_stddef-46LOYPSBB9OZXSWS2222ZAYT9.pcm

SwiftExplicitDependencyGeneratePcm arm64 /tmp/MYR175-Clean-iOS-DD/ModuleCache.noindex/DeveloperToolsSupport-9GH6ZU1FEXQFNQAZA1IL5QGZI.pcm

SwiftExplicitDependencyGeneratePcm arm64 /tmp/MYR175-Clean-iOS-DD/ModuleCache.noindex/SwiftShims-1YHTVNXTXASV2RTVT71XI78K3.pcm

SwiftExplicitDependencyGeneratePcm arm64 /tmp/MYR175-Clean-iOS-DD/ModuleCache.noindex/_SwiftConcurrencyShims-D39QTBW1VVOUYH7T9EMV6TSJA.pcm

SwiftExplicitDependencyGeneratePcm arm64 /tmp/MYR175-Clean-iOS-DD/ModuleCache.noindex/_AvailabilityInternal-3KSWBY47977QWJUOUP4S6LTCD.pcm

SwiftExplicitDependencyGeneratePcm arm64 /tmp/MYR175-Clean-iOS-DD/ModuleCache.noindex/ActivityKit-BDU9XFNJK0I6BNNCA5F6X6UZP.pcm

SwiftExplicitDependencyGeneratePcm arm64 /tmp/MYR175-Clean-iOS-DD/ModuleCache.noindex/_Builtin_stdbool-156ED36NGE0UCT135LJG72D6R.pcm

SwiftExplicitDependencyGeneratePcm arm64 /tmp/MYR175-Clean-iOS-DD/ModuleCache.noindex/_Builtin_stdarg-7PCJWOPA2QZMIXI65P8SAOJHK.pcm

SwiftExplicitDependencyGeneratePcm arm64 /tmp/MYR175-Clean-iOS-DD/ModuleCache.noindex/_Builtin_float-DCZQIOY6GP8IQT4M2ULTS1TA6.pcm

SwiftExplicitDependencyGeneratePcm arm64 /tmp/MYR175-Clean-iOS-DD/ModuleCache.noindex/_DarwinFoundation1-1HDJVM3D8X2E7CX7S93KHTPNK.pcm

SwiftExplicitDependencyGeneratePcm arm64 /tmp/MYR175-Clean-iOS-DD/ModuleCache.noindex/_Builtin_limits-9FXQXBXH7HPCIRQLEBUXAK6KA.pcm

SwiftExplicitDependencyGeneratePcm arm64 /tmp/MYR175-Clean-iOS-DD/ModuleCache.noindex/_DarwinFoundation2-EOIOQA86UYENYDMMWXNDRQ9SX.pcm

SwiftExplicitDependencyGeneratePcm arm64 /tmp/MYR175-Clean-iOS-DD/ModuleCache.noindex/ExtensionFoundation-A8POU7PNQ9T2DKXMZKZL3SA9O.pcm

SwiftExplicitDependencyGeneratePcm arm64 /tmp/MYR175-Clean-iOS-DD/ModuleCache.noindex/_Builtin_stdint-BPQISL64WO3BOYOI3ASJK3P8F.pcm

SwiftExplicitDependencyGeneratePcm arm64 /tmp/MYR175-Clean-iOS-DD/ModuleCache.noindex/_Builtin_tgmath-CS85OTIRCZAECZAOSTPF1P8CL.pcm

SwiftExplicitDependencyGeneratePcm arm64 /tmp/MYR175-Clean-iOS-DD/ModuleCache.noindex/sys_types-3FH4JR5YK32IUS7PBV93P0VSP.pcm

SwiftExplicitDependencyGeneratePcm arm64 /tmp/MYR175-Clean-iOS-DD/ModuleCache.noindex/_Builtin_intrinsics-9XS32MZP8YRMHXYFDC78JIHOM.pcm

SwiftExplicitDependencyGeneratePcm arm64 /tmp/MYR175-Clean-iOS-DD/ModuleCache.noindex/_DarwinFoundation3-38M7QZY6PWU54H5J9GCENMGXP.pcm

SwiftExplicitDependencyGeneratePcm arm64 /tmp/MYR175-Clean-iOS-DD/ModuleCache.noindex/_Builtin_stdatomic-EQZY6PR2OH79QU7D4U5RCIANV.pcm

SwiftExplicitDependencyGeneratePcm arm64 /tmp/MYR175-Clean-iOS-DD/ModuleCache.noindex/_Builtin_inttypes-85WEQ4S0BVSTP2OCKMJ3J8IBB.pcm

SwiftExplicitDependencyGeneratePcm arm64 /tmp/MYR175-Clean-iOS-DD/ModuleCache.noindex/simd-ZBNPUO3VX9U42W91FWOW3OW9.pcm

SwiftExplicitDependencyGeneratePcm arm64 /tmp/MYR175-Clean-iOS-DD/ModuleCache.noindex/Darwin-22VYZLYT9K0MI8K6HD2AJ83ER.pcm

SwiftExplicitDependencyGeneratePcm arm64 /tmp/MYR175-Clean-iOS-DD/ModuleCache.noindex/ObjectiveC-3MUC6ESZAO3YZ0J4FQPQZTYC3.pcm

SwiftExplicitDependencyGeneratePcm arm64 /tmp/MYR175-Clean-iOS-DD/ModuleCache.noindex/MachO-9QVPYKCVB6KMKIW3S1DN4A5KX.pcm

SwiftExplicitDependencyGeneratePcm arm64 /tmp/MYR175-Clean-iOS-DD/ModuleCache.noindex/os_object-16QBP2PPBECROI24IZMSCI1KZ.pcm

SwiftExplicitDependencyGeneratePcm arm64 /tmp/MYR175-Clean-iOS-DD/ModuleCache.noindex/Spatial-384QSUVS10QBOMY66WQWDBHPS.pcm

SwiftExplicitDependencyGeneratePcm arm64 /tmp/MYR175-Clean-iOS-DD/ModuleCache.noindex/os_workgroup-60RONHER6XB70GZZ5DB1S1HDJ.pcm

SwiftExplicitDependencyGeneratePcm arm64 /tmp/MYR175-Clean-iOS-DD/ModuleCache.noindex/Dispatch-BX3N86TCFZ5BRDFNO2H0GI53U.pcm

SwiftExplicitDependencyGeneratePcm arm64 /tmp/MYR175-Clean-iOS-DD/ModuleCache.noindex/CoreFoundation-29DYRGSCW6EIKZO2EJH8X9LFG.pcm

SwiftExplicitDependencyGeneratePcm arm64 /tmp/MYR175-Clean-iOS-DD/ModuleCache.noindex/XPC-EN36P3GLCSFC4NVIOD69UAG2V.pcm

SwiftExplicitDependencyGeneratePcm arm64 /tmp/MYR175-Clean-iOS-DD/ModuleCache.noindex/dnssd-6PKWMO1IXOSSTB8FOW0CED28T.pcm

SwiftExplicitDependencyGeneratePcm arm64 /tmp/MYR175-Clean-iOS-DD/ModuleCache.noindex/CoreGraphics-9LX5SLCT9HCJQ5KUKMPT3785K.pcm

SwiftExplicitDependencyGeneratePcm arm64 /tmp/MYR175-Clean-iOS-DD/ModuleCache.noindex/os-21MY3JU58ZNHPI3KFF5A4R057.pcm

SwiftExplicitDependencyGeneratePcm arm64 /tmp/MYR175-Clean-iOS-DD/ModuleCache.noindex/CFNetwork-ALJTNEXCIU1EU3VQBNH3BSMLC.pcm

SwiftExplicitDependencyGeneratePcm arm64 /tmp/MYR175-Clean-iOS-DD/ModuleCache.noindex/ImageIO-B4949GTB85T01W2O0IWSY0LZP.pcm

SwiftExplicitDependencyGeneratePcm arm64 /tmp/MYR175-Clean-iOS-DD/ModuleCache.noindex/CoreText-BVI4T448DL1CBGGVD6PTUU9SP.pcm

SwiftExplicitDependencyGeneratePcm arm64 /tmp/MYR175-Clean-iOS-DD/ModuleCache.noindex/CoreAudioTypes-DKZX5VK7Z3OUUZ0PZFGLS6HCQ.pcm

SwiftExplicitDependencyGeneratePcm arm64 /tmp/MYR175-Clean-iOS-DD/ModuleCache.noindex/Security-4RXYOPYPOPZWB7DBG2RULF5ZQ.pcm

SwiftExplicitDependencyGeneratePcm arm64 /tmp/MYR175-Clean-iOS-DD/ModuleCache.noindex/CoreAudio-4YLTLIL5PDQU0AKSCXBH12N7O.pcm

SwiftExplicitDependencyGeneratePcm arm64 /tmp/MYR175-Clean-iOS-DD/ModuleCache.noindex/Foundation-DVIWXY3D3GAO95J9V372AE74W.pcm

SwiftExplicitDependencyGeneratePcm arm64 /tmp/MYR175-Clean-iOS-DD/ModuleCache.noindex/OSLog-E4X7Y9FZG6B0ZO3SO43H7B8XT.pcm

SwiftExplicitDependencyGeneratePcm arm64 /tmp/MYR175-Clean-iOS-DD/ModuleCache.noindex/IOSurface-5XUWFBNT6K8DYE575FPCU8Z4J.pcm

SwiftExplicitDependencyGeneratePcm arm64 /tmp/MYR175-Clean-iOS-DD/ModuleCache.noindex/NaturalLanguage-A6RHI0FLMBBG5LQYJ0SFDGT4W.pcm

SwiftExplicitDependencyGeneratePcm arm64 /tmp/MYR175-Clean-iOS-DD/ModuleCache.noindex/LocalAuthentication-CAP6KHU89P0TCPYCCDYVH0QMX.pcm

SwiftExplicitDependencyGeneratePcm arm64 /tmp/MYR175-Clean-iOS-DD/ModuleCache.noindex/Metal-DH7K60QGFN994D3W9VFYBZYUB.pcm

SwiftExplicitDependencyGeneratePcm arm64 /tmp/MYR175-Clean-iOS-DD/ModuleCache.noindex/_LocationEssentials-32GVVBWD6JNXSJCB4KAMM43TW.pcm

SwiftExplicitDependencyGeneratePcm arm64 /tmp/MYR175-Clean-iOS-DD/ModuleCache.noindex/CoreTransferable-1RHKATBWF1J1KD1ZZV69GYYG2.pcm

SwiftExplicitDependencyGeneratePcm arm64 /tmp/MYR175-Clean-iOS-DD/ModuleCache.noindex/UniformTypeIdentifiers-BCSNGTX2Y52KQ8FR8667MKRK0.pcm

SwiftExplicitDependencyGeneratePcm arm64 /tmp/MYR175-Clean-iOS-DD/ModuleCache.noindex/FileProvider-K0EOA76108VWLWNG0XBGJC0Z.pcm

SwiftExplicitDependencyGeneratePcm arm64 /tmp/MYR175-Clean-iOS-DD/ModuleCache.noindex/UserNotifications-4T5MCZW7HHIQBQ5VWQZEDBUVF.pcm

SwiftExplicitDependencyGeneratePcm arm64 /tmp/MYR175-Clean-iOS-DD/ModuleCache.noindex/RelevanceKit-88QQWQXA1SWW8PC2D7WW6DHA1.pcm

SwiftExplicitDependencyGeneratePcm arm64 /tmp/MYR175-Clean-iOS-DD/ModuleCache.noindex/CoreLocation-1E83V3D2LA2EKEKPNLGUGS7A.pcm

SwiftExplicitDependencyGeneratePcm arm64 /tmp/MYR175-Clean-iOS-DD/ModuleCache.noindex/CoreSpotlight-9N62EUMKWVN7GZ8NNLEEZ3IDD.pcm

SwiftExplicitDependencyGeneratePcm arm64 /tmp/MYR175-Clean-iOS-DD/ModuleCache.noindex/Accessibility-5RNI4BTGSI8QE6RM8C65O2YFB.pcm

SwiftExplicitDependencyGeneratePcm arm64 /tmp/MYR175-Clean-iOS-DD/ModuleCache.noindex/Intents-8ZI8G9L77ZRKV3JLIAKG7SKYK.pcm

SwiftExplicitDependencyGeneratePcm arm64 /tmp/MYR175-Clean-iOS-DD/ModuleCache.noindex/OpenGLES-5Y3YR5W8L65KN8TGPBN3IUL7S.pcm

SwiftExplicitDependencyGeneratePcm arm64 /tmp/MYR175-Clean-iOS-DD/ModuleCache.noindex/Symbols-8NG5RIVOUPQDLZ30P73DMX61O.pcm

SwiftExplicitDependencyGeneratePcm arm64 /tmp/MYR175-Clean-iOS-DD/ModuleCache.noindex/CoreVideo-2GO4OAXGR5Y04CN2UH4CVM0VZ.pcm

SwiftExplicitDependencyGeneratePcm arm64 /tmp/MYR175-Clean-iOS-DD/ModuleCache.noindex/CoreMIDI-99GKC4QNEJJ1RWE6X2QCUET3K.pcm

SwiftExplicitDependencyGeneratePcm arm64 /tmp/MYR175-Clean-iOS-DD/ModuleCache.noindex/WidgetKit-BZQY625R7YO8C8B21P58BTEV0.pcm

SwiftExplicitDependencyGeneratePcm arm64 /tmp/MYR175-Clean-iOS-DD/ModuleCache.noindex/CoreImage-3J2H2WIU4SI080ZQ19RLW5Z8J.pcm

SwiftExplicitDependencyGeneratePcm arm64 /tmp/MYR175-Clean-iOS-DD/ModuleCache.noindex/AudioToolbox-7FFC3LW3G763KH8KS5VWF5Z8O.pcm

SwiftExplicitDependencyGeneratePcm arm64 /tmp/MYR175-Clean-iOS-DD/ModuleCache.noindex/CoreML-1ZBRB9Y8PAY7D9ES86ZUC7CPZ.pcm

SwiftExplicitDependencyGeneratePcm arm64 /tmp/MYR175-Clean-iOS-DD/ModuleCache.noindex/QuartzCore-VY1QBD5JMSQ7EWXBN23LLER2.pcm

SwiftExplicitDependencyGeneratePcm arm64 /tmp/MYR175-Clean-iOS-DD/ModuleCache.noindex/UIUtilities-607UP1Y07BHS07FBRDSQX3XVF.pcm

SwiftExplicitDependencyGeneratePcm arm64 /tmp/MYR175-Clean-iOS-DD/ModuleCache.noindex/Accelerate-CJBYKEDWTXYOOH5FL23QYQBN8.pcm

SwiftExplicitDependencyGeneratePcm arm64 /tmp/MYR175-Clean-iOS-DD/ModuleCache.noindex/SwiftUICore-2OMEBQWN6XDW1H0D9NN4DQ1B8.pcm

SwiftExplicitDependencyGeneratePcm arm64 /tmp/MYR175-Clean-iOS-DD/ModuleCache.noindex/UIKit-ERWKAAU8Q82KP5X55WYGC6LKQ.pcm

SwiftExplicitDependencyGeneratePcm arm64 /tmp/MYR175-Clean-iOS-DD/ModuleCache.noindex/AppIntents-3HO385W3GG6XD1CYNK5VBFGY4.pcm

SwiftExplicitDependencyGeneratePcm arm64 /tmp/MYR175-Clean-iOS-DD/ModuleCache.noindex/CoreData-EISJQXL99CZ5MQ2FHITRUHVCE.pcm

SwiftExplicitDependencyGeneratePcm arm64 /tmp/MYR175-Clean-iOS-DD/ModuleCache.noindex/Network-1YFGSGGTYR65FT386Y63L45RO.pcm

SwiftExplicitDependencyGeneratePcm arm64 /tmp/MYR175-Clean-iOS-DD/ModuleCache.noindex/DataDetection-4BQ6H2CY3O3O63IXB65OUVUXQ.pcm

SwiftExplicitDependencyGeneratePcm arm64 /tmp/MYR175-Clean-iOS-DD/ModuleCache.noindex/AVRouting-93I33LHU12OQO1OWUB0Q1MYIU.pcm

SwiftExplicitDependencyGeneratePcm arm64 /tmp/MYR175-Clean-iOS-DD/ModuleCache.noindex/CoreMedia-DVXJJ53DTT1H6PQBIX93TEF9Z.pcm

LinkAssetCatalog /Users/runner/work/MyRAM-iOS/MyRAM-iOS/MyRAM-iOS/MyRAM/Preview\ Content/Preview\ Assets.xcassets /Users/runner/work/MyRAM-iOS/MyRAM-iOS/MyRAM-iOS/MyRAM/Assets.xcassets (in target 'MyRAM' from project 'MyRAM')
    cd /Users/runner/work/MyRAM-iOS/MyRAM-iOS/MyRAM-iOS
    builtin-linkAssetCatalog --thinned /tmp/MYR175-Clean-iOS-DD/Build/Intermediates.noindex/MyRAM.build/Debug-iphonesimulator/MyRAM.build/assetcatalog_output/thinned --thinned-dependencies /tmp/MYR175-Clean-iOS-DD/Build/Intermediates.noindex/MyRAM.build/Debug-iphonesimulator/MyRAM.build/assetcatalog_dependencies_thinned --thinned-info-plist-content /tmp/MYR175-Clean-iOS-DD/Build/Intermediates.noindex/MyRAM.build/Debug-iphonesimulator/MyRAM.build/assetcatalog_generated_info.plist_thinned --unthinned /tmp/MYR175-Clean-iOS-DD/Build/Intermediates.noindex/MyRAM.build/Debug-iphonesimulator/MyRAM.build/assetcatalog_output/unthinned --unthinned-dependencies /tmp/MYR175-Clean-iOS-DD/Build/Intermediates.noindex/MyRAM.build/Debug-iphonesimulator/MyRAM.build/assetcatalog_dependencies_unthinned --unthinned-info-plist-content /tmp/MYR175-Clean-iOS-DD/Build/Intermediates.noindex/MyRAM.build/Debug-iphonesimulator/MyRAM.build/assetcatalog_generated_info.plist_unthinned --output /tmp/MYR175-Clean-iOS-DD/Build/Products/Debug-iphonesimulator/MyRAM.app --plist-output /tmp/MYR175-Clean-iOS-DD/Build/Intermediates.noindex/MyRAM.build/Debug-iphonesimulator/MyRAM.build/assetcatalog_generated_info.plist
note: Emplaced /tmp/MYR175-Clean-iOS-DD/Build/Products/Debug-iphonesimulator/MyRAM.app/AppIcon76x76@2x~ipad.png (in target 'MyRAM' from project 'MyRAM')
note: Emplaced /tmp/MYR175-Clean-iOS-DD/Build/Products/Debug-iphonesimulator/MyRAM.app/AppIcon60x60@2x.png (in target 'MyRAM' from project 'MyRAM')
note: Emplaced /tmp/MYR175-Clean-iOS-DD/Build/Products/Debug-iphonesimulator/MyRAM.app/Assets.car (in target 'MyRAM' from project 'MyRAM')

SwiftExplicitDependencyGeneratePcm arm64 /tmp/MYR175-Clean-iOS-DD/ModuleCache.noindex/AVFAudio-2MXGDUTZVHFEWG1G955BWA55Q.pcm

SwiftExplicitDependencyGeneratePcm arm64 /tmp/MYR175-Clean-iOS-DD/ModuleCache.noindex/Vision-CHYBJKFC8YQSKVO943N7TB683.pcm

SwiftExplicitDependencyGeneratePcm arm64 /tmp/MYR175-Clean-iOS-DD/ModuleCache.noindex/MediaToolbox-EUL4QXGLN8GLIHRBDA3BODJ6F.pcm

SwiftExplicitDependencyGeneratePcm arm64 /tmp/MYR175-Clean-iOS-DD/ModuleCache.noindex/VisionKit-7N63XQLLWIEPI8BHDZP6M979Q.pcm

SwiftExplicitDependencyGeneratePcm arm64 /tmp/MYR175-Clean-iOS-DD/ModuleCache.noindex/MultipeerConnectivity-DORHAL7G81QB2NXR4BETM5VUI.pcm

SwiftExplicitDependencyGeneratePcm arm64 /tmp/MYR175-Clean-iOS-DD/ModuleCache.noindex/SwiftUI-9L79LGEAOPG934PRCRIDEQTKC.pcm

SwiftExplicitDependencyGeneratePcm arm64 /tmp/MYR175-Clean-iOS-DD/ModuleCache.noindex/AVFoundation-49ZJBVMIA2U2YEJD05MUE7V15.pcm

SwiftExplicitDependencyGeneratePcm arm64 /tmp/MYR175-Clean-iOS-DD/ModuleCache.noindex/Photos-4MDSCS5393IZRHS4DF6AG3BTQ.pcm

SwiftExplicitDependencyGeneratePcm arm64 /tmp/MYR175-Clean-iOS-DD/ModuleCache.noindex/PhotosUI-7L9TBM4QN3IB34X8DPG5K8GSC.pcm

SwiftEmitModule normal arm64 Emitting\ module\ for\ MyRAM (in target 'MyRAM' from project 'MyRAM')

EmitSwiftModule normal arm64 (in target 'MyRAM' from project 'MyRAM')
    cd /Users/runner/work/MyRAM-iOS/MyRAM-iOS/MyRAM-iOS
    

SwiftCompile normal arm64 Compiling\ MyRAMExternalOpenDispatcher.swift,\ MyRAMWidgetHostCoordinator.swift,\ MyRAMWidgetNoteRouting.swift,\ MyRAMWidgetSelectionButton.swift,\ MarkdownFileIO.swift,\ MarkdownPreview.swift,\ MarkdownPreviewModePolicy.swift,\ MarkdownPreviewUIKitSyncExecutor.swift,\ MarkdownPreviewUIKitDeferredScheduler.swift,\ MarkdownPreviewUIKitEditorResignation.swift,\ MarkdownPreviewUIKitPostResignationReconciliation.swift,\ MarkdownPreviewUIKitAcceptedRestoreSupersession.swift,\ NoteEditorFileOperationBridge.swift,\ NoteSequenceStateRecord.swift,\ NoteSequenceStateBootstrapAdapter.swift,\ NoteSequenceStateFullBodyIntegration.swift,\ NoteSequenceStateBootstrapMigrator.swift,\ SwiftDataNoteSequenceStateStore.swift,\ MyRAMSyncOperationIDAllocator.swift,\ FileBackedSyncOperationIDReservationStore.swift,\ Item.swift,\ RTFCoding.swift,\ AttributedTextStorageKeys.swift /Users/runner/work/MyRAM-iOS/MyRAM-iOS/MyRAM-iOS/MyRAM/WidgetHost/MyRAMExternalOpenDispatcher.swift /Users/runner/work/MyRAM-iOS/MyRAM-iOS/MyRAM-iOS/MyRAM/WidgetHost/MyRAMWidgetHostCoordinator.swift /Users/runner/work/MyRAM-iOS/MyRAM-iOS/MyRAM-iOS/MyRAM/WidgetHost/MyRAMWidgetNoteRouting.swift /Users/runner/work/MyRAM-iOS/MyRAM-iOS/MyRAM-iOS/MyRAM/WidgetHost/MyRAMWidgetSelectionButton.swift /Users/runner/work/MyRAM-iOS/MyRAM-iOS/MyRAM-iOS/MyRAM/Markdown/MarkdownFileIO.swift /Users/runner/work/MyRAM-iOS/MyRAM-iOS/MyRAM-iOS/MyRAM/Markdown/MarkdownPreview.swift /Users/runner/work/MyRAM-iOS/MyRAM-iOS/MyRAM-iOS/MyRAM/Markdown/MarkdownPreviewModePolicy.swift /Users/runner/work/MyRAM-iOS/MyRAM-iOS/MyRAM-iOS/MyRAM/Markdown/MarkdownPreviewUIKitSyncExecutor.swift /Users/runner/work/MyRAM-iOS/MyRAM-iOS/MyRAM-iOS/MyRAM/Markdown/MarkdownPreviewUIKitDeferredScheduler.swift /Users/runner/work/MyRAM-iOS/MyRAM-iOS/MyRAM-iOS/MyRAM/Markdown/MarkdownPreviewUIKitEditorResignation.swift /Users/runner/work/MyRAM-iOS/MyRAM-iOS/MyRAM-iOS/MyRAM/Markdown/MarkdownPreviewUIKitPostResignationReconciliation.swift /Users/runner/work/MyRAM-iOS/MyRAM-iOS/MyRAM-iOS/MyRAM/Markdown/MarkdownPreviewUIKitAcceptedRestoreSupersession.swift /Users/runner/work/MyRAM-iOS/MyRAM-iOS/MyRAM-iOS/MyRAM/Views/NoteEditorFileOperationBridge.swift /Users/runner/work/MyRAM-iOS/MyRAM-iOS/MyRAM-iOS/MyRAM/Sync/AnchoredSequence/NoteSequenceStateRecord.swift /Users/runner/work/MyRAM-iOS/MyRAM-iOS/MyRAM-iOS/MyRAM/Sync/AnchoredSequence/NoteSequenceStateBootstrapAdapter.swift /Users/runner/work/MyRAM-iOS/MyRAM-iOS/MyRAM-iOS/MyRAM/Sync/AnchoredSequence/NoteSequenceStateFullBodyIntegration.swift /Users/runner/work/MyRAM-iOS/MyRAM-iOS/MyRAM-iOS/MyRAM/Sync/AnchoredSequence/NoteSequenceStateBootstrapMigrator.swift /Users/runner/work/MyRAM-iOS/MyRAM-iOS/MyRAM-iOS/MyRAM/Sync/AnchoredSequence/SwiftDataNoteSequenceStateStore.swift /Users/runner/work/MyRAM-iOS/MyRAM-iOS/MyRAM-iOS/MyRAM/Sync/AnchoredSequence/MyRAMSyncOperationIDAllocator.swift /Users/runner/work/MyRAM-iOS/MyRAM-iOS/MyRAM-iOS/MyRAM/Sync/AnchoredSequence/FileBackedSyncOperationIDReservationStore.swift /Users/runner/work/MyRAM-iOS/MyRAM-iOS/MyRAM-iOS/MyRAM/Item.swift /Users/runner/work/MyRAM-iOS/MyRAM-iOS/MyRAM-iOS/MyRAM/Persistence/RTFCoding.swift /Users/runner/work/MyRAM-iOS/MyRAM-iOS/MyRAM-iOS/MyRAM/Persistence/AttributedTextStorageKeys.swift (in target 'MyRAM' from project 'MyRAM')
SwiftCompile normal arm64 /Users/runner/work/MyRAM-iOS/MyRAM-iOS/MyRAM-iOS/MyRAM/WidgetHost/MyRAMExternalOpenDispatcher.swift (in target 'MyRAM' from project 'MyRAM')
    cd /Users/runner/work/MyRAM-iOS/MyRAM-iOS/MyRAM-iOS
    

SwiftCompile normal arm64 /Users/runner/work/MyRAM-iOS/MyRAM-iOS/MyRAM-iOS/MyRAM/WidgetHost/MyRAMWidgetHostCoordinator.swift (in target 'MyRAM' from project 'MyRAM')
    cd /Users/runner/work/MyRAM-iOS/MyRAM-iOS/MyRAM-iOS
    

SwiftCompile normal arm64 /Users/runner/work/MyRAM-iOS/MyRAM-iOS/MyRAM-iOS/MyRAM/WidgetHost/MyRAMWidgetNoteRouting.swift (in target 'MyRAM' from project 'MyRAM')
    cd /Users/runner/work/MyRAM-iOS/MyRAM-iOS/MyRAM-iOS
    

SwiftCompile normal arm64 /Users/runner/work/MyRAM-iOS/MyRAM-iOS/MyRAM-iOS/MyRAM/WidgetHost/MyRAMWidgetSelectionButton.swift (in target 'MyRAM' from project 'MyRAM')
    cd /Users/runner/work/MyRAM-iOS/MyRAM-iOS/MyRAM-iOS
    

SwiftCompile normal arm64 /Users/runner/work/MyRAM-iOS/MyRAM-iOS/MyRAM-iOS/MyRAM/Markdown/MarkdownFileIO.swift (in target 'MyRAM' from project 'MyRAM')
    cd /Users/runner/work/MyRAM-iOS/MyRAM-iOS/MyRAM-iOS
    

SwiftCompile normal arm64 /Users/runner/work/MyRAM-iOS/MyRAM-iOS/MyRAM-iOS/MyRAM/Markdown/MarkdownPreview.swift (in target 'MyRAM' from project 'MyRAM')
    cd /Users/runner/work/MyRAM-iOS/MyRAM-iOS/MyRAM-iOS
    

SwiftCompile normal arm64 /Users/runner/work/MyRAM-iOS/MyRAM-iOS/MyRAM-iOS/MyRAM/Markdown/MarkdownPreviewModePolicy.swift (in target 'MyRAM' from project 'MyRAM')
    cd /Users/runner/work/MyRAM-iOS/MyRAM-iOS/MyRAM-iOS
    

SwiftCompile normal arm64 /Users/runner/work/MyRAM-iOS/MyRAM-iOS/MyRAM-iOS/MyRAM/Markdown/MarkdownPreviewUIKitSyncExecutor.swift (in target 'MyRAM' from project 'MyRAM')
    cd /Users/runner/work/MyRAM-iOS/MyRAM-iOS/MyRAM-iOS
    

SwiftCompile normal arm64 /Users/runner/work/MyRAM-iOS/MyRAM-iOS/MyRAM-iOS/MyRAM/Markdown/MarkdownPreviewUIKitDeferredScheduler.swift (in target 'MyRAM' from project 'MyRAM')
    cd /Users/runner/work/MyRAM-iOS/MyRAM-iOS/MyRAM-iOS
    

SwiftCompile normal arm64 /Users/runner/work/MyRAM-iOS/MyRAM-iOS/MyRAM-iOS/MyRAM/Markdown/MarkdownPreviewUIKitEditorResignation.swift (in target 'MyRAM' from project 'MyRAM')
    cd /Users/runner/work/MyRAM-iOS/MyRAM-iOS/MyRAM-iOS
    

SwiftCompile normal arm64 /Users/runner/work/MyRAM-iOS/MyRAM-iOS/MyRAM-iOS/MyRAM/Markdown/MarkdownPreviewUIKitPostResignationReconciliation.swift (in target 'MyRAM' from project 'MyRAM')
    cd /Users/runner/work/MyRAM-iOS/MyRAM-iOS/MyRAM-iOS
    

SwiftCompile normal arm64 /Users/runner/work/MyRAM-iOS/MyRAM-iOS/MyRAM-iOS/MyRAM/Markdown/MarkdownPreviewUIKitAcceptedRestoreSupersession.swift (in target 'MyRAM' from project 'MyRAM')
    cd /Users/runner/work/MyRAM-iOS/MyRAM-iOS/MyRAM-iOS
    

SwiftCompile normal arm64 /Users/runner/work/MyRAM-iOS/MyRAM-iOS/MyRAM-iOS/MyRAM/Views/NoteEditorFileOperationBridge.swift (in target 'MyRAM' from project 'MyRAM')
    cd /Users/runner/work/MyRAM-iOS/MyRAM-iOS/MyRAM-iOS
    

SwiftCompile normal arm64 /Users/runner/work/MyRAM-iOS/MyRAM-iOS/MyRAM-iOS/MyRAM/Sync/AnchoredSequence/NoteSequenceStateRecord.swift (in target 'MyRAM' from project 'MyRAM')
    cd /Users/runner/work/MyRAM-iOS/MyRAM-iOS/MyRAM-iOS
    

SwiftCompile normal arm64 /Users/runner/work/MyRAM-iOS/MyRAM-iOS/MyRAM-iOS/MyRAM/Sync/AnchoredSequence/NoteSequenceStateBootstrapAdapter.swift (in target 'MyRAM' from project 'MyRAM')
    cd /Users/runner/work/MyRAM-iOS/MyRAM-iOS/MyRAM-iOS
    

SwiftCompile normal arm64 /Users/runner/work/MyRAM-iOS/MyRAM-iOS/MyRAM-iOS/MyRAM/Sync/AnchoredSequence/NoteSequenceStateFullBodyIntegration.swift (in target 'MyRAM' from project 'MyRAM')
    cd /Users/runner/work/MyRAM-iOS/MyRAM-iOS/MyRAM-iOS
    

SwiftCompile normal arm64 /Users/runner/work/MyRAM-iOS/MyRAM-iOS/MyRAM-iOS/MyRAM/Sync/AnchoredSequence/NoteSequenceStateBootstrapMigrator.swift (in target 'MyRAM' from project 'MyRAM')
    cd /Users/runner/work/MyRAM-iOS/MyRAM-iOS/MyRAM-iOS
    

SwiftCompile normal arm64 /Users/runner/work/MyRAM-iOS/MyRAM-iOS/MyRAM-iOS/MyRAM/Sync/AnchoredSequence/SwiftDataNoteSequenceStateStore.swift (in target 'MyRAM' from project 'MyRAM')
    cd /Users/runner/work/MyRAM-iOS/MyRAM-iOS/MyRAM-iOS
    

SwiftCompile normal arm64 /Users/runner/work/MyRAM-iOS/MyRAM-iOS/MyRAM-iOS/MyRAM/Sync/AnchoredSequence/MyRAMSyncOperationIDAllocator.swift (in target 'MyRAM' from project 'MyRAM')
    cd /Users/runner/work/MyRAM-iOS/MyRAM-iOS/MyRAM-iOS
    

SwiftCompile normal arm64 /Users/runner/work/MyRAM-iOS/MyRAM-iOS/MyRAM-iOS/MyRAM/Sync/AnchoredSequence/FileBackedSyncOperationIDReservationStore.swift (in target 'MyRAM' from project 'MyRAM')
    cd /Users/runner/work/MyRAM-iOS/MyRAM-iOS/MyRAM-iOS
    

SwiftCompile normal arm64 /Users/runner/work/MyRAM-iOS/MyRAM-iOS/MyRAM-iOS/MyRAM/Item.swift (in target 'MyRAM' from project 'MyRAM')
    cd /Users/runner/work/MyRAM-iOS/MyRAM-iOS/MyRAM-iOS
    

SwiftCompile normal arm64 /Users/runner/work/MyRAM-iOS/MyRAM-iOS/MyRAM-iOS/MyRAM/Persistence/RTFCoding.swift (in target 'MyRAM' from project 'MyRAM')
    cd /Users/runner/work/MyRAM-iOS/MyRAM-iOS/MyRAM-iOS
    

SwiftCompile normal arm64 /Users/runner/work/MyRAM-iOS/MyRAM-iOS/MyRAM-iOS/MyRAM/Persistence/AttributedTextStorageKeys.swift (in target 'MyRAM' from project 'MyRAM')
    cd /Users/runner/work/MyRAM-iOS/MyRAM-iOS/MyRAM-iOS
    

SwiftCompile normal arm64 Compiling\ SyncBatchPayload.swift,\ SyncBatchAnchoredPayloadAdapter.swift,\ SyncBatchAnchoredPayloadPolicy.swift,\ SyncBatchPeerCapability.swift,\ SyncBatchTransportAdmissionPlanner.swift,\ SyncBatchEnvelope.swift,\ MultipeerSyncMessageEnvelope.swift,\ SyncBatchSeenBatchStore.swift,\ SyncBatchUTF16Helpers.swift,\ SyncBatchNoteChangeCapture.swift,\ SyncConvergenceTypes.swift,\ SyncConvergenceModels.swift,\ SyncConvergencePlanningTypes.swift,\ SyncConvergenceRewriteSafetyPolicy.swift,\ ExplicitDeleteProvenanceTypes.swift,\ ExplicitDeleteProvenanceBuilder.swift,\ ExplicitDeleteProvenanceValidator.swift,\ SyncConvergencePlanner.swift,\ IncrementalEditIntegrationTypes.swift,\ RetainedOperationCausalGraph.swift,\ SwiftDataSyncConvergencePersistenceTransaction.swift,\ SyncConvergencePostCommitTypes.swift,\ SyncConvergencePostCommitGating.swift /Users/runner/work/MyRAM-iOS/MyRAM-iOS/MyRAM-iOS/MyRAM/Sync/Batch/SyncBatchPayload.swift /Users/runner/work/MyRAM-iOS/MyRAM-iOS/MyRAM-iOS/MyRAM/Sync/Batch/SyncBatchAnchoredPayloadAdapter.swift /Users/runner/work/MyRAM-iOS/MyRAM-iOS/MyRAM-iOS/MyRAM/Sync/Batch/SyncBatchAnchoredPayloadPolicy.swift /Users/runner/work/MyRAM-iOS/MyRAM-iOS/MyRAM-iOS/MyRAM/Sync/Batch/SyncBatchPeerCapability.swift /Users/runner/work/MyRAM-iOS/MyRAM-iOS/MyRAM-iOS/MyRAM/Sync/Batch/SyncBatchTransportAdmissionPlanner.swift /Users/runner/work/MyRAM-iOS/MyRAM-iOS/MyRAM-iOS/MyRAM/Sync/Batch/SyncBatchEnvelope.swift /Users/runner/work/MyRAM-iOS/MyRAM-iOS/MyRAM-iOS/MyRAM/Sync/Batch/MultipeerSyncMessageEnvelope.swift /Users/runner/work/MyRAM-iOS/MyRAM-iOS/MyRAM-iOS/MyRAM/Sync/Batch/SyncBatchSeenBatchStore.swift /Users/runner/work/MyRAM-iOS/MyRAM-iOS/MyRAM-iOS/MyRAM/Sync/Batch/SyncBatchUTF16Helpers.swift /Users/runner/work/MyRAM-iOS/MyRAM-iOS/MyRAM-iOS/MyRAM/Sync/Batch/SyncBatchNoteChangeCapture.swift /Users/runner/work/MyRAM-iOS/MyRAM-iOS/MyRAM-iOS/MyRAM/Sync/Convergence/SyncConvergenceTypes.swift /Users/runner/work/MyRAM-iOS/MyRAM-iOS/MyRAM-iOS/MyRAM/Sync/Convergence/SyncConvergenceModels.swift /Users/runner/work/MyRAM-iOS/MyRAM-iOS/MyRAM-iOS/MyRAM/Sync/Convergence/SyncConvergencePlanningTypes.swift /Users/runner/work/MyRAM-iOS/MyRAM-iOS/MyRAM-iOS/MyRAM/Sync/Convergence/SyncConvergenceRewriteSafetyPolicy.swift /Users/runner/work/MyRAM-iOS/MyRAM-iOS/MyRAM-iOS/MyRAM/Sync/Convergence/ExplicitDeleteProvenanceTypes.swift /Users/runner/work/MyRAM-iOS/MyRAM-iOS/MyRAM-iOS/MyRAM/Sync/Convergence/ExplicitDeleteProvenanceBuilder.swift /Users/runner/work/MyRAM-iOS/MyRAM-iOS/MyRAM-iOS/MyRAM/Sync/Convergence/ExplicitDeleteProvenanceValidator.swift /Users/runner/work/MyRAM-iOS/MyRAM-iOS/MyRAM-iOS/MyRAM/Sync/Convergence/SyncConvergencePlanner.swift /Users/runner/work/MyRAM-iOS/MyRAM-iOS/MyRAM-iOS/MyRAM/Sync/Convergence/IncrementalEditIntegrationTypes.swift /Users/runner/work/MyRAM-iOS/MyRAM-iOS/MyRAM-iOS/MyRAM/Sync/Convergence/RetainedOperationCausalGraph.swift /Users/runner/work/MyRAM-iOS/MyRAM-iOS/MyRAM-iOS/MyRAM/Sync/Convergence/SwiftDataSyncConvergencePersistenceTransaction.swift /Users/runner/work/MyRAM-iOS/MyRAM-iOS/MyRAM-iOS/MyRAM/Sync/Convergence/SyncConvergencePostCommitTypes.swift /Users/runner/work/MyRAM-iOS/MyRAM-iOS/MyRAM-iOS/MyRAM/Sync/Convergence/SyncConvergencePostCommitGating.swift (in target 'MyRAM' from project 'MyRAM')
SwiftCompile normal arm64 /Users/runner/work/MyRAM-iOS/MyRAM-iOS/MyRAM-iOS/MyRAM/Sync/Batch/SyncBatchPayload.swift (in target 'MyRAM' from project 'MyRAM')
    cd /Users/runner/work/MyRAM-iOS/MyRAM-iOS/MyRAM-iOS
    

SwiftCompile normal arm64 /Users/runner/work/MyRAM-iOS/MyRAM-iOS/MyRAM-iOS/MyRAM/Sync/Batch/SyncBatchAnchoredPayloadAdapter.swift (in target 'MyRAM' from project 'MyRAM')
    cd /Users/runner/work/MyRAM-iOS/MyRAM-iOS/MyRAM-iOS
    

SwiftCompile normal arm64 /Users/runner/work/MyRAM-iOS/MyRAM-iOS/MyRAM-iOS/MyRAM/Sync/Batch/SyncBatchAnchoredPayloadPolicy.swift (in target 'MyRAM' from project 'MyRAM')
    cd /Users/runner/work/MyRAM-iOS/MyRAM-iOS/MyRAM-iOS
    

SwiftCompile normal arm64 /Users/runner/work/MyRAM-iOS/MyRAM-iOS/MyRAM-iOS/MyRAM/Sync/Batch/SyncBatchPeerCapability.swift (in target 'MyRAM' from project 'MyRAM')
    cd /Users/runner/work/MyRAM-iOS/MyRAM-iOS/MyRAM-iOS
    

SwiftCompile normal arm64 /Users/runner/work/MyRAM-iOS/MyRAM-iOS/MyRAM-iOS/MyRAM/Sync/Batch/SyncBatchTransportAdmissionPlanner.swift (in target 'MyRAM' from project 'MyRAM')
    cd /Users/runner/work/MyRAM-iOS/MyRAM-iOS/MyRAM-iOS
    

SwiftCompile normal arm64 /Users/runner/work/MyRAM-iOS/MyRAM-iOS/MyRAM-iOS/MyRAM/Sync/Batch/SyncBatchEnvelope.swift (in target 'MyRAM' from project 'MyRAM')
    cd /Users/runner/work/MyRAM-iOS/MyRAM-iOS/MyRAM-iOS
    

SwiftCompile normal arm64 /Users/runner/work/MyRAM-iOS/MyRAM-iOS/MyRAM-iOS/MyRAM/Sync/Batch/MultipeerSyncMessageEnvelope.swift (in target 'MyRAM' from project 'MyRAM')
    cd /Users/runner/work/MyRAM-iOS/MyRAM-iOS/MyRAM-iOS
    

SwiftCompile normal arm64 /Users/runner/work/MyRAM-iOS/MyRAM-iOS/MyRAM-iOS/MyRAM/Sync/Batch/SyncBatchSeenBatchStore.swift (in target 'MyRAM' from project 'MyRAM')
    cd /Users/runner/work/MyRAM-iOS/MyRAM-iOS/MyRAM-iOS
    

SwiftCompile normal arm64 /Users/runner/work/MyRAM-iOS/MyRAM-iOS/MyRAM-iOS/MyRAM/Sync/Batch/SyncBatchUTF16Helpers.swift (in target 'MyRAM' from project 'MyRAM')
    cd /Users/runner/work/MyRAM-iOS/MyRAM-iOS/MyRAM-iOS
    

SwiftCompile normal arm64 /Users/runner/work/MyRAM-iOS/MyRAM-iOS/MyRAM-iOS/MyRAM/Sync/Batch/SyncBatchNoteChangeCapture.swift (in target 'MyRAM' from project 'MyRAM')
    cd /Users/runner/work/MyRAM-iOS/MyRAM-iOS/MyRAM-iOS
    

SwiftCompile normal arm64 /Users/runner/work/MyRAM-iOS/MyRAM-iOS/MyRAM-iOS/MyRAM/Sync/Convergence/SyncConvergenceTypes.swift (in target 'MyRAM' from project 'MyRAM')
    cd /Users/runner/work/MyRAM-iOS/MyRAM-iOS/MyRAM-iOS
    

SwiftCompile normal arm64 /Users/runner/work/MyRAM-iOS/MyRAM-iOS/MyRAM-iOS/MyRAM/Sync/Convergence/SyncConvergenceModels.swift (in target 'MyRAM' from project 'MyRAM')
    cd /Users/runner/work/MyRAM-iOS/MyRAM-iOS/MyRAM-iOS
    

SwiftCompile normal arm64 /Users/runner/work/MyRAM-iOS/MyRAM-iOS/MyRAM-iOS/MyRAM/Sync/Convergence/SyncConvergencePlanningTypes.swift (in target 'MyRAM' from project 'MyRAM')
    cd /Users/runner/work/MyRAM-iOS/MyRAM-iOS/MyRAM-iOS
    

SwiftCompile normal arm64 /Users/runner/work/MyRAM-iOS/MyRAM-iOS/MyRAM-iOS/MyRAM/Sync/Convergence/SyncConvergenceRewriteSafetyPolicy.swift (in target 'MyRAM' from project 'MyRAM')
    cd /Users/runner/work/MyRAM-iOS/MyRAM-iOS/MyRAM-iOS
    

SwiftCompile normal arm64 /Users/runner/work/MyRAM-iOS/MyRAM-iOS/MyRAM-iOS/MyRAM/Sync/Convergence/ExplicitDeleteProvenanceTypes.swift (in target 'MyRAM' from project 'MyRAM')
    cd /Users/runner/work/MyRAM-iOS/MyRAM-iOS/MyRAM-iOS
    

SwiftCompile normal arm64 /Users/runner/work/MyRAM-iOS/MyRAM-iOS/MyRAM-iOS/MyRAM/Sync/Convergence/ExplicitDeleteProvenanceBuilder.swift (in target 'MyRAM' from project 'MyRAM')
    cd /Users/runner/work/MyRAM-iOS/MyRAM-iOS/MyRAM-iOS
    

SwiftCompile normal arm64 /Users/runner/work/MyRAM-iOS/MyRAM-iOS/MyRAM-iOS/MyRAM/Sync/Convergence/ExplicitDeleteProvenanceValidator.swift (in target 'MyRAM' from project 'MyRAM')
    cd /Users/runner/work/MyRAM-iOS/MyRAM-iOS/MyRAM-iOS
    

SwiftCompile normal arm64 /Users/runner/work/MyRAM-iOS/MyRAM-iOS/MyRAM-iOS/MyRAM/Sync/Convergence/SyncConvergencePlanner.swift (in target 'MyRAM' from project 'MyRAM')
    cd /Users/runner/work/MyRAM-iOS/MyRAM-iOS/MyRAM-iOS
    

SwiftCompile normal arm64 /Users/runner/work/MyRAM-iOS/MyRAM-iOS/MyRAM-iOS/MyRAM/Sync/Convergence/IncrementalEditIntegrationTypes.swift (in target 'MyRAM' from project 'MyRAM')
    cd /Users/runner/work/MyRAM-iOS/MyRAM-iOS/MyRAM-iOS
    

SwiftCompile normal arm64 /Users/runner/work/MyRAM-iOS/MyRAM-iOS/MyRAM-iOS/MyRAM/Sync/Convergence/RetainedOperationCausalGraph.swift (in target 'MyRAM' from project 'MyRAM')
    cd /Users/runner/work/MyRAM-iOS/MyRAM-iOS/MyRAM-iOS
    

SwiftCompile normal arm64 /Users/runner/work/MyRAM-iOS/MyRAM-iOS/MyRAM-iOS/MyRAM/Sync/Convergence/SwiftDataSyncConvergencePersistenceTransaction.swift (in target 'MyRAM' from project 'MyRAM')
    cd /Users/runner/work/MyRAM-iOS/MyRAM-iOS/MyRAM-iOS
    

SwiftCompile normal arm64 /Users/runner/work/MyRAM-iOS/MyRAM-iOS/MyRAM-iOS/MyRAM/Sync/Convergence/SyncConvergencePostCommitTypes.swift (in target 'MyRAM' from project 'MyRAM')
    cd /Users/runner/work/MyRAM-iOS/MyRAM-iOS/MyRAM-iOS
    

SwiftCompile normal arm64 /Users/runner/work/MyRAM-iOS/MyRAM-iOS/MyRAM-iOS/MyRAM/Sync/Convergence/SyncConvergencePostCommitGating.swift (in target 'MyRAM' from project 'MyRAM')
    cd /Users/runner/work/MyRAM-iOS/MyRAM-iOS/MyRAM-iOS
    

SwiftCompile normal arm64 Compiling\ SwiftDataSyncConvergencePostCommitStore.swift,\ SyncConvergencePostCommitExecutor.swift,\ SyncConvergenceLocalObligation.swift,\ FileBackedSyncConvergenceLocalObligationQueue.swift,\ SyncConvergenceDrainPassScheduler.swift,\ SyncConvergenceRuntime.swift,\ SyncBatchUnsentQueue.swift,\ FileBackedSyncBatchQueue.swift,\ NotesViewModel.swift,\ MyRAMSyncModels.swift,\ MyRAMApp.swift,\ MyRAMSchema.swift,\ Note.swift,\ MyRAMSyncChangeApplier.swift,\ MyRAMLegacySyncChangeValidator.swift,\ MyRAMSyncConflictService.swift,\ SyncConflictStore.swift,\ Folder.swift,\ MyRAMDeviceIdentity.swift,\ MyRAMLegacySyncPayloadBuilder.swift,\ PendingSyncStatus.swift,\ PendingSyncRecoveryCoordinator.swift,\ MyRAMWidgetContentSelectionPolicy.swift /Users/runner/work/MyRAM-iOS/MyRAM-iOS/MyRAM-iOS/MyRAM/Sync/Convergence/SwiftDataSyncConvergencePostCommitStore.swift /Users/runner/work/MyRAM-iOS/MyRAM-iOS/MyRAM-iOS/MyRAM/Sync/Convergence/SyncConvergencePostCommitExecutor.swift /Users/runner/work/MyRAM-iOS/MyRAM-iOS/MyRAM-iOS/MyRAM/Sync/Convergence/SyncConvergenceLocalObligation.swift /Users/runner/work/MyRAM-iOS/MyRAM-iOS/MyRAM-iOS/MyRAM/Sync/Convergence/FileBackedSyncConvergenceLocalObligationQueue.swift /Users/runner/work/MyRAM-iOS/MyRAM-iOS/MyRAM-iOS/MyRAM/Sync/Convergence/SyncConvergenceDrainPassScheduler.swift /Users/runner/work/MyRAM-iOS/MyRAM-iOS/MyRAM-iOS/MyRAM/Sync/Convergence/SyncConvergenceRuntime.swift /Users/runner/work/MyRAM-iOS/MyRAM-iOS/MyRAM-iOS/MyRAM/Sync/Batch/SyncBatchUnsentQueue.swift /Users/runner/work/MyRAM-iOS/MyRAM-iOS/MyRAM-iOS/MyRAM/Sync/Batch/FileBackedSyncBatchQueue.swift /Users/runner/work/MyRAM-iOS/MyRAM-iOS/MyRAM-iOS/MyRAM/ViewModels/NotesViewModel.swift /Users/runner/work/MyRAM-iOS/MyRAM-iOS/MyRAM-iOS/MyRAM/Sync/MyRAMSyncModels.swift /Users/runner/work/MyRAM-iOS/MyRAM-iOS/MyRAM-iOS/MyRAM/MyRAMApp.swift /Users/runner/work/MyRAM-iOS/MyRAM-iOS/MyRAM-iOS/MyRAM/MyRAMSchema.swift /Users/runner/work/MyRAM-iOS/MyRAM-iOS/MyRAM-iOS/MyRAM/Models/Note.swift /Users/runner/work/MyRAM-iOS/MyRAM-iOS/MyRAM-iOS/MyRAM/Sync/MyRAMSyncChangeApplier.swift /Users/runner/work/MyRAM-iOS/MyRAM-iOS/MyRAM-iOS/MyRAM/Sync/Legacy/MyRAMLegacySyncChangeValidator.swift /Users/runner/work/MyRAM-iOS/MyRAM-iOS/MyRAM-iOS/MyRAM/Sync/MyRAMSyncConflictService.swift /Users/runner/work/MyRAM-iOS/MyRAM-iOS/MyRAM-iOS/MyRAM/Sync/SyncConflictStore.swift /Users/runner/work/MyRAM-iOS/MyRAM-iOS/MyRAM-iOS/MyRAM/Models/Folder.swift /Users/runner/work/MyRAM-iOS/MyRAM-iOS/MyRAM-iOS/MyRAM/Sync/MyRAMDeviceIdentity.swift /Users/runner/work/MyRAM-iOS/MyRAM-iOS/MyRAM-iOS/MyRAM/Sync/MyRAMLegacySyncPayloadBuilder.swift /Users/runner/work/MyRAM-iOS/MyRAM-iOS/MyRAM-iOS/MyRAM/Sync/PendingSyncStatus.swift /Users/runner/work/MyRAM-iOS/MyRAM-iOS/MyRAM-iOS/MyRAM/Sync/Recovery/PendingSyncRecoveryCoordinator.swift /Users/runner/work/MyRAM-iOS/MyRAM-iOS/MyRAM-iOS/MyRAM/WidgetShared/MyRAMWidgetContentSelectionPolicy.swift (in target 'MyRAM' from project 'MyRAM')
SwiftCompile normal arm64 /Users/runner/work/MyRAM-iOS/MyRAM-iOS/MyRAM-iOS/MyRAM/Sync/Convergence/SwiftDataSyncConvergencePostCommitStore.swift (in target 'MyRAM' from project 'MyRAM')
    cd /Users/runner/work/MyRAM-iOS/MyRAM-iOS/MyRAM-iOS
    

SwiftCompile normal arm64 /Users/runner/work/MyRAM-iOS/MyRAM-iOS/MyRAM-iOS/MyRAM/Sync/Convergence/SyncConvergencePostCommitExecutor.swift (in target 'MyRAM' from project 'MyRAM')
    cd /Users/runner/work/MyRAM-iOS/MyRAM-iOS/MyRAM-iOS
    

SwiftCompile normal arm64 /Users/runner/work/MyRAM-iOS/MyRAM-iOS/MyRAM-iOS/MyRAM/Sync/Convergence/SyncConvergenceLocalObligation.swift (in target 'MyRAM' from project 'MyRAM')
    cd /Users/runner/work/MyRAM-iOS/MyRAM-iOS/MyRAM-iOS
    

SwiftCompile normal arm64 /Users/runner/work/MyRAM-iOS/MyRAM-iOS/MyRAM-iOS/MyRAM/Sync/Convergence/FileBackedSyncConvergenceLocalObligationQueue.swift (in target 'MyRAM' from project 'MyRAM')
    cd /Users/runner/work/MyRAM-iOS/MyRAM-iOS/MyRAM-iOS
    

SwiftCompile normal arm64 /Users/runner/work/MyRAM-iOS/MyRAM-iOS/MyRAM-iOS/MyRAM/Sync/Convergence/SyncConvergenceDrainPassScheduler.swift (in target 'MyRAM' from project 'MyRAM')
    cd /Users/runner/work/MyRAM-iOS/MyRAM-iOS/MyRAM-iOS
    

SwiftCompile normal arm64 /Users/runner/work/MyRAM-iOS/MyRAM-iOS/MyRAM-iOS/MyRAM/Sync/Convergence/SyncConvergenceRuntime.swift (in target 'MyRAM' from project 'MyRAM')
    cd /Users/runner/work/MyRAM-iOS/MyRAM-iOS/MyRAM-iOS
    

SwiftCompile normal arm64 /Users/runner/work/MyRAM-iOS/MyRAM-iOS/MyRAM-iOS/MyRAM/Sync/Batch/SyncBatchUnsentQueue.swift (in target 'MyRAM' from project 'MyRAM')
    cd /Users/runner/work/MyRAM-iOS/MyRAM-iOS/MyRAM-iOS
    

SwiftCompile normal arm64 /Users/runner/work/MyRAM-iOS/MyRAM-iOS/MyRAM-iOS/MyRAM/Sync/Batch/FileBackedSyncBatchQueue.swift (in target 'MyRAM' from project 'MyRAM')
    cd /Users/runner/work/MyRAM-iOS/MyRAM-iOS/MyRAM-iOS
    

SwiftCompile normal arm64 /Users/runner/work/MyRAM-iOS/MyRAM-iOS/MyRAM-iOS/MyRAM/ViewModels/NotesViewModel.swift (in target 'MyRAM' from project 'MyRAM')
    cd /Users/runner/work/MyRAM-iOS/MyRAM-iOS/MyRAM-iOS
    

SwiftCompile normal arm64 /Users/runner/work/MyRAM-iOS/MyRAM-iOS/MyRAM-iOS/MyRAM/Sync/MyRAMSyncModels.swift (in target 'MyRAM' from project 'MyRAM')
    cd /Users/runner/work/MyRAM-iOS/MyRAM-iOS/MyRAM-iOS
    

SwiftCompile normal arm64 /Users/runner/work/MyRAM-iOS/MyRAM-iOS/MyRAM-iOS/MyRAM/MyRAMApp.swift (in target 'MyRAM' from project 'MyRAM')
    cd /Users/runner/work/MyRAM-iOS/MyRAM-iOS/MyRAM-iOS
    

SwiftCompile normal arm64 /Users/runner/work/MyRAM-iOS/MyRAM-iOS/MyRAM-iOS/MyRAM/MyRAMSchema.swift (in target 'MyRAM' from project 'MyRAM')
    cd /Users/runner/work/MyRAM-iOS/MyRAM-iOS/MyRAM-iOS
    

SwiftCompile normal arm64 /Users/runner/work/MyRAM-iOS/MyRAM-iOS/MyRAM-iOS/MyRAM/Models/Note.swift (in target 'MyRAM' from project 'MyRAM')
    cd /Users/runner/work/MyRAM-iOS/MyRAM-iOS/MyRAM-iOS
    

SwiftCompile normal arm64 /Users/runner/work/MyRAM-iOS/MyRAM-iOS/MyRAM-iOS/MyRAM/Sync/MyRAMSyncChangeApplier.swift (in target 'MyRAM' from project 'MyRAM')
    cd /Users/runner/work/MyRAM-iOS/MyRAM-iOS/MyRAM-iOS
    

SwiftCompile normal arm64 /Users/runner/work/MyRAM-iOS/MyRAM-iOS/MyRAM-iOS/MyRAM/Sync/Legacy/MyRAMLegacySyncChangeValidator.swift (in target 'MyRAM' from project 'MyRAM')
    cd /Users/runner/work/MyRAM-iOS/MyRAM-iOS/MyRAM-iOS
    

SwiftCompile normal arm64 /Users/runner/work/MyRAM-iOS/MyRAM-iOS/MyRAM-iOS/MyRAM/Sync/MyRAMSyncConflictService.swift (in target 'MyRAM' from project 'MyRAM')
    cd /Users/runner/work/MyRAM-iOS/MyRAM-iOS/MyRAM-iOS
    

SwiftCompile normal arm64 /Users/runner/work/MyRAM-iOS/MyRAM-iOS/MyRAM-iOS/MyRAM/Sync/SyncConflictStore.swift (in target 'MyRAM' from project 'MyRAM')
    cd /Users/runner/work/MyRAM-iOS/MyRAM-iOS/MyRAM-iOS
    

SwiftCompile normal arm64 /Users/runner/work/MyRAM-iOS/MyRAM-iOS/MyRAM-iOS/MyRAM/Models/Folder.swift (in target 'MyRAM' from project 'MyRAM')
    cd /Users/runner/work/MyRAM-iOS/MyRAM-iOS/MyRAM-iOS
    

SwiftCompile normal arm64 /Users/runner/work/MyRAM-iOS/MyRAM-iOS/MyRAM-iOS/MyRAM/Sync/MyRAMDeviceIdentity.swift (in target 'MyRAM' from project 'MyRAM')
    cd /Users/runner/work/MyRAM-iOS/MyRAM-iOS/MyRAM-iOS
    

SwiftCompile normal arm64 /Users/runner/work/MyRAM-iOS/MyRAM-iOS/MyRAM-iOS/MyRAM/Sync/MyRAMLegacySyncPayloadBuilder.swift (in target 'MyRAM' from project 'MyRAM')
    cd /Users/runner/work/MyRAM-iOS/MyRAM-iOS/MyRAM-iOS
    

SwiftCompile normal arm64 /Users/runner/work/MyRAM-iOS/MyRAM-iOS/MyRAM-iOS/MyRAM/Sync/PendingSyncStatus.swift (in target 'MyRAM' from project 'MyRAM')
    cd /Users/runner/work/MyRAM-iOS/MyRAM-iOS/MyRAM-iOS
    

SwiftCompile normal arm64 /Users/runner/work/MyRAM-iOS/MyRAM-iOS/MyRAM-iOS/MyRAM/Sync/Recovery/PendingSyncRecoveryCoordinator.swift (in target 'MyRAM' from project 'MyRAM')
    cd /Users/runner/work/MyRAM-iOS/MyRAM-iOS/MyRAM-iOS
    

SwiftCompile normal arm64 /Users/runner/work/MyRAM-iOS/MyRAM-iOS/MyRAM-iOS/MyRAM/WidgetShared/MyRAMWidgetContentSelectionPolicy.swift (in target 'MyRAM' from project 'MyRAM')
    cd /Users/runner/work/MyRAM-iOS/MyRAM-iOS/MyRAM-iOS
    

SwiftDriverJobDiscovery normal arm64 Emitting module for MyRAM (in target 'MyRAM' from project 'MyRAM')

SwiftDriver\ Compilation\ Requirements MyRAM normal arm64 com.apple.xcode.tools.swift.compiler (in target 'MyRAM' from project 'MyRAM')
    cd /Users/runner/work/MyRAM-iOS/MyRAM-iOS/MyRAM-iOS
    builtin-Swift-Compilation-Requirements -- /Applications/Xcode_26.5.app/Contents/Developer/Toolchains/XcodeDefault.xctoolchain/usr/bin/swiftc -module-name MyRAM -Onone @/tmp/MYR175-Clean-iOS-DD/Build/Intermediates.noindex/MyRAM.build/Debug-iphonesimulator/MyRAM.build/Objects-normal/arm64/MyRAM.SwiftFileList -DDEBUG -enable-bare-slash-regex -enable-experimental-feature DebugDescriptionMacro -sdk /Applications/Xcode_26.5.app/Contents/Developer/Platforms/iPhoneSimulator.platform/Developer/SDKs/iPhoneSimulator26.5.sdk -target arm64-apple-ios17.0-simulator -g -module-cache-path /tmp/MYR175-Clean-iOS-DD/ModuleCache.noindex -Xfrontend -serialize-debugging-options -enable-testing -index-store-path /tmp/MYR175-Clean-iOS-DD/Index.noindex/DataStore -Xcc -D_LIBCPP_HARDENING_MODE\=_LIBCPP_HARDENING_MODE_DEBUG -swift-version 5 -I /tmp/MYR175-Clean-iOS-DD/Build/Products/Debug-iphonesimulator -F /tmp/MYR175-Clean-iOS-DD/Build/Products/Debug-iphonesimulator/PackageFrameworks -F /tmp/MYR175-Clean-iOS-DD/Build/Products/Debug-iphonesimulator/PackageFrameworks -F /tmp/MYR175-Clean-iOS-DD/Build/Products/Debug-iphonesimulator -emit-localized-strings -emit-localized-strings-path /tmp/MYR175-Clean-iOS-DD/Build/Intermediates.noindex/MyRAM.build/Debug-iphonesimulator/MyRAM.build/Objects-normal/arm64 -c -j3 -enable-batch-mode -incremental -Xcc -ivfsstatcache -Xcc /tmp/MYR175-Clean-iOS-DD/SDKStatCaches.noindex/iphonesimulator26.5-23F73-688ef53f1462e2c8f657fdc38a81448ffb7d586738ff35573a713a18216ade27.sdkstatcache -output-file-map /tmp/MYR175-Clean-iOS-DD/Build/Intermediates.noindex/MyRAM.build/Debug-iphonesimulator/MyRAM.build/Objects-normal/arm64/MyRAM-OutputFileMap.json -use-frontend-parseable-output -save-temps -no-color-diagnostics -explicit-module-build -module-cache-path /tmp/MYR175-Clean-iOS-DD/Build/Intermediates.noindex/SwiftExplicitPrecompiledModules -clang-scanner-module-cache-path /tmp/MYR175-Clean-iOS-DD/ModuleCache.noindex -sdk-module-cache-path /tmp/MYR175-Clean-iOS-DD/ModuleCache.noindex -serialize-diagnostics -emit-dependencies -emit-module -emit-module-path /tmp/MYR175-Clean-iOS-DD/Build/Intermediates.noindex/MyRAM.build/Debug-iphonesimulator/MyRAM.build/Objects-normal/arm64/MyRAM.swiftmodule -validate-clang-modules-once -clang-build-session-file /tmp/MYR175-Clean-iOS-DD/ModuleCache.noindex/Session.modulevalidation -Xcc -I/tmp/MYR175-Clean-iOS-DD/Build/Intermediates.noindex/MyRAM.build/Debug-iphonesimulator/MyRAM.build/swift-overrides.hmap -emit-const-values -Xfrontend -const-gather-protocols-file -Xfrontend /tmp/MYR175-Clean-iOS-DD/Build/Intermediates.noindex/MyRAM.build/Debug-iphonesimulator/MyRAM.build/Objects-normal/arm64/MyRAM_const_extract_protocols.json -Xcc -iquote -Xcc /tmp/MYR175-Clean-iOS-DD/Build/Intermediates.noindex/MyRAM.build/Debug-iphonesimulator/MyRAM.build/MyRAM-generated-files.hmap -Xcc -I/tmp/MYR175-Clean-iOS-DD/Build/Intermediates.noindex/MyRAM.build/Debug-iphonesimulator/MyRAM.build/MyRAM-own-target-headers.hmap -Xcc -I/tmp/MYR175-Clean-iOS-DD/Build/Intermediates.noindex/MyRAM.build/Debug-iphonesimulator/MyRAM.build/MyRAM-all-non-framework-target-headers.hmap -Xcc -ivfsoverlay -Xcc /tmp/MYR175-Clean-iOS-DD/Build/Intermediates.noindex/MyRAM.build/Debug-iphonesimulator/MyRAM-98a9cbde253e8e955bc92731eb290203-VFS-iphonesimulator/all-product-headers.yaml -Xcc -iquote -Xcc /tmp/MYR175-Clean-iOS-DD/Build/Intermediates.noindex/MyRAM.build/Debug-iphonesimulator/MyRAM.build/MyRAM-project-headers.hmap -Xcc -I/tmp/MYR175-Clean-iOS-DD/Build/Products/Debug-iphonesimulator/include -Xcc -I/tmp/MYR175-Clean-iOS-DD/Build/Intermediates.noindex/MyRAM.build/Debug-iphonesimulator/MyRAM.build/DerivedSources-normal/arm64 -Xcc -I/tmp/MYR175-Clean-iOS-DD/Build/Intermediates.noindex/MyRAM.build/Debug-iphonesimulator/MyRAM.build/DerivedSources/arm64 -Xcc -I/tmp/MYR175-Clean-iOS-DD/Build/Intermediates.noindex/MyRAM.build/Debug-iphonesimulator/MyRAM.build/DerivedSources -Xcc -DDEBUG\=1 -emit-objc-header -emit-objc-header-path /tmp/MYR175-Clean-iOS-DD/Build/Intermediates.noindex/MyRAM.build/Debug-iphonesimulator/MyRAM.build/Objects-normal/arm64/MyRAM-Swift.h -working-directory /Users/runner/work/MyRAM-iOS/MyRAM-iOS/MyRAM-iOS -experimental-emit-module-separately -disable-cmo

SwiftDriverJobDiscovery normal arm64 Compiling MyRAMExternalOpenDispatcher.swift, MyRAMWidgetHostCoordinator.swift, MyRAMWidgetNoteRouting.swift, MyRAMWidgetSelectionButton.swift, MarkdownFileIO.swift, MarkdownPreview.swift, MarkdownPreviewModePolicy.swift, MarkdownPreviewUIKitSyncExecutor.swift, MarkdownPreviewUIKitDeferredScheduler.swift, MarkdownPreviewUIKitEditorResignation.swift, MarkdownPreviewUIKitPostResignationReconciliation.swift, MarkdownPreviewUIKitAcceptedRestoreSupersession.swift, NoteEditorFileOperationBridge.swift, NoteSequenceStateRecord.swift, NoteSequenceStateBootstrapAdapter.swift, NoteSequenceStateFullBodyIntegration.swift, NoteSequenceStateBootstrapMigrator.swift, SwiftDataNoteSequenceStateStore.swift, MyRAMSyncOperationIDAllocator.swift, FileBackedSyncOperationIDReservationStore.swift, Item.swift, RTFCoding.swift, AttributedTextStorageKeys.swift (in target 'MyRAM' from project 'MyRAM')

SwiftCompile normal arm64 Compiling\ MyRAMWidgetSnapshotStore.swift,\ MyRAMWidgetSnapshot.swift,\ MyRAMWidgetDeepLink.swift,\ MyRAMWidgetRuntimeConfiguration.swift,\ MyRAMWidgetSnapshotCodec.swift,\ PendingSyncRecoveryJournal.swift,\ SyncRecoveryStateBuilder.swift,\ EditorTextPlacementResolver.swift,\ NearbySyncView.swift,\ SyncConflictViews.swift,\ IPhoneSyncBatchAccumulator.swift,\ IPhoneSyncBatchCaptureHook.swift,\ IPhoneSyncBatchApplier.swift,\ DebugDemoDataGenerator.swift,\ EditorPasteFormatter.swift,\ EditorTimingPolicy.swift,\ SyncStatusIndicator.swift,\ MyRAMPlatform.swift,\ EditorSelectionProfiling.swift,\ EditorSearchHighlighting.swift,\ EditorSearchMatchResolver.swift,\ EditorSearchSession.swift,\ EditorRichTextContentCodec.swift /Users/runner/work/MyRAM-iOS/MyRAM-iOS/MyRAM-iOS/MyRAM/WidgetShared/MyRAMWidgetSnapshotStore.swift /Users/runner/work/MyRAM-iOS/MyRAM-iOS/MyRAM-iOS/MyRAM/WidgetShared/MyRAMWidgetSnapshot.swift /Users/runner/work/MyRAM-iOS/MyRAM-iOS/MyRAM-iOS/MyRAM/WidgetShared/MyRAMWidgetDeepLink.swift /Users/runner/work/MyRAM-iOS/MyRAM-iOS/MyRAM-iOS/MyRAM/WidgetShared/MyRAMWidgetRuntimeConfiguration.swift /Users/runner/work/MyRAM-iOS/MyRAM-iOS/MyRAM-iOS/MyRAM/WidgetShared/MyRAMWidgetSnapshotCodec.swift /Users/runner/work/MyRAM-iOS/MyRAM-iOS/MyRAM-iOS/MyRAM/Sync/Recovery/PendingSyncRecoveryJournal.swift /Users/runner/work/MyRAM-iOS/MyRAM-iOS/MyRAM-iOS/MyRAM/Sync/Recovery/SyncRecoveryStateBuilder.swift /Users/runner/work/MyRAM-iOS/MyRAM-iOS/MyRAM-iOS/MyRAM/Views/Editor/EditorTextPlacementResolver.swift /Users/runner/work/MyRAM-iOS/MyRAM-iOS/MyRAM-iOS/MyRAM/Views/NearbySyncView.swift /Users/runner/work/MyRAM-iOS/MyRAM-iOS/MyRAM-iOS/MyRAM/Views/SyncConflictViews.swift /Users/runner/work/MyRAM-iOS/MyRAM-iOS/MyRAM-iOS/MyRAM/iOS/Sync/Batch/IPhoneSyncBatchAccumulator.swift /Users/runner/work/MyRAM-iOS/MyRAM-iOS/MyRAM-iOS/MyRAM/iOS/Sync/Batch/IPhoneSyncBatchCaptureHook.swift /Users/runner/work/MyRAM-iOS/MyRAM-iOS/MyRAM-iOS/MyRAM/iOS/Sync/Batch/IPhoneSyncBatchApplier.swift /Users/runner/work/MyRAM-iOS/MyRAM-iOS/MyRAM-iOS/MyRAM/DebugDemoDataGenerator.swift /Users/runner/work/MyRAM-iOS/MyRAM-iOS/MyRAM-iOS/MyRAM/Views/Editor/EditorPasteFormatter.swift /Users/runner/work/MyRAM-iOS/MyRAM-iOS/MyRAM-iOS/MyRAM/Views/Editor/EditorTimingPolicy.swift /Users/runner/work/MyRAM-iOS/MyRAM-iOS/MyRAM-iOS/MyRAM/Views/SyncStatusIndicator.swift /Users/runner/work/MyRAM-iOS/MyRAM-iOS/MyRAM-iOS/MyRAM/Platform/MyRAMPlatform.swift /Users/runner/work/MyRAM-iOS/MyRAM-iOS/MyRAM-iOS/MyRAM/Views/Editor/EditorSelectionProfiling.swift /Users/runner/work/MyRAM-iOS/MyRAM-iOS/MyRAM-iOS/MyRAM/Views/Editor/EditorSearchHighlighting.swift /Users/runner/work/MyRAM-iOS/MyRAM-iOS/MyRAM-iOS/MyRAM/Views/Editor/EditorSearchMatchResolver.swift /Users/runner/work/MyRAM-iOS/MyRAM-iOS/MyRAM-iOS/MyRAM/Views/Editor/EditorSearchSession.swift /Users/runner/work/MyRAM-iOS/MyRAM-iOS/MyRAM-iOS/MyRAM/Views/Editor/EditorRichTextContentCodec.swift (in target 'MyRAM' from project 'MyRAM')

SwiftCompile normal arm64 /Users/runner/work/MyRAM-iOS/MyRAM-iOS/MyRAM-iOS/MyRAM/WidgetShared/MyRAMWidgetSnapshotStore.swift (in target 'MyRAM' from project 'MyRAM')
    cd /Users/runner/work/MyRAM-iOS/MyRAM-iOS/MyRAM-iOS
    

SwiftCompile normal arm64 /Users/runner/work/MyRAM-iOS/MyRAM-iOS/MyRAM-iOS/MyRAM/WidgetShared/MyRAMWidgetSnapshot.swift (in target 'MyRAM' from project 'MyRAM')
    cd /Users/runner/work/MyRAM-iOS/MyRAM-iOS/MyRAM-iOS
    

SwiftCompile normal arm64 /Users/runner/work/MyRAM-iOS/MyRAM-iOS/MyRAM-iOS/MyRAM/WidgetShared/MyRAMWidgetDeepLink.swift (in target 'MyRAM' from project 'MyRAM')
    cd /Users/runner/work/MyRAM-iOS/MyRAM-iOS/MyRAM-iOS
    

SwiftCompile normal arm64 /Users/runner/work/MyRAM-iOS/MyRAM-iOS/MyRAM-iOS/MyRAM/WidgetShared/MyRAMWidgetRuntimeConfiguration.swift (in target 'MyRAM' from project 'MyRAM')
    cd /Users/runner/work/MyRAM-iOS/MyRAM-iOS/MyRAM-iOS
    

SwiftCompile normal arm64 /Users/runner/work/MyRAM-iOS/MyRAM-iOS/MyRAM-iOS/MyRAM/WidgetShared/MyRAMWidgetSnapshotCodec.swift (in target 'MyRAM' from project 'MyRAM')
    cd /Users/runner/work/MyRAM-iOS/MyRAM-iOS/MyRAM-iOS
    

SwiftCompile normal arm64 /Users/runner/work/MyRAM-iOS/MyRAM-iOS/MyRAM-iOS/MyRAM/Sync/Recovery/PendingSyncRecoveryJournal.swift (in target 'MyRAM' from project 'MyRAM')
    cd /Users/runner/work/MyRAM-iOS/MyRAM-iOS/MyRAM-iOS
    

SwiftCompile normal arm64 /Users/runner/work/MyRAM-iOS/MyRAM-iOS/MyRAM-iOS/MyRAM/Sync/Recovery/SyncRecoveryStateBuilder.swift (in target 'MyRAM' from project 'MyRAM')
    cd /Users/runner/work/MyRAM-iOS/MyRAM-iOS/MyRAM-iOS
    

SwiftCompile normal arm64 /Users/runner/work/MyRAM-iOS/MyRAM-iOS/MyRAM-iOS/MyRAM/Views/Editor/EditorTextPlacementResolver.swift (in target 'MyRAM' from project 'MyRAM')
    cd /Users/runner/work/MyRAM-iOS/MyRAM-iOS/MyRAM-iOS
    

SwiftCompile normal arm64 /Users/runner/work/MyRAM-iOS/MyRAM-iOS/MyRAM-iOS/MyRAM/Views/NearbySyncView.swift (in target 'MyRAM' from project 'MyRAM')
    cd /Users/runner/work/MyRAM-iOS/MyRAM-iOS/MyRAM-iOS
    

SwiftCompile normal arm64 /Users/runner/work/MyRAM-iOS/MyRAM-iOS/MyRAM-iOS/MyRAM/Views/SyncConflictViews.swift (in target 'MyRAM' from project 'MyRAM')
    cd /Users/runner/work/MyRAM-iOS/MyRAM-iOS/MyRAM-iOS
    

SwiftCompile normal arm64 /Users/runner/work/MyRAM-iOS/MyRAM-iOS/MyRAM-iOS/MyRAM/iOS/Sync/Batch/IPhoneSyncBatchAccumulator.swift (in target 'MyRAM' from project 'MyRAM')
    cd /Users/runner/work/MyRAM-iOS/MyRAM-iOS/MyRAM-iOS
    

SwiftCompile normal arm64 /Users/runner/work/MyRAM-iOS/MyRAM-iOS/MyRAM-iOS/MyRAM/iOS/Sync/Batch/IPhoneSyncBatchCaptureHook.swift (in target 'MyRAM' from project 'MyRAM')
    cd /Users/runner/work/MyRAM-iOS/MyRAM-iOS/MyRAM-iOS
    

SwiftCompile normal arm64 /Users/runner/work/MyRAM-iOS/MyRAM-iOS/MyRAM-iOS/MyRAM/iOS/Sync/Batch/IPhoneSyncBatchApplier.swift (in target 'MyRAM' from project 'MyRAM')
    cd /Users/runner/work/MyRAM-iOS/MyRAM-iOS/MyRAM-iOS
    

SwiftCompile normal arm64 /Users/runner/work/MyRAM-iOS/MyRAM-iOS/MyRAM-iOS/MyRAM/DebugDemoDataGenerator.swift (in target 'MyRAM' from project 'MyRAM')
    cd /Users/runner/work/MyRAM-iOS/MyRAM-iOS/MyRAM-iOS
    

SwiftCompile normal arm64 /Users/runner/work/MyRAM-iOS/MyRAM-iOS/MyRAM-iOS/MyRAM/Views/Editor/EditorPasteFormatter.swift (in target 'MyRAM' from project 'MyRAM')
    cd /Users/runner/work/MyRAM-iOS/MyRAM-iOS/MyRAM-iOS
    

SwiftCompile normal arm64 /Users/runner/work/MyRAM-iOS/MyRAM-iOS/MyRAM-iOS/MyRAM/Views/Editor/EditorTimingPolicy.swift (in target 'MyRAM' from project 'MyRAM')
    cd /Users/runner/work/MyRAM-iOS/MyRAM-iOS/MyRAM-iOS
    

SwiftCompile normal arm64 /Users/runner/work/MyRAM-iOS/MyRAM-iOS/MyRAM-iOS/MyRAM/Views/SyncStatusIndicator.swift (in target 'MyRAM' from project 'MyRAM')
    cd /Users/runner/work/MyRAM-iOS/MyRAM-iOS/MyRAM-iOS
    

SwiftCompile normal arm64 /Users/runner/work/MyRAM-iOS/MyRAM-iOS/MyRAM-iOS/MyRAM/Platform/MyRAMPlatform.swift (in target 'MyRAM' from project 'MyRAM')
    cd /Users/runner/work/MyRAM-iOS/MyRAM-iOS/MyRAM-iOS
    

SwiftCompile normal arm64 /Users/runner/work/MyRAM-iOS/MyRAM-iOS/MyRAM-iOS/MyRAM/Views/Editor/EditorSelectionProfiling.swift (in target 'MyRAM' from project 'MyRAM')
    cd /Users/runner/work/MyRAM-iOS/MyRAM-iOS/MyRAM-iOS
    

SwiftCompile normal arm64 /Users/runner/work/MyRAM-iOS/MyRAM-iOS/MyRAM-iOS/MyRAM/Views/Editor/EditorSearchHighlighting.swift (in target 'MyRAM' from project 'MyRAM')
    cd /Users/runner/work/MyRAM-iOS/MyRAM-iOS/MyRAM-iOS
    

SwiftCompile normal arm64 /Users/runner/work/MyRAM-iOS/MyRAM-iOS/MyRAM-iOS/MyRAM/Views/Editor/EditorSearchMatchResolver.swift (in target 'MyRAM' from project 'MyRAM')
    cd /Users/runner/work/MyRAM-iOS/MyRAM-iOS/MyRAM-iOS
    

SwiftCompile normal arm64 /Users/runner/work/MyRAM-iOS/MyRAM-iOS/MyRAM-iOS/MyRAM/Views/Editor/EditorSearchSession.swift (in target 'MyRAM' from project 'MyRAM')
    cd /Users/runner/work/MyRAM-iOS/MyRAM-iOS/MyRAM-iOS
    

SwiftCompile normal arm64 /Users/runner/work/MyRAM-iOS/MyRAM-iOS/MyRAM-iOS/MyRAM/Views/Editor/EditorRichTextContentCodec.swift (in target 'MyRAM' from project 'MyRAM')
    cd /Users/runner/work/MyRAM-iOS/MyRAM-iOS/MyRAM-iOS
    

SwiftMergeGeneratedHeaders /tmp/MYR175-Clean-iOS-DD/Build/Intermediates.noindex/MyRAM.build/Debug-iphonesimulator/MyRAM.build/DerivedSources/MyRAM-Swift.h /tmp/MYR175-Clean-iOS-DD/Build/Intermediates.noindex/MyRAM.build/Debug-iphonesimulator/MyRAM.build/Objects-normal/arm64/MyRAM-Swift.h (in target 'MyRAM' from project 'MyRAM')
    cd /Users/runner/work/MyRAM-iOS/MyRAM-iOS/MyRAM-iOS
    builtin-swiftHeaderTool -arch arm64 /tmp/MYR175-Clean-iOS-DD/Build/Intermediates.noindex/MyRAM.build/Debug-iphonesimulator/MyRAM.build/Objects-normal/arm64/MyRAM-Swift.h -o /tmp/MYR175-Clean-iOS-DD/Build/Intermediates.noindex/MyRAM.build/Debug-iphonesimulator/MyRAM.build/DerivedSources/MyRAM-Swift.h

SwiftDriverJobDiscovery normal arm64 Compiling MyRAMWidgetSnapshotStore.swift, MyRAMWidgetSnapshot.swift, MyRAMWidgetDeepLink.swift, MyRAMWidgetRuntimeConfiguration.swift, MyRAMWidgetSnapshotCodec.swift, PendingSyncRecoveryJournal.swift, SyncRecoveryStateBuilder.swift, EditorTextPlacementResolver.swift, NearbySyncView.swift, SyncConflictViews.swift, IPhoneSyncBatchAccumulator.swift, IPhoneSyncBatchCaptureHook.swift, IPhoneSyncBatchApplier.swift, DebugDemoDataGenerator.swift, EditorPasteFormatter.swift, EditorTimingPolicy.swift, SyncStatusIndicator.swift, MyRAMPlatform.swift, EditorSelectionProfiling.swift, EditorSearchHighlighting.swift, EditorSearchMatchResolver.swift, EditorSearchSession.swift, EditorRichTextContentCodec.swift (in target 'MyRAM' from project 'MyRAM')

Copy /tmp/MYR175-Clean-iOS-DD/Build/Products/Debug-iphonesimulator/MyRAM.swiftmodule/arm64-apple-ios-simulator.swiftmodule /tmp/MYR175-Clean-iOS-DD/Build/Intermediates.noindex/MyRAM.build/Debug-iphonesimulator/MyRAM.build/Objects-normal/arm64/MyRAM.swiftmodule (in target 'MyRAM' from project 'MyRAM')
    cd /Users/runner/work/MyRAM-iOS/MyRAM-iOS/MyRAM-iOS
    builtin-copy -exclude .DS_Store -exclude CVS -exclude .svn -exclude .git -exclude .hg -resolve-src-symlinks -rename /tmp/MYR175-Clean-iOS-DD/Build/Intermediates.noindex/MyRAM.build/Debug-iphonesimulator/MyRAM.build/Objects-normal/arm64/MyRAM.swiftmodule /tmp/MYR175-Clean-iOS-DD/Build/Products/Debug-iphonesimulator/MyRAM.swiftmodule/arm64-apple-ios-simulator.swiftmodule

Copy /tmp/MYR175-Clean-iOS-DD/Build/Products/Debug-iphonesimulator/MyRAM.swiftmodule/arm64-apple-ios-simulator.swiftdoc /tmp/MYR175-Clean-iOS-DD/Build/Intermediates.noindex/MyRAM.build/Debug-iphonesimulator/MyRAM.build/Objects-normal/arm64/MyRAM.swiftdoc (in target 'MyRAM' from project 'MyRAM')
    cd /Users/runner/work/MyRAM-iOS/MyRAM-iOS/MyRAM-iOS
    builtin-copy -exclude .DS_Store -exclude CVS -exclude .svn -exclude .git -exclude .hg -resolve-src-symlinks -rename /tmp/MYR175-Clean-iOS-DD/Build/Intermediates.noindex/MyRAM.build/Debug-iphonesimulator/MyRAM.build/Objects-normal/arm64/MyRAM.swiftdoc /tmp/MYR175-Clean-iOS-DD/Build/Products/Debug-iphonesimulator/MyRAM.swiftmodule/arm64-apple-ios-simulator.swiftdoc

Copy /tmp/MYR175-Clean-iOS-DD/Build/Products/Debug-iphonesimulator/MyRAM.swiftmodule/arm64-apple-ios-simulator.abi.json /tmp/MYR175-Clean-iOS-DD/Build/Intermediates.noindex/MyRAM.build/Debug-iphonesimulator/MyRAM.build/Objects-normal/arm64/MyRAM.abi.json (in target 'MyRAM' from project 'MyRAM')
    cd /Users/runner/work/MyRAM-iOS/MyRAM-iOS/MyRAM-iOS
    builtin-copy -exclude .DS_Store -exclude CVS -exclude .svn -exclude .git -exclude .hg -resolve-src-symlinks -rename /tmp/MYR175-Clean-iOS-DD/Build/Intermediates.noindex/MyRAM.build/Debug-iphonesimulator/MyRAM.build/Objects-normal/arm64/MyRAM.abi.json /tmp/MYR175-Clean-iOS-DD/Build/Products/Debug-iphonesimulator/MyRAM.swiftmodule/arm64-apple-ios-simulator.abi.json

Copy /tmp/MYR175-Clean-iOS-DD/Build/Products/Debug-iphonesimulator/MyRAM.swiftmodule/Project/arm64-apple-ios-simulator.swiftsourceinfo /tmp/MYR175-Clean-iOS-DD/Build/Intermediates.noindex/MyRAM.build/Debug-iphonesimulator/MyRAM.build/Objects-normal/arm64/MyRAM.swiftsourceinfo (in target 'MyRAM' from project 'MyRAM')
    cd /Users/runner/work/MyRAM-iOS/MyRAM-iOS/MyRAM-iOS
    builtin-copy -exclude .DS_Store -exclude CVS -exclude .svn -exclude .git -exclude .hg -resolve-src-symlinks -rename /tmp/MYR175-Clean-iOS-DD/Build/Intermediates.noindex/MyRAM.build/Debug-iphonesimulator/MyRAM.build/Objects-normal/arm64/MyRAM.swiftsourceinfo /tmp/MYR175-Clean-iOS-DD/Build/Products/Debug-iphonesimulator/MyRAM.swiftmodule/Project/arm64-apple-ios-simulator.swiftsourceinfo

SwiftCompile normal arm64 Compiling\ EditorSelectionRangeResolver.swift,\ EditorFocusSelectionPolicy.swift,\ EditorFormattingCommandResolver.swift,\ EditorFormattingMutationApplier.swift,\ EditorFormattingStateResolver.swift,\ NoteIntelligence.swift,\ NoteEditorView.swift,\ EditorTextViewFactory.swift,\ EditorProfilingFixtures.swift,\ BareTextViewProfilingView.swift,\ EditorChecklistRendering.swift,\ EditorPolicies.swift,\ AppliedEditorMutation.swift,\ ActiveEditorApplicationPolicy.swift,\ ActiveEditorSyncUpdateHandler.swift,\ EditorSelectionMapper.swift,\ EditorRemoteApplyResult.swift,\ UIKitEditorSyncBridge.swift,\ MyRAMSyncController.swift,\ NotesListView.swift,\ PersistenceManager.swift,\ GeneratedAssetSymbols.swift /Users/runner/work/MyRAM-iOS/MyRAM-iOS/MyRAM-iOS/MyRAM/Views/Editor/EditorSelectionRangeResolver.swift /Users/runner/work/MyRAM-iOS/MyRAM-iOS/MyRAM-iOS/MyRAM/Views/Editor/EditorFocusSelectionPolicy.swift /Users/runner/work/MyRAM-iOS/MyRAM-iOS/MyRAM-iOS/MyRAM/Views/Editor/EditorFormattingCommandResolver.swift /Users/runner/work/MyRAM-iOS/MyRAM-iOS/MyRAM-iOS/MyRAM/Views/Editor/EditorFormattingMutationApplier.swift /Users/runner/work/MyRAM-iOS/MyRAM-iOS/MyRAM-iOS/MyRAM/Views/Editor/EditorFormattingStateResolver.swift /Users/runner/work/MyRAM-iOS/MyRAM-iOS/MyRAM-iOS/MyRAM/NoteIntelligence.swift /Users/runner/work/MyRAM-iOS/MyRAM-iOS/MyRAM-iOS/MyRAM/Views/NoteEditorView.swift /Users/runner/work/MyRAM-iOS/MyRAM-iOS/MyRAM-iOS/MyRAM/Views/Editor/EditorTextViewFactory.swift /Users/runner/work/MyRAM-iOS/MyRAM-iOS/MyRAM-iOS/MyRAM/Views/Editor/EditorProfilingFixtures.swift /Users/runner/work/MyRAM-iOS/MyRAM-iOS/MyRAM-iOS/MyRAM/Views/Editor/BareTextViewProfilingView.swift /Users/runner/work/MyRAM-iOS/MyRAM-iOS/MyRAM-iOS/MyRAM/Views/Editor/EditorChecklistRendering.swift /Users/runner/work/MyRAM-iOS/MyRAM-iOS/MyRAM-iOS/MyRAM/Views/Editor/EditorPolicies.swift /Users/runner/work/MyRAM-iOS/MyRAM-iOS/MyRAM-iOS/MyRAM/Sync/EditorApplication/AppliedEditorMutation.swift /Users/runner/work/MyRAM-iOS/MyRAM-iOS/MyRAM-iOS/MyRAM/Sync/EditorApplication/ActiveEditorApplicationPolicy.swift /Users/runner/work/MyRAM-iOS/MyRAM-iOS/MyRAM-iOS/MyRAM/Sync/EditorApplication/ActiveEditorSyncUpdateHandler.swift /Users/runner/work/MyRAM-iOS/MyRAM-iOS/MyRAM-iOS/MyRAM/Sync/EditorApplication/EditorSelectionMapper.swift /Users/runner/work/MyRAM-iOS/MyRAM-iOS/MyRAM-iOS/MyRAM/Sync/EditorApplication/EditorRemoteApplyResult.swift /Users/runner/work/MyRAM-iOS/MyRAM-iOS/MyRAM-iOS/MyRAM/Views/Editor/UIKitEditorSyncBridge.swift /Users/runner/work/MyRAM-iOS/MyRAM-iOS/MyRAM-iOS/MyRAM/Sync/MyRAMSyncController.swift /Users/runner/work/MyRAM-iOS/MyRAM-iOS/MyRAM-iOS/MyRAM/Views/NotesListView.swift /Users/runner/work/MyRAM-iOS/MyRAM-iOS/MyRAM-iOS/MyRAM/PersistenceManager.swift /tmp/MYR175-Clean-iOS-DD/Build/Intermediates.noindex/MyRAM.build/Debug-iphonesimulator/MyRAM.build/DerivedSources/GeneratedAssetSymbols.swift (in target 'MyRAM' from project 'MyRAM')
SwiftCompile normal arm64 /Users/runner/work/MyRAM-iOS/MyRAM-iOS/MyRAM-iOS/MyRAM/Views/Editor/EditorSelectionRangeResolver.swift (in target 'MyRAM' from project 'MyRAM')
    cd /Users/runner/work/MyRAM-iOS/MyRAM-iOS/MyRAM-iOS
    

SwiftCompile normal arm64 /Users/runner/work/MyRAM-iOS/MyRAM-iOS/MyRAM-iOS/MyRAM/Views/Editor/EditorFocusSelectionPolicy.swift (in target 'MyRAM' from project 'MyRAM')
    cd /Users/runner/work/MyRAM-iOS/MyRAM-iOS/MyRAM-iOS
    

SwiftCompile normal arm64 /Users/runner/work/MyRAM-iOS/MyRAM-iOS/MyRAM-iOS/MyRAM/Views/Editor/EditorFormattingCommandResolver.swift (in target 'MyRAM' from project 'MyRAM')
    cd /Users/runner/work/MyRAM-iOS/MyRAM-iOS/MyRAM-iOS
    

SwiftCompile normal arm64 /Users/runner/work/MyRAM-iOS/MyRAM-iOS/MyRAM-iOS/MyRAM/Views/Editor/EditorFormattingMutationApplier.swift (in target 'MyRAM' from project 'MyRAM')
    cd /Users/runner/work/MyRAM-iOS/MyRAM-iOS/MyRAM-iOS
    

SwiftCompile normal arm64 /Users/runner/work/MyRAM-iOS/MyRAM-iOS/MyRAM-iOS/MyRAM/Views/Editor/EditorFormattingStateResolver.swift (in target 'MyRAM' from project 'MyRAM')
    cd /Users/runner/work/MyRAM-iOS/MyRAM-iOS/MyRAM-iOS
    

SwiftCompile normal arm64 /Users/runner/work/MyRAM-iOS/MyRAM-iOS/MyRAM-iOS/MyRAM/NoteIntelligence.swift (in target 'MyRAM' from project 'MyRAM')
    cd /Users/runner/work/MyRAM-iOS/MyRAM-iOS/MyRAM-iOS
    

SwiftCompile normal arm64 /Users/runner/work/MyRAM-iOS/MyRAM-iOS/MyRAM-iOS/MyRAM/Views/NoteEditorView.swift (in target 'MyRAM' from project 'MyRAM')
    cd /Users/runner/work/MyRAM-iOS/MyRAM-iOS/MyRAM-iOS
    

SwiftCompile normal arm64 /Users/runner/work/MyRAM-iOS/MyRAM-iOS/MyRAM-iOS/MyRAM/Views/Editor/EditorTextViewFactory.swift (in target 'MyRAM' from project 'MyRAM')
    cd /Users/runner/work/MyRAM-iOS/MyRAM-iOS/MyRAM-iOS
    

SwiftCompile normal arm64 /Users/runner/work/MyRAM-iOS/MyRAM-iOS/MyRAM-iOS/MyRAM/Views/Editor/EditorProfilingFixtures.swift (in target 'MyRAM' from project 'MyRAM')
    cd /Users/runner/work/MyRAM-iOS/MyRAM-iOS/MyRAM-iOS
    

SwiftCompile normal arm64 /Users/runner/work/MyRAM-iOS/MyRAM-iOS/MyRAM-iOS/MyRAM/Views/Editor/BareTextViewProfilingView.swift (in target 'MyRAM' from project 'MyRAM')
    cd /Users/runner/work/MyRAM-iOS/MyRAM-iOS/MyRAM-iOS
    

SwiftCompile normal arm64 /Users/runner/work/MyRAM-iOS/MyRAM-iOS/MyRAM-iOS/MyRAM/Views/Editor/EditorChecklistRendering.swift (in target 'MyRAM' from project 'MyRAM')
    cd /Users/runner/work/MyRAM-iOS/MyRAM-iOS/MyRAM-iOS
    

SwiftCompile normal arm64 /Users/runner/work/MyRAM-iOS/MyRAM-iOS/MyRAM-iOS/MyRAM/Views/Editor/EditorPolicies.swift (in target 'MyRAM' from project 'MyRAM')
    cd /Users/runner/work/MyRAM-iOS/MyRAM-iOS/MyRAM-iOS
    

SwiftCompile normal arm64 /Users/runner/work/MyRAM-iOS/MyRAM-iOS/MyRAM-iOS/MyRAM/Sync/EditorApplication/AppliedEditorMutation.swift (in target 'MyRAM' from project 'MyRAM')
    cd /Users/runner/work/MyRAM-iOS/MyRAM-iOS/MyRAM-iOS
    

SwiftCompile normal arm64 /Users/runner/work/MyRAM-iOS/MyRAM-iOS/MyRAM-iOS/MyRAM/Sync/EditorApplication/ActiveEditorApplicationPolicy.swift (in target 'MyRAM' from project 'MyRAM')
    cd /Users/runner/work/MyRAM-iOS/MyRAM-iOS/MyRAM-iOS
    

SwiftCompile normal arm64 /Users/runner/work/MyRAM-iOS/MyRAM-iOS/MyRAM-iOS/MyRAM/Sync/EditorApplication/ActiveEditorSyncUpdateHandler.swift (in target 'MyRAM' from project 'MyRAM')
    cd /Users/runner/work/MyRAM-iOS/MyRAM-iOS/MyRAM-iOS
    

SwiftCompile normal arm64 /Users/runner/work/MyRAM-iOS/MyRAM-iOS/MyRAM-iOS/MyRAM/Sync/EditorApplication/EditorSelectionMapper.swift (in target 'MyRAM' from project 'MyRAM')
    cd /Users/runner/work/MyRAM-iOS/MyRAM-iOS/MyRAM-iOS
    

SwiftCompile normal arm64 /Users/runner/work/MyRAM-iOS/MyRAM-iOS/MyRAM-iOS/MyRAM/Sync/EditorApplication/EditorRemoteApplyResult.swift (in target 'MyRAM' from project 'MyRAM')
    cd /Users/runner/work/MyRAM-iOS/MyRAM-iOS/MyRAM-iOS
    

SwiftCompile normal arm64 /Users/runner/work/MyRAM-iOS/MyRAM-iOS/MyRAM-iOS/MyRAM/Views/Editor/UIKitEditorSyncBridge.swift (in target 'MyRAM' from project 'MyRAM')
    cd /Users/runner/work/MyRAM-iOS/MyRAM-iOS/MyRAM-iOS
    

SwiftCompile normal arm64 /Users/runner/work/MyRAM-iOS/MyRAM-iOS/MyRAM-iOS/MyRAM/Sync/MyRAMSyncController.swift (in target 'MyRAM' from project 'MyRAM')
    cd /Users/runner/work/MyRAM-iOS/MyRAM-iOS/MyRAM-iOS
    

SwiftCompile normal arm64 /Users/runner/work/MyRAM-iOS/MyRAM-iOS/MyRAM-iOS/MyRAM/Views/NotesListView.swift (in target 'MyRAM' from project 'MyRAM')
    cd /Users/runner/work/MyRAM-iOS/MyRAM-iOS/MyRAM-iOS
    

SwiftCompile normal arm64 /Users/runner/work/MyRAM-iOS/MyRAM-iOS/MyRAM-iOS/MyRAM/PersistenceManager.swift (in target 'MyRAM' from project 'MyRAM')
    cd /Users/runner/work/MyRAM-iOS/MyRAM-iOS/MyRAM-iOS
    

SwiftCompile normal arm64 /tmp/MYR175-Clean-iOS-DD/Build/Intermediates.noindex/MyRAM.build/Debug-iphonesimulator/MyRAM.build/DerivedSources/GeneratedAssetSymbols.swift (in target 'MyRAM' from project 'MyRAM')
    cd /Users/runner/work/MyRAM-iOS/MyRAM-iOS/MyRAM-iOS
    

SwiftDriverJobDiscovery normal arm64 Compiling SyncBatchPayload.swift, SyncBatchAnchoredPayloadAdapter.swift, SyncBatchAnchoredPayloadPolicy.swift, SyncBatchPeerCapability.swift, SyncBatchTransportAdmissionPlanner.swift, SyncBatchEnvelope.swift, MultipeerSyncMessageEnvelope.swift, SyncBatchSeenBatchStore.swift, SyncBatchUTF16Helpers.swift, SyncBatchNoteChangeCapture.swift, SyncConvergenceTypes.swift, SyncConvergenceModels.swift, SyncConvergencePlanningTypes.swift, SyncConvergenceRewriteSafetyPolicy.swift, ExplicitDeleteProvenanceTypes.swift, ExplicitDeleteProvenanceBuilder.swift, ExplicitDeleteProvenanceValidator.swift, SyncConvergencePlanner.swift, IncrementalEditIntegrationTypes.swift, RetainedOperationCausalGraph.swift, SwiftDataSyncConvergencePersistenceTransaction.swift, SyncConvergencePostCommitTypes.swift, SyncConvergencePostCommitGating.swift (in target 'MyRAM' from project 'MyRAM')

SwiftDriver MyRAMUITests normal arm64 com.apple.xcode.tools.swift.compiler (in target 'MyRAMUITests' from project 'MyRAM')
    cd /Users/runner/work/MyRAM-iOS/MyRAM-iOS/MyRAM-iOS
    builtin-SwiftDriver -- /Applications/Xcode_26.5.app/Contents/Developer/Toolchains/XcodeDefault.xctoolchain/usr/bin/swiftc -module-name MyRAMUITests -Onone @/tmp/MYR175-Clean-iOS-DD/Build/Intermediates.noindex/MyRAM.build/Debug-iphonesimulator/MyRAMUITests.build/Objects-normal/arm64/MyRAMUITests.SwiftFileList -DDEBUG -module-alias Testing\=_Testing_Unavailable -plugin-path /Applications/Xcode_26.5.app/Contents/Developer/Toolchains/XcodeDefault.xctoolchain/usr/lib/swift/host/plugins/testing -enable-bare-slash-regex -enable-experimental-feature DebugDescriptionMacro -sdk /Applications/Xcode_26.5.app/Contents/Developer/Platforms/iPhoneSimulator.platform/Developer/SDKs/iPhoneSimulator26.5.sdk -target arm64-apple-ios17.0-simulator -g -module-cache-path /tmp/MYR175-Clean-iOS-DD/ModuleCache.noindex -Xfrontend -serialize-debugging-options -enable-testing -index-store-path /tmp/MYR175-Clean-iOS-DD/Index.noindex/DataStore -Xcc -D_LIBCPP_HARDENING_MODE\=_LIBCPP_HARDENING_MODE_DEBUG -swift-version 5 -I /tmp/MYR175-Clean-iOS-DD/Build/Products/Debug-iphonesimulator -Isystem /Applications/Xcode_26.5.app/Contents/Developer/Platforms/iPhoneSimulator.platform/Developer/usr/lib -F /tmp/MYR175-Clean-iOS-DD/Build/Products/Debug-iphonesimulator -F /Applications/Xcode_26.5.app/Contents/Developer/Platforms/iPhoneSimulator.platform/Developer/Library/Frameworks -F /Applications/Xcode_26.5.app/Contents/Developer/Platforms/iPhoneSimulator.platform/Developer/SDKs/iPhoneSimulator26.5.sdk/Developer/Library/Frameworks -c -j3 -enable-batch-mode -incremental -Xcc -ivfsstatcache -Xcc /tmp/MYR175-Clean-iOS-DD/SDKStatCaches.noindex/iphonesimulator26.5-23F73-688ef53f1462e2c8f657fdc38a81448ffb7d586738ff35573a713a18216ade27.sdkstatcache -output-file-map /tmp/MYR175-Clean-iOS-DD/Build/Intermediates.noindex/MyRAM.build/Debug-iphonesimulator/MyRAMUITests.build/Objects-normal/arm64/MyRAMUITests-OutputFileMap.json -use-frontend-parseable-output -save-temps -no-color-diagnostics -explicit-module-build -module-cache-path /tmp/MYR175-Clean-iOS-DD/Build/Intermediates.noindex/SwiftExplicitPrecompiledModules -clang-scanner-module-cache-path /tmp/MYR175-Clean-iOS-DD/ModuleCache.noindex -sdk-module-cache-path /tmp/MYR175-Clean-iOS-DD/ModuleCache.noindex -serialize-diagnostics -emit-dependencies -emit-module -emit-module-path /tmp/MYR175-Clean-iOS-DD/Build/Intermediates.noindex/MyRAM.build/Debug-iphonesimulator/MyRAMUITests.build/Objects-normal/arm64/MyRAMUITests.swiftmodule -validate-clang-modules-once -clang-build-session-file /tmp/MYR175-Clean-iOS-DD/ModuleCache.noindex/Session.modulevalidation -Xcc -I/tmp/MYR175-Clean-iOS-DD/Build/Intermediates.noindex/MyRAM.build/Debug-iphonesimulator/MyRAMUITests.build/swift-overrides.hmap -emit-const-values -Xfrontend -const-gather-protocols-file -Xfrontend /tmp/MYR175-Clean-iOS-DD/Build/Intermediates.noindex/MyRAM.build/Debug-iphonesimulator/MyRAMUITests.build/Objects-normal/arm64/MyRAMUITests_const_extract_protocols.json -Xcc -iquote -Xcc /tmp/MYR175-Clean-iOS-DD/Build/Intermediates.noindex/MyRAM.build/Debug-iphonesimulator/MyRAMUITests.build/MyRAMUITests-generated-files.hmap -Xcc -I/tmp/MYR175-Clean-iOS-DD/Build/Intermediates.noindex/MyRAM.build/Debug-iphonesimulator/MyRAMUITests.build/MyRAMUITests-own-target-headers.hmap -Xcc -I/tmp/MYR175-Clean-iOS-DD/Build/Intermediates.noindex/MyRAM.build/Debug-iphonesimulator/MyRAMUITests.build/MyRAMUITests-all-non-framework-target-headers.hmap -Xcc -ivfsoverlay -Xcc /tmp/MYR175-Clean-iOS-DD/Build/Intermediates.noindex/MyRAM.build/Debug-iphonesimulator/MyRAM-98a9cbde253e8e955bc92731eb290203-VFS-iphonesimulator/all-product-headers.yaml -Xcc -iquote -Xcc /tmp/MYR175-Clean-iOS-DD/Build/Intermediates.noindex/MyRAM.build/Debug-iphonesimulator/MyRAMUITests.build/MyRAMUITests-project-headers.hmap -Xcc -I/tmp/MYR175-Clean-iOS-DD/Build/Products/Debug-iphonesimulator/include -Xcc -I/tmp/MYR175-Clean-iOS-DD/Build/Intermediates.noindex/MyRAM.build/Debug-iphonesimulator/MyRAMUITests.build/DerivedSources-normal/arm64 -Xcc -I/tmp/MYR175-Clean-iOS-DD/Build/Intermediates.noindex/MyRAM.build/Debug-iphonesimulator/MyRAMUITests.build/DerivedSources/arm64 -Xcc -I/tmp/MYR175-Clean-iOS-DD/Build/Intermediates.noindex/MyRAM.build/Debug-iphonesimulator/MyRAMUITests.build/DerivedSources -Xcc -DDEBUG\=1 -emit-objc-header -emit-objc-header-path /tmp/MYR175-Clean-iOS-DD/Build/Intermediates.noindex/MyRAM.build/Debug-iphonesimulator/MyRAMUITests.build/Objects-normal/arm64/MyRAMUITests-Swift.h -working-directory /Users/runner/work/MyRAM-iOS/MyRAM-iOS/MyRAM-iOS -experimental-emit-module-separately -disable-cmo

SwiftDriver MyRAMTests normal arm64 com.apple.xcode.tools.swift.compiler (in target 'MyRAMTests' from project 'MyRAM')
    cd /Users/runner/work/MyRAM-iOS/MyRAM-iOS/MyRAM-iOS
    builtin-SwiftDriver -- /Applications/Xcode_26.5.app/Contents/Developer/Toolchains/XcodeDefault.xctoolchain/usr/bin/swiftc -module-name MyRAMTests -Onone @/tmp/MYR175-Clean-iOS-DD/Build/Intermediates.noindex/MyRAM.build/Debug-iphonesimulator/MyRAMTests.build/Objects-normal/arm64/MyRAMTests.SwiftFileList -DDEBUG -plugin-path /Applications/Xcode_26.5.app/Contents/Developer/Toolchains/XcodeDefault.xctoolchain/usr/lib/swift/host/plugins/testing -enable-bare-slash-regex -enable-experimental-feature DebugDescriptionMacro -sdk /Applications/Xcode_26.5.app/Contents/Developer/Platforms/iPhoneSimulator.platform/Developer/SDKs/iPhoneSimulator26.5.sdk -target arm64-apple-ios17.0-simulator -g -module-cache-path /tmp/MYR175-Clean-iOS-DD/ModuleCache.noindex -Xfrontend -serialize-debugging-options -enable-testing -index-store-path /tmp/MYR175-Clean-iOS-DD/Index.noindex/DataStore -Xcc -D_LIBCPP_HARDENING_MODE\=_LIBCPP_HARDENING_MODE_DEBUG -swift-version 5 -I /tmp/MYR175-Clean-iOS-DD/Build/Products/Debug-iphonesimulator -Isystem /Applications/Xcode_26.5.app/Contents/Developer/Platforms/iPhoneSimulator.platform/Developer/usr/lib -F /tmp/MYR175-Clean-iOS-DD/Build/Products/Debug-iphonesimulator/PackageFrameworks -F /tmp/MYR175-Clean-iOS-DD/Build/Products/Debug-iphonesimulator/PackageFrameworks -F /tmp/MYR175-Clean-iOS-DD/Build/Products/Debug-iphonesimulator/PackageFrameworks -F /tmp/MYR175-Clean-iOS-DD/Build/Products/Debug-iphonesimulator -F /Applications/Xcode_26.5.app/Contents/Developer/Platforms/iPhoneSimulator.platform/Developer/Library/Frameworks -F /Applications/Xcode_26.5.app/Contents/Developer/Platforms/iPhoneSimulator.platform/Developer/SDKs/iPhoneSimulator26.5.sdk/Developer/Library/Frameworks -c -j3 -enable-batch-mode -incremental -Xcc -ivfsstatcache -Xcc /tmp/MYR175-Clean-iOS-DD/SDKStatCaches.noindex/iphonesimulator26.5-23F73-688ef53f1462e2c8f657fdc38a81448ffb7d586738ff35573a713a18216ade27.sdkstatcache -output-file-map /tmp/MYR175-Clean-iOS-DD/Build/Intermediates.noindex/MyRAM.build/Debug-iphonesimulator/MyRAMTests.build/Objects-normal/arm64/MyRAMTests-OutputFileMap.json -use-frontend-parseable-output -save-temps -no-color-diagnostics -explicit-module-build -module-cache-path /tmp/MYR175-Clean-iOS-DD/Build/Intermediates.noindex/SwiftExplicitPrecompiledModules -clang-scanner-module-cache-path /tmp/MYR175-Clean-iOS-DD/ModuleCache.noindex -sdk-module-cache-path /tmp/MYR175-Clean-iOS-DD/ModuleCache.noindex -serialize-diagnostics -emit-dependencies -emit-module -emit-module-path /tmp/MYR175-Clean-iOS-DD/Build/Intermediates.noindex/MyRAM.build/Debug-iphonesimulator/MyRAMTests.build/Objects-normal/arm64/MyRAMTests.swiftmodule -validate-clang-modules-once -clang-build-session-file /tmp/MYR175-Clean-iOS-DD/ModuleCache.noindex/Session.modulevalidation -Xcc -I/tmp/MYR175-Clean-iOS-DD/Build/Intermediates.noindex/MyRAM.build/Debug-iphonesimulator/MyRAMTests.build/swift-overrides.hmap -emit-const-values -Xfrontend -const-gather-protocols-file -Xfrontend /tmp/MYR175-Clean-iOS-DD/Build/Intermediates.noindex/MyRAM.build/Debug-iphonesimulator/MyRAMTests.build/Objects-normal/arm64/MyRAMTests_const_extract_protocols.json -Xcc -iquote -Xcc /tmp/MYR175-Clean-iOS-DD/Build/Intermediates.noindex/MyRAM.build/Debug-iphonesimulator/MyRAMTests.build/MyRAMTests-generated-files.hmap -Xcc -I/tmp/MYR175-Clean-iOS-DD/Build/Intermediates.noindex/MyRAM.build/Debug-iphonesimulator/MyRAMTests.build/MyRAMTests-own-target-headers.hmap -Xcc -I/tmp/MYR175-Clean-iOS-DD/Build/Intermediates.noindex/MyRAM.build/Debug-iphonesimulator/MyRAMTests.build/MyRAMTests-all-non-framework-target-headers.hmap -Xcc -ivfsoverlay -Xcc /tmp/MYR175-Clean-iOS-DD/Build/Intermediates.noindex/MyRAM.build/Debug-iphonesimulator/MyRAM-98a9cbde253e8e955bc92731eb290203-VFS-iphonesimulator/all-product-headers.yaml -Xcc -iquote -Xcc /tmp/MYR175-Clean-iOS-DD/Build/Intermediates.noindex/MyRAM.build/Debug-iphonesimulator/MyRAMTests.build/MyRAMTests-project-headers.hmap -Xcc -I/tmp/MYR175-Clean-iOS-DD/Build/Products/Debug-iphonesimulator/include -Xcc -I/tmp/MYR175-Clean-iOS-DD/Build/Intermediates.noindex/MyRAM.build/Debug-iphonesimulator/MyRAMTests.build/DerivedSources-normal/arm64 -Xcc -I/tmp/MYR175-Clean-iOS-DD/Build/Intermediates.noindex/MyRAM.build/Debug-iphonesimulator/MyRAMTests.build/DerivedSources/arm64 -Xcc -I/tmp/MYR175-Clean-iOS-DD/Build/Intermediates.noindex/MyRAM.build/Debug-iphonesimulator/MyRAMTests.build/DerivedSources -Xcc -DDEBUG\=1 -emit-objc-header -emit-objc-header-path /tmp/MYR175-Clean-iOS-DD/Build/Intermediates.noindex/MyRAM.build/Debug-iphonesimulator/MyRAMTests.build/Objects-normal/arm64/MyRAMTests-Swift.h -working-directory /Users/runner/work/MyRAM-iOS/MyRAM-iOS/MyRAM-iOS -experimental-emit-module-separately -disable-cmo

SwiftExplicitDependencyGeneratePcm arm64 /tmp/MYR175-Clean-iOS-DD/Build/Intermediates.noindex/SwiftExplicitPrecompiledModules/XCUIAutomation-95I2N1A7GFPN1MKHWH5YAJ52B.pcm

SwiftExplicitDependencyCompileModuleFromInterface arm64 /tmp/MYR175-Clean-iOS-DD/Build/Intermediates.noindex/SwiftExplicitPrecompiledModules/XCUIAutomation-UP7DV6SH4VQI.swiftmodule

SwiftExplicitDependencyGeneratePcm arm64 /tmp/MYR175-Clean-iOS-DD/Build/Intermediates.noindex/SwiftExplicitPrecompiledModules/XCTest-32K0LZ02LA3P5OT44K7QGSOWX.pcm

SwiftDriverJobDiscovery normal arm64 Compiling SwiftDataSyncConvergencePostCommitStore.swift, SyncConvergencePostCommitExecutor.swift, SyncConvergenceLocalObligation.swift, FileBackedSyncConvergenceLocalObligationQueue.swift, SyncConvergenceDrainPassScheduler.swift, SyncConvergenceRuntime.swift, SyncBatchUnsentQueue.swift, FileBackedSyncBatchQueue.swift, NotesViewModel.swift, MyRAMSyncModels.swift, MyRAMApp.swift, MyRAMSchema.swift, Note.swift, MyRAMSyncChangeApplier.swift, MyRAMLegacySyncChangeValidator.swift, MyRAMSyncConflictService.swift, SyncConflictStore.swift, Folder.swift, MyRAMDeviceIdentity.swift, MyRAMLegacySyncPayloadBuilder.swift, PendingSyncStatus.swift, PendingSyncRecoveryCoordinator.swift, MyRAMWidgetContentSelectionPolicy.swift (in target 'MyRAM' from project 'MyRAM')

SwiftExplicitDependencyCompileModuleFromInterface arm64 /tmp/MYR175-Clean-iOS-DD/Build/Intermediates.noindex/SwiftExplicitPrecompiledModules/XCTest-1HUAT5NQCBB4P.swiftmodule

SwiftEmitModule normal arm64 Emitting\ module\ for\ MyRAMUITests (in target 'MyRAMUITests' from project 'MyRAM')

EmitSwiftModule normal arm64 (in target 'MyRAMUITests' from project 'MyRAM')
    cd /Users/runner/work/MyRAM-iOS/MyRAM-iOS/MyRAM-iOS
    

SwiftEmitModule normal arm64 Emitting\ module\ for\ MyRAMTests (in target 'MyRAMTests' from project 'MyRAM')

EmitSwiftModule normal arm64 (in target 'MyRAMTests' from project 'MyRAM')
    cd /Users/runner/work/MyRAM-iOS/MyRAM-iOS/MyRAM-iOS
    

SwiftCompile normal arm64 Compiling\ MyRAMUITestsLaunchTests.swift /Users/runner/work/MyRAM-iOS/MyRAM-iOS/MyRAM-iOS/MyRAMUITests/MyRAMUITestsLaunchTests.swift (in target 'MyRAMUITests' from project 'MyRAM')

SwiftCompile normal arm64 /Users/runner/work/MyRAM-iOS/MyRAM-iOS/MyRAM-iOS/MyRAMUITests/MyRAMUITestsLaunchTests.swift (in target 'MyRAMUITests' from project 'MyRAM')
    cd /Users/runner/work/MyRAM-iOS/MyRAM-iOS/MyRAM-iOS
    

SwiftDriverJobDiscovery normal arm64 Emitting module for MyRAMUITests (in target 'MyRAMUITests' from project 'MyRAM')

SwiftDriver\ Compilation\ Requirements MyRAMUITests normal arm64 com.apple.xcode.tools.swift.compiler (in target 'MyRAMUITests' from project 'MyRAM')
    cd /Users/runner/work/MyRAM-iOS/MyRAM-iOS/MyRAM-iOS
    builtin-Swift-Compilation-Requirements -- /Applications/Xcode_26.5.app/Contents/Developer/Toolchains/XcodeDefault.xctoolchain/usr/bin/swiftc -module-name MyRAMUITests -Onone @/tmp/MYR175-Clean-iOS-DD/Build/Intermediates.noindex/MyRAM.build/Debug-iphonesimulator/MyRAMUITests.build/Objects-normal/arm64/MyRAMUITests.SwiftFileList -DDEBUG -module-alias Testing\=_Testing_Unavailable -plugin-path /Applications/Xcode_26.5.app/Contents/Developer/Toolchains/XcodeDefault.xctoolchain/usr/lib/swift/host/plugins/testing -enable-bare-slash-regex -enable-experimental-feature DebugDescriptionMacro -sdk /Applications/Xcode_26.5.app/Contents/Developer/Platforms/iPhoneSimulator.platform/Developer/SDKs/iPhoneSimulator26.5.sdk -target arm64-apple-ios17.0-simulator -g -module-cache-path /tmp/MYR175-Clean-iOS-DD/ModuleCache.noindex -Xfrontend -serialize-debugging-options -enable-testing -index-store-path /tmp/MYR175-Clean-iOS-DD/Index.noindex/DataStore -Xcc -D_LIBCPP_HARDENING_MODE\=_LIBCPP_HARDENING_MODE_DEBUG -swift-version 5 -I /tmp/MYR175-Clean-iOS-DD/Build/Products/Debug-iphonesimulator -Isystem /Applications/Xcode_26.5.app/Contents/Developer/Platforms/iPhoneSimulator.platform/Developer/usr/lib -F /tmp/MYR175-Clean-iOS-DD/Build/Products/Debug-iphonesimulator -F /Applications/Xcode_26.5.app/Contents/Developer/Platforms/iPhoneSimulator.platform/Developer/Library/Frameworks -F /Applications/Xcode_26.5.app/Contents/Developer/Platforms/iPhoneSimulator.platform/Developer/SDKs/iPhoneSimulator26.5.sdk/Developer/Library/Frameworks -c -j3 -enable-batch-mode -incremental -Xcc -ivfsstatcache -Xcc /tmp/MYR175-Clean-iOS-DD/SDKStatCaches.noindex/iphonesimulator26.5-23F73-688ef53f1462e2c8f657fdc38a81448ffb7d586738ff35573a713a18216ade27.sdkstatcache -output-file-map /tmp/MYR175-Clean-iOS-DD/Build/Intermediates.noindex/MyRAM.build/Debug-iphonesimulator/MyRAMUITests.build/Objects-normal/arm64/MyRAMUITests-OutputFileMap.json -use-frontend-parseable-output -save-temps -no-color-diagnostics -explicit-module-build -module-cache-path /tmp/MYR175-Clean-iOS-DD/Build/Intermediates.noindex/SwiftExplicitPrecompiledModules -clang-scanner-module-cache-path /tmp/MYR175-Clean-iOS-DD/ModuleCache.noindex -sdk-module-cache-path /tmp/MYR175-Clean-iOS-DD/ModuleCache.noindex -serialize-diagnostics -emit-dependencies -emit-module -emit-module-path /tmp/MYR175-Clean-iOS-DD/Build/Intermediates.noindex/MyRAM.build/Debug-iphonesimulator/MyRAMUITests.build/Objects-normal/arm64/MyRAMUITests.swiftmodule -validate-clang-modules-once -clang-build-session-file /tmp/MYR175-Clean-iOS-DD/ModuleCache.noindex/Session.modulevalidation -Xcc -I/tmp/MYR175-Clean-iOS-DD/Build/Intermediates.noindex/MyRAM.build/Debug-iphonesimulator/MyRAMUITests.build/swift-overrides.hmap -emit-const-values -Xfrontend -const-gather-protocols-file -Xfrontend /tmp/MYR175-Clean-iOS-DD/Build/Intermediates.noindex/MyRAM.build/Debug-iphonesimulator/MyRAMUITests.build/Objects-normal/arm64/MyRAMUITests_const_extract_protocols.json -Xcc -iquote -Xcc /tmp/MYR175-Clean-iOS-DD/Build/Intermediates.noindex/MyRAM.build/Debug-iphonesimulator/MyRAMUITests.build/MyRAMUITests-generated-files.hmap -Xcc -I/tmp/MYR175-Clean-iOS-DD/Build/Intermediates.noindex/MyRAM.build/Debug-iphonesimulator/MyRAMUITests.build/MyRAMUITests-own-target-headers.hmap -Xcc -I/tmp/MYR175-Clean-iOS-DD/Build/Intermediates.noindex/MyRAM.build/Debug-iphonesimulator/MyRAMUITests.build/MyRAMUITests-all-non-framework-target-headers.hmap -Xcc -ivfsoverlay -Xcc /tmp/MYR175-Clean-iOS-DD/Build/Intermediates.noindex/MyRAM.build/Debug-iphonesimulator/MyRAM-98a9cbde253e8e955bc92731eb290203-VFS-iphonesimulator/all-product-headers.yaml -Xcc -iquote -Xcc /tmp/MYR175-Clean-iOS-DD/Build/Intermediates.noindex/MyRAM.build/Debug-iphonesimulator/MyRAMUITests.build/MyRAMUITests-project-headers.hmap -Xcc -I/tmp/MYR175-Clean-iOS-DD/Build/Products/Debug-iphonesimulator/include -Xcc -I/tmp/MYR175-Clean-iOS-DD/Build/Intermediates.noindex/MyRAM.build/Debug-iphonesimulator/MyRAMUITests.build/DerivedSources-normal/arm64 -Xcc -I/tmp/MYR175-Clean-iOS-DD/Build/Intermediates.noindex/MyRAM.build/Debug-iphonesimulator/MyRAMUITests.build/DerivedSources/arm64 -Xcc -I/tmp/MYR175-Clean-iOS-DD/Build/Intermediates.noindex/MyRAM.build/Debug-iphonesimulator/MyRAMUITests.build/DerivedSources -Xcc -DDEBUG\=1 -emit-objc-header -emit-objc-header-path /tmp/MYR175-Clean-iOS-DD/Build/Intermediates.noindex/MyRAM.build/Debug-iphonesimulator/MyRAMUITests.build/Objects-normal/arm64/MyRAMUITests-Swift.h -working-directory /Users/runner/work/MyRAM-iOS/MyRAM-iOS/MyRAM-iOS -experimental-emit-module-separately -disable-cmo

SwiftDriverJobDiscovery normal arm64 Compiling MyRAMUITestsLaunchTests.swift (in target 'MyRAMUITests' from project 'MyRAM')

SwiftCompile normal arm64 Compiling\ MarkdownPreviewUITests.swift /Users/runner/work/MyRAM-iOS/MyRAM-iOS/MyRAM-iOS/MyRAMUITests/MarkdownPreviewUITests.swift (in target 'MyRAMUITests' from project 'MyRAM')

SwiftCompile normal arm64 /Users/runner/work/MyRAM-iOS/MyRAM-iOS/MyRAM-iOS/MyRAMUITests/MarkdownPreviewUITests.swift (in target 'MyRAMUITests' from project 'MyRAM')
    cd /Users/runner/work/MyRAM-iOS/MyRAM-iOS/MyRAM-iOS
    

SwiftMergeGeneratedHeaders /tmp/MYR175-Clean-iOS-DD/Build/Intermediates.noindex/MyRAM.build/Debug-iphonesimulator/MyRAMUITests.build/DerivedSources/MyRAMUITests-Swift.h /tmp/MYR175-Clean-iOS-DD/Build/Intermediates.noindex/MyRAM.build/Debug-iphonesimulator/MyRAMUITests.build/Objects-normal/arm64/MyRAMUITests-Swift.h (in target 'MyRAMUITests' from project 'MyRAM')
    cd /Users/runner/work/MyRAM-iOS/MyRAM-iOS/MyRAM-iOS
    builtin-swiftHeaderTool -arch arm64 /tmp/MYR175-Clean-iOS-DD/Build/Intermediates.noindex/MyRAM.build/Debug-iphonesimulator/MyRAMUITests.build/Objects-normal/arm64/MyRAMUITests-Swift.h -o /tmp/MYR175-Clean-iOS-DD/Build/Intermediates.noindex/MyRAM.build/Debug-iphonesimulator/MyRAMUITests.build/DerivedSources/MyRAMUITests-Swift.h

SwiftDriverJobDiscovery normal arm64 Compiling MarkdownPreviewUITests.swift (in target 'MyRAMUITests' from project 'MyRAM')

Copy /tmp/MYR175-Clean-iOS-DD/Build/Products/Debug-iphonesimulator/MyRAMUITests.swiftmodule/arm64-apple-ios-simulator.swiftmodule /tmp/MYR175-Clean-iOS-DD/Build/Intermediates.noindex/MyRAM.build/Debug-iphonesimulator/MyRAMUITests.build/Objects-normal/arm64/MyRAMUITests.swiftmodule (in target 'MyRAMUITests' from project 'MyRAM')
    cd /Users/runner/work/MyRAM-iOS/MyRAM-iOS/MyRAM-iOS
    builtin-copy -exclude .DS_Store -exclude CVS -exclude .svn -exclude .git -exclude .hg -resolve-src-symlinks -rename /tmp/MYR175-Clean-iOS-DD/Build/Intermediates.noindex/MyRAM.build/Debug-iphonesimulator/MyRAMUITests.build/Objects-normal/arm64/MyRAMUITests.swiftmodule /tmp/MYR175-Clean-iOS-DD/Build/Products/Debug-iphonesimulator/MyRAMUITests.swiftmodule/arm64-apple-ios-simulator.swiftmodule

Copy /tmp/MYR175-Clean-iOS-DD/Build/Products/Debug-iphonesimulator/MyRAMUITests.swiftmodule/arm64-apple-ios-simulator.swiftdoc /tmp/MYR175-Clean-iOS-DD/Build/Intermediates.noindex/MyRAM.build/Debug-iphonesimulator/MyRAMUITests.build/Objects-normal/arm64/MyRAMUITests.swiftdoc (in target 'MyRAMUITests' from project 'MyRAM')
    cd /Users/runner/work/MyRAM-iOS/MyRAM-iOS/MyRAM-iOS
    builtin-copy -exclude .DS_Store -exclude CVS -exclude .svn -exclude .git -exclude .hg -resolve-src-symlinks -rename /tmp/MYR175-Clean-iOS-DD/Build/Intermediates.noindex/MyRAM.build/Debug-iphonesimulator/MyRAMUITests.build/Objects-normal/arm64/MyRAMUITests.swiftdoc /tmp/MYR175-Clean-iOS-DD/Build/Products/Debug-iphonesimulator/MyRAMUITests.swiftmodule/arm64-apple-ios-simulator.swiftdoc

Copy /tmp/MYR175-Clean-iOS-DD/Build/Products/Debug-iphonesimulator/MyRAMUITests.swiftmodule/arm64-apple-ios-simulator.abi.json /tmp/MYR175-Clean-iOS-DD/Build/Intermediates.noindex/MyRAM.build/Debug-iphonesimulator/MyRAMUITests.build/Objects-normal/arm64/MyRAMUITests.abi.json (in target 'MyRAMUITests' from project 'MyRAM')
    cd /Users/runner/work/MyRAM-iOS/MyRAM-iOS/MyRAM-iOS
    builtin-copy -exclude .DS_Store -exclude CVS -exclude .svn -exclude .git -exclude .hg -resolve-src-symlinks -rename /tmp/MYR175-Clean-iOS-DD/Build/Intermediates.noindex/MyRAM.build/Debug-iphonesimulator/MyRAMUITests.build/Objects-normal/arm64/MyRAMUITests.abi.json /tmp/MYR175-Clean-iOS-DD/Build/Products/Debug-iphonesimulator/MyRAMUITests.swiftmodule/arm64-apple-ios-simulator.abi.json

Copy /tmp/MYR175-Clean-iOS-DD/Build/Products/Debug-iphonesimulator/MyRAMUITests.swiftmodule/Project/arm64-apple-ios-simulator.swiftsourceinfo /tmp/MYR175-Clean-iOS-DD/Build/Intermediates.noindex/MyRAM.build/Debug-iphonesimulator/MyRAMUITests.build/Objects-normal/arm64/MyRAMUITests.swiftsourceinfo (in target 'MyRAMUITests' from project 'MyRAM')
    cd /Users/runner/work/MyRAM-iOS/MyRAM-iOS/MyRAM-iOS
    builtin-copy -exclude .DS_Store -exclude CVS -exclude .svn -exclude .git -exclude .hg -resolve-src-symlinks -rename /tmp/MYR175-Clean-iOS-DD/Build/Intermediates.noindex/MyRAM.build/Debug-iphonesimulator/MyRAMUITests.build/Objects-normal/arm64/MyRAMUITests.swiftsourceinfo /tmp/MYR175-Clean-iOS-DD/Build/Products/Debug-iphonesimulator/MyRAMUITests.swiftmodule/Project/arm64-apple-ios-simulator.swiftsourceinfo

SwiftCompile normal arm64 Compiling\ MyRAMUITests.swift /Users/runner/work/MyRAM-iOS/MyRAM-iOS/MyRAM-iOS/MyRAMUITests/MyRAMUITests.swift (in target 'MyRAMUITests' from project 'MyRAM')

SwiftCompile normal arm64 /Users/runner/work/MyRAM-iOS/MyRAM-iOS/MyRAM-iOS/MyRAMUITests/MyRAMUITests.swift (in target 'MyRAMUITests' from project 'MyRAM')
    cd /Users/runner/work/MyRAM-iOS/MyRAM-iOS/MyRAM-iOS
    

SwiftDriverJobDiscovery normal arm64 Compiling MyRAMUITests.swift (in target 'MyRAMUITests' from project 'MyRAM')

SwiftCompile normal arm64 Compiling\ MyRAMWidgetHostTests.swift,\ MarkdownFileIOTests.swift,\ MarkdownFileOperationBoundaryTests.swift,\ MarkdownImportIntegrationTests.swift,\ MarkdownPreviewParserTests.swift,\ MarkdownPreviewIntegrationTests.swift,\ MarkdownPreviewUIKitHarnessTests.swift,\ SwiftDataNoteSequenceStateStoreTests.swift,\ NoteSequenceStateFullBodyIntegrationTests.swift,\ NoteSequenceStateBootstrapMigratorTests.swift,\ MYR170FullBodyPathIntegrationTests.swift,\ MyRAMSyncOperationIDAllocatorTests.swift,\ SyncBatchPayloadCompatibilityTests.swift,\ SyncBatchAnchoredPayloadTests.swift /Users/runner/work/MyRAM-iOS/MyRAM-iOS/MyRAM-iOS/MyRAMTests/MyRAMWidgetHostTests.swift /Users/runner/work/MyRAM-iOS/MyRAM-iOS/MyRAM-iOS/MyRAMTests/MarkdownFileIOTests.swift /Users/runner/work/MyRAM-iOS/MyRAM-iOS/MyRAM-iOS/MyRAMTests/MarkdownFileOperationBoundaryTests.swift /Users/runner/work/MyRAM-iOS/MyRAM-iOS/MyRAM-iOS/MyRAMTests/MarkdownImportIntegrationTests.swift /Users/runner/work/MyRAM-iOS/MyRAM-iOS/MyRAM-iOS/MyRAMTests/MarkdownPreviewParserTests.swift /Users/runner/work/MyRAM-iOS/MyRAM-iOS/MyRAM-iOS/MyRAMTests/MarkdownPreviewIntegrationTests.swift /Users/runner/work/MyRAM-iOS/MyRAM-iOS/MyRAM-iOS/MyRAMTests/MarkdownPreviewUIKitHarnessTests.swift /Users/runner/work/MyRAM-iOS/MyRAM-iOS/MyRAM-iOS/MyRAMTests/SwiftDataNoteSequenceStateStoreTests.swift /Users/runner/work/MyRAM-iOS/MyRAM-iOS/MyRAM-iOS/MyRAMTests/NoteSequenceStateFullBodyIntegrationTests.swift /Users/runner/work/MyRAM-iOS/MyRAM-iOS/MyRAM-iOS/MyRAMTests/NoteSequenceStateBootstrapMigratorTests.swift /Users/runner/work/MyRAM-iOS/MyRAM-iOS/MyRAM-iOS/MyRAMTests/MYR170FullBodyPathIntegrationTests.swift /Users/runner/work/MyRAM-iOS/MyRAM-iOS/MyRAM-iOS/MyRAMTests/MyRAMSyncOperationIDAllocatorTests.swift /Users/runner/work/MyRAM-iOS/MyRAM-iOS/MyRAM-iOS/MyRAMTests/SyncBatchPayloadCompatibilityTests.swift /Users/runner/work/MyRAM-iOS/MyRAM-iOS/MyRAM-iOS/MyRAMTests/SyncBatchAnchoredPayloadTests.swift (in target 'MyRAMTests' from project 'MyRAM')

SwiftCompile normal arm64 /Users/runner/work/MyRAM-iOS/MyRAM-iOS/MyRAM-iOS/MyRAMTests/MyRAMWidgetHostTests.swift (in target 'MyRAMTests' from project 'MyRAM')
    cd /Users/runner/work/MyRAM-iOS/MyRAM-iOS/MyRAM-iOS
    

SwiftCompile normal arm64 /Users/runner/work/MyRAM-iOS/MyRAM-iOS/MyRAM-iOS/MyRAMTests/MarkdownFileIOTests.swift (in target 'MyRAMTests' from project 'MyRAM')
    cd /Users/runner/work/MyRAM-iOS/MyRAM-iOS/MyRAM-iOS
    

SwiftCompile normal arm64 /Users/runner/work/MyRAM-iOS/MyRAM-iOS/MyRAM-iOS/MyRAMTests/MarkdownFileOperationBoundaryTests.swift (in target 'MyRAMTests' from project 'MyRAM')
    cd /Users/runner/work/MyRAM-iOS/MyRAM-iOS/MyRAM-iOS
    

SwiftCompile normal arm64 /Users/runner/work/MyRAM-iOS/MyRAM-iOS/MyRAM-iOS/MyRAMTests/MarkdownImportIntegrationTests.swift (in target 'MyRAMTests' from project 'MyRAM')
    cd /Users/runner/work/MyRAM-iOS/MyRAM-iOS/MyRAM-iOS
    

SwiftCompile normal arm64 /Users/runner/work/MyRAM-iOS/MyRAM-iOS/MyRAM-iOS/MyRAMTests/MarkdownPreviewParserTests.swift (in target 'MyRAMTests' from project 'MyRAM')
    cd /Users/runner/work/MyRAM-iOS/MyRAM-iOS/MyRAM-iOS
    

SwiftCompile normal arm64 /Users/runner/work/MyRAM-iOS/MyRAM-iOS/MyRAM-iOS/MyRAMTests/MarkdownPreviewIntegrationTests.swift (in target 'MyRAMTests' from project 'MyRAM')
    cd /Users/runner/work/MyRAM-iOS/MyRAM-iOS/MyRAM-iOS
    

SwiftCompile normal arm64 /Users/runner/work/MyRAM-iOS/MyRAM-iOS/MyRAM-iOS/MyRAMTests/MarkdownPreviewUIKitHarnessTests.swift (in target 'MyRAMTests' from project 'MyRAM')
    cd /Users/runner/work/MyRAM-iOS/MyRAM-iOS/MyRAM-iOS
    

SwiftCompile normal arm64 /Users/runner/work/MyRAM-iOS/MyRAM-iOS/MyRAM-iOS/MyRAMTests/SwiftDataNoteSequenceStateStoreTests.swift (in target 'MyRAMTests' from project 'MyRAM')
    cd /Users/runner/work/MyRAM-iOS/MyRAM-iOS/MyRAM-iOS
    

SwiftCompile normal arm64 /Users/runner/work/MyRAM-iOS/MyRAM-iOS/MyRAM-iOS/MyRAMTests/NoteSequenceStateFullBodyIntegrationTests.swift (in target 'MyRAMTests' from project 'MyRAM')
    cd /Users/runner/work/MyRAM-iOS/MyRAM-iOS/MyRAM-iOS
    

SwiftCompile normal arm64 /Users/runner/work/MyRAM-iOS/MyRAM-iOS/MyRAM-iOS/MyRAMTests/NoteSequenceStateBootstrapMigratorTests.swift (in target 'MyRAMTests' from project 'MyRAM')
    cd /Users/runner/work/MyRAM-iOS/MyRAM-iOS/MyRAM-iOS
    

SwiftCompile normal arm64 /Users/runner/work/MyRAM-iOS/MyRAM-iOS/MyRAM-iOS/MyRAMTests/MYR170FullBodyPathIntegrationTests.swift (in target 'MyRAMTests' from project 'MyRAM')
    cd /Users/runner/work/MyRAM-iOS/MyRAM-iOS/MyRAM-iOS
    

SwiftCompile normal arm64 /Users/runner/work/MyRAM-iOS/MyRAM-iOS/MyRAM-iOS/MyRAMTests/MyRAMSyncOperationIDAllocatorTests.swift (in target 'MyRAMTests' from project 'MyRAM')
    cd /Users/runner/work/MyRAM-iOS/MyRAM-iOS/MyRAM-iOS
    

SwiftCompile normal arm64 /Users/runner/work/MyRAM-iOS/MyRAM-iOS/MyRAM-iOS/MyRAMTests/SyncBatchPayloadCompatibilityTests.swift (in target 'MyRAMTests' from project 'MyRAM')
    cd /Users/runner/work/MyRAM-iOS/MyRAM-iOS/MyRAM-iOS
    

SwiftCompile normal arm64 /Users/runner/work/MyRAM-iOS/MyRAM-iOS/MyRAM-iOS/MyRAMTests/SyncBatchAnchoredPayloadTests.swift (in target 'MyRAMTests' from project 'MyRAM')
    cd /Users/runner/work/MyRAM-iOS/MyRAM-iOS/MyRAM-iOS
    

SwiftDriver\ Compilation MyRAMUITests normal arm64 com.apple.xcode.tools.swift.compiler (in target 'MyRAMUITests' from project 'MyRAM')
    cd /Users/runner/work/MyRAM-iOS/MyRAM-iOS/MyRAM-iOS
    builtin-Swift-Compilation -- /Applications/Xcode_26.5.app/Contents/Developer/Toolchains/XcodeDefault.xctoolchain/usr/bin/swiftc -module-name MyRAMUITests -Onone @/tmp/MYR175-Clean-iOS-DD/Build/Intermediates.noindex/MyRAM.build/Debug-iphonesimulator/MyRAMUITests.build/Objects-normal/arm64/MyRAMUITests.SwiftFileList -DDEBUG -module-alias Testing\=_Testing_Unavailable -plugin-path /Applications/Xcode_26.5.app/Contents/Developer/Toolchains/XcodeDefault.xctoolchain/usr/lib/swift/host/plugins/testing -enable-bare-slash-regex -enable-experimental-feature DebugDescriptionMacro -sdk /Applications/Xcode_26.5.app/Contents/Developer/Platforms/iPhoneSimulator.platform/Developer/SDKs/iPhoneSimulator26.5.sdk -target arm64-apple-ios17.0-simulator -g -module-cache-path /tmp/MYR175-Clean-iOS-DD/ModuleCache.noindex -Xfrontend -serialize-debugging-options -enable-testing -index-store-path /tmp/MYR175-Clean-iOS-DD/Index.noindex/DataStore -Xcc -D_LIBCPP_HARDENING_MODE\=_LIBCPP_HARDENING_MODE_DEBUG -swift-version 5 -I /tmp/MYR175-Clean-iOS-DD/Build/Products/Debug-iphonesimulator -Isystem /Applications/Xcode_26.5.app/Contents/Developer/Platforms/iPhoneSimulator.platform/Developer/usr/lib -F /tmp/MYR175-Clean-iOS-DD/Build/Products/Debug-iphonesimulator -F /Applications/Xcode_26.5.app/Contents/Developer/Platforms/iPhoneSimulator.platform/Developer/Library/Frameworks -F /Applications/Xcode_26.5.app/Contents/Developer/Platforms/iPhoneSimulator.platform/Developer/SDKs/iPhoneSimulator26.5.sdk/Developer/Library/Frameworks -c -j3 -enable-batch-mode -incremental -Xcc -ivfsstatcache -Xcc /tmp/MYR175-Clean-iOS-DD/SDKStatCaches.noindex/iphonesimulator26.5-23F73-688ef53f1462e2c8f657fdc38a81448ffb7d586738ff35573a713a18216ade27.sdkstatcache -output-file-map /tmp/MYR175-Clean-iOS-DD/Build/Intermediates.noindex/MyRAM.build/Debug-iphonesimulator/MyRAMUITests.build/Objects-normal/arm64/MyRAMUITests-OutputFileMap.json -use-frontend-parseable-output -save-temps -no-color-diagnostics -explicit-module-build -module-cache-path /tmp/MYR175-Clean-iOS-DD/Build/Intermediates.noindex/SwiftExplicitPrecompiledModules -clang-scanner-module-cache-path /tmp/MYR175-Clean-iOS-DD/ModuleCache.noindex -sdk-module-cache-path /tmp/MYR175-Clean-iOS-DD/ModuleCache.noindex -serialize-diagnostics -emit-dependencies -emit-module -emit-module-path /tmp/MYR175-Clean-iOS-DD/Build/Intermediates.noindex/MyRAM.build/Debug-iphonesimulator/MyRAMUITests.build/Objects-normal/arm64/MyRAMUITests.swiftmodule -validate-clang-modules-once -clang-build-session-file /tmp/MYR175-Clean-iOS-DD/ModuleCache.noindex/Session.modulevalidation -Xcc -I/tmp/MYR175-Clean-iOS-DD/Build/Intermediates.noindex/MyRAM.build/Debug-iphonesimulator/MyRAMUITests.build/swift-overrides.hmap -emit-const-values -Xfrontend -const-gather-protocols-file -Xfrontend /tmp/MYR175-Clean-iOS-DD/Build/Intermediates.noindex/MyRAM.build/Debug-iphonesimulator/MyRAMUITests.build/Objects-normal/arm64/MyRAMUITests_const_extract_protocols.json -Xcc -iquote -Xcc /tmp/MYR175-Clean-iOS-DD/Build/Intermediates.noindex/MyRAM.build/Debug-iphonesimulator/MyRAMUITests.build/MyRAMUITests-generated-files.hmap -Xcc -I/tmp/MYR175-Clean-iOS-DD/Build/Intermediates.noindex/MyRAM.build/Debug-iphonesimulator/MyRAMUITests.build/MyRAMUITests-own-target-headers.hmap -Xcc -I/tmp/MYR175-Clean-iOS-DD/Build/Intermediates.noindex/MyRAM.build/Debug-iphonesimulator/MyRAMUITests.build/MyRAMUITests-all-non-framework-target-headers.hmap -Xcc -ivfsoverlay -Xcc /tmp/MYR175-Clean-iOS-DD/Build/Intermediates.noindex/MyRAM.build/Debug-iphonesimulator/MyRAM-98a9cbde253e8e955bc92731eb290203-VFS-iphonesimulator/all-product-headers.yaml -Xcc -iquote -Xcc /tmp/MYR175-Clean-iOS-DD/Build/Intermediates.noindex/MyRAM.build/Debug-iphonesimulator/MyRAMUITests.build/MyRAMUITests-project-headers.hmap -Xcc -I/tmp/MYR175-Clean-iOS-DD/Build/Products/Debug-iphonesimulator/include -Xcc -I/tmp/MYR175-Clean-iOS-DD/Build/Intermediates.noindex/MyRAM.build/Debug-iphonesimulator/MyRAMUITests.build/DerivedSources-normal/arm64 -Xcc -I/tmp/MYR175-Clean-iOS-DD/Build/Intermediates.noindex/MyRAM.build/Debug-iphonesimulator/MyRAMUITests.build/DerivedSources/arm64 -Xcc -I/tmp/MYR175-Clean-iOS-DD/Build/Intermediates.noindex/MyRAM.build/Debug-iphonesimulator/MyRAMUITests.build/DerivedSources -Xcc -DDEBUG\=1 -emit-objc-header -emit-objc-header-path /tmp/MYR175-Clean-iOS-DD/Build/Intermediates.noindex/MyRAM.build/Debug-iphonesimulator/MyRAMUITests.build/Objects-normal/arm64/MyRAMUITests-Swift.h -working-directory /Users/runner/work/MyRAM-iOS/MyRAM-iOS/MyRAM-iOS -experimental-emit-module-separately -disable-cmo

SwiftDriverJobDiscovery normal arm64 Emitting module for MyRAMTests (in target 'MyRAMTests' from project 'MyRAM')

SwiftDriver\ Compilation\ Requirements MyRAMTests normal arm64 com.apple.xcode.tools.swift.compiler (in target 'MyRAMTests' from project 'MyRAM')
    cd /Users/runner/work/MyRAM-iOS/MyRAM-iOS/MyRAM-iOS
    builtin-Swift-Compilation-Requirements -- /Applications/Xcode_26.5.app/Contents/Developer/Toolchains/XcodeDefault.xctoolchain/usr/bin/swiftc -module-name MyRAMTests -Onone @/tmp/MYR175-Clean-iOS-DD/Build/Intermediates.noindex/MyRAM.build/Debug-iphonesimulator/MyRAMTests.build/Objects-normal/arm64/MyRAMTests.SwiftFileList -DDEBUG -plugin-path /Applications/Xcode_26.5.app/Contents/Developer/Toolchains/XcodeDefault.xctoolchain/usr/lib/swift/host/plugins/testing -enable-bare-slash-regex -enable-experimental-feature DebugDescriptionMacro -sdk /Applications/Xcode_26.5.app/Contents/Developer/Platforms/iPhoneSimulator.platform/Developer/SDKs/iPhoneSimulator26.5.sdk -target arm64-apple-ios17.0-simulator -g -module-cache-path /tmp/MYR175-Clean-iOS-DD/ModuleCache.noindex -Xfrontend -serialize-debugging-options -enable-testing -index-store-path /tmp/MYR175-Clean-iOS-DD/Index.noindex/DataStore -Xcc -D_LIBCPP_HARDENING_MODE\=_LIBCPP_HARDENING_MODE_DEBUG -swift-version 5 -I /tmp/MYR175-Clean-iOS-DD/Build/Products/Debug-iphonesimulator -Isystem /Applications/Xcode_26.5.app/Contents/Developer/Platforms/iPhoneSimulator.platform/Developer/usr/lib -F /tmp/MYR175-Clean-iOS-DD/Build/Products/Debug-iphonesimulator/PackageFrameworks -F /tmp/MYR175-Clean-iOS-DD/Build/Products/Debug-iphonesimulator/PackageFrameworks -F /tmp/MYR175-Clean-iOS-DD/Build/Products/Debug-iphonesimulator/PackageFrameworks -F /tmp/MYR175-Clean-iOS-DD/Build/Products/Debug-iphonesimulator -F /Applications/Xcode_26.5.app/Contents/Developer/Platforms/iPhoneSimulator.platform/Developer/Library/Frameworks -F /Applications/Xcode_26.5.app/Contents/Developer/Platforms/iPhoneSimulator.platform/Developer/SDKs/iPhoneSimulator26.5.sdk/Developer/Library/Frameworks -c -j3 -enable-batch-mode -incremental -Xcc -ivfsstatcache -Xcc /tmp/MYR175-Clean-iOS-DD/SDKStatCaches.noindex/iphonesimulator26.5-23F73-688ef53f1462e2c8f657fdc38a81448ffb7d586738ff35573a713a18216ade27.sdkstatcache -output-file-map /tmp/MYR175-Clean-iOS-DD/Build/Intermediates.noindex/MyRAM.build/Debug-iphonesimulator/MyRAMTests.build/Objects-normal/arm64/MyRAMTests-OutputFileMap.json -use-frontend-parseable-output -save-temps -no-color-diagnostics -explicit-module-build -module-cache-path /tmp/MYR175-Clean-iOS-DD/Build/Intermediates.noindex/SwiftExplicitPrecompiledModules -clang-scanner-module-cache-path /tmp/MYR175-Clean-iOS-DD/ModuleCache.noindex -sdk-module-cache-path /tmp/MYR175-Clean-iOS-DD/ModuleCache.noindex -serialize-diagnostics -emit-dependencies -emit-module -emit-module-path /tmp/MYR175-Clean-iOS-DD/Build/Intermediates.noindex/MyRAM.build/Debug-iphonesimulator/MyRAMTests.build/Objects-normal/arm64/MyRAMTests.swiftmodule -validate-clang-modules-once -clang-build-session-file /tmp/MYR175-Clean-iOS-DD/ModuleCache.noindex/Session.modulevalidation -Xcc -I/tmp/MYR175-Clean-iOS-DD/Build/Intermediates.noindex/MyRAM.build/Debug-iphonesimulator/MyRAMTests.build/swift-overrides.hmap -emit-const-values -Xfrontend -const-gather-protocols-file -Xfrontend /tmp/MYR175-Clean-iOS-DD/Build/Intermediates.noindex/MyRAM.build/Debug-iphonesimulator/MyRAMTests.build/Objects-normal/arm64/MyRAMTests_const_extract_protocols.json -Xcc -iquote -Xcc /tmp/MYR175-Clean-iOS-DD/Build/Intermediates.noindex/MyRAM.build/Debug-iphonesimulator/MyRAMTests.build/MyRAMTests-generated-files.hmap -Xcc -I/tmp/MYR175-Clean-iOS-DD/Build/Intermediates.noindex/MyRAM.build/Debug-iphonesimulator/MyRAMTests.build/MyRAMTests-own-target-headers.hmap -Xcc -I/tmp/MYR175-Clean-iOS-DD/Build/Intermediates.noindex/MyRAM.build/Debug-iphonesimulator/MyRAMTests.build/MyRAMTests-all-non-framework-target-headers.hmap -Xcc -ivfsoverlay -Xcc /tmp/MYR175-Clean-iOS-DD/Build/Intermediates.noindex/MyRAM.build/Debug-iphonesimulator/MyRAM-98a9cbde253e8e955bc92731eb290203-VFS-iphonesimulator/all-product-headers.yaml -Xcc -iquote -Xcc /tmp/MYR175-Clean-iOS-DD/Build/Intermediates.noindex/MyRAM.build/Debug-iphonesimulator/MyRAMTests.build/MyRAMTests-project-headers.hmap -Xcc -I/tmp/MYR175-Clean-iOS-DD/Build/Products/Debug-iphonesimulator/include -Xcc -I/tmp/MYR175-Clean-iOS-DD/Build/Intermediates.noindex/MyRAM.build/Debug-iphonesimulator/MyRAMTests.build/DerivedSources-normal/arm64 -Xcc -I/tmp/MYR175-Clean-iOS-DD/Build/Intermediates.noindex/MyRAM.build/Debug-iphonesimulator/MyRAMTests.build/DerivedSources/arm64 -Xcc -I/tmp/MYR175-Clean-iOS-DD/Build/Intermediates.noindex/MyRAM.build/Debug-iphonesimulator/MyRAMTests.build/DerivedSources -Xcc -DDEBUG\=1 -emit-objc-header -emit-objc-header-path /tmp/MYR175-Clean-iOS-DD/Build/Intermediates.noindex/MyRAM.build/Debug-iphonesimulator/MyRAMTests.build/Objects-normal/arm64/MyRAMTests-Swift.h -working-directory /Users/runner/work/MyRAM-iOS/MyRAM-iOS/MyRAM-iOS -experimental-emit-module-separately -disable-cmo

SwiftCompile normal arm64 Compiling\ MyRAMSyncControllerTests.swift,\ SyncBatchUnsentQueueTests.swift,\ IPhoneSyncBatchAccumulatorTests.swift,\ IPhoneSyncBatchApplierTests.swift,\ ActiveEditorApplicationPolicyTests.swift,\ ActiveEditorSyncUpdateHandlerTests.swift,\ EditorSelectionMapperTests.swift,\ UIKitEditorSyncBridgeTests.swift,\ EditorFormattingMutationApplierTests.swift,\ EditorFocusSelectionPolicyTests.swift,\ EditorSearchSessionTests.swift,\ MyRAMTests.swift,\ MyRAMWidgetCoreTests.swift /Users/runner/work/MyRAM-iOS/MyRAM-iOS/MyRAM-iOS/MyRAMTests/MyRAMSyncControllerTests.swift /Users/runner/work/MyRAM-iOS/MyRAM-iOS/MyRAM-iOS/MyRAMTests/SyncBatchUnsentQueueTests.swift /Users/runner/work/MyRAM-iOS/MyRAM-iOS/MyRAM-iOS/MyRAMTests/IPhoneSyncBatchAccumulatorTests.swift /Users/runner/work/MyRAM-iOS/MyRAM-iOS/MyRAM-iOS/MyRAMTests/IPhoneSyncBatchApplierTests.swift /Users/runner/work/MyRAM-iOS/MyRAM-iOS/MyRAM-iOS/MyRAMTests/ActiveEditorApplicationPolicyTests.swift /Users/runner/work/MyRAM-iOS/MyRAM-iOS/MyRAM-iOS/MyRAMTests/ActiveEditorSyncUpdateHandlerTests.swift /Users/runner/work/MyRAM-iOS/MyRAM-iOS/MyRAM-iOS/MyRAMTests/EditorSelectionMapperTests.swift /Users/runner/work/MyRAM-iOS/MyRAM-iOS/MyRAM-iOS/MyRAMTests/UIKitEditorSyncBridgeTests.swift /Users/runner/work/MyRAM-iOS/MyRAM-iOS/MyRAM-iOS/MyRAMTests/EditorFormattingMutationApplierTests.swift /Users/runner/work/MyRAM-iOS/MyRAM-iOS/MyRAM-iOS/MyRAMTests/EditorFocusSelectionPolicyTests.swift /Users/runner/work/MyRAM-iOS/MyRAM-iOS/MyRAM-iOS/MyRAMTests/EditorSearchSessionTests.swift /Users/runner/work/MyRAM-iOS/MyRAM-iOS/MyRAM-iOS/MyRAMTests/MyRAMTests.swift /Users/runner/work/MyRAM-iOS/MyRAM-iOS/MyRAM-iOS/MyRAMTests/MyRAMWidgetCoreTests.swift (in target 'MyRAMTests' from project 'MyRAM')

SwiftCompile normal arm64 /Users/runner/work/MyRAM-iOS/MyRAM-iOS/MyRAM-iOS/MyRAMTests/MyRAMSyncControllerTests.swift (in target 'MyRAMTests' from project 'MyRAM')
    cd /Users/runner/work/MyRAM-iOS/MyRAM-iOS/MyRAM-iOS
    

SwiftCompile normal arm64 /Users/runner/work/MyRAM-iOS/MyRAM-iOS/MyRAM-iOS/MyRAMTests/SyncBatchUnsentQueueTests.swift (in target 'MyRAMTests' from project 'MyRAM')
    cd /Users/runner/work/MyRAM-iOS/MyRAM-iOS/MyRAM-iOS
    

SwiftCompile normal arm64 /Users/runner/work/MyRAM-iOS/MyRAM-iOS/MyRAM-iOS/MyRAMTests/IPhoneSyncBatchAccumulatorTests.swift (in target 'MyRAMTests' from project 'MyRAM')
    cd /Users/runner/work/MyRAM-iOS/MyRAM-iOS/MyRAM-iOS
    

SwiftCompile normal arm64 /Users/runner/work/MyRAM-iOS/MyRAM-iOS/MyRAM-iOS/MyRAMTests/IPhoneSyncBatchApplierTests.swift (in target 'MyRAMTests' from project 'MyRAM')
    cd /Users/runner/work/MyRAM-iOS/MyRAM-iOS/MyRAM-iOS
    

SwiftCompile normal arm64 /Users/runner/work/MyRAM-iOS/MyRAM-iOS/MyRAM-iOS/MyRAMTests/ActiveEditorApplicationPolicyTests.swift (in target 'MyRAMTests' from project 'MyRAM')
    cd /Users/runner/work/MyRAM-iOS/MyRAM-iOS/MyRAM-iOS
    

SwiftCompile normal arm64 /Users/runner/work/MyRAM-iOS/MyRAM-iOS/MyRAM-iOS/MyRAMTests/ActiveEditorSyncUpdateHandlerTests.swift (in target 'MyRAMTests' from project 'MyRAM')
    cd /Users/runner/work/MyRAM-iOS/MyRAM-iOS/MyRAM-iOS
    

SwiftCompile normal arm64 /Users/runner/work/MyRAM-iOS/MyRAM-iOS/MyRAM-iOS/MyRAMTests/EditorSelectionMapperTests.swift (in target 'MyRAMTests' from project 'MyRAM')
    cd /Users/runner/work/MyRAM-iOS/MyRAM-iOS/MyRAM-iOS
    

SwiftCompile normal arm64 /Users/runner/work/MyRAM-iOS/MyRAM-iOS/MyRAM-iOS/MyRAMTests/UIKitEditorSyncBridgeTests.swift (in target 'MyRAMTests' from project 'MyRAM')
    cd /Users/runner/work/MyRAM-iOS/MyRAM-iOS/MyRAM-iOS
    

SwiftCompile normal arm64 /Users/runner/work/MyRAM-iOS/MyRAM-iOS/MyRAM-iOS/MyRAMTests/EditorFormattingMutationApplierTests.swift (in target 'MyRAMTests' from project 'MyRAM')
    cd /Users/runner/work/MyRAM-iOS/MyRAM-iOS/MyRAM-iOS
    

SwiftCompile normal arm64 /Users/runner/work/MyRAM-iOS/MyRAM-iOS/MyRAM-iOS/MyRAMTests/EditorFocusSelectionPolicyTests.swift (in target 'MyRAMTests' from project 'MyRAM')
    cd /Users/runner/work/MyRAM-iOS/MyRAM-iOS/MyRAM-iOS
    

SwiftCompile normal arm64 /Users/runner/work/MyRAM-iOS/MyRAM-iOS/MyRAM-iOS/MyRAMTests/EditorSearchSessionTests.swift (in target 'MyRAMTests' from project 'MyRAM')
    cd /Users/runner/work/MyRAM-iOS/MyRAM-iOS/MyRAM-iOS
    

SwiftCompile normal arm64 /Users/runner/work/MyRAM-iOS/MyRAM-iOS/MyRAM-iOS/MyRAMTests/MyRAMTests.swift (in target 'MyRAMTests' from project 'MyRAM')
    cd /Users/runner/work/MyRAM-iOS/MyRAM-iOS/MyRAM-iOS
    

SwiftCompile normal arm64 /Users/runner/work/MyRAM-iOS/MyRAM-iOS/MyRAM-iOS/MyRAMTests/MyRAMWidgetCoreTests.swift (in target 'MyRAMTests' from project 'MyRAM')
    cd /Users/runner/work/MyRAM-iOS/MyRAM-iOS/MyRAM-iOS
    

SwiftMergeGeneratedHeaders /tmp/MYR175-Clean-iOS-DD/Build/Intermediates.noindex/MyRAM.build/Debug-iphonesimulator/MyRAMTests.build/DerivedSources/MyRAMTests-Swift.h /tmp/MYR175-Clean-iOS-DD/Build/Intermediates.noindex/MyRAM.build/Debug-iphonesimulator/MyRAMTests.build/Objects-normal/arm64/MyRAMTests-Swift.h (in target 'MyRAMTests' from project 'MyRAM')
    cd /Users/runner/work/MyRAM-iOS/MyRAM-iOS/MyRAM-iOS
    builtin-swiftHeaderTool -arch arm64 /tmp/MYR175-Clean-iOS-DD/Build/Intermediates.noindex/MyRAM.build/Debug-iphonesimulator/MyRAMTests.build/Objects-normal/arm64/MyRAMTests-Swift.h -o /tmp/MYR175-Clean-iOS-DD/Build/Intermediates.noindex/MyRAM.build/Debug-iphonesimulator/MyRAMTests.build/DerivedSources/MyRAMTests-Swift.h

SwiftDriverJobDiscovery normal arm64 Compiling MyRAMWidgetHostTests.swift, MarkdownFileIOTests.swift, MarkdownFileOperationBoundaryTests.swift, MarkdownImportIntegrationTests.swift, MarkdownPreviewParserTests.swift, MarkdownPreviewIntegrationTests.swift, MarkdownPreviewUIKitHarnessTests.swift, SwiftDataNoteSequenceStateStoreTests.swift, NoteSequenceStateFullBodyIntegrationTests.swift, NoteSequenceStateBootstrapMigratorTests.swift, MYR170FullBodyPathIntegrationTests.swift, MyRAMSyncOperationIDAllocatorTests.swift, SyncBatchPayloadCompatibilityTests.swift, SyncBatchAnchoredPayloadTests.swift (in target 'MyRAMTests' from project 'MyRAM')

Copy /tmp/MYR175-Clean-iOS-DD/Build/Products/Debug-iphonesimulator/MyRAMTests.swiftmodule/arm64-apple-ios-simulator.swiftmodule /tmp/MYR175-Clean-iOS-DD/Build/Intermediates.noindex/MyRAM.build/Debug-iphonesimulator/MyRAMTests.build/Objects-normal/arm64/MyRAMTests.swiftmodule (in target 'MyRAMTests' from project 'MyRAM')
    cd /Users/runner/work/MyRAM-iOS/MyRAM-iOS/MyRAM-iOS
    builtin-copy -exclude .DS_Store -exclude CVS -exclude .svn -exclude .git -exclude .hg -resolve-src-symlinks -rename /tmp/MYR175-Clean-iOS-DD/Build/Intermediates.noindex/MyRAM.build/Debug-iphonesimulator/MyRAMTests.build/Objects-normal/arm64/MyRAMTests.swiftmodule /tmp/MYR175-Clean-iOS-DD/Build/Products/Debug-iphonesimulator/MyRAMTests.swiftmodule/arm64-apple-ios-simulator.swiftmodule

Copy /tmp/MYR175-Clean-iOS-DD/Build/Products/Debug-iphonesimulator/MyRAMTests.swiftmodule/arm64-apple-ios-simulator.swiftdoc /tmp/MYR175-Clean-iOS-DD/Build/Intermediates.noindex/MyRAM.build/Debug-iphonesimulator/MyRAMTests.build/Objects-normal/arm64/MyRAMTests.swiftdoc (in target 'MyRAMTests' from project 'MyRAM')
    cd /Users/runner/work/MyRAM-iOS/MyRAM-iOS/MyRAM-iOS
    builtin-copy -exclude .DS_Store -exclude CVS -exclude .svn -exclude .git -exclude .hg -resolve-src-symlinks -rename /tmp/MYR175-Clean-iOS-DD/Build/Intermediates.noindex/MyRAM.build/Debug-iphonesimulator/MyRAMTests.build/Objects-normal/arm64/MyRAMTests.swiftdoc /tmp/MYR175-Clean-iOS-DD/Build/Products/Debug-iphonesimulator/MyRAMTests.swiftmodule/arm64-apple-ios-simulator.swiftdoc

Copy /tmp/MYR175-Clean-iOS-DD/Build/Products/Debug-iphonesimulator/MyRAMTests.swiftmodule/arm64-apple-ios-simulator.abi.json /tmp/MYR175-Clean-iOS-DD/Build/Intermediates.noindex/MyRAM.build/Debug-iphonesimulator/MyRAMTests.build/Objects-normal/arm64/MyRAMTests.abi.json (in target 'MyRAMTests' from project 'MyRAM')
    cd /Users/runner/work/MyRAM-iOS/MyRAM-iOS/MyRAM-iOS
    builtin-copy -exclude .DS_Store -exclude CVS -exclude .svn -exclude .git -exclude .hg -resolve-src-symlinks -rename /tmp/MYR175-Clean-iOS-DD/Build/Intermediates.noindex/MyRAM.build/Debug-iphonesimulator/MyRAMTests.build/Objects-normal/arm64/MyRAMTests.abi.json /tmp/MYR175-Clean-iOS-DD/Build/Products/Debug-iphonesimulator/MyRAMTests.swiftmodule/arm64-apple-ios-simulator.abi.json

Copy /tmp/MYR175-Clean-iOS-DD/Build/Products/Debug-iphonesimulator/MyRAMTests.swiftmodule/Project/arm64-apple-ios-simulator.swiftsourceinfo /tmp/MYR175-Clean-iOS-DD/Build/Intermediates.noindex/MyRAM.build/Debug-iphonesimulator/MyRAMTests.build/Objects-normal/arm64/MyRAMTests.swiftsourceinfo (in target 'MyRAMTests' from project 'MyRAM')
    cd /Users/runner/work/MyRAM-iOS/MyRAM-iOS/MyRAM-iOS
    builtin-copy -exclude .DS_Store -exclude CVS -exclude .svn -exclude .git -exclude .hg -resolve-src-symlinks -rename /tmp/MYR175-Clean-iOS-DD/Build/Intermediates.noindex/MyRAM.build/Debug-iphonesimulator/MyRAMTests.build/Objects-normal/arm64/MyRAMTests.swiftsourceinfo /tmp/MYR175-Clean-iOS-DD/Build/Products/Debug-iphonesimulator/MyRAMTests.swiftmodule/Project/arm64-apple-ios-simulator.swiftsourceinfo

SwiftCompile normal arm64 Compiling\ SyncBatchEnvelopeV2Tests.swift,\ SyncBatchPeerCapabilityTests.swift,\ SyncBatchTransportAdmissionPlannerTests.swift,\ SyncConvergenceFoundationTests.swift,\ SyncConvergencePlanningTests.swift,\ SyncConvergenceRewriteSafetyPolicyTests.swift,\ SyncConvergenceIncorporationTests.swift,\ SyncConvergencePostCommitTests.swift,\ SyncConvergencePostCommitTestDoubles.swift,\ SyncConvergenceIdentityTestSupport.swift,\ IncrementalEditIntegrationTests.swift,\ ExplicitDeleteProvenanceTests.swift,\ PendingSyncRecoveryTests.swift /Users/runner/work/MyRAM-iOS/MyRAM-iOS/MyRAM-iOS/MyRAMTests/SyncBatchEnvelopeV2Tests.swift /Users/runner/work/MyRAM-iOS/MyRAM-iOS/MyRAM-iOS/MyRAMTests/SyncBatchPeerCapabilityTests.swift /Users/runner/work/MyRAM-iOS/MyRAM-iOS/MyRAM-iOS/MyRAMTests/SyncBatchTransportAdmissionPlannerTests.swift /Users/runner/work/MyRAM-iOS/MyRAM-iOS/MyRAM-iOS/MyRAMTests/SyncConvergenceFoundationTests.swift /Users/runner/work/MyRAM-iOS/MyRAM-iOS/MyRAM-iOS/MyRAMTests/SyncConvergencePlanningTests.swift /Users/runner/work/MyRAM-iOS/MyRAM-iOS/MyRAM-iOS/MyRAMTests/SyncConvergenceRewriteSafetyPolicyTests.swift /Users/runner/work/MyRAM-iOS/MyRAM-iOS/MyRAM-iOS/MyRAMTests/SyncConvergenceIncorporationTests.swift /Users/runner/work/MyRAM-iOS/MyRAM-iOS/MyRAM-iOS/MyRAMTests/SyncConvergencePostCommitTests.swift /Users/runner/work/MyRAM-iOS/MyRAM-iOS/MyRAM-iOS/MyRAMTests/SyncConvergencePostCommitTestDoubles.swift /Users/runner/work/MyRAM-iOS/MyRAM-iOS/MyRAM-iOS/MyRAMTests/SyncConvergenceIdentityTestSupport.swift /Users/runner/work/MyRAM-iOS/MyRAM-iOS/MyRAM-iOS/MyRAMTests/IncrementalEditIntegrationTests.swift /Users/runner/work/MyRAM-iOS/MyRAM-iOS/MyRAM-iOS/MyRAMTests/ExplicitDeleteProvenanceTests.swift /Users/runner/work/MyRAM-iOS/MyRAM-iOS/MyRAM-iOS/MyRAMTests/PendingSyncRecoveryTests.swift (in target 'MyRAMTests' from project 'MyRAM')
SwiftCompile normal arm64 /Users/runner/work/MyRAM-iOS/MyRAM-iOS/MyRAM-iOS/MyRAMTests/SyncBatchEnvelopeV2Tests.swift (in target 'MyRAMTests' from project 'MyRAM')
    cd /Users/runner/work/MyRAM-iOS/MyRAM-iOS/MyRAM-iOS
    

SwiftCompile normal arm64 /Users/runner/work/MyRAM-iOS/MyRAM-iOS/MyRAM-iOS/MyRAMTests/SyncBatchPeerCapabilityTests.swift (in target 'MyRAMTests' from project 'MyRAM')
    cd /Users/runner/work/MyRAM-iOS/MyRAM-iOS/MyRAM-iOS
    

SwiftCompile normal arm64 /Users/runner/work/MyRAM-iOS/MyRAM-iOS/MyRAM-iOS/MyRAMTests/SyncBatchTransportAdmissionPlannerTests.swift (in target 'MyRAMTests' from project 'MyRAM')
    cd /Users/runner/work/MyRAM-iOS/MyRAM-iOS/MyRAM-iOS
    

SwiftCompile normal arm64 /Users/runner/work/MyRAM-iOS/MyRAM-iOS/MyRAM-iOS/MyRAMTests/SyncConvergenceFoundationTests.swift (in target 'MyRAMTests' from project 'MyRAM')
    cd /Users/runner/work/MyRAM-iOS/MyRAM-iOS/MyRAM-iOS
    

SwiftCompile normal arm64 /Users/runner/work/MyRAM-iOS/MyRAM-iOS/MyRAM-iOS/MyRAMTests/SyncConvergencePlanningTests.swift (in target 'MyRAMTests' from project 'MyRAM')
    cd /Users/runner/work/MyRAM-iOS/MyRAM-iOS/MyRAM-iOS
    

SwiftCompile normal arm64 /Users/runner/work/MyRAM-iOS/MyRAM-iOS/MyRAM-iOS/MyRAMTests/SyncConvergenceRewriteSafetyPolicyTests.swift (in target 'MyRAMTests' from project 'MyRAM')
    cd /Users/runner/work/MyRAM-iOS/MyRAM-iOS/MyRAM-iOS
    

SwiftCompile normal arm64 /Users/runner/work/MyRAM-iOS/MyRAM-iOS/MyRAM-iOS/MyRAMTests/SyncConvergenceIncorporationTests.swift (in target 'MyRAMTests' from project 'MyRAM')
    cd /Users/runner/work/MyRAM-iOS/MyRAM-iOS/MyRAM-iOS
    

SwiftCompile normal arm64 /Users/runner/work/MyRAM-iOS/MyRAM-iOS/MyRAM-iOS/MyRAMTests/SyncConvergencePostCommitTests.swift (in target 'MyRAMTests' from project 'MyRAM')
    cd /Users/runner/work/MyRAM-iOS/MyRAM-iOS/MyRAM-iOS
    

SwiftCompile normal arm64 /Users/runner/work/MyRAM-iOS/MyRAM-iOS/MyRAM-iOS/MyRAMTests/SyncConvergencePostCommitTestDoubles.swift (in target 'MyRAMTests' from project 'MyRAM')
    cd /Users/runner/work/MyRAM-iOS/MyRAM-iOS/MyRAM-iOS
    

SwiftCompile normal arm64 /Users/runner/work/MyRAM-iOS/MyRAM-iOS/MyRAM-iOS/MyRAMTests/SyncConvergenceIdentityTestSupport.swift (in target 'MyRAMTests' from project 'MyRAM')
    cd /Users/runner/work/MyRAM-iOS/MyRAM-iOS/MyRAM-iOS
    

SwiftCompile normal arm64 /Users/runner/work/MyRAM-iOS/MyRAM-iOS/MyRAM-iOS/MyRAMTests/IncrementalEditIntegrationTests.swift (in target 'MyRAMTests' from project 'MyRAM')
    cd /Users/runner/work/MyRAM-iOS/MyRAM-iOS/MyRAM-iOS
    

SwiftCompile normal arm64 /Users/runner/work/MyRAM-iOS/MyRAM-iOS/MyRAM-iOS/MyRAMTests/ExplicitDeleteProvenanceTests.swift (in target 'MyRAMTests' from project 'MyRAM')
    cd /Users/runner/work/MyRAM-iOS/MyRAM-iOS/MyRAM-iOS
    

SwiftCompile normal arm64 /Users/runner/work/MyRAM-iOS/MyRAM-iOS/MyRAM-iOS/MyRAMTests/PendingSyncRecoveryTests.swift (in target 'MyRAMTests' from project 'MyRAM')
    cd /Users/runner/work/MyRAM-iOS/MyRAM-iOS/MyRAM-iOS
    

SwiftDriverJobDiscovery normal arm64 Compiling MyRAMSyncControllerTests.swift, SyncBatchUnsentQueueTests.swift, IPhoneSyncBatchAccumulatorTests.swift, IPhoneSyncBatchApplierTests.swift, ActiveEditorApplicationPolicyTests.swift, ActiveEditorSyncUpdateHandlerTests.swift, EditorSelectionMapperTests.swift, UIKitEditorSyncBridgeTests.swift, EditorFormattingMutationApplierTests.swift, EditorFocusSelectionPolicyTests.swift, EditorSearchSessionTests.swift, MyRAMTests.swift, MyRAMWidgetCoreTests.swift (in target 'MyRAMTests' from project 'MyRAM')

SwiftDriverJobDiscovery normal arm64 Compiling EditorSelectionRangeResolver.swift, EditorFocusSelectionPolicy.swift, EditorFormattingCommandResolver.swift, EditorFormattingMutationApplier.swift, EditorFormattingStateResolver.swift, NoteIntelligence.swift, NoteEditorView.swift, EditorTextViewFactory.swift, EditorProfilingFixtures.swift, BareTextViewProfilingView.swift, EditorChecklistRendering.swift, EditorPolicies.swift, AppliedEditorMutation.swift, ActiveEditorApplicationPolicy.swift, ActiveEditorSyncUpdateHandler.swift, EditorSelectionMapper.swift, EditorRemoteApplyResult.swift, UIKitEditorSyncBridge.swift, MyRAMSyncController.swift, NotesListView.swift, PersistenceManager.swift, GeneratedAssetSymbols.swift (in target 'MyRAM' from project 'MyRAM')

SwiftDriver\ Compilation MyRAM normal arm64 com.apple.xcode.tools.swift.compiler (in target 'MyRAM' from project 'MyRAM')
    cd /Users/runner/work/MyRAM-iOS/MyRAM-iOS/MyRAM-iOS
    builtin-Swift-Compilation -- /Applications/Xcode_26.5.app/Contents/Developer/Toolchains/XcodeDefault.xctoolchain/usr/bin/swiftc -module-name MyRAM -Onone @/tmp/MYR175-Clean-iOS-DD/Build/Intermediates.noindex/MyRAM.build/Debug-iphonesimulator/MyRAM.build/Objects-normal/arm64/MyRAM.SwiftFileList -DDEBUG -enable-bare-slash-regex -enable-experimental-feature DebugDescriptionMacro -sdk /Applications/Xcode_26.5.app/Contents/Developer/Platforms/iPhoneSimulator.platform/Developer/SDKs/iPhoneSimulator26.5.sdk -target arm64-apple-ios17.0-simulator -g -module-cache-path /tmp/MYR175-Clean-iOS-DD/ModuleCache.noindex -Xfrontend -serialize-debugging-options -enable-testing -index-store-path /tmp/MYR175-Clean-iOS-DD/Index.noindex/DataStore -Xcc -D_LIBCPP_HARDENING_MODE\=_LIBCPP_HARDENING_MODE_DEBUG -swift-version 5 -I /tmp/MYR175-Clean-iOS-DD/Build/Products/Debug-iphonesimulator -F /tmp/MYR175-Clean-iOS-DD/Build/Products/Debug-iphonesimulator/PackageFrameworks -F /tmp/MYR175-Clean-iOS-DD/Build/Products/Debug-iphonesimulator/PackageFrameworks -F /tmp/MYR175-Clean-iOS-DD/Build/Products/Debug-iphonesimulator -emit-localized-strings -emit-localized-strings-path /tmp/MYR175-Clean-iOS-DD/Build/Intermediates.noindex/MyRAM.build/Debug-iphonesimulator/MyRAM.build/Objects-normal/arm64 -c -j3 -enable-batch-mode -incremental -Xcc -ivfsstatcache -Xcc /tmp/MYR175-Clean-iOS-DD/SDKStatCaches.noindex/iphonesimulator26.5-23F73-688ef53f1462e2c8f657fdc38a81448ffb7d586738ff35573a713a18216ade27.sdkstatcache -output-file-map /tmp/MYR175-Clean-iOS-DD/Build/Intermediates.noindex/MyRAM.build/Debug-iphonesimulator/MyRAM.build/Objects-normal/arm64/MyRAM-OutputFileMap.json -use-frontend-parseable-output -save-temps -no-color-diagnostics -explicit-module-build -module-cache-path /tmp/MYR175-Clean-iOS-DD/Build/Intermediates.noindex/SwiftExplicitPrecompiledModules -clang-scanner-module-cache-path /tmp/MYR175-Clean-iOS-DD/ModuleCache.noindex -sdk-module-cache-path /tmp/MYR175-Clean-iOS-DD/ModuleCache.noindex -serialize-diagnostics -emit-dependencies -emit-module -emit-module-path /tmp/MYR175-Clean-iOS-DD/Build/Intermediates.noindex/MyRAM.build/Debug-iphonesimulator/MyRAM.build/Objects-normal/arm64/MyRAM.swiftmodule -validate-clang-modules-once -clang-build-session-file /tmp/MYR175-Clean-iOS-DD/ModuleCache.noindex/Session.modulevalidation -Xcc -I/tmp/MYR175-Clean-iOS-DD/Build/Intermediates.noindex/MyRAM.build/Debug-iphonesimulator/MyRAM.build/swift-overrides.hmap -emit-const-values -Xfrontend -const-gather-protocols-file -Xfrontend /tmp/MYR175-Clean-iOS-DD/Build/Intermediates.noindex/MyRAM.build/Debug-iphonesimulator/MyRAM.build/Objects-normal/arm64/MyRAM_const_extract_protocols.json -Xcc -iquote -Xcc /tmp/MYR175-Clean-iOS-DD/Build/Intermediates.noindex/MyRAM.build/Debug-iphonesimulator/MyRAM.build/MyRAM-generated-files.hmap -Xcc -I/tmp/MYR175-Clean-iOS-DD/Build/Intermediates.noindex/MyRAM.build/Debug-iphonesimulator/MyRAM.build/MyRAM-own-target-headers.hmap -Xcc -I/tmp/MYR175-Clean-iOS-DD/Build/Intermediates.noindex/MyRAM.build/Debug-iphonesimulator/MyRAM.build/MyRAM-all-non-framework-target-headers.hmap -Xcc -ivfsoverlay -Xcc /tmp/MYR175-Clean-iOS-DD/Build/Intermediates.noindex/MyRAM.build/Debug-iphonesimulator/MyRAM-98a9cbde253e8e955bc92731eb290203-VFS-iphonesimulator/all-product-headers.yaml -Xcc -iquote -Xcc /tmp/MYR175-Clean-iOS-DD/Build/Intermediates.noindex/MyRAM.build/Debug-iphonesimulator/MyRAM.build/MyRAM-project-headers.hmap -Xcc -I/tmp/MYR175-Clean-iOS-DD/Build/Products/Debug-iphonesimulator/include -Xcc -I/tmp/MYR175-Clean-iOS-DD/Build/Intermediates.noindex/MyRAM.build/Debug-iphonesimulator/MyRAM.build/DerivedSources-normal/arm64 -Xcc -I/tmp/MYR175-Clean-iOS-DD/Build/Intermediates.noindex/MyRAM.build/Debug-iphonesimulator/MyRAM.build/DerivedSources/arm64 -Xcc -I/tmp/MYR175-Clean-iOS-DD/Build/Intermediates.noindex/MyRAM.build/Debug-iphonesimulator/MyRAM.build/DerivedSources -Xcc -DDEBUG\=1 -emit-objc-header -emit-objc-header-path /tmp/MYR175-Clean-iOS-DD/Build/Intermediates.noindex/MyRAM.build/Debug-iphonesimulator/MyRAM.build/Objects-normal/arm64/MyRAM-Swift.h -working-directory /Users/runner/work/MyRAM-iOS/MyRAM-iOS/MyRAM-iOS -experimental-emit-module-separately -disable-cmo

Ld /tmp/MYR175-Clean-iOS-DD/Build/Products/Debug-iphonesimulator/MyRAM.app/MyRAM.debug.dylib normal (in target 'MyRAM' from project 'MyRAM')
    cd /Users/runner/work/MyRAM-iOS/MyRAM-iOS/MyRAM-iOS
    /Applications/Xcode_26.5.app/Contents/Developer/Toolchains/XcodeDefault.xctoolchain/usr/bin/clang -Xlinker -reproducible -target arm64-apple-ios17.0-simulator -dynamiclib -isysroot /Applications/Xcode_26.5.app/Contents/Developer/Platforms/iPhoneSimulator.platform/Developer/SDKs/iPhoneSimulator26.5.sdk -O0 -L/tmp/MYR175-Clean-iOS-DD/Build/Intermediates.noindex/EagerLinkingTBDs/Debug-iphonesimulator -L/tmp/MYR175-Clean-iOS-DD/Build/Products/Debug-iphonesimulator -F/tmp/MYR175-Clean-iOS-DD/Build/Intermediates.noindex/EagerLinkingTBDs/Debug-iphonesimulator -F/tmp/MYR175-Clean-iOS-DD/Build/Products/Debug-iphonesimulator/PackageFrameworks -F/tmp/MYR175-Clean-iOS-DD/Build/Products/Debug-iphonesimulator/PackageFrameworks -F/tmp/MYR175-Clean-iOS-DD/Build/Products/Debug-iphonesimulator -filelist /tmp/MYR175-Clean-iOS-DD/Build/Intermediates.noindex/MyRAM.build/Debug-iphonesimulator/MyRAM.build/Objects-normal/arm64/MyRAM.LinkFileList -install_name @rpath/MyRAM.debug.dylib -Xlinker -rpath -Xlinker /usr/lib/swift -Xlinker -rpath -Xlinker /tmp/MYR175-Clean-iOS-DD/Build/Products/Debug-iphonesimulator/PackageFrameworks -Xlinker -rpath -Xlinker @executable_path/Frameworks -Xlinker -dead_strip -Xlinker -object_path_lto -Xlinker /tmp/MYR175-Clean-iOS-DD/Build/Intermediates.noindex/MyRAM.build/Debug-iphonesimulator/MyRAM.build/Objects-normal/arm64/MyRAM_lto.o -rdynamic -Xlinker -no_deduplicate -Xlinker -objc_abi_version -Xlinker 2 -Xlinker -dependency_info -Xlinker /tmp/MYR175-Clean-iOS-DD/Build/Intermediates.noindex/MyRAM.build/Debug-iphonesimulator/MyRAM.build/Objects-normal/arm64/MyRAM_dependency_info.dat -fobjc-link-runtime -L/Applications/Xcode_26.5.app/Contents/Developer/Toolchains/XcodeDefault.xctoolchain/usr/lib/swift/iphonesimulator -L/usr/lib/swift -Xlinker -add_ast_path -Xlinker /tmp/MYR175-Clean-iOS-DD/Build/Intermediates.noindex/MyRAM.build/Debug-iphonesimulator/MyRAM.build/Objects-normal/arm64/MyRAM.swiftmodule @/tmp/MYR175-Clean-iOS-DD/Build/Intermediates.noindex/MyRAM.build/Debug-iphonesimulator/MyRAM.build/Objects-normal/arm64/MyRAM-linker-args.resp -Wl,-no_warn_duplicate_libraries -Wl,-no_warn_duplicate_libraries -Xlinker -alias -Xlinker _main -Xlinker ___debug_main_executable_dylib_entry_point /tmp/MYR175-Clean-iOS-DD/Build/Products/Debug-iphonesimulator/PackageFrameworks/AnchoredSequenceCore_-65B9EEE52AB2106_PackageProduct.framework/AnchoredSequenceCore_-65B9EEE52AB2106_PackageProduct -o /tmp/MYR175-Clean-iOS-DD/Build/Products/Debug-iphonesimulator/MyRAM.app/MyRAM.debug.dylib -Xlinker -add_ast_path -Xlinker /tmp/MYR175-Clean-iOS-DD/Build/Intermediates.noindex/NearbySyncCore.build/Debug-iphonesimulator/NearbySyncCore.build/Objects-normal/arm64/NearbySyncCore.swiftmodule @/tmp/MYR175-Clean-iOS-DD/Build/Intermediates.noindex/NearbySyncCore.build/Debug-iphonesimulator/NearbySyncCore.build/Objects-normal/arm64/NearbySyncCore-linker-args.resp

ConstructStubExecutorLinkFileList /tmp/MYR175-Clean-iOS-DD/Build/Intermediates.noindex/MyRAM.build/Debug-iphonesimulator/MyRAM.build/MyRAM-ExecutorLinkFileList-normal-arm64.txt (in target 'MyRAM' from project 'MyRAM')
    cd /Users/runner/work/MyRAM-iOS/MyRAM-iOS/MyRAM-iOS
    construct-stub-executor-link-file-list /tmp/MYR175-Clean-iOS-DD/Build/Products/Debug-iphonesimulator/MyRAM.app/MyRAM.debug.dylib /Applications/Xcode_26.5.app/Contents/Developer/Platforms/iPhoneSimulator.platform/Developer/usr/lib/libPreviewsJITStubExecutor_no_swift_entry_point.a /Applications/Xcode_26.5.app/Contents/Developer/Platforms/iPhoneSimulator.platform/Developer/usr/lib/libPreviewsJITStubExecutor.a --output /tmp/MYR175-Clean-iOS-DD/Build/Intermediates.noindex/MyRAM.build/Debug-iphonesimulator/MyRAM.build/MyRAM-ExecutorLinkFileList-normal-arm64.txt
note: Using stub executor library with Swift entry point. (in target 'MyRAM' from project 'MyRAM')

Ld /tmp/MYR175-Clean-iOS-DD/Build/Products/Debug-iphonesimulator/MyRAM.app/MyRAM normal (in target 'MyRAM' from project 'MyRAM')
    cd /Users/runner/work/MyRAM-iOS/MyRAM-iOS/MyRAM-iOS
    /Applications/Xcode_26.5.app/Contents/Developer/Toolchains/XcodeDefault.xctoolchain/usr/bin/clang -Xlinker -reproducible -target arm64-apple-ios17.0-simulator -isysroot /Applications/Xcode_26.5.app/Contents/Developer/Platforms/iPhoneSimulator.platform/Developer/SDKs/iPhoneSimulator26.5.sdk -O0 -L/tmp/MYR175-Clean-iOS-DD/Build/Products/Debug-iphonesimulator -F/tmp/MYR175-Clean-iOS-DD/Build/Products/Debug-iphonesimulator/PackageFrameworks -F/tmp/MYR175-Clean-iOS-DD/Build/Products/Debug-iphonesimulator/PackageFrameworks -F/tmp/MYR175-Clean-iOS-DD/Build/Products/Debug-iphonesimulator -Xlinker -rpath -Xlinker @executable_path -Xlinker -rpath -Xlinker /tmp/MYR175-Clean-iOS-DD/Build/Products/Debug-iphonesimulator/PackageFrameworks -Xlinker -rpath -Xlinker @executable_path/Frameworks -rdynamic -Xlinker -no_deduplicate -Xlinker -objc_abi_version -Xlinker 2 -e ___debug_blank_executor_main -Xlinker -sectcreate -Xlinker __TEXT -Xlinker __debug_dylib -Xlinker /tmp/MYR175-Clean-iOS-DD/Build/Intermediates.noindex/MyRAM.build/Debug-iphonesimulator/MyRAM.build/MyRAM-DebugDylibPath-normal-arm64.txt -Xlinker -sectcreate -Xlinker __TEXT -Xlinker __debug_instlnm -Xlinker /tmp/MYR175-Clean-iOS-DD/Build/Intermediates.noindex/MyRAM.build/Debug-iphonesimulator/MyRAM.build/MyRAM-DebugDylibInstallName-normal-arm64.txt -Xlinker -filelist -Xlinker /tmp/MYR175-Clean-iOS-DD/Build/Intermediates.noindex/MyRAM.build/Debug-iphonesimulator/MyRAM.build/MyRAM-ExecutorLinkFileList-normal-arm64.txt /tmp/MYR175-Clean-iOS-DD/Build/Products/Debug-iphonesimulator/MyRAM.app/MyRAM.debug.dylib -o /tmp/MYR175-Clean-iOS-DD/Build/Products/Debug-iphonesimulator/MyRAM.app/MyRAM

Copy /tmp/MYR175-Clean-iOS-DD/Build/Products/Debug-iphonesimulator/MyRAM.app/PlugIns/MyRAMWidgetExtension.appex /tmp/MYR175-Clean-iOS-DD/Build/Products/Debug-iphonesimulator/MyRAMWidgetExtension.appex (in target 'MyRAM' from project 'MyRAM')
    cd /Users/runner/work/MyRAM-iOS/MyRAM-iOS/MyRAM-iOS
    builtin-copy -exclude .DS_Store -exclude CVS -exclude .svn -exclude .git -exclude .hg -exclude Headers -exclude PrivateHeaders -exclude Modules -exclude \*.tbd -resolve-src-symlinks -remove-static-executable /tmp/MYR175-Clean-iOS-DD/Build/Products/Debug-iphonesimulator/MyRAMWidgetExtension.appex /tmp/MYR175-Clean-iOS-DD/Build/Products/Debug-iphonesimulator/MyRAM.app/PlugIns

ProcessInfoPlistFile /tmp/MYR175-Clean-iOS-DD/Build/Products/Debug-iphonesimulator/MyRAM.app/Info.plist /Users/runner/work/MyRAM-iOS/MyRAM-iOS/MyRAM-iOS/MyRAM/Info.plist (in target 'MyRAM' from project 'MyRAM')
    cd /Users/runner/work/MyRAM-iOS/MyRAM-iOS/MyRAM-iOS
    builtin-infoPlistUtility /Users/runner/work/MyRAM-iOS/MyRAM-iOS/MyRAM-iOS/MyRAM/Info.plist -producttype com.apple.product-type.application -genpkginfo /tmp/MYR175-Clean-iOS-DD/Build/Products/Debug-iphonesimulator/MyRAM.app/PkgInfo -expandbuildsettings -format binary -platform iphonesimulator -additionalcontentfile /tmp/MYR175-Clean-iOS-DD/Build/Intermediates.noindex/MyRAM.build/Debug-iphonesimulator/MyRAM.build/assetcatalog_generated_info.plist -scanforprivacyfile /tmp/MYR175-Clean-iOS-DD/Build/Products/Debug-iphonesimulator/MyRAM.app/Frameworks/AnchoredSequenceCore_-65B9EEE52AB2106_PackageProduct.framework -scanforprivacyfile /tmp/MYR175-Clean-iOS-DD/Build/Products/Debug-iphonesimulator/MyRAM.app/PlugIns/MyRAMWidgetExtension.appex -o /tmp/MYR175-Clean-iOS-DD/Build/Products/Debug-iphonesimulator/MyRAM.app/Info.plist

ExtractAppIntentsMetadata (in target 'MyRAM' from project 'MyRAM')
    cd /Users/runner/work/MyRAM-iOS/MyRAM-iOS/MyRAM-iOS
    /Applications/Xcode_26.5.app/Contents/Developer/Toolchains/XcodeDefault.xctoolchain/usr/bin/appintentsmetadataprocessor --toolchain-dir /var/run/com.apple.security.cryptexd/mnt/com.apple.MobileAsset.MetalToolchain-v17.6.42.0.nr4Lpi/Metal.xctoolchain --module-name MyRAM --sdk-root /Applications/Xcode_26.5.app/Contents/Developer/Platforms/iPhoneSimulator.platform/Developer/SDKs/iPhoneSimulator26.5.sdk --xcode-version 17F42 --platform-family iOS --deployment-target 17.0 --bundle-identifier com.northsignalstudio.myram.dev --output /tmp/MYR175-Clean-iOS-DD/Build/Products/Debug-iphonesimulator/MyRAM.app --target-triple arm64-apple-ios17.0-simulator --binary-file /tmp/MYR175-Clean-iOS-DD/Build/Products/Debug-iphonesimulator/MyRAM.app/MyRAM --dependency-file /tmp/MYR175-Clean-iOS-DD/Build/Intermediates.noindex/MyRAM.build/Debug-iphonesimulator/MyRAM.build/Objects-normal/arm64/MyRAM_dependency_info.dat --stringsdata-file /tmp/MYR175-Clean-iOS-DD/Build/Intermediates.noindex/MyRAM.build/Debug-iphonesimulator/MyRAM.build/Objects-normal/arm64/ExtractedAppShortcutsMetadata.stringsdata --source-file-list /tmp/MYR175-Clean-iOS-DD/Build/Intermediates.noindex/MyRAM.build/Debug-iphonesimulator/MyRAM.build/Objects-normal/arm64/MyRAM.SwiftFileList --metadata-file-list /tmp/MYR175-Clean-iOS-DD/Build/Intermediates.noindex/MyRAM.build/Debug-iphonesimulator/MyRAM.build/MyRAM.DependencyMetadataFileList --static-metadata-file-list /tmp/MYR175-Clean-iOS-DD/Build/Intermediates.noindex/MyRAM.build/Debug-iphonesimulator/MyRAM.build/MyRAM.DependencyStaticMetadataFileList --swift-const-vals-list /tmp/MYR175-Clean-iOS-DD/Build/Intermediates.noindex/MyRAM.build/Debug-iphonesimulator/MyRAM.build/Objects-normal/arm64/MyRAM.SwiftConstValuesFileList --compile-time-extraction --deployment-aware-processing --validate-assistant-intents --no-app-shortcuts-localization
2026-08-04 16:50:58.950 appintentsmetadataprocessor[4544:16934] Starting appintentsmetadataprocessor export
2026-08-04 16:50:59.013 appintentsmetadataprocessor[4544:16934] Extracted no relevant App Intents symbols, skipping writing output

CopySwiftLibs /tmp/MYR175-Clean-iOS-DD/Build/Products/Debug-iphonesimulator/MyRAM.app (in target 'MyRAM' from project 'MyRAM')
    cd /Users/runner/work/MyRAM-iOS/MyRAM-iOS/MyRAM-iOS
    builtin-swiftStdLibTool --copy --verbose --scan-executable /tmp/MYR175-Clean-iOS-DD/Build/Products/Debug-iphonesimulator/MyRAM.app/MyRAM.debug.dylib --scan-folder /tmp/MYR175-Clean-iOS-DD/Build/Products/Debug-iphonesimulator/MyRAM.app/Frameworks --scan-folder /tmp/MYR175-Clean-iOS-DD/Build/Products/Debug-iphonesimulator/MyRAM.app/PlugIns --scan-folder /tmp/MYR175-Clean-iOS-DD/Build/Products/Debug-iphonesimulator/MyRAM.app/SystemExtensions --scan-folder /tmp/MYR175-Clean-iOS-DD/Build/Products/Debug-iphonesimulator/MyRAM.app/Extensions --scan-folder /tmp/MYR175-Clean-iOS-DD/Build/Products/Debug-iphonesimulator/PackageFrameworks/AnchoredSequenceCore_-65B9EEE52AB2106_PackageProduct.framework --platform iphonesimulator --toolchain /var/run/com.apple.security.cryptexd/mnt/com.apple.MobileAsset.MetalToolchain-v17.6.42.0.nr4Lpi/Metal.xctoolchain --toolchain /Applications/Xcode_26.5.app/Contents/Developer/Toolchains/XcodeDefault.xctoolchain --destination /tmp/MYR175-Clean-iOS-DD/Build/Products/Debug-iphonesimulator/MyRAM.app/Frameworks --strip-bitcode --strip-bitcode-tool /Applications/Xcode_26.5.app/Contents/Developer/Toolchains/XcodeDefault.xctoolchain/usr/bin/bitcode_strip --emit-dependency-info /tmp/MYR175-Clean-iOS-DD/Build/Intermediates.noindex/MyRAM.build/Debug-iphonesimulator/MyRAM.build/SwiftStdLibToolInputDependencies.dep --filter-for-swift-os
Ignoring --strip-bitcode because --sign was not passed

ValidateEmbeddedBinary /tmp/MYR175-Clean-iOS-DD/Build/Products/Debug-iphonesimulator/MyRAM.app/PlugIns/MyRAMWidgetExtension.appex (in target 'MyRAM' from project 'MyRAM')
    cd /Users/runner/work/MyRAM-iOS/MyRAM-iOS/MyRAM-iOS
    /Applications/Xcode_26.5.app/Contents/Developer/usr/bin/embeddedBinaryValidationUtility /tmp/MYR175-Clean-iOS-DD/Build/Products/Debug-iphonesimulator/MyRAM.app/PlugIns/MyRAMWidgetExtension.appex -info-plist-path /tmp/MYR175-Clean-iOS-DD/Build/Products/Debug-iphonesimulator/MyRAM.app/Info.plist

AppIntentsSSUTraining (in target 'MyRAM' from project 'MyRAM')
    cd /Users/runner/work/MyRAM-iOS/MyRAM-iOS/MyRAM-iOS
    /Applications/Xcode_26.5.app/Contents/Developer/Toolchains/XcodeDefault.xctoolchain/usr/bin/appintentsnltrainingprocessor --infoplist-path /tmp/MYR175-Clean-iOS-DD/Build/Products/Debug-iphonesimulator/MyRAM.app/Info.plist --temp-dir-path /tmp/MYR175-Clean-iOS-DD/Build/Intermediates.noindex/MyRAM.build/Debug-iphonesimulator/MyRAM.build/ssu --bundle-id com.northsignalstudio.myram.dev --product-path /tmp/MYR175-Clean-iOS-DD/Build/Products/Debug-iphonesimulator/MyRAM.app --extracted-metadata-path /tmp/MYR175-Clean-iOS-DD/Build/Products/Debug-iphonesimulator/MyRAM.app/Metadata.appintents --metadata-file-list /tmp/MYR175-Clean-iOS-DD/Build/Intermediates.noindex/MyRAM.build/Debug-iphonesimulator/MyRAM.build/MyRAM.DependencyMetadataFileList --source-file /tmp/MYR175-Clean-iOS-DD/Build/Products/Debug-iphonesimulator/MyRAM.app/Info.plist --archive-ssu-assets
2026-08-04 16:50:59.098 appintentsnltrainingprocessor[4546:16941] Parsing options for appintentsnltrainingprocessor
2026-08-04 16:50:59.099 appintentsnltrainingprocessor[4546:16941] Starting AppIntents SSU YAML Generation
2026-08-04 16:50:59.100 appintentsnltrainingprocessor[4546:16941] No AppShortcuts found - Skipping.

ProcessInfoPlistFile /tmp/MYR175-Clean-iOS-DD/Build/Products/Debug-iphonesimulator/MyRAM.app/PlugIns/MyRAMTests.xctest/Info.plist /tmp/MYR175-Clean-iOS-DD/Build/Intermediates.noindex/MyRAM.build/Debug-iphonesimulator/MyRAMTests.build/empty-MyRAMTests.plist (in target 'MyRAMTests' from project 'MyRAM')
    cd /Users/runner/work/MyRAM-iOS/MyRAM-iOS/MyRAM-iOS
    builtin-infoPlistUtility /tmp/MYR175-Clean-iOS-DD/Build/Intermediates.noindex/MyRAM.build/Debug-iphonesimulator/MyRAMTests.build/empty-MyRAMTests.plist -producttype com.apple.product-type.bundle.unit-test -expandbuildsettings -format binary -platform iphonesimulator -o /tmp/MYR175-Clean-iOS-DD/Build/Products/Debug-iphonesimulator/MyRAM.app/PlugIns/MyRAMTests.xctest/Info.plist

CpResource /tmp/MYR175-Clean-iOS-DD/Build/Products/Debug-iphonesimulator/MyRAM.app/PlugIns/MyRAMTests.xctest/note-intelligence /Users/runner/work/MyRAM-iOS/MyRAM-iOS/MyRAM-iOS/docs/note-intelligence (in target 'MyRAMTests' from project 'MyRAM')
    cd /Users/runner/work/MyRAM-iOS/MyRAM-iOS/MyRAM-iOS
    builtin-copy -exclude .DS_Store -exclude CVS -exclude .svn -exclude .git -exclude .hg -resolve-src-symlinks /Users/runner/work/MyRAM-iOS/MyRAM-iOS/MyRAM-iOS/docs/note-intelligence /tmp/MYR175-Clean-iOS-DD/Build/Products/Debug-iphonesimulator/MyRAM.app/PlugIns/MyRAMTests.xctest

Copy /tmp/MYR175-Clean-iOS-DD/Build/Products/Debug-iphonesimulator/MyRAM.app/PlugIns/MyRAMTests.xctest/Frameworks/AnchoredSequenceCore_-65B9EEE52AB2106_PackageProduct.framework /tmp/MYR175-Clean-iOS-DD/Build/Products/Debug-iphonesimulator/PackageFrameworks/AnchoredSequenceCore_-65B9EEE52AB2106_PackageProduct.framework (in target 'MyRAMTests' from project 'MyRAM')
    cd /Users/runner/work/MyRAM-iOS/MyRAM-iOS/MyRAM-iOS
    builtin-copy -exclude .DS_Store -exclude CVS -exclude .svn -exclude .git -exclude .hg -resolve-src-symlinks -remove-static-executable /tmp/MYR175-Clean-iOS-DD/Build/Products/Debug-iphonesimulator/PackageFrameworks/AnchoredSequenceCore_-65B9EEE52AB2106_PackageProduct.framework /tmp/MYR175-Clean-iOS-DD/Build/Products/Debug-iphonesimulator/MyRAM.app/PlugIns/MyRAMTests.xctest/Frameworks

SwiftDriverJobDiscovery normal arm64 Compiling SyncBatchEnvelopeV2Tests.swift, SyncBatchPeerCapabilityTests.swift, SyncBatchTransportAdmissionPlannerTests.swift, SyncConvergenceFoundationTests.swift, SyncConvergencePlanningTests.swift, SyncConvergenceRewriteSafetyPolicyTests.swift, SyncConvergenceIncorporationTests.swift, SyncConvergencePostCommitTests.swift, SyncConvergencePostCommitTestDoubles.swift, SyncConvergenceIdentityTestSupport.swift, IncrementalEditIntegrationTests.swift, ExplicitDeleteProvenanceTests.swift, PendingSyncRecoveryTests.swift (in target 'MyRAMTests' from project 'MyRAM')

SwiftDriver\ Compilation MyRAMTests normal arm64 com.apple.xcode.tools.swift.compiler (in target 'MyRAMTests' from project 'MyRAM')
    cd /Users/runner/work/MyRAM-iOS/MyRAM-iOS/MyRAM-iOS
    builtin-Swift-Compilation -- /Applications/Xcode_26.5.app/Contents/Developer/Toolchains/XcodeDefault.xctoolchain/usr/bin/swiftc -module-name MyRAMTests -Onone @/tmp/MYR175-Clean-iOS-DD/Build/Intermediates.noindex/MyRAM.build/Debug-iphonesimulator/MyRAMTests.build/Objects-normal/arm64/MyRAMTests.SwiftFileList -DDEBUG -plugin-path /Applications/Xcode_26.5.app/Contents/Developer/Toolchains/XcodeDefault.xctoolchain/usr/lib/swift/host/plugins/testing -enable-bare-slash-regex -enable-experimental-feature DebugDescriptionMacro -sdk /Applications/Xcode_26.5.app/Contents/Developer/Platforms/iPhoneSimulator.platform/Developer/SDKs/iPhoneSimulator26.5.sdk -target arm64-apple-ios17.0-simulator -g -module-cache-path /tmp/MYR175-Clean-iOS-DD/ModuleCache.noindex -Xfrontend -serialize-debugging-options -enable-testing -index-store-path /tmp/MYR175-Clean-iOS-DD/Index.noindex/DataStore -Xcc -D_LIBCPP_HARDENING_MODE\=_LIBCPP_HARDENING_MODE_DEBUG -swift-version 5 -I /tmp/MYR175-Clean-iOS-DD/Build/Products/Debug-iphonesimulator -Isystem /Applications/Xcode_26.5.app/Contents/Developer/Platforms/iPhoneSimulator.platform/Developer/usr/lib -F /tmp/MYR175-Clean-iOS-DD/Build/Products/Debug-iphonesimulator/PackageFrameworks -F /tmp/MYR175-Clean-iOS-DD/Build/Products/Debug-iphonesimulator/PackageFrameworks -F /tmp/MYR175-Clean-iOS-DD/Build/Products/Debug-iphonesimulator/PackageFrameworks -F /tmp/MYR175-Clean-iOS-DD/Build/Products/Debug-iphonesimulator -F /Applications/Xcode_26.5.app/Contents/Developer/Platforms/iPhoneSimulator.platform/Developer/Library/Frameworks -F /Applications/Xcode_26.5.app/Contents/Developer/Platforms/iPhoneSimulator.platform/Developer/SDKs/iPhoneSimulator26.5.sdk/Developer/Library/Frameworks -c -j3 -enable-batch-mode -incremental -Xcc -ivfsstatcache -Xcc /tmp/MYR175-Clean-iOS-DD/SDKStatCaches.noindex/iphonesimulator26.5-23F73-688ef53f1462e2c8f657fdc38a81448ffb7d586738ff35573a713a18216ade27.sdkstatcache -output-file-map /tmp/MYR175-Clean-iOS-DD/Build/Intermediates.noindex/MyRAM.build/Debug-iphonesimulator/MyRAMTests.build/Objects-normal/arm64/MyRAMTests-OutputFileMap.json -use-frontend-parseable-output -save-temps -no-color-diagnostics -explicit-module-build -module-cache-path /tmp/MYR175-Clean-iOS-DD/Build/Intermediates.noindex/SwiftExplicitPrecompiledModules -clang-scanner-module-cache-path /tmp/MYR175-Clean-iOS-DD/ModuleCache.noindex -sdk-module-cache-path /tmp/MYR175-Clean-iOS-DD/ModuleCache.noindex -serialize-diagnostics -emit-dependencies -emit-module -emit-module-path /tmp/MYR175-Clean-iOS-DD/Build/Intermediates.noindex/MyRAM.build/Debug-iphonesimulator/MyRAMTests.build/Objects-normal/arm64/MyRAMTests.swiftmodule -validate-clang-modules-once -clang-build-session-file /tmp/MYR175-Clean-iOS-DD/ModuleCache.noindex/Session.modulevalidation -Xcc -I/tmp/MYR175-Clean-iOS-DD/Build/Intermediates.noindex/MyRAM.build/Debug-iphonesimulator/MyRAMTests.build/swift-overrides.hmap -emit-const-values -Xfrontend -const-gather-protocols-file -Xfrontend /tmp/MYR175-Clean-iOS-DD/Build/Intermediates.noindex/MyRAM.build/Debug-iphonesimulator/MyRAMTests.build/Objects-normal/arm64/MyRAMTests_const_extract_protocols.json -Xcc -iquote -Xcc /tmp/MYR175-Clean-iOS-DD/Build/Intermediates.noindex/MyRAM.build/Debug-iphonesimulator/MyRAMTests.build/MyRAMTests-generated-files.hmap -Xcc -I/tmp/MYR175-Clean-iOS-DD/Build/Intermediates.noindex/MyRAM.build/Debug-iphonesimulator/MyRAMTests.build/MyRAMTests-own-target-headers.hmap -Xcc -I/tmp/MYR175-Clean-iOS-DD/Build/Intermediates.noindex/MyRAM.build/Debug-iphonesimulator/MyRAMTests.build/MyRAMTests-all-non-framework-target-headers.hmap -Xcc -ivfsoverlay -Xcc /tmp/MYR175-Clean-iOS-DD/Build/Intermediates.noindex/MyRAM.build/Debug-iphonesimulator/MyRAM-98a9cbde253e8e955bc92731eb290203-VFS-iphonesimulator/all-product-headers.yaml -Xcc -iquote -Xcc /tmp/MYR175-Clean-iOS-DD/Build/Intermediates.noindex/MyRAM.build/Debug-iphonesimulator/MyRAMTests.build/MyRAMTests-project-headers.hmap -Xcc -I/tmp/MYR175-Clean-iOS-DD/Build/Products/Debug-iphonesimulator/include -Xcc -I/tmp/MYR175-Clean-iOS-DD/Build/Intermediates.noindex/MyRAM.build/Debug-iphonesimulator/MyRAMTests.build/DerivedSources-normal/arm64 -Xcc -I/tmp/MYR175-Clean-iOS-DD/Build/Intermediates.noindex/MyRAM.build/Debug-iphonesimulator/MyRAMTests.build/DerivedSources/arm64 -Xcc -I/tmp/MYR175-Clean-iOS-DD/Build/Intermediates.noindex/MyRAM.build/Debug-iphonesimulator/MyRAMTests.build/DerivedSources -Xcc -DDEBUG\=1 -emit-objc-header -emit-objc-header-path /tmp/MYR175-Clean-iOS-DD/Build/Intermediates.noindex/MyRAM.build/Debug-iphonesimulator/MyRAMTests.build/Objects-normal/arm64/MyRAMTests-Swift.h -working-directory /Users/runner/work/MyRAM-iOS/MyRAM-iOS/MyRAM-iOS -experimental-emit-module-separately -disable-cmo

Ld /tmp/MYR175-Clean-iOS-DD/Build/Products/Debug-iphonesimulator/MyRAM.app/PlugIns/MyRAMTests.xctest/MyRAMTests normal (in target 'MyRAMTests' from project 'MyRAM')
    cd /Users/runner/work/MyRAM-iOS/MyRAM-iOS/MyRAM-iOS
    /Applications/Xcode_26.5.app/Contents/Developer/Toolchains/XcodeDefault.xctoolchain/usr/bin/clang -Xlinker -reproducible -target arm64-apple-ios17.0-simulator -bundle -isysroot /Applications/Xcode_26.5.app/Contents/Developer/Platforms/iPhoneSimulator.platform/Developer/SDKs/iPhoneSimulator26.5.sdk -O0 -L/tmp/MYR175-Clean-iOS-DD/Build/Intermediates.noindex/EagerLinkingTBDs/Debug-iphonesimulator -L/tmp/MYR175-Clean-iOS-DD/Build/Products/Debug-iphonesimulator -L/Applications/Xcode_26.5.app/Contents/Developer/Platforms/iPhoneSimulator.platform/Developer/usr/lib -F/tmp/MYR175-Clean-iOS-DD/Build/Intermediates.noindex/EagerLinkingTBDs/Debug-iphonesimulator -F/tmp/MYR175-Clean-iOS-DD/Build/Products/Debug-iphonesimulator/PackageFrameworks -F/tmp/MYR175-Clean-iOS-DD/Build/Products/Debug-iphonesimulator/PackageFrameworks -F/tmp/MYR175-Clean-iOS-DD/Build/Products/Debug-iphonesimulator/PackageFrameworks -F/tmp/MYR175-Clean-iOS-DD/Build/Products/Debug-iphonesimulator -iframework /Applications/Xcode_26.5.app/Contents/Developer/Platforms/iPhoneSimulator.platform/Developer/Library/Frameworks -iframework /Applications/Xcode_26.5.app/Contents/Developer/Platforms/iPhoneSimulator.platform/Developer/SDKs/iPhoneSimulator26.5.sdk/Developer/Library/Frameworks -filelist /tmp/MYR175-Clean-iOS-DD/Build/Intermediates.noindex/MyRAM.build/Debug-iphonesimulator/MyRAMTests.build/Objects-normal/arm64/MyRAMTests.LinkFileList -Xlinker -rpath -Xlinker /usr/lib/swift -Xlinker -rpath -Xlinker /tmp/MYR175-Clean-iOS-DD/Build/Products/Debug-iphonesimulator/PackageFrameworks -Xlinker -rpath -Xlinker @loader_path/Frameworks -Xlinker -rpath -Xlinker @executable_path/Frameworks -Xlinker -dead_strip -bundle_loader /tmp/MYR175-Clean-iOS-DD/Build/Products/Debug-iphonesimulator/MyRAM.app/MyRAM -Xlinker -object_path_lto -Xlinker /tmp/MYR175-Clean-iOS-DD/Build/Intermediates.noindex/MyRAM.build/Debug-iphonesimulator/MyRAMTests.build/Objects-normal/arm64/MyRAMTests_lto.o -rdynamic -Xlinker -no_deduplicate -Xlinker -objc_abi_version -Xlinker 2 -Xlinker -dependency_info -Xlinker /tmp/MYR175-Clean-iOS-DD/Build/Intermediates.noindex/MyRAM.build/Debug-iphonesimulator/MyRAMTests.build/Objects-normal/arm64/MyRAMTests_dependency_info.dat -fobjc-link-runtime -L/Applications/Xcode_26.5.app/Contents/Developer/Toolchains/XcodeDefault.xctoolchain/usr/lib/swift/iphonesimulator -L/usr/lib/swift -Xlinker -add_ast_path -Xlinker /tmp/MYR175-Clean-iOS-DD/Build/Intermediates.noindex/MyRAM.build/Debug-iphonesimulator/MyRAMTests.build/Objects-normal/arm64/MyRAMTests.swiftmodule @/tmp/MYR175-Clean-iOS-DD/Build/Intermediates.noindex/MyRAM.build/Debug-iphonesimulator/MyRAMTests.build/Objects-normal/arm64/MyRAMTests-linker-args.resp -Wl,-no_warn_duplicate_libraries -Wl,-no_warn_duplicate_libraries -Wl,-no_warn_duplicate_libraries -Xlinker -needed_framework -Xlinker XCTest -framework XCTest -Xlinker -needed-lXCTestSwiftSupport -lXCTestSwiftSupport /tmp/MYR175-Clean-iOS-DD/Build/Products/Debug-iphonesimulator/PackageFrameworks/AnchoredSequenceCore_-65B9EEE52AB2106_PackageProduct.framework/AnchoredSequenceCore_-65B9EEE52AB2106_PackageProduct /tmp/MYR175-Clean-iOS-DD/Build/Products/Debug-iphonesimulator/MyRAM.app/MyRAM.debug.dylib -o /tmp/MYR175-Clean-iOS-DD/Build/Products/Debug-iphonesimulator/MyRAM.app/PlugIns/MyRAMTests.xctest/MyRAMTests

CopySwiftLibs /tmp/MYR175-Clean-iOS-DD/Build/Products/Debug-iphonesimulator/MyRAM.app/PlugIns/MyRAMTests.xctest (in target 'MyRAMTests' from project 'MyRAM')
    cd /Users/runner/work/MyRAM-iOS/MyRAM-iOS/MyRAM-iOS
    builtin-swiftStdLibTool --copy --verbose --scan-executable /tmp/MYR175-Clean-iOS-DD/Build/Products/Debug-iphonesimulator/MyRAM.app/PlugIns/MyRAMTests.xctest/MyRAMTests --scan-folder /tmp/MYR175-Clean-iOS-DD/Build/Products/Debug-iphonesimulator/MyRAM.app/PlugIns/MyRAMTests.xctest/Frameworks --scan-folder /tmp/MYR175-Clean-iOS-DD/Build/Products/Debug-iphonesimulator/MyRAM.app/PlugIns/MyRAMTests.xctest/PlugIns --scan-folder /tmp/MYR175-Clean-iOS-DD/Build/Products/Debug-iphonesimulator/MyRAM.app/PlugIns/MyRAMTests.xctest/SystemExtensions --scan-folder /tmp/MYR175-Clean-iOS-DD/Build/Products/Debug-iphonesimulator/MyRAM.app/PlugIns/MyRAMTests.xctest/Extensions --scan-folder /tmp/MYR175-Clean-iOS-DD/Build/Products/Debug-iphonesimulator/PackageFrameworks/AnchoredSequenceCore_-65B9EEE52AB2106_PackageProduct.framework --platform iphonesimulator --toolchain /var/run/com.apple.security.cryptexd/mnt/com.apple.MobileAsset.MetalToolchain-v17.6.42.0.nr4Lpi/Metal.xctoolchain --toolchain /Applications/Xcode_26.5.app/Contents/Developer/Toolchains/XcodeDefault.xctoolchain --destination /tmp/MYR175-Clean-iOS-DD/Build/Products/Debug-iphonesimulator/MyRAM.app/PlugIns/MyRAMTests.xctest/Frameworks --strip-bitcode --scan-executable /Applications/Xcode_26.5.app/Contents/Developer/Platforms/iPhoneSimulator.platform/Developer/usr/lib/libXCTestSwiftSupport.dylib --strip-bitcode-tool /Applications/Xcode_26.5.app/Contents/Developer/Toolchains/XcodeDefault.xctoolchain/usr/bin/bitcode_strip --emit-dependency-info /tmp/MYR175-Clean-iOS-DD/Build/Intermediates.noindex/MyRAM.build/Debug-iphonesimulator/MyRAMTests.build/SwiftStdLibToolInputDependencies.dep --filter-for-swift-os
Ignoring --strip-bitcode because --sign was not passed

ExtractAppIntentsMetadata (in target 'MyRAMTests' from project 'MyRAM')
    cd /Users/runner/work/MyRAM-iOS/MyRAM-iOS/MyRAM-iOS
    /Applications/Xcode_26.5.app/Contents/Developer/Toolchains/XcodeDefault.xctoolchain/usr/bin/appintentsmetadataprocessor --toolchain-dir /var/run/com.apple.security.cryptexd/mnt/com.apple.MobileAsset.MetalToolchain-v17.6.42.0.nr4Lpi/Metal.xctoolchain --module-name MyRAMTests --sdk-root /Applications/Xcode_26.5.app/Contents/Developer/Platforms/iPhoneSimulator.platform/Developer/SDKs/iPhoneSimulator26.5.sdk --xcode-version 17F42 --platform-family iOS --deployment-target 17.0 --bundle-identifier com.apexcoretechs.MyRAMTests --output /tmp/MYR175-Clean-iOS-DD/Build/Products/Debug-iphonesimulator/MyRAM.app/PlugIns/MyRAMTests.xctest --target-triple arm64-apple-ios17.0-simulator --binary-file /tmp/MYR175-Clean-iOS-DD/Build/Products/Debug-iphonesimulator/MyRAM.app/PlugIns/MyRAMTests.xctest/MyRAMTests --dependency-file /tmp/MYR175-Clean-iOS-DD/Build/Intermediates.noindex/MyRAM.build/Debug-iphonesimulator/MyRAMTests.build/Objects-normal/arm64/MyRAMTests_dependency_info.dat --stringsdata-file /tmp/MYR175-Clean-iOS-DD/Build/Intermediates.noindex/MyRAM.build/Debug-iphonesimulator/MyRAMTests.build/Objects-normal/arm64/ExtractedAppShortcutsMetadata.stringsdata --source-file-list /tmp/MYR175-Clean-iOS-DD/Build/Intermediates.noindex/MyRAM.build/Debug-iphonesimulator/MyRAMTests.build/Objects-normal/arm64/MyRAMTests.SwiftFileList --metadata-file-list /tmp/MYR175-Clean-iOS-DD/Build/Intermediates.noindex/MyRAM.build/Debug-iphonesimulator/MyRAMTests.build/MyRAMTests.DependencyMetadataFileList --static-metadata-file-list /tmp/MYR175-Clean-iOS-DD/Build/Intermediates.noindex/MyRAM.build/Debug-iphonesimulator/MyRAMTests.build/MyRAMTests.DependencyStaticMetadataFileList --swift-const-vals-list /tmp/MYR175-Clean-iOS-DD/Build/Intermediates.noindex/MyRAM.build/Debug-iphonesimulator/MyRAMTests.build/Objects-normal/arm64/MyRAMTests.SwiftConstValuesFileList --compile-time-extraction --deployment-aware-processing --validate-assistant-intents --no-app-shortcuts-localization
2026-08-04 16:51:03.867 appintentsmetadataprocessor[4699:17357] Starting appintentsmetadataprocessor export
2026-08-04 16:51:03.892 appintentsmetadataprocessor[4699:17357] Extracted no relevant App Intents symbols, skipping writing output

AppIntentsSSUTraining (in target 'MyRAMTests' from project 'MyRAM')
    cd /Users/runner/work/MyRAM-iOS/MyRAM-iOS/MyRAM-iOS
    /Applications/Xcode_26.5.app/Contents/Developer/Toolchains/XcodeDefault.xctoolchain/usr/bin/appintentsnltrainingprocessor --infoplist-path /tmp/MYR175-Clean-iOS-DD/Build/Products/Debug-iphonesimulator/MyRAM.app/PlugIns/MyRAMTests.xctest/Info.plist --temp-dir-path /tmp/MYR175-Clean-iOS-DD/Build/Intermediates.noindex/MyRAM.build/Debug-iphonesimulator/MyRAMTests.build/ssu --bundle-id com.apexcoretechs.MyRAMTests --product-path /tmp/MYR175-Clean-iOS-DD/Build/Products/Debug-iphonesimulator/MyRAM.app/PlugIns/MyRAMTests.xctest --extracted-metadata-path /tmp/MYR175-Clean-iOS-DD/Build/Products/Debug-iphonesimulator/MyRAM.app/PlugIns/MyRAMTests.xctest/Metadata.appintents --metadata-file-list /tmp/MYR175-Clean-iOS-DD/Build/Intermediates.noindex/MyRAM.build/Debug-iphonesimulator/MyRAMTests.build/MyRAMTests.DependencyMetadataFileList --source-file /tmp/MYR175-Clean-iOS-DD/Build/Products/Debug-iphonesimulator/MyRAM.app/PlugIns/MyRAMTests.xctest/Info.plist --archive-ssu-assets
2026-08-04 16:51:03.924 appintentsnltrainingprocessor[4700:17360] Parsing options for appintentsnltrainingprocessor
2026-08-04 16:51:03.925 appintentsnltrainingprocessor[4700:17360] Starting AppIntents SSU YAML Generation
2026-08-04 16:51:03.925 appintentsnltrainingprocessor[4700:17360] No AppShortcuts found - Skipping.

RegisterExecutionPolicyException /tmp/MYR175-Clean-iOS-DD/Build/Products/Debug-iphonesimulator/MyRAM.app/PlugIns/MyRAMTests.xctest (in target 'MyRAMTests' from project 'MyRAM')
    cd /Users/runner/work/MyRAM-iOS/MyRAM-iOS/MyRAM-iOS
    builtin-RegisterExecutionPolicyException /tmp/MYR175-Clean-iOS-DD/Build/Products/Debug-iphonesimulator/MyRAM.app/PlugIns/MyRAMTests.xctest

Touch /tmp/MYR175-Clean-iOS-DD/Build/Products/Debug-iphonesimulator/MyRAM.app/PlugIns/MyRAMTests.xctest (in target 'MyRAMTests' from project 'MyRAM')
    cd /Users/runner/work/MyRAM-iOS/MyRAM-iOS/MyRAM-iOS
    /usr/bin/touch -c /tmp/MYR175-Clean-iOS-DD/Build/Products/Debug-iphonesimulator/MyRAM.app/PlugIns/MyRAMTests.xctest

RegisterExecutionPolicyException /tmp/MYR175-Clean-iOS-DD/Build/Products/Debug-iphonesimulator/MyRAM.app (in target 'MyRAM' from project 'MyRAM')
    cd /Users/runner/work/MyRAM-iOS/MyRAM-iOS/MyRAM-iOS
    builtin-RegisterExecutionPolicyException /tmp/MYR175-Clean-iOS-DD/Build/Products/Debug-iphonesimulator/MyRAM.app

Validate /tmp/MYR175-Clean-iOS-DD/Build/Products/Debug-iphonesimulator/MyRAM.app (in target 'MyRAM' from project 'MyRAM')
    cd /Users/runner/work/MyRAM-iOS/MyRAM-iOS/MyRAM-iOS
    builtin-validationUtility /tmp/MYR175-Clean-iOS-DD/Build/Products/Debug-iphonesimulator/MyRAM.app -shallow-bundle -infoplist-subpath Info.plist

Touch /tmp/MYR175-Clean-iOS-DD/Build/Products/Debug-iphonesimulator/MyRAM.app (in target 'MyRAM' from project 'MyRAM')
    cd /Users/runner/work/MyRAM-iOS/MyRAM-iOS/MyRAM-iOS
    /usr/bin/touch -c /tmp/MYR175-Clean-iOS-DD/Build/Products/Debug-iphonesimulator/MyRAM.app

ProcessInfoPlistFile /tmp/MYR175-Clean-iOS-DD/Build/Products/Debug-iphonesimulator/MyRAMUITests-Runner.app/PlugIns/MyRAMUITests.xctest/Info.plist /tmp/MYR175-Clean-iOS-DD/Build/Intermediates.noindex/MyRAM.build/Debug-iphonesimulator/MyRAMUITests.build/empty-MyRAMUITests.plist (in target 'MyRAMUITests' from project 'MyRAM')
    cd /Users/runner/work/MyRAM-iOS/MyRAM-iOS/MyRAM-iOS
    builtin-infoPlistUtility /tmp/MYR175-Clean-iOS-DD/Build/Intermediates.noindex/MyRAM.build/Debug-iphonesimulator/MyRAMUITests.build/empty-MyRAMUITests.plist -producttype com.apple.product-type.bundle.ui-testing -expandbuildsettings -format binary -platform iphonesimulator -additionalcontentfile /tmp/MYR175-Clean-iOS-DD/Build/Intermediates.noindex/MyRAM.build/Debug-iphonesimulator/MyRAMUITests.build/ProductTypeInfoPlistAdditions.plist -o /tmp/MYR175-Clean-iOS-DD/Build/Products/Debug-iphonesimulator/MyRAMUITests-Runner.app/PlugIns/MyRAMUITests.xctest/Info.plist

Ld /tmp/MYR175-Clean-iOS-DD/Build/Products/Debug-iphonesimulator/MyRAMUITests-Runner.app/PlugIns/MyRAMUITests.xctest/MyRAMUITests normal (in target 'MyRAMUITests' from project 'MyRAM')
    cd /Users/runner/work/MyRAM-iOS/MyRAM-iOS/MyRAM-iOS
    /Applications/Xcode_26.5.app/Contents/Developer/Toolchains/XcodeDefault.xctoolchain/usr/bin/clang -Xlinker -reproducible -target arm64-apple-ios17.0-simulator -bundle -isysroot /Applications/Xcode_26.5.app/Contents/Developer/Platforms/iPhoneSimulator.platform/Developer/SDKs/iPhoneSimulator26.5.sdk -O0 -L/tmp/MYR175-Clean-iOS-DD/Build/Intermediates.noindex/EagerLinkingTBDs/Debug-iphonesimulator -L/tmp/MYR175-Clean-iOS-DD/Build/Products/Debug-iphonesimulator -L/Applications/Xcode_26.5.app/Contents/Developer/Platforms/iPhoneSimulator.platform/Developer/usr/lib -F/tmp/MYR175-Clean-iOS-DD/Build/Intermediates.noindex/EagerLinkingTBDs/Debug-iphonesimulator -F/tmp/MYR175-Clean-iOS-DD/Build/Products/Debug-iphonesimulator -iframework /Applications/Xcode_26.5.app/Contents/Developer/Platforms/iPhoneSimulator.platform/Developer/Library/Frameworks -iframework /Applications/Xcode_26.5.app/Contents/Developer/Platforms/iPhoneSimulator.platform/Developer/SDKs/iPhoneSimulator26.5.sdk/Developer/Library/Frameworks -filelist /tmp/MYR175-Clean-iOS-DD/Build/Intermediates.noindex/MyRAM.build/Debug-iphonesimulator/MyRAMUITests.build/Objects-normal/arm64/MyRAMUITests.LinkFileList -Xlinker -rpath -Xlinker /usr/lib/swift -Xlinker -rpath -Xlinker @loader_path/Frameworks -Xlinker -dead_strip -Xlinker -object_path_lto -Xlinker /tmp/MYR175-Clean-iOS-DD/Build/Intermediates.noindex/MyRAM.build/Debug-iphonesimulator/MyRAMUITests.build/Objects-normal/arm64/MyRAMUITests_lto.o -rdynamic -Xlinker -no_deduplicate -Xlinker -objc_abi_version -Xlinker 2 -Xlinker -dependency_info -Xlinker /tmp/MYR175-Clean-iOS-DD/Build/Intermediates.noindex/MyRAM.build/Debug-iphonesimulator/MyRAMUITests.build/Objects-normal/arm64/MyRAMUITests_dependency_info.dat -fobjc-link-runtime -L/Applications/Xcode_26.5.app/Contents/Developer/Toolchains/XcodeDefault.xctoolchain/usr/lib/swift/iphonesimulator -L/usr/lib/swift -Xlinker -add_ast_path -Xlinker /tmp/MYR175-Clean-iOS-DD/Build/Intermediates.noindex/MyRAM.build/Debug-iphonesimulator/MyRAMUITests.build/Objects-normal/arm64/MyRAMUITests.swiftmodule @/tmp/MYR175-Clean-iOS-DD/Build/Intermediates.noindex/MyRAM.build/Debug-iphonesimulator/MyRAMUITests.build/Objects-normal/arm64/MyRAMUITests-linker-args.resp -Xlinker -needed_framework -Xlinker XCTest -framework XCTest -Xlinker -needed-lXCTestSwiftSupport -lXCTestSwiftSupport -o /tmp/MYR175-Clean-iOS-DD/Build/Products/Debug-iphonesimulator/MyRAMUITests-Runner.app/PlugIns/MyRAMUITests.xctest/MyRAMUITests

CopySwiftLibs /tmp/MYR175-Clean-iOS-DD/Build/Products/Debug-iphonesimulator/MyRAMUITests-Runner.app/PlugIns/MyRAMUITests.xctest (in target 'MyRAMUITests' from project 'MyRAM')
    cd /Users/runner/work/MyRAM-iOS/MyRAM-iOS/MyRAM-iOS
    builtin-swiftStdLibTool --copy --verbose --scan-executable /tmp/MYR175-Clean-iOS-DD/Build/Products/Debug-iphonesimulator/MyRAMUITests-Runner.app/PlugIns/MyRAMUITests.xctest/MyRAMUITests --scan-folder /tmp/MYR175-Clean-iOS-DD/Build/Products/Debug-iphonesimulator/MyRAMUITests-Runner.app/PlugIns/MyRAMUITests.xctest/Frameworks --scan-folder /tmp/MYR175-Clean-iOS-DD/Build/Products/Debug-iphonesimulator/MyRAMUITests-Runner.app/PlugIns/MyRAMUITests.xctest/PlugIns --scan-folder /tmp/MYR175-Clean-iOS-DD/Build/Products/Debug-iphonesimulator/MyRAMUITests-Runner.app/PlugIns/MyRAMUITests.xctest/SystemExtensions --scan-folder /tmp/MYR175-Clean-iOS-DD/Build/Products/Debug-iphonesimulator/MyRAMUITests-Runner.app/PlugIns/MyRAMUITests.xctest/Extensions --platform iphonesimulator --toolchain /var/run/com.apple.security.cryptexd/mnt/com.apple.MobileAsset.MetalToolchain-v17.6.42.0.nr4Lpi/Metal.xctoolchain --toolchain /Applications/Xcode_26.5.app/Contents/Developer/Toolchains/XcodeDefault.xctoolchain --destination /tmp/MYR175-Clean-iOS-DD/Build/Products/Debug-iphonesimulator/MyRAMUITests-Runner.app/PlugIns/MyRAMUITests.xctest/Frameworks --strip-bitcode --scan-executable /Applications/Xcode_26.5.app/Contents/Developer/Platforms/iPhoneSimulator.platform/Developer/usr/lib/libXCTestSwiftSupport.dylib --strip-bitcode-tool /Applications/Xcode_26.5.app/Contents/Developer/Toolchains/XcodeDefault.xctoolchain/usr/bin/bitcode_strip --emit-dependency-info /tmp/MYR175-Clean-iOS-DD/Build/Intermediates.noindex/MyRAM.build/Debug-iphonesimulator/MyRAMUITests.build/SwiftStdLibToolInputDependencies.dep --filter-for-swift-os
Ignoring --strip-bitcode because --sign was not passed

ExtractAppIntentsMetadata (in target 'MyRAMUITests' from project 'MyRAM')
    cd /Users/runner/work/MyRAM-iOS/MyRAM-iOS/MyRAM-iOS
    /Applications/Xcode_26.5.app/Contents/Developer/Toolchains/XcodeDefault.xctoolchain/usr/bin/appintentsmetadataprocessor --toolchain-dir /var/run/com.apple.security.cryptexd/mnt/com.apple.MobileAsset.MetalToolchain-v17.6.42.0.nr4Lpi/Metal.xctoolchain --module-name MyRAMUITests --sdk-root /Applications/Xcode_26.5.app/Contents/Developer/Platforms/iPhoneSimulator.platform/Developer/SDKs/iPhoneSimulator26.5.sdk --xcode-version 17F42 --platform-family iOS --deployment-target 17.0 --bundle-identifier com.apexcoretechs.MyRAMUITests --output /tmp/MYR175-Clean-iOS-DD/Build/Products/Debug-iphonesimulator/MyRAMUITests-Runner.app/PlugIns/MyRAMUITests.xctest --target-triple arm64-apple-ios17.0-simulator --binary-file /tmp/MYR175-Clean-iOS-DD/Build/Products/Debug-iphonesimulator/MyRAMUITests-Runner.app/PlugIns/MyRAMUITests.xctest/MyRAMUITests --dependency-file /tmp/MYR175-Clean-iOS-DD/Build/Intermediates.noindex/MyRAM.build/Debug-iphonesimulator/MyRAMUITests.build/Objects-normal/arm64/MyRAMUITests_dependency_info.dat --stringsdata-file /tmp/MYR175-Clean-iOS-DD/Build/Intermediates.noindex/MyRAM.build/Debug-iphonesimulator/MyRAMUITests.build/Objects-normal/arm64/ExtractedAppShortcutsMetadata.stringsdata --source-file-list /tmp/MYR175-Clean-iOS-DD/Build/Intermediates.noindex/MyRAM.build/Debug-iphonesimulator/MyRAMUITests.build/Objects-normal/arm64/MyRAMUITests.SwiftFileList --metadata-file-list /tmp/MYR175-Clean-iOS-DD/Build/Intermediates.noindex/MyRAM.build/Debug-iphonesimulator/MyRAMUITests.build/MyRAMUITests.DependencyMetadataFileList --static-metadata-file-list /tmp/MYR175-Clean-iOS-DD/Build/Intermediates.noindex/MyRAM.build/Debug-iphonesimulator/MyRAMUITests.build/MyRAMUITests.DependencyStaticMetadataFileList --swift-const-vals-list /tmp/MYR175-Clean-iOS-DD/Build/Intermediates.noindex/MyRAM.build/Debug-iphonesimulator/MyRAMUITests.build/Objects-normal/arm64/MyRAMUITests.SwiftConstValuesFileList --compile-time-extraction --deployment-aware-processing --validate-assistant-intents --no-app-shortcuts-localization
2026-08-04 16:51:04.386 appintentsmetadataprocessor[4707:17381] Starting appintentsmetadataprocessor export
2026-08-04 16:51:04.387 appintentsmetadataprocessor[4707:17381] warning: Metadata extraction skipped. No AppIntents.framework dependency found.

AppIntentsSSUTraining (in target 'MyRAMUITests' from project 'MyRAM')
    cd /Users/runner/work/MyRAM-iOS/MyRAM-iOS/MyRAM-iOS
    /Applications/Xcode_26.5.app/Contents/Developer/Toolchains/XcodeDefault.xctoolchain/usr/bin/appintentsnltrainingprocessor --infoplist-path /tmp/MYR175-Clean-iOS-DD/Build/Products/Debug-iphonesimulator/MyRAMUITests-Runner.app/PlugIns/MyRAMUITests.xctest/Info.plist --temp-dir-path /tmp/MYR175-Clean-iOS-DD/Build/Intermediates.noindex/MyRAM.build/Debug-iphonesimulator/MyRAMUITests.build/ssu --bundle-id com.apexcoretechs.MyRAMUITests --product-path /tmp/MYR175-Clean-iOS-DD/Build/Products/Debug-iphonesimulator/MyRAMUITests-Runner.app/PlugIns/MyRAMUITests.xctest --extracted-metadata-path /tmp/MYR175-Clean-iOS-DD/Build/Products/Debug-iphonesimulator/MyRAMUITests-Runner.app/PlugIns/MyRAMUITests.xctest/Metadata.appintents --metadata-file-list /tmp/MYR175-Clean-iOS-DD/Build/Intermediates.noindex/MyRAM.build/Debug-iphonesimulator/MyRAMUITests.build/MyRAMUITests.DependencyMetadataFileList --source-file /tmp/MYR175-Clean-iOS-DD/Build/Products/Debug-iphonesimulator/MyRAMUITests-Runner.app/PlugIns/MyRAMUITests.xctest/Info.plist --archive-ssu-assets
2026-08-04 16:51:04.406 appintentsnltrainingprocessor[4708:17382] Parsing options for appintentsnltrainingprocessor
2026-08-04 16:51:04.406 appintentsnltrainingprocessor[4708:17382] Starting AppIntents SSU YAML Generation
2026-08-04 16:51:04.407 appintentsnltrainingprocessor[4708:17382] No AppShortcuts found - Skipping.

MkDir /tmp/MYR175-Clean-iOS-DD/Build/Products/Debug-iphonesimulator/MyRAMUITests-Runner.app (in target 'MyRAMUITests' from project 'MyRAM')
    cd /Users/runner/work/MyRAM-iOS/MyRAM-iOS/MyRAM-iOS
    /bin/mkdir -p /tmp/MYR175-Clean-iOS-DD/Build/Products/Debug-iphonesimulator/MyRAMUITests-Runner.app

CopyPlistFile /tmp/MYR175-Clean-iOS-DD/Build/Products/Debug-iphonesimulator/MyRAMUITests-Runner.app/Info.plist /Applications/Xcode_26.5.app/Contents/Developer/Platforms/iPhoneSimulator.platform/Developer/Library/Xcode/Agents/XCTRunner.app/Info.plist (in target 'MyRAMUITests' from project 'MyRAM')
    cd /Users/runner/work/MyRAM-iOS/MyRAM-iOS/MyRAM-iOS
    builtin-copyPlist --validate --convert xml1 --macro-expansion WRAPPEDPRODUCTNAME MyRAMUITests-Runner --macro-expansion WRAPPEDPRODUCTBUNDLEIDENTIFIER com.apexcoretechs.MyRAMUITests.xctrunner --macro-expansion TESTPRODUCTNAME MyRAMUITests --macro-expansion TESTPRODUCTBUNDLEIDENTIFIER com.apexcoretechs.MyRAMUITests --copy-value UIDeviceFamily /tmp/MYR175-Clean-iOS-DD/Build/Products/Debug-iphonesimulator/MyRAMUITests-Runner.app/PlugIns/MyRAMUITests.xctest/Info.plist --outdir /tmp/MYR175-Clean-iOS-DD/Build/Products/Debug-iphonesimulator/MyRAMUITests-Runner.app -- /Applications/Xcode_26.5.app/Contents/Developer/Platforms/iPhoneSimulator.platform/Developer/Library/Xcode/Agents/XCTRunner.app/Info.plist

CopyAndPreserveArchs /tmp/MYR175-Clean-iOS-DD/Build/Products/Debug-iphonesimulator/MyRAMUITests-Runner.app/MyRAMUITests-Runner (in target 'MyRAMUITests' from project 'MyRAM')
    cd /Users/runner/work/MyRAM-iOS/MyRAM-iOS/MyRAM-iOS
    /Applications/Xcode_26.5.app/Contents/Developer/Toolchains/XcodeDefault.xctoolchain/usr/bin/lipo /Applications/Xcode_26.5.app/Contents/Developer/Platforms/iPhoneSimulator.platform/Developer/Library/Xcode/Agents/XCTRunner.app/XCTRunner -output /tmp/MYR175-Clean-iOS-DD/Build/Products/Debug-iphonesimulator/MyRAMUITests-Runner.app/MyRAMUITests-Runner -extract arm64

Copy /tmp/MYR175-Clean-iOS-DD/Build/Products/Debug-iphonesimulator/MyRAMUITests-Runner.app/PkgInfo /Applications/Xcode_26.5.app/Contents/Developer/Platforms/iPhoneSimulator.platform/Developer/Library/Xcode/Agents/XCTRunner.app/PkgInfo (in target 'MyRAMUITests' from project 'MyRAM')
    cd /Users/runner/work/MyRAM-iOS/MyRAM-iOS/MyRAM-iOS
    builtin-copy -exclude .DS_Store -exclude CVS -exclude .svn -exclude .git -exclude .hg -resolve-src-symlinks /Applications/Xcode_26.5.app/Contents/Developer/Platforms/iPhoneSimulator.platform/Developer/Library/Xcode/Agents/XCTRunner.app/PkgInfo /tmp/MYR175-Clean-iOS-DD/Build/Products/Debug-iphonesimulator/MyRAMUITests-Runner.app

Copy /tmp/MYR175-Clean-iOS-DD/Build/Products/Debug-iphonesimulator/MyRAMUITests-Runner.app/Frameworks/libXCTestSwiftSupport.dylib /Applications/Xcode_26.5.app/Contents/Developer/Platforms/iPhoneSimulator.platform/Developer/usr/lib/libXCTestSwiftSupport.dylib (in target 'MyRAMUITests' from project 'MyRAM')
    cd /Users/runner/work/MyRAM-iOS/MyRAM-iOS/MyRAM-iOS
    builtin-copy -exclude .DS_Store -exclude CVS -exclude .svn -exclude .git -exclude .hg -exclude Headers -exclude PrivateHeaders -exclude Modules -exclude \*.tbd -resolve-src-symlinks /Applications/Xcode_26.5.app/Contents/Developer/Platforms/iPhoneSimulator.platform/Developer/usr/lib/libXCTestSwiftSupport.dylib /tmp/MYR175-Clean-iOS-DD/Build/Products/Debug-iphonesimulator/MyRAMUITests-Runner.app/Frameworks

Copy /tmp/MYR175-Clean-iOS-DD/Build/Products/Debug-iphonesimulator/MyRAMUITests-Runner.app/Frameworks/XCUnit.framework /Applications/Xcode_26.5.app/Contents/Developer/Platforms/iPhoneSimulator.platform/Developer/Library/PrivateFrameworks/XCUnit.framework (in target 'MyRAMUITests' from project 'MyRAM')
    cd /Users/runner/work/MyRAM-iOS/MyRAM-iOS/MyRAM-iOS
    builtin-copy -exclude .DS_Store -exclude CVS -exclude .svn -exclude .git -exclude .hg -exclude Headers -exclude PrivateHeaders -exclude Modules -exclude \*.tbd -resolve-src-symlinks /Applications/Xcode_26.5.app/Contents/Developer/Platforms/iPhoneSimulator.platform/Developer/Library/PrivateFrameworks/XCUnit.framework /tmp/MYR175-Clean-iOS-DD/Build/Products/Debug-iphonesimulator/MyRAMUITests-Runner.app/Frameworks

Copy /tmp/MYR175-Clean-iOS-DD/Build/Products/Debug-iphonesimulator/MyRAMUITests-Runner.app/Frameworks/XCUIAutomation.framework /Applications/Xcode_26.5.app/Contents/Developer/Platforms/iPhoneSimulator.platform/Developer/Library/Frameworks/XCUIAutomation.framework (in target 'MyRAMUITests' from project 'MyRAM')
    cd /Users/runner/work/MyRAM-iOS/MyRAM-iOS/MyRAM-iOS
    builtin-copy -exclude .DS_Store -exclude CVS -exclude .svn -exclude .git -exclude .hg -exclude Headers -exclude PrivateHeaders -exclude Modules -exclude \*.tbd -resolve-src-symlinks /Applications/Xcode_26.5.app/Contents/Developer/Platforms/iPhoneSimulator.platform/Developer/Library/Frameworks/XCUIAutomation.framework /tmp/MYR175-Clean-iOS-DD/Build/Products/Debug-iphonesimulator/MyRAMUITests-Runner.app/Frameworks

Copy /tmp/MYR175-Clean-iOS-DD/Build/Products/Debug-iphonesimulator/MyRAMUITests-Runner.app/Frameworks/XCTestSupport.framework /Applications/Xcode_26.5.app/Contents/Developer/Platforms/iPhoneSimulator.platform/Developer/Library/PrivateFrameworks/XCTestSupport.framework (in target 'MyRAMUITests' from project 'MyRAM')
    cd /Users/runner/work/MyRAM-iOS/MyRAM-iOS/MyRAM-iOS
    builtin-copy -exclude .DS_Store -exclude CVS -exclude .svn -exclude .git -exclude .hg -exclude Headers -exclude PrivateHeaders -exclude Modules -exclude \*.tbd -resolve-src-symlinks /Applications/Xcode_26.5.app/Contents/Developer/Platforms/iPhoneSimulator.platform/Developer/Library/PrivateFrameworks/XCTestSupport.framework /tmp/MYR175-Clean-iOS-DD/Build/Products/Debug-iphonesimulator/MyRAMUITests-Runner.app/Frameworks

Copy /tmp/MYR175-Clean-iOS-DD/Build/Products/Debug-iphonesimulator/MyRAMUITests-Runner.app/Frameworks/XCTestCore.framework /Applications/Xcode_26.5.app/Contents/Developer/Platforms/iPhoneSimulator.platform/Developer/Library/PrivateFrameworks/XCTestCore.framework (in target 'MyRAMUITests' from project 'MyRAM')
    cd /Users/runner/work/MyRAM-iOS/MyRAM-iOS/MyRAM-iOS
    builtin-copy -exclude .DS_Store -exclude CVS -exclude .svn -exclude .git -exclude .hg -exclude Headers -exclude PrivateHeaders -exclude Modules -exclude \*.tbd -resolve-src-symlinks /Applications/Xcode_26.5.app/Contents/Developer/Platforms/iPhoneSimulator.platform/Developer/Library/PrivateFrameworks/XCTestCore.framework /tmp/MYR175-Clean-iOS-DD/Build/Products/Debug-iphonesimulator/MyRAMUITests-Runner.app/Frameworks

Copy /tmp/MYR175-Clean-iOS-DD/Build/Products/Debug-iphonesimulator/MyRAMUITests-Runner.app/Frameworks/XCTest.framework /Applications/Xcode_26.5.app/Contents/Developer/Platforms/iPhoneSimulator.platform/Developer/Library/Frameworks/XCTest.framework (in target 'MyRAMUITests' from project 'MyRAM')
    cd /Users/runner/work/MyRAM-iOS/MyRAM-iOS/MyRAM-iOS
    builtin-copy -exclude .DS_Store -exclude CVS -exclude .svn -exclude .git -exclude .hg -exclude Headers -exclude PrivateHeaders -exclude Modules -exclude \*.tbd -resolve-src-symlinks /Applications/Xcode_26.5.app/Contents/Developer/Platforms/iPhoneSimulator.platform/Developer/Library/Frameworks/XCTest.framework /tmp/MYR175-Clean-iOS-DD/Build/Products/Debug-iphonesimulator/MyRAMUITests-Runner.app/Frameworks

Copy /tmp/MYR175-Clean-iOS-DD/Build/Products/Debug-iphonesimulator/MyRAMUITests-Runner.app/Frameworks/XCTAutomationSupport.framework /Applications/Xcode_26.5.app/Contents/Developer/Platforms/iPhoneSimulator.platform/Developer/Library/PrivateFrameworks/XCTAutomationSupport.framework (in target 'MyRAMUITests' from project 'MyRAM')
    cd /Users/runner/work/MyRAM-iOS/MyRAM-iOS/MyRAM-iOS
    builtin-copy -exclude .DS_Store -exclude CVS -exclude .svn -exclude .git -exclude .hg -exclude Headers -exclude PrivateHeaders -exclude Modules -exclude \*.tbd -resolve-src-symlinks /Applications/Xcode_26.5.app/Contents/Developer/Platforms/iPhoneSimulator.platform/Developer/Library/PrivateFrameworks/XCTAutomationSupport.framework /tmp/MYR175-Clean-iOS-DD/Build/Products/Debug-iphonesimulator/MyRAMUITests-Runner.app/Frameworks

Copy /tmp/MYR175-Clean-iOS-DD/Build/Products/Debug-iphonesimulator/MyRAMUITests-Runner.app/Frameworks/Testing.framework /Applications/Xcode_26.5.app/Contents/Developer/Platforms/iPhoneSimulator.platform/Developer/Library/Frameworks/Testing.framework (in target 'MyRAMUITests' from project 'MyRAM')
    cd /Users/runner/work/MyRAM-iOS/MyRAM-iOS/MyRAM-iOS
    builtin-copy -exclude .DS_Store -exclude CVS -exclude .svn -exclude .git -exclude .hg -exclude Headers -exclude PrivateHeaders -exclude Modules -exclude \*.tbd -resolve-src-symlinks /Applications/Xcode_26.5.app/Contents/Developer/Platforms/iPhoneSimulator.platform/Developer/Library/Frameworks/Testing.framework /tmp/MYR175-Clean-iOS-DD/Build/Products/Debug-iphonesimulator/MyRAMUITests-Runner.app/Frameworks

RegisterExecutionPolicyException /tmp/MYR175-Clean-iOS-DD/Build/Products/Debug-iphonesimulator/MyRAMUITests-Runner.app/PlugIns/MyRAMUITests.xctest (in target 'MyRAMUITests' from project 'MyRAM')
    cd /Users/runner/work/MyRAM-iOS/MyRAM-iOS/MyRAM-iOS
    builtin-RegisterExecutionPolicyException /tmp/MYR175-Clean-iOS-DD/Build/Products/Debug-iphonesimulator/MyRAMUITests-Runner.app/PlugIns/MyRAMUITests.xctest

Touch /tmp/MYR175-Clean-iOS-DD/Build/Products/Debug-iphonesimulator/MyRAMUITests-Runner.app/PlugIns/MyRAMUITests.xctest (in target 'MyRAMUITests' from project 'MyRAM')
    cd /Users/runner/work/MyRAM-iOS/MyRAM-iOS/MyRAM-iOS
    /usr/bin/touch -c /tmp/MYR175-Clean-iOS-DD/Build/Products/Debug-iphonesimulator/MyRAMUITests-Runner.app/PlugIns/MyRAMUITests.xctest

✅ Fresh SwiftData store initialized successfully
2026-08-04 16:54:25.336073+0000 MyRAM[5508:22207] [Type Declaration Issues] Type "net.daringfireball.markdown" was expected to be declared and imported in the Info.plist of MyRAM.app, but it was not found.
2026-08-04 16:54:25.749635+0000 MyRAM[5508:22207] [unspecified] container_create_or_lookup_app_group_path_by_app_group_identifier: client is not entitled
Test Suite 'All tests' started at 2026-08-04 16:54:28.438.
Test Suite 'MyRAMTests.xctest' started at 2026-08-04 16:54:28.440.
Test Suite 'ActiveEditorApplicationPolicyTests' started at 2026-08-04 16:54:28.440.
Test Case '-[MyRAMTests.ActiveEditorApplicationPolicyTests testActivePinnedTextEditDefers]' started.
Test Case '-[MyRAMTests.ActiveEditorApplicationPolicyTests testActivePinnedTextEditDefers]' passed (0.002 seconds).
Test Case '-[MyRAMTests.ActiveEditorApplicationPolicyTests testIdleEditorAppliesIncrementally]' started.
Test Case '-[MyRAMTests.ActiveEditorApplicationPolicyTests testIdleEditorAppliesIncrementally]' passed (0.001 seconds).
Test Case '-[MyRAMTests.ActiveEditorApplicationPolicyTests testInactiveSelectedNoteIsIgnoredWithoutReload]' started.
Test Case '-[MyRAMTests.ActiveEditorApplicationPolicyTests testInactiveSelectedNoteIsIgnoredWithoutReload]' passed (0.003 seconds).
Test Case '-[MyRAMTests.ActiveEditorApplicationPolicyTests testLocalBufferOwnershipDefers]' started.
Test Case '-[MyRAMTests.ActiveEditorApplicationPolicyTests testLocalBufferOwnershipDefers]' passed (0.001 seconds).
Test Case '-[MyRAMTests.ActiveEditorApplicationPolicyTests testMarkedTextCompositionDefers]' started.
Test Case '-[MyRAMTests.ActiveEditorApplicationPolicyTests testMarkedTextCompositionDefers]' passed (0.001 seconds).
Test Case '-[MyRAMTests.ActiveEditorApplicationPolicyTests testMissingEditorReloads]' started.
Test Case '-[MyRAMTests.ActiveEditorApplicationPolicyTests testMissingEditorReloads]' passed (0.023 seconds).
Test Case '-[MyRAMTests.ActiveEditorApplicationPolicyTests testPendingLocalCommitDefers]' started.
Test Case '-[MyRAMTests.ActiveEditorApplicationPolicyTests testPendingLocalCommitDefers]' passed (0.002 seconds).
Test Case '-[MyRAMTests.ActiveEditorApplicationPolicyTests testRestoringHistoryDefers]' started.
Test Case '-[MyRAMTests.ActiveEditorApplicationPolicyTests testRestoringHistoryDefers]' passed (0.001 seconds).
Test Case '-[MyRAMTests.ActiveEditorApplicationPolicyTests testStatePolicyAppliesInSafeIdleState]' started.
Test Case '-[MyRAMTests.ActiveEditorApplicationPolicyTests testStatePolicyAppliesInSafeIdleState]' passed (0.001 seconds).
Test Case '-[MyRAMTests.ActiveEditorApplicationPolicyTests testStatePolicyDefersActivePinnedTextEdit]' started.
Test Case '-[MyRAMTests.ActiveEditorApplicationPolicyTests testStatePolicyDefersActivePinnedTextEdit]' passed (0.250 seconds).
Test Case '-[MyRAMTests.ActiveEditorApplicationPolicyTests testStatePolicyDefersApplyingUndo]' started.
Test Case '-[MyRAMTests.ActiveEditorApplicationPolicyTests testStatePolicyDefersApplyingUndo]' passed (0.001 seconds).
Test Case '-[MyRAMTests.ActiveEditorApplicationPolicyTests testStatePolicyDefersMarkedTextComposition]' started.
Test Case '-[MyRAMTests.ActiveEditorApplicationPolicyTests testStatePolicyDefersMarkedTextComposition]' passed (0.001 seconds).
Test Case '-[MyRAMTests.ActiveEditorApplicationPolicyTests testStatePolicyDefersPendingLocalCommit]' started.
Test Case '-[MyRAMTests.ActiveEditorApplicationPolicyTests testStatePolicyDefersPendingLocalCommit]' passed (0.001 seconds).
Test Case '-[MyRAMTests.ActiveEditorApplicationPolicyTests testStatePolicyDefersRestoringHistoryOwner]' started.
Test Case '-[MyRAMTests.ActiveEditorApplicationPolicyTests testStatePolicyDefersRestoringHistoryOwner]' passed (0.001 seconds).
Test Case '-[MyRAMTests.ActiveEditorApplicationPolicyTests testStatePolicyDefersUnsafeOwners]' started.
Test Case '-[MyRAMTests.ActiveEditorApplicationPolicyTests testStatePolicyDefersUnsafeOwners]' passed (0.003 seconds).
Test Case '-[MyRAMTests.ActiveEditorApplicationPolicyTests testStatePolicyIgnoresSelectedNoteMismatch]' started.
Test Case '-[MyRAMTests.ActiveEditorApplicationPolicyTests testStatePolicyIgnoresSelectedNoteMismatch]' passed (0.001 seconds).
Test Case '-[MyRAMTests.ActiveEditorApplicationPolicyTests testUnsafeStateDefersBeforeEditorUnavailableReload]' started.
Test Case '-[MyRAMTests.ActiveEditorApplicationPolicyTests testUnsafeStateDefersBeforeEditorUnavailableReload]' passed (0.001 seconds).
Test Case '-[MyRAMTests.ActiveEditorApplicationPolicyTests testWholeNoteFallbackGateAllowsAuthoritativeReloadWhenPreHashMatches]' started.
Test Case '-[MyRAMTests.ActiveEditorApplicationPolicyTests testWholeNoteFallbackGateAllowsAuthoritativeReloadWhenPreHashMatches]' passed (0.003 seconds).
Test Case '-[MyRAMTests.ActiveEditorApplicationPolicyTests testWholeNoteFallbackGateAllowsAuthoritativeReloadWithoutExpectedPreHash]' started.
Test Case '-[MyRAMTests.ActiveEditorApplicationPolicyTests testWholeNoteFallbackGateAllowsAuthoritativeReloadWithoutExpectedPreHash]' passed (0.002 seconds).
Test Case '-[MyRAMTests.ActiveEditorApplicationPolicyTests testWholeNoteFallbackGateDoesNotBlockNonAuthoritativeReloadReasons]' started.
Test Case '-[MyRAMTests.ActiveEditorApplicationPolicyTests testWholeNoteFallbackGateDoesNotBlockNonAuthoritativeReloadReasons]' passed (0.002 seconds).
Test Case '-[MyRAMTests.ActiveEditorApplicationPolicyTests testWholeNoteFallbackGateReturnsStillPendingWhenPreHashMismatches]' started.
Test Case '-[MyRAMTests.ActiveEditorApplicationPolicyTests testWholeNoteFallbackGateReturnsStillPendingWhenPreHashMismatches]' passed (0.001 seconds).
Test Suite 'ActiveEditorApplicationPolicyTests' passed at 2026-08-04 16:54:29.814.
	 Executed 21 tests, with 0 failures (0 unexpected) in 0.300 (1.373) seconds
Test Suite 'ActiveEditorSyncUpdateHandlerTests' started at 2026-08-04 16:54:29.863.
Test Case '-[MyRAMTests.ActiveEditorSyncUpdateHandlerTests testApplyWithDeferredTitleDispatchRecordsPendingMarkerWithoutImmediateAcknowledgement]' started.
Test Case '-[MyRAMTests.ActiveEditorSyncUpdateHandlerTests testApplyWithDeferredTitleDispatchRecordsPendingMarkerWithoutImmediateAcknowledgement]' passed (0.004 seconds).
Test Case '-[MyRAMTests.ActiveEditorSyncUpdateHandlerTests testDeferredTitleConsumptionAcknowledgesMatchingObservedTitle]' started.
Test Case '-[MyRAMTests.ActiveEditorSyncUpdateHandlerTests testDeferredTitleConsumptionAcknowledgesMatchingObservedTitle]' passed (0.002 seconds).
Test Case '-[MyRAMTests.ActiveEditorSyncUpdateHandlerTests testDeferredTitleConsumptionAcknowledgesMismatchedObservedTitleAsPending]' started.
Test Case '-[MyRAMTests.ActiveEditorSyncUpdateHandlerTests testDeferredTitleConsumptionAcknowledgesMismatchedObservedTitleAsPending]' passed (0.001 seconds).
Test Case '-[MyRAMTests.ActiveEditorSyncUpdateHandlerTests testDeferredTitleDispatchRecordsPendingMarkerWithoutImmediateAcknowledgement]' started.
Test Case '-[MyRAMTests.ActiveEditorSyncUpdateHandlerTests testDeferredTitleDispatchRecordsPendingMarkerWithoutImmediateAcknowledgement]' passed (0.001 seconds).
Test Case '-[MyRAMTests.ActiveEditorSyncUpdateHandlerTests testImmediateDispatcherAcknowledgementCases]' started.
Test Case '-[MyRAMTests.ActiveEditorSyncUpdateHandlerTests testImmediateDispatcherAcknowledgementCases]' passed (0.001 seconds).
Test Case '-[MyRAMTests.ActiveEditorSyncUpdateHandlerTests testTitleObservationWithoutPendingMarkerContinuesNormalEditorHandling]' started.
Test Case '-[MyRAMTests.ActiveEditorSyncUpdateHandlerTests testTitleObservationWithoutPendingMarkerContinuesNormalEditorHandling]' passed (0.001 seconds).
Test Suite 'ActiveEditorSyncUpdateHandlerTests' passed at 2026-08-04 16:54:29.947.
	 Executed 6 tests, with 0 failures (0 unexpected) in 0.009 (0.084) seconds
Test Suite 'EditorFocusSelectionPolicyTests' started at 2026-08-04 16:54:29.948.
Test Case '-[MyRAMTests.EditorFocusSelectionPolicyTests testCachedSelectionRejectsInvalidCachedRange]' started.
Test Case '-[MyRAMTests.EditorFocusSelectionPolicyTests testCachedSelectionRejectsInvalidCachedRange]' passed (0.001 seconds).
Test Case '-[MyRAMTests.EditorFocusSelectionPolicyTests testCachedSelectionUsesFocusedCollapsedCurrentRange]' started.
Test Case '-[MyRAMTests.EditorFocusSelectionPolicyTests testCachedSelectionUsesFocusedCollapsedCurrentRange]' passed (0.001 seconds).
Test Case '-[MyRAMTests.EditorFocusSelectionPolicyTests testCachedSelectionUsesPositiveLengthCachedRangeWhileUnfocused]' started.
Test Case '-[MyRAMTests.EditorFocusSelectionPolicyTests testCachedSelectionUsesPositiveLengthCachedRangeWhileUnfocused]' passed (0.001 seconds).
Test Case '-[MyRAMTests.EditorFocusSelectionPolicyTests testFocusRestoreAcceptsFirstOpenState]' started.
Test Case '-[MyRAMTests.EditorFocusSelectionPolicyTests testFocusRestoreAcceptsFirstOpenState]' passed (0.001 seconds).
Test Case '-[MyRAMTests.EditorFocusSelectionPolicyTests testFocusRestoreAcceptsNewerValidCurrentSelection]' started.
Test Case '-[MyRAMTests.EditorFocusSelectionPolicyTests testFocusRestoreAcceptsNewerValidCurrentSelection]' passed (0.001 seconds).
Test Case '-[MyRAMTests.EditorFocusSelectionPolicyTests testFocusRestoreAcceptsTextEndCaretWithoutFocusAcquisitionFallback]' started.
Test Case '-[MyRAMTests.EditorFocusSelectionPolicyTests testFocusRestoreAcceptsTextEndCaretWithoutFocusAcquisitionFallback]' passed (0.001 seconds).
Test Case '-[MyRAMTests.EditorFocusSelectionPolicyTests testFocusRestoreRejectsInvalidFocusAcquisitionRange]' started.
Test Case '-[MyRAMTests.EditorFocusSelectionPolicyTests testFocusRestoreRejectsInvalidFocusAcquisitionRange]' passed (0.001 seconds).
Test Case '-[MyRAMTests.EditorFocusSelectionPolicyTests testFocusRestoreRejectsInvalidSessionFallback]' started.
Test Case '-[MyRAMTests.EditorFocusSelectionPolicyTests testFocusRestoreRejectsInvalidSessionFallback]' passed (0.001 seconds).
Test Case '-[MyRAMTests.EditorFocusSelectionPolicyTests testFocusRestoreUsesFocusAcquisitionForTransientEndOfDocumentSelection]' started.
Test Case '-[MyRAMTests.EditorFocusSelectionPolicyTests testFocusRestoreUsesFocusAcquisitionForTransientEndOfDocumentSelection]' passed (0.002 seconds).
Test Case '-[MyRAMTests.EditorFocusSelectionPolicyTests testFocusRestoreUsesValidSessionFallbackWhenCurrentRangeIsNotFound]' started.
Test Case '-[MyRAMTests.EditorFocusSelectionPolicyTests testFocusRestoreUsesValidSessionFallbackWhenCurrentRangeIsNotFound]' passed (0.001 seconds).
Test Case '-[MyRAMTests.EditorFocusSelectionPolicyTests testShouldCacheSelectionPreservesExistingPredicate]' started.
Test Case '-[MyRAMTests.EditorFocusSelectionPolicyTests testShouldCacheSelectionPreservesExistingPredicate]' passed (0.002 seconds).
Test Suite 'EditorFocusSelectionPolicyTests' passed at 2026-08-04 16:54:30.069.
	 Executed 11 tests, with 0 failures (0 unexpected) in 0.010 (0.122) seconds
Test Suite 'EditorFormattingMutationApplierTests' started at 2026-08-04 16:54:30.072.
Test Case '-[MyRAMTests.EditorFormattingMutationApplierTests testAppliesDecorationPlanAndSyncsDecorationColor]' started.
Test Case '-[MyRAMTests.EditorFormattingMutationApplierTests testAppliesDecorationPlanAndSyncsDecorationColor]' passed (0.005 seconds).
Test Case '-[MyRAMTests.EditorFormattingMutationApplierTests testAppliesDefaultColorPlanWithAutoDisplayMarker]' started.
Test Case '-[MyRAMTests.EditorFormattingMutationApplierTests testAppliesDefaultColorPlanWithAutoDisplayMarker]' passed (0.002 seconds).
Test Case '-[MyRAMTests.EditorFormattingMutationApplierTests testAppliesExplicitColorPlanAndSyncsActiveDecorationColors]' started.
Test Case '-[MyRAMTests.EditorFormattingMutationApplierTests testAppliesExplicitColorPlanAndSyncsActiveDecorationColors]' passed (0.001 seconds).
Test Case '-[MyRAMTests.EditorFormattingMutationApplierTests testAppliesTraitPlanToSelectedAttributedText]' started.
Test Case '-[MyRAMTests.EditorFormattingMutationApplierTests testAppliesTraitPlanToSelectedAttributedText]' passed (0.002 seconds).
Test Case '-[MyRAMTests.EditorFormattingMutationApplierTests testCollapsedCaretUpdatesTypingAttributesWithoutMutatingAttributedText]' started.
Test Case '-[MyRAMTests.EditorFormattingMutationApplierTests testCollapsedCaretUpdatesTypingAttributesWithoutMutatingAttributedText]' passed (0.005 seconds).
Test Case '-[MyRAMTests.EditorFormattingMutationApplierTests testFontSizePlanClampsSelectedTextToSupportedBoundaries]' started.
Test Case '-[MyRAMTests.EditorFormattingMutationApplierTests testFontSizePlanClampsSelectedTextToSupportedBoundaries]' passed (0.001 seconds).
Test Case '-[MyRAMTests.EditorFormattingMutationApplierTests testInvalidSelectedRangeLeavesAttributedTextUnchanged]' started.
Test Case '-[MyRAMTests.EditorFormattingMutationApplierTests testInvalidSelectedRangeLeavesAttributedTextUnchanged]' passed (0.002 seconds).
Test Case '-[MyRAMTests.EditorFormattingMutationApplierTests testRemovesDecorationPlanAndDecorationColor]' started.
Test Case '-[MyRAMTests.EditorFormattingMutationApplierTests testRemovesDecorationPlanAndDecorationColor]' passed (0.001 seconds).
Test Case '-[MyRAMTests.EditorFormattingMutationApplierTests testRemovesTraitPlanFromSelectedAttributedText]' started.
Test Case '-[MyRAMTests.EditorFormattingMutationApplierTests testRemovesTraitPlanFromSelectedAttributedText]' passed (0.024 seconds).
Test Suite 'EditorFormattingMutationApplierTests' passed at 2026-08-04 16:54:30.242.
	 Executed 9 tests, with 0 failures (0 unexpected) in 0.042 (0.170) seconds
Test Suite 'EditorSearchSessionTests' started at 2026-08-04 16:54:30.242.
Test Case '-[MyRAMTests.EditorSearchSessionTests testEmptyQueryClearsMatchesAndSelectedMatch]' started.
Test Case '-[MyRAMTests.EditorSearchSessionTests testEmptyQueryClearsMatchesAndSelectedMatch]' passed (0.004 seconds).
Test Case '-[MyRAMTests.EditorSearchSessionTests testNextNavigationWraps]' started.
Test Case '-[MyRAMTests.EditorSearchSessionTests testNextNavigationWraps]' passed (0.001 seconds).
Test Case '-[MyRAMTests.EditorSearchSessionTests testNoMatchQueryClearsSelectedMatchAndHighlightTarget]' started.
Test Case '-[MyRAMTests.EditorSearchSessionTests testNoMatchQueryClearsSelectedMatchAndHighlightTarget]' passed (0.073 seconds).
Test Case '-[MyRAMTests.EditorSearchSessionTests testOutOfBoundsSelectedMatchFallsBackCleanly]' started.
Test Case '-[MyRAMTests.EditorSearchSessionTests testOutOfBoundsSelectedMatchFallsBackCleanly]' passed (0.001 seconds).
Test Case '-[MyRAMTests.EditorSearchSessionTests testPreviousNavigationWraps]' started.
Test Case '-[MyRAMTests.EditorSearchSessionTests testPreviousNavigationWraps]' passed (0.001 seconds).
Test Case '-[MyRAMTests.EditorSearchSessionTests testRebuiltSessionBuildsExpectedMatches]' started.
Test Case '-[MyRAMTests.EditorSearchSessionTests testRebuiltSessionBuildsExpectedMatches]' passed (0.001 seconds).
Test Case '-[MyRAMTests.EditorSearchSessionTests testRebuiltSessionFallsBackFromStaleSelectedMatch]' started.
Test Case '-[MyRAMTests.EditorSearchSessionTests testRebuiltSessionFallsBackFromStaleSelectedMatch]' passed (0.001 seconds).
Test Case '-[MyRAMTests.EditorSearchSessionTests testRebuiltSessionPreservesValidSelectedMatch]' started.
Test Case '-[MyRAMTests.EditorSearchSessionTests testRebuiltSessionPreservesValidSelectedMatch]' passed (0.001 seconds).
Test Case '-[MyRAMTests.EditorSearchSessionTests testSelectedBodyMatchEmitsBodyHighlightRange]' started.
Test Case '-[MyRAMTests.EditorSearchSessionTests testSelectedBodyMatchEmitsBodyHighlightRange]' passed (0.001 seconds).
Test Case '-[MyRAMTests.EditorSearchSessionTests testSelectedPinnedMatchEmitsPinnedTextIDAndNoBodyHighlightRange]' started.
Test Case '-[MyRAMTests.EditorSearchSessionTests testSelectedPinnedMatchEmitsPinnedTextIDAndNoBodyHighlightRange]' passed (0.002 seconds).
Test Case '-[MyRAMTests.EditorSearchSessionTests testSummaryTextCompatibility]' started.
Test Case '-[MyRAMTests.EditorSearchSessionTests testSummaryTextCompatibility]' passed (0.017 seconds).
Test Suite 'EditorSearchSessionTests' passed at 2026-08-04 16:54:30.347.
	 Executed 11 tests, with 0 failures (0 unexpected) in 0.101 (0.105) seconds
Test Suite 'EditorSelectionMapperTests' started at 2026-08-04 16:54:30.348.
Test Case '-[MyRAMTests.EditorSelectionMapperTests testDeletionContainingCaretCollapsesToDeletionStart]' started.
Test Case '-[MyRAMTests.EditorSelectionMapperTests testDeletionContainingCaretCollapsesToDeletionStart]' passed (0.002 seconds).
Test Case '-[MyRAMTests.EditorSelectionMapperTests testInsertionAtCollapsedCaretAdvancesCaret]' started.
Test Case '-[MyRAMTests.EditorSelectionMapperTests testInsertionAtCollapsedCaretAdvancesCaret]' passed (0.002 seconds).
Test Case '-[MyRAMTests.EditorSelectionMapperTests testInsertionInsideSelectionExpandsEnd]' started.
Test Case '-[MyRAMTests.EditorSelectionMapperTests testInsertionInsideSelectionExpandsEnd]' passed (0.002 seconds).
Test Case '-[MyRAMTests.EditorSelectionMapperTests testMappingClampsPastDocumentEnd]' started.
Test Case '-[MyRAMTests.EditorSelectionMapperTests testMappingClampsPastDocumentEnd]' passed (0.001 seconds).
Test Case '-[MyRAMTests.EditorSelectionMapperTests testOrderedBatchWithEmojiUsesUTF16Lengths]' started.
Test Case '-[MyRAMTests.EditorSelectionMapperTests testOrderedBatchWithEmojiUsesUTF16Lengths]' passed (0.001 seconds).
Test Suite 'EditorSelectionMapperTests' passed at 2026-08-04 16:54:30.360.
	 Executed 5 tests, with 0 failures (0 unexpected) in 0.009 (0.012) seconds
Test Suite 'ExplicitDeleteProvenanceTests' started at 2026-08-04 16:54:30.390.
Test Case '-[MyRAMTests.ExplicitDeleteProvenanceTests testAmbiguousOrMissingOccurrenceFailsClosed]' started.
Test Case '-[MyRAMTests.ExplicitDeleteProvenanceTests testAmbiguousOrMissingOccurrenceFailsClosed]' passed (0.029 seconds).
Test Case '-[MyRAMTests.ExplicitDeleteProvenanceTests testChangedOperationTimestampEvidenceChangesCanonicalProvenance]' started.
Test Case '-[MyRAMTests.ExplicitDeleteProvenanceTests testChangedOperationTimestampEvidenceChangesCanonicalProvenance]' passed (0.004 seconds).
Test Case '-[MyRAMTests.ExplicitDeleteProvenanceTests testCompactionRequiresExactSnapshotAndReloads]' started.
Test Case '-[MyRAMTests.ExplicitDeleteProvenanceTests testCompactionRequiresExactSnapshotAndReloads]' passed (0.009 seconds).
Test Case '-[MyRAMTests.ExplicitDeleteProvenanceTests testContradictoryDuplicateRollbackPreservesOriginalRowAcrossFreshContext]' started.
Test Case '-[MyRAMTests.ExplicitDeleteProvenanceTests testContradictoryDuplicateRollbackPreservesOriginalRowAcrossFreshContext]' passed (0.084 seconds).
Test Case '-[MyRAMTests.ExplicitDeleteProvenanceTests testCorruptReplayKeyAndUnknownFormatFailClosed]' started.
Test Case '-[MyRAMTests.ExplicitDeleteProvenanceTests testCorruptReplayKeyAndUnknownFormatFailClosed]' passed (0.002 seconds).
Test Case '-[MyRAMTests.ExplicitDeleteProvenanceTests testDeterministicReconstructionIsByteIdenticalAcrossRetryAndRelaunch]' started.
Test Case '-[MyRAMTests.ExplicitDeleteProvenanceTests testDeterministicReconstructionIsByteIdenticalAcrossRetryAndRelaunch]' passed (0.030 seconds).
Test Case '-[MyRAMTests.ExplicitDeleteProvenanceTests testEmojiDeleteUsesUTF16RangesAndRejectsSurrogateSplit]' started.
Test Case '-[MyRAMTests.ExplicitDeleteProvenanceTests testEmojiDeleteUsesUTF16RangesAndRejectsSurrogateSplit]' passed (0.004 seconds).
Test Case '-[MyRAMTests.ExplicitDeleteProvenanceTests testLargeNoteCompactedValidationIsDeterministicAndBoundarySafe]' started.
Test Case '-[MyRAMTests.ExplicitDeleteProvenanceTests testLargeNoteCompactedValidationIsDeterministicAndBoundarySafe]' passed (0.259 seconds).
Test Case '-[MyRAMTests.ExplicitDeleteProvenanceTests testMiddleOverlappingDeleteBuildsFullAndCompactedValidationToSameRange]' started.
Test Case '-[MyRAMTests.ExplicitDeleteProvenanceTests testMiddleOverlappingDeleteBuildsFullAndCompactedValidationToSameRange]' passed (0.005 seconds).
Test Case '-[MyRAMTests.ExplicitDeleteProvenanceTests testOverlapSafeTextOccurrenceEnumerationUsesAscendingUTF16Starts]' started.
Test Case '-[MyRAMTests.ExplicitDeleteProvenanceTests testOverlapSafeTextOccurrenceEnumerationUsesAscendingUTF16Starts]' passed (0.001 seconds).
Test Case '-[MyRAMTests.ExplicitDeleteProvenanceTests testPersistenceRoundTripRelaunchIdempotenceAndContradiction]' started.
Test Case '-[MyRAMTests.ExplicitDeleteProvenanceTests testPersistenceRoundTripRelaunchIdempotenceAndContradiction]' passed (0.023 seconds).
Test Case '-[MyRAMTests.ExplicitDeleteProvenanceTests testRejectsNonDeleteAndMissingGraphNode]' started.
Test Case '-[MyRAMTests.ExplicitDeleteProvenanceTests testRejectsNonDeleteAndMissingGraphNode]' passed (0.002 seconds).
Test Case '-[MyRAMTests.ExplicitDeleteProvenanceTests testRepeatedTextUsesContextAndOrdinalInsteadOfOriginalOffset]' started.
Test Case '-[MyRAMTests.ExplicitDeleteProvenanceTests testRepeatedTextUsesContextAndOrdinalInsteadOfOriginalOffset]' passed (0.003 seconds).
Test Case '-[MyRAMTests.ExplicitDeleteProvenanceTests testValidASCIIDeleteBuildsAndValidatesDeterministically]' started.
Test Case '-[MyRAMTests.ExplicitDeleteProvenanceTests testValidASCIIDeleteBuildsAndValidatesDeterministically]' passed (0.004 seconds).
Test Suite 'ExplicitDeleteProvenanceTests' passed at 2026-08-04 16:54:30.899.
	 Executed 14 tests, with 0 failures (0 unexpected) in 0.459 (0.508) seconds
Test Suite 'IPhoneSyncBatchAccumulatorTests' started at 2026-08-04 16:54:31.012.
Test Case '-[MyRAMTests.IPhoneSyncBatchAccumulatorTests testAdjacentInsertionsAreGrouped]' started.
Test Case '-[MyRAMTests.IPhoneSyncBatchAccumulatorTests testAdjacentInsertionsAreGrouped]' passed (0.011 seconds).
Test Case '-[MyRAMTests.IPhoneSyncBatchAccumulatorTests testAdjacentRemovalsAreGrouped]' started.
Test Case '-[MyRAMTests.IPhoneSyncBatchAccumulatorTests testAdjacentRemovalsAreGrouped]' passed (0.001 seconds).
Test Case '-[MyRAMTests.IPhoneSyncBatchAccumulatorTests testBatchSequenceIsAssignedWhenPendingBatchStarts]' started.
Test Case '-[MyRAMTests.IPhoneSyncBatchAccumulatorTests testBatchSequenceIsAssignedWhenPendingBatchStarts]' passed (0.003 seconds).
Test Case '-[MyRAMTests.IPhoneSyncBatchAccumulatorTests testBodyReplacementEmitsContinuousDeleteInsertChain]' started.
Test Case '-[MyRAMTests.IPhoneSyncBatchAccumulatorTests testBodyReplacementEmitsContinuousDeleteInsertChain]' passed (0.004 seconds).
Test Case '-[MyRAMTests.IPhoneSyncBatchAccumulatorTests testBodyReplacementUsesUTF16OffsetsForEmojiAndComposedUnicode]' started.
Test Case '-[MyRAMTests.IPhoneSyncBatchAccumulatorTests testBodyReplacementUsesUTF16OffsetsForEmojiAndComposedUnicode]' passed (0.043 seconds).
Test Case '-[MyRAMTests.IPhoneSyncBatchAccumulatorTests testCapturedBodyEvidenceSurvivesPendingBatchEmission]' started.
Test Case '-[MyRAMTests.IPhoneSyncBatchAccumulatorTests testCapturedBodyEvidenceSurvivesPendingBatchEmission]' passed (0.008 seconds).
Test Case '-[MyRAMTests.IPhoneSyncBatchAccumulatorTests testCaptureRecordsSupportedNoteOperations]' started.
Test Case '-[MyRAMTests.IPhoneSyncBatchAccumulatorTests testCaptureRecordsSupportedNoteOperations]' passed (0.002 seconds).
Test Case '-[MyRAMTests.IPhoneSyncBatchAccumulatorTests testChangedBodyNeverProducesEmptyOperationList]' started.
Test Case '-[MyRAMTests.IPhoneSyncBatchAccumulatorTests testChangedBodyNeverProducesEmptyOperationList]' passed (0.001 seconds).
Test Case '-[MyRAMTests.IPhoneSyncBatchAccumulatorTests testChangesAppendToPendingBatchAndPreserveOrdering]' started.
Test Case '-[MyRAMTests.IPhoneSyncBatchAccumulatorTests testChangesAppendToPendingBatchAndPreserveOrdering]' passed (0.004 seconds).
Test Case '-[MyRAMTests.IPhoneSyncBatchAccumulatorTests testIPhoneBodyCaptureMatchesSharedCapturedOperationSequence]' started.
Test Case '-[MyRAMTests.IPhoneSyncBatchAccumulatorTests testIPhoneBodyCaptureMatchesSharedCapturedOperationSequence]' passed (0.043 seconds).
Test Case '-[MyRAMTests.IPhoneSyncBatchAccumulatorTests testLargeBodyReplacementEmitsValidConvergenceWork]' started.
Test Case '-[MyRAMTests.IPhoneSyncBatchAccumulatorTests testLargeBodyReplacementEmitsValidConvergenceWork]' passed (0.015 seconds).
Test Case '-[MyRAMTests.IPhoneSyncBatchAccumulatorTests testNoCommonCharacterReplacementEmitsTruthfulDeleteInsertChain]' started.
Test Case '-[MyRAMTests.IPhoneSyncBatchAccumulatorTests testNoCommonCharacterReplacementEmitsTruthfulDeleteInsertChain]' passed (0.002 seconds).
Test Case '-[MyRAMTests.IPhoneSyncBatchAccumulatorTests testQuietWindowRearmsAndBatchIDStaysStable]' started.
Test Case '-[MyRAMTests.IPhoneSyncBatchAccumulatorTests testQuietWindowRearmsAndBatchIDStaysStable]' passed (0.043 seconds).
Test Case '-[MyRAMTests.IPhoneSyncBatchAccumulatorTests testRepeatedCharactersProduceDeterministicEvidence]' started.
Test Case '-[MyRAMTests.IPhoneSyncBatchAccumulatorTests testRepeatedCharactersProduceDeterministicEvidence]' passed (0.001 seconds).
Test Case '-[MyRAMTests.IPhoneSyncBatchAccumulatorTests testSeparatedBodyReplacementsBeyondFiveHundredCharactersPreserveInterior]' started.
Test Case '-[MyRAMTests.IPhoneSyncBatchAccumulatorTests testSeparatedBodyReplacementsBeyondFiveHundredCharactersPreserveInterior]' passed (0.001 seconds).
Test Case '-[MyRAMTests.IPhoneSyncBatchAccumulatorTests testSeparatedBodyReplacementsPreserveUnchangedInterior]' started.
Test Case '-[MyRAMTests.IPhoneSyncBatchAccumulatorTests testSeparatedBodyReplacementsPreserveUnchangedInterior]' passed (0.001 seconds).
Test Case '-[MyRAMTests.IPhoneSyncBatchAccumulatorTests testSharedCapturedBodyChangesReturnEmptyForNoOp]' started.
Test Case '-[MyRAMTests.IPhoneSyncBatchAccumulatorTests testSharedCapturedBodyChangesReturnEmptyForNoOp]' passed (0.001 seconds).
Test Case '-[MyRAMTests.IPhoneSyncBatchAccumulatorTests testSharedCapturedBodyChangesReturnEvidenceChain]' started.
Test Case '-[MyRAMTests.IPhoneSyncBatchAccumulatorTests testSharedCapturedBodyChangesReturnEvidenceChain]' passed (0.002 seconds).
Test Case '-[MyRAMTests.IPhoneSyncBatchAccumulatorTests testTakePendingBatchNowCapturesBeforeQuietWindowAndPreservesIdentity]' started.
Test Case '-[MyRAMTests.IPhoneSyncBatchAccumulatorTests testTakePendingBatchNowCapturesBeforeQuietWindowAndPreservesIdentity]' passed (0.001 seconds).
Test Case '-[MyRAMTests.IPhoneSyncBatchAccumulatorTests testTakePendingBatchNowClearsBatchSoReadyEmissionCannotReplayIt]' started.
Test Case '-[MyRAMTests.IPhoneSyncBatchAccumulatorTests testTakePendingBatchNowClearsBatchSoReadyEmissionCannotReplayIt]' passed (0.006 seconds).
Test Case '-[MyRAMTests.IPhoneSyncBatchAccumulatorTests testTakePendingObligationIfAffectingFlushesWholePendingBatchForMatchingNote]' started.
Test Case '-[MyRAMTests.IPhoneSyncBatchAccumulatorTests testTakePendingObligationIfAffectingFlushesWholePendingBatchForMatchingNote]' passed (0.004 seconds).
Test Case '-[MyRAMTests.IPhoneSyncBatchAccumulatorTests testTakePendingObligationIfAffectingLeavesUnrelatedPendingBatchAlone]' started.
Test Case '-[MyRAMTests.IPhoneSyncBatchAccumulatorTests testTakePendingObligationIfAffectingLeavesUnrelatedPendingBatchAlone]' passed (0.005 seconds).
Test Suite 'IPhoneSyncBatchAccumulatorTests' passed at 2026-08-04 16:54:31.252.
	 Executed 22 tests, with 0 failures (0 unexpected) in 0.203 (0.240) seconds
Test Suite 'IPhoneSyncBatchApplierTests' started at 2026-08-04 16:54:31.262.
Test Case '-[MyRAMTests.IPhoneSyncBatchApplierTests testAnchoredBatchRejectsBeforeMutationSaveOrSeenMarking]' started.
Test Case '-[MyRAMTests.IPhoneSyncBatchApplierTests testAnchoredBatchRejectsBeforeMutationSaveOrSeenMarking]' passed (0.041 seconds).
Test Case '-[MyRAMTests.IPhoneSyncBatchApplierTests testDeleteAppliesOnlyWhenSafeAndExpectedTextMatches]' started.
Test Case '-[MyRAMTests.IPhoneSyncBatchApplierTests testDeleteAppliesOnlyWhenSafeAndExpectedTextMatches]' passed (0.023 seconds).
Test Case '-[MyRAMTests.IPhoneSyncBatchApplierTests testDuplicateBatchIDIsIgnoredAndPersistsAcrossStoreInstances]' started.
Test Case '-[MyRAMTests.IPhoneSyncBatchApplierTests testDuplicateBatchIDIsIgnoredAndPersistsAcrossStoreInstances]' passed (0.019 seconds).
Test Case '-[MyRAMTests.IPhoneSyncBatchApplierTests testEarlierValidNoteChangeDoesNotApplyWhenLaterNoteMismatches]' started.
Test Case '-[MyRAMTests.IPhoneSyncBatchApplierTests testEarlierValidNoteChangeDoesNotApplyWhenLaterNoteMismatches]' passed (0.016 seconds).
Test Case '-[MyRAMTests.IPhoneSyncBatchApplierTests testIncomingInsertionFallsForwardAtUnsafeUTF16Boundary]' started.
Test Case '-[MyRAMTests.IPhoneSyncBatchApplierTests testIncomingInsertionFallsForwardAtUnsafeUTF16Boundary]' passed (0.016 seconds).
Test Case '-[MyRAMTests.IPhoneSyncBatchApplierTests testIncomingNoteCreatedPayloadCreatesNote]' started.
Test Case '-[MyRAMTests.IPhoneSyncBatchApplierTests testIncomingNoteCreatedPayloadCreatesNote]' passed (0.017 seconds).
Test Case '-[MyRAMTests.IPhoneSyncBatchApplierTests testIncomingTitleChangeUpdatesByNoteID]' started.
Test Case '-[MyRAMTests.IPhoneSyncBatchApplierTests testIncomingTitleChangeUpdatesByNoteID]' passed (0.009 seconds).
Test Case '-[MyRAMTests.IPhoneSyncBatchApplierTests testMatchingBaseHashUsesExistingPositionalInsertionPath]' started.
Test Case '-[MyRAMTests.IPhoneSyncBatchApplierTests testMatchingBaseHashUsesExistingPositionalInsertionPath]' passed (0.014 seconds).
Test Case '-[MyRAMTests.IPhoneSyncBatchApplierTests testMismatchedHashedInsertionDoesNotApplyOrMarkSeen]' started.
Test Case '-[MyRAMTests.IPhoneSyncBatchApplierTests testMismatchedHashedInsertionDoesNotApplyOrMarkSeen]' passed (0.012 seconds).
Test Case '-[MyRAMTests.IPhoneSyncBatchApplierTests testMissingFolderFallsBackToRoot]' started.
Test Case '-[MyRAMTests.IPhoneSyncBatchApplierTests testMissingFolderFallsBackToRoot]' passed (0.012 seconds).
Test Case '-[MyRAMTests.IPhoneSyncBatchApplierTests testMissingNoteTitleChangeProducesNoAppliedTitleEvidence]' started.
Test Case '-[MyRAMTests.IPhoneSyncBatchApplierTests testMissingNoteTitleChangeProducesNoAppliedTitleEvidence]' passed (0.009 seconds).
Test Case '-[MyRAMTests.IPhoneSyncBatchApplierTests testMultipleTitleChangesForOneNoteProduceFinalAppliedTitleEvidence]' started.
Test Case '-[MyRAMTests.IPhoneSyncBatchApplierTests testMultipleTitleChangesForOneNoteProduceFinalAppliedTitleEvidence]' passed (0.016 seconds).
Test Case '-[MyRAMTests.IPhoneSyncBatchApplierTests testPlainTextMutationClearsRichTextData]' started.
Test Case '-[MyRAMTests.IPhoneSyncBatchApplierTests testPlainTextMutationClearsRichTextData]' passed (0.017 seconds).
Test Case '-[MyRAMTests.IPhoneSyncBatchApplierTests testReplacementSkippedThenDefaultGateInsertAppliesHashless]' started.
Test Case '-[MyRAMTests.IPhoneSyncBatchApplierTests testReplacementSkippedThenDefaultGateInsertAppliesHashless]' passed (0.016 seconds).
Test Case '-[MyRAMTests.IPhoneSyncBatchApplierTests testSameTitleAndBodyWithDifferentIDsCreateDistinctNotes]' started.
Test Case '-[MyRAMTests.IPhoneSyncBatchApplierTests testSameTitleAndBodyWithDifferentIDsCreateDistinctNotes]' passed (0.023 seconds).
Test Case '-[MyRAMTests.IPhoneSyncBatchApplierTests testTitleBeforeMismatchedBodyDoesNotPartiallyApply]' started.
Test Case '-[MyRAMTests.IPhoneSyncBatchApplierTests testTitleBeforeMismatchedBodyDoesNotPartiallyApply]' passed (0.047 seconds).
Test Case '-[MyRAMTests.IPhoneSyncBatchApplierTests testUnsafeDeleteDoesNotRemoveUnrelatedLocalText]' started.
Test Case '-[MyRAMTests.IPhoneSyncBatchApplierTests testUnsafeDeleteDoesNotRemoveUnrelatedLocalText]' passed (0.012 seconds).
Test Suite 'IPhoneSyncBatchApplierTests' passed at 2026-08-04 16:54:31.651.
	 Executed 17 tests, with 0 failures (0 unexpected) in 0.319 (0.389) seconds
Test Suite 'IncrementalEditIntegrationTests' started at 2026-08-04 16:54:31.651.
Test Case '-[MyRAMTests.IncrementalEditIntegrationTests testAmbiguousJoinReturnsAmbiguousCausalChain]' started.
Test Case '-[MyRAMTests.IncrementalEditIntegrationTests testAmbiguousJoinReturnsAmbiguousCausalChain]' passed (0.004 seconds).
Test Case '-[MyRAMTests.IncrementalEditIntegrationTests testBadAnchorShortCircuitsBeforeInvalidIdentity]' started.
Test Case '-[MyRAMTests.IncrementalEditIntegrationTests testBadAnchorShortCircuitsBeforeInvalidIdentity]' passed (0.001 seconds).
Test Case '-[MyRAMTests.IncrementalEditIntegrationTests testBatchHistoryFaultPrecedesGraphAmbiguityAcrossPermutations]' started.
Test Case '-[MyRAMTests.IncrementalEditIntegrationTests testBatchHistoryFaultPrecedesGraphAmbiguityAcrossPermutations]' passed (0.001 seconds).
Test Case '-[MyRAMTests.IncrementalEditIntegrationTests testConcurrentAnchorRootsFromDifferentDevicesAreValid]' started.
Test Case '-[MyRAMTests.IncrementalEditIntegrationTests testConcurrentAnchorRootsFromDifferentDevicesAreValid]' passed (0.002 seconds).
Test Case '-[MyRAMTests.IncrementalEditIntegrationTests testConflictingDuplicateIdentityReturnsInvalidOperationIdentity]' started.
Test Case '-[MyRAMTests.IncrementalEditIntegrationTests testConflictingDuplicateIdentityReturnsInvalidOperationIdentity]' passed (0.026 seconds).
Test Case '-[MyRAMTests.IncrementalEditIntegrationTests testCrossBatchRepeatedAnchorStateUsesActualRootClassification]' started.
Test Case '-[MyRAMTests.IncrementalEditIntegrationTests testCrossBatchRepeatedAnchorStateUsesActualRootClassification]' passed (0.003 seconds).
Test Case '-[MyRAMTests.IncrementalEditIntegrationTests testCrossBatchReturnToEarlierHashUsesEarlierReplayKeyDirection]' started.
Test Case '-[MyRAMTests.IncrementalEditIntegrationTests testCrossBatchReturnToEarlierHashUsesEarlierReplayKeyDirection]' passed (0.002 seconds).
Test Case '-[MyRAMTests.IncrementalEditIntegrationTests testCrossDeviceCoincidentalHashDoesNotCreateCausalEdge]' started.
Test Case '-[MyRAMTests.IncrementalEditIntegrationTests testCrossDeviceCoincidentalHashDoesNotCreateCausalEdge]' passed (0.001 seconds).
Test Case '-[MyRAMTests.IncrementalEditIntegrationTests testCrossNoteCoincidentalHashCannotCreatePredecessor]' started.
Test Case '-[MyRAMTests.IncrementalEditIntegrationTests testCrossNoteCoincidentalHashCannotCreatePredecessor]' passed (0.001 seconds).
Test Case '-[MyRAMTests.IncrementalEditIntegrationTests testDependencyOnFilteredIncorporatedOperationReturnsUnreconstructableBase]' started.
Test Case '-[MyRAMTests.IncrementalEditIntegrationTests testDependencyOnFilteredIncorporatedOperationReturnsUnreconstructableBase]' passed (0.001 seconds).
Test Case '-[MyRAMTests.IncrementalEditIntegrationTests testDifferentDeviceRemainingRootAfterIncorporatedRecordRemainsValid]' started.
Test Case '-[MyRAMTests.IncrementalEditIntegrationTests testDifferentDeviceRemainingRootAfterIncorporatedRecordRemainsValid]' passed (0.001 seconds).
Test Case '-[MyRAMTests.IncrementalEditIntegrationTests testDirectAnchorOperationWithExplicitHashesReachesValidGraph]' started.
Test Case '-[MyRAMTests.IncrementalEditIntegrationTests testDirectAnchorOperationWithExplicitHashesReachesValidGraph]' passed (0.001 seconds).
Test Case '-[MyRAMTests.IncrementalEditIntegrationTests testEmptyInputWithVerifiedAnchorReturnsEmptyGraph]' started.
Test Case '-[MyRAMTests.IncrementalEditIntegrationTests testEmptyInputWithVerifiedAnchorReturnsEmptyGraph]' passed (0.001 seconds).
Test Case '-[MyRAMTests.IncrementalEditIntegrationTests testEquivalentInInputDuplicateIsCoalesced]' started.
Test Case '-[MyRAMTests.IncrementalEditIntegrationTests testEquivalentInInputDuplicateIsCoalesced]' passed (0.001 seconds).
Test Case '-[MyRAMTests.IncrementalEditIntegrationTests testFirstRetainedBodyAtGlobalIndexOneIsAcceptedAsRoot]' started.
Test Case '-[MyRAMTests.IncrementalEditIntegrationTests testFirstRetainedBodyAtGlobalIndexOneIsAcceptedAsRoot]' passed (0.003 seconds).
Test Case '-[MyRAMTests.IncrementalEditIntegrationTests testFirstRetainedBodyAtGlobalIndexTwoIsAcceptedAsRootAcrossPermutations]' started.
Test Case '-[MyRAMTests.IncrementalEditIntegrationTests testFirstRetainedBodyAtGlobalIndexTwoIsAcceptedAsRootAcrossPermutations]' passed (0.003 seconds).
Test Case '-[MyRAMTests.IncrementalEditIntegrationTests testGraphAmbiguityPrecedesUnreconstructableBaseAcrossPermutations]' started.
Test Case '-[MyRAMTests.IncrementalEditIntegrationTests testGraphAmbiguityPrecedesUnreconstructableBaseAcrossPermutations]' passed (0.001 seconds).
Test Case '-[MyRAMTests.IncrementalEditIntegrationTests testGraphFaultResultIsEqualAcrossInputPermutations]' started.
Test Case '-[MyRAMTests.IncrementalEditIntegrationTests testGraphFaultResultIsEqualAcrossInputPermutations]' passed (0.013 seconds).
Test Case '-[MyRAMTests.IncrementalEditIntegrationTests testIncorporatedPredecessorIdentityWithoutRecordDoesNotForceGlobalIndexContiguity]' started.
Test Case '-[MyRAMTests.IncrementalEditIntegrationTests testIncorporatedPredecessorIdentityWithoutRecordDoesNotForceGlobalIndexContiguity]' passed (0.005 seconds).
Test Case '-[MyRAMTests.IncrementalEditIntegrationTests testIncorporatedPredecessorNotRepresentedByAnchorReturnsUnreconstructableBase]' started.
Test Case '-[MyRAMTests.IncrementalEditIntegrationTests testIncorporatedPredecessorNotRepresentedByAnchorReturnsUnreconstructableBase]' passed (0.003 seconds).
Test Case '-[MyRAMTests.IncrementalEditIntegrationTests testIncorporatedPredecessorRepresentedByAnchorAllowsActiveRoot]' started.
Test Case '-[MyRAMTests.IncrementalEditIntegrationTests testIncorporatedPredecessorRepresentedByAnchorAllowsActiveRoot]' passed (0.002 seconds).
Test Case '-[MyRAMTests.IncrementalEditIntegrationTests testInvalidReplayKeyPrecedesMissingHashes]' started.
Test Case '-[MyRAMTests.IncrementalEditIntegrationTests testInvalidReplayKeyPrecedesMissingHashes]' passed (0.003 seconds).
Test Case '-[MyRAMTests.IncrementalEditIntegrationTests testInvalidRetainedIdentityShortCircuitsBeforeReplayValidation]' started.
Test Case '-[MyRAMTests.IncrementalEditIntegrationTests testInvalidRetainedIdentityShortCircuitsBeforeReplayValidation]' passed (0.001 seconds).
Test Case '-[MyRAMTests.IncrementalEditIntegrationTests testInvalidSameBatchRestartStillReturnsMissingCausalPredecessor]' started.
Test Case '-[MyRAMTests.IncrementalEditIntegrationTests testInvalidSameBatchRestartStillReturnsMissingCausalPredecessor]' passed (0.002 seconds).
Test Case '-[MyRAMTests.IncrementalEditIntegrationTests testLaterOperationCannotBecomeBackwardPredecessor]' started.
Test Case '-[MyRAMTests.IncrementalEditIntegrationTests testLaterOperationCannotBecomeBackwardPredecessor]' passed (0.002 seconds).
Test Case '-[MyRAMTests.IncrementalEditIntegrationTests testMalformedIncorporatedRecordIsValidatedBeforeFiltering]' started.
Test Case '-[MyRAMTests.IncrementalEditIntegrationTests testMalformedIncorporatedRecordIsValidatedBeforeFiltering]' passed (0.001 seconds).
Test Case '-[MyRAMTests.IncrementalEditIntegrationTests testMixedNoteActiveInputReturnsUnreconstructableBase]' started.
Test Case '-[MyRAMTests.IncrementalEditIntegrationTests testMixedNoteActiveInputReturnsUnreconstructableBase]' passed (0.003 seconds).
Test Case '-[MyRAMTests.IncrementalEditIntegrationTests testMultipleActualSameDeviceRootsAcrossBatchesAreAmbiguous]' started.
Test Case '-[MyRAMTests.IncrementalEditIntegrationTests testMultipleActualSameDeviceRootsAcrossBatchesAreAmbiguous]' passed (0.003 seconds).
Test Case '-[MyRAMTests.IncrementalEditIntegrationTests testNilBaseContentHashReturnsUnreconstructableBase]' started.
Test Case '-[MyRAMTests.IncrementalEditIntegrationTests testNilBaseContentHashReturnsUnreconstructableBase]' passed (0.003 seconds).
Test Case '-[MyRAMTests.IncrementalEditIntegrationTests testNilResultContentHashReturnsUnreconstructableBase]' started.
Test Case '-[MyRAMTests.IncrementalEditIntegrationTests testNilResultContentHashReturnsUnreconstructableBase]' passed (0.002 seconds).
Test Case '-[MyRAMTests.IncrementalEditIntegrationTests testNoncontiguousIncorporatedPredecessorRepresentedByAnchorAllowsActiveRoot]' started.
Test Case '-[MyRAMTests.IncrementalEditIntegrationTests testNoncontiguousIncorporatedPredecessorRepresentedByAnchorAllowsActiveRoot]' passed (0.003 seconds).
Test Case '-[MyRAMTests.IncrementalEditIntegrationTests testNonemptyGraphWithoutAnchorRootCannotBeValid]' started.
Test Case '-[MyRAMTests.IncrementalEditIntegrationTests testNonemptyGraphWithoutAnchorRootCannotBeValid]' passed (0.031 seconds).
Test Case '-[MyRAMTests.IncrementalEditIntegrationTests testPR1LinkageOnlyBoundaryAllowsArbitraryDirectRootResultHash]' started.
Test Case '-[MyRAMTests.IncrementalEditIntegrationTests testPR1LinkageOnlyBoundaryAllowsArbitraryDirectRootResultHash]' passed (0.002 seconds).
Test Case '-[MyRAMTests.IncrementalEditIntegrationTests testPR1LinkageOnlyBoundaryDoesNotEvaluateDeleteExpectedText]' started.
Test Case '-[MyRAMTests.IncrementalEditIntegrationTests testPR1LinkageOnlyBoundaryDoesNotEvaluateDeleteExpectedText]' passed (0.001 seconds).
Test Case '-[MyRAMTests.IncrementalEditIntegrationTests testPR1LinkageOnlyBoundaryUsesDeclaredResultHashForSuccessorLinkage]' started.
Test Case '-[MyRAMTests.IncrementalEditIntegrationTests testPR1LinkageOnlyBoundaryUsesDeclaredResultHashForSuccessorLinkage]' passed (0.002 seconds).
Test Case '-[MyRAMTests.IncrementalEditIntegrationTests testRecoveryShapeCannotCarryPartialOutput]' started.
Test Case '-[MyRAMTests.IncrementalEditIntegrationTests testRecoveryShapeCannotCarryPartialOutput]' passed (0.001 seconds).
Test Case '-[MyRAMTests.IncrementalEditIntegrationTests testRepeatedAnchorStateInSameBatchIsDirectionalLinearGraph]' started.
Test Case '-[MyRAMTests.IncrementalEditIntegrationTests testRepeatedAnchorStateInSameBatchIsDirectionalLinearGraph]' passed (0.004 seconds).
Test Case '-[MyRAMTests.IncrementalEditIntegrationTests testRepeatedIntermediateHashKeepsImmediateSameBatchPredecessor]' started.
Test Case '-[MyRAMTests.IncrementalEditIntegrationTests testRepeatedIntermediateHashKeepsImmediateSameBatchPredecessor]' passed (0.004 seconds).
Test Case '-[MyRAMTests.IncrementalEditIntegrationTests testSameBatchAnchorRestartWithoutGapReturnsMissingCausalPredecessor]' started.
Test Case '-[MyRAMTests.IncrementalEditIntegrationTests testSameBatchAnchorRestartWithoutGapReturnsMissingCausalPredecessor]' passed (0.003 seconds).
Test Case '-[MyRAMTests.IncrementalEditIntegrationTests testSameBatchIndexGapUsesLatestEarlierRetainedBodyOperation]' started.
Test Case '-[MyRAMTests.IncrementalEditIntegrationTests testSameBatchIndexGapUsesLatestEarlierRetainedBodyOperation]' passed (0.002 seconds).
Test Case '-[MyRAMTests.IncrementalEditIntegrationTests testSameDeviceChainWithExplicitHashesReachesValidGraph]' started.
Test Case '-[MyRAMTests.IncrementalEditIntegrationTests testSameDeviceChainWithExplicitHashesReachesValidGraph]' passed (0.006 seconds).
Test Case '-[MyRAMTests.IncrementalEditIntegrationTests testSameDeviceForkReturnsAmbiguousCausalChain]' started.
Test Case '-[MyRAMTests.IncrementalEditIntegrationTests testSameDeviceForkReturnsAmbiguousCausalChain]' passed (0.001 seconds).
Test Case '-[MyRAMTests.IncrementalEditIntegrationTests testSameNoteBodyOperationsSeparatedByNonBodyChangesRemainLinear]' started.
Test Case '-[MyRAMTests.IncrementalEditIntegrationTests testSameNoteBodyOperationsSeparatedByNonBodyChangesRemainLinear]' passed (0.001 seconds).
Test Case '-[MyRAMTests.IncrementalEditIntegrationTests testSameNoteCrossBatchFallbackRemainsValid]' started.
Test Case '-[MyRAMTests.IncrementalEditIntegrationTests testSameNoteCrossBatchFallbackRemainsValid]' passed (0.001 seconds).
Test Case '-[MyRAMTests.IncrementalEditIntegrationTests testSelfLoopReturnsUnreconstructableBaseAcrossPermutations]' started.
Test Case '-[MyRAMTests.IncrementalEditIntegrationTests testSelfLoopReturnsUnreconstructableBaseAcrossPermutations]' passed (0.011 seconds).
Test Case '-[MyRAMTests.IncrementalEditIntegrationTests testTwoNodeClosedCycleReturnsUnreconstructableBaseAcrossPermutations]' started.
Test Case '-[MyRAMTests.IncrementalEditIntegrationTests testTwoNodeClosedCycleReturnsUnreconstructableBaseAcrossPermutations]' passed (0.001 seconds).
Test Case '-[MyRAMTests.IncrementalEditIntegrationTests testUnknownBaseReturnsUnreconstructableBase]' started.
Test Case '-[MyRAMTests.IncrementalEditIntegrationTests testUnknownBaseReturnsUnreconstructableBase]' passed (0.001 seconds).
Test Case '-[MyRAMTests.IncrementalEditIntegrationTests testUnrelatedUnknownBaseBatchDoesNotInheritMissingPredecessorDiagnosis]' started.
Test Case '-[MyRAMTests.IncrementalEditIntegrationTests testUnrelatedUnknownBaseBatchDoesNotInheritMissingPredecessorDiagnosis]' passed (0.001 seconds).
Test Case '-[MyRAMTests.IncrementalEditIntegrationTests testValidNoOpDeclaredSameBatchLinkageIsAccepted]' started.
Test Case '-[MyRAMTests.IncrementalEditIntegrationTests testValidNoOpDeclaredSameBatchLinkageIsAccepted]' passed (0.003 seconds).
Test Case '-[MyRAMTests.IncrementalEditIntegrationTests testValidResultIsEqualAcrossInputPermutations]' started.
Test Case '-[MyRAMTests.IncrementalEditIntegrationTests testValidResultIsEqualAcrossInputPermutations]' passed (0.002 seconds).
Test Suite 'IncrementalEditIntegrationTests' passed at 2026-08-04 16:54:31.963.
	 Executed 50 tests, with 0 failures (0 unexpected) in 0.176 (0.312) seconds
Test Suite 'MYR170FullBodyPathIntegrationTests' started at 2026-08-04 16:54:31.963.
Test Case '-[MyRAMTests.MYR170FullBodyPathIntegrationTests testConflictIncomingResolutionSavesBodyAndStateBeforeRemovingConflict]' started.
Test Case '-[MyRAMTests.MYR170FullBodyPathIntegrationTests testConflictIncomingResolutionSavesBodyAndStateBeforeRemovingConflict]' passed (0.056 seconds).
Test Case '-[MyRAMTests.MYR170FullBodyPathIntegrationTests testConflictKeepLocalReestablishesStaleState]' started.
Test Case '-[MyRAMTests.MYR170FullBodyPathIntegrationTests testConflictKeepLocalReestablishesStaleState]' passed (0.024 seconds).
Test Case '-[MyRAMTests.MYR170FullBodyPathIntegrationTests testConflictSaveFailureKeepsConflictAndRollsBackBodyAndState]' started.
Test Case '-[MyRAMTests.MYR170FullBodyPathIntegrationTests testConflictSaveFailureKeepsConflictAndRollsBackBodyAndState]' passed (0.026 seconds).
Test Case '-[MyRAMTests.MYR170FullBodyPathIntegrationTests testConvergenceInsertCreatesNoteAndStateInTheTransaction]' started.
Test Case '-[MyRAMTests.MYR170FullBodyPathIntegrationTests testConvergenceInsertCreatesNoteAndStateInTheTransaction]' passed (0.026 seconds).
Test Case '-[MyRAMTests.MYR170FullBodyPathIntegrationTests testConvergenceRollbackRemovesPendingBodyAndStateChanges]' started.
Test Case '-[MyRAMTests.MYR170FullBodyPathIntegrationTests testConvergenceRollbackRemovesPendingBodyAndStateChanges]' passed (0.020 seconds).
Test Case '-[MyRAMTests.MYR170FullBodyPathIntegrationTests testConvergenceUpdateReplacesBodyAndStateInTheTransaction]' started.
Test Case '-[MyRAMTests.MYR170FullBodyPathIntegrationTests testConvergenceUpdateReplacesBodyAndStateInTheTransaction]' passed (0.021 seconds).
Test Case '-[MyRAMTests.MYR170FullBodyPathIntegrationTests testCreateNewNoteSaveFailureRollsBackNoteAndStateWithoutPublication]' started.
Test Case '-[MyRAMTests.MYR170FullBodyPathIntegrationTests testCreateNewNoteSaveFailureRollsBackNoteAndStateWithoutPublication]' passed (0.020 seconds).
Test Case '-[MyRAMTests.MYR170FullBodyPathIntegrationTests testCreateNewNoteSavesNoteAndStateBeforePublishingSyncOrUndo]' started.
Test Case '-[MyRAMTests.MYR170FullBodyPathIntegrationTests testCreateNewNoteSavesNoteAndStateBeforePublishingSyncOrUndo]' passed (0.019 seconds).
Test Case '-[MyRAMTests.MYR170FullBodyPathIntegrationTests testImportCreatesOneRevisionZeroStatePerImportedNote]' started.
Test Case '-[MyRAMTests.MYR170FullBodyPathIntegrationTests testImportCreatesOneRevisionZeroStatePerImportedNote]' passed (0.042 seconds).
Test Case '-[MyRAMTests.MYR170FullBodyPathIntegrationTests testImportFailureRollsBackAllImportedModelsAndStateRows]' started.
Test Case '-[MyRAMTests.MYR170FullBodyPathIntegrationTests testImportFailureRollsBackAllImportedModelsAndStateRows]' passed (0.018 seconds).
Test Case '-[MyRAMTests.MYR170FullBodyPathIntegrationTests testIOSLegacyExistingNoteApplyCommitsReplacementState]' started.
Test Case '-[MyRAMTests.MYR170FullBodyPathIntegrationTests testIOSLegacyExistingNoteApplyCommitsReplacementState]' passed (0.070 seconds).
Test Case '-[MyRAMTests.MYR170FullBodyPathIntegrationTests testIOSLegacyMainContextRefreshDoesNotAdvanceStateTwice]' started.
Test Case '-[MyRAMTests.MYR170FullBodyPathIntegrationTests testIOSLegacyMainContextRefreshDoesNotAdvanceStateTwice]' passed (0.047 seconds).
Test Case '-[MyRAMTests.MYR170FullBodyPathIntegrationTests testIOSLegacyNewNoteApplyCommitsRevisionZeroState]' started.
Test Case '-[MyRAMTests.MYR170FullBodyPathIntegrationTests testIOSLegacyNewNoteApplyCommitsRevisionZeroState]' passed (0.036 seconds).
Test Case '-[MyRAMTests.MYR170FullBodyPathIntegrationTests testIOSLegacyResolvedConflictMetadataModelSaveFailureLeavesNoteStateConflictAndBaselineUnchanged]' started.
Test Case '-[MyRAMTests.MYR170FullBodyPathIntegrationTests testIOSLegacyResolvedConflictMetadataModelSaveFailureLeavesNoteStateConflictAndBaselineUnchanged]' passed (0.028 seconds).
Test Case '-[MyRAMTests.MYR170FullBodyPathIntegrationTests testIOSLegacyResolvedConflictMetadataReplacesBodyAndStateBeforeEffects]' started.
Test Case '-[MyRAMTests.MYR170FullBodyPathIntegrationTests testIOSLegacyResolvedConflictMetadataReplacesBodyAndStateBeforeEffects]' passed (0.049 seconds).
Test Case '-[MyRAMTests.MYR170FullBodyPathIntegrationTests testIOSLegacyResolvedConflictMetadataStateFailureLeavesNoteConflictAndBaselineUnchanged]' started.
Test Case '-[MyRAMTests.MYR170FullBodyPathIntegrationTests testIOSLegacyResolvedConflictMetadataStateFailureLeavesNoteConflictAndBaselineUnchanged]' passed (0.058 seconds).
Test Case '-[MyRAMTests.MYR170FullBodyPathIntegrationTests testIOSLegacyStateFailureReturnsRetryRequiredWithoutSideEffects]' started.
Test Case '-[MyRAMTests.MYR170FullBodyPathIntegrationTests testIOSLegacyStateFailureReturnsRetryRequiredWithoutSideEffects]' passed (0.035 seconds).
Test Case '-[MyRAMTests.MYR170FullBodyPathIntegrationTests testIOSStartupMigrationFailureKeepsOutboundSuspended]' started.
Test Case '-[MyRAMTests.MYR170FullBodyPathIntegrationTests testIOSStartupMigrationFailureKeepsOutboundSuspended]' passed (0.109 seconds).
Test Case '-[MyRAMTests.MYR170FullBodyPathIntegrationTests testIOSStartupRunsMigrationBeforeNetworkingAndConvergence]' started.
Test Case '-[MyRAMTests.MYR170FullBodyPathIntegrationTests testIOSStartupRunsMigrationBeforeNetworkingAndConvergence]' passed (0.076 seconds).
Test Case '-[MyRAMTests.MYR170FullBodyPathIntegrationTests testRedoNoteCreationReestablishesCurrentBodyState]' started.
Test Case '-[MyRAMTests.MYR170FullBodyPathIntegrationTests testRedoNoteCreationReestablishesCurrentBodyState]' passed (0.034 seconds).
Test Case '-[MyRAMTests.MYR170FullBodyPathIntegrationTests testRestoreNoteReestablishesCurrentBodyStateBeforeLifecyclePublication]' started.
Test Case '-[MyRAMTests.MYR170FullBodyPathIntegrationTests testRestoreNoteReestablishesCurrentBodyStateBeforeLifecyclePublication]' passed (0.032 seconds).
Test Case '-[MyRAMTests.MYR170FullBodyPathIntegrationTests testUndoFolderDeletionReestablishesEveryRestoredNoteOrRollsBackAll]' started.
Test Case '-[MyRAMTests.MYR170FullBodyPathIntegrationTests testUndoFolderDeletionReestablishesEveryRestoredNoteOrRollsBackAll]' passed (0.063 seconds).
Test Case '-[MyRAMTests.MYR170FullBodyPathIntegrationTests testUndoNoteDeletionReestablishesCurrentBodyState]' started.
Test Case '-[MyRAMTests.MYR170FullBodyPathIntegrationTests testUndoNoteDeletionReestablishesCurrentBodyState]' passed (0.030 seconds).
Test Suite 'MYR170FullBodyPathIntegrationTests' passed at 2026-08-04 16:54:32.957.
	 Executed 23 tests, with 0 failures (0 unexpected) in 0.940 (0.993) seconds
Test Suite 'MarkdownFileIOTests' started at 2026-08-04 16:54:32.957.
Test Case '-[MyRAMTests.MarkdownFileIOTests testAtomicWriterCreatesExactDestinationWithoutTemporaryArtifacts]' started.
Test Case '-[MyRAMTests.MarkdownFileIOTests testAtomicWriterCreatesExactDestinationWithoutTemporaryArtifacts]' passed (0.002 seconds).
Test Case '-[MyRAMTests.MarkdownFileIOTests testClassifierKeepsMyRAMDistinctAndRejectsUnsupportedFiles]' started.
Test Case '-[MyRAMTests.MarkdownFileIOTests testClassifierKeepsMyRAMDistinctAndRejectsUnsupportedFiles]' passed (0.001 seconds).
Test Case '-[MyRAMTests.MarkdownFileIOTests testClassifierUsesMarkdownContentTypeAndExtensionFallbacks]' started.
Test Case '-[MyRAMTests.MarkdownFileIOTests testClassifierUsesMarkdownContentTypeAndExtensionFallbacks]' passed (0.001 seconds).
Test Case '-[MyRAMTests.MarkdownFileIOTests testExportEncodingAddsNoBOMNewlineOrNormalization]' started.
Test Case '-[MyRAMTests.MarkdownFileIOTests testExportEncodingAddsNoBOMNewlineOrNormalization]' passed (0.001 seconds).
Test Case '-[MyRAMTests.MarkdownFileIOTests testExportFilenameCapDoesNotSplitCharacter]' started.
Test Case '-[MyRAMTests.MarkdownFileIOTests testExportFilenameCapDoesNotSplitCharacter]' passed (0.002 seconds).
Test Case '-[MyRAMTests.MarkdownFileIOTests testExportFilenameFallsBackWhenPostCapTrimEmptiesStem]' started.
Test Case '-[MyRAMTests.MarkdownFileIOTests testExportFilenameFallsBackWhenPostCapTrimEmptiesStem]' passed (0.001 seconds).
Test Case '-[MyRAMTests.MarkdownFileIOTests testExportFilenameRetrimsSeparatorsIntroducedAtCapBoundary]' started.
Test Case '-[MyRAMTests.MarkdownFileIOTests testExportFilenameRetrimsSeparatorsIntroducedAtCapBoundary]' passed (0.017 seconds).
Test Case '-[MyRAMTests.MarkdownFileIOTests testExportFilenameSanitizesAndAvoidsDuplicateExtension]' started.
Test Case '-[MyRAMTests.MarkdownFileIOTests testExportFilenameSanitizesAndAvoidsDuplicateExtension]' passed (0.002 seconds).
Test Case '-[MyRAMTests.MarkdownFileIOTests testImportedTitleUsesVisibleStemAndUntitledFallback]' started.
Test Case '-[MyRAMTests.MarkdownFileIOTests testImportedTitleUsesVisibleStemAndUntitledFallback]' passed (0.002 seconds).
Test Case '-[MyRAMTests.MarkdownFileIOTests testInjectedWriteFailureLeavesExistingDestinationUnchanged]' started.
Test Case '-[MyRAMTests.MarkdownFileIOTests testInjectedWriteFailureLeavesExistingDestinationUnchanged]' passed (0.007 seconds).
Test Case '-[MyRAMTests.MarkdownFileIOTests testReaderMapsFileFailureWithoutConstructingDocument]' started.
Test Case '-[MyRAMTests.MarkdownFileIOTests testReaderMapsFileFailureWithoutConstructingDocument]' passed (0.032 seconds).
Test Case '-[MyRAMTests.MarkdownFileIOTests testReaderPreservesEmptySource]' started.
Test Case '-[MyRAMTests.MarkdownFileIOTests testReaderPreservesEmptySource]' passed (0.002 seconds).
Test Case '-[MyRAMTests.MarkdownFileIOTests testReaderRejectsInvalidUTF8]' started.
Test Case '-[MyRAMTests.MarkdownFileIOTests testReaderRejectsInvalidUTF8]' passed (0.002 seconds).
Test Case '-[MyRAMTests.MarkdownFileIOTests testReaderStrictlyPreservesValidUTF8Source]' started.
Test Case '-[MyRAMTests.MarkdownFileIOTests testReaderStrictlyPreservesValidUTF8Source]' passed (0.002 seconds).
Test Case '-[MyRAMTests.MarkdownFileIOTests testWriterPassesExactBytesToAtomicWriteSeam]' started.
Test Case '-[MyRAMTests.MarkdownFileIOTests testWriterPassesExactBytesToAtomicWriteSeam]' passed (0.068 seconds).
Test Suite 'MarkdownFileIOTests' passed at 2026-08-04 16:54:33.107.
	 Executed 15 tests, with 0 failures (0 unexpected) in 0.141 (0.149) seconds
Test Suite 'MarkdownFileOperationBoundaryTests' started at 2026-08-04 16:54:33.107.
Test Case '-[MyRAMTests.MarkdownFileOperationBoundaryTests testBridgeAttachesIdentityToLocalFailure]' started.
Test Case '-[MyRAMTests.MarkdownFileOperationBoundaryTests testBridgeAttachesIdentityToLocalFailure]' passed (0.002 seconds).
Test Case '-[MyRAMTests.MarkdownFileOperationBoundaryTests testExpectedEditorMismatchDoesNotInvokeWrongClosure]' started.
Test Case '-[MyRAMTests.MarkdownFileOperationBoundaryTests testExpectedEditorMismatchDoesNotInvokeWrongClosure]' passed (0.001 seconds).
Test Case '-[MyRAMTests.MarkdownFileOperationBoundaryTests testExpectedEditorWithoutRegistrationReturnsUnavailableWithoutFlush]' started.
Test Case '-[MyRAMTests.MarkdownFileOperationBoundaryTests testExpectedEditorWithoutRegistrationReturnsUnavailableWithoutFlush]' passed (0.026 seconds).
Test Case '-[MyRAMTests.MarkdownFileOperationBoundaryTests testExpectedNoneWithoutRegistrationReturnsNoActiveEditor]' started.
Test Case '-[MyRAMTests.MarkdownFileOperationBoundaryTests testExpectedNoneWithoutRegistrationReturnsNoActiveEditor]' passed (0.002 seconds).
Test Case '-[MyRAMTests.MarkdownFileOperationBoundaryTests testExpectedNoneWithRegistrationRejectsMismatchWithoutInvokingClosure]' started.
Test Case '-[MyRAMTests.MarkdownFileOperationBoundaryTests testExpectedNoneWithRegistrationRejectsMismatchWithoutInvokingClosure]' passed (0.002 seconds).
Test Case '-[MyRAMTests.MarkdownFileOperationBoundaryTests testExportCapturesLatestRawSourceOnlyAfterSuccessfulLocalFlush]' started.
Test Case '-[MyRAMTests.MarkdownFileOperationBoundaryTests testExportCapturesLatestRawSourceOnlyAfterSuccessfulLocalFlush]' passed (0.001 seconds).
Test Case '-[MyRAMTests.MarkdownFileOperationBoundaryTests testExportDoesNotConsultAnotherEditorsBridgeRegistration]' started.
Test Case '-[MyRAMTests.MarkdownFileOperationBoundaryTests testExportDoesNotConsultAnotherEditorsBridgeRegistration]' passed (0.041 seconds).
Test Case '-[MyRAMTests.MarkdownFileOperationBoundaryTests testExportFlushFailurePreventsSourceCapture]' started.
Test Case '-[MyRAMTests.MarkdownFileOperationBoundaryTests testExportFlushFailurePreventsSourceCapture]' passed (0.002 seconds).
Test Case '-[MyRAMTests.MarkdownFileOperationBoundaryTests testFlushFailurePreventsReadAndConsumptionAndPreservesDiagnosticResult]' started.
Test Case '-[MyRAMTests.MarkdownFileOperationBoundaryTests testFlushFailurePreventsReadAndConsumptionAndPreservesDiagnosticResult]' passed (0.003 seconds).
Test Case '-[MyRAMTests.MarkdownFileOperationBoundaryTests testMatchingExpectedEditorReturnsBridgeOwnedIdentity]' started.
Test Case '-[MyRAMTests.MarkdownFileOperationBoundaryTests testMatchingExpectedEditorReturnsBridgeOwnedIdentity]' passed (0.001 seconds).
Test Case '-[MyRAMTests.MarkdownFileOperationBoundaryTests testProductionRouterKeepsMyRAMOnExistingImporterPath]' started.
Test Case '-[MyRAMTests.MarkdownFileOperationBoundaryTests testProductionRouterKeepsMyRAMOnExistingImporterPath]' passed (0.001 seconds).
Test Case '-[MyRAMTests.MarkdownFileOperationBoundaryTests testProductionRouterMarkdownFlushFailureHasZeroDownstreamEffects]' started.
Test Case '-[MyRAMTests.MarkdownFileOperationBoundaryTests testProductionRouterMarkdownFlushFailureHasZeroDownstreamEffects]' passed (0.001 seconds).
Test Case '-[MyRAMTests.MarkdownFileOperationBoundaryTests testProductionRouterMarkdownMismatchDoesNotInvokeWrongEditorOrDownstreamEffects]' started.
Test Case '-[MyRAMTests.MarkdownFileOperationBoundaryTests testProductionRouterMarkdownMismatchDoesNotInvokeWrongEditorOrDownstreamEffects]' passed (0.001 seconds).
Test Case '-[MyRAMTests.MarkdownFileOperationBoundaryTests testProductionRouterMarkdownSuccessOrdersAuthorizationBeforeBodyAndCommitEffects]' started.
Test Case '-[MyRAMTests.MarkdownFileOperationBoundaryTests testProductionRouterMarkdownSuccessOrdersAuthorizationBeforeBodyAndCommitEffects]' passed (0.001 seconds).
Test Case '-[MyRAMTests.MarkdownFileOperationBoundaryTests testProductionRouterMarkdownUnavailableHasZeroDownstreamEffects]' started.
Test Case '-[MyRAMTests.MarkdownFileOperationBoundaryTests testProductionRouterMarkdownUnavailableHasZeroDownstreamEffects]' passed (0.001 seconds).
Test Case '-[MyRAMTests.MarkdownFileOperationBoundaryTests testProductionRouterUnsupportedInvokesNeitherImporter]' started.
Test Case '-[MyRAMTests.MarkdownFileOperationBoundaryTests testProductionRouterUnsupportedInvokesNeitherImporter]' passed (0.002 seconds).
Test Case '-[MyRAMTests.MarkdownFileOperationBoundaryTests testStaleUnregisterCannotClearNewerEditor]' started.
Test Case '-[MyRAMTests.MarkdownFileOperationBoundaryTests testStaleUnregisterCannotClearNewerEditor]' passed (0.007 seconds).
Test Case '-[MyRAMTests.MarkdownFileOperationBoundaryTests testSuccessfulFlushPrecedesReadAndConsumption]' started.
Test Case '-[MyRAMTests.MarkdownFileOperationBoundaryTests testSuccessfulFlushPrecedesReadAndConsumption]' passed (0.001 seconds).
Test Suite 'MarkdownFileOperationBoundaryTests' passed at 2026-08-04 16:54:33.238.
	 Executed 18 tests, with 0 failures (0 unexpected) in 0.095 (0.131) seconds
Test Suite 'MarkdownImportIntegrationTests' started at 2026-08-04 16:54:33.238.
Test Case '-[MyRAMTests.MarkdownImportIntegrationTests testEmptyMarkdownCreatesEmptyRevisionZeroState]' started.
Test Case '-[MyRAMTests.MarkdownImportIntegrationTests testEmptyMarkdownCreatesEmptyRevisionZeroState]' passed (0.017 seconds).
Test Case '-[MyRAMTests.MarkdownImportIntegrationTests testExternalRouteEditorMismatchLeavesNoRowsUndoSelectionOrBodyRead]' started.
Test Case '-[MyRAMTests.MarkdownImportIntegrationTests testExternalRouteEditorMismatchLeavesNoRowsUndoSelectionOrBodyRead]' passed (0.017 seconds).
Test Case '-[MyRAMTests.MarkdownImportIntegrationTests testExternalRouteUnavailableEditorLeavesNoRowsUndoSelectionOrBodyRead]' started.
Test Case '-[MyRAMTests.MarkdownImportIntegrationTests testExternalRouteUnavailableEditorLeavesNoRowsUndoSelectionOrBodyRead]' passed (0.014 seconds).
Test Case '-[MyRAMTests.MarkdownImportIntegrationTests testImportCommitsExactBodyAndRevisionZeroStateBeforeUndoAndSelection]' started.
Test Case '-[MyRAMTests.MarkdownImportIntegrationTests testImportCommitsExactBodyAndRevisionZeroStateBeforeUndoAndSelection]' passed (0.017 seconds).
Test Case '-[MyRAMTests.MarkdownImportIntegrationTests testImportUsesCurrentFolderCreationPolicy]' started.
Test Case '-[MyRAMTests.MarkdownImportIntegrationTests testImportUsesCurrentFolderCreationPolicy]' passed (0.025 seconds).
Test Case '-[MyRAMTests.MarkdownImportIntegrationTests testSaveFailureRollsBackNoteStateFolderTimestampUndoAndSelection]' started.
Test Case '-[MyRAMTests.MarkdownImportIntegrationTests testSaveFailureRollsBackNoteStateFolderTimestampUndoAndSelection]' passed (0.032 seconds).
Test Suite 'MarkdownImportIntegrationTests' passed at 2026-08-04 16:54:33.364.
	 Executed 6 tests, with 0 failures (0 unexpected) in 0.122 (0.126) seconds
Test Suite 'MarkdownPreviewIntegrationTests' started at 2026-08-04 16:54:33.364.
Test Case '-[MyRAMTests.MarkdownPreviewIntegrationTests testCommandConsumptionPolicyEditExecutes]' started.
Test Case '-[MyRAMTests.MarkdownPreviewIntegrationTests testCommandConsumptionPolicyEditExecutes]' passed (0.002 seconds).
Test Case '-[MyRAMTests.MarkdownPreviewIntegrationTests testCommandConsumptionPolicyPendingPreviewConsumesWithoutExecution]' started.
Test Case '-[MyRAMTests.MarkdownPreviewIntegrationTests testCommandConsumptionPolicyPendingPreviewConsumesWithoutExecution]' passed (0.002 seconds).
Test Case '-[MyRAMTests.MarkdownPreviewIntegrationTests testCommandConsumptionPolicyVisiblePreviewConsumesWithoutExecution]' started.
Test Case '-[MyRAMTests.MarkdownPreviewIntegrationTests testCommandConsumptionPolicyVisiblePreviewConsumesWithoutExecution]' passed (0.002 seconds).
Test Case '-[MyRAMTests.MarkdownPreviewIntegrationTests testInteractionStateEditInteractive]' started.
Test Case '-[MyRAMTests.MarkdownPreviewIntegrationTests testInteractionStateEditInteractive]' passed (0.002 seconds).
Test Case '-[MyRAMTests.MarkdownPreviewIntegrationTests testInteractionStatePendingPreviewTransition]' started.
Test Case '-[MyRAMTests.MarkdownPreviewIntegrationTests testInteractionStatePendingPreviewTransition]' passed (0.002 seconds).
Test Case '-[MyRAMTests.MarkdownPreviewIntegrationTests testInteractionStateVisiblePreview]' started.
Test Case '-[MyRAMTests.MarkdownPreviewIntegrationTests testInteractionStateVisiblePreview]' passed (0.002 seconds).
Test Case '-[MyRAMTests.MarkdownPreviewIntegrationTests testModeAfterSelectionChangeDifferentIDResetsToEdit]' started.
Test Case '-[MyRAMTests.MarkdownPreviewIntegrationTests testModeAfterSelectionChangeDifferentIDResetsToEdit]' passed (0.001 seconds).
Test Case '-[MyRAMTests.MarkdownPreviewIntegrationTests testModeAfterSelectionChangeSameIDPreservesPreview]' started.
Test Case '-[MyRAMTests.MarkdownPreviewIntegrationTests testModeAfterSelectionChangeSameIDPreservesPreview]' passed (0.001 seconds).
Test Case '-[MyRAMTests.MarkdownPreviewIntegrationTests testResignationPolicyChangedTextPublishesFinalizedEdit]' started.
Test Case '-[MyRAMTests.MarkdownPreviewIntegrationTests testResignationPolicyChangedTextPublishesFinalizedEdit]' passed (0.001 seconds).
Test Case '-[MyRAMTests.MarkdownPreviewIntegrationTests testResignationPolicyOrdinaryEndEditing]' started.
Test Case '-[MyRAMTests.MarkdownPreviewIntegrationTests testResignationPolicyOrdinaryEndEditing]' passed (0.001 seconds).
Test Case '-[MyRAMTests.MarkdownPreviewIntegrationTests testResignationPolicyUnchangedTextAcknowledgeWithoutPublication]' started.
Test Case '-[MyRAMTests.MarkdownPreviewIntegrationTests testResignationPolicyUnchangedTextAcknowledgeWithoutPublication]' passed (0.001 seconds).
Test Case '-[MyRAMTests.MarkdownPreviewIntegrationTests testSearchInteractionPolicyHidesInPendingPreview]' started.
Test Case '-[MyRAMTests.MarkdownPreviewIntegrationTests testSearchInteractionPolicyHidesInPendingPreview]' passed (0.001 seconds).
Test Case '-[MyRAMTests.MarkdownPreviewIntegrationTests testSearchInteractionPolicyHidesInPreview]' started.
Test Case '-[MyRAMTests.MarkdownPreviewIntegrationTests testSearchInteractionPolicyHidesInPreview]' passed (0.001 seconds).
Test Case '-[MyRAMTests.MarkdownPreviewIntegrationTests testSearchInteractionPolicyRemovesHighlightInPreview]' started.
Test Case '-[MyRAMTests.MarkdownPreviewIntegrationTests testSearchInteractionPolicyRemovesHighlightInPreview]' passed (0.001 seconds).
Test Suite 'MarkdownPreviewIntegrationTests' passed at 2026-08-04 16:54:33.431.
	 Executed 14 tests, with 0 failures (0 unexpected) in 0.017 (0.066) seconds
Test Suite 'MarkdownPreviewParserTests' started at 2026-08-04 16:54:33.431.
Test Case '-[MyRAMTests.MarkdownPreviewParserTests testAdjacentParagraphsRemainDistinctBlocks]' started.
Test Case '-[MyRAMTests.MarkdownPreviewParserTests testAdjacentParagraphsRemainDistinctBlocks]' passed (0.041 seconds).
Test Case '-[MyRAMTests.MarkdownPreviewParserTests testBlockQuoteProducesBlockQuoteBlock]' started.
Test Case '-[MyRAMTests.MarkdownPreviewParserTests testBlockQuoteProducesBlockQuoteBlock]' passed (0.001 seconds).
Test Case '-[MyRAMTests.MarkdownPreviewParserTests testEmphasisAndStrongAreInlineAttributes]' started.
Test Case '-[MyRAMTests.MarkdownPreviewParserTests testEmphasisAndStrongAreInlineAttributes]' passed (0.002 seconds).
Test Case '-[MyRAMTests.MarkdownPreviewParserTests testEmptySourceProducesEmptyDocument]' started.
Test Case '-[MyRAMTests.MarkdownPreviewParserTests testEmptySourceProducesEmptyDocument]' passed (0.000 seconds).
Test Case '-[MyRAMTests.MarkdownPreviewParserTests testFencedCodeBlockProducesCodeBlock]' started.
Test Case '-[MyRAMTests.MarkdownPreviewParserTests testFencedCodeBlockProducesCodeBlock]' passed (0.001 seconds).
Test Case '-[MyRAMTests.MarkdownPreviewParserTests testForcedParserFailureReturnsExactSource]' started.
Test Case '-[MyRAMTests.MarkdownPreviewParserTests testForcedParserFailureReturnsExactSource]' passed (0.002 seconds).
Test Case '-[MyRAMTests.MarkdownPreviewParserTests testFoundationListOrdinalCharacterizationOnDeploymentSDK]' started.
Test Case '-[MyRAMTests.MarkdownPreviewParserTests testFoundationListOrdinalCharacterizationOnDeploymentSDK]' passed (0.002 seconds).
Test Case '-[MyRAMTests.MarkdownPreviewParserTests testHeadingProducesHeadingBlock]' started.
Test Case '-[MyRAMTests.MarkdownPreviewParserTests testHeadingProducesHeadingBlock]' passed (0.001 seconds).
Test Case '-[MyRAMTests.MarkdownPreviewParserTests testMissingOrNonpositiveOrdinalDoesNotFabricateNumberedItem]' started.
Test Case '-[MyRAMTests.MarkdownPreviewParserTests testMissingOrNonpositiveOrdinalDoesNotFabricateNumberedItem]' passed (0.001 seconds).
Test Case '-[MyRAMTests.MarkdownPreviewParserTests testNestedOrderedListPreservesOuterAndInnerOrdinals]' started.
Test Case '-[MyRAMTests.MarkdownPreviewParserTests testNestedOrderedListPreservesOuterAndInnerOrdinals]' passed (0.006 seconds).
Test Case '-[MyRAMTests.MarkdownPreviewParserTests testNestedUnorderedListInsideOrderedListUsesUnorderedStyle]' started.
Test Case '-[MyRAMTests.MarkdownPreviewParserTests testNestedUnorderedListInsideOrderedListUsesUnorderedStyle]' passed (0.001 seconds).
Test Case '-[MyRAMTests.MarkdownPreviewParserTests testOrderedListProducesSeparateOrderedListItemBlocks]' started.
Test Case '-[MyRAMTests.MarkdownPreviewParserTests testOrderedListProducesSeparateOrderedListItemBlocks]' passed (0.001 seconds).
Test Case '-[MyRAMTests.MarkdownPreviewParserTests testParagraphProducesParagraphBlock]' started.
Test Case '-[MyRAMTests.MarkdownPreviewParserTests testParagraphProducesParagraphBlock]' passed (0.001 seconds).
Test Case '-[MyRAMTests.MarkdownPreviewParserTests testSeparateListsAtSameDepthRestartCounterAtOne]' started.
Test Case '-[MyRAMTests.MarkdownPreviewParserTests testSeparateListsAtSameDepthRestartCounterAtOne]' passed (0.001 seconds).
Test Case '-[MyRAMTests.MarkdownPreviewParserTests testUnknownPresentationIntentMapsToParagraphKind]' started.
Test Case '-[MyRAMTests.MarkdownPreviewParserTests testUnknownPresentationIntentMapsToParagraphKind]' passed (0.001 seconds).
Test Case '-[MyRAMTests.MarkdownPreviewParserTests testUnorderedListProducesSeparateUnorderedListItemBlocks]' started.
Test Case '-[MyRAMTests.MarkdownPreviewParserTests testUnorderedListProducesSeparateUnorderedListItemBlocks]' passed (0.001 seconds).
Test Suite 'MarkdownPreviewParserTests' passed at 2026-08-04 16:54:33.523.
	 Executed 16 tests, with 0 failures (0 unexpected) in 0.061 (0.092) seconds
Test Suite 'MarkdownPreviewUIKitHarnessTests' started at 2026-08-04 16:54:33.529.
Test Case '-[MyRAMTests.MarkdownPreviewUIKitHarnessTests testAcceptedFirstRestoreAlreadyMatchingStillSupersedesQueuedSynchronization]' started.
Test Case '-[MyRAMTests.MarkdownPreviewUIKitHarnessTests testAcceptedFirstRestoreAlreadyMatchingStillSupersedesQueuedSynchronization]' passed (0.960 seconds).
Test Case '-[MyRAMTests.MarkdownPreviewUIKitHarnessTests testAcceptedNewerRestoreSupersedesQueuedEditorSynchronization]' started.
Test Case '-[MyRAMTests.MarkdownPreviewUIKitHarnessTests testAcceptedNewerRestoreSupersedesQueuedEditorSynchronization]' passed (0.005 seconds).
Test Case '-[MyRAMTests.MarkdownPreviewUIKitHarnessTests testClearRequiresOwnerPlainTextAndSatisfiedRichTextWrite]' started.
Test Case '-[MyRAMTests.MarkdownPreviewUIKitHarnessTests testClearRequiresOwnerPlainTextAndSatisfiedRichTextWrite]' passed (0.001 seconds).
Test Case '-[MyRAMTests.MarkdownPreviewUIKitHarnessTests testCommandConsumptionEditInteractiveExecutes]' started.
Test Case '-[MyRAMTests.MarkdownPreviewUIKitHarnessTests testCommandConsumptionEditInteractiveExecutes]' passed (0.001 seconds).
Test Case '-[MyRAMTests.MarkdownPreviewUIKitHarnessTests testCommandConsumptionPendingAndVisiblePreviewSuppress]' started.
Test Case '-[MyRAMTests.MarkdownPreviewUIKitHarnessTests testCommandConsumptionPendingAndVisiblePreviewSuppress]' passed (0.001 seconds).
Test Case '-[MyRAMTests.MarkdownPreviewUIKitHarnessTests testCoordinatorScopedGenerationOwnersAreIndependent]' started.
Test Case '-[MyRAMTests.MarkdownPreviewUIKitHarnessTests testCoordinatorScopedGenerationOwnersAreIndependent]' passed (0.001 seconds).
Test Case '-[MyRAMTests.MarkdownPreviewUIKitHarnessTests testCurrentDeferredOperationPublishesAndCompletesNormally]' started.
Test Case '-[MyRAMTests.MarkdownPreviewUIKitHarnessTests testCurrentDeferredOperationPublishesAndCompletesNormally]' passed (0.001 seconds).
Test Case '-[MyRAMTests.MarkdownPreviewUIKitHarnessTests testDeferredBPublishesBeforeAAndRemainsAuthoritative]' started.
Test Case '-[MyRAMTests.MarkdownPreviewUIKitHarnessTests testDeferredBPublishesBeforeAAndRemainsAuthoritative]' passed (0.001 seconds).
Test Case '-[MyRAMTests.MarkdownPreviewUIKitHarnessTests testDeferredOperationAlreadySynchronizedCompletesWithoutPublishing]' started.
Test Case '-[MyRAMTests.MarkdownPreviewUIKitHarnessTests testDeferredOperationAlreadySynchronizedCompletesWithoutPublishing]' passed (0.067 seconds).
Test Case '-[MyRAMTests.MarkdownPreviewUIKitHarnessTests testDiscardRequiresCurrentGenerationAndPreservesCurrentState]' started.
Test Case '-[MyRAMTests.MarkdownPreviewUIKitHarnessTests testDiscardRequiresCurrentGenerationAndPreservesCurrentState]' passed (0.001 seconds).
Test Case '-[MyRAMTests.MarkdownPreviewUIKitHarnessTests testEveryStaleOperationCompletesExactlyOnce]' started.
Test Case '-[MyRAMTests.MarkdownPreviewUIKitHarnessTests testEveryStaleOperationCompletesExactlyOnce]' passed (0.001 seconds).
Test Case '-[MyRAMTests.MarkdownPreviewUIKitHarnessTests testGateRepeatedCompletionAttemptsInvokeCallbackOnce]' started.
Test Case '-[MyRAMTests.MarkdownPreviewUIKitHarnessTests testGateRepeatedCompletionAttemptsInvokeCallbackOnce]' passed (0.001 seconds).
Test Case '-[MyRAMTests.MarkdownPreviewUIKitHarnessTests testImmediateReplacementWritesDataAndReplaceNilClearsIt]' started.
Test Case '-[MyRAMTests.MarkdownPreviewUIKitHarnessTests testImmediateReplacementWritesDataAndReplaceNilClearsIt]' passed (0.001 seconds).
Test Case '-[MyRAMTests.MarkdownPreviewUIKitHarnessTests testNativeUndoSurvivesProductionResignationAndBothReconciliationPasses]' started.
2026-08-04 16:54:34.601659+0000 MyRAM[5508:22207] [View] First responder issue detected: non-key window attempting reload - allowing due to manual keyboard (first responder window is <UIWindow: 0x106c09000; frame = (0 0; 320 240); gestureRecognizers = <NSArray: 0x116266040>; layer = <UIWindowLayer: 0x116179b80>>, key window is <UIWindow: 0x106c08400; frame = (0 0; 402 874); gestureRecognizers = <NSArray: 0x106306cd0>; layer = <UIWindowLayer: 0x106c55e00>>)
2026-08-04 16:54:34.759865+0000 MyRAM[5508:22207] [View] First responder issue detected: non-key window attempting reload - allowing due to manual keyboard (first responder window is <UIWindow: 0x106c09000; frame = (0 0; 320 240); gestureRecognizers = <NSArray: 0x116266040>; layer = <UIWindowLayer: 0x116179b80>>, key window is <UIWindow: 0x106c08400; frame = (0 0; 402 874); gestureRecognizers = <NSArray: 0x106306cd0>; layer = <UIWindowLayer: 0x106c55e00>>)
Test Case '-[MyRAMTests.MarkdownPreviewUIKitHarnessTests testNativeUndoSurvivesProductionResignationAndBothReconciliationPasses]' passed (0.173 seconds).
Test Case '-[MyRAMTests.MarkdownPreviewUIKitHarnessTests testNoDifferenceBSupersedesDeferredAAndDiscardsItsState]' started.
Test Case '-[MyRAMTests.MarkdownPreviewUIKitHarnessTests testNoDifferenceBSupersedesDeferredAAndDiscardsItsState]' passed (0.001 seconds).
Test Case '-[MyRAMTests.MarkdownPreviewUIKitHarnessTests testNoDifferencePreserveIgnoresUnrelatedRichTextBinding]' started.
Test Case '-[MyRAMTests.MarkdownPreviewUIKitHarnessTests testNoDifferencePreserveIgnoresUnrelatedRichTextBinding]' passed (0.002 seconds).
Test Case '-[MyRAMTests.MarkdownPreviewUIKitHarnessTests testPreserveExistingNeverWritesRichTextBinding]' started.
Test Case '-[MyRAMTests.MarkdownPreviewUIKitHarnessTests testPreserveExistingNeverWritesRichTextBinding]' passed (0.001 seconds).
Test Case '-[MyRAMTests.MarkdownPreviewUIKitHarnessTests testPreviewAcknowledgmentRemainsIndependentFromPublicationGeneration]' started.
Test Case '-[MyRAMTests.MarkdownPreviewUIKitHarnessTests testPreviewAcknowledgmentRemainsIndependentFromPublicationGeneration]' passed (0.001 seconds).
Test Case '-[MyRAMTests.MarkdownPreviewUIKitHarnessTests testProductionDeferredSchedulerEnqueuesExactlyOnce]' started.
2026-08-04 16:54:34.802370+0000 MyRAM[5508:22207] Unbalanced calls to begin/end appearance transitions for <UIViewController: 0x106c08800>.
Test Case '-[MyRAMTests.MarkdownPreviewUIKitHarnessTests testProductionDeferredSchedulerEnqueuesExactlyOnce]' passed (0.020 seconds).
Test Case '-[MyRAMTests.MarkdownPreviewUIKitHarnessTests testReconciliationAppliesAndMarksExplicitRestoreOwnership]' started.
Test Case '-[MyRAMTests.MarkdownPreviewUIKitHarnessTests testReconciliationAppliesAndMarksExplicitRestoreOwnership]' passed (0.004 seconds).
Test Case '-[MyRAMTests.MarkdownPreviewUIKitHarnessTests testReconciliationDerivesAuthoritativeBoundReplacementFromRawInputs]' started.
Test Case '-[MyRAMTests.MarkdownPreviewUIKitHarnessTests testReconciliationDerivesAuthoritativeBoundReplacementFromRawInputs]' passed (0.003 seconds).
Test Case '-[MyRAMTests.MarkdownPreviewUIKitHarnessTests testReconciliationPreservesMarkedTextAndPendingFormatting]' started.
Test Case '-[MyRAMTests.MarkdownPreviewUIKitHarnessTests testReconciliationPreservesMarkedTextAndPendingFormatting]' passed (0.005 seconds).
Test Case '-[MyRAMTests.MarkdownPreviewUIKitHarnessTests testRejectedNonNilRestoresAreTerminalWithoutOrdinaryReplacement]' started.
Test Case '-[MyRAMTests.MarkdownPreviewUIKitHarnessTests testRejectedNonNilRestoresAreTerminalWithoutOrdinaryReplacement]' passed (0.012 seconds).
Test Case '-[MyRAMTests.MarkdownPreviewUIKitHarnessTests testResignationPolicyDistinguishesNoDifferenceAndFinalizedIME]' started.
Test Case '-[MyRAMTests.MarkdownPreviewUIKitHarnessTests testResignationPolicyDistinguishesNoDifferenceAndFinalizedIME]' passed (0.047 seconds).
Test Case '-[MyRAMTests.MarkdownPreviewUIKitHarnessTests testSearchPolicyIsolatesPendingAndVisiblePreview]' started.
Test Case '-[MyRAMTests.MarkdownPreviewUIKitHarnessTests testSearchPolicyIsolatesPendingAndVisiblePreview]' passed (0.002 seconds).
Test Case '-[MyRAMTests.MarkdownPreviewUIKitHarnessTests testStaleGenerationCannotClearOrDiscardNewerBookkeeping]' started.
Test Case '-[MyRAMTests.MarkdownPreviewUIKitHarnessTests testStaleGenerationCannotClearOrDiscardNewerBookkeeping]' passed (0.001 seconds).
Test Case '-[MyRAMTests.MarkdownPreviewUIKitHarnessTests testStaleGenerationCannotRecordAfterNewerGenerationBegins]' started.
Test Case '-[MyRAMTests.MarkdownPreviewUIKitHarnessTests testStaleGenerationCannotRecordAfterNewerGenerationBegins]' passed (0.001 seconds).
Test Case '-[MyRAMTests.MarkdownPreviewUIKitHarnessTests testStaleNonRestoreReconciliationPerformsNoReplacementMarkOrClear]' started.
Test Case '-[MyRAMTests.MarkdownPreviewUIKitHarnessTests testStaleNonRestoreReconciliationPerformsNoReplacementMarkOrClear]' passed (0.003 seconds).
Test Case '-[MyRAMTests.MarkdownPreviewUIKitHarnessTests testStalePreserveExistingOperationCannotOverwriteNewerPlainText]' started.
Test Case '-[MyRAMTests.MarkdownPreviewUIKitHarnessTests testStalePreserveExistingOperationCannotOverwriteNewerPlainText]' passed (0.000 seconds).
Test Case '-[MyRAMTests.MarkdownPreviewUIKitHarnessTests testStaleRichTextReplacementCannotClearNewerRichText]' started.
Test Case '-[MyRAMTests.MarkdownPreviewUIKitHarnessTests testStaleRichTextReplacementCannotClearNewerRichText]' passed (0.000 seconds).
Test Case '-[MyRAMTests.MarkdownPreviewUIKitHarnessTests testSupersessionDuringPlainSetterStopsLaterSideEffects]' started.
Test Case '-[MyRAMTests.MarkdownPreviewUIKitHarnessTests testSupersessionDuringPlainSetterStopsLaterSideEffects]' passed (0.160 seconds).
Test Case '-[MyRAMTests.MarkdownPreviewUIKitHarnessTests testSupersessionDuringPublicationStopsOlderClear]' started.
Test Case '-[MyRAMTests.MarkdownPreviewUIKitHarnessTests testSupersessionDuringPublicationStopsOlderClear]' passed (0.001 seconds).
Test Case '-[MyRAMTests.MarkdownPreviewUIKitHarnessTests testSupersessionDuringRichTextSetterStopsPublicationAndClear]' started.
Test Case '-[MyRAMTests.MarkdownPreviewUIKitHarnessTests testSupersessionDuringRichTextSetterStopsPublicationAndClear]' passed (0.000 seconds).
Test Case '-[MyRAMTests.MarkdownPreviewUIKitHarnessTests testSynchronousBSupersedesDeferredA]' started.
Test Case '-[MyRAMTests.MarkdownPreviewUIKitHarnessTests testSynchronousBSupersedesDeferredA]' passed (0.000 seconds).
Test Case '-[MyRAMTests.MarkdownPreviewUIKitHarnessTests testWeakDependencyTeardownCompletesWithoutDeferredSideEffects]' started.
Test Case '-[MyRAMTests.MarkdownPreviewUIKitHarnessTests testWeakDependencyTeardownCompletesWithoutDeferredSideEffects]' passed (0.001 seconds).
Test Suite 'MarkdownPreviewUIKitHarnessTests' passed at 2026-08-04 16:54:35.376.
	 Executed 35 tests, with 0 failures (0 unexpected) in 1.477 (1.846) seconds
Test Suite 'MyRAMSyncControllerTests' started at 2026-08-04 16:54:35.376.
Test Case '-[MyRAMTests.MyRAMSyncControllerTests test101DistinctTargetsDrainAcrossTwoAcknowledgementCyclesWithoutManualSync]' started.
Test Case '-[MyRAMTests.MyRAMSyncControllerTests test101DistinctTargetsDrainAcrossTwoAcknowledgementCyclesWithoutManualSync]' passed (0.369 seconds).
Test Case '-[MyRAMTests.MyRAMSyncControllerTests testAcknowledgementRemovesOnlyMatchingBatchFromUnsentQueue]' started.
Test Case '-[MyRAMTests.MyRAMSyncControllerTests testAcknowledgementRemovesOnlyMatchingBatchFromUnsentQueue]' passed (0.144 seconds).
Test Case '-[MyRAMTests.MyRAMSyncControllerTests testAcknowledgementRemovesPendingChangeAndRefreshesAggregateStatus]' started.
Test Case '-[MyRAMTests.MyRAMSyncControllerTests testAcknowledgementRemovesPendingChangeAndRefreshesAggregateStatus]' passed (0.148 seconds).
Test Case '-[MyRAMTests.MyRAMSyncControllerTests testAckOnlyEnvelopeDoesNotTriggerReplyAcknowledgement]' started.
Test Case '-[MyRAMTests.MyRAMSyncControllerTests testAckOnlyEnvelopeDoesNotTriggerReplyAcknowledgement]' passed (0.171 seconds).
Test Case '-[MyRAMTests.MyRAMSyncControllerTests testAnchoredLocalBatchRejectsBeforeQueueOrTransportMutation]' started.
Test Case '-[MyRAMTests.MyRAMSyncControllerTests testAnchoredLocalBatchRejectsBeforeQueueOrTransportMutation]' passed (0.060 seconds).
Test Case '-[MyRAMTests.MyRAMSyncControllerTests testDirectlyEncodedInboundAnchoredBatchRejectsBeforeCallbacksAndAck]' started.
Test Case '-[MyRAMTests.MyRAMSyncControllerTests testDirectlyEncodedInboundAnchoredBatchRejectsBeforeCallbacksAndAck]' passed (0.204 seconds).
Test Case '-[MyRAMTests.MyRAMSyncControllerTests testDisconnectedAcceptLocalBatchRefreshesUnsentStatusBeforeReturning]' started.
Test Case '-[MyRAMTests.MyRAMSyncControllerTests testDisconnectedAcceptLocalBatchRefreshesUnsentStatusBeforeReturning]' passed (0.057 seconds).
Test Case '-[MyRAMTests.MyRAMSyncControllerTests testHandledCommitFailurePreventsLegacyAcknowledgement]' started.
Test Case '-[MyRAMTests.MyRAMSyncControllerTests testHandledCommitFailurePreventsLegacyAcknowledgement]' passed (0.163 seconds).
Test Case '-[MyRAMTests.MyRAMSyncControllerTests testIncomingBatchSyncDoesNotAcknowledgeWhenNotDurablyCaptured]' started.
Test Case '-[MyRAMTests.MyRAMSyncControllerTests testIncomingBatchSyncDoesNotAcknowledgeWhenNotDurablyCaptured]' passed (0.172 seconds).
Test Case '-[MyRAMTests.MyRAMSyncControllerTests testIncomingBatchSyncSendsAcknowledgementWhenDurablyCaptured]' started.
2026-08-04 16:54:37.586687+0000 MyRAM[5508:25268] [AGPSession] Couldn't check in handle iDstIDs (0).
Test Case '-[MyRAMTests.MyRAMSyncControllerTests testIncomingBatchSyncSendsAcknowledgementWhenDurablyCaptured]' passed (0.061 seconds).
Test Case '-[MyRAMTests.MyRAMSyncControllerTests testIncomingContentChangeTriggersAcknowledgementReply]' started.
Test Case '-[MyRAMTests.MyRAMSyncControllerTests testIncomingContentChangeTriggersAcknowledgementReply]' passed (0.129 seconds).
Test Case '-[MyRAMTests.MyRAMSyncControllerTests testLegacyFlushRequestedDuringActiveSendRunsFollowUpWithoutOverlap]' started.
Test Case '-[MyRAMTests.MyRAMSyncControllerTests testLegacyFlushRequestedDuringActiveSendRunsFollowUpWithoutOverlap]' passed (0.169 seconds).
Test Case '-[MyRAMTests.MyRAMSyncControllerTests testLocalConvergenceReplacementRefreshesAggregateStatusImmediately]' started.
Test Case '-[MyRAMTests.MyRAMSyncControllerTests testLocalConvergenceReplacementRefreshesAggregateStatusImmediately]' passed (0.157 seconds).
Test Case '-[MyRAMTests.MyRAMSyncControllerTests testManualSyncFlushesUnsentBatchQueue]' started.
Test Case '-[MyRAMTests.MyRAMSyncControllerTests testManualSyncFlushesUnsentBatchQueue]' passed (0.131 seconds).
Test Case '-[MyRAMTests.MyRAMSyncControllerTests testOuterSchemaNegativeOneRejectsBatchBeforeControllerSideEffects]' started.
Test Case '-[MyRAMTests.MyRAMSyncControllerTests testOuterSchemaNegativeOneRejectsBatchBeforeControllerSideEffects]' passed (0.168 seconds).
Test Case '-[MyRAMTests.MyRAMSyncControllerTests testOuterSchemaZeroRejectsBatchBeforeControllerSideEffects]' started.
Test Case '-[MyRAMTests.MyRAMSyncControllerTests testOuterSchemaZeroRejectsBatchBeforeControllerSideEffects]' passed (0.162 seconds).
Test Case '-[MyRAMTests.MyRAMSyncControllerTests testPartialLegacyEnvelopeAcknowledgesOnlyAppliedCandidate]' started.
Test Case '-[MyRAMTests.MyRAMSyncControllerTests testPartialLegacyEnvelopeAcknowledgesOnlyAppliedCandidate]' passed (0.185 seconds).
Test Case '-[MyRAMTests.MyRAMSyncControllerTests testReconnectFlushesQueuedLegacyChange]' started.
Test Case '-[MyRAMTests.MyRAMSyncControllerTests testReconnectFlushesQueuedLegacyChange]' passed (0.187 seconds).
Test Case '-[MyRAMTests.MyRAMSyncControllerTests testRecordedChangeIsSentAsLegacyEnvelopeOnManualFlush]' started.
Test Case '-[MyRAMTests.MyRAMSyncControllerTests testRecordedChangeIsSentAsLegacyEnvelopeOnManualFlush]' passed (0.078 seconds).
Test Case '-[MyRAMTests.MyRAMSyncControllerTests testRecoverySuspendedAcceptLocalBatchThrowsWhenDurableEnqueueFails]' started.
Test Case '-[MyRAMTests.MyRAMSyncControllerTests testRecoverySuspendedAcceptLocalBatchThrowsWhenDurableEnqueueFails]' passed (0.062 seconds).
Test Case '-[MyRAMTests.MyRAMSyncControllerTests testRecoverySuspendedBatchRequestFlushesOnceOnResume]' started.
Test Case '-[MyRAMTests.MyRAMSyncControllerTests testRecoverySuspendedBatchRequestFlushesOnceOnResume]' passed (0.133 seconds).
Test Case '-[MyRAMTests.MyRAMSyncControllerTests testRetryRequiredLegacyCandidateIsNotAcknowledgedOrMarkedHandledAndRedelivers]' started.
Test Case '-[MyRAMTests.MyRAMSyncControllerTests testRetryRequiredLegacyCandidateIsNotAcknowledgedOrMarkedHandledAndRedelivers]' passed (0.394 seconds).
Test Case '-[MyRAMTests.MyRAMSyncControllerTests testSentBatchIsNotRemovedFromQueueWithoutAcknowledgement]' started.
Test Case '-[MyRAMTests.MyRAMSyncControllerTests testSentBatchIsNotRemovedFromQueueWithoutAcknowledgement]' passed (0.069 seconds).
Test Case '-[MyRAMTests.MyRAMSyncControllerTests testUnknownLegacyDispositionResultFailsClosed]' started.
Test Case '-[MyRAMTests.MyRAMSyncControllerTests testUnknownLegacyDispositionResultFailsClosed]' passed (0.263 seconds).
Test Suite 'MyRAMSyncControllerTests' passed at 2026-08-04 16:54:39.937.
	 Executed 24 tests, with 0 failures (0 unexpected) in 3.835 (4.561) seconds
Test Suite 'MyRAMSyncOperationIDAllocatorTests' started at 2026-08-04 16:54:39.937.
Test Case '-[MyRAMTests.MyRAMSyncOperationIDAllocatorTests testConcurrentCallsThroughOneAllocatorAreUniqueAndContiguous]' started.
Test Case '-[MyRAMTests.MyRAMSyncOperationIDAllocatorTests testConcurrentCallsThroughOneAllocatorAreUniqueAndContiguous]' passed (0.077 seconds).
Test Case '-[MyRAMTests.MyRAMSyncOperationIDAllocatorTests testConcurrentFirstUseSelectsOneAuthoritativeActor]' started.
Test Case '-[MyRAMTests.MyRAMSyncOperationIDAllocatorTests testConcurrentFirstUseSelectsOneAuthoritativeActor]' passed (0.010 seconds).
Test Case '-[MyRAMTests.MyRAMSyncOperationIDAllocatorTests testConstructionIsLazyAndUnavailableStorageFailsClosed]' started.
Test Case '-[MyRAMTests.MyRAMSyncOperationIDAllocatorTests testConstructionIsLazyAndUnavailableStorageFailsClosed]' passed (0.003 seconds).
Test Case '-[MyRAMTests.MyRAMSyncOperationIDAllocatorTests testDirectoryAndLockRemainStableAcrossAtomicStateReplacement]' started.
Test Case '-[MyRAMTests.MyRAMSyncOperationIDAllocatorTests testDirectoryAndLockRemainStableAcrossAtomicStateReplacement]' passed (0.010 seconds).
Test Case '-[MyRAMTests.MyRAMSyncOperationIDAllocatorTests testDistinctAllocatorsSharingRealStoreSerializeOneContiguousSequence]' started.
Test Case '-[MyRAMTests.MyRAMSyncOperationIDAllocatorTests testDistinctAllocatorsSharingRealStoreSerializeOneContiguousSequence]' passed (0.035 seconds).
Test Case '-[MyRAMTests.MyRAMSyncOperationIDAllocatorTests testExhaustionPreservesMaximumRecord]' started.
Test Case '-[MyRAMTests.MyRAMSyncOperationIDAllocatorTests testExhaustionPreservesMaximumRecord]' passed (0.004 seconds).
Test Case '-[MyRAMTests.MyRAMSyncOperationIDAllocatorTests testFailureAfterInstallationLeavesProtectedGapOnRetry]' started.
Test Case '-[MyRAMTests.MyRAMSyncOperationIDAllocatorTests testFailureAfterInstallationLeavesProtectedGapOnRetry]' passed (0.006 seconds).
Test Case '-[MyRAMTests.MyRAMSyncOperationIDAllocatorTests testFailureAfterVerificationDoesNotReuseCommittedReservation]' started.
Test Case '-[MyRAMTests.MyRAMSyncOperationIDAllocatorTests testFailureAfterVerificationDoesNotReuseCommittedReservation]' passed (0.006 seconds).
Test Case '-[MyRAMTests.MyRAMSyncOperationIDAllocatorTests testFailureBeforeInstallationAllowsUncommittedCounterToBeRetried]' started.
Test Case '-[MyRAMTests.MyRAMSyncOperationIDAllocatorTests testFailureBeforeInstallationAllowsUncommittedCounterToBeRetried]' passed (0.004 seconds).
Test Case '-[MyRAMTests.MyRAMSyncOperationIDAllocatorTests testFirstAndSequentialReservationsPersistCanonicalRecord]' started.
Test Case '-[MyRAMTests.MyRAMSyncOperationIDAllocatorTests testFirstAndSequentialReservationsPersistCanonicalRecord]' passed (0.004 seconds).
Test Case '-[MyRAMTests.MyRAMSyncOperationIDAllocatorTests testFirstReservationPreparesProtectedDirectoryBeforeCreatingFiles]' started.
Test Case '-[MyRAMTests.MyRAMSyncOperationIDAllocatorTests testFirstReservationPreparesProtectedDirectoryBeforeCreatingFiles]' passed (0.004 seconds).
Test Case '-[MyRAMTests.MyRAMSyncOperationIDAllocatorTests testInvalidRecordsFailClosedWithoutReplacingStateOrCreatingActor]' started.
Test Case '-[MyRAMTests.MyRAMSyncOperationIDAllocatorTests testInvalidRecordsFailClosedWithoutReplacingStateOrCreatingActor]' passed (0.017 seconds).
Test Case '-[MyRAMTests.MyRAMSyncOperationIDAllocatorTests testMissingRecordAfterPriorUseCreatesNewActorAtCounterZero]' started.
Test Case '-[MyRAMTests.MyRAMSyncOperationIDAllocatorTests testMissingRecordAfterPriorUseCreatesNewActorAtCounterZero]' passed (0.004 seconds).
Test Case '-[MyRAMTests.MyRAMSyncOperationIDAllocatorTests testProtectedDirectoryFailureCreatesNoTransactionFilesOrActor]' started.
Test Case '-[MyRAMTests.MyRAMSyncOperationIDAllocatorTests testProtectedDirectoryFailureCreatesNoTransactionFilesOrActor]' passed (0.001 seconds).
Test Case '-[MyRAMTests.MyRAMSyncOperationIDAllocatorTests testRecreatedAllocatorAdvancesExistingActor]' started.
Test Case '-[MyRAMTests.MyRAMSyncOperationIDAllocatorTests testRecreatedAllocatorAdvancesExistingActor]' passed (0.006 seconds).
Test Case '-[MyRAMTests.MyRAMSyncOperationIDAllocatorTests testSecondStoreCannotEnterLockedTransactionUntilFirstReleases]' started.
Test Case '-[MyRAMTests.MyRAMSyncOperationIDAllocatorTests testSecondStoreCannotEnterLockedTransactionUntilFirstReleases]' passed (0.107 seconds).
Test Suite 'MyRAMSyncOperationIDAllocatorTests' passed at 2026-08-04 16:54:40.410.
	 Executed 16 tests, with 0 failures (0 unexpected) in 0.299 (0.473) seconds
Test Suite 'MyRAMTests' started at 2026-08-04 16:54:40.410.
Test Case '-[MyRAMTests.MyRAMTests testAcknowledgedLocalNoteChangeAdvancesSyncBaseline]' started.
Test Case '-[MyRAMTests.MyRAMTests testAcknowledgedLocalNoteChangeAdvancesSyncBaseline]' passed (0.125 seconds).
Test Case '-[MyRAMTests.MyRAMTests testAcknowledgedLocalPinnedTextChangeAdvancesSyncBaseline]' started.
Test Case '-[MyRAMTests.MyRAMTests testAcknowledgedLocalPinnedTextChangeAdvancesSyncBaseline]' passed (0.051 seconds).
Test Case '-[MyRAMTests.MyRAMTests testActiveConflictPreservesLocalDeleteThenRetypeAgainstRemoteOrdinaryText]' started.
Test Case '-[MyRAMTests.MyRAMTests testActiveConflictPreservesLocalDeleteThenRetypeAgainstRemoteOrdinaryText]' passed (0.021 seconds).
Test Case '-[MyRAMTests.MyRAMTests testActiveConflictPreventsRemoteOrdinaryTextFromOverwritingLocalText]' started.
Test Case '-[MyRAMTests.MyRAMTests testActiveConflictPreventsRemoteOrdinaryTextFromOverwritingLocalText]' passed (0.027 seconds).
Test Case '-[MyRAMTests.MyRAMTests testActiveNoteCountInFolderExcludesDeletedNotesAndOtherFolders]' started.
Test Case '-[MyRAMTests.MyRAMTests testActiveNoteCountInFolderExcludesDeletedNotesAndOtherFolders]' passed (0.062 seconds).
Test Case '-[MyRAMTests.MyRAMTests testActiveNoteCountInFolderIncludesNestedFolders]' started.
Test Case '-[MyRAMTests.MyRAMTests testActiveNoteCountInFolderIncludesNestedFolders]' passed (0.038 seconds).
Test Case '-[MyRAMTests.MyRAMTests testActiveNoteMixedTitleAndBodyIncomingBatchPublishesCompositeEditorUpdate]' started.
2026-08-04 16:54:40.893699+0000 MyRAM[5508:24565] [ModelContext] SwiftData.ModelContext: Unbinding from the main queue. This context was instantiated on the main queue but is being used off it. ModelContexts are not Sendable, consider using a ModelActor.
Test Case '-[MyRAMTests.MyRAMTests testActiveNoteMixedTitleAndBodyIncomingBatchPublishesCompositeEditorUpdate]' passed (0.173 seconds).
Test Case '-[MyRAMTests.MyRAMTests testActiveNoteTitleOnlyIncomingBatchPublishesMetadataOnlyEditorUpdate]' started.
2026-08-04 16:54:40.935048+0000 MyRAM[5508:24521] [ModelContext] SwiftData.ModelContext: Unbinding from the main queue. This context was instantiated on the main queue but is being used off it. ModelContexts are not Sendable, consider using a ModelActor.
Test Case '-[MyRAMTests.MyRAMTests testActiveNoteTitleOnlyIncomingBatchPublishesMetadataOnlyEditorUpdate]' passed (0.031 seconds).
Test Case '-[MyRAMTests.MyRAMTests testAddPhotoAttachmentStoresImageOnNote]' started.
Test Case '-[MyRAMTests.MyRAMTests testAddPhotoAttachmentStoresImageOnNote]' passed (0.051 seconds).
Test Case '-[MyRAMTests.MyRAMTests testAttachmentsPersistAcrossContainerReinit]' started.
Test Case '-[MyRAMTests.MyRAMTests testAttachmentsPersistAcrossContainerReinit]' passed (0.051 seconds).
Test Case '-[MyRAMTests.MyRAMTests testBidirectionalConcurrentEditsAfterPriorSyncedHistoryConvergeIdentically]' started.
2026-08-04 16:54:41.094234+0000 MyRAM[5508:25038] [ModelContext] SwiftData.ModelContext: Unbinding from the main queue. This context was instantiated on the main queue but is being used off it. ModelContexts are not Sendable, consider using a ModelActor.
2026-08-04 16:54:41.165577+0000 MyRAM[5508:24516] [ModelContext] SwiftData.ModelContext: Unbinding from the main queue. This context was instantiated on the main queue but is being used off it. ModelContexts are not Sendable, consider using a ModelActor.
Test Case '-[MyRAMTests.MyRAMTests testBidirectionalConcurrentEditsAfterPriorSyncedHistoryConvergeIdentically]' passed (0.128 seconds).
Test Case '-[MyRAMTests.MyRAMTests testBufferedConflictStoreExactRemoteConflictDoesNotExposeQueuedReadOrEffect]' started.
Test Case '-[MyRAMTests.MyRAMTests testBufferedConflictStoreExactRemoteConflictDoesNotExposeQueuedReadOrEffect]' passed (0.006 seconds).
Test Case '-[MyRAMTests.MyRAMTests testBufferedConflictStoreQueuesSameFieldConflictForReadAfterWriteAndCheckedCommit]' started.
Test Case '-[MyRAMTests.MyRAMTests testBufferedConflictStoreQueuesSameFieldConflictForReadAfterWriteAndCheckedCommit]' passed (0.009 seconds).
Test Case '-[MyRAMTests.MyRAMTests testBufferedConflictStoreReadsPinnedTextBaselineWrittenDuringApply]' started.
Test Case '-[MyRAMTests.MyRAMTests testBufferedConflictStoreReadsPinnedTextBaselineWrittenDuringApply]' passed (0.001 seconds).
Test Case '-[MyRAMTests.MyRAMTests testBuildNoteExportTextIncludesReadableFieldsForSingleNote]' started.
Test Case '-[MyRAMTests.MyRAMTests testBuildNoteExportTextIncludesReadableFieldsForSingleNote]' passed (0.001 seconds).
Test Case '-[MyRAMTests.MyRAMTests testCapturedLocalEvidenceRegistersAfterAuthoritativeBodyMovesOnWithoutReverseReconstruction]' started.
Test Case '-[MyRAMTests.MyRAMTests testCapturedLocalEvidenceRegistersAfterAuthoritativeBodyMovesOnWithoutReverseReconstruction]' passed (0.018 seconds).
Test Case '-[MyRAMTests.MyRAMTests testCapturedLocalObligationValidationFailureRejectsBeforeQueueInsertion]' started.
Test Case '-[MyRAMTests.MyRAMTests testCapturedLocalObligationValidationFailureRejectsBeforeQueueInsertion]' passed (0.016 seconds).
Test Case '-[MyRAMTests.MyRAMTests testChecklistActionCreatesUncheckedItemAtCurrentLine]' started.
Test Case '-[MyRAMTests.MyRAMTests testChecklistActionCreatesUncheckedItemAtCurrentLine]' passed (0.033 seconds).
Test Case '-[MyRAMTests.MyRAMTests testChecklistActionNormalizesLegacyPrefixAndTogglesState]' started.
Test Case '-[MyRAMTests.MyRAMTests testChecklistActionNormalizesLegacyPrefixAndTogglesState]' passed (0.001 seconds).
Test Case '-[MyRAMTests.MyRAMTests testChecklistActionTogglesUncheckedAndCheckedState]' started.
Test Case '-[MyRAMTests.MyRAMTests testChecklistActionTogglesUncheckedAndCheckedState]' passed (0.001 seconds).
Test Case '-[MyRAMTests.MyRAMTests testChecklistCheckedContentRangesOnlyIncludesCheckedItems]' started.
Test Case '-[MyRAMTests.MyRAMTests testChecklistCheckedContentRangesOnlyIncludesCheckedItems]' passed (0.063 seconds).
Test Case '-[MyRAMTests.MyRAMTests testChecklistCheckedItemRemainsEditableAfterRendering]' started.
Test Case '-[MyRAMTests.MyRAMTests testChecklistCheckedItemRemainsEditableAfterRendering]' passed (0.002 seconds).
Test Case '-[MyRAMTests.MyRAMTests testChecklistIconDetectionMatchesIconPrefixRange]' started.
Test Case '-[MyRAMTests.MyRAMTests testChecklistIconDetectionMatchesIconPrefixRange]' passed (0.001 seconds).
Test Case '-[MyRAMTests.MyRAMTests testChecklistIconExactDetectionStaysLimitedToPrefix]' started.
Test Case '-[MyRAMTests.MyRAMTests testChecklistIconExactDetectionStaysLimitedToPrefix]' passed (0.001 seconds).
Test Case '-[MyRAMTests.MyRAMTests testChecklistPinCandidateExtractsThoughtAndSourceLineForMove]' started.
Test Case '-[MyRAMTests.MyRAMTests testChecklistPinCandidateExtractsThoughtAndSourceLineForMove]' passed (0.001 seconds).
Test Case '-[MyRAMTests.MyRAMTests testChecklistRenderingAppliesContinuationIndentToChecklistLines]' started.
Test Case '-[MyRAMTests.MyRAMTests testChecklistRenderingAppliesContinuationIndentToChecklistLines]' passed (0.001 seconds).
Test Case '-[MyRAMTests.MyRAMTests testChecklistRenderingAppliesStrikethroughOnlyToCheckedItemText]' started.
Test Case '-[MyRAMTests.MyRAMTests testChecklistRenderingAppliesStrikethroughOnlyToCheckedItemText]' passed (0.002 seconds).
Test Case '-[MyRAMTests.MyRAMTests testChecklistRenderingIncreasesCheckboxGlyphSize]' started.
Test Case '-[MyRAMTests.MyRAMTests testChecklistRenderingIncreasesCheckboxGlyphSize]' passed (0.002 seconds).
Test Case '-[MyRAMTests.MyRAMTests testChecklistRenderingIndentsBodyLinesWhenAnyChecklistExists]' started.
Test Case '-[MyRAMTests.MyRAMTests testChecklistRenderingIndentsBodyLinesWhenAnyChecklistExists]' passed (0.033 seconds).
Test Case '-[MyRAMTests.MyRAMTests testChecklistRenderingKeepsBlankItemTypingBoundaryAtBodyFont]' started.
Test Case '-[MyRAMTests.MyRAMTests testChecklistRenderingKeepsBlankItemTypingBoundaryAtBodyFont]' passed (0.001 seconds).
Test Case '-[MyRAMTests.MyRAMTests testChecklistRenderingKeepsCheckedWrappedLinesSingleSpaced]' started.
Test Case '-[MyRAMTests.MyRAMTests testChecklistRenderingKeepsCheckedWrappedLinesSingleSpaced]' passed (0.001 seconds).
Test Case '-[MyRAMTests.MyRAMTests testChecklistRenderingKeepsPlainNotesCompactWithoutGutters]' started.
Test Case '-[MyRAMTests.MyRAMTests testChecklistRenderingKeepsPlainNotesCompactWithoutGutters]' passed (0.001 seconds).
Test Case '-[MyRAMTests.MyRAMTests testChecklistRenderingKeepsStableTabStopForLargerCheckboxGlyph]' started.
Test Case '-[MyRAMTests.MyRAMTests testChecklistRenderingKeepsStableTabStopForLargerCheckboxGlyph]' passed (0.001 seconds).
Test Case '-[MyRAMTests.MyRAMTests testChecklistRenderingMigratesLegacyMarkersToIcons]' started.
Test Case '-[MyRAMTests.MyRAMTests testChecklistRenderingMigratesLegacyMarkersToIcons]' passed (0.001 seconds).
Test Case '-[MyRAMTests.MyRAMTests testCommitNoteEditBodyReplacementRecordsCapturedEvidenceChain]' started.
Test Case '-[MyRAMTests.MyRAMTests testCommitNoteEditBodyReplacementRecordsCapturedEvidenceChain]' passed (0.021 seconds).
Test Case '-[MyRAMTests.MyRAMTests testCommitNoteEditLargeReplacementRecordsCapturedEvidenceChain]' started.
Test Case '-[MyRAMTests.MyRAMTests testCommitNoteEditLargeReplacementRecordsCapturedEvidenceChain]' passed (0.041 seconds).
Test Case '-[MyRAMTests.MyRAMTests testCommitNoteEditSaveFailureRestoresStateAndDoesNotRecordConvergenceWork]' started.
Test Case '-[MyRAMTests.MyRAMTests testCommitNoteEditSaveFailureRestoresStateAndDoesNotRecordConvergenceWork]' passed (0.048 seconds).
Test Case '-[MyRAMTests.MyRAMTests testConcurrentFullBodyReplacementsFromBothDevices]' started.
Test Case '-[MyRAMTests.MyRAMTests testConcurrentFullBodyReplacementsFromBothDevices]' passed (0.044 seconds).
Test Case '-[MyRAMTests.MyRAMTests testConflictProducingLegacyIncomingChangeDoesNotPublishConflictBeforeSaveSucceeds]' started.
Test Case '-[MyRAMTests.MyRAMTests testConflictProducingLegacyIncomingChangeDoesNotPublishConflictBeforeSaveSucceeds]' passed (0.041 seconds).
Test Case '-[MyRAMTests.MyRAMTests testConvergenceRuntimeProcessesQueuedIncomingBatchesSerially]' started.
2026-08-04 16:54:41.604426+0000 MyRAM[5508:25038] [ModelContext] SwiftData.ModelContext: Unbinding from the main queue. This context was instantiated on the main queue but is being used off it. ModelContexts are not Sendable, consider using a ModelActor.
Test Case '-[MyRAMTests.MyRAMTests testConvergenceRuntimeProcessesQueuedIncomingBatchesSerially]' passed (0.060 seconds).
Test Case '-[MyRAMTests.MyRAMTests testCreateFolderSupportsRootAndNestedHierarchy]' started.
Test Case '-[MyRAMTests.MyRAMTests testCreateFolderSupportsRootAndNestedHierarchy]' passed (0.016 seconds).
Test Case '-[MyRAMTests.MyRAMTests testCreateNewNoteUsesCurrentFolderContext]' started.
Test Case '-[MyRAMTests.MyRAMTests testCreateNewNoteUsesCurrentFolderContext]' passed (0.029 seconds).
Test Case '-[MyRAMTests.MyRAMTests testCurrentFolderListItemsOrdersPinnedNotesFoldersThenRegularNotes]' started.
Test Case '-[MyRAMTests.MyRAMTests testCurrentFolderListItemsOrdersPinnedNotesFoldersThenRegularNotes]' passed (0.019 seconds).
Test Case '-[MyRAMTests.MyRAMTests testCurrentNoteSearchBodyRangeRejectsOutOfBoundsRange]' started.
Test Case '-[MyRAMTests.MyRAMTests testCurrentNoteSearchBodyRangeRejectsOutOfBoundsRange]' passed (0.001 seconds).
Test Case '-[MyRAMTests.MyRAMTests testCurrentNoteSearchBodyRangeRequiresBodyMatchWithinBounds]' started.
Test Case '-[MyRAMTests.MyRAMTests testCurrentNoteSearchBodyRangeRequiresBodyMatchWithinBounds]' passed (0.001 seconds).
Test Case '-[MyRAMTests.MyRAMTests testCurrentNoteSearchClearsSelectedMatchWhenEmpty]' started.
Test Case '-[MyRAMTests.MyRAMTests testCurrentNoteSearchClearsSelectedMatchWhenEmpty]' passed (0.001 seconds).
Test Case '-[MyRAMTests.MyRAMTests testCurrentNoteSearchFallsBackFromStaleSelectedMatch]' started.
Test Case '-[MyRAMTests.MyRAMTests testCurrentNoteSearchFallsBackFromStaleSelectedMatch]' passed (0.001 seconds).
Test Case '-[MyRAMTests.MyRAMTests testCurrentNoteSearchNextAndPreviousWrapMatches]' started.
Test Case '-[MyRAMTests.MyRAMTests testCurrentNoteSearchNextAndPreviousWrapMatches]' passed (0.015 seconds).
Test Case '-[MyRAMTests.MyRAMTests testCurrentNoteSearchNormalizesWhitespaceQuery]' started.
Test Case '-[MyRAMTests.MyRAMTests testCurrentNoteSearchNormalizesWhitespaceQuery]' passed (0.001 seconds).
Test Case '-[MyRAMTests.MyRAMTests testCurrentNoteSearchOrdersPinnedTextBeforeBodyMatches]' started.
Test Case '-[MyRAMTests.MyRAMTests testCurrentNoteSearchOrdersPinnedTextBeforeBodyMatches]' passed (0.001 seconds).
Test Case '-[MyRAMTests.MyRAMTests testCurrentNoteSearchPreservesPinnedThenBodyOrdering]' started.
Test Case '-[MyRAMTests.MyRAMTests testCurrentNoteSearchPreservesPinnedThenBodyOrdering]' passed (0.001 seconds).
Test Case '-[MyRAMTests.MyRAMTests testCurrentNoteSearchPreservesValidSelectedMatch]' started.
Test Case '-[MyRAMTests.MyRAMTests testCurrentNoteSearchPreservesValidSelectedMatch]' passed (0.001 seconds).
Test Case '-[MyRAMTests.MyRAMTests testCurrentNoteSearchReturnsNoMatchesForWhitespaceQuery]' started.
Test Case '-[MyRAMTests.MyRAMTests testCurrentNoteSearchReturnsNoMatchesForWhitespaceQuery]' passed (0.001 seconds).
Test Case '-[MyRAMTests.MyRAMTests testCurrentNoteSearchReturnsNoMatchesWhenQueryIsMissing]' started.
Test Case '-[MyRAMTests.MyRAMTests testCurrentNoteSearchReturnsNoMatchesWhenQueryIsMissing]' passed (0.001 seconds).
Test Case '-[MyRAMTests.MyRAMTests testCurrentNoteSearchUsesOriginalStringRangesForDiacriticInsensitiveBodyMatches]' started.
Test Case '-[MyRAMTests.MyRAMTests testCurrentNoteSearchUsesOriginalStringRangesForDiacriticInsensitiveBodyMatches]' passed (0.002 seconds).
Test Case '-[MyRAMTests.MyRAMTests testDebugBuildUsesDevelopmentBundleIdentifier]' started.
Test Case '-[MyRAMTests.MyRAMTests testDebugBuildUsesDevelopmentBundleIdentifier]' passed (0.001 seconds).
Test Case '-[MyRAMTests.MyRAMTests testDebugDemoDataGeneratorClearPreservesUserNotes]' started.
Test Case '-[MyRAMTests.MyRAMTests testDebugDemoDataGeneratorClearPreservesUserNotes]' passed (0.022 seconds).
Test Case '-[MyRAMTests.MyRAMTests testDebugDemoDataGeneratorCreatesExpectedNotesAndPinnedThoughts]' started.
Test Case '-[MyRAMTests.MyRAMTests testDebugDemoDataGeneratorCreatesExpectedNotesAndPinnedThoughts]' passed (0.013 seconds).
Test Case '-[MyRAMTests.MyRAMTests testDebugDemoDataGeneratorIsSafeToRunRepeatedly]' started.
Test Case '-[MyRAMTests.MyRAMTests testDebugDemoDataGeneratorIsSafeToRunRepeatedly]' passed (0.025 seconds).
Test Case '-[MyRAMTests.MyRAMTests testDeferredIncomingBatchDoesNotBlockDisjointLaterBatch]' started.
2026-08-04 16:54:41.858286+0000 MyRAM[5508:24565] [ModelContext] SwiftData.ModelContext: Unbinding from the main queue. This context was instantiated on the main queue but is being used off it. ModelContexts are not Sendable, consider using a ModelActor.
Test Case '-[MyRAMTests.MyRAMTests testDeferredIncomingBatchDoesNotBlockDisjointLaterBatch]' passed (0.041 seconds).
Test Case '-[MyRAMTests.MyRAMTests testDelayedBatchDrainRepeatsForReentrantSubmissionWithoutStrandingWork]' started.
2026-08-04 16:54:41.931441+0000 MyRAM[5508:24565] [ModelContext] SwiftData.ModelContext: Unbinding from the main queue. This context was instantiated on the main queue but is being used off it. ModelContexts are not Sendable, consider using a ModelActor.
Test Case '-[MyRAMTests.MyRAMTests testDelayedBatchDrainRepeatsForReentrantSubmissionWithoutStrandingWork]' passed (0.349 seconds).
Test Case '-[MyRAMTests.MyRAMTests testDeleteFolderPreservingNotesMovesNotesToTopLevel]' started.
Test Case '-[MyRAMTests.MyRAMTests testDeleteFolderPreservingNotesMovesNotesToTopLevel]' passed (0.029 seconds).
Test Case '-[MyRAMTests.MyRAMTests testDeleteFolderWithoutPreservingNotesSoftDeletesContainedNotes]' started.
Test Case '-[MyRAMTests.MyRAMTests testDeleteFolderWithoutPreservingNotesSoftDeletesContainedNotes]' passed (0.024 seconds).
Test Case '-[MyRAMTests.MyRAMTests testDifferentRemoteSenderStaleBaseDoesNotOverwriteTrackedText]' started.
Test Case '-[MyRAMTests.MyRAMTests testDifferentRemoteSenderStaleBaseDoesNotOverwriteTrackedText]' passed (0.022 seconds).
Test Case '-[MyRAMTests.MyRAMTests testDiscardSyncConflictAdvancesLocalNoteTimestamp]' started.
Test Case '-[MyRAMTests.MyRAMTests testDiscardSyncConflictAdvancesLocalNoteTimestamp]' passed (0.017 seconds).
Test Case '-[MyRAMTests.MyRAMTests testDuplicateMixedIncomingBatchDoesNotRepublishEditorUpdate]' started.
2026-08-04 16:54:42.336033+0000 MyRAM[5508:25038] [ModelContext] SwiftData.ModelContext: Unbinding from the main queue. This context was instantiated on the main queue but is being used off it. ModelContexts are not Sendable, consider using a ModelActor.
Test Case '-[MyRAMTests.MyRAMTests testDuplicateMixedIncomingBatchDoesNotRepublishEditorUpdate]' passed (0.045 seconds).
Test Case '-[MyRAMTests.MyRAMTests testDuplicateTitleOnlyIncomingBatchDoesNotPublishNewActiveEditorUpdate]' started.
2026-08-04 16:54:42.381509+0000 MyRAM[5508:24516] [ModelContext] SwiftData.ModelContext: Unbinding from the main queue. This context was instantiated on the main queue but is being used off it. ModelContexts are not Sendable, consider using a ModelActor.
Test Case '-[MyRAMTests.MyRAMTests testDuplicateTitleOnlyIncomingBatchDoesNotPublishNewActiveEditorUpdate]' passed (0.039 seconds).
Test Case '-[MyRAMTests.MyRAMTests testEditorSelectionRangeResolverAcceptsCollapsedRangeAtTextEnd]' started.
Test Case '-[MyRAMTests.MyRAMTests testEditorSelectionRangeResolverAcceptsCollapsedRangeAtTextEnd]' passed (0.001 seconds).
Test Case '-[MyRAMTests.MyRAMTests testEditorSelectionRangeResolverAcceptsRangeEndingAtTextLength]' started.
Test Case '-[MyRAMTests.MyRAMTests testEditorSelectionRangeResolverAcceptsRangeEndingAtTextLength]' passed (0.001 seconds).
Test Case '-[MyRAMTests.MyRAMTests testEditorSelectionRangeResolverClampsNegativeSelectionLocationToZero]' started.
Test Case '-[MyRAMTests.MyRAMTests testEditorSelectionRangeResolverClampsNegativeSelectionLocationToZero]' passed (0.001 seconds).
Test Case '-[MyRAMTests.MyRAMTests testEditorSelectionRangeResolverClampsNSNotFoundToEndCaret]' started.
Test Case '-[MyRAMTests.MyRAMTests testEditorSelectionRangeResolverClampsNSNotFoundToEndCaret]' passed (0.026 seconds).
Test Case '-[MyRAMTests.MyRAMTests testEditorSelectionRangeResolverClampsRenderedSelectionWithExistingSemantics]' started.
Test Case '-[MyRAMTests.MyRAMTests testEditorSelectionRangeResolverClampsRenderedSelectionWithExistingSemantics]' passed (0.001 seconds).
Test Case '-[MyRAMTests.MyRAMTests testEditorSelectionRangeResolverClampsSelectionLengthPastTextEnd]' started.
Test Case '-[MyRAMTests.MyRAMTests testEditorSelectionRangeResolverClampsSelectionLengthPastTextEnd]' passed (0.001 seconds).
Test Case '-[MyRAMTests.MyRAMTests testEditorSelectionRangeResolverClampsSelectionLocationPastTextEnd]' started.
Test Case '-[MyRAMTests.MyRAMTests testEditorSelectionRangeResolverClampsSelectionLocationPastTextEnd]' passed (0.001 seconds).
Test Case '-[MyRAMTests.MyRAMTests testEditorSelectionRangeResolverHandlesEmptyText]' started.
Test Case '-[MyRAMTests.MyRAMTests testEditorSelectionRangeResolverHandlesEmptyText]' passed (0.001 seconds).
Test Case '-[MyRAMTests.MyRAMTests testEditorSelectionRangeResolverPositiveLengthRequiresValidNonEmptyRange]' started.
Test Case '-[MyRAMTests.MyRAMTests testEditorSelectionRangeResolverPositiveLengthRequiresValidNonEmptyRange]' passed (0.001 seconds).
Test Case '-[MyRAMTests.MyRAMTests testEditorSelectionRangeResolverPreservesCollapsedCaretInsideBounds]' started.
Test Case '-[MyRAMTests.MyRAMTests testEditorSelectionRangeResolverPreservesCollapsedCaretInsideBounds]' passed (0.001 seconds).
Test Case '-[MyRAMTests.MyRAMTests testEditorSelectionRangeResolverRejectsInvalidRanges]' started.
Test Case '-[MyRAMTests.MyRAMTests testEditorSelectionRangeResolverRejectsInvalidRanges]' passed (0.001 seconds).
Test Case '-[MyRAMTests.MyRAMTests testEditorSelectionRangeResolverRejectsNegativeTextLength]' started.
Test Case '-[MyRAMTests.MyRAMTests testEditorSelectionRangeResolverRejectsNegativeTextLength]' passed (0.001 seconds).
Test Case '-[MyRAMTests.MyRAMTests testExportNotesForSharingMultipleNotesIncludesFolderPathsAndPhotos]' started.
Test Case '-[MyRAMTests.MyRAMTests testExportNotesForSharingMultipleNotesIncludesFolderPathsAndPhotos]' passed (0.048 seconds).
Test Case '-[MyRAMTests.MyRAMTests testExportNotesForSharingSingleNoteCreatesStructuredJSONFileAndImageFiles]' started.
Test Case '-[MyRAMTests.MyRAMTests testExportNotesForSharingSingleNoteCreatesStructuredJSONFileAndImageFiles]' passed (0.035 seconds).
Test Case '-[MyRAMTests.MyRAMTests testFetchRecentlyDeletedNotesLoadsPreexistingDeletedNotesOnInit]' started.
Test Case '-[MyRAMTests.MyRAMTests testFetchRecentlyDeletedNotesLoadsPreexistingDeletedNotesOnInit]' passed (0.014 seconds).
Test Case '-[MyRAMTests.MyRAMTests testFolderAndPinnedPayloadsMapToCollectionAndMarkerChanges]' started.
Test Case '-[MyRAMTests.MyRAMTests testFolderAndPinnedPayloadsMapToCollectionAndMarkerChanges]' passed (0.003 seconds).
Test Case '-[MyRAMTests.MyRAMTests testFolderListIncludesPinnedNotesFromOtherFoldersOnly]' started.
Test Case '-[MyRAMTests.MyRAMTests testFolderListIncludesPinnedNotesFromOtherFoldersOnly]' passed (0.045 seconds).
Test Case '-[MyRAMTests.MyRAMTests testFormattingCommandResolverAppliesTraitWhenAnySelectedSegmentIsMissingTrait]' started.
Test Case '-[MyRAMTests.MyRAMTests testFormattingCommandResolverAppliesTraitWhenAnySelectedSegmentIsMissingTrait]' passed (0.001 seconds).
Test Case '-[MyRAMTests.MyRAMTests testFormattingCommandResolverCollapsedCaretPlansPreserveToggleSemantics]' started.
Test Case '-[MyRAMTests.MyRAMTests testFormattingCommandResolverCollapsedCaretPlansPreserveToggleSemantics]' passed (0.001 seconds).
Test Case '-[MyRAMTests.MyRAMTests testFormattingCommandResolverColorPlanDistinguishesExplicitAndDefaultColor]' started.
Test Case '-[MyRAMTests.MyRAMTests testFormattingCommandResolverColorPlanDistinguishesExplicitAndDefaultColor]' passed (0.001 seconds).
Test Case '-[MyRAMTests.MyRAMTests testFormattingCommandResolverDecorationAppliesWhenAnySegmentIsUndecorated]' started.
Test Case '-[MyRAMTests.MyRAMTests testFormattingCommandResolverDecorationAppliesWhenAnySegmentIsUndecorated]' passed (0.001 seconds).
Test Case '-[MyRAMTests.MyRAMTests testFormattingCommandResolverDecorationRemovesWhenFullyDecorated]' started.
Test Case '-[MyRAMTests.MyRAMTests testFormattingCommandResolverDecorationRemovesWhenFullyDecorated]' passed (0.001 seconds).
Test Case '-[MyRAMTests.MyRAMTests testFormattingCommandResolverFontSizeClampsToSupportedRange]' started.
Test Case '-[MyRAMTests.MyRAMTests testFormattingCommandResolverFontSizeClampsToSupportedRange]' passed (0.000 seconds).
Test Case '-[MyRAMTests.MyRAMTests testFormattingCommandResolverFontTraitHelperPreservesPointSize]' started.
Test Case '-[MyRAMTests.MyRAMTests testFormattingCommandResolverFontTraitHelperPreservesPointSize]' passed (0.001 seconds).
Test Case '-[MyRAMTests.MyRAMTests testFormattingCommandResolverFontTraitHelperSafelyReturnsFontForUnsupportedTrait]' started.
Test Case '-[MyRAMTests.MyRAMTests testFormattingCommandResolverFontTraitHelperSafelyReturnsFontForUnsupportedTrait]' passed (0.001 seconds).
Test Case '-[MyRAMTests.MyRAMTests testFormattingCommandResolverItalicUsesTraitSemantics]' started.
Test Case '-[MyRAMTests.MyRAMTests testFormattingCommandResolverItalicUsesTraitSemantics]' passed (0.001 seconds).
Test Case '-[MyRAMTests.MyRAMTests testFormattingCommandResolverMapsDecorationColorKeys]' started.
Test Case '-[MyRAMTests.MyRAMTests testFormattingCommandResolverMapsDecorationColorKeys]' passed (0.001 seconds).
Test Case '-[MyRAMTests.MyRAMTests testFormattingCommandResolverRemovesTraitWhenAllSelectedSegmentsHaveTrait]' started.
Test Case '-[MyRAMTests.MyRAMTests testFormattingCommandResolverRemovesTraitWhenAllSelectedSegmentsHaveTrait]' passed (0.001 seconds).
Test Case '-[MyRAMTests.MyRAMTests testFormattingStateResolverApproximateLargeSelectionSamplesLeadingState]' started.
Test Case '-[MyRAMTests.MyRAMTests testFormattingStateResolverApproximateLargeSelectionSamplesLeadingState]' passed (0.001 seconds).
Test Case '-[MyRAMTests.MyRAMTests testFormattingStateResolverFallsBackForCollapsedOutOfBoundsSelection]' started.
Test Case '-[MyRAMTests.MyRAMTests testFormattingStateResolverFallsBackForCollapsedOutOfBoundsSelection]' passed (0.001 seconds).
Test Case '-[MyRAMTests.MyRAMTests testFormattingStateResolverRecomputesDirtyCache]' started.
Test Case '-[MyRAMTests.MyRAMTests testFormattingStateResolverRecomputesDirtyCache]' passed (0.037 seconds).
Test Case '-[MyRAMTests.MyRAMTests testFormattingStateResolverRequiresAllSelectedCharactersToShareDecorations]' started.
Test Case '-[MyRAMTests.MyRAMTests testFormattingStateResolverRequiresAllSelectedCharactersToShareDecorations]' passed (0.001 seconds).
Test Case '-[MyRAMTests.MyRAMTests testFormattingStateResolverRequiresAllSelectedCharactersToShareFontTrait]' started.
Test Case '-[MyRAMTests.MyRAMTests testFormattingStateResolverRequiresAllSelectedCharactersToShareFontTrait]' passed (0.001 seconds).
Test Case '-[MyRAMTests.MyRAMTests testFormattingStateResolverReturnsCachedStateForCleanMatchingSelection]' started.
Test Case '-[MyRAMTests.MyRAMTests testFormattingStateResolverReturnsCachedStateForCleanMatchingSelection]' passed (0.001 seconds).
Test Case '-[MyRAMTests.MyRAMTests testFormattingStateResolverUsesLeadingSelectedFontAndColor]' started.
Test Case '-[MyRAMTests.MyRAMTests testFormattingStateResolverUsesLeadingSelectedFontAndColor]' passed (0.020 seconds).
Test Case '-[MyRAMTests.MyRAMTests testFormattingStateResolverUsesTypingAttributesForCollapsedCaret]' started.
Test Case '-[MyRAMTests.MyRAMTests testFormattingStateResolverUsesTypingAttributesForCollapsedCaret]' passed (0.001 seconds).
Test Case '-[MyRAMTests.MyRAMTests testGenuineTwoDeviceDivergenceFromSameBaseStillConflicts]' started.
Test Case '-[MyRAMTests.MyRAMTests testGenuineTwoDeviceDivergenceFromSameBaseStillConflicts]' passed (0.019 seconds).
Test Case '-[MyRAMTests.MyRAMTests testImportNotesFromMyRAMExportRestoresNotesPinnedThoughtsAndFolders]' started.
Test Case '-[MyRAMTests.MyRAMTests testImportNotesFromMyRAMExportRestoresNotesPinnedThoughtsAndFolders]' passed (0.051 seconds).
Test Case '-[MyRAMTests.MyRAMTests testIncomingBatchForUnopenedNoteRefreshesNotesListWithoutFurtherAction]' started.
2026-08-04 16:54:42.792673+0000 MyRAM[5508:25038] [ModelContext] SwiftData.ModelContext: Unbinding from the main queue. This context was instantiated on the main queue but is being used off it. ModelContexts are not Sendable, consider using a ModelActor.
Test Case '-[MyRAMTests.MyRAMTests testIncomingBatchForUnopenedNoteRefreshesNotesListWithoutFurtherAction]' passed (0.038 seconds).
Test Case '-[MyRAMTests.MyRAMTests testIncomingBlankNoteBodyDuringActiveEditIsPreservedForReview]' started.
Test Case '-[MyRAMTests.MyRAMTests testIncomingBlankNoteBodyDuringActiveEditIsPreservedForReview]' passed (0.017 seconds).
Test Case '-[MyRAMTests.MyRAMTests testIncomingBodyMutationFinalizesPendingLocalObligationBeforeAuthoritativeMutation]' started.
2026-08-04 16:54:42.845052+0000 MyRAM[5508:24565] [ModelContext] SwiftData.ModelContext: Unbinding from the main queue. This context was instantiated on the main queue but is being used off it. ModelContexts are not Sendable, consider using a ModelActor.
Test Case '-[MyRAMTests.MyRAMTests testIncomingBodyMutationFinalizesPendingLocalObligationBeforeAuthoritativeMutation]' passed (0.052 seconds).
Test Case '-[MyRAMTests.MyRAMTests testIncomingCleanNoteEditAppliesAfterLocalBaselineWasSent]' started.
Test Case '-[MyRAMTests.MyRAMTests testIncomingCleanNoteEditAppliesAfterLocalBaselineWasSent]' passed (0.017 seconds).
Test Case '-[MyRAMTests.MyRAMTests testIncomingCleanNoteEditAppliesWithoutConflictWhenLocalMatchesRemoteBaseline]' started.
Test Case '-[MyRAMTests.MyRAMTests testIncomingCleanNoteEditAppliesWithoutConflictWhenLocalMatchesRemoteBaseline]' passed (0.022 seconds).
Test Case '-[MyRAMTests.MyRAMTests testIncomingCleanPinnedTextEditAppliesAfterLocalBaselineWasSent]' started.
Test Case '-[MyRAMTests.MyRAMTests testIncomingCleanPinnedTextEditAppliesAfterLocalBaselineWasSent]' passed (0.019 seconds).
Test Case '-[MyRAMTests.MyRAMTests testIncomingFolderDeletePreservesRenamedFolderAsConflict]' started.
Test Case '-[MyRAMTests.MyRAMTests testIncomingFolderDeletePreservesRenamedFolderAsConflict]' passed (0.016 seconds).
Test Case '-[MyRAMTests.MyRAMTests testIncomingNewerFolderTitlePreservesRenamedFolderAsConflict]' started.
Test Case '-[MyRAMTests.MyRAMTests testIncomingNewerFolderTitlePreservesRenamedFolderAsConflict]' passed (0.014 seconds).
Test Case '-[MyRAMTests.MyRAMTests testIncomingNewerNoteTextPreservesDivergedTextAsConflict]' started.
Test Case '-[MyRAMTests.MyRAMTests testIncomingNewerNoteTextPreservesDivergedTextAsConflict]' passed (0.019 seconds).
Test Case '-[MyRAMTests.MyRAMTests testIncomingNewerPinnedTextPreservesEditedPinnedTextAsConflict]' started.
Test Case '-[MyRAMTests.MyRAMTests testIncomingNewerPinnedTextPreservesEditedPinnedTextAsConflict]' passed (0.018 seconds).
Test Case '-[MyRAMTests.MyRAMTests testIncomingNewNoteAppliesWithoutConflict]' started.
Test Case '-[MyRAMTests.MyRAMTests testIncomingNewNoteAppliesWithoutConflict]' passed (0.013 seconds).
Test Case '-[MyRAMTests.MyRAMTests testIncomingNoteDeleteIsBlockedWhileContentConflictIsActive]' started.
Test Case '-[MyRAMTests.MyRAMTests testIncomingNoteDeleteIsBlockedWhileContentConflictIsActive]' passed (0.016 seconds).
Test Case '-[MyRAMTests.MyRAMTests testIncomingNoteDeletePreservesDivergedTextAsConflict]' started.
Test Case '-[MyRAMTests.MyRAMTests testIncomingNoteDeletePreservesDivergedTextAsConflict]' passed (0.018 seconds).
Test Case '-[MyRAMTests.MyRAMTests testIncomingNoteSyncDoesNotOverwriteImmediateLocalTextEdit]' started.
Test Case '-[MyRAMTests.MyRAMTests testIncomingNoteSyncDoesNotOverwriteImmediateLocalTextEdit]' passed (0.031 seconds).
Test Case '-[MyRAMTests.MyRAMTests testIncomingOrdinaryTextQueuesBehindActiveContentConflict]' started.
Test Case '-[MyRAMTests.MyRAMTests testIncomingOrdinaryTextQueuesBehindActiveContentConflict]' passed (0.022 seconds).
Test Case '-[MyRAMTests.MyRAMTests testIncomingPeerConflictMetadataShowsCurrentDeviceLocalAndPeerVersionToSync]' started.
Test Case '-[MyRAMTests.MyRAMTests testIncomingPeerConflictMetadataShowsCurrentDeviceLocalAndPeerVersionToSync]' passed (0.017 seconds).
Test Case '-[MyRAMTests.MyRAMTests testIncomingPhotoAttachmentSyncAddsAndRemovesAttachment]' started.
Test Case '-[MyRAMTests.MyRAMTests testIncomingPhotoAttachmentSyncAddsAndRemovesAttachment]' passed (0.031 seconds).
Test Case '-[MyRAMTests.MyRAMTests testIncomingPinnedTextDeletePreservesEditedPinnedTextAsConflict]' started.
Test Case '-[MyRAMTests.MyRAMTests testIncomingPinnedTextDeletePreservesEditedPinnedTextAsConflict]' passed (0.016 seconds).
Test Case '-[MyRAMTests.MyRAMTests testIncomingResolvedSyncConflictAppliesWinnerAndClearsLocalConflict]' started.
Test Case '-[MyRAMTests.MyRAMTests testIncomingResolvedSyncConflictAppliesWinnerAndClearsLocalConflict]' passed (0.017 seconds).
Test Case '-[MyRAMTests.MyRAMTests testIncomingResolvedSyncConflictPreservesRichTextFormattingWithoutDefaultTextColor]' started.
Test Case '-[MyRAMTests.MyRAMTests testIncomingResolvedSyncConflictPreservesRichTextFormattingWithoutDefaultTextColor]' passed (0.067 seconds).
Test Case '-[MyRAMTests.MyRAMTests testIPhoneIncomingHashedMismatchRemainsQueuedAndBlocksLaterBatch]' started.
Test Case '-[MyRAMTests.MyRAMTests testIPhoneIncomingHashedMismatchRemainsQueuedAndBlocksLaterBatch]' passed (0.024 seconds).
Test Case '-[MyRAMTests.MyRAMTests testIPhoneIncomingQueueCapacityShowsDistinctError]' started.
Test Case '-[MyRAMTests.MyRAMTests testIPhoneIncomingQueueCapacityShowsDistinctError]' passed (0.021 seconds).
Test Case '-[MyRAMTests.MyRAMTests testIPhoneIncomingQueuePersistenceShowsDistinctError]' started.
Test Case '-[MyRAMTests.MyRAMTests testIPhoneIncomingQueuePersistenceShowsDistinctError]' passed (0.018 seconds).
Test Case '-[MyRAMTests.MyRAMTests testIPhoneIncomingUnsupportedReconciliationShowsDistinctError]' started.
Test Case '-[MyRAMTests.MyRAMTests testIPhoneIncomingUnsupportedReconciliationShowsDistinctError]' passed (0.016 seconds).
Test Case '-[MyRAMTests.MyRAMTests testKDelayedBatchDrainAppliesBodyInsertionsExactlyOnceAcrossRegionsAndRejectsDuplicateIncorporation]' started.
2026-08-04 16:54:43.385389+0000 MyRAM[5508:24514] [ModelContext] SwiftData.ModelContext: Unbinding from the main queue. This context was instantiated on the main queue but is being used off it. ModelContexts are not Sendable, consider using a ModelActor.
Test Case '-[MyRAMTests.MyRAMTests testKDelayedBatchDrainAppliesBodyInsertionsExactlyOnceAcrossRegionsAndRejectsDuplicateIncorporation]' passed (0.066 seconds).
Test Case '-[MyRAMTests.MyRAMTests testKeepLocalConflictPreservesTextTypedAfterConflictCreation]' started.
Test Case '-[MyRAMTests.MyRAMTests testKeepLocalConflictPreservesTextTypedAfterConflictCreation]' passed (0.026 seconds).
Test Case '-[MyRAMTests.MyRAMTests testKeepLocalSyncConflictRecordsResolvedTombstone]' started.
Test Case '-[MyRAMTests.MyRAMTests testKeepLocalSyncConflictRecordsResolvedTombstone]' passed (0.019 seconds).
Test Case '-[MyRAMTests.MyRAMTests testLegacyIncomingApplierAppliesRemoteWhenLocalMatchesIncomingBase]' started.
Test Case '-[MyRAMTests.MyRAMTests testLegacyIncomingApplierAppliesRemoteWhenLocalMatchesIncomingBase]' passed (0.019 seconds).
Test Case '-[MyRAMTests.MyRAMTests testLegacyIncomingBufferedBaselineCommitFailureRedeliversMissingEffects]' started.
Test Case '-[MyRAMTests.MyRAMTests testLegacyIncomingBufferedBaselineCommitFailureRedeliversMissingEffects]' passed (0.063 seconds).
Test Case '-[MyRAMTests.MyRAMTests testLegacyIncomingCheckedConflictCommitFailureRedeliversMissingEffects]' started.
Test Case '-[MyRAMTests.MyRAMTests testLegacyIncomingCheckedConflictCommitFailureRedeliversMissingEffects]' passed (0.035 seconds).
Test Case '-[MyRAMTests.MyRAMTests testLegacyIncomingDirtyContextRedeliversAfterLocalChangeSaves]' started.
Test Case '-[MyRAMTests.MyRAMTests testLegacyIncomingDirtyContextRedeliversAfterLocalChangeSaves]' passed (0.031 seconds).
Test Case '-[MyRAMTests.MyRAMTests testLegacyIncomingDirtyContextRefusesApplyWithoutSnapshotOrRollback]' started.
Test Case '-[MyRAMTests.MyRAMTests testLegacyIncomingDirtyContextRefusesApplyWithoutSnapshotOrRollback]' passed (0.015 seconds).
Test Case '-[MyRAMTests.MyRAMTests testLegacyIncomingExactConflictRedeliveryCommitsMissingConflictWithoutDuplicateQueue]' started.
Test Case '-[MyRAMTests.MyRAMTests testLegacyIncomingExactConflictRedeliveryCommitsMissingConflictWithoutDuplicateQueue]' passed (0.045 seconds).
Test Case '-[MyRAMTests.MyRAMTests testLegacyIncomingMutationAppliesOnlyAfterExactLocalEvidenceRegistration]' started.
Test Case '-[MyRAMTests.MyRAMTests testLegacyIncomingMutationAppliesOnlyAfterExactLocalEvidenceRegistration]' passed (0.028 seconds).
Test Case '-[MyRAMTests.MyRAMTests testLegacyIncomingMutationDoesNotApplyWhenLocalAdmissionCannotBeProven]' started.
Test Case '-[MyRAMTests.MyRAMTests testLegacyIncomingMutationDoesNotApplyWhenLocalAdmissionCannotBeProven]' passed (0.014 seconds).
Test Case '-[MyRAMTests.MyRAMTests testLegacyIncomingRedeliverySucceedsExactlyOnceAfterSaveFailureClears]' started.
Test Case '-[MyRAMTests.MyRAMTests testLegacyIncomingRedeliverySucceedsExactlyOnceAfterSaveFailureClears]' passed (0.044 seconds).
Test Case '-[MyRAMTests.MyRAMTests testLegacyIncomingSaveFailureReturnsRetryRequiredWithNoDurableMutationOrSideEffects]' started.
Test Case '-[MyRAMTests.MyRAMTests testLegacyIncomingSaveFailureReturnsRetryRequiredWithNoDurableMutationOrSideEffects]' passed (0.049 seconds).
Test Case '-[MyRAMTests.MyRAMTests testLegacyIncomingSiblingContextSaveRefreshesRetainedMainReference]' started.
Test Case '-[MyRAMTests.MyRAMTests testLegacyIncomingSiblingContextSaveRefreshesRetainedMainReference]' passed (0.031 seconds).
Test Case '-[MyRAMTests.MyRAMTests testLegacyIncomingUnsavedInsertedEntityReturnsRetryWithoutIsolatedSave]' started.
Test Case '-[MyRAMTests.MyRAMTests testLegacyIncomingUnsavedInsertedEntityReturnsRetryWithoutIsolatedSave]' passed (0.011 seconds).
Test Case '-[MyRAMTests.MyRAMTests testLocalObligationRemainsDurableWhenTransportAcceptanceThrows]' started.
Test Case '-[MyRAMTests.MyRAMTests testLocalObligationRemainsDurableWhenTransportAcceptanceThrows]' passed (0.015 seconds).
Test Case '-[MyRAMTests.MyRAMTests testLocalOperationSurvivesTwoSeparateReconstructionsAgainstSamePeer]' started.
2026-08-04 16:54:43.908947+0000 MyRAM[5508:24516] [ModelContext] SwiftData.ModelContext: Unbinding from the main queue. This context was instantiated on the main queue but is being used off it. ModelContexts are not Sendable, consider using a ModelActor.
Test Case '-[MyRAMTests.MyRAMTests testLocalOperationSurvivesTwoSeparateReconstructionsAgainstSamePeer]' passed (0.048 seconds).
Test Case '-[MyRAMTests.MyRAMTests testMountedEditorDeletedTextMismatchReloadsAndAcknowledgesExactlyOnce]' started.
2026-08-04 16:54:45.103928+0000 MyRAM[5508:24514] [ModelContext] SwiftData.ModelContext: Unbinding from the main queue. This context was instantiated on the main queue but is being used off it. ModelContexts are not Sendable, consider using a ModelActor.
Test Case '-[MyRAMTests.MyRAMTests testMountedEditorDeletedTextMismatchReloadsAndAcknowledgesExactlyOnce]' passed (2.333 seconds).
Test Case '-[MyRAMTests.MyRAMTests testMountedEditorEqualRemoteTitleDoesNotCreateLocalCommitOrUndo]' started.
2026-08-04 16:54:46.418162+0000 MyRAM[5508:24522] [ModelContext] SwiftData.ModelContext: Unbinding from the main queue. This context was instantiated on the main queue but is being used off it. ModelContexts are not Sendable, consider using a ModelActor.
Test Case '-[MyRAMTests.MyRAMTests testMountedEditorEqualRemoteTitleDoesNotCreateLocalCommitOrUndo]' passed (1.311 seconds).
Test Case '-[MyRAMTests.MyRAMTests testMountedEditorMetadataOnlyRemoteTitleIsNotRecaptured]' started.
2026-08-04 16:54:47.709297+0000 MyRAM[5508:25038] [ModelContext] SwiftData.ModelContext: Unbinding from the main queue. This context was instantiated on the main queue but is being used off it. ModelContexts are not Sendable, consider using a ModelActor.
Test Case '-[MyRAMTests.MyRAMTests testMountedEditorMetadataOnlyRemoteTitleIsNotRecaptured]' passed (1.283 seconds).
Test Case '-[MyRAMTests.MyRAMTests testMountedEditorMixedRemoteTitleAndBodyIsNotRecaptured]' started.
2026-08-04 16:54:49.001349+0000 MyRAM[5508:25038] [ModelContext] SwiftData.ModelContext: Unbinding from the main queue. This context was instantiated on the main queue but is being used off it. ModelContexts are not Sendable, consider using a ModelActor.
Test Case '-[MyRAMTests.MyRAMTests testMountedEditorMixedRemoteTitleAndBodyIsNotRecaptured]' passed (1.218 seconds).
Test Case '-[MyRAMTests.MyRAMTests testMountedEditorPendingLocalBodyStateDefersReload]' started.
Test Case '-[MyRAMTests.MyRAMTests testMountedEditorPendingLocalBodyStateDefersReload]' passed (1.318 seconds).
Test Case '-[MyRAMTests.MyRAMTests testMountedEditorRemoteTitleDoesNotContaminateNextUndoSnapshot]' started.
2026-08-04 16:54:51.532738+0000 MyRAM[5508:24516] [ModelContext] SwiftData.ModelContext: Unbinding from the main queue. This context was instantiated on the main queue but is being used off it. ModelContexts are not Sendable, consider using a ModelActor.
Test Case '-[MyRAMTests.MyRAMTests testMountedEditorRemoteTitleDoesNotContaminateNextUndoSnapshot]' passed (0.463 seconds).
Test Case '-[MyRAMTests.MyRAMTests testMountedEditorSafeReloadAppliesAuthoritativeNote]' started.
Test Case '-[MyRAMTests.MyRAMTests testMountedEditorSafeReloadAppliesAuthoritativeNote]' passed (1.200 seconds).
Test Case '-[MyRAMTests.MyRAMTests testMountedEditorUnsafeLocalBodyStateDoesNotApplyRemoteTitleOrBody]' started.
2026-08-04 16:54:53.229080+0000 MyRAM[5508:24516] [ModelContext] SwiftData.ModelContext: Unbinding from the main queue. This context was instantiated on the main queue but is being used off it. ModelContexts are not Sendable, consider using a ModelActor.
Test Case '-[MyRAMTests.MyRAMTests testMountedEditorUnsafeLocalBodyStateDoesNotApplyRemoteTitleOrBody]' passed (1.329 seconds).
Test Case '-[MyRAMTests.MyRAMTests testMoveNoteBetweenFoldersChangesParentFolder]' started.
Test Case '-[MyRAMTests.MyRAMTests testMoveNoteBetweenFoldersChangesParentFolder]' passed (0.028 seconds).
Test Case '-[MyRAMTests.MyRAMTests testMoveNoteSupportsTopLevelAndFolderDestinations]' started.
Test Case '-[MyRAMTests.MyRAMTests testMoveNoteSupportsTopLevelAndFolderDestinations]' passed (0.031 seconds).
Test Case '-[MyRAMTests.MyRAMTests testMYR165FreshPresentationPendingDoesNotBlockDisjointBatchesFromAnyOrigin]' started.
2026-08-04 16:54:54.472320+0000 MyRAM[5508:24516] [ModelContext] SwiftData.ModelContext: Unbinding from the main queue. This context was instantiated on the main queue but is being used off it. ModelContexts are not Sendable, consider using a ModelActor.
2026-08-04 16:54:54.542968+0000 MyRAM[5508:25038] [ModelContext] SwiftData.ModelContext: Unbinding from the main queue. This context was instantiated on the main queue but is being used off it. ModelContexts are not Sendable, consider using a ModelActor.
Test Case '-[MyRAMTests.MyRAMTests testMYR165FreshPresentationPendingDoesNotBlockDisjointBatchesFromAnyOrigin]' passed (0.111 seconds).
Test Case '-[MyRAMTests.MyRAMTests testNonactiveTitleOnlyIncomingBatchDoesNotPublishActiveEditorUpdate]' started.
2026-08-04 16:54:54.582305+0000 MyRAM[5508:24521] [ModelContext] SwiftData.ModelContext: Unbinding from the main queue. This context was instantiated on the main queue but is being used off it. ModelContexts are not Sendable, consider using a ModelActor.
Test Case '-[MyRAMTests.MyRAMTests testNonactiveTitleOnlyIncomingBatchDoesNotPublishActiveEditorUpdate]' passed (0.028 seconds).
Test Case '-[MyRAMTests.MyRAMTests testNoteContentPreviewOmitsCompletedChecklistLines]' started.
Test Case '-[MyRAMTests.MyRAMTests testNoteContentPreviewOmitsCompletedChecklistLines]' passed (0.004 seconds).
Test Case '-[MyRAMTests.MyRAMTests testNoteContentPreviewOmitsLegacyCompletedChecklistLines]' started.
Test Case '-[MyRAMTests.MyRAMTests testNoteContentPreviewOmitsLegacyCompletedChecklistLines]' passed (0.001 seconds).
Test Case '-[MyRAMTests.MyRAMTests testNoteDeleteSyncIsBlockedWhileContentConflictIsActive]' started.
Test Case '-[MyRAMTests.MyRAMTests testNoteDeleteSyncIsBlockedWhileContentConflictIsActive]' passed (0.021 seconds).
Test Case '-[MyRAMTests.MyRAMTests testNoteEditorOverflowActionPriorityIncludesEachActionOnce]' started.
Test Case '-[MyRAMTests.MyRAMTests testNoteEditorOverflowActionPriorityIncludesEachActionOnce]' passed (0.001 seconds).
Test Case '-[MyRAMTests.MyRAMTests testNoteEditorOverflowActionPriorityMatchesEditorSpec]' started.
Test Case '-[MyRAMTests.MyRAMTests testNoteEditorOverflowActionPriorityMatchesEditorSpec]' passed (0.001 seconds).
Test Case '-[MyRAMTests.MyRAMTests testNoteIntelligenceFixturesHaveBaselineCanonicalInputShape]' started.
Test Case '-[MyRAMTests.MyRAMTests testNoteIntelligenceFixturesHaveBaselineCanonicalInputShape]' passed (0.017 seconds).
Test Case '-[MyRAMTests.MyRAMTests testNoteIntelligenceFixturesOnlyUseKnownLabels]' started.
Test Case '-[MyRAMTests.MyRAMTests testNoteIntelligenceFixturesOnlyUseKnownLabels]' passed (0.009 seconds).
Test Case '-[MyRAMTests.MyRAMTests testNoteIntelligenceRuleSpecUsesSupportedConditionKeysAndNames]' started.
Test Case '-[MyRAMTests.MyRAMTests testNoteIntelligenceRuleSpecUsesSupportedConditionKeysAndNames]' passed (0.010 seconds).
Test Case '-[MyRAMTests.MyRAMTests testNoteIntelligenceRuleSpecV1HasExpectedVersionAndUniqueRuleIds]' started.
Test Case '-[MyRAMTests.MyRAMTests testNoteIntelligenceRuleSpecV1HasExpectedVersionAndUniqueRuleIds]' passed (0.001 seconds).
Test Case '-[MyRAMTests.MyRAMTests testNoteIntelligenceRuntimeEvaluatorMatchesFixtureExpectedLabels]' started.
Test Case '-[MyRAMTests.MyRAMTests testNoteIntelligenceRuntimeEvaluatorMatchesFixtureExpectedLabels]' passed (0.008 seconds).
Test Case '-[MyRAMTests.MyRAMTests testNoteSearchIgnoresCompletedChecklistLinesHiddenFromPreview]' started.
Test Case '-[MyRAMTests.MyRAMTests testNoteSearchIgnoresCompletedChecklistLinesHiddenFromPreview]' passed (0.001 seconds).
Test Case '-[MyRAMTests.MyRAMTests testNoteSearchMatchesTitleContentAndPinnedText]' started.
Test Case '-[MyRAMTests.MyRAMTests testNoteSearchMatchesTitleContentAndPinnedText]' passed (0.009 seconds).
Test Case '-[MyRAMTests.MyRAMTests testNoteSyncPayloadEncodesNoteFields]' started.
Test Case '-[MyRAMTests.MyRAMTests testNoteSyncPayloadEncodesNoteFields]' passed (0.010 seconds).
Test Case '-[MyRAMTests.MyRAMTests testNoteSyncPayloadPreservesConcreteRichTextFontSizes]' started.
Test Case '-[MyRAMTests.MyRAMTests testNoteSyncPayloadPreservesConcreteRichTextFontSizes]' passed (0.010 seconds).
Test Case '-[MyRAMTests.MyRAMTests testNoteSyncPayloadRoundTripsNoteFields]' started.
Test Case '-[MyRAMTests.MyRAMTests testNoteSyncPayloadRoundTripsNoteFields]' passed (0.002 seconds).
Test Case '-[MyRAMTests.MyRAMTests testOrdinaryNoteSyncIsBlockedWhileContentConflictIsActive]' started.
Test Case '-[MyRAMTests.MyRAMTests testOrdinaryNoteSyncIsBlockedWhileContentConflictIsActive]' passed (0.016 seconds).
Test Case '-[MyRAMTests.MyRAMTests testPartialLegacyEnvelopeSaveFailureAppliesOnlySuccessfulCandidate]' started.
Test Case '-[MyRAMTests.MyRAMTests testPartialLegacyEnvelopeSaveFailureAppliesOnlySuccessfulCandidate]' passed (0.045 seconds).
Test Case '-[MyRAMTests.MyRAMTests testPasteMatcherUsesTypingAttributesOverDefaults]' started.
Test Case '-[MyRAMTests.MyRAMTests testPasteMatcherUsesTypingAttributesOverDefaults]' passed (0.001 seconds).
Test Case '-[MyRAMTests.MyRAMTests testPendingSyncChangesCoalesceByEntity]' started.
Test Case '-[MyRAMTests.MyRAMTests testPendingSyncChangesCoalesceByEntity]' passed (0.001 seconds).
Test Case '-[MyRAMTests.MyRAMTests testPendingSyncChangesKeepDifferentEntities]' started.
Test Case '-[MyRAMTests.MyRAMTests testPendingSyncChangesKeepDifferentEntities]' passed (0.001 seconds).
Test Case '-[MyRAMTests.MyRAMTests testPersistedCorruptCapturedObligationQuarantinesAndDisjointLocalWorkProgresses]' started.
Test Case '-[MyRAMTests.MyRAMTests testPersistedCorruptCapturedObligationQuarantinesAndDisjointLocalWorkProgresses]' passed (0.015 seconds).
Test Case '-[MyRAMTests.MyRAMTests testPhotoAttachmentSyncPayloadEncodesImageFields]' started.
Test Case '-[MyRAMTests.MyRAMTests testPhotoAttachmentSyncPayloadEncodesImageFields]' passed (0.011 seconds).
Test Case '-[MyRAMTests.MyRAMTests testPhotoAttachmentSyncPayloadRoundTripsImageFields]' started.
Test Case '-[MyRAMTests.MyRAMTests testPhotoAttachmentSyncPayloadRoundTripsImageFields]' passed (0.001 seconds).
Test Case '-[MyRAMTests.MyRAMTests testPinCandidateIgnoresMultiLineSelectionAndUsesStartLine]' started.
Test Case '-[MyRAMTests.MyRAMTests testPinCandidateIgnoresMultiLineSelectionAndUsesStartLine]' passed (0.001 seconds).
Test Case '-[MyRAMTests.MyRAMTests testPinCandidateIgnoresSelectionAndUsesEntireCursorLine]' started.
Test Case '-[MyRAMTests.MyRAMTests testPinCandidateIgnoresSelectionAndUsesEntireCursorLine]' passed (0.001 seconds).
Test Case '-[MyRAMTests.MyRAMTests testPinCandidateUsesCursorLineWhenSelectionIsCollapsed]' started.
Test Case '-[MyRAMTests.MyRAMTests testPinCandidateUsesCursorLineWhenSelectionIsCollapsed]' passed (0.001 seconds).
Test Case '-[MyRAMTests.MyRAMTests testPinnedHighlightPaletteKeepsSelectableColorsReadable]' started.
Test Case '-[MyRAMTests.MyRAMTests testPinnedHighlightPaletteKeepsSelectableColorsReadable]' passed (0.001 seconds).
Test Case '-[MyRAMTests.MyRAMTests testPinnedHighlightPaletteUsesReadableTextColor]' started.
Test Case '-[MyRAMTests.MyRAMTests testPinnedHighlightPaletteUsesReadableTextColor]' passed (0.000 seconds).
Test Case '-[MyRAMTests.MyRAMTests testPinnedParagraphCanBeDeletedWithoutRestoringToBody]' started.
Test Case '-[MyRAMTests.MyRAMTests testPinnedParagraphCanBeDeletedWithoutRestoringToBody]' passed (0.028 seconds).
Test Case '-[MyRAMTests.MyRAMTests testPinnedTextCommitTrimsOnlyWhenUpdatingModel]' started.
Test Case '-[MyRAMTests.MyRAMTests testPinnedTextCommitTrimsOnlyWhenUpdatingModel]' passed (0.023 seconds).
Test Case '-[MyRAMTests.MyRAMTests testPinnedThoughtDeleteSyncIsBlockedWhilePinnedConflictIsActive]' started.
Test Case '-[MyRAMTests.MyRAMTests testPinnedThoughtDeleteSyncIsBlockedWhilePinnedConflictIsActive]' passed (0.022 seconds).
Test Case '-[MyRAMTests.MyRAMTests testPinnedThoughtExpansionStateDefaultsCollapsedAndPersistsPerSessionNote]' started.
Test Case '-[MyRAMTests.MyRAMTests testPinnedThoughtExpansionStateDefaultsCollapsedAndPersistsPerSessionNote]' passed (0.018 seconds).
Test Case '-[MyRAMTests.MyRAMTests testPinnedThoughtsCanBeAddedEditedDraggedAndUnpinnedWithoutChangingBody]' started.
Test Case '-[MyRAMTests.MyRAMTests testPinnedThoughtsCanBeAddedEditedDraggedAndUnpinnedWithoutChangingBody]' passed (0.053 seconds).
Test Case '-[MyRAMTests.MyRAMTests testPinnedThoughtsPersistAcrossContainerReinit]' started.
Test Case '-[MyRAMTests.MyRAMTests testPinnedThoughtsPersistAcrossContainerReinit]' passed (0.037 seconds).
Test Case '-[MyRAMTests.MyRAMTests testPlatformPolicyDoesNotReportImpossibleTargetCombination]' started.
Test Case '-[MyRAMTests.MyRAMTests testPlatformPolicyDoesNotReportImpossibleTargetCombination]' passed (0.001 seconds).
Test Case '-[MyRAMTests.MyRAMTests testPlatformPolicyMatchesCurrentBuildTarget]' started.
Test Case '-[MyRAMTests.MyRAMTests testPlatformPolicyMatchesCurrentBuildTarget]' passed (0.000 seconds).
Test Case '-[MyRAMTests.MyRAMTests testPublishedEditorUpdateCompletesOnceWhenAcknowledgedMultipleTimesAtViewModelLevel]' started.
Test Case '-[MyRAMTests.MyRAMTests testPublishedEditorUpdateCompletesOnceWhenAcknowledgedMultipleTimesAtViewModelLevel]' passed (0.236 seconds).
Test Case '-[MyRAMTests.MyRAMTests testRapidDeleteThenAddBackFromPeerDoesNotCreateFalseConflict]' started.
Test Case '-[MyRAMTests.MyRAMTests testRapidDeleteThenAddBackFromPeerDoesNotCreateFalseConflict]' passed (0.023 seconds).
Test Case '-[MyRAMTests.MyRAMTests testRapidLocalDeletionFromPeerDoesNotCreateFalseConflict]' started.
Test Case '-[MyRAMTests.MyRAMTests testRapidLocalDeletionFromPeerDoesNotCreateFalseConflict]' passed (0.024 seconds).
Test Case '-[MyRAMTests.MyRAMTests testRapidLocalTypingFromPeerDoesNotCreateFalseConflict]' started.
Test Case '-[MyRAMTests.MyRAMTests testRapidLocalTypingFromPeerDoesNotCreateFalseConflict]' passed (0.024 seconds).
Test Case '-[MyRAMTests.MyRAMTests testRapidLocalTypoCorrectionFromPeerDoesNotCreateFalseConflict]' started.
Test Case '-[MyRAMTests.MyRAMTests testRapidLocalTypoCorrectionFromPeerDoesNotCreateFalseConflict]' passed (0.022 seconds).
Test Case '-[MyRAMTests.MyRAMTests testRapidNewlineHeavyEditsFromPeerDoNotCreateFalseConflict]' started.
Test Case '-[MyRAMTests.MyRAMTests testRapidNewlineHeavyEditsFromPeerDoNotCreateFalseConflict]' passed (0.027 seconds).
Test Case '-[MyRAMTests.MyRAMTests testRapidSameRangeAutocorrectFromPeerDoesNotCreateFalseConflict]' started.
Test Case '-[MyRAMTests.MyRAMTests testRapidSameRangeAutocorrectFromPeerDoesNotCreateFalseConflict]' passed (0.024 seconds).
Test Case '-[MyRAMTests.MyRAMTests testReadyLocalBatchRegistersConvergenceEvidenceBeforeTransport]' started.
Test Case '-[MyRAMTests.MyRAMTests testReadyLocalBatchRegistersConvergenceEvidenceBeforeTransport]' passed (0.069 seconds).
Test Case '-[MyRAMTests.MyRAMTests testRedoLastActionReappliesDeletedFolderHierarchyAndNotes]' started.
Test Case '-[MyRAMTests.MyRAMTests testRedoLastActionReappliesDeletedFolderHierarchyAndNotes]' passed (0.037 seconds).
Test Case '-[MyRAMTests.MyRAMTests testRedoLastActionReappliesSoftDeletedNote]' started.
Test Case '-[MyRAMTests.MyRAMTests testRedoLastActionReappliesSoftDeletedNote]' passed (0.019 seconds).
Test Case '-[MyRAMTests.MyRAMTests testRefreshRecentlyDeletedNotesPurgesExpiredDeletedNotes]' started.
Test Case '-[MyRAMTests.MyRAMTests testRefreshRecentlyDeletedNotesPurgesExpiredDeletedNotes]' passed (0.013 seconds).
Test Case '-[MyRAMTests.MyRAMTests testRemovePhotoAttachmentDeletesAttachment]' started.
Test Case '-[MyRAMTests.MyRAMTests testRemovePhotoAttachmentDeletesAttachment]' passed (0.025 seconds).
Test Case '-[MyRAMTests.MyRAMTests testRenameFolderUpdatesNameWhenProvidedNonEmptyValue]' started.
Test Case '-[MyRAMTests.MyRAMTests testRenameFolderUpdatesNameWhenProvidedNonEmptyValue]' passed (0.013 seconds).
Test Case '-[MyRAMTests.MyRAMTests testRenderedSelectionClampPreservesLegacySemanticsDistinctFromCanonicalClamp]' started.
Test Case '-[MyRAMTests.MyRAMTests testRenderedSelectionClampPreservesLegacySemanticsDistinctFromCanonicalClamp]' passed (0.001 seconds).
Test Case '-[MyRAMTests.MyRAMTests testResolvedSyncConflictDoesNotPreserveAgainFromStaleMessage]' started.
Test Case '-[MyRAMTests.MyRAMTests testResolvedSyncConflictDoesNotPreserveAgainFromStaleMessage]' passed (0.005 seconds).
Test Case '-[MyRAMTests.MyRAMTests testResolvedSyncConflictIgnoresStalePreservedMessageWithDifferentRichTextPayload]' started.
Test Case '-[MyRAMTests.MyRAMTests testResolvedSyncConflictIgnoresStalePreservedMessageWithDifferentRichTextPayload]' passed (0.005 seconds).
Test Case '-[MyRAMTests.MyRAMTests testRestoreConflictPreservesBoldItalicAndUnderlineFormatting]' started.
Test Case '-[MyRAMTests.MyRAMTests testRestoreConflictPreservesBoldItalicAndUnderlineFormatting]' passed (0.021 seconds).
Test Case '-[MyRAMTests.MyRAMTests testRestoreConflictPreservesRichTextFormattingWithoutDefaultTextColor]' started.
Test Case '-[MyRAMTests.MyRAMTests testRestoreConflictPreservesRichTextFormattingWithoutDefaultTextColor]' passed (0.024 seconds).
Test Case '-[MyRAMTests.MyRAMTests testRestoreConflictReplacesTextTypedAfterConflictOnlyWhenIncomingIsSelected]' started.
Test Case '-[MyRAMTests.MyRAMTests testRestoreConflictReplacesTextTypedAfterConflictOnlyWhenIncomingIsSelected]' passed (0.024 seconds).
Test Case '-[MyRAMTests.MyRAMTests testRichTextCodecFallsBackToPlainTextWhenRichDataMissing]' started.
Test Case '-[MyRAMTests.MyRAMTests testRichTextCodecFallsBackToPlainTextWhenRichDataMissing]' passed (0.033 seconds).
Test Case '-[MyRAMTests.MyRAMTests testRichTextCodecRoundTripPreservesAttributedContent]' started.
Test Case '-[MyRAMTests.MyRAMTests testRichTextCodecRoundTripPreservesAttributedContent]' passed (0.003 seconds).
Test Case '-[MyRAMTests.MyRAMTests testRichTextCodecRoundTripPreservesConcreteFontSize]' started.
Test Case '-[MyRAMTests.MyRAMTests testRichTextCodecRoundTripPreservesConcreteFontSize]' passed (0.001 seconds).
Test Case '-[MyRAMTests.MyRAMTests testRichTextCodecRoundTripPreservesForegroundColor]' started.
Test Case '-[MyRAMTests.MyRAMTests testRichTextCodecRoundTripPreservesForegroundColor]' passed (0.001 seconds).
Test Case '-[MyRAMTests.MyRAMTests testRichTextCommitPolicyFallsBackToCurrentDataWithoutDeferredEncoder]' started.
Test Case '-[MyRAMTests.MyRAMTests testRichTextCommitPolicyFallsBackToCurrentDataWithoutDeferredEncoder]' passed (0.001 seconds).
Test Case '-[MyRAMTests.MyRAMTests testRichTextCommitPolicyUsesDeferredEncoderAtCommitBoundary]' started.
Test Case '-[MyRAMTests.MyRAMTests testRichTextCommitPolicyUsesDeferredEncoderAtCommitBoundary]' passed (0.007 seconds).
Test Case '-[MyRAMTests.MyRAMTests testRichTextConflictSanitizationPreservesFormattingForTrailingBoundaryWhitespaceMismatch]' started.
Test Case '-[MyRAMTests.MyRAMTests testRichTextConflictSanitizationPreservesFormattingForTrailingBoundaryWhitespaceMismatch]' passed (0.001 seconds).
Test Case '-[MyRAMTests.MyRAMTests testRichTextConflictSanitizationPreservesFormattingForTrailingNewlineMismatch]' started.
Test Case '-[MyRAMTests.MyRAMTests testRichTextConflictSanitizationPreservesFormattingForTrailingNewlineMismatch]' passed (0.001 seconds).
Test Case '-[MyRAMTests.MyRAMTests testRichTextConflictSanitizationRejectsInteriorWhitespaceMismatch]' started.
Test Case '-[MyRAMTests.MyRAMTests testRichTextConflictSanitizationRejectsInteriorWhitespaceMismatch]' passed (0.001 seconds).
Test Case '-[MyRAMTests.MyRAMTests testRichTextConflictSanitizationRejectsMalformedRichTextData]' started.
Test Case '-[MyRAMTests.MyRAMTests testRichTextConflictSanitizationRejectsMalformedRichTextData]' passed (0.001 seconds).
Test Case '-[MyRAMTests.MyRAMTests testRichTextConflictSanitizationRejectsMixedTrailingNewlineWhitespaceMismatch]' started.
Test Case '-[MyRAMTests.MyRAMTests testRichTextConflictSanitizationRejectsMixedTrailingNewlineWhitespaceMismatch]' passed (0.001 seconds).
Test Case '-[MyRAMTests.MyRAMTests testRichTextConflictSanitizationRejectsMultipleTrailingNewlineMismatch]' started.
Test Case '-[MyRAMTests.MyRAMTests testRichTextConflictSanitizationRejectsMultipleTrailingNewlineMismatch]' passed (0.015 seconds).
Test Case '-[MyRAMTests.MyRAMTests testRichTextConflictSanitizationRequiresMatchingPlainTextAndStripsLegacyDefaultColor]' started.
Test Case '-[MyRAMTests.MyRAMTests testRichTextConflictSanitizationRequiresMatchingPlainTextAndStripsLegacyDefaultColor]' passed (0.001 seconds).
Test Case '-[MyRAMTests.MyRAMTests testRichTextContentCodecRoundTripPreservesFormattingAttributes]' started.
Test Case '-[MyRAMTests.MyRAMTests testRichTextContentCodecRoundTripPreservesFormattingAttributes]' passed (0.001 seconds).
Test Case '-[MyRAMTests.MyRAMTests testRichTextDisplayNormalizationKeepsFormattingAndExplicitTextColor]' started.
Test Case '-[MyRAMTests.MyRAMTests testRichTextDisplayNormalizationKeepsFormattingAndExplicitTextColor]' passed (0.001 seconds).
Test Case '-[MyRAMTests.MyRAMTests testRichTextDisplayNormalizationPaintsAutoTextWithCurrentDefaultColor]' started.
Test Case '-[MyRAMTests.MyRAMTests testRichTextDisplayNormalizationPaintsAutoTextWithCurrentDefaultColor]' passed (0.001 seconds).
Test Case '-[MyRAMTests.MyRAMTests testRichTextDisplayNormalizationPreservesExplicitBlackInDarkMode]' started.
Test Case '-[MyRAMTests.MyRAMTests testRichTextDisplayNormalizationPreservesExplicitBlackInDarkMode]' passed (0.002 seconds).
Test Case '-[MyRAMTests.MyRAMTests testRichTextDisplayNormalizationPreservesExplicitDarkGrayInDarkMode]' started.
Test Case '-[MyRAMTests.MyRAMTests testRichTextDisplayNormalizationPreservesExplicitDarkGrayInDarkMode]' passed (0.001 seconds).
Test Case '-[MyRAMTests.MyRAMTests testRichTextDisplayNormalizationPreservesExplicitWhiteInLightMode]' started.
Test Case '-[MyRAMTests.MyRAMTests testRichTextDisplayNormalizationPreservesExplicitWhiteInLightMode]' passed (0.001 seconds).
Test Case '-[MyRAMTests.MyRAMTests testRichTextRoundTripKeepsAutoTextColorAsMissingForegroundAttribute]' started.
Test Case '-[MyRAMTests.MyRAMTests testRichTextRoundTripKeepsAutoTextColorAsMissingForegroundAttribute]' passed (0.023 seconds).
Test Case '-[MyRAMTests.MyRAMTests testRootListIncludesPinnedNotesFromOtherFoldersOnly]' started.
Test Case '-[MyRAMTests.MyRAMTests testRootListIncludesPinnedNotesFromOtherFoldersOnly]' passed (0.045 seconds).
Test Case '-[MyRAMTests.MyRAMTests testRuntimeBlocksIncomingPlanningWhenBoundaryPreparationFails]' started.
Test Case '-[MyRAMTests.MyRAMTests testRuntimeBlocksIncomingPlanningWhenBoundaryPreparationFails]' passed (0.011 seconds).
Test Case '-[MyRAMTests.MyRAMTests testRuntimePreservesEveryIncomingBoundaryFailureClassificationAndBatchID]' started.
Test Case '-[MyRAMTests.MyRAMTests testRuntimePreservesEveryIncomingBoundaryFailureClassificationAndBatchID]' passed (0.038 seconds).
Test Case '-[MyRAMTests.MyRAMTests testRuntimeReevaluatesQueuedIncomingBatchAfterStaleBoundaryResumes]' started.
2026-08-04 16:54:55.882525+0000 MyRAM[5508:24521] [ModelContext] SwiftData.ModelContext: Unbinding from the main queue. This context was instantiated on the main queue but is being used off it. ModelContexts are not Sendable, consider using a ModelActor.
Test Case '-[MyRAMTests.MyRAMTests testRuntimeReevaluatesQueuedIncomingBatchAfterStaleBoundaryResumes]' passed (0.027 seconds).
Test Case '-[MyRAMTests.MyRAMTests testRuntimeRegistersPendingLocalEvidenceBeforeIncomingPlanningWhenTransportUnavailable]' started.
2026-08-04 16:54:55.910596+0000 MyRAM[5508:24516] [ModelContext] SwiftData.ModelContext: Unbinding from the main queue. This context was instantiated on the main queue but is being used off it. ModelContexts are not Sendable, consider using a ModelActor.
Test Case '-[MyRAMTests.MyRAMTests testRuntimeRegistersPendingLocalEvidenceBeforeIncomingPlanningWhenTransportUnavailable]' passed (0.029 seconds).
Test Case '-[MyRAMTests.MyRAMTests testSaveMergedConflictPreservesCompatibleExistingRichTextWhenResolvedDataIsNil]' started.
Test Case '-[MyRAMTests.MyRAMTests testSaveMergedConflictPreservesCompatibleExistingRichTextWhenResolvedDataIsNil]' passed (0.020 seconds).
Test Case '-[MyRAMTests.MyRAMTests testSaveMergedConflictUsesMergedTextAfterPostConflictTyping]' started.
Test Case '-[MyRAMTests.MyRAMTests testSaveMergedConflictUsesMergedTextAfterPostConflictTyping]' passed (0.021 seconds).
Test Case '-[MyRAMTests.MyRAMTests testSaveMergedSyncConflictWritesEditableTextAndOnlyEmitsResolvedMetadata]' started.
Test Case '-[MyRAMTests.MyRAMTests testSaveMergedSyncConflictWritesEditableTextAndOnlyEmitsResolvedMetadata]' passed (0.019 seconds).
Test Case '-[MyRAMTests.MyRAMTests testSearchHighlighterAcceptsValidRange]' started.
Test Case '-[MyRAMTests.MyRAMTests testSearchHighlighterAcceptsValidRange]' passed (0.001 seconds).
Test Case '-[MyRAMTests.MyRAMTests testSearchHighlighterClearRemovesActiveState]' started.
2026-08-04 16:54:55.985602+0000 MyRAM[5508:22207] [Text] UITextView 0x106c30000 is switching to TextKit 1 compatibility mode because its layoutManager was accessed. Break on void _UITextViewEnablingCompatibilityMode(UITextView *__strong, BOOL) to debug.
Test Case '-[MyRAMTests.MyRAMTests testSearchHighlighterClearRemovesActiveState]' passed (0.059 seconds).
Test Case '-[MyRAMTests.MyRAMTests testSearchHighlighterLayerRectsStayStableWhenContentOffsetChanges]' started.
2026-08-04 16:54:56.044221+0000 MyRAM[5508:22207] [Text] UITextView 0x106c30c00 is switching to TextKit 1 compatibility mode because its layoutManager was accessed. Break on void _UITextViewEnablingCompatibilityMode(UITextView *__strong, BOOL) to debug.
Test Case '-[MyRAMTests.MyRAMTests testSearchHighlighterLayerRectsStayStableWhenContentOffsetChanges]' passed (0.008 seconds).
Test Case '-[MyRAMTests.MyRAMTests testSearchHighlighterRejectsMissingRange]' started.
Test Case '-[MyRAMTests.MyRAMTests testSearchHighlighterRejectsMissingRange]' passed (0.001 seconds).
Test Case '-[MyRAMTests.MyRAMTests testSearchHighlighterRejectsNotFoundRange]' started.
Test Case '-[MyRAMTests.MyRAMTests testSearchHighlighterRejectsNotFoundRange]' passed (0.002 seconds).
Test Case '-[MyRAMTests.MyRAMTests testSearchHighlighterRejectsRangePastTextLength]' started.
Test Case '-[MyRAMTests.MyRAMTests testSearchHighlighterRejectsRangePastTextLength]' passed (0.002 seconds).
Test Case '-[MyRAMTests.MyRAMTests testSearchHighlighterRejectsZeroLengthRange]' started.
Test Case '-[MyRAMTests.MyRAMTests testSearchHighlighterRejectsZeroLengthRange]' passed (0.001 seconds).
Test Case '-[MyRAMTests.MyRAMTests testSearchHighlighterRepositionsLayerAfterScrolling]' started.
2026-08-04 16:54:56.088263+0000 MyRAM[5508:22207] [Text] UITextView 0x106c30c00 is switching to TextKit 1 compatibility mode because its layoutManager was accessed. Break on void _UITextViewEnablingCompatibilityMode(UITextView *__strong, BOOL) to debug.
Test Case '-[MyRAMTests.MyRAMTests testSearchHighlighterRepositionsLayerAfterScrolling]' passed (0.009 seconds).
Test Case '-[MyRAMTests.MyRAMTests testSearchHighlightGeometryConvertsTextContainerRectToLayerCoordinates]' started.
Test Case '-[MyRAMTests.MyRAMTests testSearchHighlightGeometryConvertsTextContainerRectToLayerCoordinates]' passed (0.002 seconds).
Test Case '-[MyRAMTests.MyRAMTests testSelectionFormattingCacheMarksMovedSelectionDirty]' started.
Test Case '-[MyRAMTests.MyRAMTests testSelectionFormattingCacheMarksMovedSelectionDirty]' passed (0.002 seconds).
Test Case '-[MyRAMTests.MyRAMTests testSelectionFormattingCacheStoresFreshFormattingState]' started.
Test Case '-[MyRAMTests.MyRAMTests testSelectionFormattingCacheStoresFreshFormattingState]' passed (0.002 seconds).
Test Case '-[MyRAMTests.MyRAMTests testSelectionFormattingCacheTracksApproximateFormattingState]' started.
Test Case '-[MyRAMTests.MyRAMTests testSelectionFormattingCacheTracksApproximateFormattingState]' passed (0.002 seconds).
Test Case '-[MyRAMTests.MyRAMTests testSelectionFormattingPolicyAllowsSmallSelectionScan]' started.
Test Case '-[MyRAMTests.MyRAMTests testSelectionFormattingPolicyAllowsSmallSelectionScan]' passed (0.017 seconds).
Test Case '-[MyRAMTests.MyRAMTests testSelectionFormattingPolicyDefersLargeSelectionScan]' started.
Test Case '-[MyRAMTests.MyRAMTests testSelectionFormattingPolicyDefersLargeSelectionScan]' passed (0.001 seconds).
Test Case '-[MyRAMTests.MyRAMTests testSetNotePinnedMovesNoteAheadOfUnpinnedNotes]' started.
Test Case '-[MyRAMTests.MyRAMTests testSetNotePinnedMovesNoteAheadOfUnpinnedNotes]' passed (0.026 seconds).
Test Case '-[MyRAMTests.MyRAMTests testStaleLegacyLocalObligationDoesNotBlockDifferentOriginCapturedObligation]' started.
Test Case '-[MyRAMTests.MyRAMTests testStaleLegacyLocalObligationDoesNotBlockDifferentOriginCapturedObligation]' passed (0.032 seconds).
Test Case '-[MyRAMTests.MyRAMTests testSupportedNoteBodyInsertPublishesBatchOnly]' started.
Test Case '-[MyRAMTests.MyRAMTests testSupportedNoteBodyInsertPublishesBatchOnly]' passed (0.118 seconds).
Test Case '-[MyRAMTests.MyRAMTests testSustainedLocalTypingAccountsForWholeBodyEvidenceWork]' started.
Test Case '-[MyRAMTests.MyRAMTests testSustainedLocalTypingAccountsForWholeBodyEvidenceWork]' passed (0.019 seconds).
Test Case '-[MyRAMTests.MyRAMTests testSyncConflictMetadataPreservesAndResolvesConflictOnPeer]' started.
Test Case '-[MyRAMTests.MyRAMTests testSyncConflictMetadataPreservesAndResolvesConflictOnPeer]' passed (0.019 seconds).
Test Case '-[MyRAMTests.MyRAMTests testSyncConflictResolutionRemovesMatchingPeerConflictWithDifferentLocalID]' started.
Test Case '-[MyRAMTests.MyRAMTests testSyncConflictResolutionRemovesMatchingPeerConflictWithDifferentLocalID]' passed (0.015 seconds).
Test Case '-[MyRAMTests.MyRAMTests testSyncEnvelopeDecodesMissingAcknowledgements]' started.
Test Case '-[MyRAMTests.MyRAMTests testSyncEnvelopeDecodesMissingAcknowledgements]' passed (0.001 seconds).
Test Case '-[MyRAMTests.MyRAMTests testSyncQueuePersistsAcknowledgedChangesRemoval]' started.
Test Case '-[MyRAMTests.MyRAMTests testSyncQueuePersistsAcknowledgedChangesRemoval]' passed (0.003 seconds).
Test Case '-[MyRAMTests.MyRAMTests testSyncQueuePersistsPendingChangesAcrossInstances]' started.
Test Case '-[MyRAMTests.MyRAMTests testSyncQueuePersistsPendingChangesAcrossInstances]' passed (0.005 seconds).
Test Case '-[MyRAMTests.MyRAMTests testTextPlacementResolverUsesLeadingBlankLineCaret]' started.
2026-08-04 16:54:56.368942+0000 MyRAM[5508:22207] [Text] UITextView 0x106c30000 is switching to TextKit 1 compatibility mode because its layoutManager was accessed. Break on void _UITextViewEnablingCompatibilityMode(UITextView *__strong, BOOL) to debug.
Test Case '-[MyRAMTests.MyRAMTests testTextPlacementResolverUsesLeadingBlankLineCaret]' passed (0.009 seconds).
Test Case '-[MyRAMTests.MyRAMTests testTrustedPeerReconnectTrackerAllowsRetryAfterConnectionEnds]' started.
Test Case '-[MyRAMTests.MyRAMTests testTrustedPeerReconnectTrackerAllowsRetryAfterConnectionEnds]' passed (0.013 seconds).
Test Case '-[MyRAMTests.MyRAMTests testTrustedPeerReconnectTrackerBlocksDuplicateConnectAttempts]' started.
Test Case '-[MyRAMTests.MyRAMTests testTrustedPeerReconnectTrackerBlocksDuplicateConnectAttempts]' passed (0.001 seconds).
Test Case '-[MyRAMTests.MyRAMTests testTrustedPeerReconnectTrackerIgnoresStaleAttemptTimeout]' started.
Test Case '-[MyRAMTests.MyRAMTests testTrustedPeerReconnectTrackerIgnoresStaleAttemptTimeout]' passed (0.008 seconds).
Test Case '-[MyRAMTests.MyRAMTests testUndoLastActionRestoresDeletedFolderHierarchyAndNotes]' started.
Test Case '-[MyRAMTests.MyRAMTests testUndoLastActionRestoresDeletedFolderHierarchyAndNotes]' passed (0.025 seconds).
Test Case '-[MyRAMTests.MyRAMTests testUndoLastActionRestoresSoftDeletedNote]' started.
Test Case '-[MyRAMTests.MyRAMTests testUndoLastActionRestoresSoftDeletedNote]' passed (0.016 seconds).
Test Case '-[MyRAMTests.MyRAMTests testUndoRedoLastActionMovesNoteBetweenFolders]' started.
Test Case '-[MyRAMTests.MyRAMTests testUndoRedoLastActionMovesNoteBetweenFolders]' passed (0.023 seconds).
Test Case '-[MyRAMTests.MyRAMTests testUndoRedoLastActionTogglesCreatedFolderVisibility]' started.
Test Case '-[MyRAMTests.MyRAMTests testUndoRedoLastActionTogglesCreatedFolderVisibility]' passed (0.022 seconds).
Test Case '-[MyRAMTests.MyRAMTests testUndoRedoLastActionTogglesCreatedNoteVisibility]' started.
Test Case '-[MyRAMTests.MyRAMTests testUndoRedoLastActionTogglesCreatedNoteVisibility]' passed (0.016 seconds).
Test Case '-[MyRAMTests.MyRAMTests testUnrelatedIncorporationHistoryDoesNotChangeActiveNotePlanning]' started.
2026-08-04 16:54:56.747430+0000 MyRAM[5508:24522] [ModelContext] SwiftData.ModelContext: Unbinding from the main queue. This context was instantiated on the main queue but is being used off it. ModelContexts are not Sendable, consider using a ModelActor.
Test Case '-[MyRAMTests.MyRAMTests testUnrelatedIncorporationHistoryDoesNotChangeActiveNotePlanning]' passed (0.292 seconds).
Test Case '-[MyRAMTests.MyRAMTests testUnrelatedLaterSaveCannotPersistARefusedLegacyIncomingMutation]' started.
Test Case '-[MyRAMTests.MyRAMTests testUnrelatedLaterSaveCannotPersistARefusedLegacyIncomingMutation]' passed (0.062 seconds).
Test Case '-[MyRAMTests.MyRAMTests testUpdateNoteKeepsExistingNotesWithoutAttachmentsCompatible]' started.
Test Case '-[MyRAMTests.MyRAMTests testUpdateNoteKeepsExistingNotesWithoutAttachmentsCompatible]' passed (0.023 seconds).
Test Case '-[MyRAMTests.MyRAMTests testUpdateNotePersistsRichTextDataAlongsidePlainText]' started.
Test Case '-[MyRAMTests.MyRAMTests testUpdateNotePersistsRichTextDataAlongsidePlainText]' passed (0.019 seconds).
Test Case '-[MyRAMTests.MyRAMTests testWarmPaperAppearanceUsesIconPalette]' started.
Test Case '-[MyRAMTests.MyRAMTests testWarmPaperAppearanceUsesIconPalette]' passed (0.001 seconds).
Test Suite 'MyRAMTests' passed at 2026-08-04 16:54:56.899.
	 Executed 278 tests, with 0 failures (0 unexpected) in 16.215 (16.488) seconds
Test Suite 'MyRAMWidgetCoreTests' started at 2026-08-04 16:54:56.899.
Test Case '-[MyRAMTests.MyRAMWidgetCoreTests testCodecRejectsUnsupportedVersionBeforeFullDecode]' started.
Test Case '-[MyRAMTests.MyRAMWidgetCoreTests testCodecRejectsUnsupportedVersionBeforeFullDecode]' passed (0.004 seconds).
Test Case '-[MyRAMTests.MyRAMWidgetCoreTests testCodecRoundTripAndDeterministicEncoding]' started.
Test Case '-[MyRAMTests.MyRAMWidgetCoreTests testCodecRoundTripAndDeterministicEncoding]' passed (0.003 seconds).
Test Case '-[MyRAMTests.MyRAMWidgetCoreTests testContentPolicyUsesPinPriorityAndExactBudgets]' started.
Test Case '-[MyRAMTests.MyRAMWidgetCoreTests testContentPolicyUsesPinPriorityAndExactBudgets]' passed (0.001 seconds).
Test Case '-[MyRAMTests.MyRAMWidgetCoreTests testDeepLinkRequiresExactPlatformShape]' started.
Test Case '-[MyRAMTests.MyRAMWidgetCoreTests testDeepLinkRequiresExactPlatformShape]' passed (0.006 seconds).
Test Case '-[MyRAMTests.MyRAMWidgetCoreTests testFailedReplacementPreservesPriorSnapshot]' started.
Test Case '-[MyRAMTests.MyRAMWidgetCoreTests testFailedReplacementPreservesPriorSnapshot]' passed (0.003 seconds).
Test Case '-[MyRAMTests.MyRAMWidgetCoreTests testFractionalSecondDateSurvivesExactCodecAndStoreRoundTrip]' started.
Test Case '-[MyRAMTests.MyRAMWidgetCoreTests testFractionalSecondDateSurvivesExactCodecAndStoreRoundTrip]' passed (0.002 seconds).
Test Case '-[MyRAMTests.MyRAMWidgetCoreTests testMalformedCurrentVersionFailsClosed]' started.
Test Case '-[MyRAMTests.MyRAMWidgetCoreTests testMalformedCurrentVersionFailsClosed]' passed (0.001 seconds).
Test Case '-[MyRAMTests.MyRAMWidgetCoreTests testPublicationBoundsPreserveOrderAndDropEmptyPins]' started.
Test Case '-[MyRAMTests.MyRAMWidgetCoreTests testPublicationBoundsPreserveOrderAndDropEmptyPins]' passed (0.000 seconds).
Test Case '-[MyRAMTests.MyRAMWidgetCoreTests testStableStatesRemainDistinct]' started.
Test Case '-[MyRAMTests.MyRAMWidgetCoreTests testStableStatesRemainDistinct]' passed (0.027 seconds).
Test Case '-[MyRAMTests.MyRAMWidgetCoreTests testStorePublishesThenSuppressesSemanticNoOp]' started.
Test Case '-[MyRAMTests.MyRAMWidgetCoreTests testStorePublishesThenSuppressesSemanticNoOp]' passed (0.002 seconds).
Test Case '-[MyRAMTests.MyRAMWidgetCoreTests testTitleTrimFallbackThenBound]' started.
Test Case '-[MyRAMTests.MyRAMWidgetCoreTests testTitleTrimFallbackThenBound]' passed (0.001 seconds).
Test Suite 'MyRAMWidgetCoreTests' passed at 2026-08-04 16:54:56.957.
	 Executed 11 tests, with 0 failures (0 unexpected) in 0.049 (0.058) seconds
Test Suite 'MyRAMWidgetHostTests' started at 2026-08-04 16:54:56.957.
Test Case '-[MyRAMTests.MyRAMWidgetHostTests testDelayedMacRequestCannotBeClaimedByAnotherScene]' started.
Test Case '-[MyRAMTests.MyRAMWidgetHostTests testDelayedMacRequestCannotBeClaimedByAnotherScene]' passed (0.002 seconds).
Test Case '-[MyRAMTests.MyRAMWidgetHostTests testDispatcherPreservesArrivalOrderAndRetainedHead]' started.
Test Case '-[MyRAMTests.MyRAMWidgetHostTests testDispatcherPreservesArrivalOrderAndRetainedHead]' passed (0.001 seconds).
Test Case '-[MyRAMTests.MyRAMWidgetHostTests testDispatcherRejectsMalformedWidgetURLWithoutQueueing]' started.
Test Case '-[MyRAMTests.MyRAMWidgetHostTests testDispatcherRejectsMalformedWidgetURLWithoutQueueing]' passed (0.001 seconds).
Test Case '-[MyRAMTests.MyRAMWidgetHostTests testIOSRouterFlushesBeforePresentationAndRetainsFailure]' started.
Test Case '-[MyRAMTests.MyRAMWidgetHostTests testIOSRouterFlushesBeforePresentationAndRetainsFailure]' passed (0.003 seconds).
Test Case '-[MyRAMTests.MyRAMWidgetHostTests testIOSRouterRejectsUnavailableOrMismatchedEditorWithoutMutation]' started.
Test Case '-[MyRAMTests.MyRAMWidgetHostTests testIOSRouterRejectsUnavailableOrMismatchedEditorWithoutMutation]' passed (0.022 seconds).
Test Case '-[MyRAMTests.MyRAMWidgetHostTests testMacRouterFlushesBeforePresentationAndRetainsFailure]' started.
Test Case '-[MyRAMTests.MyRAMWidgetHostTests testMacRouterFlushesBeforePresentationAndRetainsFailure]' passed (0.002 seconds).
Test Case '-[MyRAMTests.MyRAMWidgetHostTests testPublicationUsesDurablePinOrderAndSuppressesSemanticNoOp]' started.
Test Case '-[MyRAMTests.MyRAMWidgetHostTests testPublicationUsesDurablePinOrderAndSuppressesSemanticNoOp]' passed (0.030 seconds).
Test Case '-[MyRAMTests.MyRAMWidgetHostTests testSelectionStorePersistsAndClearsExplicitNoteID]' started.
Test Case '-[MyRAMTests.MyRAMWidgetHostTests testSelectionStorePersistsAndClearsExplicitNoteID]' passed (0.004 seconds).
Test Case '-[MyRAMTests.MyRAMWidgetHostTests testSuccessfulSaveTriggersRefreshAndInvalidSelectionClears]' started.
Test Case '-[MyRAMTests.MyRAMWidgetHostTests testSuccessfulSaveTriggersRefreshAndInvalidSelectionClears]' passed (0.089 seconds).
Test Suite 'MyRAMWidgetHostTests' passed at 2026-08-04 16:54:57.150.
	 Executed 9 tests, with 0 failures (0 unexpected) in 0.153 (0.192) seconds
Test Suite 'NoteSequenceStateBootstrapMigratorTests' started at 2026-08-04 16:54:57.150.
Test Case '-[MyRAMTests.NoteSequenceStateBootstrapMigratorTests testMigrationCoversActiveDeletedEmptyAndNonemptyNotes]' started.
Test Case '-[MyRAMTests.NoteSequenceStateBootstrapMigratorTests testMigrationCoversActiveDeletedEmptyAndNonemptyNotes]' passed (0.034 seconds).
Test Case '-[MyRAMTests.NoteSequenceStateBootstrapMigratorTests testMigrationPersistsEarlierNotesBeforeInjectedInterruption]' started.
Test Case '-[MyRAMTests.NoteSequenceStateBootstrapMigratorTests testMigrationPersistsEarlierNotesBeforeInjectedInterruption]' passed (0.028 seconds).
Test Case '-[MyRAMTests.NoteSequenceStateBootstrapMigratorTests testMigrationProcessesNoteIDsInDeterministicOrder]' started.
Test Case '-[MyRAMTests.NoteSequenceStateBootstrapMigratorTests testMigrationProcessesNoteIDsInDeterministicOrder]' passed (0.040 seconds).
Test Case '-[MyRAMTests.NoteSequenceStateBootstrapMigratorTests testMigrationReestablishesValidStaleRows]' started.
Test Case '-[MyRAMTests.NoteSequenceStateBootstrapMigratorTests testMigrationReestablishesValidStaleRows]' passed (0.033 seconds).
Test Case '-[MyRAMTests.NoteSequenceStateBootstrapMigratorTests testMigrationRerunIsIdempotentForExactRows]' started.
Test Case '-[MyRAMTests.NoteSequenceStateBootstrapMigratorTests testMigrationRerunIsIdempotentForExactRows]' passed (0.018 seconds).
Test Case '-[MyRAMTests.NoteSequenceStateBootstrapMigratorTests testMigrationResumesRemainingNotesAfterInterruption]' started.
Test Case '-[MyRAMTests.NoteSequenceStateBootstrapMigratorTests testMigrationResumesRemainingNotesAfterInterruption]' passed (0.022 seconds).
Test Case '-[MyRAMTests.NoteSequenceStateBootstrapMigratorTests testMigrationStopsAtCorruptRowWithoutOverwritingIt]' started.
Test Case '-[MyRAMTests.NoteSequenceStateBootstrapMigratorTests testMigrationStopsAtCorruptRowWithoutOverwritingIt]' passed (0.034 seconds).
Test Case '-[MyRAMTests.NoteSequenceStateBootstrapMigratorTests testMigrationStopsAtUnsupportedRowWithoutOverwritingIt]' started.
Test Case '-[MyRAMTests.NoteSequenceStateBootstrapMigratorTests testMigrationStopsAtUnsupportedRowWithoutOverwritingIt]' passed (0.019 seconds).
Test Suite 'NoteSequenceStateBootstrapMigratorTests' passed at 2026-08-04 16:54:57.440.
	 Executed 8 tests, with 0 failures (0 unexpected) in 0.227 (0.290) seconds
Test Suite 'NoteSequenceStateFullBodyIntegrationTests' started at 2026-08-04 16:54:57.440.
Test Case '-[MyRAMTests.NoteSequenceStateFullBodyIntegrationTests testEnsureCurrentBodyStateCreatesMissingRevisionZeroState]' started.
Test Case '-[MyRAMTests.NoteSequenceStateFullBodyIntegrationTests testEnsureCurrentBodyStateCreatesMissingRevisionZeroState]' passed (0.016 seconds).
Test Case '-[MyRAMTests.NoteSequenceStateFullBodyIntegrationTests testEnsureCurrentBodyStatePreservesExactExistingStateWithoutRewrite]' started.
Test Case '-[MyRAMTests.NoteSequenceStateFullBodyIntegrationTests testEnsureCurrentBodyStatePreservesExactExistingStateWithoutRewrite]' passed (0.012 seconds).
Test Case '-[MyRAMTests.NoteSequenceStateFullBodyIntegrationTests testEnsureCurrentBodyStateRejectsCorruptStateWithoutMutation]' started.
Test Case '-[MyRAMTests.NoteSequenceStateFullBodyIntegrationTests testEnsureCurrentBodyStateRejectsCorruptStateWithoutMutation]' passed (0.030 seconds).
Test Case '-[MyRAMTests.NoteSequenceStateFullBodyIntegrationTests testEnsureCurrentBodyStateRejectsRevisionExhaustionWithoutMutation]' started.
Test Case '-[MyRAMTests.NoteSequenceStateFullBodyIntegrationTests testEnsureCurrentBodyStateRejectsRevisionExhaustionWithoutMutation]' passed (0.025 seconds).
Test Case '-[MyRAMTests.NoteSequenceStateFullBodyIntegrationTests testEnsureCurrentBodyStateRejectsUnsupportedStateWithoutMutation]' started.
Test Case '-[MyRAMTests.NoteSequenceStateFullBodyIntegrationTests testEnsureCurrentBodyStateRejectsUnsupportedStateWithoutMutation]' passed (0.016 seconds).
Test Case '-[MyRAMTests.NoteSequenceStateFullBodyIntegrationTests testEnsureCurrentBodyStateReplacesValidStaleStateAtNextRevision]' started.
Test Case '-[MyRAMTests.NoteSequenceStateFullBodyIntegrationTests testEnsureCurrentBodyStateReplacesValidStaleStateAtNextRevision]' passed (0.039 seconds).
Test Case '-[MyRAMTests.NoteSequenceStateFullBodyIntegrationTests testInsertNewNoteCommitsDetachedNoteAndRevisionZeroStateTogether]' started.
Test Case '-[MyRAMTests.NoteSequenceStateFullBodyIntegrationTests testInsertNewNoteCommitsDetachedNoteAndRevisionZeroStateTogether]' passed (0.014 seconds).
Test Case '-[MyRAMTests.NoteSequenceStateFullBodyIntegrationTests testInsertNewNoteRejectsExactBodyMismatchBeforeInsertion]' started.
Test Case '-[MyRAMTests.NoteSequenceStateFullBodyIntegrationTests testInsertNewNoteRejectsExactBodyMismatchBeforeInsertion]' passed (0.016 seconds).
Test Case '-[MyRAMTests.NoteSequenceStateFullBodyIntegrationTests testInsertNewNoteRejectsExistingNoteCollisionBeforeInsertion]' started.
Test Case '-[MyRAMTests.NoteSequenceStateFullBodyIntegrationTests testInsertNewNoteRejectsExistingNoteCollisionBeforeInsertion]' passed (0.115 seconds).
Test Case '-[MyRAMTests.NoteSequenceStateFullBodyIntegrationTests testInsertNewNoteRejectsExistingStateCollisionBeforeInsertion]' started.
Test Case '-[MyRAMTests.NoteSequenceStateFullBodyIntegrationTests testInsertNewNoteRejectsExistingStateCollisionBeforeInsertion]' passed (0.018 seconds).
Test Case '-[MyRAMTests.NoteSequenceStateFullBodyIntegrationTests testInsertNewNoteRejectsPreparedNoteIDMismatchBeforeInsertion]' started.
Test Case '-[MyRAMTests.NoteSequenceStateFullBodyIntegrationTests testInsertNewNoteRejectsPreparedNoteIDMismatchBeforeInsertion]' passed (0.013 seconds).
Test Case '-[MyRAMTests.NoteSequenceStateFullBodyIntegrationTests testReplaceBodyCreatesRevisionZeroStateWhenStateIsMissing]' started.
Test Case '-[MyRAMTests.NoteSequenceStateFullBodyIntegrationTests testReplaceBodyCreatesRevisionZeroStateWhenStateIsMissing]' passed (0.015 seconds).
Test Case '-[MyRAMTests.NoteSequenceStateFullBodyIntegrationTests testReplaceBodyPersistsExactUTF16AcrossFreshContextWithoutSecondRewrite]' started.
Test Case '-[MyRAMTests.NoteSequenceStateFullBodyIntegrationTests testReplaceBodyPersistsExactUTF16AcrossFreshContextWithoutSecondRewrite]' passed (0.022 seconds).
Test Case '-[MyRAMTests.NoteSequenceStateFullBodyIntegrationTests testReplaceBodyPreservesStateWhenItAlreadyMatchesFinalBodyExactly]' started.
Test Case '-[MyRAMTests.NoteSequenceStateFullBodyIntegrationTests testReplaceBodyPreservesStateWhenItAlreadyMatchesFinalBodyExactly]' passed (0.017 seconds).
Test Case '-[MyRAMTests.NoteSequenceStateFullBodyIntegrationTests testReplaceBodyRejectsCorruptStateBeforeChangingBody]' started.
Test Case '-[MyRAMTests.NoteSequenceStateFullBodyIntegrationTests testReplaceBodyRejectsCorruptStateBeforeChangingBody]' passed (0.016 seconds).
Test Case '-[MyRAMTests.NoteSequenceStateFullBodyIntegrationTests testReplaceBodyRejectsRevisionExhaustionBeforeChangingBody]' started.
Test Case '-[MyRAMTests.NoteSequenceStateFullBodyIntegrationTests testReplaceBodyRejectsRevisionExhaustionBeforeChangingBody]' passed (0.013 seconds).
Test Case '-[MyRAMTests.NoteSequenceStateFullBodyIntegrationTests testReplaceBodyRejectsUnsupportedStateBeforeChangingBody]' started.
Test Case '-[MyRAMTests.NoteSequenceStateFullBodyIntegrationTests testReplaceBodyRejectsUnsupportedStateBeforeChangingBody]' passed (0.014 seconds).
Test Case '-[MyRAMTests.NoteSequenceStateFullBodyIntegrationTests testReplaceBodyReplacesValidStaleStateAndBodyAtOneNextRevision]' started.
Test Case '-[MyRAMTests.NoteSequenceStateFullBodyIntegrationTests testReplaceBodyReplacesValidStaleStateAndBodyAtOneNextRevision]' passed (0.014 seconds).
Test Case '-[MyRAMTests.NoteSequenceStateFullBodyIntegrationTests testReplaceBodyUsesExactUTF16RatherThanCanonicalStringEquality]' started.
Test Case '-[MyRAMTests.NoteSequenceStateFullBodyIntegrationTests testReplaceBodyUsesExactUTF16RatherThanCanonicalStringEquality]' passed (0.013 seconds).
Test Suite 'NoteSequenceStateFullBodyIntegrationTests' passed at 2026-08-04 16:54:57.916.
	 Executed 19 tests, with 0 failures (0 unexpected) in 0.437 (0.476) seconds
Test Suite 'NotesListStateBootstrapTests' started at 2026-08-04 16:54:57.917.
Test Case '-[MyRAMTests.NotesListStateBootstrapTests testBootstrapFailsClosedWhenLaunchRecoveryFails]' started.
Test Case '-[MyRAMTests.NotesListStateBootstrapTests testBootstrapFailsClosedWhenLaunchRecoveryFails]' passed (0.091 seconds).
Test Case '-[MyRAMTests.NotesListStateBootstrapTests testBootstrapRunsLaunchRecoveryBeforeNetworkingAndEditing]' started.
Test Case '-[MyRAMTests.NotesListStateBootstrapTests testBootstrapRunsLaunchRecoveryBeforeNetworkingAndEditing]' passed (0.067 seconds).
Test Suite 'NotesListStateBootstrapTests' passed at 2026-08-04 16:54:58.077.
	 Executed 2 tests, with 0 failures (0 unexpected) in 0.159 (0.160) seconds
Test Suite 'PendingSyncRecoveryTests' started at 2026-08-04 16:54:58.077.
Test Case '-[MyRAMTests.PendingSyncRecoveryTests testCoordinatorBuilderFailureLeavesQueuesAndJournalUntouched]' started.
Test Case '-[MyRAMTests.PendingSyncRecoveryTests testCoordinatorBuilderFailureLeavesQueuesAndJournalUntouched]' passed (0.004 seconds).
Test Case '-[MyRAMTests.PendingSyncRecoveryTests testCoordinatorBuildsReplacementWhileSuspendedAndFlushesAfterCommit]' started.
Test Case '-[MyRAMTests.PendingSyncRecoveryTests testCoordinatorBuildsReplacementWhileSuspendedAndFlushesAfterCommit]' passed (0.006 seconds).
Test Case '-[MyRAMTests.PendingSyncRecoveryTests testCoordinatorRollsBackOriginalQueuesWhenReplacementFailsAfterLegacy]' started.
Test Case '-[MyRAMTests.PendingSyncRecoveryTests testCoordinatorRollsBackOriginalQueuesWhenReplacementFailsAfterLegacy]' passed (0.003 seconds).
Test Case '-[MyRAMTests.PendingSyncRecoveryTests testJournalStorePersistsPhaseUpdatesAndDeletes]' started.
Test Case '-[MyRAMTests.PendingSyncRecoveryTests testJournalStorePersistsPhaseUpdatesAndDeletes]' passed (0.003 seconds).
Test Case '-[MyRAMTests.PendingSyncRecoveryTests testPrepareSnapshotsRejectsCapturedBatchMissingFromDurableQueues]' started.
Test Case '-[MyRAMTests.PendingSyncRecoveryTests testPrepareSnapshotsRejectsCapturedBatchMissingFromDurableQueues]' passed (0.001 seconds).
Test Case '-[MyRAMTests.PendingSyncRecoveryTests testStateBuilderAllowsMissingBatchNoteWhenValidatedTombstoneExists]' started.
Test Case '-[MyRAMTests.PendingSyncRecoveryTests testStateBuilderAllowsMissingBatchNoteWhenValidatedTombstoneExists]' passed (0.014 seconds).
Test Case '-[MyRAMTests.PendingSyncRecoveryTests testStateBuilderFailsWhenAffectedNoteHasActiveConflict]' started.
Test Case '-[MyRAMTests.PendingSyncRecoveryTests testStateBuilderFailsWhenAffectedNoteHasActiveConflict]' passed (0.020 seconds).
Test Case '-[MyRAMTests.PendingSyncRecoveryTests testStateBuilderRebuildsCurrentNoteForLegacyMarkerTarget]' started.
Test Case '-[MyRAMTests.PendingSyncRecoveryTests testStateBuilderRebuildsCurrentNoteForLegacyMarkerTarget]' passed (0.017 seconds).
Test Case '-[MyRAMTests.PendingSyncRecoveryTests testStateBuilderRejectsAnchoredBatchBeforeCurrentStateLookup]' started.
Test Case '-[MyRAMTests.PendingSyncRecoveryTests testStateBuilderRejectsAnchoredBatchBeforeCurrentStateLookup]' passed (0.012 seconds).
Test Case '-[MyRAMTests.PendingSyncRecoveryTests testStateBuilderRejectsInvalidLegacyEntityID]' started.
Test Case '-[MyRAMTests.PendingSyncRecoveryTests testStateBuilderRejectsInvalidLegacyEntityID]' passed (0.011 seconds).
Test Case '-[MyRAMTests.PendingSyncRecoveryTests testStateBuilderRejectsMissingNonDeleteLegacyNote]' started.
Test Case '-[MyRAMTests.PendingSyncRecoveryTests testStateBuilderRejectsMissingNonDeleteLegacyNote]' passed (0.014 seconds).
Test Case '-[MyRAMTests.PendingSyncRecoveryTests testStateBuilderRejectsMissingNoteReferencedOnlyByLocalObligation]' started.
Test Case '-[MyRAMTests.PendingSyncRecoveryTests testStateBuilderRejectsMissingNoteReferencedOnlyByLocalObligation]' passed (0.013 seconds).
Test Case '-[MyRAMTests.PendingSyncRecoveryTests testStateBuilderRejectsMissingNoteReferencedOnlyByUnsentBatch]' started.
Test Case '-[MyRAMTests.PendingSyncRecoveryTests testStateBuilderRejectsMissingNoteReferencedOnlyByUnsentBatch]' passed (0.015 seconds).
Test Case '-[MyRAMTests.PendingSyncRecoveryTests testStateBuilderRejectsPendingLegacyConflictMetadata]' started.
Test Case '-[MyRAMTests.PendingSyncRecoveryTests testStateBuilderRejectsPendingLegacyConflictMetadata]' passed (0.014 seconds).
Test Case '-[MyRAMTests.PendingSyncRecoveryTests testStateBuilderReplacesQueuesWithCurrentSwiftDataState]' started.
Test Case '-[MyRAMTests.PendingSyncRecoveryTests testStateBuilderReplacesQueuesWithCurrentSwiftDataState]' passed (0.014 seconds).
Test Case '-[MyRAMTests.PendingSyncRecoveryTests testStateBuilderRetainsNewestLegacyOnlyDeletionTombstone]' started.
Test Case '-[MyRAMTests.PendingSyncRecoveryTests testStateBuilderRetainsNewestLegacyOnlyDeletionTombstone]' passed (0.011 seconds).
Test Suite 'PendingSyncRecoveryTests' passed at 2026-08-04 16:54:58.278.
	 Executed 16 tests, with 0 failures (0 unexpected) in 0.172 (0.201) seconds
Test Suite 'SwiftDataNoteSequenceStateStoreTests' started at 2026-08-04 16:54:58.278.
Test Case '-[MyRAMTests.SwiftDataNoteSequenceStateStoreTests testBodyStateMismatchAndExpectationsFailClosed]' started.
Test Case '-[MyRAMTests.SwiftDataNoteSequenceStateStoreTests testBodyStateMismatchAndExpectationsFailClosed]' passed (0.021 seconds).
Test Case '-[MyRAMTests.SwiftDataNoteSequenceStateStoreTests testBootstrapAdapterMapsEmptyBodyToCanonicalEmptyState]' started.
Test Case '-[MyRAMTests.SwiftDataNoteSequenceStateStoreTests testBootstrapAdapterMapsEmptyBodyToCanonicalEmptyState]' passed (0.014 seconds).
Test Case '-[MyRAMTests.SwiftDataNoteSequenceStateStoreTests testBootstrapAdapterMatchesExplicitCoreV1]' started.
Test Case '-[MyRAMTests.SwiftDataNoteSequenceStateStoreTests testBootstrapAdapterMatchesExplicitCoreV1]' passed (0.001 seconds).
Test Case '-[MyRAMTests.SwiftDataNoteSequenceStateStoreTests testBootstrapAdapterPreservesExactUTF16Body]' started.
Test Case '-[MyRAMTests.SwiftDataNoteSequenceStateStoreTests testBootstrapAdapterPreservesExactUTF16Body]' passed (0.001 seconds).
Test Case '-[MyRAMTests.SwiftDataNoteSequenceStateStoreTests testCompareAndSetChangesOnlyBodyAndSequenceRecord]' started.
Test Case '-[MyRAMTests.SwiftDataNoteSequenceStateStoreTests testCompareAndSetChangesOnlyBodyAndSequenceRecord]' passed (0.030 seconds).
Test Case '-[MyRAMTests.SwiftDataNoteSequenceStateStoreTests testConcurrentLoadOrBootstrapAcrossStoreInstancesCreatesOneRevisionZeroRow]' started.
Test Case '-[MyRAMTests.SwiftDataNoteSequenceStateStoreTests testConcurrentLoadOrBootstrapAcrossStoreInstancesCreatesOneRevisionZeroRow]' passed (0.021 seconds).
Test Case '-[MyRAMTests.SwiftDataNoteSequenceStateStoreTests testEnsureBootstrapStateForCurrentBodyCreatesMissingState]' started.
Test Case '-[MyRAMTests.SwiftDataNoteSequenceStateStoreTests testEnsureBootstrapStateForCurrentBodyCreatesMissingState]' passed (0.016 seconds).
Test Case '-[MyRAMTests.SwiftDataNoteSequenceStateStoreTests testEnsureBootstrapStateForCurrentBodyPreservesNonBootstrapStateWhenExact]' started.
Test Case '-[MyRAMTests.SwiftDataNoteSequenceStateStoreTests testEnsureBootstrapStateForCurrentBodyPreservesNonBootstrapStateWhenExact]' passed (0.015 seconds).
Test Case '-[MyRAMTests.SwiftDataNoteSequenceStateStoreTests testEnsureBootstrapStateForCurrentBodyRejectsCorruptState]' started.
Test Case '-[MyRAMTests.SwiftDataNoteSequenceStateStoreTests testEnsureBootstrapStateForCurrentBodyRejectsCorruptState]' passed (0.015 seconds).
Test Case '-[MyRAMTests.SwiftDataNoteSequenceStateStoreTests testEnsureBootstrapStateForCurrentBodyRejectsRevisionExhaustion]' started.
Test Case '-[MyRAMTests.SwiftDataNoteSequenceStateStoreTests testEnsureBootstrapStateForCurrentBodyRejectsRevisionExhaustion]' passed (0.017 seconds).
Test Case '-[MyRAMTests.SwiftDataNoteSequenceStateStoreTests testEnsureBootstrapStateForCurrentBodyRejectsUnsupportedState]' started.
Test Case '-[MyRAMTests.SwiftDataNoteSequenceStateStoreTests testEnsureBootstrapStateForCurrentBodyRejectsUnsupportedState]' passed (0.016 seconds).
Test Case '-[MyRAMTests.SwiftDataNoteSequenceStateStoreTests testEnsureBootstrapStateForCurrentBodyRepairsValidStaleState]' started.
Test Case '-[MyRAMTests.SwiftDataNoteSequenceStateStoreTests testEnsureBootstrapStateForCurrentBodyRepairsValidStaleState]' passed (0.018 seconds).
Test Case '-[MyRAMTests.SwiftDataNoteSequenceStateStoreTests testEnsureBootstrapStateForCurrentBodyReturnsExactExistingStateWithoutSave]' started.
Test Case '-[MyRAMTests.SwiftDataNoteSequenceStateStoreTests testEnsureBootstrapStateForCurrentBodyReturnsExactExistingStateWithoutSave]' passed (0.015 seconds).
Test Case '-[MyRAMTests.SwiftDataNoteSequenceStateStoreTests testEnsureBootstrapStateForCurrentBodySaveFailureRollsBack]' started.
Test Case '-[MyRAMTests.SwiftDataNoteSequenceStateStoreTests testEnsureBootstrapStateForCurrentBodySaveFailureRollsBack]' passed (0.014 seconds).
Test Case '-[MyRAMTests.SwiftDataNoteSequenceStateStoreTests testEnsureBootstrapStateForCurrentBodyVerificationFailureIsSurfaced]' started.
Test Case '-[MyRAMTests.SwiftDataNoteSequenceStateStoreTests testEnsureBootstrapStateForCurrentBodyVerificationFailureIsSurfaced]' passed (0.014 seconds).
Test Case '-[MyRAMTests.SwiftDataNoteSequenceStateStoreTests testExactTextComparisonRejectsCanonicallyEquivalentDifferentUTF16]' started.
Test Case '-[MyRAMTests.SwiftDataNoteSequenceStateStoreTests testExactTextComparisonRejectsCanonicallyEquivalentDifferentUTF16]' passed (0.001 seconds).
Test Case '-[MyRAMTests.SwiftDataNoteSequenceStateStoreTests testExistingLoadValidationRetainsCanonicalStringEqualityBehavior]' started.
Test Case '-[MyRAMTests.SwiftDataNoteSequenceStateStoreTests testExistingLoadValidationRetainsCanonicalStringEqualityBehavior]' passed (0.015 seconds).
Test Case '-[MyRAMTests.SwiftDataNoteSequenceStateStoreTests testFailureBeforeSaveRollsBackBodyAndState]' started.
Test Case '-[MyRAMTests.SwiftDataNoteSequenceStateStoreTests testFailureBeforeSaveRollsBackBodyAndState]' passed (0.014 seconds).
Test Case '-[MyRAMTests.SwiftDataNoteSequenceStateStoreTests testFirstWriteUsesRevisionZeroAndCanonicalEmptyBytes]' started.
Test Case '-[MyRAMTests.SwiftDataNoteSequenceStateStoreTests testFirstWriteUsesRevisionZeroAndCanonicalEmptyBytes]' passed (0.015 seconds).
Test Case '-[MyRAMTests.SwiftDataNoteSequenceStateStoreTests testLexicalJSONDifferencesLoadWithoutRewriting]' started.
Test Case '-[MyRAMTests.SwiftDataNoteSequenceStateStoreTests testLexicalJSONDifferencesLoadWithoutRewriting]' passed (0.015 seconds).
Test Case '-[MyRAMTests.SwiftDataNoteSequenceStateStoreTests testLoadOrBootstrapChangesOnlyTheMissingSequenceStateRow]' started.
Test Case '-[MyRAMTests.SwiftDataNoteSequenceStateStoreTests testLoadOrBootstrapChangesOnlyTheMissingSequenceStateRow]' passed (0.016 seconds).
Test Case '-[MyRAMTests.SwiftDataNoteSequenceStateStoreTests testLoadOrBootstrapCreatesRevisionZeroStateForAuthoritativeNonemptyBody]' started.
Test Case '-[MyRAMTests.SwiftDataNoteSequenceStateStoreTests testLoadOrBootstrapCreatesRevisionZeroStateForAuthoritativeNonemptyBody]' passed (0.016 seconds).
Test Case '-[MyRAMTests.SwiftDataNoteSequenceStateStoreTests testLoadOrBootstrapDoesNotReplaceCorruptExistingState]' started.
Test Case '-[MyRAMTests.SwiftDataNoteSequenceStateStoreTests testLoadOrBootstrapDoesNotReplaceCorruptExistingState]' passed (0.018 seconds).
Test Case '-[MyRAMTests.SwiftDataNoteSequenceStateStoreTests testLoadOrBootstrapDoesNotReplaceUnsupportedExistingState]' started.
Test Case '-[MyRAMTests.SwiftDataNoteSequenceStateStoreTests testLoadOrBootstrapDoesNotReplaceUnsupportedExistingState]' passed (0.018 seconds).
Test Case '-[MyRAMTests.SwiftDataNoteSequenceStateStoreTests testLoadOrBootstrapInjectedBeforeSaveFailureRollsBackPendingRow]' started.
Test Case '-[MyRAMTests.SwiftDataNoteSequenceStateStoreTests testLoadOrBootstrapInjectedBeforeSaveFailureRollsBackPendingRow]' passed (0.013 seconds).
Test Case '-[MyRAMTests.SwiftDataNoteSequenceStateStoreTests testLoadOrBootstrapMissingNoteFailsWithoutCreatingState]' started.
Test Case '-[MyRAMTests.SwiftDataNoteSequenceStateStoreTests testLoadOrBootstrapMissingNoteFailsWithoutCreatingState]' passed (0.011 seconds).
Test Case '-[MyRAMTests.SwiftDataNoteSequenceStateStoreTests testLoadOrBootstrapPersistsRevisionZeroCanonicalEmptyState]' started.
Test Case '-[MyRAMTests.SwiftDataNoteSequenceStateStoreTests testLoadOrBootstrapPersistsRevisionZeroCanonicalEmptyState]' passed (0.014 seconds).
Test Case '-[MyRAMTests.SwiftDataNoteSequenceStateStoreTests testLoadOrBootstrapPostSaveCommittedMismatchReturnsVerificationFailure]' started.
Test Case '-[MyRAMTests.SwiftDataNoteSequenceStateStoreTests testLoadOrBootstrapPostSaveCommittedMismatchReturnsVerificationFailure]' passed (0.015 seconds).
Test Case '-[MyRAMTests.SwiftDataNoteSequenceStateStoreTests testLoadOrBootstrapRejectsExistingStateWhoseVisibleTextIsNotExactUTF16]' started.
Test Case '-[MyRAMTests.SwiftDataNoteSequenceStateStoreTests testLoadOrBootstrapRejectsExistingStateWhoseVisibleTextIsNotExactUTF16]' passed (0.015 seconds).
Test Case '-[MyRAMTests.SwiftDataNoteSequenceStateStoreTests testLoadOrBootstrapRejectsMismatchWhileEnsureCurrentBodyRepairsIt]' started.
Test Case '-[MyRAMTests.SwiftDataNoteSequenceStateStoreTests testLoadOrBootstrapRejectsMismatchWhileEnsureCurrentBodyRepairsIt]' passed (0.019 seconds).
Test Case '-[MyRAMTests.SwiftDataNoteSequenceStateStoreTests testLoadOrBootstrapReturnsExistingNonBootstrapStateWithoutReplacement]' started.
Test Case '-[MyRAMTests.SwiftDataNoteSequenceStateStoreTests testLoadOrBootstrapReturnsExistingNonBootstrapStateWithoutReplacement]' passed (0.015 seconds).
Test Case '-[MyRAMTests.SwiftDataNoteSequenceStateStoreTests testLoadOrBootstrapReturnsExistingStateWithoutSaveRevisionAdvanceOrPayloadRewrite]' started.
Test Case '-[MyRAMTests.SwiftDataNoteSequenceStateStoreTests testLoadOrBootstrapReturnsExistingStateWithoutSaveRevisionAdvanceOrPayloadRewrite]' passed (0.019 seconds).
Test Case '-[MyRAMTests.SwiftDataNoteSequenceStateStoreTests testLoadOrBootstrapStateSurvivesStoreRestart]' started.
Test Case '-[MyRAMTests.SwiftDataNoteSequenceStateStoreTests testLoadOrBootstrapStateSurvivesStoreRestart]' passed (0.023 seconds).
Test Case '-[MyRAMTests.SwiftDataNoteSequenceStateStoreTests testLoadOrBootstrapThrownSaveOperationLeavesNoteAndStateUnchanged]' started.
Test Case '-[MyRAMTests.SwiftDataNoteSequenceStateStoreTests testLoadOrBootstrapThrownSaveOperationLeavesNoteAndStateUnchanged]' passed (0.021 seconds).
Test Case '-[MyRAMTests.SwiftDataNoteSequenceStateStoreTests testLoadOrBootstrapUsesBodyPersistedAtInvocation]' started.
Test Case '-[MyRAMTests.SwiftDataNoteSequenceStateStoreTests testLoadOrBootstrapUsesBodyPersistedAtInvocation]' passed (0.023 seconds).
Test Case '-[MyRAMTests.SwiftDataNoteSequenceStateStoreTests testMalformedUnsupportedAndMetadataMismatchesAreDistinct]' started.
Test Case '-[MyRAMTests.SwiftDataNoteSequenceStateStoreTests testMalformedUnsupportedAndMetadataMismatchesAreDistinct]' passed (0.026 seconds).
Test Case '-[MyRAMTests.SwiftDataNoteSequenceStateStoreTests testMaximumRevisionFailsWithoutChangingCommittedState]' started.
Test Case '-[MyRAMTests.SwiftDataNoteSequenceStateStoreTests testMaximumRevisionFailsWithoutChangingCommittedState]' passed (0.016 seconds).
Test Case '-[MyRAMTests.SwiftDataNoteSequenceStateStoreTests testMergeablePersistedFragmentsAreRejected]' started.
Test Case '-[MyRAMTests.SwiftDataNoteSequenceStateStoreTests testMergeablePersistedFragmentsAreRejected]' passed (0.021 seconds).
Test Case '-[MyRAMTests.SwiftDataNoteSequenceStateStoreTests testMissingLoadDoesNotCreateAStateRow]' started.
Test Case '-[MyRAMTests.SwiftDataNoteSequenceStateStoreTests testMissingLoadDoesNotCreateAStateRow]' passed (0.013 seconds).
Test Case '-[MyRAMTests.SwiftDataNoteSequenceStateStoreTests testMissingNoteFailsWithoutCreatingState]' started.
Test Case '-[MyRAMTests.SwiftDataNoteSequenceStateStoreTests testMissingNoteFailsWithoutCreatingState]' passed (0.020 seconds).
Test Case '-[MyRAMTests.SwiftDataNoteSequenceStateStoreTests testOnDiskStoreMigratesWithoutCreatingStateRows]' started.
Test Case '-[MyRAMTests.SwiftDataNoteSequenceStateStoreTests testOnDiskStoreMigratesWithoutCreatingStateRows]' passed (2.973 seconds).
Test Case '-[MyRAMTests.SwiftDataNoteSequenceStateStoreTests testPersistedInvalidOriginUUIDAndOverflowRangeAreCorrupt]' started.
Test Case '-[MyRAMTests.SwiftDataNoteSequenceStateStoreTests testPersistedInvalidOriginUUIDAndOverflowRangeAreCorrupt]' passed (0.026 seconds).
Test Case '-[MyRAMTests.SwiftDataNoteSequenceStateStoreTests testPreparedBootstrapContainsCanonicalPayloadAndRevisionZeroMetadata]' started.
Test Case '-[MyRAMTests.SwiftDataNoteSequenceStateStoreTests testPreparedBootstrapContainsCanonicalPayloadAndRevisionZeroMetadata]' passed (0.001 seconds).
Test Case '-[MyRAMTests.SwiftDataNoteSequenceStateStoreTests testPreparedBootstrapExactMismatchUsesNewStateBodyMismatch]' started.
Test Case '-[MyRAMTests.SwiftDataNoteSequenceStateStoreTests testPreparedBootstrapExactMismatchUsesNewStateBodyMismatch]' passed (0.001 seconds).
Test Case '-[MyRAMTests.SwiftDataNoteSequenceStateStoreTests testRestartLoadsBothOriginsAndAdvancesRevision]' started.
Test Case '-[MyRAMTests.SwiftDataNoteSequenceStateStoreTests testRestartLoadsBothOriginsAndAdvancesRevision]' passed (0.021 seconds).
Test Case '-[MyRAMTests.SwiftDataNoteSequenceStateStoreTests testSemanticRunAndFragmentOrderAreRejectedWithoutNormalization]' started.
/Users/runner/work/MyRAM-iOS/MyRAM-iOS/MyRAM-iOS/MyRAMTests/SwiftDataNoteSequenceStateStoreTests.swift:1364: error: -[MyRAMTests.SwiftDataNoteSequenceStateStoreTests testSemanticRunAndFragmentOrderAreRejectedWithoutNormalization] : failed: caught error: "fragmentOrderNotMatchingOrigins"
Test Case '-[MyRAMTests.SwiftDataNoteSequenceStateStoreTests testSemanticRunAndFragmentOrderAreRejectedWithoutNormalization]' failed (0.911 seconds).
Test Case '-[MyRAMTests.SwiftDataNoteSequenceStateStoreTests testSeparateStoresCannotBothPassPreflight]' started.
Test Case '-[MyRAMTests.SwiftDataNoteSequenceStateStoreTests testSeparateStoresCannotBothPassPreflight]' passed (0.260 seconds).
Test Suite 'SwiftDataNoteSequenceStateStoreTests' failed at 2026-08-04 16:55:03.151.
	 Executed 47 tests, with 1 failure (1 unexpected) in 4.830 (4.874) seconds
Test Suite 'SyncBatchAnchoredPayloadTests' started at 2026-08-04 16:55:03.152.
Test Case '-[MyRAMTests.SyncBatchAnchoredPayloadTests testAnchoredChangesAndBatchesRoundTripDirectly]' started.
Test Case '-[MyRAMTests.SyncBatchAnchoredPayloadTests testAnchoredChangesAndBatchesRoundTripDirectly]' passed (0.019 seconds).
Test Case '-[MyRAMTests.SyncBatchAnchoredPayloadTests testBootstrapBackedVisibleRunChainProducesExpectedAnchorsIncludingMidRun]' started.
Test Case '-[MyRAMTests.SyncBatchAnchoredPayloadTests testBootstrapBackedVisibleRunChainProducesExpectedAnchorsIncludingMidRun]' passed (0.003 seconds).
Test Case '-[MyRAMTests.SyncBatchAnchoredPayloadTests testDeleteProducesOrderedSpansAcrossRunsAndTombstones]' started.
Test Case '-[MyRAMTests.SyncBatchAnchoredPayloadTests testDeleteProducesOrderedSpansAcrossRunsAndTombstones]' passed (0.002 seconds).
Test Case '-[MyRAMTests.SyncBatchAnchoredPayloadTests testDeleteWithinOneRunProducesOneSpan]' started.
Test Case '-[MyRAMTests.SyncBatchAnchoredPayloadTests testDeleteWithinOneRunProducesOneSpan]' passed (0.015 seconds).
Test Case '-[MyRAMTests.SyncBatchAnchoredPayloadTests testEveryNamedBoundaryReportsItsOwnBoundary]' started.
Test Case '-[MyRAMTests.SyncBatchAnchoredPayloadTests testEveryNamedBoundaryReportsItsOwnBoundary]' passed (0.002 seconds).
Test Case '-[MyRAMTests.SyncBatchAnchoredPayloadTests testEvidenceValidationRejectsHashLengthAndTextMismatch]' started.
Test Case '-[MyRAMTests.SyncBatchAnchoredPayloadTests testEvidenceValidationRejectsHashLengthAndTextMismatch]' passed (0.003 seconds).
Test Case '-[MyRAMTests.SyncBatchAnchoredPayloadTests testInsertAndDeleteAdaptersDoNotMutateStateOnSuccessOrFailure]' started.
Test Case '-[MyRAMTests.SyncBatchAnchoredPayloadTests testInsertAndDeleteAdaptersDoNotMutateStateOnSuccessOrFailure]' passed (0.003 seconds).
Test Case '-[MyRAMTests.SyncBatchAnchoredPayloadTests testInsertBesideTombstoneUsesVisibleNeighbors]' started.
Test Case '-[MyRAMTests.SyncBatchAnchoredPayloadTests testInsertBesideTombstoneUsesVisibleNeighbors]' passed (0.001 seconds).
Test Case '-[MyRAMTests.SyncBatchAnchoredPayloadTests testInsertProducesAllBoundaryAnchorsAndPreservesEvidence]' started.
Test Case '-[MyRAMTests.SyncBatchAnchoredPayloadTests testInsertProducesAllBoundaryAnchorsAndPreservesEvidence]' passed (0.001 seconds).
Test Case '-[MyRAMTests.SyncBatchAnchoredPayloadTests testInvalidRangesAndEmptyInsertFailExactly]' started.
Test Case '-[MyRAMTests.SyncBatchAnchoredPayloadTests testInvalidRangesAndEmptyInsertFailExactly]' passed (0.001 seconds).
Test Case '-[MyRAMTests.SyncBatchAnchoredPayloadTests testMalformedCorePayloadStillFailsDuringDirectDecode]' started.
Test Case '-[MyRAMTests.SyncBatchAnchoredPayloadTests testMalformedCorePayloadStillFailsDuringDirectDecode]' passed (0.005 seconds).
Test Case '-[MyRAMTests.SyncBatchAnchoredPayloadTests testPolicyClassifiesLegacyAnchoredAndMixedBatches]' started.
Test Case '-[MyRAMTests.SyncBatchAnchoredPayloadTests testPolicyClassifiesLegacyAnchoredAndMixedBatches]' passed (0.002 seconds).
Test Case '-[MyRAMTests.SyncBatchAnchoredPayloadTests testSharedPreflightRejectsBeforeBodyProvider]' started.
Test Case '-[MyRAMTests.SyncBatchAnchoredPayloadTests testSharedPreflightRejectsBeforeBodyProvider]' passed (0.001 seconds).
Test Case '-[MyRAMTests.SyncBatchAnchoredPayloadTests testSurrogateSafeBoundariesSucceedAndSplitBoundariesFailExactly]' started.
Test Case '-[MyRAMTests.SyncBatchAnchoredPayloadTests testSurrogateSafeBoundariesSucceedAndSplitBoundariesFailExactly]' passed (0.001 seconds).
Test Case '-[MyRAMTests.SyncBatchAnchoredPayloadTests testTransportEncoderRejectsBeforeProducingBytes]' started.
Test Case '-[MyRAMTests.SyncBatchAnchoredPayloadTests testTransportEncoderRejectsBeforeProducingBytes]' passed (0.001 seconds).
Test Suite 'SyncBatchAnchoredPayloadTests' passed at 2026-08-04 16:55:03.221.
	 Executed 15 tests, with 0 failures (0 unexpected) in 0.060 (0.069) seconds
Test Suite 'SyncBatchEnvelopeV2Tests' started at 2026-08-04 16:55:03.256.
Test Case '-[MyRAMTests.SyncBatchEnvelopeV2Tests testCraftedSchemaRepresentationMismatchesAreRejected]' started.
Test Case '-[MyRAMTests.SyncBatchEnvelopeV2Tests testCraftedSchemaRepresentationMismatchesAreRejected]' passed (0.004 seconds).
Test Case '-[MyRAMTests.SyncBatchEnvelopeV2Tests testMalformedVersionsRemainDecodingErrors]' started.
Test Case '-[MyRAMTests.SyncBatchEnvelopeV2Tests testMalformedVersionsRemainDecodingErrors]' passed (0.002 seconds).
Test Case '-[MyRAMTests.SyncBatchEnvelopeV2Tests testMixedRepresentationIsRejectedBeforeEnvelopeCreation]' started.
Test Case '-[MyRAMTests.SyncBatchEnvelopeV2Tests testMixedRepresentationIsRejectedBeforeEnvelopeCreation]' passed (0.001 seconds).
Test Case '-[MyRAMTests.SyncBatchEnvelopeV2Tests testOuterV1CanCarryInnerV2WhileProductionTransportRemainsDark]' started.
Test Case '-[MyRAMTests.SyncBatchEnvelopeV2Tests testOuterV1CanCarryInnerV2WhileProductionTransportRemainsDark]' passed (0.001 seconds).
Test Case '-[MyRAMTests.SyncBatchEnvelopeV2Tests testPreMYR174PeerRejectsInnerV2BeforeDownstreamEffect]' started.
Test Case '-[MyRAMTests.SyncBatchEnvelopeV2Tests testPreMYR174PeerRejectsInnerV2BeforeDownstreamEffect]' passed (0.004 seconds).
Test Case '-[MyRAMTests.SyncBatchEnvelopeV2Tests testSchemaIsDerivedFromBodyRepresentation]' started.
Test Case '-[MyRAMTests.SyncBatchEnvelopeV2Tests testSchemaIsDerivedFromBodyRepresentation]' passed (0.001 seconds).
Test Case '-[MyRAMTests.SyncBatchEnvelopeV2Tests testUnsupportedIntegerVersionsFailBeforeNestedBatchDecode]' started.
Test Case '-[MyRAMTests.SyncBatchEnvelopeV2Tests testUnsupportedIntegerVersionsFailBeforeNestedBatchDecode]' passed (0.001 seconds).
Test Case '-[MyRAMTests.SyncBatchEnvelopeV2Tests testV1EncodingRemainsStructurallyCompatibleAndBidirectional]' started.
Test Case '-[MyRAMTests.SyncBatchEnvelopeV2Tests testV1EncodingRemainsStructurallyCompatibleAndBidirectional]' passed (0.003 seconds).
Test Case '-[MyRAMTests.SyncBatchEnvelopeV2Tests testV2EncodingIsCanonicalAndMatchesFrozenFixture]' started.
Test Case '-[MyRAMTests.SyncBatchEnvelopeV2Tests testV2EncodingIsCanonicalAndMatchesFrozenFixture]' passed (0.002 seconds).
Test Suite 'SyncBatchEnvelopeV2Tests' passed at 2026-08-04 16:55:03.305.
	 Executed 9 tests, with 0 failures (0 unexpected) in 0.019 (0.049) seconds
Test Suite 'SyncBatchPayloadCompatibilityTests' started at 2026-08-04 16:55:03.305.
Test Case '-[MyRAMTests.SyncBatchPayloadCompatibilityTests testBatchMessageDoesNotDecodeAsLegacySyncEnvelopeWithoutRouting]' started.
Test Case '-[MyRAMTests.SyncBatchPayloadCompatibilityTests testBatchMessageDoesNotDecodeAsLegacySyncEnvelopeWithoutRouting]' passed (0.001 seconds).
Test Case '-[MyRAMTests.SyncBatchPayloadCompatibilityTests testBatchMessageEnvelopeRoutesPayloadByKind]' started.
Test Case '-[MyRAMTests.SyncBatchPayloadCompatibilityTests testBatchMessageEnvelopeRoutesPayloadByKind]' passed (0.001 seconds).
Test Case '-[MyRAMTests.SyncBatchPayloadCompatibilityTests testBatchSequencePersistsPerDeviceIdentity]' started.
Test Case '-[MyRAMTests.SyncBatchPayloadCompatibilityTests testBatchSequencePersistsPerDeviceIdentity]' passed (0.005 seconds).
Test Case '-[MyRAMTests.SyncBatchPayloadCompatibilityTests testCapabilityOffCurrentSixCaseBatchEnvelopeStructurallyEqualsLegacyV1]' started.
Test Case '-[MyRAMTests.SyncBatchPayloadCompatibilityTests testCapabilityOffCurrentSixCaseBatchEnvelopeStructurallyEqualsLegacyV1]' passed (0.032 seconds).
Test Case '-[MyRAMTests.SyncBatchPayloadCompatibilityTests testCapabilityOffCurrentSixCaseBatchStructurallyEqualsLegacyV1]' started.
Test Case '-[MyRAMTests.SyncBatchPayloadCompatibilityTests testCapabilityOffCurrentSixCaseBatchStructurallyEqualsLegacyV1]' passed (0.002 seconds).
Test Case '-[MyRAMTests.SyncBatchPayloadCompatibilityTests testCapabilityOffCurrentSixCaseMultipeerEnvelopeIsRecursivelyCompatibleWithLegacyV1]' started.
Test Case '-[MyRAMTests.SyncBatchPayloadCompatibilityTests testCapabilityOffCurrentSixCaseMultipeerEnvelopeIsRecursivelyCompatibleWithLegacyV1]' passed (0.004 seconds).
Test Case '-[MyRAMTests.SyncBatchPayloadCompatibilityTests testCapabilityOffProductionCaptureCreatesOnlyLegacyBodyCases]' started.
Test Case '-[MyRAMTests.SyncBatchPayloadCompatibilityTests testCapabilityOffProductionCaptureCreatesOnlyLegacyBodyCases]' passed (0.001 seconds).
Test Case '-[MyRAMTests.SyncBatchPayloadCompatibilityTests testCapabilityOffSixCaseEncodingRemainsStructurallyStableAcrossRepeatedInvocations]' started.
Test Case '-[MyRAMTests.SyncBatchPayloadCompatibilityTests testCapabilityOffSixCaseEncodingRemainsStructurallyStableAcrossRepeatedInvocations]' passed (0.054 seconds).
Test Case '-[MyRAMTests.SyncBatchPayloadCompatibilityTests testConfirmedSequenceCorruptionLatchesIdentity]' started.
Test Case '-[MyRAMTests.SyncBatchPayloadCompatibilityTests testConfirmedSequenceCorruptionLatchesIdentity]' passed (0.007 seconds).
Test Case '-[MyRAMTests.SyncBatchPayloadCompatibilityTests testCorruptCounterFailedLatchWriteIsTransientAndRetryLatches]' started.
Test Case '-[MyRAMTests.SyncBatchPayloadCompatibilityTests testCorruptCounterFailedLatchWriteIsTransientAndRetryLatches]' passed (0.007 seconds).
Test Case '-[MyRAMTests.SyncBatchPayloadCompatibilityTests testCurrentDecoderReadsLegacyV1SixCaseFixture]' started.
Test Case '-[MyRAMTests.SyncBatchPayloadCompatibilityTests testCurrentDecoderReadsLegacyV1SixCaseFixture]' passed (0.002 seconds).
Test Case '-[MyRAMTests.SyncBatchPayloadCompatibilityTests testDisabledBodyHashGateMakesCaptureHashless]' started.
Test Case '-[MyRAMTests.SyncBatchPayloadCompatibilityTests testDisabledBodyHashGateMakesCaptureHashless]' passed (0.002 seconds).
Test Case '-[MyRAMTests.SyncBatchPayloadCompatibilityTests testEnabledBodyHashGateCapturesBaseHash]' started.
Test Case '-[MyRAMTests.SyncBatchPayloadCompatibilityTests testEnabledBodyHashGateCapturesBaseHash]' passed (0.001 seconds).
Test Case '-[MyRAMTests.SyncBatchPayloadCompatibilityTests testFutureBatchSchemaIsRejectedByExactDecoder]' started.
Test Case '-[MyRAMTests.SyncBatchPayloadCompatibilityTests testFutureBatchSchemaIsRejectedByExactDecoder]' passed (0.002 seconds).
Test Case '-[MyRAMTests.SyncBatchPayloadCompatibilityTests testIdempotentlySkippedNoteCreatedDoesNotResetAdvancedWorkingBody]' started.
Test Case '-[MyRAMTests.SyncBatchPayloadCompatibilityTests testIdempotentlySkippedNoteCreatedDoesNotResetAdvancedWorkingBody]' passed (0.003 seconds).
Test Case '-[MyRAMTests.SyncBatchPayloadCompatibilityTests testLegacyTransportConstantsRemainV1]' started.
Test Case '-[MyRAMTests.SyncBatchPayloadCompatibilityTests testLegacyTransportConstantsRemainV1]' passed (0.002 seconds).
Test Case '-[MyRAMTests.SyncBatchPayloadCompatibilityTests testLegacyV1CompatibilityFixtureRetainsAllSixCasesAndUTF16Evidence]' started.
Test Case '-[MyRAMTests.SyncBatchPayloadCompatibilityTests testLegacyV1CompatibilityFixtureRetainsAllSixCasesAndUTF16Evidence]' passed (0.002 seconds).
Test Case '-[MyRAMTests.SyncBatchPayloadCompatibilityTests testLegacyV1DecoderReadsCurrentCapabilityOffSixCaseFixture]' started.
Test Case '-[MyRAMTests.SyncBatchPayloadCompatibilityTests testLegacyV1DecoderReadsCurrentCapabilityOffSixCaseFixture]' passed (0.019 seconds).
Test Case '-[MyRAMTests.SyncBatchPayloadCompatibilityTests testMalformedSequenceLatchFailedRewriteIsTransientAndDoesNotAdvanceCounter]' started.
Test Case '-[MyRAMTests.SyncBatchPayloadCompatibilityTests testMalformedSequenceLatchFailedRewriteIsTransientAndDoesNotAdvanceCounter]' passed (0.006 seconds).
Test Case '-[MyRAMTests.SyncBatchPayloadCompatibilityTests testMalformedSequenceLatchFailsClosedAndRewritesLatch]' started.
Test Case '-[MyRAMTests.SyncBatchPayloadCompatibilityTests testMalformedSequenceLatchFailsClosedAndRewritesLatch]' passed (0.004 seconds).
Test Case '-[MyRAMTests.SyncBatchPayloadCompatibilityTests testMixedLegacyAndSequencedReplayKeysHaveTotalOrder]' started.
Test Case '-[MyRAMTests.SyncBatchPayloadCompatibilityTests testMixedLegacyAndSequencedReplayKeysHaveTotalOrder]' passed (0.001 seconds).
Test Case '-[MyRAMTests.SyncBatchPayloadCompatibilityTests testNewOptionalFieldsRemainSchemaVersionOne]' started.
Test Case '-[MyRAMTests.SyncBatchPayloadCompatibilityTests testNewOptionalFieldsRemainSchemaVersionOne]' passed (0.001 seconds).
Test Case '-[MyRAMTests.SyncBatchPayloadCompatibilityTests testOldSchemaVersionOnePayloadDecodesWithNilOptionalFields]' started.
Test Case '-[MyRAMTests.SyncBatchPayloadCompatibilityTests testOldSchemaVersionOnePayloadDecodesWithNilOptionalFields]' passed (0.001 seconds).
Test Case '-[MyRAMTests.SyncBatchPayloadCompatibilityTests testPreflightAcceptsValidSameNoteHashChain]' started.
Test Case '-[MyRAMTests.SyncBatchPayloadCompatibilityTests testPreflightAcceptsValidSameNoteHashChain]' passed (0.001 seconds).
Test Case '-[MyRAMTests.SyncBatchPayloadCompatibilityTests testPreflightHashCacheReusesUnchangedBodyHash]' started.
Test Case '-[MyRAMTests.SyncBatchPayloadCompatibilityTests testPreflightHashCacheReusesUnchangedBodyHash]' passed (0.001 seconds).
Test Case '-[MyRAMTests.SyncBatchPayloadCompatibilityTests testPreflightRejectsInvalidChainBeforeMutation]' started.
Test Case '-[MyRAMTests.SyncBatchPayloadCompatibilityTests testPreflightRejectsInvalidChainBeforeMutation]' passed (0.002 seconds).
Test Case '-[MyRAMTests.SyncBatchPayloadCompatibilityTests testPreflightSkipsEmptyInsertBeforeHashValidation]' started.
Test Case '-[MyRAMTests.SyncBatchPayloadCompatibilityTests testPreflightSkipsEmptyInsertBeforeHashValidation]' passed (0.003 seconds).
Test Case '-[MyRAMTests.SyncBatchPayloadCompatibilityTests testPreflightUsesNewlyCreatedNoteBodyForLaterHashedOperation]' started.
Test Case '-[MyRAMTests.SyncBatchPayloadCompatibilityTests testPreflightUsesNewlyCreatedNoteBodyForLaterHashedOperation]' passed (0.001 seconds).
Test Case '-[MyRAMTests.SyncBatchPayloadCompatibilityTests testPreflightUsesPostLegacyBodyForLaterHashedOperation]' started.
Test Case '-[MyRAMTests.SyncBatchPayloadCompatibilityTests testPreflightUsesPostLegacyBodyForLaterHashedOperation]' passed (0.001 seconds).
Test Case '-[MyRAMTests.SyncBatchPayloadCompatibilityTests testSequenceReservationAllowsGapsWithoutReuse]' started.
Test Case '-[MyRAMTests.SyncBatchPayloadCompatibilityTests testSequenceReservationAllowsGapsWithoutReuse]' passed (0.002 seconds).
Test Case '-[MyRAMTests.SyncBatchPayloadCompatibilityTests testSkippedDeleteDoesNotAdvancePreflightWorkingBody]' started.
Test Case '-[MyRAMTests.SyncBatchPayloadCompatibilityTests testSkippedDeleteDoesNotAdvancePreflightWorkingBody]' passed (0.001 seconds).
Test Case '-[MyRAMTests.SyncBatchPayloadCompatibilityTests testStableSHA256UsesUTF8Bytes]' started.
Test Case '-[MyRAMTests.SyncBatchPayloadCompatibilityTests testStableSHA256UsesUTF8Bytes]' passed (0.001 seconds).
Test Case '-[MyRAMTests.SyncBatchPayloadCompatibilityTests testTransientSequenceFailureDoesNotLatchAndRetriesLater]' started.
Test Case '-[MyRAMTests.SyncBatchPayloadCompatibilityTests testTransientSequenceFailureDoesNotLatchAndRetriesLater]' passed (0.002 seconds).
Test Suite 'SyncBatchPayloadCompatibilityTests' passed at 2026-08-04 16:55:03.893.
	 Executed 33 tests, with 0 failures (0 unexpected) in 0.176 (0.588) seconds
Test Suite 'SyncBatchPeerCapabilityTests' started at 2026-08-04 16:55:03.894.
Test Case '-[MyRAMTests.SyncBatchPeerCapabilityTests testCanonicalDecoding]' started.
Test Case '-[MyRAMTests.SyncBatchPeerCapabilityTests testCanonicalDecoding]' passed (0.002 seconds).
Test Case '-[MyRAMTests.SyncBatchPeerCapabilityTests testCanonicalEncoding]' started.
Test Case '-[MyRAMTests.SyncBatchPeerCapabilityTests testCanonicalEncoding]' passed (0.001 seconds).
Test Case '-[MyRAMTests.SyncBatchPeerCapabilityTests testControllerAdvertisesAndInvitesWithCanonicalV1Context]' started.
Test Case '-[MyRAMTests.SyncBatchPeerCapabilityTests testControllerAdvertisesAndInvitesWithCanonicalV1Context]' passed (0.056 seconds).
Test Case '-[MyRAMTests.SyncBatchPeerCapabilityTests testControllerBroadcastsV1BatchToEveryConnectedEntry]' started.
Test Case '-[MyRAMTests.SyncBatchPeerCapabilityTests testControllerBroadcastsV1BatchToEveryConnectedEntry]' passed (0.055 seconds).
Test Case '-[MyRAMTests.SyncBatchPeerCapabilityTests testControllerIntersectsDiscoveryAndInvitationEvidenceAndClearsIt]' started.
Test Case '-[MyRAMTests.SyncBatchPeerCapabilityTests testControllerIntersectsDiscoveryAndInvitationEvidenceAndClearsIt]' passed (0.117 seconds).
Test Case '-[MyRAMTests.SyncBatchPeerCapabilityTests testDecodedTrafficDoesNotUpgradeRegistry]' started.
Test Case '-[MyRAMTests.SyncBatchPeerCapabilityTests testDecodedTrafficDoesNotUpgradeRegistry]' passed (0.001 seconds).
Test Case '-[MyRAMTests.SyncBatchPeerCapabilityTests testDiscoveryAndInvitationRepresentationsAreIdentical]' started.
Test Case '-[MyRAMTests.SyncBatchPeerCapabilityTests testDiscoveryAndInvitationRepresentationsAreIdentical]' passed (0.000 seconds).
Test Case '-[MyRAMTests.SyncBatchPeerCapabilityTests testDiscoveryOnlyAndInvitationOnlyEvidence]' started.
Test Case '-[MyRAMTests.SyncBatchPeerCapabilityTests testDiscoveryOnlyAndInvitationOnlyEvidence]' passed (0.303 seconds).
Test Case '-[MyRAMTests.SyncBatchPeerCapabilityTests testEvidenceIsNeverUnioned]' started.
Test Case '-[MyRAMTests.SyncBatchPeerCapabilityTests testEvidenceIsNeverUnioned]' passed (0.001 seconds).
Test Case '-[MyRAMTests.SyncBatchPeerCapabilityTests testExplicitV2NegotiationStillRejectsInboundV2BeforeSideEffects]' started.
Test Case '-[MyRAMTests.SyncBatchPeerCapabilityTests testExplicitV2NegotiationStillRejectsInboundV2BeforeSideEffects]' passed (0.165 seconds).
Test Case '-[MyRAMTests.SyncBatchPeerCapabilityTests testMalformedUTF8InvitationContextIsRejected]' started.
Test Case '-[MyRAMTests.SyncBatchPeerCapabilityTests testMalformedUTF8InvitationContextIsRejected]' passed (0.003 seconds).
Test Case '-[MyRAMTests.SyncBatchPeerCapabilityTests testMatchingAndContradictoryEvidenceIntersects]' started.
Test Case '-[MyRAMTests.SyncBatchPeerCapabilityTests testMatchingAndContradictoryEvidenceIntersects]' passed (0.001 seconds).
Test Case '-[MyRAMTests.SyncBatchPeerCapabilityTests testMissingAndMalformedEvidenceNormalizeToV1]' started.
Test Case '-[MyRAMTests.SyncBatchPeerCapabilityTests testMissingAndMalformedEvidenceNormalizeToV1]' passed (0.001 seconds).
Test Case '-[MyRAMTests.SyncBatchPeerCapabilityTests testProductionCapabilityRemainsV1Only]' started.
Test Case '-[MyRAMTests.SyncBatchPeerCapabilityTests testProductionCapabilityRemainsV1Only]' passed (0.000 seconds).
Test Case '-[MyRAMTests.SyncBatchPeerCapabilityTests testSameSourceReplacementAndSessionClearing]' started.
Test Case '-[MyRAMTests.SyncBatchPeerCapabilityTests testSameSourceReplacementAndSessionClearing]' passed (0.002 seconds).
Test Case '-[MyRAMTests.SyncBatchPeerCapabilityTests testStrictDecoderRejectsNoncanonicalValues]' started.
Test Case '-[MyRAMTests.SyncBatchPeerCapabilityTests testStrictDecoderRejectsNoncanonicalValues]' passed (0.001 seconds).
Test Case '-[MyRAMTests.SyncBatchPeerCapabilityTests testUnknownPeerDefaultsToV1Only]' started.
Test Case '-[MyRAMTests.SyncBatchPeerCapabilityTests testUnknownPeerDefaultsToV1Only]' passed (0.001 seconds).
Test Suite 'SyncBatchPeerCapabilityTests' passed at 2026-08-04 16:55:04.987.
	 Executed 17 tests, with 0 failures (0 unexpected) in 0.708 (1.093) seconds
Test Suite 'SyncBatchTransportAdmissionPlannerTests' started at 2026-08-04 16:55:04.987.
Test Case '-[MyRAMTests.SyncBatchTransportAdmissionPlannerTests testDurableAdmissionMatrix]' started.
Test Case '-[MyRAMTests.SyncBatchTransportAdmissionPlannerTests testDurableAdmissionMatrix]' passed (0.004 seconds).
Test Case '-[MyRAMTests.SyncBatchTransportAdmissionPlannerTests testInboundAdmissionMatrix]' started.
Test Case '-[MyRAMTests.SyncBatchTransportAdmissionPlannerTests testInboundAdmissionMatrix]' passed (0.001 seconds).
Test Case '-[MyRAMTests.SyncBatchTransportAdmissionPlannerTests testMixedRoutingIsWithheld]' started.
Test Case '-[MyRAMTests.SyncBatchTransportAdmissionPlannerTests testMixedRoutingIsWithheld]' passed (0.001 seconds).
Test Case '-[MyRAMTests.SyncBatchTransportAdmissionPlannerTests testV1RoutingBroadcastsEveryConnectedEntry]' started.
Test Case '-[MyRAMTests.SyncBatchTransportAdmissionPlannerTests testV1RoutingBroadcastsEveryConnectedEntry]' passed (0.001 seconds).
Test Case '-[MyRAMTests.SyncBatchTransportAdmissionPlannerTests testV2RoutingMatrix]' started.
Test Case '-[MyRAMTests.SyncBatchTransportAdmissionPlannerTests testV2RoutingMatrix]' passed (0.010 seconds).
Test Suite 'SyncBatchTransportAdmissionPlannerTests' passed at 2026-08-04 16:55:05.006.
	 Executed 5 tests, with 0 failures (0 unexpected) in 0.016 (0.019) seconds
Test Suite 'SyncBatchUnsentQueueTests' started at 2026-08-04 16:55:05.006.
Test Case '-[MyRAMTests.SyncBatchUnsentQueueTests testBothDurableQueuesQuarantinePersistedAnchoredBytes]' started.
Test Case '-[MyRAMTests.SyncBatchUnsentQueueTests testBothDurableQueuesQuarantinePersistedAnchoredBytes]' passed (0.011 seconds).
Test Case '-[MyRAMTests.SyncBatchUnsentQueueTests testBothDurableQueuesRejectAnchoredAdmissionWithoutMutation]' started.
Test Case '-[MyRAMTests.SyncBatchUnsentQueueTests testBothDurableQueuesRejectAnchoredAdmissionWithoutMutation]' passed (0.002 seconds).
Test Case '-[MyRAMTests.SyncBatchUnsentQueueTests testBothDurableQueuesRejectMixedAdmissionWithoutMutation]' started.
Test Case '-[MyRAMTests.SyncBatchUnsentQueueTests testBothDurableQueuesRejectMixedAdmissionWithoutMutation]' passed (0.001 seconds).
Test Case '-[MyRAMTests.SyncBatchUnsentQueueTests testBothDurableQueuesValidateCompleteReplacementBeforeMutation]' started.
Test Case '-[MyRAMTests.SyncBatchUnsentQueueTests testBothDurableQueuesValidateCompleteReplacementBeforeMutation]' passed (0.001 seconds).
Test Case '-[MyRAMTests.SyncBatchUnsentQueueTests testDrainPassSchedulerSkipsBlockedNotesWithoutRotatingQueueOrder]' started.
Test Case '-[MyRAMTests.SyncBatchUnsentQueueTests testDrainPassSchedulerSkipsBlockedNotesWithoutRotatingQueueOrder]' passed (0.001 seconds).
Test Case '-[MyRAMTests.SyncBatchUnsentQueueTests testDurableEnqueueDuplicateBatchIDIsIdempotentAndDoesNotRewriteFile]' started.
Test Case '-[MyRAMTests.SyncBatchUnsentQueueTests testDurableEnqueueDuplicateBatchIDIsIdempotentAndDoesNotRewriteFile]' passed (0.034 seconds).
Test Case '-[MyRAMTests.SyncBatchUnsentQueueTests testDurableEnqueueRejectsCapacityWithoutEvictingExistingEntries]' started.
Test Case '-[MyRAMTests.SyncBatchUnsentQueueTests testDurableEnqueueRejectsCapacityWithoutEvictingExistingEntries]' passed (0.007 seconds).
Test Case '-[MyRAMTests.SyncBatchUnsentQueueTests testDurableEnqueueRestoresMemoryWhenPersistenceFails]' started.
Test Case '-[MyRAMTests.SyncBatchUnsentQueueTests testDurableEnqueueRestoresMemoryWhenPersistenceFails]' passed (0.006 seconds).
Test Case '-[MyRAMTests.SyncBatchUnsentQueueTests testFileBackedIncomingQueueRejectsCapacityWithoutChangingExistingEntries]' started.
Test Case '-[MyRAMTests.SyncBatchUnsentQueueTests testFileBackedIncomingQueueRejectsCapacityWithoutChangingExistingEntries]' passed (0.003 seconds).
Test Case '-[MyRAMTests.SyncBatchUnsentQueueTests testFileBackedIncomingQueueRollsBackMemoryAndDiskOnPersistenceFailure]' started.
Test Case '-[MyRAMTests.SyncBatchUnsentQueueTests testFileBackedIncomingQueueRollsBackMemoryAndDiskOnPersistenceFailure]' passed (0.003 seconds).
Test Case '-[MyRAMTests.SyncBatchUnsentQueueTests testFileBackedQueueCanRunMemoryOnlyWithNilFileURL]' started.
Test Case '-[MyRAMTests.SyncBatchUnsentQueueTests testFileBackedQueueCanRunMemoryOnlyWithNilFileURL]' passed (0.043 seconds).
Test Case '-[MyRAMTests.SyncBatchUnsentQueueTests testFileBackedQueueContainsDetectsPersistedBatchID]' started.
Test Case '-[MyRAMTests.SyncBatchUnsentQueueTests testFileBackedQueueContainsDetectsPersistedBatchID]' passed (0.003 seconds).
Test Case '-[MyRAMTests.SyncBatchUnsentQueueTests testFileBackedQueueDeduplicatesByStableBatchID]' started.
Test Case '-[MyRAMTests.SyncBatchUnsentQueueTests testFileBackedQueueDeduplicatesByStableBatchID]' passed (0.001 seconds).
Test Case '-[MyRAMTests.SyncBatchUnsentQueueTests testFileBackedQueueDoesNotRewriteFileForUnknownRemovalIDs]' started.
Test Case '-[MyRAMTests.SyncBatchUnsentQueueTests testFileBackedQueueDoesNotRewriteFileForUnknownRemovalIDs]' passed (0.002 seconds).
Test Case '-[MyRAMTests.SyncBatchUnsentQueueTests testFileBackedQueueFirstReturnsOldestPersistedBatch]' started.
Test Case '-[MyRAMTests.SyncBatchUnsentQueueTests testFileBackedQueueFirstReturnsOldestPersistedBatch]' passed (0.003 seconds).
Test Case '-[MyRAMTests.SyncBatchUnsentQueueTests testFileBackedQueueRejectsOverflowWithoutEvictionAfterReload]' started.
Test Case '-[MyRAMTests.SyncBatchUnsentQueueTests testFileBackedQueueRejectsOverflowWithoutEvictionAfterReload]' passed (0.043 seconds).
Test Case '-[MyRAMTests.SyncBatchUnsentQueueTests testFileBackedQueueRejectsReplacementWhenLoadedPersistenceIsUnhealthy]' started.
Test Case '-[MyRAMTests.SyncBatchUnsentQueueTests testFileBackedQueueRejectsReplacementWhenLoadedPersistenceIsUnhealthy]' passed (0.002 seconds).
Test Case '-[MyRAMTests.SyncBatchUnsentQueueTests testFileBackedQueueReloadsAfterPartialRemoval]' started.
Test Case '-[MyRAMTests.SyncBatchUnsentQueueTests testFileBackedQueueReloadsAfterPartialRemoval]' passed (0.007 seconds).
Test Case '-[MyRAMTests.SyncBatchUnsentQueueTests testFileBackedQueueReloadsPersistedBatchesWithStableIDs]' started.
Test Case '-[MyRAMTests.SyncBatchUnsentQueueTests testFileBackedQueueReloadsPersistedBatchesWithStableIDs]' passed (0.003 seconds).
Test Case '-[MyRAMTests.SyncBatchUnsentQueueTests testFileBackedQueueRemoveDropsOneBatchFromDisk]' started.
Test Case '-[MyRAMTests.SyncBatchUnsentQueueTests testFileBackedQueueRemoveDropsOneBatchFromDisk]' passed (0.004 seconds).
Test Case '-[MyRAMTests.SyncBatchUnsentQueueTests testFileBackedQueueRemovesOnlySuccessfulIDsFromDisk]' started.
Test Case '-[MyRAMTests.SyncBatchUnsentQueueTests testFileBackedQueueRemovesOnlySuccessfulIDsFromDisk]' passed (0.034 seconds).
Test Case '-[MyRAMTests.SyncBatchUnsentQueueTests testFileBackedQueueReplacePendingBatchesPersistsAtomically]' started.
Test Case '-[MyRAMTests.SyncBatchUnsentQueueTests testFileBackedQueueReplacePendingBatchesPersistsAtomically]' passed (0.005 seconds).
Test Case '-[MyRAMTests.SyncBatchUnsentQueueTests testFileBackedQueueReplacePendingBatchesRollsBackOnPersistenceFailure]' started.
Test Case '-[MyRAMTests.SyncBatchUnsentQueueTests testFileBackedQueueReplacePendingBatchesRollsBackOnPersistenceFailure]' passed (0.002 seconds).
Test Case '-[MyRAMTests.SyncBatchUnsentQueueTests testFileBackedQueueReportsCorruptJSONAndDoesNotOverwriteIt]' started.
Test Case '-[MyRAMTests.SyncBatchUnsentQueueTests testFileBackedQueueReportsCorruptJSONAndDoesNotOverwriteIt]' passed (0.002 seconds).
Test Case '-[MyRAMTests.SyncBatchUnsentQueueTests testFileBackedQueueReportsHealthyReloadSnapshot]' started.
Test Case '-[MyRAMTests.SyncBatchUnsentQueueTests testFileBackedQueueReportsHealthyReloadSnapshot]' passed (0.003 seconds).
Test Case '-[MyRAMTests.SyncBatchUnsentQueueTests testFileBackedQueueReportsMissingFileHealthAndPendingCount]' started.
Test Case '-[MyRAMTests.SyncBatchUnsentQueueTests testFileBackedQueueReportsMissingFileHealthAndPendingCount]' passed (0.001 seconds).
Test Case '-[MyRAMTests.SyncBatchUnsentQueueTests testFileBackedQueueReportsUnsupportedVersionAndDoesNotOverwriteIt]' started.
Test Case '-[MyRAMTests.SyncBatchUnsentQueueTests testFileBackedQueueReportsUnsupportedVersionAndDoesNotOverwriteIt]' passed (0.002 seconds).
Test Case '-[MyRAMTests.SyncBatchUnsentQueueTests testIncomingPolicyRejectsNewBatchInsteadOfEvictingHead]' started.
Test Case '-[MyRAMTests.SyncBatchUnsentQueueTests testIncomingPolicyRejectsNewBatchInsteadOfEvictingHead]' passed (0.001 seconds).
Test Case '-[MyRAMTests.SyncBatchUnsentQueueTests testLocalObligationQueueMigratesVersionOneBatchesAsLegacyMissingEvidence]' started.
Test Case '-[MyRAMTests.SyncBatchUnsentQueueTests testLocalObligationQueueMigratesVersionOneBatchesAsLegacyMissingEvidence]' passed (0.037 seconds).
Test Case '-[MyRAMTests.SyncBatchUnsentQueueTests testMixedReplayKeysSortLegacyBeforeSequencedThenOperationIndex]' started.
Test Case '-[MyRAMTests.SyncBatchUnsentQueueTests testMixedReplayKeysSortLegacyBeforeSequencedThenOperationIndex]' passed (0.001 seconds).
Test Case '-[MyRAMTests.SyncBatchUnsentQueueTests testPendingBatchesDoesNotDrainQueue]' started.
Test Case '-[MyRAMTests.SyncBatchUnsentQueueTests testPendingBatchesDoesNotDrainQueue]' passed (0.001 seconds).
Test Case '-[MyRAMTests.SyncBatchUnsentQueueTests testQueueContainsDetectsPendingBatchIDs]' started.
Test Case '-[MyRAMTests.SyncBatchUnsentQueueTests testQueueContainsDetectsPendingBatchIDs]' passed (0.001 seconds).
Test Case '-[MyRAMTests.SyncBatchUnsentQueueTests testQueueDeduplicatesByStableBatchID]' started.
Test Case '-[MyRAMTests.SyncBatchUnsentQueueTests testQueueDeduplicatesByStableBatchID]' passed (0.001 seconds).
Test Case '-[MyRAMTests.SyncBatchUnsentQueueTests testQueueFirstReturnsOldestPendingBatchWithoutDraining]' started.
Test Case '-[MyRAMTests.SyncBatchUnsentQueueTests testQueueFirstReturnsOldestPendingBatchWithoutDraining]' passed (0.001 seconds).
Test Case '-[MyRAMTests.SyncBatchUnsentQueueTests testQueueKeepsMostRecentBatchesWithinLimit]' started.
Test Case '-[MyRAMTests.SyncBatchUnsentQueueTests testQueueKeepsMostRecentBatchesWithinLimit]' passed (0.001 seconds).
Test Case '-[MyRAMTests.SyncBatchUnsentQueueTests testQueueRemoveDropsOneBatchByID]' started.
Test Case '-[MyRAMTests.SyncBatchUnsentQueueTests testQueueRemoveDropsOneBatchByID]' passed (0.001 seconds).
Test Case '-[MyRAMTests.SyncBatchUnsentQueueTests testRemoveAllDropsKnownIDsAndIgnoresUnknownIDs]' started.
Test Case '-[MyRAMTests.SyncBatchUnsentQueueTests testRemoveAllDropsKnownIDsAndIgnoresUnknownIDs]' passed (0.000 seconds).
Test Suite 'SyncBatchUnsentQueueTests' passed at 2026-08-04 16:55:05.428.
	 Executed 37 tests, with 0 failures (0 unexpected) in 0.276 (0.422) seconds
Test Suite 'SyncConvergenceFoundationTests' started at 2026-08-04 16:55:05.428.
Test Case '-[MyRAMTests.SyncConvergenceFoundationTests testCanonicalReplayKeyPayloadLegacyCreatedAtMatchesRuntimeOrderingForNegativeDates]' started.
Test Case '-[MyRAMTests.SyncConvergenceFoundationTests testCanonicalReplayKeyPayloadLegacyCreatedAtMatchesRuntimeOrderingForNegativeDates]' passed (0.001 seconds).
Test Case '-[MyRAMTests.SyncConvergenceFoundationTests testCanonicalReplayKeyPayloadPreservesLegacyAndModifiedAtSubMillisecondIdentity]' started.
Test Case '-[MyRAMTests.SyncConvergenceFoundationTests testCanonicalReplayKeyPayloadPreservesLegacyAndModifiedAtSubMillisecondIdentity]' passed (0.001 seconds).
Test Case '-[MyRAMTests.SyncConvergenceFoundationTests testCanonicalReplayKeyPayloadRoundTripPreservesOrdering]' started.
Test Case '-[MyRAMTests.SyncConvergenceFoundationTests testCanonicalReplayKeyPayloadRoundTripPreservesOrdering]' passed (0.001 seconds).
Test Case '-[MyRAMTests.SyncConvergenceFoundationTests testCanonicalReplayKeyPayloadValidationRejectsMalformedEvidence]' started.
Test Case '-[MyRAMTests.SyncConvergenceFoundationTests testCanonicalReplayKeyPayloadValidationRejectsMalformedEvidence]' passed (0.002 seconds).
Test Case '-[MyRAMTests.SyncConvergenceFoundationTests testCommittedAtOrderingPayloadDetectsModelDisagreement]' started.
Test Case '-[MyRAMTests.SyncConvergenceFoundationTests testCommittedAtOrderingPayloadDetectsModelDisagreement]' passed (0.001 seconds).
Test Case '-[MyRAMTests.SyncConvergenceFoundationTests testCommittedAtOrderingPayloadRoundTripAndValidation]' started.
Test Case '-[MyRAMTests.SyncConvergenceFoundationTests testCommittedAtOrderingPayloadRoundTripAndValidation]' passed (0.002 seconds).
Test Case '-[MyRAMTests.SyncConvergenceFoundationTests testConvergenceModelsAreIncludedInAppSchema]' started.
Test Case '-[MyRAMTests.SyncConvergenceFoundationTests testConvergenceModelsAreIncludedInAppSchema]' passed (0.031 seconds).
Test Case '-[MyRAMTests.SyncConvergenceFoundationTests testDateAuthorityValidationCoversDuplicatedModelPairs]' started.
Test Case '-[MyRAMTests.SyncConvergenceFoundationTests testDateAuthorityValidationCoversDuplicatedModelPairs]' passed (0.004 seconds).
Test Case '-[MyRAMTests.SyncConvergenceFoundationTests testDateBitPatternPreservesSubMillisecondIdentity]' started.
Test Case '-[MyRAMTests.SyncConvergenceFoundationTests testDateBitPatternPreservesSubMillisecondIdentity]' passed (0.001 seconds).
Test Case '-[MyRAMTests.SyncConvergenceFoundationTests testSyntheticKeysAreCollisionSafeForArbitraryComponents]' started.
Test Case '-[MyRAMTests.SyncConvergenceFoundationTests testSyntheticKeysAreCollisionSafeForArbitraryComponents]' passed (0.001 seconds).
Test Case '-[MyRAMTests.SyncConvergenceFoundationTests testSyntheticKeysAreDeterministicAndVersioned]' started.
Test Case '-[MyRAMTests.SyncConvergenceFoundationTests testSyntheticKeysAreDeterministicAndVersioned]' passed (0.001 seconds).
Test Case '-[MyRAMTests.SyncConvergenceFoundationTests testTombstoneAndFullRecordUseSameCommittedAtOrderingPayloadType]' started.
Test Case '-[MyRAMTests.SyncConvergenceFoundationTests testTombstoneAndFullRecordUseSameCommittedAtOrderingPayloadType]' passed (0.003 seconds).
Test Case '-[MyRAMTests.SyncConvergenceFoundationTests testTombstonePostInitializationValidationRejectsCorruption]' started.
Test Case '-[MyRAMTests.SyncConvergenceFoundationTests testTombstonePostInitializationValidationRejectsCorruption]' passed (0.001 seconds).
Test Case '-[MyRAMTests.SyncConvergenceFoundationTests testTombstoneSizeChecksUseFullPersistenceValidation]' started.
Test Case '-[MyRAMTests.SyncConvergenceFoundationTests testTombstoneSizeChecksUseFullPersistenceValidation]' passed (0.001 seconds).
Test Case '-[MyRAMTests.SyncConvergenceFoundationTests testTombstoneUsesDeterministicV1JSONPayloadAndMeasuredSize]' started.
Test Case '-[MyRAMTests.SyncConvergenceFoundationTests testTombstoneUsesDeterministicV1JSONPayloadAndMeasuredSize]' passed (0.001 seconds).
Test Case '-[MyRAMTests.SyncConvergenceFoundationTests testTombstoneValidationFailsClosedForInvalidPayloads]' started.
Test Case '-[MyRAMTests.SyncConvergenceFoundationTests testTombstoneValidationFailsClosedForInvalidPayloads]' passed (0.001 seconds).
Test Case '-[MyRAMTests.SyncConvergenceFoundationTests testUnsupportedDigestFormatMapsToDedicatedDrainFailure]' started.
Test Case '-[MyRAMTests.SyncConvergenceFoundationTests testUnsupportedDigestFormatMapsToDedicatedDrainFailure]' passed (0.001 seconds).
Test Suite 'SyncConvergenceFoundationTests' passed at 2026-08-04 16:55:05.520.
	 Executed 17 tests, with 0 failures (0 unexpected) in 0.053 (0.091) seconds
Test Suite 'SyncConvergenceIncorporationTests' started at 2026-08-04 16:55:05.520.
Test Case '-[MyRAMTests.SyncConvergenceIncorporationTests testAllIdempotentRetainedBodyDeliveryPersistsWithoutPresentationWork]' started.
Test Case '-[MyRAMTests.SyncConvergenceIncorporationTests testAllIdempotentRetainedBodyDeliveryPersistsWithoutPresentationWork]' passed (0.134 seconds).
Test Case '-[MyRAMTests.SyncConvergenceIncorporationTests testAlreadyIncorporatedUsesValidatedPlansGatedByPersistedPendingFlags]' started.
Test Case '-[MyRAMTests.SyncConvergenceIncorporationTests testAlreadyIncorporatedUsesValidatedPlansGatedByPersistedPendingFlags]' passed (0.006 seconds).
Test Case '-[MyRAMTests.SyncConvergenceIncorporationTests testApplyingLifecycleDeleteAlongsideApplyingBodyEditRoutesToNoteRemoved]' started.
Test Case '-[MyRAMTests.SyncConvergenceIncorporationTests testApplyingLifecycleDeleteAlongsideApplyingBodyEditRoutesToNoteRemoved]' passed (0.003 seconds).
Test Case '-[MyRAMTests.SyncConvergenceIncorporationTests testBackwardSnapshotGenerationFailsBeforeMutation]' started.
Test Case '-[MyRAMTests.SyncConvergenceIncorporationTests testBackwardSnapshotGenerationFailsBeforeMutation]' passed (0.008 seconds).
Test Case '-[MyRAMTests.SyncConvergenceIncorporationTests testContradictoryRootAndTombstoneOrderingFailsDuplicatePreflight]' started.
Test Case '-[MyRAMTests.SyncConvergenceIncorporationTests testContradictoryRootAndTombstoneOrderingFailsDuplicatePreflight]' passed (0.005 seconds).
Test Case '-[MyRAMTests.SyncConvergenceIncorporationTests testContradictorySnapshotHistoryFailsBeforeMutation]' started.
Test Case '-[MyRAMTests.SyncConvergenceIncorporationTests testContradictorySnapshotHistoryFailsBeforeMutation]' passed (0.002 seconds).
Test Case '-[MyRAMTests.SyncConvergenceIncorporationTests testCreatePlusBodyRollsBackEntirelyOnStagedFailure]' started.
Test Case '-[MyRAMTests.SyncConvergenceIncorporationTests testCreatePlusBodyRollsBackEntirelyOnStagedFailure]' passed (0.003 seconds).
Test Case '-[MyRAMTests.SyncConvergenceIncorporationTests testCreatePlusBodyUsesFinalBodyHashForPresentationWork]' started.
Test Case '-[MyRAMTests.SyncConvergenceIncorporationTests testCreatePlusBodyUsesFinalBodyHashForPresentationWork]' passed (0.003 seconds).
Test Case '-[MyRAMTests.SyncConvergenceIncorporationTests testCreatePlusDeleteUsesFinalBodyHashForPresentationWork]' started.
Test Case '-[MyRAMTests.SyncConvergenceIncorporationTests testCreatePlusDeleteUsesFinalBodyHashForPresentationWork]' passed (0.003 seconds).
Test Case '-[MyRAMTests.SyncConvergenceIncorporationTests testDeletedIdempotentCreationNoteFailsStaleAndIsNotRecreated]' started.
Test Case '-[MyRAMTests.SyncConvergenceIncorporationTests testDeletedIdempotentCreationNoteFailsStaleAndIsNotRecreated]' passed (0.002 seconds).
Test Case '-[MyRAMTests.SyncConvergenceIncorporationTests testDivergedLifecycleDeleteAlongsideApplyingBodyEditDoesNotClobberIncrementalRouting]' started.
Test Case '-[MyRAMTests.SyncConvergenceIncorporationTests testDivergedLifecycleDeleteAlongsideApplyingBodyEditDoesNotClobberIncrementalRouting]' passed (0.006 seconds).
Test Case '-[MyRAMTests.SyncConvergenceIncorporationTests testDivergedLifecycleDeleteAlongsideApplyingTitleChangeDoesNotDeleteNote]' started.
Test Case '-[MyRAMTests.SyncConvergenceIncorporationTests testDivergedLifecycleDeleteAlongsideApplyingTitleChangeDoesNotDeleteNote]' passed (0.002 seconds).
Test Case '-[MyRAMTests.SyncConvergenceIncorporationTests testDivergedLifecycleDeleteIncorporatesWithoutChangingDeletedAt]' started.
Test Case '-[MyRAMTests.SyncConvergenceIncorporationTests testDivergedLifecycleDeleteIncorporatesWithoutChangingDeletedAt]' passed (0.002 seconds).
Test Case '-[MyRAMTests.SyncConvergenceIncorporationTests testDuplicateRootAcceptsRetryWithDifferentCommittedAtWithoutMutation]' started.
Test Case '-[MyRAMTests.SyncConvergenceIncorporationTests testDuplicateRootAcceptsRetryWithDifferentCommittedAtWithoutMutation]' passed (0.005 seconds).
Test Case '-[MyRAMTests.SyncConvergenceIncorporationTests testDuplicateValidationAcceptsReorderedNoteEffectKindsWithoutMutation]' started.
Test Case '-[MyRAMTests.SyncConvergenceIncorporationTests testDuplicateValidationAcceptsReorderedNoteEffectKindsWithoutMutation]' passed (0.004 seconds).
Test Case '-[MyRAMTests.SyncConvergenceIncorporationTests testDuplicateValidationRejectsInvalidPersistedNoteEffectMembershipsBeforeMutation]' started.
Test Case '-[MyRAMTests.SyncConvergenceIncorporationTests testDuplicateValidationRejectsInvalidPersistedNoteEffectMembershipsBeforeMutation]' passed (0.004 seconds).
Test Case '-[MyRAMTests.SyncConvergenceIncorporationTests testDuplicateValidationRejectsUnsupportedPersistedResultKindBeforeMutation]' started.
Test Case '-[MyRAMTests.SyncConvergenceIncorporationTests testDuplicateValidationRejectsUnsupportedPersistedResultKindBeforeMutation]' passed (0.117 seconds).
Test Case '-[MyRAMTests.SyncConvergenceIncorporationTests testExecutorPersistsPlannedEffectsRootChildrenAndPendingWork]' started.
Test Case '-[MyRAMTests.SyncConvergenceIncorporationTests testExecutorPersistsPlannedEffectsRootChildrenAndPendingWork]' passed (0.002 seconds).
Test Case '-[MyRAMTests.SyncConvergenceIncorporationTests testExecutorRejectsStaleBodyBeforeMutation]' started.
Test Case '-[MyRAMTests.SyncConvergenceIncorporationTests testExecutorRejectsStaleBodyBeforeMutation]' passed (0.002 seconds).
Test Case '-[MyRAMTests.SyncConvergenceIncorporationTests testExecutorRollsBackAfterStagedFailure]' started.
Test Case '-[MyRAMTests.SyncConvergenceIncorporationTests testExecutorRollsBackAfterStagedFailure]' passed (0.002 seconds).
Test Case '-[MyRAMTests.SyncConvergenceIncorporationTests testExecutorRollsBackEveryStagedFailurePoint]' started.
Test Case '-[MyRAMTests.SyncConvergenceIncorporationTests testExecutorRollsBackEveryStagedFailurePoint]' passed (0.018 seconds).
Test Case '-[MyRAMTests.SyncConvergenceIncorporationTests testExistingSnapshotHistoryRowsAreNotRewritten]' started.
Test Case '-[MyRAMTests.SyncConvergenceIncorporationTests testExistingSnapshotHistoryRowsAreNotRewritten]' passed (0.003 seconds).
Test Case '-[MyRAMTests.SyncConvergenceIncorporationTests testInvalidTombstoneEvidenceFailsClosed]' started.
Test Case '-[MyRAMTests.SyncConvergenceIncorporationTests testInvalidTombstoneEvidenceFailsClosed]' passed (0.002 seconds).
Test Case '-[MyRAMTests.SyncConvergenceIncorporationTests testLifecycleDeleteAndRestorePersistThroughConvergence]' started.
Test Case '-[MyRAMTests.SyncConvergenceIncorporationTests testLifecycleDeleteAndRestorePersistThroughConvergence]' passed (0.002 seconds).
Test Case '-[MyRAMTests.SyncConvergenceIncorporationTests testMalformedCreationBodyPreStateFailsBeforeCommit]' started.
Test Case '-[MyRAMTests.SyncConvergenceIncorporationTests testMalformedCreationBodyPreStateFailsBeforeCommit]' passed (0.008 seconds).
Test Case '-[MyRAMTests.SyncConvergenceIncorporationTests testMatchingRootAndTombstoneDuplicateComparesCommittedOrdering]' started.
Test Case '-[MyRAMTests.SyncConvergenceIncorporationTests testMatchingRootAndTombstoneDuplicateComparesCommittedOrdering]' passed (0.003 seconds).
Test Case '-[MyRAMTests.SyncConvergenceIncorporationTests testMissingNoteTitleCompatibilityNoopRequiresNoWinner]' started.
Test Case '-[MyRAMTests.SyncConvergenceIncorporationTests testMissingNoteTitleCompatibilityNoopRequiresNoWinner]' passed (0.002 seconds).
Test Case '-[MyRAMTests.SyncConvergenceIncorporationTests testMixedExistingAndNewSnapshotHistoryRowsOnlyInsertMissingRows]' started.
Test Case '-[MyRAMTests.SyncConvergenceIncorporationTests testMixedExistingAndNewSnapshotHistoryRowsOnlyInsertMissingRows]' passed (0.007 seconds).
Test Case '-[MyRAMTests.SyncConvergenceIncorporationTests testMYR134MalformedRoutedNoteConstructionFailsBeforeCommitWithoutMutation]' started.
Test Case '-[MyRAMTests.SyncConvergenceIncorporationTests testMYR134MalformedRoutedNoteConstructionFailsBeforeCommitWithoutMutation]' passed (0.125 seconds).
Test Case '-[MyRAMTests.SyncConvergenceIncorporationTests testMYR134MixedRoutingsPersistAllEntriesInDeterministicOrder]' started.
Test Case '-[MyRAMTests.SyncConvergenceIncorporationTests testMYR134MixedRoutingsPersistAllEntriesInDeterministicOrder]' passed (0.006 seconds).
Test Case '-[MyRAMTests.SyncConvergenceIncorporationTests testMYR134RealPlannerShapeMatrixPersistsExpectedRoutedWork]' started.
Test Case '-[MyRAMTests.SyncConvergenceIncorporationTests testMYR134RealPlannerShapeMatrixPersistsExpectedRoutedWork]' passed (0.015 seconds).
Test Case '-[MyRAMTests.SyncConvergenceIncorporationTests testMYR134RepeatedPlanningAndIncorporationProducesIdenticalWorkPayload]' started.
Test Case '-[MyRAMTests.SyncConvergenceIncorporationTests testMYR134RepeatedPlanningAndIncorporationProducesIdenticalWorkPayload]' passed (0.010 seconds).
Test Case '-[MyRAMTests.SyncConvergenceIncorporationTests testMYR135ConstructionIdentityMatrixFailsBeforeCommitWithoutMutation]' started.
Test Case '-[MyRAMTests.SyncConvergenceIncorporationTests testMYR135ConstructionIdentityMatrixFailsBeforeCommitWithoutMutation]' passed (0.015 seconds).
Test Case '-[MyRAMTests.SyncConvergenceIncorporationTests testMYR135ReconstructedConflictAcceptsLegitimateNonSourceIdentities]' started.
Test Case '-[MyRAMTests.SyncConvergenceIncorporationTests testMYR135ReconstructedConflictAcceptsLegitimateNonSourceIdentities]' passed (0.006 seconds).
Test Case '-[MyRAMTests.SyncConvergenceIncorporationTests testMYR135ValidSourceIdentityPersistsAndBuildsExactWorkIdentity]' started.
Test Case '-[MyRAMTests.SyncConvergenceIncorporationTests testMYR135ValidSourceIdentityPersistsAndBuildsExactWorkIdentity]' passed (0.006 seconds).
Test Case '-[MyRAMTests.SyncConvergenceIncorporationTests testMYR158SwiftDataTransactionPersistsPostCommitIndexMatrix]' started.
Test Case '-[MyRAMTests.SyncConvergenceIncorporationTests testMYR158SwiftDataTransactionPersistsPostCommitIndexMatrix]' passed (0.026 seconds).
Test Case '-[MyRAMTests.SyncConvergenceIncorporationTests testMYR158SwiftDataTransactionRejectsMalformedPostCommitStateAsInvalidMergePlan]' started.
Test Case '-[MyRAMTests.SyncConvergenceIncorporationTests testMYR158SwiftDataTransactionRejectsMalformedPostCommitStateAsInvalidMergePlan]' passed (0.010 seconds).
Test Case '-[MyRAMTests.SyncConvergenceIncorporationTests testReconstructedConflictCrossNoteDeleteEvidenceFailsBeforeMutation]' started.
Test Case '-[MyRAMTests.SyncConvergenceIncorporationTests testReconstructedConflictCrossNoteDeleteEvidenceFailsBeforeMutation]' passed (0.006 seconds).
Test Case '-[MyRAMTests.SyncConvergenceIncorporationTests testReconstructedConflictMissingRewriteReceiptFailsBeforeMutation]' started.
Test Case '-[MyRAMTests.SyncConvergenceIncorporationTests testReconstructedConflictMissingRewriteReceiptFailsBeforeMutation]' passed (0.004 seconds).
Test Case '-[MyRAMTests.SyncConvergenceIncorporationTests testRetainedHistoryCallCountsFilterExistingRowsAndFailBeforeMutation]' started.
Test Case '-[MyRAMTests.SyncConvergenceIncorporationTests testRetainedHistoryCallCountsFilterExistingRowsAndFailBeforeMutation]' passed (0.005 seconds).
Test Case '-[MyRAMTests.SyncConvergenceIncorporationTests testRetainedOperationSourceControlsIdempotency]' started.
Test Case '-[MyRAMTests.SyncConvergenceIncorporationTests testRetainedOperationSourceControlsIdempotency]' passed (0.003 seconds).
Test Case '-[MyRAMTests.SyncConvergenceIncorporationTests testStaleAuthoritativeStateMapsToDedicatedDrainFailure]' started.
Test Case '-[MyRAMTests.SyncConvergenceIncorporationTests testStaleAuthoritativeStateMapsToDedicatedDrainFailure]' passed (0.001 seconds).
Test Case '-[MyRAMTests.SyncConvergenceIncorporationTests testSwappedOperationIdentityAcrossNotesFailsBeforeCommit]' started.
Test Case '-[MyRAMTests.SyncConvergenceIncorporationTests testSwappedOperationIdentityAcrossNotesFailsBeforeCommit]' passed (0.003 seconds).
Test Case '-[MyRAMTests.SyncConvergenceIncorporationTests testSwiftDataFreshContextReloadAndDifferentTimestampDuplicate]' started.
Test Case '-[MyRAMTests.SyncConvergenceIncorporationTests testSwiftDataFreshContextReloadAndDifferentTimestampDuplicate]' passed (0.038 seconds).
Test Case '-[MyRAMTests.SyncConvergenceIncorporationTests testSwiftDataRetainedOperationSourceIsRemote]' started.
Test Case '-[MyRAMTests.SyncConvergenceIncorporationTests testSwiftDataRetainedOperationSourceIsRemote]' passed (0.015 seconds).
Test Case '-[MyRAMTests.SyncConvergenceIncorporationTests testSwiftDataTombstoneProjectionRoundTripPreservesAuthoritativeFields]' started.
Test Case '-[MyRAMTests.SyncConvergenceIncorporationTests testSwiftDataTombstoneProjectionRoundTripPreservesAuthoritativeFields]' passed (0.009 seconds).
Test Case '-[MyRAMTests.SyncConvergenceIncorporationTests testSwiftDataTransactionPersistsIncorporationEvidence]' started.
Test Case '-[MyRAMTests.SyncConvergenceIncorporationTests testSwiftDataTransactionPersistsIncorporationEvidence]' passed (0.014 seconds).
Test Case '-[MyRAMTests.SyncConvergenceIncorporationTests testSwiftDataTransactionRejectsContradictoryPostCommitIndex]' started.
Test Case '-[MyRAMTests.SyncConvergenceIncorporationTests testSwiftDataTransactionRejectsContradictoryPostCommitIndex]' passed (0.009 seconds).
Test Case '-[MyRAMTests.SyncConvergenceIncorporationTests testSwiftDataUnsupportedRetainedOperationSourceFailsAsCorruptHistory]' started.
Test Case '-[MyRAMTests.SyncConvergenceIncorporationTests testSwiftDataUnsupportedRetainedOperationSourceFailsAsCorruptHistory]' passed (0.017 seconds).
Test Case '-[MyRAMTests.SyncConvergenceIncorporationTests testTitleApplyPreflightRejectsContradictoryAuthoritativeStateBeforeMutation]' started.
Test Case '-[MyRAMTests.SyncConvergenceIncorporationTests testTitleApplyPreflightRejectsContradictoryAuthoritativeStateBeforeMutation]' passed (0.002 seconds).
Test Case '-[MyRAMTests.SyncConvergenceIncorporationTests testTitleIdempotentPreflightRejectsContradictoryOperationIdentityBeforeMutation]' started.
Test Case '-[MyRAMTests.SyncConvergenceIncorporationTests testTitleIdempotentPreflightRejectsContradictoryOperationIdentityBeforeMutation]' passed (0.002 seconds).
Test Case '-[MyRAMTests.SyncConvergenceIncorporationTests testTitleIgnoreOlderPreflightRejectsPriorStateBeforeMutation]' started.
Test Case '-[MyRAMTests.SyncConvergenceIncorporationTests testTitleIgnoreOlderPreflightRejectsPriorStateBeforeMutation]' passed (0.002 seconds).
Test Case '-[MyRAMTests.SyncConvergenceIncorporationTests testTombstoneOnlyDuplicateUsesDedicatedProjection]' started.
Test Case '-[MyRAMTests.SyncConvergenceIncorporationTests testTombstoneOnlyDuplicateUsesDedicatedProjection]' passed (0.002 seconds).
Test Case '-[MyRAMTests.SyncConvergenceIncorporationTests testTwoNoteExactOwnershipIncorporatesSuccessfully]' started.
Test Case '-[MyRAMTests.SyncConvergenceIncorporationTests testTwoNoteExactOwnershipIncorporatesSuccessfully]' passed (0.003 seconds).
Test Case '-[MyRAMTests.SyncConvergenceIncorporationTests testValidatedInputPreservesCompleteSourceBatch]' started.
Test Case '-[MyRAMTests.SyncConvergenceIncorporationTests testValidatedInputPreservesCompleteSourceBatch]' passed (0.001 seconds).
Test Suite 'SyncConvergenceIncorporationTests' passed at 2026-08-04 16:55:06.405.
	 Executed 55 tests, with 0 failures (0 unexpected) in 0.716 (0.885) seconds
Test Suite 'SyncConvergencePlanningTests' started at 2026-08-04 16:55:06.405.
Test Case '-[MyRAMTests.SyncConvergencePlanningTests testAllRetainedBodyOperationsRouteNone]' started.
Test Case '-[MyRAMTests.SyncConvergencePlanningTests testAllRetainedBodyOperationsRouteNone]' passed (0.002 seconds).
Test Case '-[MyRAMTests.SyncConvergencePlanningTests testAnchoredBatchFailsPlanningBeforeCanonicalWork]' started.
Test Case '-[MyRAMTests.SyncConvergencePlanningTests testAnchoredBatchFailsPlanningBeforeCanonicalWork]' passed (0.001 seconds).
Test Case '-[MyRAMTests.SyncConvergencePlanningTests testCanonicalDigestExplicitlyRejectsAnchoredBatch]' started.
Test Case '-[MyRAMTests.SyncConvergencePlanningTests testCanonicalDigestExplicitlyRejectsAnchoredBatch]' passed (0.001 seconds).
Test Case '-[MyRAMTests.SyncConvergencePlanningTests testCanonicalPayloadDigestV1GoldenVectorMatrix]' started.
Test Case '-[MyRAMTests.SyncConvergencePlanningTests testCanonicalPayloadDigestV1GoldenVectorMatrix]' passed (0.033 seconds).
Test Case '-[MyRAMTests.SyncConvergencePlanningTests testCanonicalPayloadDigestV1IsStableAndOrderSensitive]' started.
Test Case '-[MyRAMTests.SyncConvergencePlanningTests testCanonicalPayloadDigestV1IsStableAndOrderSensitive]' passed (0.001 seconds).
Test Case '-[MyRAMTests.SyncConvergencePlanningTests testCommittedResultV1GoldenVectorMatrix]' started.
Test Case '-[MyRAMTests.SyncConvergencePlanningTests testCommittedResultV1GoldenVectorMatrix]' passed (0.005 seconds).
Test Case '-[MyRAMTests.SyncConvergencePlanningTests testCommittedResultV1OrderingAndChangeSensitivity]' started.
Test Case '-[MyRAMTests.SyncConvergencePlanningTests testCommittedResultV1OrderingAndChangeSensitivity]' passed (0.002 seconds).
Test Case '-[MyRAMTests.SyncConvergencePlanningTests testCommittedResultV1ReconciliationHashFieldOrderIsSignificant]' started.
Test Case '-[MyRAMTests.SyncConvergencePlanningTests testCommittedResultV1ReconciliationHashFieldOrderIsSignificant]' passed (0.001 seconds).
Test Case '-[MyRAMTests.SyncConvergencePlanningTests testCommittedResultV1ReconciliationReservedVariantIsPinned]' started.
Test Case '-[MyRAMTests.SyncConvergencePlanningTests testCommittedResultV1ReconciliationReservedVariantIsPinned]' passed (0.001 seconds).
Test Case '-[MyRAMTests.SyncConvergencePlanningTests testCompetingValidNilBaseBranchesBacktrackToTargetPath]' started.
Test Case '-[MyRAMTests.SyncConvergencePlanningTests testCompetingValidNilBaseBranchesBacktrackToTargetPath]' passed (0.003 seconds).
Test Case '-[MyRAMTests.SyncConvergencePlanningTests testConcurrentDeleteRebasesLaterInsertOffsetBackward]' started.
Test Case '-[MyRAMTests.SyncConvergencePlanningTests testConcurrentDeleteRebasesLaterInsertOffsetBackward]' passed (0.002 seconds).
Test Case '-[MyRAMTests.SyncConvergencePlanningTests testConcurrentEditsConvergeToIdenticalBodyRegardlessOfWhichSideIsLocal]' started.
Test Case '-[MyRAMTests.SyncConvergencePlanningTests testConcurrentEditsConvergeToIdenticalBodyRegardlessOfWhichSideIsLocal]' passed (0.003 seconds).
Test Case '-[MyRAMTests.SyncConvergencePlanningTests testConcurrentInsertsRebaseOffsetsInsteadOfCorruptingLaterText]' started.
Test Case '-[MyRAMTests.SyncConvergencePlanningTests testConcurrentInsertsRebaseOffsetsInsteadOfCorruptingLaterText]' passed (0.002 seconds).
Test Case '-[MyRAMTests.SyncConvergencePlanningTests testConcurrentSameBaseOperationsConvergeInsteadOfCorruptingHistory]' started.
Test Case '-[MyRAMTests.SyncConvergencePlanningTests testConcurrentSameBaseOperationsConvergeInsteadOfCorruptingHistory]' passed (0.002 seconds).
Test Case '-[MyRAMTests.SyncConvergencePlanningTests testContradictoryDuplicateBatchIdentityFailsBeforeCommit]' started.
Test Case '-[MyRAMTests.SyncConvergencePlanningTests testContradictoryDuplicateBatchIdentityFailsBeforeCommit]' passed (0.001 seconds).
Test Case '-[MyRAMTests.SyncConvergencePlanningTests testContradictoryFullRecordAndTombstoneFailsBeforeCommit]' started.
Test Case '-[MyRAMTests.SyncConvergencePlanningTests testContradictoryFullRecordAndTombstoneFailsBeforeCommit]' passed (0.001 seconds).
Test Case '-[MyRAMTests.SyncConvergencePlanningTests testContradictoryOperationIdentityFailsBeforeCommit]' started.
Test Case '-[MyRAMTests.SyncConvergencePlanningTests testContradictoryOperationIdentityFailsBeforeCommit]' passed (0.003 seconds).
Test Case '-[MyRAMTests.SyncConvergencePlanningTests testContradictoryTitleWinnerAuthorityFailsBeforeCommit]' started.
Test Case '-[MyRAMTests.SyncConvergencePlanningTests testContradictoryTitleWinnerAuthorityFailsBeforeCommit]' passed (0.001 seconds).
Test Case '-[MyRAMTests.SyncConvergencePlanningTests testCorruptRetainedOperationResultFailsBeforeCommit]' started.
Test Case '-[MyRAMTests.SyncConvergencePlanningTests testCorruptRetainedOperationResultFailsBeforeCommit]' passed (0.001 seconds).
Test Case '-[MyRAMTests.SyncConvergencePlanningTests testCreationPlanningDoesNotRequireExistingProjectedNote]' started.
Test Case '-[MyRAMTests.SyncConvergencePlanningTests testCreationPlanningDoesNotRequireExistingProjectedNote]' passed (0.001 seconds).
Test Case '-[MyRAMTests.SyncConvergencePlanningTests testCycleAndDuplicateResultOperationsDoNotReExploreBodies]' started.
Test Case '-[MyRAMTests.SyncConvergencePlanningTests testCycleAndDuplicateResultOperationsDoNotReExploreBodies]' passed (0.005 seconds).
Test Case '-[MyRAMTests.SyncConvergencePlanningTests testDisjointNoteSelectionIsIndependentOfQueueEnumerationOrder]' started.
Test Case '-[MyRAMTests.SyncConvergencePlanningTests testDisjointNoteSelectionIsIndependentOfQueueEnumerationOrder]' passed (0.001 seconds).
Test Case '-[MyRAMTests.SyncConvergencePlanningTests testEarlierMultiNoteEvidenceBatchBlocksItsOtherNotes]' started.
Test Case '-[MyRAMTests.SyncConvergencePlanningTests testEarlierMultiNoteEvidenceBatchBlocksItsOtherNotes]' passed (0.001 seconds).
Test Case '-[MyRAMTests.SyncConvergencePlanningTests testEarlierMultiNoteQueuedBatchIsNotPartiallyConsumedAsUnionEvidence]' started.
Test Case '-[MyRAMTests.SyncConvergencePlanningTests testEarlierMultiNoteQueuedBatchIsNotPartiallyConsumedAsUnionEvidence]' passed (0.002 seconds).
Test Case '-[MyRAMTests.SyncConvergencePlanningTests testExplicitCandidateQueuePositionLimitsEvidenceToEarlierBatches]' started.
Test Case '-[MyRAMTests.SyncConvergencePlanningTests testExplicitCandidateQueuePositionLimitsEvidenceToEarlierBatches]' passed (0.001 seconds).
Test Case '-[MyRAMTests.SyncConvergencePlanningTests testHistoryHardOverflowDefersBeforePlan]' started.
Test Case '-[MyRAMTests.SyncConvergencePlanningTests testHistoryHardOverflowDefersBeforePlan]' passed (0.001 seconds).
Test Case '-[MyRAMTests.SyncConvergencePlanningTests testIdenticalPreviouslyIncorporatedBatchReturnsCleanupPlan]' started.
Test Case '-[MyRAMTests.SyncConvergencePlanningTests testIdenticalPreviouslyIncorporatedBatchReturnsCleanupPlan]' passed (0.001 seconds).
Test Case '-[MyRAMTests.SyncConvergencePlanningTests testLaterQueuedSameNoteSuccessorIsBlockedFromEvidenceSelection]' started.
Test Case '-[MyRAMTests.SyncConvergencePlanningTests testLaterQueuedSameNoteSuccessorIsBlockedFromEvidenceSelection]' passed (0.001 seconds).
Test Case '-[MyRAMTests.SyncConvergencePlanningTests testLegacyPositionalEffectPreservesExpectedTextNoop]' started.
Test Case '-[MyRAMTests.SyncConvergencePlanningTests testLegacyPositionalEffectPreservesExpectedTextNoop]' passed (0.001 seconds).
Test Case '-[MyRAMTests.SyncConvergencePlanningTests testLifecycleDivergencePreservesLiveNoteWithoutBlockingPlan]' started.
Test Case '-[MyRAMTests.SyncConvergencePlanningTests testLifecycleDivergencePreservesLiveNoteWithoutBlockingPlan]' passed (0.001 seconds).
Test Case '-[MyRAMTests.SyncConvergencePlanningTests testLifecycleForMissingNoteIsConsumedWithoutBlockingPlan]' started.
Test Case '-[MyRAMTests.SyncConvergencePlanningTests testLifecycleForMissingNoteIsConsumedWithoutBlockingPlan]' passed (0.001 seconds).
Test Case '-[MyRAMTests.SyncConvergencePlanningTests testMalformedRetainedReplayKeyFailsAsCorruptHistoryWithoutFallbackOrdering]' started.
Test Case '-[MyRAMTests.SyncConvergencePlanningTests testMalformedRetainedReplayKeyFailsAsCorruptHistoryWithoutFallbackOrdering]' passed (0.002 seconds).
Test Case '-[MyRAMTests.SyncConvergencePlanningTests testMissingHistoricalBaseDefersAsUnreconstructableBase]' started.
Test Case '-[MyRAMTests.SyncConvergencePlanningTests testMissingHistoricalBaseDefersAsUnreconstructableBase]' passed (0.007 seconds).
Test Case '-[MyRAMTests.SyncConvergencePlanningTests testMixedRetainedAndExecutableBodyOperationsRouteIncrementalWithOnlyNewWork]' started.
Test Case '-[MyRAMTests.SyncConvergencePlanningTests testMixedRetainedAndExecutableBodyOperationsRouteIncrementalWithOnlyNewWork]' passed (0.002 seconds).
Test Case '-[MyRAMTests.SyncConvergencePlanningTests testNilBaseRetainedOperationWithoutEvidenceIsNeverGuessedIntoChain]' started.
Test Case '-[MyRAMTests.SyncConvergencePlanningTests testNilBaseRetainedOperationWithoutEvidenceIsNeverGuessedIntoChain]' passed (0.002 seconds).
Test Case '-[MyRAMTests.SyncConvergencePlanningTests testNilBaseRetainedOperationWithResultHashReconstructsChain]' started.
Test Case '-[MyRAMTests.SyncConvergencePlanningTests testNilBaseRetainedOperationWithResultHashReconstructsChain]' passed (0.003 seconds).
Test Case '-[MyRAMTests.SyncConvergencePlanningTests testPlanningSuccessReturnsPlannedOutcome]' started.
Test Case '-[MyRAMTests.SyncConvergencePlanningTests testPlanningSuccessReturnsPlannedOutcome]' passed (0.002 seconds).
Test Case '-[MyRAMTests.SyncConvergencePlanningTests testProjectedNoteEffectKindMembershipRejectsInvalidSets]' started.
Test Case '-[MyRAMTests.SyncConvergencePlanningTests testProjectedNoteEffectKindMembershipRejectsInvalidSets]' passed (0.001 seconds).
Test Case '-[MyRAMTests.SyncConvergencePlanningTests testProjectedNoteEffectV1GoldenVectorPreservesMainContract]' started.
Test Case '-[MyRAMTests.SyncConvergencePlanningTests testProjectedNoteEffectV1GoldenVectorPreservesMainContract]' passed (0.001 seconds).
Test Case '-[MyRAMTests.SyncConvergencePlanningTests testProjectedNoteEffectV1IsKindPermutationIndependent]' started.
Test Case '-[MyRAMTests.SyncConvergencePlanningTests testProjectedNoteEffectV1IsKindPermutationIndependent]' passed (0.002 seconds).
Test Case '-[MyRAMTests.SyncConvergencePlanningTests testProjectedNoteEffectV1MultiEffectPermutationIndependence]' started.
Test Case '-[MyRAMTests.SyncConvergencePlanningTests testProjectedNoteEffectV1MultiEffectPermutationIndependence]' passed (0.019 seconds).
Test Case '-[MyRAMTests.SyncConvergencePlanningTests testQueuedSameNoteEvidenceParticipatesInConflictUnion]' started.
Test Case '-[MyRAMTests.SyncConvergencePlanningTests testQueuedSameNoteEvidenceParticipatesInConflictUnion]' passed (0.002 seconds).
Test Case '-[MyRAMTests.SyncConvergencePlanningTests testReconstructedConflictDroppingUnprovenTextReturnsUnprovenTextLoss]' started.
Test Case '-[MyRAMTests.SyncConvergencePlanningTests testReconstructedConflictDroppingUnprovenTextReturnsUnprovenTextLoss]' passed (0.001 seconds).
Test Case '-[MyRAMTests.SyncConvergencePlanningTests testReconstructedConflictUsesDeleteEvidenceForWholeNoteRouting]' started.
Test Case '-[MyRAMTests.SyncConvergencePlanningTests testReconstructedConflictUsesDeleteEvidenceForWholeNoteRouting]' passed (0.002 seconds).
Test Case '-[MyRAMTests.SyncConvergencePlanningTests testReconstructionFromRetainedOperationDoesNotReplayConsumedHistoryTwice]' started.
Test Case '-[MyRAMTests.SyncConvergencePlanningTests testReconstructionFromRetainedOperationDoesNotReplayConsumedHistoryTwice]' passed (0.002 seconds).
Test Case '-[MyRAMTests.SyncConvergencePlanningTests testReconstructionStressWithHundredsOfNilBaseCandidatesCompletesBounded]' started.
Test Case '-[MyRAMTests.SyncConvergencePlanningTests testReconstructionStressWithHundredsOfNilBaseCandidatesCompletesBounded]' passed (8.457 seconds).
Test Case '-[MyRAMTests.SyncConvergencePlanningTests testRetainedChainInvalidRangeFailsAsCorruptHistory]' started.
Test Case '-[MyRAMTests.SyncConvergencePlanningTests testRetainedChainInvalidRangeFailsAsCorruptHistory]' passed (0.002 seconds).
Test Case '-[MyRAMTests.SyncConvergencePlanningTests testRetainedIdentityContradictionFailsClosed]' started.
Test Case '-[MyRAMTests.SyncConvergencePlanningTests testRetainedIdentityContradictionFailsClosed]' passed (0.001 seconds).
Test Case '-[MyRAMTests.SyncConvergencePlanningTests testRetainedIdentityIdempotencyPreventsDoubleApplication]' started.
Test Case '-[MyRAMTests.SyncConvergencePlanningTests testRetainedIdentityIdempotencyPreventsDoubleApplication]' passed (0.001 seconds).
Test Case '-[MyRAMTests.SyncConvergencePlanningTests testSameBatchChainedOperationsSurviveReconstructedConflict]' started.
Test Case '-[MyRAMTests.SyncConvergencePlanningTests testSameBatchChainedOperationsSurviveReconstructedConflict]' passed (0.004 seconds).
Test Case '-[MyRAMTests.SyncConvergencePlanningTests testSoftHistoryPressureDefersNewEvidenceGrowth]' started.
Test Case '-[MyRAMTests.SyncConvergencePlanningTests testSoftHistoryPressureDefersNewEvidenceGrowth]' passed (0.003 seconds).
Test Case '-[MyRAMTests.SyncConvergencePlanningTests testTitleHigherCanonicalKeyWinsAndLowerKeyIsIgnored]' started.
Test Case '-[MyRAMTests.SyncConvergencePlanningTests testTitleHigherCanonicalKeyWinsAndLowerKeyIsIgnored]' passed (0.002 seconds).
Test Case '-[MyRAMTests.SyncConvergencePlanningTests testTwoBodyOperationsInOneBatchProduceOneCompleteEffectAndOneBodyEvidence]' started.
Test Case '-[MyRAMTests.SyncConvergencePlanningTests testTwoBodyOperationsInOneBatchProduceOneCompleteEffectAndOneBodyEvidence]' passed (0.004 seconds).
Test Case '-[MyRAMTests.SyncConvergencePlanningTests testTwoRetainedConcurrentCandidatesDoNotCorruptMergedReplay]' started.
Test Case '-[MyRAMTests.SyncConvergencePlanningTests testTwoRetainedConcurrentCandidatesDoNotCorruptMergedReplay]' passed (0.003 seconds).
Test Case '-[MyRAMTests.SyncConvergencePlanningTests testUnencodablePlannedOperationAccountingFailsClosed]' started.
Test Case '-[MyRAMTests.SyncConvergencePlanningTests testUnencodablePlannedOperationAccountingFailsClosed]' passed (0.001 seconds).
Test Case '-[MyRAMTests.SyncConvergencePlanningTests testUnknownHashedBodyDefersWithRealDeclaredHash]' started.
Test Case '-[MyRAMTests.SyncConvergencePlanningTests testUnknownHashedBodyDefersWithRealDeclaredHash]' passed (0.001 seconds).
Test Case '-[MyRAMTests.SyncConvergencePlanningTests testUnknownTitleAndLegacyBodyProduceCompatibilityNoops]' started.
Test Case '-[MyRAMTests.SyncConvergencePlanningTests testUnknownTitleAndLegacyBodyProduceCompatibilityNoops]' passed (0.001 seconds).
Test Case '-[MyRAMTests.SyncConvergencePlanningTests testUnrelatedNilBaseRetainedBranchDoesNotBlockValidReconstruction]' started.
Test Case '-[MyRAMTests.SyncConvergencePlanningTests testUnrelatedNilBaseRetainedBranchDoesNotBlockValidReconstruction]' passed (0.003 seconds).
Test Case '-[MyRAMTests.SyncConvergencePlanningTests testUnsupportedReconciliationDefersBatch]' started.
Test Case '-[MyRAMTests.SyncConvergencePlanningTests testUnsupportedReconciliationDefersBatch]' passed (0.002 seconds).
Test Case '-[MyRAMTests.SyncConvergencePlanningTests testUnsupportedStoredDigestFormatFailsBeforeCommit]' started.
Test Case '-[MyRAMTests.SyncConvergencePlanningTests testUnsupportedStoredDigestFormatFailsBeforeCommit]' passed (0.001 seconds).
Test Case '-[MyRAMTests.SyncConvergencePlanningTests testValidatorRejectsMissingSourceOperationBlockedSuccessorRoutingAndHistoryMismatch]' started.
Test Case '-[MyRAMTests.SyncConvergencePlanningTests testValidatorRejectsMissingSourceOperationBlockedSuccessorRoutingAndHistoryMismatch]' passed (0.009 seconds).
Test Suite 'SyncConvergencePlanningTests' passed at 2026-08-04 16:55:15.205.
	 Executed 61 tests, with 0 failures (0 unexpected) in 8.625 (8.800) seconds
Test Suite 'SyncConvergencePostCommitTests' started at 2026-08-04 16:55:15.205.
Test Case '-[MyRAMTests.SyncConvergencePostCommitTests testBodyHashCapabilityRemainsDisabled]' started.
Test Case '-[MyRAMTests.SyncConvergencePostCommitTests testBodyHashCapabilityRemainsDisabled]' passed (0.001 seconds).
Test Case '-[MyRAMTests.SyncConvergencePostCommitTests testCallerPlansCannotSuppressPersistedQueueOrPresentationWork]' started.
Test Case '-[MyRAMTests.SyncConvergencePostCommitTests testCallerPlansCannotSuppressPersistedQueueOrPresentationWork]' passed (0.008 seconds).
Test Case '-[MyRAMTests.SyncConvergencePostCommitTests testCompletedPostCommitStateDoesNotCallAdaptersOrWrite]' started.
Test Case '-[MyRAMTests.SyncConvergencePostCommitTests testCompletedPostCommitStateDoesNotCallAdaptersOrWrite]' passed (0.001 seconds).
Test Case '-[MyRAMTests.SyncConvergencePostCommitTests testEightPendingStateMatrixWithLegacyAdapterPinsSingleCASEffects]' started.
Test Case '-[MyRAMTests.SyncConvergencePostCommitTests testEightPendingStateMatrixWithLegacyAdapterPinsSingleCASEffects]' passed (0.005 seconds).
Test Case '-[MyRAMTests.SyncConvergencePostCommitTests testEightPendingStateMatrixWithoutLegacyAdapterLeavesLegacyPending]' started.
Test Case '-[MyRAMTests.SyncConvergencePostCommitTests testEightPendingStateMatrixWithoutLegacyAdapterLeavesLegacyPending]' passed (0.004 seconds).
Test Case '-[MyRAMTests.SyncConvergencePostCommitTests testFakeStoreCASPreservesImmutableWorkPayloadAfterPartialClear]' started.
Test Case '-[MyRAMTests.SyncConvergencePostCommitTests testFakeStoreCASPreservesImmutableWorkPayloadAfterPartialClear]' passed (0.033 seconds).
Test Case '-[MyRAMTests.SyncConvergencePostCommitTests testLegacyTrueWithoutAdapterRemainsPending]' started.
Test Case '-[MyRAMTests.SyncConvergencePostCommitTests testLegacyTrueWithoutAdapterRemainsPending]' passed (0.001 seconds).
Test Case '-[MyRAMTests.SyncConvergencePostCommitTests testMYR135OperationHashChainValidationMatrix]' started.
Test Case '-[MyRAMTests.SyncConvergencePostCommitTests testMYR135OperationHashChainValidationMatrix]' passed (0.004 seconds).
Test Case '-[MyRAMTests.SyncConvergencePostCommitTests testMYR135PersistedIdentityRowCorruptionFailsBeforeAdapters]' started.
Test Case '-[MyRAMTests.SyncConvergencePostCommitTests testMYR135PersistedIdentityRowCorruptionFailsBeforeAdapters]' passed (0.310 seconds).
Test Case '-[MyRAMTests.SyncConvergencePostCommitTests testMYR135PostCommitPayloadIdentityValidationMatrix]' started.
Test Case '-[MyRAMTests.SyncConvergencePostCommitTests testMYR135PostCommitPayloadIdentityValidationMatrix]' passed (0.004 seconds).
Test Case '-[MyRAMTests.SyncConvergencePostCommitTests testMYR135ValidPersistedIdentityRowLoadsAndReachesPresentation]' started.
Test Case '-[MyRAMTests.SyncConvergencePostCommitTests testMYR135ValidPersistedIdentityRowLoadsAndReachesPresentation]' passed (0.042 seconds).
Test Case '-[MyRAMTests.SyncConvergencePostCommitTests testMYR136DerivedCommittedAtOrderingPayloadMismatchRejectsCASWithoutMutation]' started.
Test Case '-[MyRAMTests.SyncConvergencePostCommitTests testMYR136DerivedCommittedAtOrderingPayloadMismatchRejectsCASWithoutMutation]' passed (0.026 seconds).
Test Case '-[MyRAMTests.SyncConvergencePostCommitTests testMYR136MatchingRootAndPriorStateCASChangesOnlyMutableState]' started.
Test Case '-[MyRAMTests.SyncConvergencePostCommitTests testMYR136MatchingRootAndPriorStateCASChangesOnlyMutableState]' passed (0.033 seconds).
Test Case '-[MyRAMTests.SyncConvergencePostCommitTests testMYR136PersistedImmutableRootFieldMatrixRejectsStaleCASWithoutMutation]' started.
Test Case '-[MyRAMTests.SyncConvergencePostCommitTests testMYR136PersistedImmutableRootFieldMatrixRejectsStaleCASWithoutMutation]' passed (0.359 seconds).
Test Case '-[MyRAMTests.SyncConvergencePostCommitTests testMYR136StaleExpectedStatePayloadRejectsCASWithoutMutation]' started.
Test Case '-[MyRAMTests.SyncConvergencePostCommitTests testMYR136StaleExpectedStatePayloadRejectsCASWithoutMutation]' passed (0.034 seconds).
Test Case '-[MyRAMTests.SyncConvergencePostCommitTests testMYR137FakeFullRootMissingDecodedWorkFailsBeforeAdaptersOrCAS]' started.
Test Case '-[MyRAMTests.SyncConvergencePostCommitTests testMYR137FakeFullRootMissingDecodedWorkFailsBeforeAdaptersOrCAS]' passed (0.002 seconds).
Test Case '-[MyRAMTests.SyncConvergencePostCommitTests testMYR137FakeStoreLoadOutcomeAndFailureMatrixStopsBeforeAdaptersOrCAS]' started.
Test Case '-[MyRAMTests.SyncConvergencePostCommitTests testMYR137FakeStoreLoadOutcomeAndFailureMatrixStopsBeforeAdaptersOrCAS]' passed (0.006 seconds).
Test Case '-[MyRAMTests.SyncConvergencePostCommitTests testMYR137FinalCASFailureModesPreserveAuthoritativeStoreStateAndImmutableWork]' started.
Test Case '-[MyRAMTests.SyncConvergencePostCommitTests testMYR137FinalCASFailureModesPreserveAuthoritativeStoreStateAndImmutableWork]' passed (0.004 seconds).
Test Case '-[MyRAMTests.SyncConvergencePostCommitTests testMYR137LegacyFailureModesClearOtherDomainsAndRetryOnlyLegacy]' started.
Test Case '-[MyRAMTests.SyncConvergencePostCommitTests testMYR137LegacyFailureModesClearOtherDomainsAndRetryOnlyLegacy]' passed (0.003 seconds).
Test Case '-[MyRAMTests.SyncConvergencePostCommitTests testMYR137MixedFailureMatrixPreservesExactPendingSetIncludingZeroCompletionBranch]' started.
Test Case '-[MyRAMTests.SyncConvergencePostCommitTests testMYR137MixedFailureMatrixPreservesExactPendingSetIncludingZeroCompletionBranch]' passed (0.002 seconds).
Test Case '-[MyRAMTests.SyncConvergencePostCommitTests testMYR137PartialCompletionSurvivesFreshSwiftDataContextAndRetryRunsOnlyRemainingDomain]' started.
Test Case '-[MyRAMTests.SyncConvergencePostCommitTests testMYR137PartialCompletionSurvivesFreshSwiftDataContextAndRetryRunsOnlyRemainingDomain]' passed (0.044 seconds).
Test Case '-[MyRAMTests.SyncConvergencePostCommitTests testMYR137PersistedLoadFailureMatrixFailsClosedWithoutMutation]' started.
Test Case '-[MyRAMTests.SyncConvergencePostCommitTests testMYR137PersistedLoadFailureMatrixFailsClosedWithoutMutation]' passed (0.167 seconds).
Test Case '-[MyRAMTests.SyncConvergencePostCommitTests testMYR137PresentationMissingNoteIsTreatedAsSatisfiedAndDrainsOtherDomains]' started.
Test Case '-[MyRAMTests.SyncConvergencePostCommitTests testMYR137PresentationMissingNoteIsTreatedAsSatisfiedAndDrainsOtherDomains]' passed (0.003 seconds).
Test Case '-[MyRAMTests.SyncConvergencePostCommitTests testMYR137PresentationPreActionLoadFailuresClearEarlierDomainsWithoutCallingAdapter]' started.
Test Case '-[MyRAMTests.SyncConvergencePostCommitTests testMYR137PresentationPreActionLoadFailuresClearEarlierDomainsWithoutCallingAdapter]' passed (0.008 seconds).
Test Case '-[MyRAMTests.SyncConvergencePostCommitTests testMYR137PresentationScriptedFailureReplaysDomainIdempotently]' started.
Test Case '-[MyRAMTests.SyncConvergencePostCommitTests testMYR137PresentationScriptedFailureReplaysDomainIdempotently]' passed (0.003 seconds).
Test Case '-[MyRAMTests.SyncConvergencePostCommitTests testMYR137QueueFailureModesClearSuccessfulLaterDomainsAndRetryOnlyQueue]' started.
Test Case '-[MyRAMTests.SyncConvergencePostCommitTests testMYR137QueueFailureModesClearSuccessfulLaterDomainsAndRetryOnlyQueue]' passed (0.005 seconds).
Test Case '-[MyRAMTests.SyncConvergencePostCommitTests testMYR137TombstoneQueueFailureRetriesWithoutCASAndDistinguishesMismatchLayers]' started.
Test Case '-[MyRAMTests.SyncConvergencePostCommitTests testMYR137TombstoneQueueFailureRetriesWithoutCASAndDistinguishesMismatchLayers]' passed (0.051 seconds).
Test Case '-[MyRAMTests.SyncConvergencePostCommitTests testMYR138CommittedFinalStateSurvivesLostCASResponseAndRelaunchesComplete]' started.
Test Case '-[MyRAMTests.SyncConvergencePostCommitTests testMYR138CommittedFinalStateSurvivesLostCASResponseAndRelaunchesComplete]' passed (0.006 seconds).
Test Case '-[MyRAMTests.SyncConvergencePostCommitTests testMYR138FailedFinalCASFreshRelaunchDecodesBytesAndAvoidsDuplicateEffects]' started.
Test Case '-[MyRAMTests.SyncConvergencePostCommitTests testMYR138FailedFinalCASFreshRelaunchDecodesBytesAndAvoidsDuplicateEffects]' passed (0.002 seconds).
Test Case '-[MyRAMTests.SyncConvergencePostCommitTests testMYR138FailedFinalCASSameContextRetryReinvokesAdaptersWithoutDuplicatingEffects]' started.
Test Case '-[MyRAMTests.SyncConvergencePostCommitTests testMYR138FailedFinalCASSameContextRetryReinvokesAdaptersWithoutDuplicatingEffects]' passed (0.003 seconds).
Test Case '-[MyRAMTests.SyncConvergencePostCommitTests testMYR138RelaunchFromEachPreCASCrashBoundaryReplaysAdaptersIdempotently]' started.
Test Case '-[MyRAMTests.SyncConvergencePostCommitTests testMYR138RelaunchFromEachPreCASCrashBoundaryReplaysAdaptersIdempotently]' passed (0.004 seconds).
Test Case '-[MyRAMTests.SyncConvergencePostCommitTests testMYR138TombstoneRelaunchAfterQueueEffectReverifiesIdempotentlyWithoutCAS]' started.
Test Case '-[MyRAMTests.SyncConvergencePostCommitTests testMYR138TombstoneRelaunchAfterQueueEffectReverifiesIdempotentlyWithoutCAS]' passed (0.002 seconds).
Test Case '-[MyRAMTests.SyncConvergencePostCommitTests testMYR158BackfillSaveFailureRollsBackAssignedIndexes]' started.
Test Case '-[MyRAMTests.SyncConvergencePostCommitTests testMYR158BackfillSaveFailureRollsBackAssignedIndexes]' passed (0.018 seconds).
Test Case '-[MyRAMTests.SyncConvergencePostCommitTests testMYR158CASGuardPrecedenceIgnoresLaterIndexContradictions]' started.
Test Case '-[MyRAMTests.SyncConvergencePostCommitTests testMYR158CASGuardPrecedenceIgnoresLaterIndexContradictions]' passed (0.106 seconds).
Test Case '-[MyRAMTests.SyncConvergencePostCommitTests testMYR158CASPostSaveContradictionReturnsTypedFailure]' started.
Test Case '-[MyRAMTests.SyncConvergencePostCommitTests testMYR158CASPostSaveContradictionReturnsTypedFailure]' passed (0.041 seconds).
Test Case '-[MyRAMTests.SyncConvergencePostCommitTests testMYR158CASPostSaveUnexpectedSelfConsistentStateReturnsPersistence]' started.
Test Case '-[MyRAMTests.SyncConvergencePostCommitTests testMYR158CASPostSaveUnexpectedSelfConsistentStateReturnsPersistence]' passed (0.030 seconds).
Test Case '-[MyRAMTests.SyncConvergencePostCommitTests testMYR158CASSaveFailureRollsBackStateAndIndex]' started.
Test Case '-[MyRAMTests.SyncConvergencePostCommitTests testMYR158CASSaveFailureRollsBackStateAndIndex]' passed (0.032 seconds).
Test Case '-[MyRAMTests.SyncConvergencePostCommitTests testMYR158CompletedLegacyBackfillDoesNotValidateImmutableWorkPayload]' started.
Test Case '-[MyRAMTests.SyncConvergencePostCommitTests testMYR158CompletedLegacyBackfillDoesNotValidateImmutableWorkPayload]' passed (0.019 seconds).
Test Case '-[MyRAMTests.SyncConvergencePostCommitTests testMYR158ContradictoryIndexesFailClosed]' started.
Test Case '-[MyRAMTests.SyncConvergencePostCommitTests testMYR158ContradictoryIndexesFailClosed]' passed (0.013 seconds).
Test Case '-[MyRAMTests.SyncConvergencePostCommitTests testMYR158ContradictoryPendingWorkPhaseOneDoesNotPersistBackfill]' started.
Test Case '-[MyRAMTests.SyncConvergencePostCommitTests testMYR158ContradictoryPendingWorkPhaseOneDoesNotPersistBackfill]' passed (0.016 seconds).
Test Case '-[MyRAMTests.SyncConvergencePostCommitTests testMYR158DirectNilReadsRemainNonmutatingUntilGlobalLoadBackfills]' started.
Test Case '-[MyRAMTests.SyncConvergencePostCommitTests testMYR158DirectNilReadsRemainNonmutatingUntilGlobalLoadBackfills]' passed (0.018 seconds).
Test Case '-[MyRAMTests.SyncConvergencePostCommitTests testMYR158DirtySharedContextBackfillsWithoutSavingOrRollingBackCallerChanges]' started.
Test Case '-[MyRAMTests.SyncConvergencePostCommitTests testMYR158DirtySharedContextBackfillsWithoutSavingOrRollingBackCallerChanges]' passed (0.014 seconds).
Test Case '-[MyRAMTests.SyncConvergencePostCommitTests testMYR158IndexedPendingSelectionSkipsCompletedHistory]' started.
Test Case '-[MyRAMTests.SyncConvergencePostCommitTests testMYR158IndexedPendingSelectionSkipsCompletedHistory]' passed (0.099 seconds).
Test Case '-[MyRAMTests.SyncConvergencePostCommitTests testMYR158LegacyNilSuccessfulCASWritesDerivedIndex]' started.
Test Case '-[MyRAMTests.SyncConvergencePostCommitTests testMYR158LegacyNilSuccessfulCASWritesDerivedIndex]' passed (0.030 seconds).
Test Case '-[MyRAMTests.SyncConvergencePostCommitTests testMYR158LegacyRowsBackfillOnceAndThenStayBounded]' started.
Test Case '-[MyRAMTests.SyncConvergencePostCommitTests testMYR158LegacyRowsBackfillOnceAndThenStayBounded]' passed (0.170 seconds).
Test Case '-[MyRAMTests.SyncConvergencePostCommitTests testMYR158MalformedPendingWorkPhaseOneDoesNotPersistBackfill]' started.
Test Case '-[MyRAMTests.SyncConvergencePostCommitTests testMYR158MalformedPendingWorkPhaseOneDoesNotPersistBackfill]' passed (0.018 seconds).
Test Case '-[MyRAMTests.SyncConvergencePostCommitTests testMYR158PhaseOneFailureDoesNotPersistPartialBackfill]' started.
Test Case '-[MyRAMTests.SyncConvergencePostCommitTests testMYR158PhaseOneFailureDoesNotPersistPartialBackfill]' passed (0.012 seconds).
Test Case '-[MyRAMTests.SyncConvergencePostCommitTests testMYR158RuntimeCompletedOnlyLegacyBackfillPreservesDirtyCallerState]' started.
Test Case '-[MyRAMTests.SyncConvergencePostCommitTests testMYR158RuntimeCompletedOnlyLegacyBackfillPreservesDirtyCallerState]' passed (0.019 seconds).
Test Case '-[MyRAMTests.SyncConvergencePostCommitTests testMYR158RuntimePendingLegacyRecoveryIsNotCorruptHistory]' started.
2026-08-04 16:55:17.079891+0000 MyRAM[5508:28632] [ModelContext] SwiftData.ModelContext: Unbinding from the main queue. This context was instantiated on the main queue but is being used off it. ModelContexts are not Sendable, consider using a ModelActor.
Test Case '-[MyRAMTests.SyncConvergencePostCommitTests testMYR158RuntimePendingLegacyRecoveryIsNotCorruptHistory]' passed (0.019 seconds).
Test Case '-[MyRAMTests.SyncConvergencePostCommitTests testMYR158UnindexedPendingRowIsIncludedByNullPredicateAndBackfilled]' started.
Test Case '-[MyRAMTests.SyncConvergencePostCommitTests testMYR158UnindexedPendingRowIsIncludedByNullPredicateAndBackfilled]' passed (0.018 seconds).
Test Case '-[MyRAMTests.SyncConvergencePostCommitTests testMYR162PresentationSupersededByLaterPendingRequestIsTreatedAsSatisfied]' started.
Test Case '-[MyRAMTests.SyncConvergencePostCommitTests testMYR162PresentationSupersededByLaterPendingRequestIsTreatedAsSatisfied]' passed (0.003 seconds).
Test Case '-[MyRAMTests.SyncConvergencePostCommitTests testMYR165IdempotentRedeliveryRetriesScopedPostCommitWithoutBlockingOtherWork]' started.
2026-08-04 16:55:17.120106+0000 MyRAM[5508:28662] [ModelContext] SwiftData.ModelContext: Unbinding from the main queue. This context was instantiated on the main queue but is being used off it. ModelContexts are not Sendable, consider using a ModelActor.
Test Case '-[MyRAMTests.SyncConvergencePostCommitTests testMYR165IdempotentRedeliveryRetriesScopedPostCommitWithoutBlockingOtherWork]' passed (0.085 seconds).
Test Case '-[MyRAMTests.SyncConvergencePostCommitTests testMYR165PostCommitDeferredWorkDoesNotSurfaceAnIOSError]' started.
Test Case '-[MyRAMTests.SyncConvergencePostCommitTests testMYR165PostCommitDeferredWorkDoesNotSurfaceAnIOSError]' passed (0.001 seconds).
Test Case '-[MyRAMTests.SyncConvergencePostCommitTests testMYR165PresentationNotSupersededByLaterMetadataOnlyRequest]' started.
Test Case '-[MyRAMTests.SyncConvergencePostCommitTests testMYR165PresentationNotSupersededByLaterMetadataOnlyRequest]' passed (0.002 seconds).
Test Case '-[MyRAMTests.SyncConvergencePostCommitTests testMYR165PresentationPendingBacklogDefersOnlyItsNoteAndCompletesOtherWork]' started.
2026-08-04 16:55:17.212872+0000 MyRAM[5508:28632] [ModelContext] SwiftData.ModelContext: Unbinding from the main queue. This context was instantiated on the main queue but is being used off it. ModelContexts are not Sendable, consider using a ModelActor.
Test Case '-[MyRAMTests.SyncConvergencePostCommitTests testMYR165PresentationPendingBacklogDefersOnlyItsNoteAndCompletesOtherWork]' passed (0.025 seconds).
Test Case '-[MyRAMTests.SyncConvergencePostCommitTests testMYR165RealStoreThreadsPresentationRoutingThroughPendingRequests]' started.
Test Case '-[MyRAMTests.SyncConvergencePostCommitTests testMYR165RealStoreThreadsPresentationRoutingThroughPendingRequests]' passed (0.014 seconds).
Test Case '-[MyRAMTests.SyncConvergencePostCommitTests testMYR165RuntimeScopesOnlyPresentationPendingWork]' started.
Test Case '-[MyRAMTests.SyncConvergencePostCommitTests testMYR165RuntimeScopesOnlyPresentationPendingWork]' passed (0.001 seconds).
Test Case '-[MyRAMTests.SyncConvergencePostCommitTests testNonthrowingQueueRemovalPreservesPriorInMemoryFailureSemantics]' started.
Test Case '-[MyRAMTests.SyncConvergencePostCommitTests testNonthrowingQueueRemovalPreservesPriorInMemoryFailureSemantics]' passed (0.003 seconds).
Test Case '-[MyRAMTests.SyncConvergencePostCommitTests testPostCommitPayloadAllowsMissingExpectedPreHashAndMissingFirstBaseHash]' started.
Test Case '-[MyRAMTests.SyncConvergencePostCommitTests testPostCommitPayloadAllowsMissingExpectedPreHashAndMissingFirstBaseHash]' passed (0.002 seconds).
Test Case '-[MyRAMTests.SyncConvergencePostCommitTests testPostCommitPayloadRejectsMalformedOperationIdentity]' started.
Test Case '-[MyRAMTests.SyncConvergencePostCommitTests testPostCommitPayloadRejectsMalformedOperationIdentity]' passed (0.001 seconds).
Test Case '-[MyRAMTests.SyncConvergencePostCommitTests testPostCommitPayloadRejectsMissingFirstBaseHashWhenExpectedPreHashExists]' started.
Test Case '-[MyRAMTests.SyncConvergencePostCommitTests testPostCommitPayloadRejectsMissingFirstBaseHashWhenExpectedPreHashExists]' passed (0.001 seconds).
Test Case '-[MyRAMTests.SyncConvergencePostCommitTests testPostCommitPayloadRejectsMissingIntermediateBaseHash]' started.
Test Case '-[MyRAMTests.SyncConvergencePostCommitTests testPostCommitPayloadRejectsMissingIntermediateBaseHash]' passed (0.002 seconds).
Test Case '-[MyRAMTests.SyncConvergencePostCommitTests testPostCommitPayloadRejectsOperationHashChainMismatch]' started.
Test Case '-[MyRAMTests.SyncConvergencePostCommitTests testPostCommitPayloadRejectsOperationHashChainMismatch]' passed (0.002 seconds).
Test Case '-[MyRAMTests.SyncConvergencePostCommitTests testPostCommitPayloadValidationMatrixRejectsContradictoryPresentationEntries]' started.
Test Case '-[MyRAMTests.SyncConvergencePostCommitTests testPostCommitPayloadValidationMatrixRejectsContradictoryPresentationEntries]' passed (0.021 seconds).
Test Case '-[MyRAMTests.SyncConvergencePostCommitTests testPrePayloadPendingRootFailsClosedBeforeAdapters]' started.
Test Case '-[MyRAMTests.SyncConvergencePostCommitTests testPrePayloadPendingRootFailsClosedBeforeAdapters]' passed (0.001 seconds).
Test Case '-[MyRAMTests.SyncConvergencePostCommitTests testPresentationRequestsUseAuthoritativeCommittedStateInDeterministicOrder]' started.
Test Case '-[MyRAMTests.SyncConvergencePostCommitTests testPresentationRequestsUseAuthoritativeCommittedStateInDeterministicOrder]' passed (0.004 seconds).
Test Case '-[MyRAMTests.SyncConvergencePostCommitTests testQueueFailureDoesNotBlockPresentationProgress]' started.
Test Case '-[MyRAMTests.SyncConvergencePostCommitTests testQueueFailureDoesNotBlockPresentationProgress]' passed (0.034 seconds).
Test Case '-[MyRAMTests.SyncConvergencePostCommitTests testRepresentativeWorkPayloadGoldenDigestPinsStableEncoding]' started.
Test Case '-[MyRAMTests.SyncConvergencePostCommitTests testRepresentativeWorkPayloadGoldenDigestPinsStableEncoding]' passed (0.002 seconds).
Test Case '-[MyRAMTests.SyncConvergencePostCommitTests testRuntimeRejectsAnchoredRemoteAndLocalSubmissionBeforePersistence]' started.
Test Case '-[MyRAMTests.SyncConvergencePostCommitTests testRuntimeRejectsAnchoredRemoteAndLocalSubmissionBeforePersistence]' passed (0.011 seconds).
Test Case '-[MyRAMTests.SyncConvergencePostCommitTests testSameExecutorInstanceSerializesOverlappingRuns]' started.
Test Case '-[MyRAMTests.SyncConvergencePostCommitTests testSameExecutorInstanceSerializesOverlappingRuns]' passed (0.055 seconds).
Test Case '-[MyRAMTests.SyncConvergencePostCommitTests testSwiftDataStoreReloadsAfterPartialAndFullClearWithRetainedWorkPayload]' started.
Test Case '-[MyRAMTests.SyncConvergencePostCommitTests testSwiftDataStoreReloadsAfterPartialAndFullClearWithRetainedWorkPayload]' passed (0.019 seconds).
Test Case '-[MyRAMTests.SyncConvergencePostCommitTests testThrowingQueueRemovalRemovesExactlyRequestedIDsAndPreservesOrder]' started.
Test Case '-[MyRAMTests.SyncConvergencePostCommitTests testThrowingQueueRemovalRemovesExactlyRequestedIDsAndPreservesOrder]' passed (0.004 seconds).
Test Case '-[MyRAMTests.SyncConvergencePostCommitTests testThrowingQueueRemovalRestoresExactQueueOnPersistenceFailure]' started.
Test Case '-[MyRAMTests.SyncConvergencePostCommitTests testThrowingQueueRemovalRestoresExactQueueOnPersistenceFailure]' passed (0.004 seconds).
Test Case '-[MyRAMTests.SyncConvergencePostCommitTests testTombstoneCleanupRemovesOnlyVerifiedSourceBatchID]' started.
Test Case '-[MyRAMTests.SyncConvergencePostCommitTests testTombstoneCleanupRemovesOnlyVerifiedSourceBatchID]' passed (0.001 seconds).
Test Case '-[MyRAMTests.SyncConvergencePostCommitTests testWorkPayloadAllowsClearedFlagsWithRetainedEvidence]' started.
Test Case '-[MyRAMTests.SyncConvergencePostCommitTests testWorkPayloadAllowsClearedFlagsWithRetainedEvidence]' passed (0.001 seconds).
Test Suite 'SyncConvergencePostCommitTests' passed at 2026-08-04 16:55:17.413.
	 Executed 75 tests, with 0 failures (0 unexpected) in 2.167 (2.208) seconds
Test Suite 'SyncConvergenceRewriteSafetyPolicyTests' started at 2026-08-04 16:55:17.413.
Test Case '-[MyRAMTests.SyncConvergenceRewriteSafetyPolicyTests testDuplicateDeleteIdentityIsRejected]' started.
Test Case '-[MyRAMTests.SyncConvergenceRewriteSafetyPolicyTests testDuplicateDeleteIdentityIsRejected]' passed (0.001 seconds).
Test Case '-[MyRAMTests.SyncConvergenceRewriteSafetyPolicyTests testEmptyEvidenceAndMismatchedExpectedTextCannotProveLoss]' started.
Test Case '-[MyRAMTests.SyncConvergenceRewriteSafetyPolicyTests testEmptyEvidenceAndMismatchedExpectedTextCannotProveLoss]' passed (0.001 seconds).
Test Case '-[MyRAMTests.SyncConvergenceRewriteSafetyPolicyTests testIdenticalNonEmptyBodyConsumesNoEvidence]' started.
Test Case '-[MyRAMTests.SyncConvergenceRewriteSafetyPolicyTests testIdenticalNonEmptyBodyConsumesNoEvidence]' passed (0.002 seconds).
Test Case '-[MyRAMTests.SyncConvergenceRewriteSafetyPolicyTests testMultiCharacterEvidenceCoversOnlyItsExactMultiset]' started.
Test Case '-[MyRAMTests.SyncConvergenceRewriteSafetyPolicyTests testMultiCharacterEvidenceCoversOnlyItsExactMultiset]' passed (0.010 seconds).
Test Case '-[MyRAMTests.SyncConvergenceRewriteSafetyPolicyTests testOffsetDriftDoesNotInvalidateExpectedTextProof]' started.
Test Case '-[MyRAMTests.SyncConvergenceRewriteSafetyPolicyTests testOffsetDriftDoesNotInvalidateExpectedTextProof]' passed (0.001 seconds).
Test Case '-[MyRAMTests.SyncConvergenceRewriteSafetyPolicyTests testOneProofCoversOnlyOneDuplicateOccurrence]' started.
Test Case '-[MyRAMTests.SyncConvergenceRewriteSafetyPolicyTests testOneProofCoversOnlyOneDuplicateOccurrence]' passed (0.001 seconds).
Test Case '-[MyRAMTests.SyncConvergenceRewriteSafetyPolicyTests testPreservationInsertionAndReorderAreSafe]' started.
Test Case '-[MyRAMTests.SyncConvergenceRewriteSafetyPolicyTests testPreservationInsertionAndReorderAreSafe]' passed (0.001 seconds).
Test Case '-[MyRAMTests.SyncConvergenceRewriteSafetyPolicyTests testReorderPlusExplicitDeleteIsSafe]' started.
Test Case '-[MyRAMTests.SyncConvergenceRewriteSafetyPolicyTests testReorderPlusExplicitDeleteIsSafe]' passed (0.001 seconds).
Test Case '-[MyRAMTests.SyncConvergenceRewriteSafetyPolicyTests testUnprovenDuplicateDropIsUnsafe]' started.
Test Case '-[MyRAMTests.SyncConvergenceRewriteSafetyPolicyTests testUnprovenDuplicateDropIsUnsafe]' passed (0.002 seconds).
Test Case '-[MyRAMTests.SyncConvergenceRewriteSafetyPolicyTests testWhitespaceAndUnicodeRequireExactUTF16Evidence]' started.
Test Case '-[MyRAMTests.SyncConvergenceRewriteSafetyPolicyTests testWhitespaceAndUnicodeRequireExactUTF16Evidence]' passed (0.001 seconds).
Test Case '-[MyRAMTests.SyncConvergenceRewriteSafetyPolicyTests testWhitespaceOmissionRequiresExplicitEvidence]' started.
Test Case '-[MyRAMTests.SyncConvergenceRewriteSafetyPolicyTests testWhitespaceOmissionRequiresExplicitEvidence]' passed (0.025 seconds).
Test Suite 'SyncConvergenceRewriteSafetyPolicyTests' passed at 2026-08-04 16:55:17.562.
	 Executed 11 tests, with 0 failures (0 unexpected) in 0.048 (0.149) seconds
Test Suite 'UIKitEditorSyncBridgeTests' started at 2026-08-04 16:55:17.562.
Test Case '-[MyRAMTests.UIKitEditorSyncBridgeTests testBridgeSuppressesDelegateBoundaryDuringRemoteApply]' started.
Test Case '-[MyRAMTests.UIKitEditorSyncBridgeTests testBridgeSuppressesDelegateBoundaryDuringRemoteApply]' passed (0.013 seconds).
Test Case '-[MyRAMTests.UIKitEditorSyncBridgeTests testDeletionBeforeSelectionMapsBackwardWithoutReload]' started.
Test Case '-[MyRAMTests.UIKitEditorSyncBridgeTests testDeletionBeforeSelectionMapsBackwardWithoutReload]' passed (0.006 seconds).
Test Case '-[MyRAMTests.UIKitEditorSyncBridgeTests testDeletionMismatchRequiresReloadWithoutMutating]' started.
Test Case '-[MyRAMTests.UIKitEditorSyncBridgeTests testDeletionMismatchRequiresReloadWithoutMutating]' passed (0.031 seconds).
Test Case '-[MyRAMTests.UIKitEditorSyncBridgeTests testEmptyMutationAuthoritativeBodyMismatchRequiresReload]' started.
Test Case '-[MyRAMTests.UIKitEditorSyncBridgeTests testEmptyMutationAuthoritativeBodyMismatchRequiresReload]' passed (0.004 seconds).
Test Case '-[MyRAMTests.UIKitEditorSyncBridgeTests testEmptyMutationBatchComparesAuthoritativeBodyOnce]' started.
Test Case '-[MyRAMTests.UIKitEditorSyncBridgeTests testEmptyMutationBatchComparesAuthoritativeBodyOnce]' passed (0.003 seconds).
Test Case '-[MyRAMTests.UIKitEditorSyncBridgeTests testLargeTopInsertionPreservesSelectionAndScroll]' started.
Test Case '-[MyRAMTests.UIKitEditorSyncBridgeTests testLargeTopInsertionPreservesSelectionAndScroll]' passed (0.017 seconds).
Test Case '-[MyRAMTests.UIKitEditorSyncBridgeTests testMarkedTextEndPublishesOnceWithoutContentChange]' started.
Test Case '-[MyRAMTests.UIKitEditorSyncBridgeTests testMarkedTextEndPublishesOnceWithoutContentChange]' passed (0.001 seconds).
Test Case '-[MyRAMTests.UIKitEditorSyncBridgeTests testNativeUndoCompletionClearsUnsafeStateBeforeResumingOnce]' started.
Test Case '-[MyRAMTests.UIKitEditorSyncBridgeTests testNativeUndoCompletionClearsUnsafeStateBeforeResumingOnce]' passed (0.001 seconds).
Test Case '-[MyRAMTests.UIKitEditorSyncBridgeTests testNonSelectedBatchIsIgnored]' started.
Test Case '-[MyRAMTests.UIKitEditorSyncBridgeTests testNonSelectedBatchIsIgnored]' passed (0.003 seconds).
Test Case '-[MyRAMTests.UIKitEditorSyncBridgeTests testPartialApplicationRequiresRecovery]' started.
Test Case '-[MyRAMTests.UIKitEditorSyncBridgeTests testPartialApplicationRequiresRecovery]' passed (0.003 seconds).
Test Case '-[MyRAMTests.UIKitEditorSyncBridgeTests testPostApplyAuthoritativeBodyMismatchSuppressesPublishAndClearsUndo]' started.
Test Case '-[MyRAMTests.UIKitEditorSyncBridgeTests testPostApplyAuthoritativeBodyMismatchSuppressesPublishAndClearsUndo]' passed (0.003 seconds).
Test Case '-[MyRAMTests.UIKitEditorSyncBridgeTests testSustainedRemoteTypingBatchPublishesOnce]' started.
Test Case '-[MyRAMTests.UIKitEditorSyncBridgeTests testSustainedRemoteTypingBatchPublishesOnce]' passed (0.005 seconds).
Test Case '-[MyRAMTests.UIKitEditorSyncBridgeTests testValidDeletionRequiresExactDeletedText]' started.
Test Case '-[MyRAMTests.UIKitEditorSyncBridgeTests testValidDeletionRequiresExactDeletedText]' passed (0.004 seconds).
Test Case '-[MyRAMTests.UIKitEditorSyncBridgeTests testValidInsertionMutatesTextStorageAndPublishesOnce]' started.
Test Case '-[MyRAMTests.UIKitEditorSyncBridgeTests testValidInsertionMutatesTextStorageAndPublishesOnce]' passed (0.034 seconds).
Test Suite 'UIKitEditorSyncBridgeTests' passed at 2026-08-04 16:55:17.790.
	 Executed 14 tests, with 0 failures (0 unexpected) in 0.127 (0.227) seconds
Test Suite 'MyRAMTests.xctest' failed at 2026-08-04 16:55:17.790.
	 Executed 1072 tests, with 1 failure (1 unexpected) in 43.847 (49.350) seconds
Test Suite 'All tests' failed at 2026-08-04 16:55:17.791.
	 Executed 1072 tests, with 1 failure (1 unexpected) in 43.847 (49.352) seconds
2026-08-04 16:55:46.106128+0000 MyRAMUITests-Runner[8684:31513] [Default] Running tests...
objc[8684]: Class UIAccessibilityLoaderWebShared is implemented in both /Library/Developer/CoreSimulator/Volumes/iOS_23F77/Library/Developer/CoreSimulator/Profiles/Runtimes/iOS 26.5.simruntime/Contents/Resources/RuntimeRoot/System/Library/AccessibilityBundles/WebCore.axbundle/WebCore (0x106e54310) and /Library/Developer/CoreSimulator/Volumes/iOS_23F77/Library/Developer/CoreSimulator/Profiles/Runtimes/iOS 26.5.simruntime/Contents/Resources/RuntimeRoot/System/Library/AccessibilityBundles/WebKit.axbundle/WebKit (0x106164398). This may cause spurious casting failures and mysterious crashes. One of the duplicates must be removed or renamed.
    t =      nans Interface orientation changed to Portrait
Test Suite 'All tests' started at 2026-08-04 16:55:54.013.
Test Suite 'MyRAMUITests.xctest' started at 2026-08-04 16:55:54.017.
Test Suite 'MarkdownPreviewUITests' started at 2026-08-04 16:55:54.018.
Test Case '-[MyRAMUITests.MarkdownPreviewUITests testDifferentNoteSelectionResetsToEditMode]' started.
    t =     0.00s Start Test at 2026-08-04 16:55:54.021
    t =     1.17s Set Up
    t =     1.17s Open com.northsignalstudio.myram.dev
    t =     1.18s     Launch com.northsignalstudio.myram.dev
2026-08-04 16:55:57.434 xcodebuild[2154:10282] [MT] IDELaunchParametersSnapshot: The operation couldn’t be completed. (DebuggerLLDB.DebuggerVersionStore.StoreError error 0.)
2026-08-04 16:55:57.434 xcodebuild[2154:10282] [MT] IDELaunchParametersSnapshot: no debugger version
    t =    43.93s         Setting up automation session
    t =    46.14s         Wait for com.northsignalstudio.myram.dev to idle
    t =    49.25s Waiting 2.0s for Button (First Match) to exist
    t =    50.28s     Checking `Expect predicate `existsNoRetry == 1` for object Button (First Match)`
    t =    50.28s         Checking existence of `Button (First Match)`
    t =    50.52s         Capturing element debug description
    t =    51.27s     Checking `Expect predicate `existsNoRetry == 1` for object Button (First Match)`
    t =    51.27s         Checking existence of `Button (First Match)`
    t =    51.35s         Capturing element debug description
    t =    51.35s     Checking existence of `Button (First Match)`
    t =    51.40s Collecting debug information to assist test failure triage
    t =    51.40s     Requesting snapshot of accessibility hierarchy for app with pid 9758
    t =    51.51s Waiting 2.0s for "notes-topbar-new-note" Button to exist
    t =    52.55s     Checking `Expect predicate `existsNoRetry == 1` for object "notes-topbar-new-note" Button`
    t =    52.55s         Checking existence of `"notes-topbar-new-note" Button`
    t =    52.61s Tap "notes-topbar-new-note" Button
    t =    52.61s     Wait for com.northsignalstudio.myram.dev to idle
    t =    52.61s     Find the "notes-topbar-new-note" Button
    t =    52.65s     Check for interrupting elements affecting "notes-topbar-new-note" Button
    t =    52.82s     Synthesize event
    t =    53.27s     Wait for com.northsignalstudio.myram.dev to idle
    t =    54.46s Waiting 8.0s for "edit-note-title" Button to exist
    t =    55.48s     Checking `Expect predicate `existsNoRetry == 1` for object "edit-note-title" Button`
    t =    55.49s         Checking existence of `"edit-note-title" Button`
    t =    55.79s Checking existence of `"keyboard-control-bar" Any`
    t =    55.87s Waiting 2.0s for "markdown-mode-picker" SegmentedControl to exist
    t =    56.92s     Checking `Expect predicate `existsNoRetry == 1` for object "markdown-mode-picker" SegmentedControl`
    t =    56.93s         Checking existence of `"markdown-mode-picker" SegmentedControl`
    t =    56.98s Waiting 2.0s for "Preview" Button to exist
    t =    58.01s     Checking `Expect predicate `existsNoRetry == 1` for object "Preview" Button`
    t =    58.02s         Checking existence of `"Preview" Button`
    t =    58.07s Tap "Preview" Button
    t =    58.07s     Wait for com.northsignalstudio.myram.dev to idle
    t =    58.07s     Find the "Preview" Button
    t =    58.13s     Check for interrupting elements affecting "markdown-preview-mode" Button
    t =    58.18s     Synthesize event
    t =    58.50s     Wait for com.northsignalstudio.myram.dev to idle
    t =    59.66s Waiting 8.0s for "markdown-preview-body" Any to exist
    t =    60.70s     Checking `Expect predicate `existsNoRetry == 1` for object "markdown-preview-body" Any`
    t =    60.70s         Checking existence of `"markdown-preview-body" Any`
    t =    60.78s Checking existence of `"markdown-preview-fallback" Any`
    t =    60.85s Waiting 2.0s for "topbar-new-note" Button to exist
    t =    61.89s     Checking `Expect predicate `existsNoRetry == 1` for object "topbar-new-note" Button`
    t =    61.89s         Checking existence of `"topbar-new-note" Button`
    t =    62.00s Find the "topbar-new-note" Button
    t =    62.07s Tap "topbar-new-note" Button
    t =    62.07s     Wait for com.northsignalstudio.myram.dev to idle
    t =    62.08s     Find the "topbar-new-note" Button
    t =    62.15s     Check for interrupting elements affecting "topbar-new-note" Button
    t =    62.21s     Synthesize event
    t =    62.55s     Wait for com.northsignalstudio.myram.dev to idle
    t =    63.02s Waiting 8.0s for "note-editor-body" Any to exist
    t =    64.02s     Checking `Expect predicate `existsNoRetry == 1` for object "note-editor-body" Any`
    t =    64.02s         Checking existence of `"note-editor-body" Any`
    t =    64.12s Tear Down
Test Case '-[MyRAMUITests.MarkdownPreviewUITests testDifferentNoteSelectionResetsToEditMode]' passed (67.297 seconds).
Test Case '-[MyRAMUITests.MarkdownPreviewUITests testEditIsDefaultModeOnNoteOpen]' started.
    t =     0.00s Start Test at 2026-08-04 16:57:01.319
    t =     0.08s Set Up
    t =     0.08s Open com.northsignalstudio.myram.dev
    t =     0.08s     Launch com.northsignalstudio.myram.dev
    t =     0.08s         Terminate com.northsignalstudio.myram.dev:9758
2026-08-04 16:57:02.422 xcodebuild[2154:10282] [MT] IDELaunchParametersSnapshot: The operation couldn’t be completed. (DebuggerLLDB.DebuggerVersionStore.StoreError error 0.)
2026-08-04 16:57:02.422 xcodebuild[2154:10282] [MT] IDELaunchParametersSnapshot: no debugger version
    t =     2.93s         Setting up automation session
    t =     4.00s         Wait for com.northsignalstudio.myram.dev to idle
    t =     5.95s Waiting 2.0s for Button (First Match) to exist
    t =     6.95s     Checking `Expect predicate `existsNoRetry == 1` for object Button (First Match)`
    t =     6.95s         Checking existence of `Button (First Match)`
    t =     7.04s         Capturing element debug description
    t =     7.96s     Checking `Expect predicate `existsNoRetry == 1` for object Button (First Match)`
    t =     7.96s         Checking existence of `Button (First Match)`
    t =     8.05s         Capturing element debug description
    t =     8.05s     Checking existence of `Button (First Match)`
    t =     8.10s Collecting debug information to assist test failure triage
    t =     8.10s     Requesting snapshot of accessibility hierarchy for app with pid 11316
    t =     8.14s Waiting 2.0s for "notes-topbar-new-note" Button to exist
    t =     9.18s     Checking `Expect predicate `existsNoRetry == 1` for object "notes-topbar-new-note" Button`
    t =     9.18s         Checking existence of `"notes-topbar-new-note" Button`
    t =     9.21s Tap "notes-topbar-new-note" Button
    t =     9.21s     Wait for com.northsignalstudio.myram.dev to idle
    t =     9.21s     Find the "notes-topbar-new-note" Button
    t =     9.23s     Check for interrupting elements affecting "notes-topbar-new-note" Button
    t =     9.25s     Synthesize event
    t =     9.55s     Wait for com.northsignalstudio.myram.dev to idle
    t =    10.15s Waiting 8.0s for "edit-note-title" Button to exist
    t =    11.19s     Checking `Expect predicate `existsNoRetry == 1` for object "edit-note-title" Button`
    t =    11.19s         Checking existence of `"edit-note-title" Button`
    t =    11.47s Checking existence of `"keyboard-control-bar" Any`
    t =    11.57s Waiting 8.0s for "note-editor-body" Any to exist
    t =    12.59s     Checking `Expect predicate `existsNoRetry == 1` for object "note-editor-body" Any`
    t =    12.60s         Checking existence of `"note-editor-body" Any`
    t =    12.66s Waiting 8.0s for "markdown-mode-picker" Any to exist
    t =    13.66s     Checking `Expect predicate `existsNoRetry == 1` for object "markdown-mode-picker" Any`
    t =    13.66s         Checking existence of `"markdown-mode-picker" Any`
    t =    13.74s Tear Down
Test Case '-[MyRAMUITests.MarkdownPreviewUITests testEditIsDefaultModeOnNoteOpen]' passed (16.228 seconds).
Test Case '-[MyRAMUITests.MarkdownPreviewUITests testEditorDismissesKeyboardAndDoesNotRegainFocusInPreview]' started.
    t =     0.00s Start Test at 2026-08-04 16:57:17.548
    t =     0.02s Set Up
    t =     0.03s Open com.northsignalstudio.myram.dev
    t =     0.03s     Launch com.northsignalstudio.myram.dev
    t =     0.03s         Terminate com.northsignalstudio.myram.dev:11316
2026-08-04 16:57:18.657 xcodebuild[2154:10282] [MT] IDELaunchParametersSnapshot: The operation couldn’t be completed. (DebuggerLLDB.DebuggerVersionStore.StoreError error 0.)
2026-08-04 16:57:18.657 xcodebuild[2154:10282] [MT] IDELaunchParametersSnapshot: no debugger version
    t =     2.16s         Setting up automation session
    t =     3.43s         Wait for com.northsignalstudio.myram.dev to idle
    t =     5.57s Waiting 2.0s for Button (First Match) to exist
    t =     6.59s     Checking `Expect predicate `existsNoRetry == 1` for object Button (First Match)`
    t =     6.59s         Checking existence of `Button (First Match)`
    t =     7.34s         Capturing element debug description
    t =     7.57s     Checking existence of `Button (First Match)`
    t =     7.65s Collecting debug information to assist test failure triage
    t =     7.65s     Requesting snapshot of accessibility hierarchy for app with pid 12229
    t =     7.70s Waiting 2.0s for "notes-topbar-new-note" Button to exist
    t =     8.70s     Checking `Expect predicate `existsNoRetry == 1` for object "notes-topbar-new-note" Button`
    t =     8.71s         Checking existence of `"notes-topbar-new-note" Button`
    t =     8.77s Tap "notes-topbar-new-note" Button
    t =     8.77s     Wait for com.northsignalstudio.myram.dev to idle
    t =     8.77s     Find the "notes-topbar-new-note" Button
    t =     8.83s     Check for interrupting elements affecting "notes-topbar-new-note" Button
    t =     8.89s     Synthesize event
    t =     9.23s     Wait for com.northsignalstudio.myram.dev to idle
    t =     9.89s Waiting 8.0s for "edit-note-title" Button to exist
    t =    10.90s     Checking `Expect predicate `existsNoRetry == 1` for object "edit-note-title" Button`
    t =    10.91s         Checking existence of `"edit-note-title" Button`
    t =    11.06s Checking existence of `"keyboard-control-bar" Any`
    t =    11.12s Waiting 8.0s for "note-editor-body" Any to exist
    t =    12.13s     Checking `Expect predicate `existsNoRetry == 1` for object "note-editor-body" Any`
    t =    12.13s         Checking existence of `"note-editor-body" Any`
    t =    12.20s Tap "note-editor-body" Any
    t =    12.20s     Wait for com.northsignalstudio.myram.dev to idle
    t =    12.21s     Find the "note-editor-body" Any
    t =    12.27s     Check for interrupting elements affecting "note-editor-body" TextView
    t =    12.34s     Synthesize event
    t =    12.65s     Wait for com.northsignalstudio.myram.dev to idle
    t =    14.54s Type 'Keyboard focus tes...' into "note-editor-body" TextView
    t =    14.54s     Wait for com.northsignalstudio.myram.dev to idle
    t =    14.85s     Find the "note-editor-body" TextView
    t =    15.16s     Check for interrupting elements affecting "note-editor-body" TextView
    t =    15.33s     Synthesize event
    t =    16.05s     Wait for com.northsignalstudio.myram.dev to idle
    t =    16.08s Waiting 2.0s for Keyboard (Descendants matching type Keyboard) to exist
    t =    17.11s     Checking `Expect predicate `existsNoRetry == 1` for object Keyboard (Descendants matching type Keyboard)`
    t =    17.11s         Checking existence of `Keyboard (Descendants matching type Keyboard)`
    t =    17.23s Waiting 2.0s for "markdown-mode-picker" SegmentedControl to exist
    t =    18.27s     Checking `Expect predicate `existsNoRetry == 1` for object "markdown-mode-picker" SegmentedControl`
    t =    18.27s         Checking existence of `"markdown-mode-picker" SegmentedControl`
    t =    19.54s         Capturing element debug description
    t =    19.55s     Checking existence of `"markdown-mode-picker" SegmentedControl`
    t =    24.10s Waiting 2.0s for "Preview" Button to exist
    t =    25.14s     Checking `Expect predicate `existsNoRetry == 1` for object "Preview" Button`
    t =    25.14s         Checking existence of `"Preview" Button`
    t =    26.40s         Capturing element debug description
    t =    26.40s     Checking existence of `"Preview" Button`
    t =    28.32s Tap "Preview" Button
    t =    28.32s     Wait for com.northsignalstudio.myram.dev to idle
    t =    28.37s     Find the "Preview" Button
    t =    32.71s     Check for interrupting elements affecting "markdown-preview-mode" Button
    t =    37.61s     Synthesize event
    t =    40.40s     Wait for com.northsignalstudio.myram.dev to idle
    t =    40.72s Waiting 8.0s for "markdown-preview-reminder" Any to exist
    t =    41.82s     Checking `Expect predicate `existsNoRetry == 1` for object "markdown-preview-reminder" Any`
    t =    41.82s         Checking existence of `"markdown-preview-reminder" Any`
    t =    48.99s         Capturing element debug description
    t =    49.06s     Checking existence of `"markdown-preview-reminder" Any`
    t =    55.45s Collecting debug information to assist test failure triage
    t =    55.46s     Requesting snapshot of accessibility hierarchy for app with pid 12229
/Users/runner/work/MyRAM-iOS/MyRAM-iOS/MyRAM-iOS/MyRAMUITests/MarkdownPreviewUITests.swift:81: error: -[MyRAMUITests.MarkdownPreviewUITests testEditorDismissesKeyboardAndDoesNotRegainFocusInPreview] : XCTAssertTrue failed - The shared iPhone Preview container must expose markdown-preview-reminder
    t =    56.68s Tear Down
Test Case '-[MyRAMUITests.MarkdownPreviewUITests testEditorDismissesKeyboardAndDoesNotRegainFocusInPreview]' failed (63.151 seconds).
Test Case '-[MyRAMUITests.MarkdownPreviewUITests testMixedNestedListRendersWithoutFallback]' started.
    t =     0.00s Start Test at 2026-08-04 16:58:20.702
    t =     0.17s Set Up
    t =     0.17s Open com.northsignalstudio.myram.dev
    t =     0.17s     Launch com.northsignalstudio.myram.dev
    t =     0.17s         Terminate com.northsignalstudio.myram.dev:12229
2026-08-04 16:58:24.502 xcodebuild[2154:10282] [MT] IDELaunchParametersSnapshot: The operation couldn’t be completed. (DebuggerLLDB.DebuggerVersionStore.StoreError error 0.)
2026-08-04 16:58:24.502 xcodebuild[2154:10282] [MT] IDELaunchParametersSnapshot: no debugger version
    t =    24.24s         Setting up automation session
    t =    38.24s         Wait for com.northsignalstudio.myram.dev to idle
    t =    40.56s Waiting 2.0s for Button (First Match) to exist
    t =    41.56s     Checking `Expect predicate `existsNoRetry == 1` for object Button (First Match)`
    t =    42.07s         Checking existence of `Button (First Match)`
    t =    42.85s         Capturing element debug description
    t =    42.85s     Checking existence of `Button (First Match)`
    t =    63.46s Collecting debug information to assist test failure triage
    t =    63.46s     Requesting snapshot of accessibility hierarchy for app with pid 13650
    t =    63.69s Waiting 2.0s for "notes-topbar-new-note" Button to exist
    t =    64.72s     Checking `Expect predicate `existsNoRetry == 1` for object "notes-topbar-new-note" Button`
    t =    64.72s         Checking existence of `"notes-topbar-new-note" Button`
    t =    64.88s Tap "notes-topbar-new-note" Button
    t =    64.88s     Wait for com.northsignalstudio.myram.dev to idle
    t =    64.88s     Find the "notes-topbar-new-note" Button
    t =    64.91s     Check for interrupting elements affecting "notes-topbar-new-note" Button
    t =    65.01s     Synthesize event
    t =    65.37s     Wait for com.northsignalstudio.myram.dev to idle
    t =    77.23s Waiting 8.0s for "edit-note-title" Button to exist
    t =    78.30s     Checking `Expect predicate `existsNoRetry == 1` for object "edit-note-title" Button`
    t =    78.30s         Checking existence of `"edit-note-title" Button`
    t =    78.57s Checking existence of `"keyboard-control-bar" Any`
    t =    78.64s Waiting 8.0s for "note-editor-body" Any to exist
    t =    79.71s     Checking `Expect predicate `existsNoRetry == 1` for object "note-editor-body" Any`
    t =    79.71s         Checking existence of `"note-editor-body" Any`
    t =    79.81s Tap "note-editor-body" Any
    t =    79.81s     Wait for com.northsignalstudio.myram.dev to idle
    t =    79.83s     Find the "note-editor-body" Any
    t =    80.00s     Check for interrupting elements affecting "note-editor-body" TextView
    t =    80.05s     Synthesize event
    t =    80.37s     Wait for com.northsignalstudio.myram.dev to idle
    t =    81.90s Waiting 8.0s for Keyboard (Descendants matching type Keyboard) to exist
    t =    82.97s     Checking `Expect predicate `existsNoRetry == 1` for object Keyboard (Descendants matching type Keyboard)`
    t =    82.97s         Checking existence of `Keyboard (Descendants matching type Keyboard)`
    t =    83.07s Type '1. Ordered parent
...' into "note-editor-body" TextView
    t =    83.07s     Wait for com.northsignalstudio.myram.dev to idle
    t =    83.08s     Find the "note-editor-body" TextView
    t =    83.19s     Check for interrupting elements affecting "note-editor-body" TextView
    t =    83.29s     Synthesize event
    t =    84.11s     Wait for com.northsignalstudio.myram.dev to idle
    t =    90.39s Waiting 2.0s for "markdown-mode-picker" SegmentedControl to exist
    t =    91.45s     Checking `Expect predicate `existsNoRetry == 1` for object "markdown-mode-picker" SegmentedControl`
    t =    91.45s         Checking existence of `"markdown-mode-picker" SegmentedControl`
    t =    91.78s Waiting 2.0s for "Preview" Button to exist
    t =    92.83s     Checking `Expect predicate `existsNoRetry == 1` for object "Preview" Button`
    t =    92.83s         Checking existence of `"Preview" Button`
    t =    92.90s Tap "Preview" Button
    t =    92.90s     Wait for com.northsignalstudio.myram.dev to idle
    t =    92.90s     Find the "Preview" Button
    t =    93.05s     Check for interrupting elements affecting "markdown-preview-mode" Button
    t =    93.17s     Synthesize event
    t =    93.49s     Wait for com.northsignalstudio.myram.dev to idle
    t =    95.11s Waiting 8.0s for "markdown-preview-body" Any to exist
    t =    96.18s     Checking `Expect predicate `existsNoRetry == 1` for object "markdown-preview-body" Any`
    t =    96.18s         Checking existence of `"markdown-preview-body" Any`
    t =    96.26s Checking existence of `"markdown-preview-fallback" Any`
    t =    96.31s Get number of matches for: Elements matching predicate '"markdown-preview-ordered-list-item" IN identifiers'
    t =    96.38s Get number of matches for: Elements matching predicate '"markdown-preview-unordered-list-item" IN identifiers'
    t =    96.44s Find the "markdown-preview-ordered-list-item" Any
    t =    96.52s Find the "markdown-preview-unordered-list-item" Any
    t =    96.61s Tear Down
Test Case '-[MyRAMUITests.MarkdownPreviewUITests testMixedNestedListRendersWithoutFallback]' passed (97.394 seconds).
Test Case '-[MyRAMUITests.MarkdownPreviewUITests testRapidPreviewToggleRemainsEdit]' started.
    t =     0.00s Start Test at 2026-08-04 16:59:58.098
    t =     0.09s Set Up
    t =     0.09s Open com.northsignalstudio.myram.dev
    t =     0.09s     Launch com.northsignalstudio.myram.dev
    t =     0.09s         Terminate com.northsignalstudio.myram.dev:13650
2026-08-04 16:59:59.444 xcodebuild[2154:10282] [MT] IDELaunchParametersSnapshot: The operation couldn’t be completed. (DebuggerLLDB.DebuggerVersionStore.StoreError error 0.)
2026-08-04 16:59:59.444 xcodebuild[2154:10282] [MT] IDELaunchParametersSnapshot: no debugger version
    t =     2.46s         Setting up automation session
    t =     5.80s         Wait for com.northsignalstudio.myram.dev to idle
    t =     8.54s Waiting 2.0s for Button (First Match) to exist
    t =     9.59s     Checking `Expect predicate `existsNoRetry == 1` for object Button (First Match)`
    t =     9.59s         Checking existence of `Button (First Match)`
    t =     9.69s         Capturing element debug description
    t =    10.54s     Checking `Expect predicate `existsNoRetry == 1` for object Button (First Match)`
    t =    10.55s         Checking existence of `Button (First Match)`
    t =    10.65s         Capturing element debug description
    t =    10.66s     Checking existence of `Button (First Match)`
    t =    10.73s Collecting debug information to assist test failure triage
    t =    10.73s     Requesting snapshot of accessibility hierarchy for app with pid 16050
    t =    10.79s Waiting 2.0s for "notes-topbar-new-note" Button to exist
    t =    11.84s     Checking `Expect predicate `existsNoRetry == 1` for object "notes-topbar-new-note" Button`
    t =    11.84s         Checking existence of `"notes-topbar-new-note" Button`
    t =    11.89s Tap "notes-topbar-new-note" Button
    t =    11.89s     Wait for com.northsignalstudio.myram.dev to idle
    t =    11.89s     Find the "notes-topbar-new-note" Button
    t =    11.92s     Check for interrupting elements affecting "notes-topbar-new-note" Button
    t =    11.95s     Synthesize event
    t =    12.30s     Wait for com.northsignalstudio.myram.dev to idle
    t =    13.03s Waiting 8.0s for "edit-note-title" Button to exist
    t =    14.07s     Checking `Expect predicate `existsNoRetry == 1` for object "edit-note-title" Button`
    t =    14.07s         Checking existence of `"edit-note-title" Button`
    t =    14.23s Checking existence of `"keyboard-control-bar" Any`
    t =    14.29s Waiting 8.0s for "markdown-mode-picker" SegmentedControl to exist
    t =    15.33s     Checking `Expect predicate `existsNoRetry == 1` for object "markdown-mode-picker" SegmentedControl`
    t =    15.33s         Checking existence of `"markdown-mode-picker" SegmentedControl`
    t =    15.42s Waiting 2.0s for "Preview" Button to exist
    t =    16.46s     Checking `Expect predicate `existsNoRetry == 1` for object "Preview" Button`
    t =    16.47s         Checking existence of `"Preview" Button`
    t =    16.68s Waiting 2.0s for "Edit" Button to exist
    t =    17.74s     Checking `Expect predicate `existsNoRetry == 1` for object "Edit" Button`
    t =    17.74s         Checking existence of `"Edit" Button`
    t =    17.84s Tap "Preview" Button
    t =    17.84s     Wait for com.northsignalstudio.myram.dev to idle
    t =    17.85s     Find the "Preview" Button
    t =    17.91s     Check for interrupting elements affecting "markdown-preview-mode" Button
    t =    17.97s     Synthesize event
    t =    18.34s     Wait for com.northsignalstudio.myram.dev to idle
    t =    19.41s Tap "Edit" Button
    t =    19.41s     Wait for com.northsignalstudio.myram.dev to idle
    t =    19.43s     Find the "Edit" Button
    t =    19.60s     Check for interrupting elements affecting "markdown-edit-mode" Button
    t =    19.65s     Synthesize event
    t =    19.99s     Wait for com.northsignalstudio.myram.dev to idle
    t =    21.00s Waiting 8.0s for "note-editor-body" Any to exist
    t =    22.04s     Checking `Expect predicate `existsNoRetry == 1` for object "note-editor-body" Any`
    t =    22.04s         Checking existence of `"note-editor-body" Any`
    t =    23.16s Checking existence of `"markdown-preview-body" Any`
    t =    23.22s Tear Down
Test Case '-[MyRAMUITests.MarkdownPreviewUITests testRapidPreviewToggleRemainsEdit]' passed (23.461 seconds).
Test Case '-[MyRAMUITests.MarkdownPreviewUITests testTopBarSearchCannotPresentDuringPreview]' started.
    t =     0.00s Start Test at 2026-08-04 17:00:21.559
    t =     0.04s Set Up
    t =     0.05s Open com.northsignalstudio.myram.dev
    t =     0.05s     Launch com.northsignalstudio.myram.dev
    t =     0.05s         Terminate com.northsignalstudio.myram.dev:16050
2026-08-04 17:00:22.862 xcodebuild[2154:10282] [MT] IDELaunchParametersSnapshot: The operation couldn’t be completed. (DebuggerLLDB.DebuggerVersionStore.StoreError error 0.)
2026-08-04 17:00:22.863 xcodebuild[2154:10282] [MT] IDELaunchParametersSnapshot: no debugger version
    t =     2.73s         Setting up automation session
    t =     4.50s         Wait for com.northsignalstudio.myram.dev to idle
    t =     6.35s Waiting 2.0s for Button (First Match) to exist
    t =     7.38s     Checking `Expect predicate `existsNoRetry == 1` for object Button (First Match)`
    t =     7.39s         Checking existence of `Button (First Match)`
    t =     7.65s         Capturing element debug description
    t =     8.36s     Checking `Expect predicate `existsNoRetry == 1` for object Button (First Match)`
    t =     8.36s         Checking existence of `Button (First Match)`
    t =     8.46s         Capturing element debug description
    t =     8.46s     Checking existence of `Button (First Match)`
    t =     8.53s Collecting debug information to assist test failure triage
    t =     8.53s     Requesting snapshot of accessibility hierarchy for app with pid 16832
    t =     8.59s Waiting 2.0s for "notes-topbar-new-note" Button to exist
    t =     9.60s     Checking `Expect predicate `existsNoRetry == 1` for object "notes-topbar-new-note" Button`
    t =     9.60s         Checking existence of `"notes-topbar-new-note" Button`
    t =     9.63s Tap "notes-topbar-new-note" Button
    t =     9.63s     Wait for com.northsignalstudio.myram.dev to idle
    t =     9.64s     Find the "notes-topbar-new-note" Button
    t =     9.71s     Check for interrupting elements affecting "notes-topbar-new-note" Button
    t =     9.77s     Synthesize event
    t =    10.12s     Wait for com.northsignalstudio.myram.dev to idle
    t =    10.73s Waiting 8.0s for "edit-note-title" Button to exist
    t =    11.79s     Checking `Expect predicate `existsNoRetry == 1` for object "edit-note-title" Button`
    t =    11.79s         Checking existence of `"edit-note-title" Button`
    t =    12.01s Checking existence of `"keyboard-control-bar" Any`
    t =    12.09s Waiting 8.0s for "note-editor-body" Any to exist
    t =    13.14s     Checking `Expect predicate `existsNoRetry == 1` for object "note-editor-body" Any`
    t =    13.14s         Checking existence of `"note-editor-body" Any`
    t =    13.24s Tap "note-editor-body" Any
    t =    13.24s     Wait for com.northsignalstudio.myram.dev to idle
    t =    13.26s     Find the "note-editor-body" Any
    t =    13.36s     Check for interrupting elements affecting "note-editor-body" TextView
    t =    13.45s     Synthesize event
    t =    13.77s     Wait for com.northsignalstudio.myram.dev to idle
    t =    14.57s Type 'Search test conten...' into "note-editor-body" TextView
    t =    14.57s     Wait for com.northsignalstudio.myram.dev to idle
    t =    14.95s     Find the "note-editor-body" TextView
    t =    15.09s     Check for interrupting elements affecting "note-editor-body" TextView
    t =    15.18s     Synthesize event
    t =    16.02s     Wait for com.northsignalstudio.myram.dev to idle
    t =    16.13s Waiting 2.0s for "topbar-search-note" Button to exist
    t =    17.17s     Checking `Expect predicate `existsNoRetry == 1` for object "topbar-search-note" Button`
    t =    17.17s         Checking existence of `"topbar-search-note" Button`
    t =    17.27s Find the "topbar-search-note" Button
    t =    17.39s Waiting 2.0s for "markdown-mode-picker" SegmentedControl to exist
    t =    18.44s     Checking `Expect predicate `existsNoRetry == 1` for object "markdown-mode-picker" SegmentedControl`
    t =    18.44s         Checking existence of `"markdown-mode-picker" SegmentedControl`
    t =    18.51s Waiting 2.0s for "Preview" Button to exist
    t =    19.52s     Checking `Expect predicate `existsNoRetry == 1` for object "Preview" Button`
    t =    19.52s         Checking existence of `"Preview" Button`
    t =    19.63s Tap "Preview" Button
    t =    19.63s     Wait for com.northsignalstudio.myram.dev to idle
    t =    19.64s     Find the "Preview" Button
    t =    19.72s     Check for interrupting elements affecting "markdown-preview-mode" Button
    t =    20.05s     Synthesize event
    t =    20.41s     Wait for com.northsignalstudio.myram.dev to idle
    t =    21.61s Waiting 2.0s for "topbar-search-note" Button to exist
    t =    22.66s     Checking `Expect predicate `existsNoRetry == 1` for object "topbar-search-note" Button`
    t =    22.66s         Checking existence of `"topbar-search-note" Button`
    t =    23.13s Find the "topbar-search-note" Button
    t =    23.24s Waiting 2.0s for "current-note-search-field" Any to exist
    t =    24.26s     Checking `Expect predicate `existsNoRetry == 1` for object "current-note-search-field" Any`
    t =    24.26s         Checking existence of `"current-note-search-field" Any`
    t =    24.34s         Capturing element debug description
    t =    25.25s     Checking `Expect predicate `existsNoRetry == 1` for object "current-note-search-field" Any`
    t =    25.25s         Checking existence of `"current-note-search-field" Any`
    t =    25.31s         Capturing element debug description
    t =    25.31s     Checking existence of `"current-note-search-field" Any`
    t =    25.37s Collecting debug information to assist test failure triage
    t =    25.37s     Requesting snapshot of accessibility hierarchy for app with pid 16832
    t =    25.53s Tear Down
Test Case '-[MyRAMUITests.MarkdownPreviewUITests testTopBarSearchCannotPresentDuringPreview]' passed (25.786 seconds).
Test Case '-[MyRAMUITests.MarkdownPreviewUITests testUnsavedMarkdownAppearsInPreview]' started.
    t =     0.00s Start Test at 2026-08-04 17:00:47.347
    t =     0.04s Set Up
    t =     0.04s Open com.northsignalstudio.myram.dev
    t =     0.04s     Launch com.northsignalstudio.myram.dev
    t =     0.04s         Terminate com.northsignalstudio.myram.dev:16832
2026-08-04 17:00:48.477 xcodebuild[2154:10282] [MT] IDELaunchParametersSnapshot: The operation couldn’t be completed. (DebuggerLLDB.DebuggerVersionStore.StoreError error 0.)
2026-08-04 17:00:48.477 xcodebuild[2154:10282] [MT] IDELaunchParametersSnapshot: no debugger version
    t =     1.75s         Setting up automation session
    t =     4.11s         Wait for com.northsignalstudio.myram.dev to idle
    t =     6.38s Waiting 2.0s for Button (First Match) to exist
    t =     7.40s     Checking `Expect predicate `existsNoRetry == 1` for object Button (First Match)`
    t =     7.40s         Checking existence of `Button (First Match)`
    t =     8.01s         Capturing element debug description
    t =     8.38s     Checking `Expect predicate `existsNoRetry == 1` for object Button (First Match)`
    t =     8.38s         Checking existence of `Button (First Match)`
    t =     8.47s         Capturing element debug description
    t =     8.48s     Checking existence of `Button (First Match)`
    t =     8.51s Collecting debug information to assist test failure triage
    t =     8.51s     Requesting snapshot of accessibility hierarchy for app with pid 18025
    t =     8.84s Waiting 2.0s for "notes-topbar-new-note" Button to exist
    t =     9.88s     Checking `Expect predicate `existsNoRetry == 1` for object "notes-topbar-new-note" Button`
    t =     9.88s         Checking existence of `"notes-topbar-new-note" Button`
    t =     9.94s Tap "notes-topbar-new-note" Button
    t =     9.94s     Wait for com.northsignalstudio.myram.dev to idle
    t =     9.95s     Find the "notes-topbar-new-note" Button
    t =     9.98s     Check for interrupting elements affecting "notes-topbar-new-note" Button
    t =    10.04s     Synthesize event
    t =    10.36s     Wait for com.northsignalstudio.myram.dev to idle
    t =    14.92s Waiting 8.0s for "edit-note-title" Button to exist
    t =    15.97s     Checking `Expect predicate `existsNoRetry == 1` for object "edit-note-title" Button`
    t =    15.97s         Checking existence of `"edit-note-title" Button`
    t =    16.52s Checking existence of `"keyboard-control-bar" Any`
    t =    16.62s Waiting 8.0s for "note-editor-body" Any to exist
    t =    17.63s     Checking `Expect predicate `existsNoRetry == 1` for object "note-editor-body" Any`
    t =    17.63s         Checking existence of `"note-editor-body" Any`
    t =    17.70s Tap "note-editor-body" Any
    t =    17.70s     Wait for com.northsignalstudio.myram.dev to idle
    t =    17.70s     Find the "note-editor-body" Any
    t =    17.78s     Check for interrupting elements affecting "note-editor-body" TextView
    t =    17.84s     Synthesize event
    t =    18.21s     Wait for com.northsignalstudio.myram.dev to idle
    t =    19.23s Waiting 8.0s for Keyboard (Descendants matching type Keyboard) to exist
    t =    20.29s     Checking `Expect predicate `existsNoRetry == 1` for object Keyboard (Descendants matching type Keyboard)`
    t =    20.29s         Checking existence of `Keyboard (Descendants matching type Keyboard)`
    t =    20.42s Type '# Header Title
1. ...' into "note-editor-body" TextView
    t =    20.43s     Wait for com.northsignalstudio.myram.dev to idle
    t =    20.43s     Find the "note-editor-body" TextView
    t =    20.59s     Check for interrupting elements affecting "note-editor-body" TextView
    t =    20.69s     Synthesize event
    t =    21.62s     Wait for com.northsignalstudio.myram.dev to idle
    t =    22.74s Waiting 2.0s for "markdown-mode-picker" SegmentedControl to exist
    t =    23.79s     Checking `Expect predicate `existsNoRetry == 1` for object "markdown-mode-picker" SegmentedControl`
    t =    23.79s         Checking existence of `"markdown-mode-picker" SegmentedControl`
    t =    24.30s Waiting 2.0s for "Preview" Button to exist
    t =    25.30s     Checking `Expect predicate `existsNoRetry == 1` for object "Preview" Button`
    t =    25.30s         Checking existence of `"Preview" Button`
    t =    25.69s Tap "Preview" Button
    t =    25.69s     Wait for com.northsignalstudio.myram.dev to idle
    t =    25.70s     Find the "Preview" Button
    t =    25.80s     Check for interrupting elements affecting "markdown-preview-mode" Button
    t =    25.87s     Synthesize event
    t =    26.20s     Wait for com.northsignalstudio.myram.dev to idle
    t =    27.31s Waiting 8.0s for "markdown-preview-body" Any to exist
    t =    28.36s     Checking `Expect predicate `existsNoRetry == 1` for object "markdown-preview-body" Any`
    t =    28.37s         Checking existence of `"markdown-preview-body" Any`
    t =    28.51s Checking existence of `"markdown-preview-fallback" Any`
    t =    28.62s Waiting 8.0s for "markdown-preview-heading" Any to exist
    t =    29.65s     Checking `Expect predicate `existsNoRetry == 1` for object "markdown-preview-heading" Any`
    t =    29.65s         Checking existence of `"markdown-preview-heading" Any`
    t =    29.76s Find the "markdown-preview-heading" Any
    t =    29.88s Get number of matches for: Elements matching predicate '"markdown-preview-ordered-list-item" IN identifiers'
    t =    29.98s Get all elements bound by index for: Elements matching predicate '"markdown-preview-ordered-list-item" IN identifiers'
    t =    30.07s Find the "markdown-preview-ordered-list-item" Any
    t =    30.17s Find the "markdown-preview-ordered-list-item" Any
    t =    30.27s Tear Down
Test Case '-[MyRAMUITests.MarkdownPreviewUITests testUnsavedMarkdownAppearsInPreview]' passed (30.520 seconds).
Test Suite 'MarkdownPreviewUITests' failed at 2026-08-04 17:01:17.867.
	 Executed 7 tests, with 1 failure (0 unexpected) in 323.837 (323.850) seconds
Test Suite 'MyRAMUITests' started at 2026-08-04 17:01:17.869.
Test Case '-[MyRAMUITests.MyRAMUITests testFolderTitleCanBeRenamedFromTopBar]' started.
    t =     0.00s Start Test at 2026-08-04 17:01:17.870
    t =     0.04s Set Up
    t =     0.04s Open com.northsignalstudio.myram.dev
    t =     0.04s     Launch com.northsignalstudio.myram.dev
    t =     0.04s         Terminate com.northsignalstudio.myram.dev:18025
2026-08-04 17:01:18.976 xcodebuild[2154:10282] [MT] IDELaunchParametersSnapshot: The operation couldn’t be completed. (DebuggerLLDB.DebuggerVersionStore.StoreError error 0.)
2026-08-04 17:01:18.976 xcodebuild[2154:10282] [MT] IDELaunchParametersSnapshot: no debugger version
    t =     5.48s         Setting up automation session
    t =     8.18s         Wait for com.northsignalstudio.myram.dev to idle
    t =    10.72s Waiting 2.0s for "notes-topbar-new-folder" Button to exist
    t =    11.73s     Checking `Expect predicate `existsNoRetry == 1` for object "notes-topbar-new-folder" Button`
    t =    11.73s         Checking existence of `"notes-topbar-new-folder" Button`
    t =    11.87s         Capturing element debug description
    t =    12.73s     Checking `Expect predicate `existsNoRetry == 1` for object "notes-topbar-new-folder" Button`
    t =    12.73s         Checking existence of `"notes-topbar-new-folder" Button`
    t =    12.76s         Capturing element debug description
    t =    12.77s     Checking existence of `"notes-topbar-new-folder" Button`
    t =    12.81s Collecting debug information to assist test failure triage
    t =    12.81s     Requesting snapshot of accessibility hierarchy for app with pid 18981
    t =    12.86s Waiting 5.0s for "notes-list-more" Button to exist
    t =    13.87s     Checking `Expect predicate `existsNoRetry == 1` for object "notes-list-more" Button`
    t =    13.87s         Checking existence of `"notes-list-more" Button`
    t =    13.91s Tap "notes-list-more" Button
    t =    13.91s     Wait for com.northsignalstudio.myram.dev to idle
    t =    13.92s     Find the "notes-list-more" Button
    t =    13.99s     Check for interrupting elements affecting "notes-list-more" Button
    t =    14.06s     Synthesize event
    t =    14.40s     Wait for com.northsignalstudio.myram.dev to idle
    t =    15.12s Waiting 5.0s for "New Folder" Button to exist
    t =    16.20s     Checking `Expect predicate `existsNoRetry == 1` for object "New Folder" Button`
    t =    16.20s         Checking existence of `"New Folder" Button`
    t =    16.32s Tap "New Folder" Button
    t =    16.32s     Wait for com.northsignalstudio.myram.dev to idle
    t =    16.34s     Find the "New Folder" Button
    t =    16.47s     Check for interrupting elements affecting "folder.badge.plus" Button
    t =    16.55s     Synthesize event
    t =    17.05s     Wait for com.northsignalstudio.myram.dev to idle
    t =    19.35s Waiting 5.0s for "New Folder" Alert to exist
    t =    20.40s     Checking `Expect predicate `existsNoRetry == 1` for object "New Folder" Alert`
    t =    20.40s         Checking existence of `"New Folder" Alert`
    t =    20.72s Checking existence of `"Folder Name" TextField`
    t =    20.80s Tap "Folder Name" TextField
    t =    20.80s     Wait for com.northsignalstudio.myram.dev to idle
    t =    20.82s     Find the "Folder Name" TextField
    t =    20.88s     Check for interrupting elements affecting "Folder Name" TextField
    t =    21.02s     Synthesize event
    t =    21.35s     Wait for com.northsignalstudio.myram.dev to idle
    t =    22.09s Type 'UITest Folder 1785...' into "Folder Name" TextField
    t =    22.09s     Wait for com.northsignalstudio.myram.dev to idle
    t =    22.09s     Find the "Folder Name" TextField
    t =    22.24s     Check for interrupting elements affecting "Folder Name" TextField
    t =    22.34s     Synthesize event
    t =    22.97s     Wait for com.northsignalstudio.myram.dev to idle
    t =    22.98s Tap "Create" Button
    t =    22.98s     Wait for com.northsignalstudio.myram.dev to idle
    t =    23.00s     Find the "Create" Button
    t =    23.17s     Check for interrupting elements affecting "Create" Button
    t =    23.31s     Synthesize event
    t =    23.66s     Wait for com.northsignalstudio.myram.dev to idle
    t =    24.22s Waiting 5.0s for "UITest Folder 1785862888" StaticText to exist
    t =    25.26s     Checking `Expect predicate `existsNoRetry == 1` for object "UITest Folder 1785862888" StaticText`
    t =    25.26s         Checking existence of `"UITest Folder 1785862888" StaticText`
    t =    25.36s Waiting 5.0s for "UITest Folder 1785862888" StaticText to exist
    t =    26.38s     Checking `Expect predicate `existsNoRetry == 1` for object "UITest Folder 1785862888" StaticText`
    t =    26.38s         Checking existence of `"UITest Folder 1785862888" StaticText`
    t =    26.44s Tap "UITest Folder 1785862888" StaticText
    t =    26.44s     Wait for com.northsignalstudio.myram.dev to idle
    t =    26.45s     Find the "UITest Folder 1785862888" StaticText
    t =    26.51s     Check for interrupting elements affecting "UITest Folder 1785862888" StaticText
    t =    26.76s     Synthesize event
    t =    27.09s     Wait for com.northsignalstudio.myram.dev to idle
    t =    27.09s Waiting 5.0s for "edit-folder-title" Button to exist
    t =    28.16s     Checking `Expect predicate `existsNoRetry == 1` for object "edit-folder-title" Button`
    t =    28.16s         Checking existence of `"edit-folder-title" Button`
    t =    28.21s Waiting 5.0s for "edit-folder-title" Button to exist
    t =    29.25s     Checking `Expect predicate `existsNoRetry == 1` for object "edit-folder-title" Button`
    t =    29.25s         Checking existence of `"edit-folder-title" Button`
    t =    29.31s Tap "edit-folder-title" Button
    t =    29.31s     Wait for com.northsignalstudio.myram.dev to idle
    t =    29.31s     Find the "edit-folder-title" Button
    t =    29.37s     Check for interrupting elements affecting "edit-folder-title" Button
    t =    29.41s     Synthesize event
    t =    29.75s     Wait for com.northsignalstudio.myram.dev to idle
    t =    30.11s Waiting 5.0s for "Rename Folder" Alert to exist
    t =    31.16s     Checking `Expect predicate `existsNoRetry == 1` for object "Rename Folder" Alert`
    t =    31.16s         Checking existence of `"Rename Folder" Alert`
    t =    31.32s Checking existence of `"Folder Name" TextField`
    t =    31.45s Tap "Folder Name" TextField
    t =    31.45s     Wait for com.northsignalstudio.myram.dev to idle
    t =    31.47s     Find the "Folder Name" TextField
    t =    31.61s     Check for interrupting elements affecting "Folder Name" TextField
    t =    31.76s     Synthesize event
    t =    32.10s     Wait for com.northsignalstudio.myram.dev to idle
    t =    32.88s Find the "Folder Name" TextField
    t =    33.07s Type '...' into "Folder Name" TextField
    t =    33.07s     Wait for com.northsignalstudio.myram.dev to idle
    t =    33.08s     Find the "Folder Name" TextField
    t =    33.20s     Check for interrupting elements affecting "Folder Name" TextField
    t =    33.32s     Synthesize event
    t =    33.96s     Wait for com.northsignalstudio.myram.dev to idle
    t =    35.03s Type 'UITest Folder 1785...' into "Folder Name" TextField
    t =    35.03s     Wait for com.northsignalstudio.myram.dev to idle
    t =    35.06s     Find the "Folder Name" TextField
    t =    35.25s     Check for interrupting elements affecting "Folder Name" TextField
    t =    35.51s     Synthesize event
    t =    36.38s     Wait for com.northsignalstudio.myram.dev to idle
    t =    36.39s Tap "Save" Button
    t =    36.39s     Wait for com.northsignalstudio.myram.dev to idle
    t =    36.40s     Find the "Save" Button
    t =    36.54s     Check for interrupting elements affecting "Save" Button
    t =    36.68s     Synthesize event
    t =    37.01s     Wait for com.northsignalstudio.myram.dev to idle
    t =    37.41s Waiting 5.0s for "edit-folder-title" Button to exist
    t =    38.47s     Checking `Expect predicate `existsNoRetry == 1` for object "edit-folder-title" Button`
    t =    38.47s         Checking existence of `"edit-folder-title" Button`
    t =    38.55s Tear Down
Test Case '-[MyRAMUITests.MyRAMUITests testFolderTitleCanBeRenamedFromTopBar]' passed (38.829 seconds).
Test Case '-[MyRAMUITests.MyRAMUITests testKeyboardControlsAreCollapsedByDefault]' started.
    t =     0.00s Start Test at 2026-08-04 17:01:56.699
    t =     0.04s Set Up
    t =     0.04s Open com.northsignalstudio.myram.dev
    t =     0.04s     Launch com.northsignalstudio.myram.dev
    t =     0.04s         Terminate com.northsignalstudio.myram.dev:18981
2026-08-04 17:01:57.844 xcodebuild[2154:10282] [MT] IDELaunchParametersSnapshot: The operation couldn’t be completed. (DebuggerLLDB.DebuggerVersionStore.StoreError error 0.)
2026-08-04 17:01:57.844 xcodebuild[2154:10282] [MT] IDELaunchParametersSnapshot: no debugger version
    t =     2.14s         Setting up automation session
    t =     4.41s         Wait for com.northsignalstudio.myram.dev to idle
    t =     6.72s Waiting 2.0s for "notes-topbar-new-note" Button to exist
    t =     7.76s     Checking `Expect predicate `existsNoRetry == 1` for object "notes-topbar-new-note" Button`
    t =     7.76s         Checking existence of `"notes-topbar-new-note" Button`
    t =     7.90s Tap "notes-topbar-new-note" Button
    t =     7.90s     Wait for com.northsignalstudio.myram.dev to idle
    t =     7.91s     Find the "notes-topbar-new-note" Button
    t =     7.96s     Check for interrupting elements affecting "notes-topbar-new-note" Button
    t =     8.01s     Synthesize event
    t =     8.36s     Wait for com.northsignalstudio.myram.dev to idle
    t =     9.06s Waiting 5.0s for "edit-note-title" Button to exist
    t =    10.12s     Checking `Expect predicate `existsNoRetry == 1` for object "edit-note-title" Button`
    t =    10.12s         Checking existence of `"edit-note-title" Button`
    t =    10.32s Checking existence of `"keyboard-control-bar" Any`
    t =    10.41s Waiting 5.0s for "keyboard-control-bar" Any to exist
    t =    11.43s     Checking `Expect predicate `existsNoRetry == 1` for object "keyboard-control-bar" Any`
    t =    11.43s         Checking existence of `"keyboard-control-bar" Any`
    t =    11.50s Checking existence of `"edit-note-title" Button`
    t =    11.66s Checking existence of `"format-bold-toggle" Any`
    t =    11.82s Checking existence of `"keyboard-control-overflow-panel" Any`
    t =    11.90s Tear Down
Test Case '-[MyRAMUITests.MyRAMUITests testKeyboardControlsAreCollapsedByDefault]' passed (12.242 seconds).
Test Case '-[MyRAMUITests.MyRAMUITests testKeyboardOverflowExpandsAndCollapsesFormattingControls]' started.
    t =     0.00s Start Test at 2026-08-04 17:02:08.942
    t =     0.08s Set Up
    t =     0.08s Open com.northsignalstudio.myram.dev
    t =     0.08s     Launch com.northsignalstudio.myram.dev
    t =     0.08s         Terminate com.northsignalstudio.myram.dev:20042
2026-08-04 17:02:10.075 xcodebuild[2154:10282] [MT] IDELaunchParametersSnapshot: The operation couldn’t be completed. (DebuggerLLDB.DebuggerVersionStore.StoreError error 0.)
2026-08-04 17:02:10.075 xcodebuild[2154:10282] [MT] IDELaunchParametersSnapshot: no debugger version
    t =     1.65s         Setting up automation session
    t =     4.20s         Wait for com.northsignalstudio.myram.dev to idle
    t =     6.13s Waiting 2.0s for "notes-topbar-new-note" Button to exist
    t =     7.14s     Checking `Expect predicate `existsNoRetry == 1` for object "notes-topbar-new-note" Button`
    t =     7.14s         Checking existence of `"notes-topbar-new-note" Button`
    t =     7.24s Tap "notes-topbar-new-note" Button
    t =     7.24s     Wait for com.northsignalstudio.myram.dev to idle
    t =     7.25s     Find the "notes-topbar-new-note" Button
    t =     7.32s     Check for interrupting elements affecting "notes-topbar-new-note" Button
    t =     7.36s     Synthesize event
    t =     7.68s     Wait for com.northsignalstudio.myram.dev to idle
    t =     8.60s Waiting 5.0s for "edit-note-title" Button to exist
    t =     9.61s     Checking `Expect predicate `existsNoRetry == 1` for object "edit-note-title" Button`
    t =     9.61s         Checking existence of `"edit-note-title" Button`
    t =     9.78s Checking existence of `"keyboard-control-bar" Any`
    t =     9.84s Waiting 5.0s for "keyboard-control-bar" Any to exist
    t =    10.86s     Checking `Expect predicate `existsNoRetry == 1` for object "keyboard-control-bar" Any`
    t =    10.86s         Checking existence of `"keyboard-control-bar" Any`
    t =    10.93s Waiting 2.0s for "keyboard-control-overflow-toggle" Any to exist
    t =    11.94s     Checking `Expect predicate `existsNoRetry == 1` for object "keyboard-control-overflow-toggle" Any`
    t =    11.94s         Checking existence of `"keyboard-control-overflow-toggle" Any`
    t =    12.02s Tap "keyboard-control-overflow-toggle" Any
    t =    12.02s     Wait for com.northsignalstudio.myram.dev to idle
    t =    12.02s     Find the "keyboard-control-overflow-toggle" Any
    t =    12.09s     Check for interrupting elements affecting "keyboard-control-overflow-toggle" Button
    t =    12.16s     Synthesize event
    t =    13.05s     Wait for com.northsignalstudio.myram.dev to idle
    t =    14.52s Waiting 5.0s for "keyboard-control-overflow-panel" Any to exist
    t =    15.54s     Checking `Expect predicate `existsNoRetry == 1` for object "keyboard-control-overflow-panel" Any`
    t =    15.54s         Checking existence of `"keyboard-control-overflow-panel" Any`
    t =    15.64s Checking existence of `"format-bold-toggle" Any`
    t =    15.71s Waiting 2.0s for "keyboard-control-overflow-toggle" Button to exist
    t =    16.73s     Checking `Expect predicate `existsNoRetry == 1` for object "keyboard-control-overflow-toggle" Button`
    t =    16.73s         Checking existence of `"keyboard-control-overflow-toggle" Button`
    t =    16.81s Tap "keyboard-control-overflow-toggle" Button
    t =    16.81s     Wait for com.northsignalstudio.myram.dev to idle
    t =    16.81s     Find the "keyboard-control-overflow-toggle" Button
    t =    16.91s     Check for interrupting elements affecting "keyboard-control-overflow-toggle" Button
    t =    16.99s     Synthesize event
    t =    17.29s     Wait for com.northsignalstudio.myram.dev to idle
    t =    17.30s Waiting 2.0s for "keyboard-control-overflow-panel" Any to exist
    t =    18.33s     Checking `Expect predicate `existsNoRetry == 1` for object "keyboard-control-overflow-panel" Any`
    t =    18.33s         Checking existence of `"keyboard-control-overflow-panel" Any`
    t =    18.42s         Capturing element debug description
    t =    19.31s     Checking `Expect predicate `existsNoRetry == 1` for object "keyboard-control-overflow-panel" Any`
    t =    19.31s         Checking existence of `"keyboard-control-overflow-panel" Any`
    t =    19.36s         Capturing element debug description
    t =    19.36s     Checking existence of `"keyboard-control-overflow-panel" Any`
    t =    19.42s Collecting debug information to assist test failure triage
    t =    19.42s     Requesting snapshot of accessibility hierarchy for app with pid 20582
    t =    20.04s Tear Down
Test Case '-[MyRAMUITests.MyRAMUITests testKeyboardOverflowExpandsAndCollapsesFormattingControls]' passed (20.278 seconds).
Test Case '-[MyRAMUITests.MyRAMUITests testNewNoteOpensWithoutAttachments]' started.
    t =     0.00s Start Test at 2026-08-04 17:02:29.220
    t =     0.04s Set Up
    t =     0.05s Open com.northsignalstudio.myram.dev
    t =     0.05s     Launch com.northsignalstudio.myram.dev
    t =     0.05s         Terminate com.northsignalstudio.myram.dev:20582
2026-08-04 17:02:30.329 xcodebuild[2154:10282] [MT] IDELaunchParametersSnapshot: The operation couldn’t be completed. (DebuggerLLDB.DebuggerVersionStore.StoreError error 0.)
2026-08-04 17:02:30.329 xcodebuild[2154:10282] [MT] IDELaunchParametersSnapshot: no debugger version
    t =     2.69s         Setting up automation session
    t =     5.75s         Wait for com.northsignalstudio.myram.dev to idle
    t =     8.34s Waiting 2.0s for "notes-topbar-new-note" Button to exist
    t =     9.41s     Checking `Expect predicate `existsNoRetry == 1` for object "notes-topbar-new-note" Button`
    t =     9.41s         Checking existence of `"notes-topbar-new-note" Button`
    t =     9.57s Tap "notes-topbar-new-note" Button
    t =     9.57s     Wait for com.northsignalstudio.myram.dev to idle
    t =     9.58s     Find the "notes-topbar-new-note" Button
    t =     9.64s     Check for interrupting elements affecting "notes-topbar-new-note" Button
    t =     9.68s     Synthesize event
    t =    10.00s     Wait for com.northsignalstudio.myram.dev to idle
    t =    10.86s Waiting 5.0s for "edit-note-title" Button to exist
    t =    11.88s     Checking `Expect predicate `existsNoRetry == 1` for object "edit-note-title" Button`
    t =    11.88s         Checking existence of `"edit-note-title" Button`
    t =    12.06s Checking existence of `"keyboard-control-bar" Any`
    t =    12.13s Waiting 5.0s for "edit-note-title" Button to exist
    t =    13.14s     Checking `Expect predicate `existsNoRetry == 1` for object "edit-note-title" Button`
    t =    13.14s         Checking existence of `"edit-note-title" Button`
    t =    13.20s Checking existence of `"Untitled" StaticText`
    t =    13.25s Checking existence of `"Attachments" StaticText`
    t =    13.30s Tear Down
Test Case '-[MyRAMUITests.MyRAMUITests testNewNoteOpensWithoutAttachments]' passed (13.553 seconds).
Test Case '-[MyRAMUITests.MyRAMUITests testNoteEditorTitlePopupAndRedoButtonAreAvailable]' started.
    t =     0.00s Start Test at 2026-08-04 17:02:42.775
    t =     0.04s Set Up
    t =     0.04s Open com.northsignalstudio.myram.dev
    t =     0.04s     Launch com.northsignalstudio.myram.dev
    t =     0.04s         Terminate com.northsignalstudio.myram.dev:21499
2026-08-04 17:02:43.855 xcodebuild[2154:10282] [MT] IDELaunchParametersSnapshot: The operation couldn’t be completed. (DebuggerLLDB.DebuggerVersionStore.StoreError error 0.)
2026-08-04 17:02:43.855 xcodebuild[2154:10282] [MT] IDELaunchParametersSnapshot: no debugger version
    t =     1.89s         Setting up automation session
    t =     4.29s         Wait for com.northsignalstudio.myram.dev to idle
    t =     6.69s Waiting 2.0s for "notes-topbar-new-note" Button to exist
    t =     7.71s     Checking `Expect predicate `existsNoRetry == 1` for object "notes-topbar-new-note" Button`
    t =     7.71s         Checking existence of `"notes-topbar-new-note" Button`
    t =     7.80s Tap "notes-topbar-new-note" Button
    t =     7.80s     Wait for com.northsignalstudio.myram.dev to idle
    t =     7.81s     Find the "notes-topbar-new-note" Button
    t =     7.85s     Check for interrupting elements affecting "notes-topbar-new-note" Button
    t =     7.88s     Synthesize event
    t =     8.18s     Wait for com.northsignalstudio.myram.dev to idle
    t =     8.98s Waiting 5.0s for "edit-note-title" Button to exist
    t =    10.05s     Checking `Expect predicate `existsNoRetry == 1` for object "edit-note-title" Button`
    t =    10.05s         Checking existence of `"edit-note-title" Button`
    t =    10.29s Checking existence of `"keyboard-control-bar" Any`
    t =    10.40s Waiting 5.0s for "edit-note-title" Button to exist
    t =    11.41s     Checking `Expect predicate `existsNoRetry == 1` for object "edit-note-title" Button`
    t =    11.41s         Checking existence of `"edit-note-title" Button`
    t =    11.51s Tap "edit-note-title" Button
    t =    11.51s     Wait for com.northsignalstudio.myram.dev to idle
    t =    11.51s     Find the "edit-note-title" Button
    t =    11.58s     Check for interrupting elements affecting "edit-note-title" Button
    t =    11.66s     Synthesize event
    t =    11.96s     Wait for com.northsignalstudio.myram.dev to idle
    t =    13.40s Waiting 5.0s for "Edit Title" Alert to exist
    t =    14.47s     Checking `Expect predicate `existsNoRetry == 1` for object "Edit Title" Alert`
    t =    14.48s         Checking existence of `"Edit Title" Alert`
    t =    14.77s Checking existence of `"Save" Button`
    t =    14.88s Tear Down
Test Case '-[MyRAMUITests.MyRAMUITests testNoteEditorTitlePopupAndRedoButtonAreAvailable]' passed (15.102 seconds).
Test Suite 'MyRAMUITests' passed at 2026-08-04 17:02:57.878.
	 Executed 5 tests, with 0 failures (0 unexpected) in 100.005 (100.009) seconds
Test Suite 'MyRAMUITestsLaunchTests' started at 2026-08-04 17:02:57.879.
Test Case '-[MyRAMUITests.MyRAMUITestsLaunchTests testLaunch]' started.
    t =     0.00s Start Test at 2026-08-04 17:02:57.881
    t =     0.04s Set Up
    t =     0.04s Open com.northsignalstudio.myram.dev
    t =     0.04s     Launch com.northsignalstudio.myram.dev
    t =     0.04s         Terminate com.northsignalstudio.myram.dev:21924
2026-08-04 17:02:59.005 xcodebuild[2154:10282] [MT] IDELaunchParametersSnapshot: The operation couldn’t be completed. (DebuggerLLDB.DebuggerVersionStore.StoreError error 0.)
2026-08-04 17:02:59.005 xcodebuild[2154:10282] [MT] IDELaunchParametersSnapshot: no debugger version
    t =     1.87s         Setting up automation session
    t =     4.47s         Wait for com.northsignalstudio.myram.dev to idle
    t =     7.24s Find the Target Application 'com.northsignalstudio.myram.dev'
    t =     7.60s Added attachment named 'Launch Screen'
    t =     7.60s Tear Down
Test Case '-[MyRAMUITests.MyRAMUITestsLaunchTests testLaunch]' passed (7.841 seconds).
Test Suite 'MyRAMUITestsLaunchTests' passed at 2026-08-04 17:03:05.721.
	 Executed 1 test, with 0 failures (0 unexpected) in 7.841 (7.842) seconds
Test Suite 'MyRAMUITests.xctest' failed at 2026-08-04 17:03:05.721.
	 Executed 13 tests, with 1 failure (0 unexpected) in 431.682 (431.704) seconds
Test Suite 'All tests' failed at 2026-08-04 17:03:05.722.
	 Executed 13 tests, with 1 failure (0 unexpected) in 431.682 (431.708) seconds
2026-08-04 17:04:02.820 xcodebuild[2154:10282] [MT] IDETestOperationsObserverDebug: 778.278 elapsed -- Testing started completed.
2026-08-04 17:04:02.826 xcodebuild[2154:10282] [MT] IDETestOperationsObserverDebug: 0.000 sec, +0.000 sec -- start
2026-08-04 17:04:02.826 xcodebuild[2154:10282] [MT] IDETestOperationsObserverDebug: 778.278 sec, +778.278 sec -- end

Test session results, code coverage, and logs:
	/tmp/MYR175-Clean-iOS.xcresult

Failing tests:
	SwiftDataNoteSequenceStateStoreTests.testSemanticRunAndFragmentOrderAreRejectedWithoutNormalization()
	MarkdownPreviewUITests.testEditorDismissesKeyboardAndDoesNotRegainFocusInPreview()

** TEST FAILED **

Testing started
